{
	"credit": "Made with Blockbench",
	"texture_size": [32, 32],
	"textures": {
		"1": "item/custom/models/chefs_hat",
		"particle": "item/custom/models/chefs_hat"
	},
	"elements": [
		{
			"from": [4, 0, 4],
			"to": [12, 3, 12],
			"rotation": {"angle": 0, "axis": "y", "origin": [7, 0, 7]},
			"faces": {
				"north": {"uv": [9, 6, 13, 7.5], "texture": "#1"},
				"east": {"uv": [0, 10, 4, 11.5], "texture": "#1"},
				"south": {"uv": [4, 10, 8, 11.5], "texture": "#1"},
				"west": {"uv": [10, 7.5, 14, 9], "texture": "#1"},
				"up": {"uv": [9, 4, 5, 0], "texture": "#1"},
				"down": {"uv": [9, 4, 5, 8], "texture": "#1"}
			}
		},
		{
			"from": [3, 1, 4],
			"to": [13, 5, 14],
			"rotation": {"angle": 22.5, "axis": "x", "origin": [8.5, 4, 8.5]},
			"faces": {
				"north": {"uv": [5, 8, 10, 10], "texture": "#1"},
				"east": {"uv": [9, 0, 14, 2], "texture": "#1"},
				"south": {"uv": [9, 2, 14, 4], "texture": "#1"},
				"west": {"uv": [9, 4, 14, 6], "texture": "#1"},
				"up": {"uv": [5, 5, 0, 0], "texture": "#1"},
				"down": {"uv": [5, 5, 0, 10], "texture": "#1"}
			}
		}
	],
	"display": {
		"head": {
			"translation": [0, 18.25, 0],
			"scale": [1.7, 1.7, 1.7]
		}
	}
}