{
	"credit": "Made with Blockbench",
	"texture_size": [64, 64],
	"textures": {
		"1": "item/custom/models/hullbreaker"
	},
	"elements": [
		{
			"from": [22.25, 2, 6.4],
			"to": [27.75, 4, 9.6],
			"rotation": {"angle": 0, "axis": "y", "origin": [4.5, 0, 7.5]},
			"faces": {
				"north": {"uv": [1, 9.75, 2.375, 10.25], "texture": "#1"},
				"east": {"uv": [1.75, 8.5, 2.5, 9], "texture": "#1"},
				"south": {"uv": [2.5, 9.75, 3.875, 10.25], "texture": "#1"},
				"west": {"uv": [10.25, 1.25, 11, 1.75], "texture": "#1"},
				"up": {"uv": [3.125, 9.75, 1.75, 9], "texture": "#1"},
				"down": {"uv": [4.625, 9, 3.25, 9.75], "texture": "#1"}
			}
		},
		{
			"from": [22.25, 1, 6.4],
			"to": [27.75, 2, 6.4],
			"rotation": {"angle": 0, "axis": "y", "origin": [4.5, 0, 7.5]},
			"faces": {
				"north": {"uv": [6.5, 10.25, 7.875, 10.5], "texture": "#1"},
				"east": {"uv": [0, 0, 0, 0.25], "texture": "#1"},
				"south": {"uv": [8, 10.25, 9.375, 10.5], "texture": "#1"},
				"west": {"uv": [0, 0, 0, 0.25], "texture": "#1"},
				"up": {"uv": [1.375, 0, 0, 0], "texture": "#1"},
				"down": {"uv": [1.375, 0, 0, 0], "texture": "#1"}
			}
		},
		{
			"from": [22.25, 1, 9.599],
			"to": [27.75, 2, 9.599],
			"rotation": {"angle": 0, "axis": "y", "origin": [4.5, 0, 10.699]},
			"faces": {
				"north": {"uv": [9.5, 10.25, 10.875, 10.5], "texture": "#1"},
				"east": {"uv": [0, 0, 0, 0.25], "texture": "#1"},
				"south": {"uv": [2.75, 10.5, 4.125, 10.75], "texture": "#1"},
				"west": {"uv": [0, 0, 0, 0.25], "texture": "#1"},
				"up": {"uv": [1.375, 0, 0, 0], "texture": "#1"},
				"down": {"uv": [1.375, 0, 0, 0], "texture": "#1"}
			}
		},
		{
			"from": [27.749, -1, 6.4],
			"to": [27.749, 2, 9.6],
			"rotation": {"angle": 0, "axis": "y", "origin": [4.499, 0, 7.4]},
			"faces": {
				"north": {"uv": [0, 0, 0, 0.75], "texture": "#1"},
				"east": {"uv": [5.75, 10, 6.5, 10.75], "texture": "#1"},
				"south": {"uv": [0, 0, 0, 0.75], "texture": "#1"},
				"west": {"uv": [10, 5.75, 10.75, 6.5], "texture": "#1"},
				"up": {"uv": [0, 0.75, 0, 0], "texture": "#1"},
				"down": {"uv": [0, 0, 0, 0.75], "texture": "#1"}
			}
		},
		{
			"from": [21.75, -2, 6.5],
			"to": [28.25, -1, 9.5],
			"rotation": {"angle": -45, "axis": "z", "origin": [25, -0.75, 8]},
			"faces": {
				"north": {"uv": [10, 7.25, 11.625, 7.5], "texture": "#1"},
				"east": {"uv": [9.25, 5.25, 10, 5.5], "texture": "#1"},
				"south": {"uv": [10.25, 1, 11.875, 1.25], "texture": "#1"},
				"west": {"uv": [1, 9.5, 1.75, 9.75], "texture": "#1"},
				"up": {"uv": [10.125, 1.75, 8.5, 1], "texture": "#1"},
				"down": {"uv": [10.125, 1.75, 8.5, 2.5], "texture": "#1"}
			}
		},
		{
			"from": [21.75, -1, 6.5],
			"to": [28.25, 1, 6.5],
			"rotation": {"angle": -45, "axis": "z", "origin": [25, -0.75, 8]},
			"faces": {
				"north": {"uv": [9.25, 4.75, 10.875, 5.25], "texture": "#1"},
				"east": {"uv": [0, 0, 0, 0.5], "texture": "#1"},
				"south": {"uv": [9.5, 7.5, 11.125, 8], "texture": "#1"},
				"west": {"uv": [0, 0, 0, 0.5], "texture": "#1"},
				"up": {"uv": [1.625, 0, 0, 0], "texture": "#1"},
				"down": {"uv": [1.625, 0, 0, 0], "texture": "#1"}
			}
		},
		{
			"from": [21.75, -1, 9.5],
			"to": [28.25, 1, 9.5],
			"rotation": {"angle": -45, "axis": "z", "origin": [25, -0.75, 8]},
			"faces": {
				"north": {"uv": [9.5, 8, 11.125, 8.5], "texture": "#1"},
				"east": {"uv": [0, 0, 0, 0.5], "texture": "#1"},
				"south": {"uv": [9.5, 8.5, 11.125, 9], "texture": "#1"},
				"west": {"uv": [0, 0, 0, 0.5], "texture": "#1"},
				"up": {"uv": [1.625, 0, 0, 0], "texture": "#1"},
				"down": {"uv": [1.625, 0, 0, 0], "texture": "#1"}
			}
		},
		{
			"from": [29.07772, -4.00071, 6.5],
			"to": [31.07772, -4.00071, 9.5],
			"rotation": {"angle": -45, "axis": "z", "origin": [27.82772, -0.75071, 8]},
			"faces": {
				"north": {"uv": [0, 0, 0.5, 0], "texture": "#1"},
				"east": {"uv": [0, 0, 0.75, 0], "texture": "#1"},
				"south": {"uv": [0, 0, 0.5, 0], "texture": "#1"},
				"west": {"uv": [0, 0, 0.75, 0], "texture": "#1"},
				"up": {"uv": [10.75, 2.5, 10.25, 1.75], "texture": "#1"},
				"down": {"uv": [2.75, 10.25, 2.25, 11], "texture": "#1"}
			}
		},
		{
			"from": [29.07772, -4.00071, 6.5],
			"to": [31.07772, -3.00071, 6.5],
			"rotation": {"angle": -45, "axis": "z", "origin": [27.82772, -0.75071, 8]},
			"faces": {
				"north": {"uv": [9.5, 9, 10, 9.25], "texture": "#1"},
				"east": {"uv": [0, 0, 0, 0.25], "texture": "#1"},
				"south": {"uv": [4, 9.75, 4.5, 10], "texture": "#1"},
				"west": {"uv": [0, 0, 0, 0.25], "texture": "#1"},
				"up": {"uv": [0.5, 0, 0, 0], "texture": "#1"},
				"down": {"uv": [0.5, 0, 0, 0], "texture": "#1"}
			}
		},
		{
			"from": [29.07772, -4.00071, 9.5],
			"to": [31.07772, -3.00071, 9.5],
			"rotation": {"angle": -45, "axis": "z", "origin": [27.82772, -0.75071, 8]},
			"faces": {
				"north": {"uv": [10.75, 2.25, 11.25, 2.5], "texture": "#1"},
				"east": {"uv": [0, 0, 0, 0.25], "texture": "#1"},
				"south": {"uv": [10.75, 6.25, 11.25, 6.5], "texture": "#1"},
				"west": {"uv": [0, 0, 0, 0.25], "texture": "#1"},
				"up": {"uv": [0.5, 0, 0, 0], "texture": "#1"},
				"down": {"uv": [0.5, 0, 0, 0], "texture": "#1"}
			}
		},
		{
			"from": [13.75, 0, 6],
			"to": [22.25, 6, 10],
			"rotation": {"angle": 0, "axis": "y", "origin": [4.5, 0, 7.5]},
			"faces": {
				"north": {"uv": [6, 2.5, 8.125, 4], "texture": "#1"},
				"east": {"uv": [8.25, 2.5, 9.25, 4], "texture": "#1"},
				"south": {"uv": [6, 4, 8.125, 5.5], "texture": "#1"},
				"west": {"uv": [8.25, 4, 9.25, 5.5], "texture": "#1"},
				"up": {"uv": [9.875, 6.5, 7.75, 5.5], "texture": "#1"},
				"down": {"uv": [9.875, 6.5, 7.75, 7.5], "texture": "#1"}
			}
		},
		{
			"from": [19.5, -5, 9.25],
			"to": [20, 0.5, 9.75],
			"rotation": {"angle": -22.5, "axis": "z", "origin": [20.5, -2.25, 9.5]},
			"faces": {
				"north": {"uv": [8, 10.5, 8.125, 11.875], "texture": "#1"},
				"east": {"uv": [8.25, 10.5, 8.375, 11.875], "texture": "#1"},
				"south": {"uv": [8.5, 10.5, 8.625, 11.875], "texture": "#1"},
				"west": {"uv": [8.75, 10.5, 8.875, 11.875], "texture": "#1"},
				"up": {"uv": [11.125, 1.625, 11, 1.5], "texture": "#1"},
				"down": {"uv": [2.375, 11, 2.25, 11.125], "texture": "#1"}
			}
		},
		{
			"from": [21.34444, -11.69768, 9.25],
			"to": [21.84444, -6.19768, 9.75],
			"rotation": {"angle": -45, "axis": "z", "origin": [22.34444, -1.94768, 9.5]},
			"faces": {
				"north": {"uv": [9, 10.5, 9.125, 11.875], "texture": "#1"},
				"east": {"uv": [9.25, 10.5, 9.375, 11.875], "texture": "#1"},
				"south": {"uv": [9.5, 10.5, 9.625, 11.875], "texture": "#1"},
				"west": {"uv": [9.75, 10.5, 9.875, 11.875], "texture": "#1"},
				"up": {"uv": [2.625, 11.125, 2.5, 11], "texture": "#1"},
				"down": {"uv": [11.125, 2.5, 11, 2.625], "texture": "#1"}
			}
		},
		{
			"from": [19.5, -5, 6.25],
			"to": [20, 0.5, 6.75],
			"rotation": {"angle": -22.5, "axis": "z", "origin": [20.5, -2.25, 6.5]},
			"faces": {
				"north": {"uv": [10, 10.5, 10.125, 11.875], "texture": "#1"},
				"east": {"uv": [10.25, 10.5, 10.375, 11.875], "texture": "#1"},
				"south": {"uv": [10.5, 10.5, 10.625, 11.875], "texture": "#1"},
				"west": {"uv": [1, 10.75, 1.125, 12.125], "texture": "#1"},
				"up": {"uv": [11.125, 2.875, 11, 2.75], "texture": "#1"},
				"down": {"uv": [11.125, 3, 11, 3.125], "texture": "#1"}
			}
		},
		{
			"from": [21.34444, -11.69768, 6.25],
			"to": [21.84444, -6.19768, 6.75],
			"rotation": {"angle": -45, "axis": "z", "origin": [22.34444, -1.94768, 6.5]},
			"faces": {
				"north": {"uv": [1.25, 10.75, 1.375, 12.125], "texture": "#1"},
				"east": {"uv": [1.5, 10.75, 1.625, 12.125], "texture": "#1"},
				"south": {"uv": [1.75, 10.75, 1.875, 12.125], "texture": "#1"},
				"west": {"uv": [2, 10.75, 2.125, 12.125], "texture": "#1"},
				"up": {"uv": [11.125, 3.375, 11, 3.25], "texture": "#1"},
				"down": {"uv": [11.125, 3.5, 11, 3.625], "texture": "#1"}
			}
		},
		{
			"from": [21.09444, -12.19768, 6],
			"to": [22.09444, -11.19768, 7],
			"rotation": {"angle": -45, "axis": "z", "origin": [22.34444, -1.94768, 6.5]},
			"faces": {
				"north": {"uv": [4.5, 9.75, 4.75, 10], "texture": "#1"},
				"east": {"uv": [10.75, 7, 11, 7.25], "texture": "#1"},
				"south": {"uv": [10.75, 9, 11, 9.25], "texture": "#1"},
				"west": {"uv": [10.75, 9.25, 11, 9.5], "texture": "#1"},
				"up": {"uv": [11, 9.75, 10.75, 9.5], "texture": "#1"},
				"down": {"uv": [11, 10.5, 10.75, 10.75], "texture": "#1"}
			}
		},
		{
			"from": [21.09444, -12.19768, 9],
			"to": [22.09444, -11.19768, 10],
			"rotation": {"angle": -45, "axis": "z", "origin": [22.34444, -1.94768, 7]},
			"faces": {
				"north": {"uv": [10.75, 10.75, 11, 11], "texture": "#1"},
				"east": {"uv": [0, 11, 0.25, 11.25], "texture": "#1"},
				"south": {"uv": [0.25, 11, 0.5, 11.25], "texture": "#1"},
				"west": {"uv": [0.5, 11, 0.75, 11.25], "texture": "#1"},
				"up": {"uv": [1, 11.25, 0.75, 11], "texture": "#1"},
				"down": {"uv": [11.25, 1.25, 11, 1.5], "texture": "#1"}
			}
		},
		{
			"from": [13.25, 4, 8],
			"to": [22.75, 14, 8],
			"rotation": {"angle": 0, "axis": "y", "origin": [-9, 0, 5.5]},
			"faces": {
				"north": {"uv": [0, 6, 2.375, 8.5], "texture": "#1"},
				"east": {"uv": [0, 0, 0, 2.5], "texture": "#1"},
				"south": {"uv": [6, 0, 8.375, 2.5], "texture": "#1"},
				"west": {"uv": [0, 0, 0, 2.5], "texture": "#1"},
				"up": {"uv": [2.375, 0, 0, 0], "texture": "#1"},
				"down": {"uv": [2.375, 0, 0, 0], "texture": "#1"}
			}
		},
		{
			"from": [11.7019, 0, 6.94454],
			"to": [18.2019, 5.5, 6.94454],
			"rotation": {"angle": -45, "axis": "y", "origin": [19.9519, 9.75, 7.94454]},
			"faces": {
				"north": {"uv": [2.5, 6, 4.125, 7.375], "texture": "#1"},
				"east": {"uv": [0, 0, 0, 1.375], "texture": "#1"},
				"south": {"uv": [6, 5.5, 7.625, 6.875], "texture": "#1"},
				"west": {"uv": [0, 0, 0, 1.375], "texture": "#1"},
				"up": {"uv": [1.625, 0, 0, 0], "texture": "#1"},
				"down": {"uv": [1.625, 0, 0, 0], "texture": "#1"}
			}
		},
		{
			"from": [11.7019, 0, 9.05546],
			"to": [18.2019, 5.5, 9.05546],
			"rotation": {"angle": 45, "axis": "y", "origin": [19.9519, 9.75, 8.05546]},
			"faces": {
				"north": {"uv": [6, 7, 7.625, 8.375], "texture": "#1"},
				"east": {"uv": [0, 0, 0, 1.375], "texture": "#1"},
				"south": {"uv": [2.5, 7.5, 4.125, 8.875], "texture": "#1"},
				"west": {"uv": [0, 0, 0, 1.375], "texture": "#1"},
				"up": {"uv": [1.625, 0, 0, 0], "texture": "#1"},
				"down": {"uv": [1.625, 0, 0, 0], "texture": "#1"}
			}
		},
		{
			"from": [7.25, -3.5, 8],
			"to": [13.75, 12, 8],
			"rotation": {"angle": 0, "axis": "y", "origin": [-8.5, 0, 5.5]},
			"faces": {
				"north": {"uv": [4.25, 0, 5.875, 3.875], "texture": "#1"},
				"east": {"uv": [0, 0, 0, 3.875], "texture": "#1"},
				"south": {"uv": [4.25, 4, 5.875, 7.875], "texture": "#1"},
				"west": {"uv": [0, 0, 0, 3.875], "texture": "#1"},
				"up": {"uv": [1.625, 0, 0, 0], "texture": "#1"},
				"down": {"uv": [1.625, 0, 0, 0], "texture": "#1"}
			}
		},
		{
			"from": [-9.25, -3.5, 8],
			"to": [7.25, 8, 8],
			"rotation": {"angle": 0, "axis": "y", "origin": [-8.5, 0, 5.5]},
			"faces": {
				"north": {"uv": [0, 0, 4.125, 2.875], "texture": "#1"},
				"east": {"uv": [0, 0, 0, 2.875], "texture": "#1"},
				"south": {"uv": [0, 3, 4.125, 5.875], "texture": "#1"},
				"west": {"uv": [0, 0, 0, 2.875], "texture": "#1"},
				"up": {"uv": [4.125, 0, 0, 0], "texture": "#1"},
				"down": {"uv": [4.125, 0, 0, 0], "texture": "#1"}
			}
		},
		{
			"from": [7.25, 0, 6.25],
			"to": [13.75, 4, 9.75],
			"rotation": {"angle": 0, "axis": "y", "origin": [13.75, 0, 7.25]},
			"faces": {
				"north": {"uv": [7.75, 7.5, 9.375, 8.5], "texture": "#1"},
				"east": {"uv": [9, 9.25, 9.875, 10.25], "texture": "#1"},
				"south": {"uv": [4.25, 8, 5.875, 9], "texture": "#1"},
				"west": {"uv": [0, 9.5, 0.875, 10.5], "texture": "#1"},
				"up": {"uv": [1.625, 9.375, 0, 8.5], "texture": "#1"},
				"down": {"uv": [10.125, 0, 8.5, 0.875], "texture": "#1"}
			}
		},
		{
			"from": [0.75, 0.5, 6.75],
			"to": [7.25, 3.5, 9.25],
			"rotation": {"angle": 0, "axis": "y", "origin": [13.75, 0, 7.25]},
			"faces": {
				"north": {"uv": [6, 8.5, 7.625, 9.25], "texture": "#1"},
				"east": {"uv": [10, 6.5, 10.625, 7.25], "texture": "#1"},
				"south": {"uv": [7.75, 8.5, 9.375, 9.25], "texture": "#1"},
				"west": {"uv": [10, 9, 10.625, 9.75], "texture": "#1"},
				"up": {"uv": [10.875, 3.125, 9.25, 2.5], "texture": "#1"},
				"down": {"uv": [10.875, 3.25, 9.25, 3.875], "texture": "#1"}
			}
		},
		{
			"from": [-5.75, 0.75, 7.25],
			"to": [0.75, 3.25, 8.75],
			"rotation": {"angle": 0, "axis": "y", "origin": [13.75, 0.25, 7.25]},
			"faces": {
				"north": {"uv": [9.25, 4, 10.875, 4.625], "texture": "#1"},
				"east": {"uv": [5.25, 10.5, 5.625, 11.125], "texture": "#1"},
				"south": {"uv": [4.75, 9.25, 6.375, 9.875], "texture": "#1"},
				"west": {"uv": [6.5, 10.5, 6.875, 11.125], "texture": "#1"},
				"up": {"uv": [5.625, 10.375, 4, 10], "texture": "#1"},
				"down": {"uv": [11.625, 5.25, 10, 5.625], "texture": "#1"}
			}
		},
		{
			"from": [-9.25, 1, 7.25],
			"to": [-5.75, 3, 8.75],
			"rotation": {"angle": 0, "axis": "y", "origin": [13.75, 0.25, 7.25]},
			"faces": {
				"north": {"uv": [10, 9.75, 10.875, 10.25], "texture": "#1"},
				"east": {"uv": [7, 10.5, 7.375, 11], "texture": "#1"},
				"south": {"uv": [10.25, 0, 11.125, 0.5], "texture": "#1"},
				"west": {"uv": [7.5, 10.5, 7.875, 11], "texture": "#1"},
				"up": {"uv": [0.875, 10.875, 0, 10.5], "texture": "#1"},
				"down": {"uv": [5.125, 10.5, 4.25, 10.875], "texture": "#1"}
			}
		},
		{
			"from": [-13.75, 1.25, 6.5],
			"to": [-9.25, 2.75, 7.5],
			"rotation": {"angle": -22.5, "axis": "y", "origin": [-11, 2, 8]},
			"faces": {
				"north": {"uv": [10.25, 0.5, 11.375, 0.875], "texture": "#1"},
				"east": {"uv": [6.25, 10.75, 6.5, 11.125], "texture": "#1"},
				"south": {"uv": [1, 10.25, 2.125, 10.625], "texture": "#1"},
				"west": {"uv": [10.75, 6.5, 11, 6.875], "texture": "#1"},
				"up": {"uv": [5.875, 9.25, 4.75, 9], "texture": "#1"},
				"down": {"uv": [3.875, 10.25, 2.75, 10.5], "texture": "#1"}
			}
		},
		{
			"from": [-15.25, 1.25, 6.25],
			"to": [-13.75, 2.75, 7.75],
			"rotation": {"angle": -22.5, "axis": "y", "origin": [-11, 2, 8]},
			"faces": {
				"north": {"uv": [10.75, 1.75, 11.125, 2.125], "texture": "#1"},
				"east": {"uv": [2.75, 10.75, 3.125, 11.125], "texture": "#1"},
				"south": {"uv": [3.25, 10.75, 3.625, 11.125], "texture": "#1"},
				"west": {"uv": [3.75, 10.75, 4.125, 11.125], "texture": "#1"},
				"up": {"uv": [6.125, 11.125, 5.75, 10.75], "texture": "#1"},
				"down": {"uv": [11.125, 5.75, 10.75, 6.125], "texture": "#1"}
			}
		},
		{
			"from": [-13.75, 0.25, 7],
			"to": [-9.25, 3.75, 7],
			"rotation": {"angle": -22.5, "axis": "y", "origin": [-11, 2, 8]},
			"faces": {
				"north": {"uv": [6.5, 9.25, 7.625, 10.125], "texture": "#1"},
				"east": {"uv": [0, 0, 0, 0.875], "texture": "#1"},
				"south": {"uv": [7.75, 9.25, 8.875, 10.125], "texture": "#1"},
				"west": {"uv": [0, 0, 0, 0.875], "texture": "#1"},
				"up": {"uv": [1.125, 0, 0, 0], "texture": "#1"},
				"down": {"uv": [1.125, 0, 0, 0], "texture": "#1"}
			}
		}
	]
}