{
	"credit": "Made with Blockbench",
	"textures": {
		"3": "item/custom/models/sailor_hat"
	},
	"elements": [
		{
			"from": [3.5, 7.31168, 3.46497],
			"to": [12.5, 8.21168, 12.46496],
			"rotation": {"angle": 0, "axis": "y", "origin": [0.75628, 5.63682, 15.96497]},
			"faces": {
				"north": {"uv": [0, 4.5, 2.25, 4.75], "texture": "#3"},
				"east": {"uv": [5.25, 4.5, 7.5, 4.75], "texture": "#3"},
				"south": {"uv": [8.5, 8.25, 10.75, 8.5], "texture": "#3"},
				"west": {"uv": [8.5, 8.5, 10.75, 8.75], "texture": "#3"},
				"up": {"uv": [2.25, 2.25, 0, 0], "texture": "#3"},
				"down": {"uv": [2.25, 2.25, 0, 4.5], "texture": "#3"}
			}
		},
		{
			"from": [1.99199, 8.14213, 3.5],
			"to": [4.14122, 10.22027, 12.46496],
			"rotation": {"angle": 22.5, "axis": "z", "origin": [8.86955, 7.60416, 8.5]},
			"faces": {
				"north": {"uv": [9, 5.5, 9.5, 6], "texture": "#3"},
				"east": {"uv": [7.5, 5, 9.75, 5.5], "texture": "#3"},
				"south": {"uv": [9, 6, 9.5, 6.5], "texture": "#3"},
				"west": {"uv": [6, 7.5, 8.25, 8], "texture": "#3"},
				"up": {"uv": [0.5, 10, 0, 7.75], "texture": "#3"},
				"down": {"uv": [1, 7.75, 0.5, 10], "texture": "#3"}
			}
		},
		{
			"from": [11.82833, 7.98906, 3.46497],
			"to": [13.98171, 10.0672, 12.5],
			"rotation": {"angle": -22.5, "axis": "z", "origin": [7.5, 7.45109, 8.5]},
			"faces": {
				"north": {"uv": [2, 9.25, 2.5, 9.75], "texture": "#3"},
				"east": {"uv": [1, 8.25, 3.25, 8.75], "texture": "#3"},
				"south": {"uv": [2.5, 9.25, 3, 9.75], "texture": "#3"},
				"west": {"uv": [8.25, 1, 10.5, 1.5], "texture": "#3"},
				"up": {"uv": [3.75, 10, 3.25, 7.75], "texture": "#3"},
				"down": {"uv": [4.25, 7.75, 3.75, 10], "texture": "#3"}
			}
		},
		{
			"from": [3.5, 7.98906, 11.79596],
			"to": [12.5, 10.05379, 13.97757],
			"rotation": {"angle": 22.5, "axis": "x", "origin": [8.5, 7.45109, 7.5]},
			"faces": {
				"north": {"uv": [1, 7.75, 3.25, 8.25], "texture": "#3"},
				"east": {"uv": [9, 6.5, 9.5, 7], "texture": "#3"},
				"south": {"uv": [6, 8, 8.25, 8.5], "texture": "#3"},
				"west": {"uv": [9, 7, 9.5, 7.5], "texture": "#3"},
				"up": {"uv": [10.5, 0.5, 8.25, 0], "texture": "#3"},
				"down": {"uv": [10.5, 0.5, 8.25, 1], "texture": "#3"}
			}
		},
		{
			"from": [3.5, 7.98906, 2.01829],
			"to": [12.5, 10.0806, 4.1393],
			"rotation": {"angle": -22.5, "axis": "x", "origin": [8.5, 7.45109, 8.5]},
			"faces": {
				"north": {"uv": [8.25, 1.5, 10.5, 2], "texture": "#3"},
				"east": {"uv": [4.5, 9.25, 5, 9.75], "texture": "#3"},
				"south": {"uv": [8.25, 2, 10.5, 2.5], "texture": "#3"},
				"west": {"uv": [5, 9.25, 5.5, 9.75], "texture": "#3"},
				"up": {"uv": [10.5, 3, 8.25, 2.5], "texture": "#3"},
				"down": {"uv": [10.5, 3, 8.25, 3.5], "texture": "#3"}
			}
		},
		{
			"from": [1.99459, 4.9413, 2.52093],
			"to": [13.99459, 8.1913, 3.72093],
			"rotation": {"angle": -22.5, "axis": "x", "origin": [7.99459, 2.3952, 8.26421]},
			"faces": {
				"north": {"uv": [4.5, 4.75, 7.5, 5.5], "texture": "#3"},
				"east": {"uv": [7, 9.25, 7.25, 10], "texture": "#3"},
				"south": {"uv": [5.25, 0, 8.25, 0.75], "texture": "#3"},
				"west": {"uv": [7.25, 9.25, 7.5, 10], "texture": "#3"},
				"up": {"uv": [7.5, 8.75, 4.5, 8.5], "texture": "#3"},
				"down": {"uv": [11.5, 7.5, 8.5, 7.75], "texture": "#3"}
			}
		},
		{
			"from": [1.99459, 5.54463, 0.77831],
			"to": [13.99459, 7.54463, 3.77831],
			"rotation": {"angle": 22.5, "axis": "x", "origin": [1.99459, 5.64463, 0.77831]},
			"faces": {
				"north": {"uv": [6, 5.5, 9, 6], "texture": "#3"},
				"east": {"uv": [1, 8.75, 1.75, 9.25], "texture": "#3"},
				"south": {"uv": [6, 6, 9, 6.5], "texture": "#3"},
				"west": {"uv": [1.75, 8.75, 2.5, 9.25], "texture": "#3"},
				"up": {"uv": [5.25, 3.25, 2.25, 2.5], "texture": "#3"},
				"down": {"uv": [5.25, 3.25, 2.25, 4], "texture": "#3"}
			}
		},
		{
			"from": [1.99459, 5.55291, 12.23251],
			"to": [14.01624, 7.54463, 15.21251],
			"rotation": {"angle": -22.5, "axis": "x", "origin": [1.99459, 5.64463, 15.23251]},
			"faces": {
				"north": {"uv": [0, 6.75, 3, 7.25], "texture": "#3"},
				"east": {"uv": [5.25, 8.75, 6, 9.25], "texture": "#3"},
				"south": {"uv": [6, 7, 9, 7.5], "texture": "#3"},
				"west": {"uv": [6, 8.75, 6.75, 9.25], "texture": "#3"},
				"up": {"uv": [8.25, 3, 5.25, 2.25], "texture": "#3"},
				"down": {"uv": [8.25, 3, 5.25, 3.75], "texture": "#3"}
			}
		},
		{
			"from": [1.99459, 4.93302, 12.28989],
			"to": [14.01624, 8.1913, 13.46989],
			"rotation": {"angle": 22.5, "axis": "x", "origin": [7.99459, 2.3952, 7.74661]},
			"faces": {
				"north": {"uv": [5.25, 0.75, 8.25, 1.5], "texture": "#3"},
				"east": {"uv": [8, 9.25, 8.25, 10], "texture": "#3"},
				"south": {"uv": [5.25, 1.5, 8.25, 2.25], "texture": "#3"},
				"west": {"uv": [9.25, 9, 9.5, 9.75], "texture": "#3"},
				"up": {"uv": [11.5, 8, 8.5, 7.75], "texture": "#3"},
				"down": {"uv": [11.5, 8, 8.5, 8.25], "texture": "#3"}
			}
		},
		{
			"from": [12.35311, 2.72132, 2.00541],
			"to": [13.55311, 5.97132, 14.00541],
			"rotation": {"angle": -22.5, "axis": "z", "origin": [13.35311, 1.47132, 2.00541]},
			"faces": {
				"north": {"uv": [8, 8.5, 8.25, 9.25], "texture": "#3"},
				"east": {"uv": [2.25, 4, 5.25, 4.75], "texture": "#3"},
				"south": {"uv": [3, 9.25, 3.25, 10], "texture": "#3"},
				"west": {"uv": [0, 4.75, 3, 5.5], "texture": "#3"},
				"up": {"uv": [4.5, 10.75, 4.25, 7.75], "texture": "#3"},
				"down": {"uv": [8.5, 7.5, 8.25, 10.5], "texture": "#3"}
			}
		},
		{
			"from": [12.25996, 5.55224, 2.00541],
			"to": [15.25996, 7.55224, 14.00541],
			"rotation": {"angle": 22.5, "axis": "z", "origin": [15.25996, 5.55224, 1.00541]},
			"faces": {
				"north": {"uv": [2.5, 8.75, 3.25, 9.25], "texture": "#3"},
				"east": {"uv": [0, 6.25, 3, 6.75], "texture": "#3"},
				"south": {"uv": [4.5, 8.75, 5.25, 9.25], "texture": "#3"},
				"west": {"uv": [6, 6.5, 9, 7], "texture": "#3"},
				"up": {"uv": [3.75, 7.75, 3, 4.75], "texture": "#3"},
				"down": {"uv": [4.5, 4.75, 3.75, 7.75], "texture": "#3"}
			}
		},
		{
			"from": [0.74922, 5.56053, 2.00541],
			"to": [3.72922, 7.55224, 14.00541],
			"rotation": {"angle": -22.5, "axis": "z", "origin": [0.72922, 5.55224, 1.00541]},
			"faces": {
				"north": {"uv": [6.75, 8.75, 7.5, 9.25], "texture": "#3"},
				"east": {"uv": [0, 7.25, 3, 7.75], "texture": "#3"},
				"south": {"uv": [8.5, 8.75, 9.25, 9.25], "texture": "#3"},
				"west": {"uv": [7.5, 4.5, 10.5, 5], "texture": "#3"},
				"up": {"uv": [5.25, 8.5, 4.5, 5.5], "texture": "#3"},
				"down": {"uv": [6, 5.5, 5.25, 8.5], "texture": "#3"}
			}
		},
		{
			"from": [2.45607, 2.71304, 2.00541],
			"to": [3.63607, 5.97132, 14.00541],
			"rotation": {"angle": 22.5, "axis": "z", "origin": [2.63607, 1.47132, 2.00541]},
			"faces": {
				"north": {"uv": [5.5, 9.5, 5.75, 10.25], "texture": "#3"},
				"east": {"uv": [5.25, 3.75, 8.25, 4.5], "texture": "#3"},
				"south": {"uv": [9.5, 5.5, 9.75, 6.25], "texture": "#3"},
				"west": {"uv": [0, 5.5, 3, 6.25], "texture": "#3"},
				"up": {"uv": [7.75, 11.5, 7.5, 8.5], "texture": "#3"},
				"down": {"uv": [8, 8.5, 7.75, 11.5], "texture": "#3"}
			}
		},
		{
			"from": [7, 7.2271, 7],
			"to": [9, 8.6271, 9],
			"rotation": {"angle": 0, "axis": "y", "origin": [7, 7.2271, 7]},
			"faces": {
				"north": {"uv": [5.75, 9.5, 6.25, 9.75], "texture": "#3"},
				"east": {"uv": [6.25, 9.5, 6.75, 9.75], "texture": "#3"},
				"south": {"uv": [9.5, 6.25, 10, 6.5], "texture": "#3"},
				"west": {"uv": [9.5, 6.5, 10, 6.75], "texture": "#3"},
				"up": {"uv": [1.5, 9.75, 1, 9.25], "texture": "#3"},
				"down": {"uv": [2, 9.25, 1.5, 9.75], "texture": "#3"}
			}
		},
		{
			"from": [6.45, 5.3, 0.2809],
			"to": [7.45, 6.3, 0.7809],
			"rotation": {"angle": 0, "axis": "y", "origin": [6.45, 4.3, 0.0309]},
			"faces": {
				"north": {"uv": [9.75, 7.25, 10, 7.5], "texture": "#3"},
				"east": {"uv": [9, 9.75, 9.25, 10], "texture": "#3"},
				"south": {"uv": [9.75, 9, 10, 9.25], "texture": "#3"},
				"west": {"uv": [9.25, 9.75, 9.5, 10], "texture": "#3"},
				"up": {"uv": [10, 9.5, 9.75, 9.25], "texture": "#3"},
				"down": {"uv": [9.75, 9.75, 9.5, 10], "texture": "#3"}
			}
		},
		{
			"from": [7.45, 6.3, 0.2809],
			"to": [8.45, 7.3, 0.7809],
			"rotation": {"angle": 0, "axis": "y", "origin": [7.45, 5.3, 0.0309]},
			"faces": {
				"north": {"uv": [9.75, 5, 10, 5.25], "texture": "#3"},
				"east": {"uv": [5.25, 9.75, 5.5, 10], "texture": "#3"},
				"south": {"uv": [9.75, 5.25, 10, 5.5], "texture": "#3"},
				"west": {"uv": [9.75, 5.5, 10, 5.75], "texture": "#3"},
				"up": {"uv": [6, 10, 5.75, 9.75], "texture": "#3"},
				"down": {"uv": [10, 5.75, 9.75, 6], "texture": "#3"}
			}
		},
		{
			"from": [8.45, 5.3, 0.2809],
			"to": [9.45, 6.3, 0.7809],
			"rotation": {"angle": 0, "axis": "y", "origin": [8.45, 4.3, 0.0309]},
			"faces": {
				"north": {"uv": [6, 9.75, 6.25, 10], "texture": "#3"},
				"east": {"uv": [9.75, 6, 10, 6.25], "texture": "#3"},
				"south": {"uv": [6.25, 9.75, 6.5, 10], "texture": "#3"},
				"west": {"uv": [6.5, 9.75, 6.75, 10], "texture": "#3"},
				"up": {"uv": [10, 7, 9.75, 6.75], "texture": "#3"},
				"down": {"uv": [10, 7, 9.75, 7.25], "texture": "#3"}
			}
		},
		{
			"from": [7.45, 3.5, 1.0809],
			"to": [8.45, 5.5, 1.5809],
			"rotation": {"angle": -22.5, "axis": "x", "origin": [6.45, 3.5, 0.8309]},
			"faces": {
				"north": {"uv": [6.75, 9.5, 7, 10], "texture": "#3"},
				"east": {"uv": [9.5, 6.75, 9.75, 7.25], "texture": "#3"},
				"south": {"uv": [8.5, 9.5, 8.75, 10], "texture": "#3"},
				"west": {"uv": [8.75, 9.5, 9, 10], "texture": "#3"},
				"up": {"uv": [5, 10, 4.75, 9.75], "texture": "#3"},
				"down": {"uv": [5.25, 9.75, 5, 10], "texture": "#3"}
			}
		},
		{
			"from": [9.45, 3.5, 1.0809],
			"to": [10.45, 4.5, 1.5809],
			"rotation": {"angle": -22.5, "axis": "x", "origin": [9.45, 3.5, 0.8309]},
			"faces": {
				"north": {"uv": [1.75, 9.75, 2, 10], "texture": "#3"},
				"east": {"uv": [2, 9.75, 2.25, 10], "texture": "#3"},
				"south": {"uv": [2.25, 9.75, 2.5, 10], "texture": "#3"},
				"west": {"uv": [2.5, 9.75, 2.75, 10], "texture": "#3"},
				"up": {"uv": [3, 10, 2.75, 9.75], "texture": "#3"},
				"down": {"uv": [4.75, 9.75, 4.5, 10], "texture": "#3"}
			}
		},
		{
			"from": [6.45, 2.6, 1.4809],
			"to": [9.45, 3.6, 1.9809],
			"rotation": {"angle": -22.5, "axis": "x", "origin": [6.45, 2.6, 1.2309]},
			"faces": {
				"north": {"uv": [5.5, 9.25, 6.25, 9.5], "texture": "#3"},
				"east": {"uv": [9.5, 7.25, 9.75, 7.5], "texture": "#3"},
				"south": {"uv": [6.25, 9.25, 7, 9.5], "texture": "#3"},
				"west": {"uv": [9, 9.5, 9.25, 9.75], "texture": "#3"},
				"up": {"uv": [9.25, 9.5, 8.5, 9.25], "texture": "#3"},
				"down": {"uv": [10, 8.75, 9.25, 9], "texture": "#3"}
			}
		},
		{
			"from": [5.45, 3.5, 1.0809],
			"to": [6.45, 4.5, 1.5809],
			"rotation": {"angle": -22.5, "axis": "x", "origin": [5.45, 3.5, 0.8309]},
			"faces": {
				"north": {"uv": [9.5, 9, 9.75, 9.25], "texture": "#3"},
				"east": {"uv": [9.5, 9.25, 9.75, 9.5], "texture": "#3"},
				"south": {"uv": [9.5, 9.5, 9.75, 9.75], "texture": "#3"},
				"west": {"uv": [1, 9.75, 1.25, 10], "texture": "#3"},
				"up": {"uv": [1.5, 10, 1.25, 9.75], "texture": "#3"},
				"down": {"uv": [1.75, 9.75, 1.5, 10], "texture": "#3"}
			}
		},
		{
			"from": [2.01624, 2.54863, -2.99459],
			"to": [14.01624, 2.54863, 2.00541],
			"rotation": {"angle": 0, "axis": "y", "origin": [2.01624, -3.45137, -1.99459]},
			"faces": {
				"north": {"uv": [0, 0, 3, 0], "texture": "#3"},
				"east": {"uv": [0, 0, 1.25, 0], "texture": "#3"},
				"south": {"uv": [0, 0, 3, 0], "texture": "#3"},
				"west": {"uv": [0, 0, 1.25, 0], "texture": "#3"},
				"up": {"uv": [5.25, 1.25, 2.25, 0], "texture": "#3"},
				"down": {"uv": [5.25, 1.25, 2.25, 2.5], "texture": "#3"}
			}
		},
		{
			"from": [14.01523, 1.54963, -2.99459],
			"to": [14.01523, 2.54963, 14.00541],
			"rotation": {"angle": 0, "axis": "y", "origin": [2.01523, -3.45037, 10.00541]},
			"faces": {
				"north": {"uv": [0, 0, 0, 0.25], "texture": "#3"},
				"east": {"uv": [8.25, 3.5, 12.5, 3.75], "texture": "#3"},
				"south": {"uv": [0, 0, 0, 0.25], "texture": "#3"},
				"west": {"uv": [8.25, 3.75, 12.5, 4], "texture": "#3"},
				"up": {"uv": [0, 4.25, 0, 0], "texture": "#3"},
				"down": {"uv": [0, 0, 0, 4.25], "texture": "#3"}
			}
		},
		{
			"from": [1.99459, 1.54963, -2.99459],
			"to": [1.99459, 2.54963, 14.00541],
			"rotation": {"angle": 0, "axis": "y", "origin": [-2.00541, -3.45037, 10.00541]},
			"faces": {
				"north": {"uv": [0, 0, 0, 0.25], "texture": "#3"},
				"east": {"uv": [8.25, 4, 12.5, 4.25], "texture": "#3"},
				"south": {"uv": [0, 0, 0, 0.25], "texture": "#3"},
				"west": {"uv": [8.25, 4.25, 12.5, 4.5], "texture": "#3"},
				"up": {"uv": [0, 4.25, 0, 0], "texture": "#3"},
				"down": {"uv": [0, 0, 0, 4.25], "texture": "#3"}
			}
		}
	],
	"display": {
		"thirdperson_righthand": {
			"translation": [0, 0, -2],
			"scale": [0.65, 0.65, 0.65]
		},
		"thirdperson_lefthand": {
			"translation": [0, 0, -2],
			"scale": [0.65, 0.65, 0.65]
		},
		"firstperson_righthand": {
			"rotation": [0, 45, 0],
			"scale": [0.4, 0.4, 0.4]
		},
		"firstperson_lefthand": {
			"rotation": [0, 45, 0],
			"scale": [0.4, 0.4, 0.4]
		},
		"ground": {
			"translation": [0, 4, 0],
			"scale": [0.63, 0.63, 0.63]
		},
		"gui": {
			"rotation": [30, 225, 0],
			"translation": [-0.5, 1.5, 0],
			"scale": [0.67, 0.67, 0.67]
		},
		"head": {
			"rotation": [10, 0, 0],
			"translation": [0, 8.75, 1],
			"scale": [1.23, 1.23, 1.23]
		},
		"fixed": {
			"rotation": [-59.75, 0, 0],
			"translation": [0, 8.75, -10.25],
			"scale": [1.76, 1.76, 1.76]
		}
	},
	"groups": [
		0,
		1,
		2,
		3,
		4,
		5,
		6,
		7,
		8,
		9,
		10,
		11,
		12,
		13,
		{
			"name": "group",
			"origin": [5.45, 3, -0.1691],
			"color": 0,
			"children": [14, 15, 16, 17, 18, 19, 20]
		},
		21,
		22,
		23
	]
}