{
	"credit": "Made with Blockbench",
	"texture_size": [64, 64],
	"textures": {
		"2": "item/custom/models/boat_trophy"
	},
	"elements": [
		{
			"from": [6, 11.46717, 3.84839],
			"to": [10, 12.52783, 4.90905],
			"rotation": {"angle": 22.5, "axis": "x", "origin": [7, 11.46717, 8.84839]},
			"faces": {
				"north": {"uv": [0, 7.25, 1, 7.5], "texture": "#2"},
				"east": {"uv": [7.75, 2, 8, 2.25], "texture": "#2"},
				"south": {"uv": [1, 7.25, 2, 7.5], "texture": "#2"},
				"west": {"uv": [7.75, 2.25, 8, 2.5], "texture": "#2"},
				"up": {"uv": [3, 7.5, 2, 7.25], "texture": "#2"},
				"down": {"uv": [8.25, 5.5, 7.25, 5.75], "texture": "#2"}
			}
		},
		{
			"from": [7.5, 14.52864, 2.45735],
			"to": [8.56066, 15.5893, 4.45735],
			"rotation": {"angle": 22.5, "axis": "x", "origin": [3.56066, 14.52864, 1.45735]},
			"faces": {
				"north": {"uv": [7.75, 2.25, 8, 2.5], "texture": "#2"},
				"east": {"uv": [0, 7.25, 1, 7.5], "texture": "#2"},
				"south": {"uv": [7.75, 2, 8, 2.25], "texture": "#2"},
				"west": {"uv": [1, 7.25, 2, 7.5], "texture": "#2"},
				"up": {"uv": [3, 7.5, 2, 7.25], "rotation": 90, "texture": "#2"},
				"down": {"uv": [8.25, 5.5, 7.25, 5.75], "rotation": 270, "texture": "#2"}
			}
		},
		{
			"from": [6, 10.5, 4.92764],
			"to": [10, 12.5, 10.92764],
			"rotation": {"angle": 22.5, "axis": "x", "origin": [7, 11.5, 8.92764]},
			"faces": {
				"north": {"uv": [6.5, 3.5, 7.5, 4], "texture": "#2"},
				"east": {"uv": [4, 6, 5.5, 6.5], "texture": "#2"},
				"south": {"uv": [6.5, 4, 7.5, 4.5], "texture": "#2"},
				"west": {"uv": [5.5, 6, 7, 6.5], "texture": "#2"},
				"up": {"uv": [5.5, 3.5, 4.5, 2], "texture": "#2"},
				"down": {"uv": [5.5, 3.5, 4.5, 5], "texture": "#2"}
			}
		},
		{
			"from": [4, 9, 3.44223],
			"to": [12, 11, 11.44223],
			"rotation": {"angle": 0, "axis": "x", "origin": [8, 11, 7.44223]},
			"faces": {
				"north": {"uv": [0, 5, 2, 5.5], "texture": "#2"},
				"east": {"uv": [4.5, 5, 6.5, 5.5], "texture": "#2"},
				"south": {"uv": [0, 5.5, 2, 6], "texture": "#2"},
				"west": {"uv": [5.5, 2, 7.5, 2.5], "texture": "#2"},
				"up": {"uv": [4.5, 2, 2.5, 0], "texture": "#2"},
				"down": {"uv": [4.5, 2, 2.5, 4], "texture": "#2"}
			}
		},
		{
			"from": [4, 1, 3.44223],
			"to": [12, 3, 11.44223],
			"rotation": {"angle": 0, "axis": "x", "origin": [8, 3, 7.44223]},
			"faces": {
				"north": {"uv": [4.5, 5.5, 6.5, 6], "texture": "#2"},
				"east": {"uv": [5.5, 4.5, 7.5, 5], "texture": "#2"},
				"south": {"uv": [0, 6, 2, 6.5], "texture": "#2"},
				"west": {"uv": [2, 6, 4, 6.5], "texture": "#2"},
				"up": {"uv": [4.5, 6, 2.5, 4], "texture": "#2"},
				"down": {"uv": [6.5, 0, 4.5, 2], "texture": "#2"}
			}
		},
		{
			"from": [3, 0, 2.44223],
			"to": [13, 1, 12.44223],
			"rotation": {"angle": 0, "axis": "x", "origin": [8, 3, 7.44223]},
			"faces": {
				"north": {"uv": [6.5, 0.75, 9, 1], "texture": "#2"},
				"east": {"uv": [1, 6.5, 3.5, 6.75], "texture": "#2"},
				"south": {"uv": [6.5, 1, 9, 1.25], "texture": "#2"},
				"west": {"uv": [6.5, 1.25, 9, 1.5], "texture": "#2"},
				"up": {"uv": [2.5, 2.5, 0, 0], "texture": "#2"},
				"down": {"uv": [2.5, 2.5, 0, 5], "texture": "#2"}
			}
		},
		{
			"from": [5, 3, 4.44223],
			"to": [6, 9, 5.44223],
			"rotation": {"angle": 0, "axis": "x", "origin": [8, 11, 8.44223]},
			"faces": {
				"north": {"uv": [3.25, 6.75, 3.5, 8.25], "texture": "#2"},
				"east": {"uv": [3.5, 7, 3.75, 8.5], "texture": "#2"},
				"south": {"uv": [3.75, 7, 4, 8.5], "texture": "#2"},
				"west": {"uv": [4, 7, 4.25, 8.5], "texture": "#2"},
				"up": {"uv": [8, 6.25, 7.75, 6], "texture": "#2"},
				"down": {"uv": [8, 6.25, 7.75, 6.5], "texture": "#2"}
			}
		},
		{
			"from": [5, 3, 9.44223],
			"to": [6, 9, 10.44223],
			"rotation": {"angle": 0, "axis": "x", "origin": [8, 11, 13.44223]},
			"faces": {
				"north": {"uv": [4.25, 7, 4.5, 8.5], "texture": "#2"},
				"east": {"uv": [4.5, 7, 4.75, 8.5], "texture": "#2"},
				"south": {"uv": [4.75, 7, 5, 8.5], "texture": "#2"},
				"west": {"uv": [5, 7, 5.25, 8.5], "texture": "#2"},
				"up": {"uv": [8, 6.75, 7.75, 6.5], "texture": "#2"},
				"down": {"uv": [8, 6.75, 7.75, 7], "texture": "#2"}
			}
		},
		{
			"from": [10, 3, 9.44223],
			"to": [11, 9, 10.44223],
			"rotation": {"angle": 0, "axis": "x", "origin": [13, 11, 13.44223]},
			"faces": {
				"north": {"uv": [5.25, 7, 5.5, 8.5], "texture": "#2"},
				"east": {"uv": [5.5, 7, 5.75, 8.5], "texture": "#2"},
				"south": {"uv": [5.75, 7, 6, 8.5], "texture": "#2"},
				"west": {"uv": [6, 7, 6.25, 8.5], "texture": "#2"},
				"up": {"uv": [8, 7.25, 7.75, 7], "texture": "#2"},
				"down": {"uv": [7.5, 7.75, 7.25, 8], "texture": "#2"}
			}
		},
		{
			"from": [10, 3, 4.44223],
			"to": [11, 9, 5.44223],
			"rotation": {"angle": 0, "axis": "x", "origin": [13, 11, 8.44223]},
			"faces": {
				"north": {"uv": [7, 6, 7.25, 7.5], "texture": "#2"},
				"east": {"uv": [6.25, 7, 6.5, 8.5], "texture": "#2"},
				"south": {"uv": [6.5, 7, 6.75, 8.5], "texture": "#2"},
				"west": {"uv": [6.75, 7, 7, 8.5], "texture": "#2"},
				"up": {"uv": [8, 7.5, 7.75, 7.25], "texture": "#2"},
				"down": {"uv": [7.75, 7.75, 7.5, 8], "texture": "#2"}
			}
		},
		{
			"from": [7.5, 13.75, 6.94223],
			"to": [8.5, 17.75, 10.94223],
			"rotation": {"angle": 22.5, "axis": "x", "origin": [8, 16.1353, 8.94223]},
			"faces": {
				"north": {"uv": [3, 7.25, 3.25, 8.25], "texture": "#2"},
				"east": {"uv": [5.5, 2.5, 6.5, 3.5], "texture": "#2"},
				"south": {"uv": [7.25, 5.75, 7.5, 6.75], "texture": "#2"},
				"west": {"uv": [5.5, 3.5, 6.5, 4.5], "texture": "#2"},
				"up": {"uv": [7.5, 7.75, 7.25, 6.75], "texture": "#2"},
				"down": {"uv": [0.25, 7.5, 0, 8.5], "texture": "#2"}
			}
		},
		{
			"from": [7.5, 17.75, 7.94223],
			"to": [8.5, 19.75, 10.94223],
			"rotation": {"angle": 22.5, "axis": "x", "origin": [8, 16.1353, 8.94223]},
			"faces": {
				"north": {"uv": [7.5, 2.25, 7.75, 2.75], "texture": "#2"},
				"east": {"uv": [5.5, 6.5, 6.25, 7], "texture": "#2"},
				"south": {"uv": [2.5, 7.5, 2.75, 8], "texture": "#2"},
				"west": {"uv": [6.5, 5.5, 7.25, 6], "texture": "#2"},
				"up": {"uv": [7.75, 2.25, 7.5, 1.5], "texture": "#2"},
				"down": {"uv": [2, 7.5, 1.75, 8.25], "texture": "#2"}
			}
		},
		{
			"from": [7.5, 19.75, 8.93219],
			"to": [8.5, 21.55417, 10.94223],
			"rotation": {"angle": 22.5, "axis": "x", "origin": [8, 16.1353, 8.94223]},
			"faces": {
				"north": {"uv": [7.5, 5.75, 7.75, 6.25], "texture": "#2"},
				"east": {"uv": [7.5, 0, 8, 0.5], "texture": "#2"},
				"south": {"uv": [7.5, 6.25, 7.75, 6.75], "texture": "#2"},
				"west": {"uv": [0.25, 7.5, 0.75, 8], "texture": "#2"},
				"up": {"uv": [7.75, 7.25, 7.5, 6.75], "texture": "#2"},
				"down": {"uv": [7.25, 7.5, 7, 8], "texture": "#2"}
			}
		},
		{
			"from": [7.5, 21.5, 9.93219],
			"to": [8.5, 22.55417, 10.94223],
			"rotation": {"angle": 22.5, "axis": "x", "origin": [8, 16.1353, 8.94223]},
			"faces": {
				"north": {"uv": [7.75, 4, 8, 4.25], "texture": "#2"},
				"east": {"uv": [7.75, 4.25, 8, 4.5], "texture": "#2"},
				"south": {"uv": [7.75, 4.5, 8, 4.75], "texture": "#2"},
				"west": {"uv": [7.75, 4.75, 8, 5], "texture": "#2"},
				"up": {"uv": [8, 5.25, 7.75, 5], "texture": "#2"},
				"down": {"uv": [8, 5.75, 7.75, 6], "texture": "#2"}
			}
		},
		{
			"from": [7.505, 20.07101, 10.1033],
			"to": [8.495, 21.49232, 12.52461],
			"rotation": {"angle": -22.5, "axis": "x", "origin": [8.005, 21.07603, 11.9267]},
			"faces": {
				"north": {"uv": [7.75, 3.5, 8, 3.75], "texture": "#2"},
				"east": {"uv": [7.5, 0.5, 8, 0.75], "texture": "#2"},
				"south": {"uv": [7.75, 3.75, 8, 4], "texture": "#2"},
				"west": {"uv": [7.5, 5.25, 8, 5.5], "texture": "#2"},
				"up": {"uv": [7.75, 7.75, 7.5, 7.25], "texture": "#2"},
				"down": {"uv": [8, 1.5, 7.75, 2], "texture": "#2"}
			}
		},
		{
			"from": [7.505, 16.81713, 7.34957],
			"to": [8.495, 20.16937, 8.43196],
			"rotation": {"angle": 45, "axis": "x", "origin": [8.005, 17.16683, 9.43257]},
			"faces": {
				"north": {"uv": [0.75, 7.5, 1, 8.25], "texture": "#2"},
				"east": {"uv": [1, 7.5, 1.25, 8.25], "texture": "#2"},
				"south": {"uv": [1.25, 7.5, 1.5, 8.25], "texture": "#2"},
				"west": {"uv": [1.5, 7.5, 1.75, 8.25], "texture": "#2"},
				"up": {"uv": [8, 2.75, 7.75, 2.5], "texture": "#2"},
				"down": {"uv": [8, 2.75, 7.75, 3], "texture": "#2"}
			}
		},
		{
			"from": [7.505, 13.58381, 6.97181],
			"to": [8.495, 15.13018, 7.76405],
			"rotation": {"angle": -22.5, "axis": "x", "origin": [8.005, 12.92739, 7.66577]},
			"faces": {
				"north": {"uv": [7.5, 3.25, 7.75, 3.75], "texture": "#2"},
				"east": {"uv": [7.5, 3.75, 7.75, 4.25], "texture": "#2"},
				"south": {"uv": [7.5, 4.25, 7.75, 4.75], "texture": "#2"},
				"west": {"uv": [7.5, 4.75, 7.75, 5.25], "texture": "#2"},
				"up": {"uv": [8, 3.25, 7.75, 3], "texture": "#2"},
				"down": {"uv": [8, 3.25, 7.75, 3.5], "texture": "#2"}
			}
		},
		{
			"from": [7.5, 11.96806, 6.69268],
			"to": [8.5, 13.96806, 9.69268],
			"rotation": {"angle": 22.5, "axis": "x", "origin": [8, 13.10336, 7.76932]},
			"faces": {
				"north": {"uv": [2.75, 7.5, 3, 8], "texture": "#2"},
				"east": {"uv": [6.25, 6.5, 7, 7], "texture": "#2"},
				"south": {"uv": [7.5, 2.75, 7.75, 3.25], "texture": "#2"},
				"west": {"uv": [1, 6.75, 1.75, 7.25], "texture": "#2"},
				"up": {"uv": [2.25, 8.25, 2, 7.5], "texture": "#2"},
				"down": {"uv": [2.5, 7.5, 2.25, 8.25], "texture": "#2"}
			}
		},
		{
			"from": [6.005, 10.88268, 4.72585],
			"to": [9.995, 12.88268, 6.22585],
			"rotation": {"angle": -22.5, "axis": "x", "origin": [7.005, 11.88268, 3.22585]},
			"faces": {
				"north": {"uv": [6.5, 1.5, 7.5, 2], "texture": "#2"},
				"east": {"uv": [2, 5, 2.5, 5.5], "texture": "#2"},
				"south": {"uv": [6.5, 2.5, 7.5, 3], "texture": "#2"},
				"west": {"uv": [2, 5.5, 2.5, 6], "texture": "#2"},
				"up": {"uv": [7.5, 3.5, 6.5, 3], "texture": "#2"},
				"down": {"uv": [4.5, 6.5, 3.5, 7], "texture": "#2"}
			}
		},
		{
			"from": [6.005, 8.88268, 4.72585],
			"to": [9.995, 10.88268, 7.22585],
			"rotation": {"angle": -22.5, "axis": "x", "origin": [7.005, 11.88268, 3.22585]},
			"faces": {
				"north": {"uv": [4.5, 6.5, 5.5, 7], "texture": "#2"},
				"east": {"uv": [1.75, 6.75, 2.5, 7.25], "texture": "#2"},
				"south": {"uv": [6.5, 5, 7.5, 5.5], "texture": "#2"},
				"west": {"uv": [2.5, 6.75, 3.25, 7.25], "texture": "#2"},
				"up": {"uv": [1, 7.25, 0, 6.5], "texture": "#2"},
				"down": {"uv": [7.5, 0, 6.5, 0.75], "texture": "#2"}
			}
		}
	],
	"display": {
		"thirdperson_righthand": {
			"rotation": [75, 45, 0],
			"translation": [0, 2.5, 0],
			"scale": [0.375, 0.375, 0.375]
		},
		"thirdperson_lefthand": {
			"rotation": [75, 45, 0],
			"translation": [0, 2.5, 0],
			"scale": [0.375, 0.375, 0.375]
		},
		"firstperson_righthand": {
			"rotation": [0, 45, 0],
			"scale": [0.4, 0.4, 0.4]
		},
		"firstperson_lefthand": {
			"rotation": [0, 225, 0],
			"scale": [0.4, 0.4, 0.4]
		},
		"ground": {
			"translation": [0, 3, 0]
		},
		"gui": {
			"rotation": [30, 225, 0]
		},
		"head": {
			"translation": [0, 11.25, 0]
		},
		"fixed": {
			"rotation": [-90, 0, 0],
			"translation": [0, 0, -10],
			"scale": [2, 2, 2]
		}
	}
}