{
	"credit": "Made with Blockbench",
	"textures": {
		"0": "block/chiseled_polished_blackstone",
		"1": "block/polished_blackstone",
		"2": "block/black_wool",
		"3": "block/polished_deepslate",
		"4": "block/chiseled_deepslate",
		"5": "block/dark_oak_trapdoor",
		"6": "block/dark_oak_log",
		"7": "block/grindstone_pivot",
		"8": "block/grindstone_round",
		"9": "block/grindstone_side",
		"10": "block/chain",
		"11": "block/polished_blackstone_bricks",
		"12": "block/cobblestone",
		"13": "block/lever",
		"14": "block/end_rod",
		"15": "block/iron_trapdoor",
		"16": "block/hopper_outside",
		"17": "block/hopper_inside",
		"18": "block/hopper_top",
		"19": "block/dark_oak_planks",
		"20": "block/bell_bottom",
		"21": "block/bell_side",
		"22": "block/bell_top",
		"23": "block/glow_item_frame",
		"24": "block/birch_planks",
		"particle": "block/bell_bottom"
	},
	"elements": [
		{
			"from": [13.6017, 26.92786, 7.59979],
			"to": [18.80446, 27.72829, 8.40021],
			"rotation": {"angle": 0, "axis": "y", "origin": [8.40021, 11.31957, 8]},
			"faces": {
				"north": {"uv": [2, 3, 14, 5], "texture": "#19"},
				"east": {"uv": [5, 4, 7, 6], "texture": "#19"},
				"south": {"uv": [2, 2, 14, 4], "texture": "#19"},
				"west": {"uv": [5, 4, 7, 6], "texture": "#19"},
				"up": {"uv": [2, 3, 14, 5], "rotation": 180, "texture": "#19"},
				"down": {"uv": [2, 3, 14, 5], "rotation": 180, "texture": "#19"}
			}
		},
		{
			"from": [9.59957, 10.51915, 11.2017],
			"to": [11.20043, 12.12, 12.80255],
			"rotation": {"angle": 0, "axis": "y", "origin": [8.40021, 11.31957, 8]},
			"faces": {
				"north": {"uv": [6, 8, 10, 12], "texture": "#16"},
				"east": {"uv": [12, 8, 16, 12], "texture": "#16"},
				"west": {"uv": [0, 8, 4, 12], "texture": "#16"},
				"up": {"uv": [6, 0, 10, 4], "texture": "#16"},
				"down": {"uv": [6, 12, 10, 16], "texture": "#17"}
			}
		},
		{
			"from": [8.79915, 10.51915, 12.80255],
			"to": [12.00085, 12.92043, 16.00425],
			"rotation": {"angle": 0, "axis": "y", "origin": [8.40021, 11.31957, 8]},
			"faces": {
				"north": {"uv": [4, 6, 12, 12], "texture": "#16"},
				"east": {"uv": [4, 6, 12, 12], "texture": "#16"},
				"south": {"uv": [4, 6, 12, 12], "texture": "#16"},
				"west": {"uv": [4, 6, 12, 12], "texture": "#16"},
				"down": {"uv": [4, 4, 12, 12], "texture": "#17"}
			}
		},
		{
			"from": [7.99873, 13.32064, 16.80468],
			"to": [12.80128, 15.3217, 17.6051],
			"rotation": {"angle": 0, "axis": "y", "origin": [8.40021, 11.31957, 8]},
			"faces": {
				"north": {"uv": [2, 0, 14, 5], "texture": "#16"},
				"south": {"uv": [2, 0, 14, 5], "texture": "#16"},
				"up": {"uv": [2, 14, 14, 16], "texture": "#18"}
			}
		},
		{
			"from": [7.99873, 13.32064, 11.2017],
			"to": [12.80128, 15.3217, 12.00213],
			"rotation": {"angle": 0, "axis": "y", "origin": [8.40021, 11.31957, 8]},
			"faces": {
				"north": {"uv": [2, 0, 14, 5], "texture": "#16"},
				"south": {"uv": [2, 0, 14, 5], "texture": "#16"},
				"up": {"uv": [2, 0, 14, 2], "texture": "#18"}
			}
		},
		{
			"from": [12.80128, 13.32064, 11.2017],
			"to": [13.6017, 15.3217, 17.6051],
			"rotation": {"angle": 0, "axis": "y", "origin": [8.40021, 11.31957, 8]},
			"faces": {
				"north": {"uv": [0, 0, 2, 5], "texture": "#16"},
				"east": {"uv": [0, 0, 16, 5], "texture": "#16"},
				"south": {"uv": [14, 0, 16, 5], "texture": "#16"},
				"west": {"uv": [0, 0, 16, 5], "texture": "#16"},
				"up": {"uv": [14, 0, 16, 16], "texture": "#18"}
			}
		},
		{
			"from": [7.1983, 13.32064, 11.2017],
			"to": [7.99873, 15.3217, 17.6051],
			"rotation": {"angle": 0, "axis": "y", "origin": [8.40021, 11.31957, 8]},
			"faces": {
				"north": {"uv": [14, 0, 16, 5], "texture": "#16"},
				"east": {"uv": [0, 0, 16, 5], "texture": "#16"},
				"south": {"uv": [0, 0, 2, 5], "texture": "#16"},
				"west": {"uv": [0, 0, 16, 5], "texture": "#16"},
				"up": {"uv": [0, 0, 2, 16], "texture": "#18"}
			}
		},
		{
			"from": [7.1983, 12.92043, 11.2017],
			"to": [13.6017, 13.32064, 17.6051],
			"rotation": {"angle": 0, "axis": "y", "origin": [8.40021, 11.31957, 8]},
			"faces": {
				"north": {"uv": [0, 5, 16, 6], "texture": "#16"},
				"east": {"uv": [0, 5, 16, 6], "texture": "#16"},
				"south": {"uv": [0, 5, 16, 6], "texture": "#16"},
				"west": {"uv": [0, 5, 16, 6], "texture": "#16"},
				"up": {"uv": [0, 0, 16, 16], "texture": "#17"},
				"down": {"uv": [0, 0, 16, 16], "texture": "#17"}
			}
		},
		{
			"from": [9.59957, 10.51915, 3.19745],
			"to": [11.20043, 12.12, 4.7983],
			"rotation": {"angle": 0, "axis": "y", "origin": [8.40021, 11.31957, 8]},
			"faces": {
				"east": {"uv": [0, 8, 4, 12], "texture": "#16"},
				"south": {"uv": [6, 8, 10, 12], "texture": "#16"},
				"west": {"uv": [12, 8, 16, 12], "texture": "#16"},
				"up": {"uv": [6, 0, 10, 4], "rotation": 180, "texture": "#16"},
				"down": {"uv": [6, 12, 10, 16], "rotation": 180, "texture": "#17"}
			}
		},
		{
			"from": [8.79915, 10.51915, -0.00425],
			"to": [12.00085, 12.92043, 3.19745],
			"rotation": {"angle": 0, "axis": "y", "origin": [8.40021, 11.31957, 8]},
			"faces": {
				"north": {"uv": [4, 6, 12, 12], "texture": "#16"},
				"east": {"uv": [4, 6, 12, 12], "texture": "#16"},
				"south": {"uv": [4, 6, 12, 12], "texture": "#16"},
				"west": {"uv": [4, 6, 12, 12], "texture": "#16"},
				"down": {"uv": [4, 4, 12, 12], "rotation": 180, "texture": "#17"}
			}
		},
		{
			"from": [7.99873, 13.32064, -1.6051],
			"to": [12.80128, 15.3217, -0.80467],
			"rotation": {"angle": 0, "axis": "y", "origin": [8.40021, 11.31957, 8]},
			"faces": {
				"north": {"uv": [2, 0, 14, 5], "texture": "#16"},
				"south": {"uv": [2, 0, 14, 5], "texture": "#16"},
				"up": {"uv": [2, 14, 14, 16], "rotation": 180, "texture": "#18"}
			}
		},
		{
			"from": [7.99873, 13.32064, 3.99787],
			"to": [12.80128, 15.3217, 4.7983],
			"rotation": {"angle": 0, "axis": "y", "origin": [8.40021, 11.31957, 8]},
			"faces": {
				"north": {"uv": [2, 0, 14, 5], "texture": "#16"},
				"south": {"uv": [2, 0, 14, 5], "texture": "#16"},
				"up": {"uv": [2, 0, 14, 2], "rotation": 180, "texture": "#18"}
			}
		},
		{
			"from": [7.1983, 13.32064, -1.6051],
			"to": [7.99873, 15.3217, 4.7983],
			"rotation": {"angle": 0, "axis": "y", "origin": [8.40021, 11.31957, 8]},
			"faces": {
				"north": {"uv": [14, 0, 16, 5], "texture": "#16"},
				"east": {"uv": [0, 0, 16, 5], "texture": "#16"},
				"south": {"uv": [0, 0, 2, 5], "texture": "#16"},
				"west": {"uv": [0, 0, 16, 5], "texture": "#16"},
				"up": {"uv": [14, 0, 16, 16], "rotation": 180, "texture": "#18"}
			}
		},
		{
			"from": [12.80128, 13.32064, -1.6051],
			"to": [13.6017, 15.3217, 4.7983],
			"rotation": {"angle": 0, "axis": "y", "origin": [8.40021, 11.31957, 8]},
			"faces": {
				"north": {"uv": [0, 0, 2, 5], "texture": "#16"},
				"east": {"uv": [0, 0, 16, 5], "texture": "#16"},
				"south": {"uv": [14, 0, 16, 5], "texture": "#16"},
				"west": {"uv": [0, 0, 16, 5], "texture": "#16"},
				"up": {"uv": [0, 0, 2, 16], "rotation": 180, "texture": "#18"}
			}
		},
		{
			"from": [7.1983, 12.92043, -1.6051],
			"to": [13.6017, 13.32064, 4.7983],
			"rotation": {"angle": 0, "axis": "y", "origin": [8.40021, 11.31957, 8]},
			"faces": {
				"north": {"uv": [0, 5, 16, 6], "texture": "#16"},
				"east": {"uv": [0, 5, 16, 6], "texture": "#16"},
				"south": {"uv": [0, 5, 16, 6], "texture": "#16"},
				"west": {"uv": [0, 5, 16, 6], "texture": "#16"},
				"up": {"uv": [0, 0, 16, 16], "rotation": 180, "texture": "#17"},
				"down": {"uv": [0, 0, 16, 16], "rotation": 180, "texture": "#17"}
			}
		},
		{
			"from": [-5.6085, 28.1285, 4.7983],
			"to": [0.7949, 31.3302, 11.2017],
			"rotation": {"angle": 0, "axis": "y", "origin": [8.40021, 11.31957, 8]},
			"faces": {
				"north": {"uv": [0, 8, 16, 16], "texture": "#3"},
				"east": {"uv": [0, 8, 16, 16], "texture": "#3"},
				"south": {"uv": [0, 8, 16, 16], "texture": "#3"},
				"west": {"uv": [0, 8, 16, 16], "texture": "#3"},
				"up": {"uv": [0, 0, 16, 16], "texture": "#3"},
				"down": {"uv": [0, 0, 16, 16], "texture": "#3"}
			}
		},
		{
			"from": [7.1983, 29.3968, 7.43402],
			"to": [13.6017, 30.59743, 7.43402],
			"shade": false,
			"rotation": {"angle": 45, "axis": "x", "origin": [8.40021, 11.31957, 8]},
			"faces": {
				"north": {"uv": [6, 0, 3, 16], "rotation": 270, "texture": "#10"},
				"south": {"uv": [3, 0, 6, 16], "rotation": 90, "texture": "#10"}
			}
		},
		{
			"from": [7.1983, 29.99711, 6.83369],
			"to": [13.6017, 29.99711, 8.03433],
			"shade": false,
			"rotation": {"angle": 45, "axis": "x", "origin": [8.40021, 11.31957, 8]},
			"faces": {
				"up": {"uv": [0, 0, 3, 16], "rotation": 90, "texture": "#10"},
				"down": {"uv": [3, 0, 0, 16], "rotation": 90, "texture": "#10"}
			}
		},
		{
			"from": [7.1983, 24.9268, 11.2017],
			"to": [13.6017, 28.1285, 14.4034],
			"rotation": {"angle": 0, "axis": "y", "origin": [8.40021, 11.31957, 8]},
			"faces": {
				"north": {"uv": [0, 0, 16, 8], "texture": "#3"},
				"east": {"uv": [8, 0, 16, 8], "texture": "#3"},
				"south": {"uv": [0, 0, 16, 8], "texture": "#3"},
				"west": {"uv": [0, 0, 8, 8], "texture": "#3"},
				"up": {"uv": [0, 0, 16, 8], "texture": "#3"}
			}
		},
		{
			"from": [7.1983, 21.7251, 11.2017],
			"to": [13.6017, 24.9268, 17.6051],
			"rotation": {"angle": 0, "axis": "y", "origin": [8.40021, 11.31957, 8]},
			"faces": {
				"north": {"uv": [0, 8, 16, 16], "texture": "#3"},
				"east": {"uv": [0, 8, 16, 16], "texture": "#3"},
				"south": {"uv": [0, 8, 16, 16], "texture": "#3"},
				"west": {"uv": [0, 8, 16, 16], "texture": "#3"},
				"up": {"uv": [0, 0, 16, 16], "texture": "#3"},
				"down": {"uv": [0, 0, 16, 16], "texture": "#3"}
			}
		},
		{
			"from": [7.1983, 24.9268, 1.5966],
			"to": [13.6017, 28.1285, 4.7983],
			"rotation": {"angle": 0, "axis": "y", "origin": [8.40021, 11.31957, 8]},
			"faces": {
				"north": {"uv": [0, 0, 16, 8], "texture": "#3"},
				"east": {"uv": [0, 0, 8, 8], "texture": "#3"},
				"south": {"uv": [0, 0, 16, 8], "texture": "#3"},
				"west": {"uv": [8, 0, 16, 8], "texture": "#3"},
				"up": {"uv": [0, 8, 16, 16], "texture": "#3"}
			}
		},
		{
			"from": [7.1983, 21.7251, -1.6051],
			"to": [13.6017, 24.9268, 4.7983],
			"rotation": {"angle": 0, "axis": "y", "origin": [8.40021, 11.31957, 8]},
			"faces": {
				"north": {"uv": [0, 8, 16, 16], "texture": "#3"},
				"east": {"uv": [0, 8, 16, 16], "texture": "#3"},
				"south": {"uv": [0, 8, 16, 16], "texture": "#3"},
				"west": {"uv": [0, 8, 16, 16], "texture": "#3"},
				"up": {"uv": [0, 0, 16, 16], "texture": "#3"},
				"down": {"uv": [0, 0, 16, 16], "texture": "#3"}
			}
		},
		{
			"from": [7.1983, 11.28525, -10.67754],
			"to": [13.6017, 12.48588, -10.67754],
			"shade": false,
			"rotation": {"angle": 45, "axis": "x", "origin": [8.40021, 11.31957, 8]},
			"faces": {
				"north": {"uv": [6, 0, 3, 16], "rotation": 270, "texture": "#10"},
				"south": {"uv": [3, 0, 6, 16], "rotation": 90, "texture": "#10"}
			}
		},
		{
			"from": [7.1983, 11.88556, -11.27786],
			"to": [13.6017, 11.88556, -10.07722],
			"shade": false,
			"rotation": {"angle": 45, "axis": "x", "origin": [8.40021, 11.31957, 8]},
			"faces": {
				"up": {"uv": [0, 0, 3, 16], "rotation": 90, "texture": "#10"},
				"down": {"uv": [3, 0, 0, 16], "rotation": 90, "texture": "#10"}
			}
		},
		{
			"from": [0.7949, 29.3968, 7.43402],
			"to": [7.1983, 30.59743, 7.43402],
			"shade": false,
			"rotation": {"angle": 45, "axis": "x", "origin": [8.40021, 11.31957, 8]},
			"faces": {
				"north": {"uv": [6, 0, 3, 16], "rotation": 270, "texture": "#10"},
				"south": {"uv": [3, 0, 6, 16], "rotation": 90, "texture": "#10"}
			}
		},
		{
			"from": [0.7949, 29.99711, 6.83369],
			"to": [7.1983, 29.99711, 8.03433],
			"shade": false,
			"rotation": {"angle": 45, "axis": "x", "origin": [8.40021, 11.31957, 8]},
			"faces": {
				"up": {"uv": [0, 0, 3, 16], "rotation": 90, "texture": "#10"},
				"down": {"uv": [3, 0, 0, 16], "rotation": 90, "texture": "#10"}
			}
		},
		{
			"from": [0.7949, 24.9268, 11.2017],
			"to": [7.1983, 28.1285, 14.4034],
			"rotation": {"angle": 0, "axis": "y", "origin": [8.40021, 11.31957, 8]},
			"faces": {
				"north": {"uv": [0, 0, 16, 8], "texture": "#3"},
				"east": {"uv": [8, 0, 16, 8], "texture": "#3"},
				"south": {"uv": [0, 0, 16, 8], "texture": "#3"},
				"west": {"uv": [0, 0, 8, 8], "texture": "#3"},
				"up": {"uv": [0, 0, 16, 8], "texture": "#3"}
			}
		},
		{
			"from": [0.7949, 21.7251, 11.2017],
			"to": [7.1983, 24.9268, 17.6051],
			"rotation": {"angle": 0, "axis": "y", "origin": [8.40021, 11.31957, 8]},
			"faces": {
				"north": {"uv": [0, 8, 16, 16], "texture": "#3"},
				"east": {"uv": [0, 8, 16, 16], "texture": "#3"},
				"south": {"uv": [0, 8, 16, 16], "texture": "#3"},
				"west": {"uv": [0, 8, 16, 16], "texture": "#3"},
				"up": {"uv": [0, 0, 16, 16], "texture": "#3"},
				"down": {"uv": [0, 0, 16, 16], "texture": "#3"}
			}
		},
		{
			"from": [0.7949, 24.9268, 1.5966],
			"to": [7.1983, 28.1285, 4.7983],
			"rotation": {"angle": 0, "axis": "y", "origin": [8.40021, 11.31957, 8]},
			"faces": {
				"north": {"uv": [0, 0, 16, 8], "texture": "#3"},
				"east": {"uv": [0, 0, 8, 8], "texture": "#3"},
				"south": {"uv": [0, 0, 16, 8], "texture": "#3"},
				"west": {"uv": [8, 0, 16, 8], "texture": "#3"},
				"up": {"uv": [0, 8, 16, 16], "texture": "#3"}
			}
		},
		{
			"from": [0.7949, 21.7251, -1.6051],
			"to": [7.1983, 24.9268, 4.7983],
			"rotation": {"angle": 0, "axis": "y", "origin": [8.40021, 11.31957, 8]},
			"faces": {
				"north": {"uv": [0, 8, 16, 16], "texture": "#3"},
				"east": {"uv": [0, 8, 16, 16], "texture": "#3"},
				"south": {"uv": [0, 8, 16, 16], "texture": "#3"},
				"west": {"uv": [0, 8, 16, 16], "texture": "#3"},
				"up": {"uv": [0, 0, 16, 16], "texture": "#3"},
				"down": {"uv": [0, 0, 16, 16], "texture": "#3"}
			}
		},
		{
			"from": [0.7949, 11.28525, -10.67754],
			"to": [7.1983, 12.48588, -10.67754],
			"shade": false,
			"rotation": {"angle": 45, "axis": "x", "origin": [8.40021, 11.31957, 8]},
			"faces": {
				"north": {"uv": [6, 0, 3, 16], "rotation": 270, "texture": "#10"},
				"south": {"uv": [3, 0, 6, 16], "rotation": 90, "texture": "#10"}
			}
		},
		{
			"from": [0.7949, 11.88556, -11.27786],
			"to": [7.1983, 11.88556, -10.07722],
			"shade": false,
			"rotation": {"angle": 45, "axis": "x", "origin": [8.40021, 11.31957, 8]},
			"faces": {
				"up": {"uv": [0, 0, 3, 16], "rotation": 90, "texture": "#10"},
				"down": {"uv": [3, 0, 0, 16], "rotation": 90, "texture": "#10"}
			}
		},
		{
			"from": [-5.6085, 29.3968, 7.43402],
			"to": [0.7949, 30.59743, 7.43402],
			"shade": false,
			"rotation": {"angle": 45, "axis": "x", "origin": [8.40021, 11.31957, 8]},
			"faces": {
				"north": {"uv": [6, 0, 3, 16], "rotation": 270, "texture": "#10"},
				"south": {"uv": [3, 0, 6, 16], "rotation": 90, "texture": "#10"}
			}
		},
		{
			"from": [-5.6085, 29.99711, 6.83369],
			"to": [0.7949, 29.99711, 8.03433],
			"shade": false,
			"rotation": {"angle": 45, "axis": "x", "origin": [8.40021, 11.31957, 8]},
			"faces": {
				"up": {"uv": [0, 0, 3, 16], "rotation": 90, "texture": "#10"},
				"down": {"uv": [3, 0, 0, 16], "rotation": 90, "texture": "#10"}
			}
		},
		{
			"from": [-5.6085, 24.9268, 11.2017],
			"to": [0.7949, 28.1285, 14.4034],
			"rotation": {"angle": 0, "axis": "y", "origin": [8.40021, 11.31957, 8]},
			"faces": {
				"north": {"uv": [0, 0, 16, 8], "texture": "#3"},
				"east": {"uv": [8, 0, 16, 8], "texture": "#3"},
				"south": {"uv": [0, 0, 16, 8], "texture": "#3"},
				"west": {"uv": [0, 0, 8, 8], "texture": "#3"},
				"up": {"uv": [0, 0, 16, 8], "texture": "#3"}
			}
		},
		{
			"from": [-5.6085, 21.7251, 11.2017],
			"to": [0.7949, 24.9268, 17.6051],
			"rotation": {"angle": 0, "axis": "y", "origin": [8.40021, 11.31957, 8]},
			"faces": {
				"north": {"uv": [0, 8, 16, 16], "texture": "#3"},
				"east": {"uv": [0, 8, 16, 16], "texture": "#3"},
				"south": {"uv": [0, 8, 16, 16], "texture": "#3"},
				"west": {"uv": [0, 8, 16, 16], "texture": "#3"},
				"up": {"uv": [0, 0, 16, 16], "texture": "#3"},
				"down": {"uv": [0, 0, 16, 16], "texture": "#3"}
			}
		},
		{
			"from": [-5.6085, 24.9268, 1.5966],
			"to": [0.7949, 28.1285, 4.7983],
			"rotation": {"angle": 0, "axis": "y", "origin": [8.40021, 11.31957, 8]},
			"faces": {
				"north": {"uv": [0, 0, 16, 8], "texture": "#3"},
				"east": {"uv": [0, 0, 8, 8], "texture": "#3"},
				"south": {"uv": [0, 0, 16, 8], "texture": "#3"},
				"west": {"uv": [8, 0, 16, 8], "texture": "#3"},
				"up": {"uv": [0, 8, 16, 16], "texture": "#3"}
			}
		},
		{
			"from": [-5.6085, 21.7251, -1.6051],
			"to": [0.7949, 24.9268, 4.7983],
			"rotation": {"angle": 0, "axis": "y", "origin": [8.40021, 11.31957, 8]},
			"faces": {
				"north": {"uv": [0, 8, 16, 16], "texture": "#3"},
				"east": {"uv": [0, 8, 16, 16], "texture": "#3"},
				"south": {"uv": [0, 8, 16, 16], "texture": "#3"},
				"west": {"uv": [0, 8, 16, 16], "texture": "#3"},
				"up": {"uv": [0, 0, 16, 16], "texture": "#3"},
				"down": {"uv": [0, 0, 16, 16], "texture": "#3"}
			}
		},
		{
			"from": [-5.6085, 11.28525, -10.67754],
			"to": [0.7949, 12.48588, -10.67754],
			"shade": false,
			"rotation": {"angle": 45, "axis": "x", "origin": [8.40021, 11.31957, 8]},
			"faces": {
				"north": {"uv": [6, 0, 3, 16], "rotation": 270, "texture": "#10"},
				"south": {"uv": [3, 0, 6, 16], "rotation": 90, "texture": "#10"}
			}
		},
		{
			"from": [-5.6085, 11.88556, -11.27786],
			"to": [0.7949, 11.88556, -10.07722],
			"shade": false,
			"rotation": {"angle": 45, "axis": "x", "origin": [8.40021, 11.31957, 8]},
			"faces": {
				"up": {"uv": [0, 0, 3, 16], "rotation": 90, "texture": "#10"},
				"down": {"uv": [3, 0, 0, 16], "rotation": 90, "texture": "#10"}
			}
		},
		{
			"from": [13.6017, 15.3217, 6.79936],
			"to": [16.8034, 20.92468, 9.20064],
			"rotation": {"angle": 0, "axis": "y", "origin": [8.40021, 11.31957, 8]},
			"faces": {
				"north": {"uv": [8, 2, 16, 16], "texture": "#11"},
				"south": {"uv": [0, 2, 8, 16], "texture": "#11"},
				"up": {"uv": [0, 5, 8, 11], "texture": "#11"},
				"down": {"uv": [0, 5, 8, 11], "texture": "#11"}
			}
		},
		{
			"from": [15.20255, 15.3217, 6.39915],
			"to": [18.40425, 21.7251, 9.60085],
			"rotation": {"angle": 0, "axis": "y", "origin": [8.40021, 11.31957, 8]},
			"faces": {
				"north": {"uv": [4, 0, 12, 16], "texture": "#11"},
				"east": {"uv": [4, 0, 12, 16], "texture": "#11"},
				"south": {"uv": [4, 0, 12, 16], "texture": "#11"},
				"west": {"uv": [4, 0, 12, 16], "texture": "#11"},
				"up": {"uv": [4, 4, 12, 12], "texture": "#11"},
				"down": {"uv": [4, 4, 12, 12], "texture": "#11"}
			}
		},
		{
			"from": [15.20255, 23.3411, 6.39915],
			"to": [18.40425, 24.14153, 9.60085],
			"rotation": {"angle": 0, "axis": "y", "origin": [8.40021, 11.31957, 8]},
			"faces": {
				"north": {"uv": [0, 7, 8, 9], "texture": "#21"},
				"east": {"uv": [0, 7, 8, 9], "texture": "#21"},
				"south": {"uv": [0, 7, 8, 9], "texture": "#21"},
				"west": {"uv": [0, 7, 8, 9], "texture": "#21"},
				"up": {"uv": [0, 0, 8, 8], "texture": "#22"},
				"down": {"uv": [0, 0, 8, 8], "texture": "#20"}
			}
		},
		{
			"from": [9.19936, 17.72298, 17.6051],
			"to": [11.60064, 19.32382, 18.40552],
			"rotation": {"angle": 0, "axis": "y", "origin": [8.40021, 11.31957, 8]},
			"faces": {
				"north": {"uv": [5, 6, 11, 10], "texture": "#1"},
				"east": {"uv": [14, 6, 16, 10], "texture": "#1"},
				"south": {"uv": [5, 6, 11, 10], "texture": "#1"},
				"west": {"uv": [0, 6, 2, 10], "texture": "#1"},
				"up": {"uv": [5, 0, 11, 2], "texture": "#1"},
				"down": {"uv": [5, 14, 11, 16], "texture": "#1"}
			}
		},
		{
			"from": [9.19936, 17.72298, -2.40553],
			"to": [11.60064, 19.32382, -1.6051],
			"rotation": {"angle": 0, "axis": "y", "origin": [8.40021, 11.31957, 8]},
			"faces": {
				"north": {"uv": [5, 6, 11, 10], "texture": "#1"},
				"east": {"uv": [0, 6, 2, 10], "texture": "#1"},
				"south": {"uv": [5, 6, 11, 10], "texture": "#1"},
				"west": {"uv": [14, 6, 16, 10], "texture": "#1"},
				"up": {"uv": [5, 14, 11, 16], "texture": "#1"},
				"down": {"uv": [5, 0, 11, 2], "texture": "#1"}
			}
		},
		{
			"from": [2.79596, 17.72298, 17.6051],
			"to": [5.19724, 19.32382, 18.40552],
			"rotation": {"angle": 0, "axis": "y", "origin": [8.40021, 11.31957, 8]},
			"faces": {
				"north": {"uv": [5, 6, 11, 10], "texture": "#1"},
				"east": {"uv": [14, 6, 16, 10], "texture": "#1"},
				"south": {"uv": [5, 6, 11, 10], "texture": "#1"},
				"west": {"uv": [0, 6, 2, 10], "texture": "#1"},
				"up": {"uv": [5, 0, 11, 2], "texture": "#1"},
				"down": {"uv": [5, 14, 11, 16], "texture": "#1"}
			}
		},
		{
			"from": [2.79596, 17.72298, -2.40553],
			"to": [5.19724, 19.32382, -1.6051],
			"rotation": {"angle": 0, "axis": "y", "origin": [8.40021, 11.31957, 8]},
			"faces": {
				"north": {"uv": [5, 6, 11, 10], "texture": "#1"},
				"east": {"uv": [0, 6, 2, 10], "texture": "#1"},
				"south": {"uv": [5, 6, 11, 10], "texture": "#1"},
				"west": {"uv": [14, 6, 16, 10], "texture": "#1"},
				"up": {"uv": [5, 14, 11, 16], "texture": "#1"},
				"down": {"uv": [5, 0, 11, 2], "texture": "#1"}
			}
		},
		{
			"from": [-3.60744, 17.72298, 17.6051],
			"to": [-1.20616, 19.32382, 18.40552],
			"rotation": {"angle": 0, "axis": "y", "origin": [8.40021, 11.31957, 8]},
			"faces": {
				"north": {"uv": [5, 6, 11, 10], "texture": "#1"},
				"east": {"uv": [14, 6, 16, 10], "texture": "#1"},
				"south": {"uv": [5, 6, 11, 10], "texture": "#1"},
				"west": {"uv": [0, 6, 2, 10], "texture": "#1"},
				"up": {"uv": [5, 0, 11, 2], "texture": "#1"},
				"down": {"uv": [5, 14, 11, 16], "texture": "#1"}
			}
		},
		{
			"from": [-3.60744, 17.72298, -2.40553],
			"to": [-1.20616, 19.32382, -1.6051],
			"rotation": {"angle": 0, "axis": "y", "origin": [8.40021, 11.31957, 8]},
			"faces": {
				"north": {"uv": [5, 6, 11, 10], "texture": "#1"},
				"east": {"uv": [0, 6, 2, 10], "texture": "#1"},
				"south": {"uv": [5, 6, 11, 10], "texture": "#1"},
				"west": {"uv": [14, 6, 16, 10], "texture": "#1"},
				"up": {"uv": [5, 14, 11, 16], "texture": "#1"},
				"down": {"uv": [5, 0, 11, 2], "texture": "#1"}
			}
		},
		{
			"from": [7.1983, 8.9183, 17.6051],
			"to": [13.6017, 10.11894, 24.0085],
			"rotation": {"angle": 0, "axis": "y", "origin": [8.40021, 11.31957, 8]},
			"faces": {
				"north": {"uv": [0, 16, 16, 13], "texture": "#15"},
				"east": {"uv": [0, 16, 16, 13], "texture": "#15"},
				"south": {"uv": [0, 16, 16, 13], "texture": "#15"},
				"west": {"uv": [0, 16, 16, 13], "texture": "#15"},
				"up": {"uv": [0, 0, 16, 16], "texture": "#15"},
				"down": {"uv": [0, 0, 16, 16], "texture": "#15"}
			}
		},
		{
			"from": [7.1983, 8.9183, -8.0085],
			"to": [13.6017, 10.11894, -1.6051],
			"rotation": {"angle": 0, "axis": "y", "origin": [8.40021, 11.31957, 8]},
			"faces": {
				"north": {"uv": [0, 16, 16, 13], "texture": "#15"},
				"east": {"uv": [0, 16, 16, 13], "texture": "#15"},
				"south": {"uv": [0, 16, 16, 13], "texture": "#15"},
				"west": {"uv": [0, 16, 16, 13], "texture": "#15"},
				"up": {"uv": [0, 0, 16, 16], "texture": "#15"},
				"down": {"uv": [0, 0, 16, 16], "texture": "#15"}
			}
		},
		{
			"from": [0.7949, 8.9183, 17.6051],
			"to": [7.1983, 10.11894, 24.0085],
			"rotation": {"angle": 0, "axis": "y", "origin": [8.40021, 11.31957, 8]},
			"faces": {
				"north": {"uv": [0, 16, 16, 13], "texture": "#15"},
				"east": {"uv": [0, 16, 16, 13], "texture": "#15"},
				"south": {"uv": [0, 16, 16, 13], "texture": "#15"},
				"west": {"uv": [0, 16, 16, 13], "texture": "#15"},
				"up": {"uv": [0, 0, 16, 16], "texture": "#15"},
				"down": {"uv": [0, 0, 16, 16], "texture": "#15"}
			}
		},
		{
			"from": [0.7949, 8.9183, 11.2017],
			"to": [7.1983, 12.12, 14.4034],
			"rotation": {"angle": 0, "axis": "y", "origin": [8.40021, 11.31957, 8]},
			"faces": {
				"north": {"uv": [0, 8, 16, 16], "texture": "#3"},
				"east": {"uv": [8, 8, 16, 16], "texture": "#3"},
				"south": {"uv": [0, 8, 16, 16], "texture": "#3"},
				"west": {"uv": [0, 8, 8, 16], "texture": "#3"},
				"down": {"uv": [0, 8, 16, 16], "texture": "#3"}
			}
		},
		{
			"from": [0.7949, 12.12, 11.2017],
			"to": [7.1983, 15.3217, 17.6051],
			"rotation": {"angle": 0, "axis": "y", "origin": [8.40021, 11.31957, 8]},
			"faces": {
				"north": {"uv": [0, 0, 16, 8], "texture": "#3"},
				"east": {"uv": [0, 0, 16, 8], "texture": "#3"},
				"south": {"uv": [0, 0, 16, 8], "texture": "#3"},
				"west": {"uv": [0, 0, 16, 8], "texture": "#3"},
				"up": {"uv": [0, 0, 16, 16], "texture": "#3"},
				"down": {"uv": [0, 0, 16, 16], "texture": "#3"}
			}
		},
		{
			"from": [0.7949, 8.9183, 1.5966],
			"to": [7.1983, 12.12, 4.7983],
			"rotation": {"angle": 0, "axis": "y", "origin": [8.40021, 11.31957, 8]},
			"faces": {
				"north": {"uv": [0, 8, 16, 16], "texture": "#3"},
				"east": {"uv": [0, 8, 8, 16], "texture": "#3"},
				"south": {"uv": [0, 8, 16, 16], "texture": "#3"},
				"west": {"uv": [8, 8, 16, 16], "texture": "#3"},
				"down": {"uv": [0, 0, 16, 8], "texture": "#3"}
			}
		},
		{
			"from": [0.7949, 12.12, -1.6051],
			"to": [7.1983, 15.3217, 4.7983],
			"rotation": {"angle": 0, "axis": "y", "origin": [8.40021, 11.31957, 8]},
			"faces": {
				"north": {"uv": [0, 0, 16, 8], "texture": "#3"},
				"east": {"uv": [0, 0, 16, 8], "texture": "#3"},
				"south": {"uv": [0, 0, 16, 8], "texture": "#3"},
				"west": {"uv": [0, 0, 16, 8], "texture": "#3"},
				"up": {"uv": [0, 0, 16, 16], "texture": "#3"},
				"down": {"uv": [0, 0, 16, 16], "texture": "#3"}
			}
		},
		{
			"from": [0.7949, 8.9183, -8.0085],
			"to": [7.1983, 10.11894, -1.6051],
			"rotation": {"angle": 0, "axis": "y", "origin": [8.40021, 11.31957, 8]},
			"faces": {
				"north": {"uv": [0, 16, 16, 13], "texture": "#15"},
				"east": {"uv": [0, 16, 16, 13], "texture": "#15"},
				"south": {"uv": [0, 16, 16, 13], "texture": "#15"},
				"west": {"uv": [0, 16, 16, 13], "texture": "#15"},
				"up": {"uv": [0, 0, 16, 16], "texture": "#15"},
				"down": {"uv": [0, 0, 16, 16], "texture": "#15"}
			}
		},
		{
			"from": [-5.6085, 11.71979, 20.40659],
			"to": [0.39469, 12.52021, 21.20701],
			"rotation": {"angle": 0, "axis": "y", "origin": [8.40021, 11.31957, 8]},
			"faces": {
				"north": {"uv": [0, 0, 2, 15], "rotation": 90, "texture": "#14"},
				"south": {"uv": [0, 0, 2, 15], "rotation": 270, "texture": "#14"},
				"west": {"uv": [2, 0, 4, 2], "rotation": 180, "texture": "#14"},
				"up": {"uv": [0, 0, 2, 15], "rotation": 270, "texture": "#14"},
				"down": {"uv": [0, 0, 2, 15], "rotation": 270, "texture": "#14"}
			}
		},
		{
			"from": [0.39469, 11.31958, 20.00637],
			"to": [0.7949, 12.92043, 21.60723],
			"rotation": {"angle": 0, "axis": "y", "origin": [8.40021, 11.31957, 8]},
			"faces": {
				"north": {"uv": [2, 6, 6, 7], "rotation": 90, "texture": "#14"},
				"east": {"uv": [6, 6, 2, 2], "texture": "#14"},
				"south": {"uv": [2, 6, 6, 7], "rotation": 270, "texture": "#14"},
				"west": {"uv": [2, 2, 6, 6], "rotation": 180, "texture": "#14"},
				"up": {"uv": [2, 6, 6, 7], "rotation": 270, "texture": "#14"},
				"down": {"uv": [2, 6, 6, 7], "rotation": 270, "texture": "#14"}
			}
		},
		{
			"from": [-5.6085, 8.9183, 11.2017],
			"to": [0.7949, 12.12, 14.4034],
			"rotation": {"angle": 0, "axis": "y", "origin": [8.40021, 11.31957, 8]},
			"faces": {
				"north": {"uv": [0, 8, 16, 16], "texture": "#3"},
				"east": {"uv": [8, 8, 16, 16], "texture": "#3"},
				"south": {"uv": [0, 8, 16, 16], "texture": "#3"},
				"west": {"uv": [0, 8, 8, 16], "texture": "#3"},
				"down": {"uv": [0, 8, 16, 16], "texture": "#3"}
			}
		},
		{
			"from": [-5.6085, 12.12, 11.2017],
			"to": [0.7949, 15.3217, 17.6051],
			"rotation": {"angle": 0, "axis": "y", "origin": [8.40021, 11.31957, 8]},
			"faces": {
				"north": {"uv": [0, 0, 16, 8], "texture": "#3"},
				"east": {"uv": [0, 0, 16, 8], "texture": "#3"},
				"south": {"uv": [0, 0, 16, 8], "texture": "#3"},
				"west": {"uv": [0, 0, 16, 8], "texture": "#3"},
				"up": {"uv": [0, 0, 16, 16], "texture": "#3"},
				"down": {"uv": [0, 0, 16, 16], "texture": "#3"}
			}
		},
		{
			"from": [-5.6085, 8.9183, 1.5966],
			"to": [0.7949, 12.12, 4.7983],
			"rotation": {"angle": 0, "axis": "y", "origin": [8.40021, 11.31957, 8]},
			"faces": {
				"north": {"uv": [0, 8, 16, 16], "texture": "#3"},
				"east": {"uv": [0, 8, 8, 16], "texture": "#3"},
				"south": {"uv": [0, 8, 16, 16], "texture": "#3"},
				"west": {"uv": [8, 8, 16, 16], "texture": "#3"},
				"down": {"uv": [0, 0, 16, 8], "texture": "#3"}
			}
		},
		{
			"from": [-5.6085, 12.12, -1.6051],
			"to": [0.7949, 15.3217, 4.7983],
			"rotation": {"angle": 0, "axis": "y", "origin": [8.40021, 11.31957, 8]},
			"faces": {
				"north": {"uv": [0, 0, 16, 8], "texture": "#3"},
				"east": {"uv": [0, 0, 16, 8], "texture": "#3"},
				"south": {"uv": [0, 0, 16, 8], "texture": "#3"},
				"west": {"uv": [0, 0, 16, 8], "texture": "#3"},
				"up": {"uv": [0, 0, 16, 16], "texture": "#3"},
				"down": {"uv": [0, 0, 16, 16], "texture": "#3"}
			}
		},
		{
			"from": [-5.6085, 11.71979, -5.20701],
			"to": [0.39469, 12.52021, -4.40659],
			"rotation": {"angle": 0, "axis": "y", "origin": [8.40021, 11.31957, 8]},
			"faces": {
				"north": {"uv": [0, 0, 2, 15], "rotation": 90, "texture": "#14"},
				"south": {"uv": [0, 0, 2, 15], "rotation": 270, "texture": "#14"},
				"west": {"uv": [2, 0, 4, 2], "rotation": 180, "texture": "#14"},
				"up": {"uv": [0, 0, 2, 15], "rotation": 270, "texture": "#14"},
				"down": {"uv": [0, 0, 2, 15], "rotation": 270, "texture": "#14"}
			}
		},
		{
			"from": [0.39469, 11.31958, -5.60722],
			"to": [0.7949, 12.92043, -4.00637],
			"rotation": {"angle": 0, "axis": "y", "origin": [8.40021, 11.31957, 8]},
			"faces": {
				"north": {"uv": [2, 6, 6, 7], "rotation": 90, "texture": "#14"},
				"east": {"uv": [6, 6, 2, 2], "texture": "#14"},
				"south": {"uv": [2, 6, 6, 7], "rotation": 270, "texture": "#14"},
				"west": {"uv": [2, 2, 6, 6], "rotation": 180, "texture": "#14"},
				"up": {"uv": [2, 6, 6, 7], "rotation": 270, "texture": "#14"},
				"down": {"uv": [2, 6, 6, 7], "rotation": 270, "texture": "#14"}
			}
		},
		{
			"from": [10.51722, 2.5149, 25.22824],
			"to": [10.51722, 8.9183, 26.42887],
			"shade": false,
			"rotation": {"angle": 45, "axis": "y", "origin": [8.40021, 11.31957, 8]},
			"faces": {
				"east": {"uv": [3, 0, 6, 16], "texture": "#10"},
				"west": {"uv": [6, 0, 3, 16], "texture": "#10"}
			}
		},
		{
			"from": [9.9169, 2.5149, 25.82856],
			"to": [11.11753, 8.9183, 25.82856],
			"shade": false,
			"rotation": {"angle": 45, "axis": "y", "origin": [8.40021, 11.31957, 8]},
			"faces": {
				"north": {"uv": [3, 0, 0, 16], "texture": "#10"},
				"south": {"uv": [0, 0, 3, 16], "texture": "#10"}
			}
		},
		{
			"from": [20.0051, 2.5149, 11.2017],
			"to": [21.20574, 8.9183, 17.6051],
			"rotation": {"angle": 0, "axis": "y", "origin": [8.40021, 11.31957, 8]},
			"faces": {
				"north": {"uv": [16, 0, 13, 16], "texture": "#5"},
				"east": {"uv": [0, 0, 16, 16], "texture": "#5"},
				"south": {"uv": [13, 0, 16, 16], "texture": "#5"},
				"west": {"uv": [0, 0, 16, 16], "texture": "#5"},
				"up": {"uv": [0, 16, 16, 13], "rotation": 90, "texture": "#5"},
				"down": {"uv": [0, 13, 16, 16], "rotation": 270, "texture": "#5"}
			}
		},
		{
			"from": [20.0051, 16.5337, 6.0103],
			"to": [20.19574, 20.5131, 9.9897],
			"rotation": {"angle": 0, "axis": "y", "origin": [8.40021, 11.31957, 8]},
			"faces": {
				"east": {"uv": [3, 3, 13, 13], "texture": "#23"},
				"west": {"uv": [3, 3, 13, 13], "texture": "#23"},
				"up": {"uv": [0, 16, 16, 13], "rotation": 90, "texture": "#23"},
				"down": {"uv": [0, 13, 16, 16], "rotation": 270, "texture": "#23"}
			}
		},
		{
			"from": [20.0051, 20.5131, 6.0103],
			"to": [20.39774, 20.8565, 9.9897],
			"rotation": {"angle": 0, "axis": "y", "origin": [8.40021, 11.31957, 8]},
			"faces": {
				"east": {"uv": [0, 0, 10, 1], "texture": "#24"},
				"west": {"uv": [0, 0, 10, 1], "texture": "#24"},
				"up": {"uv": [0, 0, 10, 1], "texture": "#24"},
				"down": {"uv": [0, 0, 10, 1], "texture": "#24"}
			}
		},
		{
			"from": [20.0051, 16.1903, 6.0103],
			"to": [20.39774, 16.5337, 9.9897],
			"rotation": {"angle": 0, "axis": "y", "origin": [8.40021, 11.31957, 8]},
			"faces": {
				"east": {"uv": [0, 0, 10, 1], "texture": "#24"},
				"west": {"uv": [0, 0, 10, 1], "texture": "#24"},
				"up": {"uv": [0, 0, 10, 1], "texture": "#24"},
				"down": {"uv": [0, 0, 10, 1], "texture": "#24"}
			}
		},
		{
			"from": [20.0051, 16.1903, 5.6669],
			"to": [20.39774, 20.8565, 6.0103],
			"rotation": {"angle": 0, "axis": "y", "origin": [8.40021, 11.31957, 8]},
			"faces": {
				"north": {"uv": [0, 0, 1, 14], "texture": "#24"},
				"east": {"uv": [0, 0, 1, 14], "texture": "#24"},
				"south": {"uv": [0, 0, 1, 14], "texture": "#24"},
				"west": {"uv": [0, 0, 1, 14], "texture": "#24"},
				"up": {"uv": [0, 16, 1, 15], "rotation": 90, "texture": "#24"},
				"down": {"uv": [0, 16, 1, 15], "rotation": 90, "texture": "#24"}
			}
		},
		{
			"from": [20.0051, 16.1903, 9.9897],
			"to": [20.39774, 20.8565, 10.3331],
			"rotation": {"angle": 0, "axis": "y", "origin": [8.40021, 11.31957, 8]},
			"faces": {
				"north": {"uv": [0, 0, 1, 14], "texture": "#24"},
				"east": {"uv": [0, 0, 1, 14], "texture": "#24"},
				"south": {"uv": [0, 0, 1, 14], "texture": "#24"},
				"west": {"uv": [0, 0, 1, 14], "texture": "#24"},
				"up": {"uv": [0, 16, 1, 15], "rotation": 90, "texture": "#24"},
				"down": {"uv": [0, 16, 1, 15], "rotation": 90, "texture": "#24"}
			}
		},
		{
			"from": [20.0051, 2.5149, -1.6051],
			"to": [21.20574, 8.9183, 4.7983],
			"rotation": {"angle": 0, "axis": "y", "origin": [8.40021, 11.31957, 8]},
			"faces": {
				"north": {"uv": [16, 0, 13, 16], "texture": "#5"},
				"east": {"uv": [0, 0, 16, 16], "texture": "#5"},
				"south": {"uv": [13, 0, 16, 16], "texture": "#5"},
				"west": {"uv": [0, 0, 16, 16], "texture": "#5"},
				"up": {"uv": [0, 16, 16, 13], "rotation": 90, "texture": "#5"},
				"down": {"uv": [0, 13, 16, 16], "rotation": 270, "texture": "#5"}
			}
		},
		{
			"from": [28.62877, 2.5149, 7.11668],
			"to": [28.62877, 8.9183, 8.31732],
			"shade": false,
			"rotation": {"angle": 45, "axis": "y", "origin": [8.40021, 11.31957, 8]},
			"faces": {
				"east": {"uv": [3, 0, 6, 16], "texture": "#10"},
				"west": {"uv": [6, 0, 3, 16], "texture": "#10"}
			}
		},
		{
			"from": [28.02845, 2.5149, 7.71701],
			"to": [29.22909, 8.9183, 7.71701],
			"shade": false,
			"rotation": {"angle": 45, "axis": "y", "origin": [8.40021, 11.31957, 8]},
			"faces": {
				"north": {"uv": [3, 0, 0, 16], "texture": "#10"},
				"south": {"uv": [0, 0, 3, 16], "texture": "#10"}
			}
		},
		{
			"from": [5.98933, 2.5149, 20.70035],
			"to": [5.98933, 8.9183, 21.90098],
			"shade": false,
			"rotation": {"angle": 45, "axis": "y", "origin": [8.40021, 11.31957, 8]},
			"faces": {
				"east": {"uv": [3, 0, 6, 16], "texture": "#10"},
				"west": {"uv": [6, 0, 3, 16], "texture": "#10"}
			}
		},
		{
			"from": [5.38902, 2.5149, 21.30067],
			"to": [6.58965, 8.9183, 21.30067],
			"shade": false,
			"rotation": {"angle": 45, "axis": "y", "origin": [8.40021, 11.31957, 8]},
			"faces": {
				"north": {"uv": [3, 0, 0, 16], "texture": "#10"},
				"south": {"uv": [0, 0, 3, 16], "texture": "#10"}
			}
		},
		{
			"from": [13.6017, 2.5149, 13.20276],
			"to": [16.8034, 8.11787, 15.60404],
			"rotation": {"angle": 0, "axis": "y", "origin": [8.40021, 11.31957, 8]},
			"faces": {
				"north": {"uv": [8, 2, 16, 16], "texture": "#11"},
				"south": {"uv": [0, 2, 8, 16], "texture": "#11"},
				"up": {"uv": [0, 5, 8, 11], "texture": "#11"},
				"down": {"uv": [0, 5, 8, 11], "texture": "#11"}
			}
		},
		{
			"from": [16.8034, 2.5149, 13.20276],
			"to": [20.0051, 8.11787, 15.60404],
			"rotation": {"angle": 0, "axis": "y", "origin": [8.40021, 11.31957, 8]},
			"faces": {
				"north": {"uv": [0, 2, 8, 16], "texture": "#11"},
				"east": {"uv": [5, 2, 11, 16], "texture": "#11"},
				"south": {"uv": [8, 2, 16, 16], "texture": "#11"},
				"up": {"uv": [8, 5, 16, 11], "texture": "#11"},
				"down": {"uv": [8, 5, 16, 11], "texture": "#11"}
			}
		},
		{
			"from": [13.6017, 5.7166, 4.7983],
			"to": [16.8034, 8.9183, 11.2017],
			"rotation": {"angle": 0, "axis": "y", "origin": [8.40021, 11.31957, 8]},
			"faces": {
				"north": {"uv": [8, 0, 16, 8], "texture": "#11"},
				"east": {"uv": [0, 0, 16, 8], "texture": "#11"},
				"south": {"uv": [0, 0, 8, 8], "texture": "#11"},
				"up": {"uv": [0, 0, 8, 16], "texture": "#11"}
			}
		},
		{
			"from": [13.6017, 2.5149, 4.7983],
			"to": [20.0051, 5.7166, 11.2017],
			"rotation": {"angle": 0, "axis": "y", "origin": [8.40021, 11.31957, 8]},
			"faces": {
				"north": {"uv": [0, 8, 16, 16], "texture": "#11"},
				"east": {"uv": [0, 8, 16, 16], "texture": "#11"},
				"south": {"uv": [0, 8, 16, 16], "texture": "#11"},
				"up": {"uv": [0, 0, 16, 16], "texture": "#11"}
			}
		},
		{
			"from": [13.6017, 2.5149, 0.39596],
			"to": [16.8034, 8.11787, 2.79724],
			"rotation": {"angle": 0, "axis": "y", "origin": [8.40021, 11.31957, 8]},
			"faces": {
				"north": {"uv": [8, 2, 16, 16], "texture": "#11"},
				"south": {"uv": [0, 2, 8, 16], "texture": "#11"},
				"up": {"uv": [0, 5, 8, 11], "texture": "#11"},
				"down": {"uv": [0, 5, 8, 11], "texture": "#11"}
			}
		},
		{
			"from": [16.8034, 2.5149, 0.39596],
			"to": [20.0051, 8.11787, 2.79724],
			"rotation": {"angle": 0, "axis": "y", "origin": [8.40021, 11.31957, 8]},
			"faces": {
				"north": {"uv": [0, 2, 8, 16], "texture": "#11"},
				"east": {"uv": [5, 2, 11, 16], "texture": "#11"},
				"south": {"uv": [8, 2, 16, 16], "texture": "#11"},
				"up": {"uv": [8, 5, 16, 11], "texture": "#11"},
				"down": {"uv": [8, 5, 16, 11], "texture": "#11"}
			}
		},
		{
			"from": [24.10088, 2.5149, 2.5888],
			"to": [24.10088, 8.9183, 3.78944],
			"shade": false,
			"rotation": {"angle": 45, "axis": "y", "origin": [8.40021, 11.31957, 8]},
			"faces": {
				"east": {"uv": [3, 0, 6, 16], "texture": "#10"},
				"west": {"uv": [6, 0, 3, 16], "texture": "#10"}
			}
		},
		{
			"from": [23.50056, 2.5149, 3.18912],
			"to": [24.7012, 8.9183, 3.18912],
			"shade": false,
			"rotation": {"angle": 45, "axis": "y", "origin": [8.40021, 11.31957, 8]},
			"faces": {
				"north": {"uv": [3, 0, 0, 16], "texture": "#10"},
				"south": {"uv": [0, 0, 3, 16], "texture": "#10"}
			}
		},
		{
			"from": [0.7949, 2.5149, 17.6051],
			"to": [7.1983, 5.7166, 24.0085],
			"rotation": {"angle": 0, "axis": "y", "origin": [8.40021, 11.31957, 8]},
			"faces": {
				"north": {"uv": [0, 8, 16, 16], "texture": "#1"},
				"east": {"uv": [0, 8, 16, 16], "texture": "#1"},
				"south": {"uv": [0, 8, 16, 16], "texture": "#1"},
				"up": {"uv": [0, 0, 16, 16], "texture": "#1"},
				"down": {"uv": [0, 0, 16, 16], "texture": "#1"}
			}
		},
		{
			"from": [3.59639, 4.41053, 6.58503],
			"to": [4.39681, 5.21095, 10.58716],
			"rotation": {"angle": -45, "axis": "x", "origin": [8.40021, 11.31957, 8]},
			"faces": {
				"east": {"uv": [7, 6, 9, 16], "rotation": 270, "texture": "#13"},
				"south": {"uv": [7, 6, 9, 8], "rotation": 180, "texture": "#13"},
				"west": {"uv": [7, 6, 9, 16], "rotation": 90, "texture": "#13"},
				"up": {"uv": [7, 6, 9, 16], "rotation": 180, "texture": "#13"},
				"down": {"uv": [7, 6, 9, 16], "texture": "#13"}
			}
		},
		{
			"from": [2.79596, 4.11575, 11.1937],
			"to": [5.19724, 7.31745, 12.39434],
			"rotation": {"angle": 0, "axis": "y", "origin": [8.40021, 11.31957, 8]},
			"faces": {
				"east": {"uv": [4, 0, 12, 3], "rotation": 270, "texture": "#12"},
				"south": {"uv": [5, 4, 11, 12], "rotation": 180, "texture": "#12"},
				"west": {"uv": [4, 0, 12, 3], "rotation": 90, "texture": "#12"},
				"up": {"uv": [5, 0, 11, 3], "rotation": 180, "texture": "#12"},
				"down": {"uv": [5, 0, 11, 3], "texture": "#12"}
			}
		},
		{
			"from": [3.59639, 4.41053, 5.41284],
			"to": [4.39681, 5.21095, 9.41497],
			"rotation": {"angle": 45, "axis": "x", "origin": [8.40021, 11.31957, 8]},
			"faces": {
				"north": {"uv": [7, 6, 9, 8], "rotation": 180, "texture": "#13"},
				"east": {"uv": [7, 6, 9, 16], "rotation": 90, "texture": "#13"},
				"west": {"uv": [7, 6, 9, 16], "rotation": 270, "texture": "#13"},
				"up": {"uv": [7, 6, 9, 16], "texture": "#13"},
				"down": {"uv": [7, 6, 9, 16], "rotation": 180, "texture": "#13"}
			}
		},
		{
			"from": [2.79596, 4.11575, 3.60566],
			"to": [5.19724, 7.31745, 4.8063],
			"rotation": {"angle": 0, "axis": "y", "origin": [8.40021, 11.31957, 8]},
			"faces": {
				"north": {"uv": [5, 4, 11, 12], "rotation": 180, "texture": "#12"},
				"east": {"uv": [4, 0, 12, 3], "rotation": 90, "texture": "#12"},
				"west": {"uv": [4, 0, 12, 3], "rotation": 270, "texture": "#12"},
				"up": {"uv": [5, 0, 11, 3], "texture": "#12"},
				"down": {"uv": [5, 0, 11, 3], "rotation": 180, "texture": "#12"}
			}
		},
		{
			"from": [0.7949, 2.5149, -8.0085],
			"to": [7.1983, 5.7166, -1.6051],
			"rotation": {"angle": 0, "axis": "y", "origin": [8.40021, 11.31957, 8]},
			"faces": {
				"north": {"uv": [0, 8, 16, 16], "texture": "#1"},
				"east": {"uv": [0, 8, 16, 16], "texture": "#1"},
				"south": {"uv": [0, 8, 16, 16], "texture": "#1"},
				"up": {"uv": [0, 0, 16, 16], "texture": "#1"},
				"down": {"uv": [0, 0, 16, 16], "texture": "#1"}
			}
		},
		{
			"from": [-5.6085, 2.5149, 17.6051],
			"to": [0.7949, 5.7166, 24.0085],
			"rotation": {"angle": 0, "axis": "y", "origin": [8.40021, 11.31957, 8]},
			"faces": {
				"north": {"uv": [0, 8, 16, 16], "texture": "#1"},
				"south": {"uv": [0, 8, 16, 16], "texture": "#1"},
				"west": {"uv": [0, 8, 16, 16], "texture": "#1"},
				"up": {"uv": [0, 0, 16, 16], "texture": "#1"},
				"down": {"uv": [0, 0, 16, 16], "texture": "#1"}
			}
		},
		{
			"from": [-2.80701, 4.41053, 6.58503],
			"to": [-2.00659, 5.21095, 10.58716],
			"rotation": {"angle": -45, "axis": "x", "origin": [8.40021, 11.31957, 8]},
			"faces": {
				"east": {"uv": [7, 6, 9, 16], "rotation": 270, "texture": "#13"},
				"south": {"uv": [7, 6, 9, 8], "rotation": 180, "texture": "#13"},
				"west": {"uv": [7, 6, 9, 16], "rotation": 90, "texture": "#13"},
				"up": {"uv": [7, 6, 9, 16], "rotation": 180, "texture": "#13"},
				"down": {"uv": [7, 6, 9, 16], "texture": "#13"}
			}
		},
		{
			"from": [-3.60744, 4.11575, 11.1937],
			"to": [-1.20616, 7.31745, 12.39434],
			"rotation": {"angle": 0, "axis": "y", "origin": [8.40021, 11.31957, 8]},
			"faces": {
				"east": {"uv": [4, 0, 12, 3], "rotation": 270, "texture": "#12"},
				"south": {"uv": [5, 4, 11, 12], "rotation": 180, "texture": "#12"},
				"west": {"uv": [4, 0, 12, 3], "rotation": 90, "texture": "#12"},
				"up": {"uv": [5, 0, 11, 3], "rotation": 180, "texture": "#12"},
				"down": {"uv": [5, 0, 11, 3], "texture": "#12"}
			}
		},
		{
			"from": [-2.80701, 4.41053, 5.41284],
			"to": [-2.00659, 5.21095, 9.41497],
			"rotation": {"angle": 45, "axis": "x", "origin": [8.40021, 11.31957, 8]},
			"faces": {
				"north": {"uv": [7, 6, 9, 8], "rotation": 180, "texture": "#13"},
				"east": {"uv": [7, 6, 9, 16], "rotation": 90, "texture": "#13"},
				"west": {"uv": [7, 6, 9, 16], "rotation": 270, "texture": "#13"},
				"up": {"uv": [7, 6, 9, 16], "texture": "#13"},
				"down": {"uv": [7, 6, 9, 16], "rotation": 180, "texture": "#13"}
			}
		},
		{
			"from": [-3.60744, 4.11575, 3.60566],
			"to": [-1.20616, 7.31745, 4.8063],
			"rotation": {"angle": 0, "axis": "y", "origin": [8.40021, 11.31957, 8]},
			"faces": {
				"north": {"uv": [5, 4, 11, 12], "rotation": 180, "texture": "#12"},
				"east": {"uv": [4, 0, 12, 3], "rotation": 90, "texture": "#12"},
				"west": {"uv": [4, 0, 12, 3], "rotation": 270, "texture": "#12"},
				"up": {"uv": [5, 0, 11, 3], "texture": "#12"},
				"down": {"uv": [5, 0, 11, 3], "rotation": 180, "texture": "#12"}
			}
		},
		{
			"from": [-5.6085, 2.5149, -8.0085],
			"to": [0.7949, 5.7166, -1.6051],
			"rotation": {"angle": 0, "axis": "y", "origin": [8.40021, 11.31957, 8]},
			"faces": {
				"north": {"uv": [0, 8, 16, 16], "texture": "#1"},
				"south": {"uv": [0, 8, 16, 16], "texture": "#1"},
				"west": {"uv": [0, 8, 16, 16], "texture": "#1"},
				"up": {"uv": [0, 0, 16, 16], "texture": "#1"},
				"down": {"uv": [0, 0, 16, 16], "texture": "#1"}
			}
		},
		{
			"from": [20.0051, -0.6868, 11.2017],
			"to": [23.2068, 2.5149, 17.6051],
			"rotation": {"angle": 0, "axis": "y", "origin": [8.40021, 11.31957, 8]},
			"faces": {
				"north": {"uv": [8, 0, 16, 8], "texture": "#11"},
				"east": {"uv": [0, 0, 16, 8], "texture": "#11"},
				"south": {"uv": [0, 0, 8, 8], "texture": "#11"},
				"west": {"uv": [0, 0, 16, 8], "texture": "#11"},
				"up": {"uv": [0, 0, 8, 16], "texture": "#11"}
			}
		},
		{
			"from": [20.0051, -3.8885, 11.2017],
			"to": [26.4085, -0.6868, 17.6051],
			"rotation": {"angle": 0, "axis": "y", "origin": [8.40021, 11.31957, 8]},
			"faces": {
				"north": {"uv": [0, 8, 16, 16], "texture": "#11"},
				"east": {"uv": [0, 8, 16, 16], "texture": "#11"},
				"south": {"uv": [0, 8, 16, 16], "texture": "#11"},
				"west": {"uv": [0, 8, 16, 16], "texture": "#11"},
				"up": {"uv": [0, 0, 16, 16], "texture": "#11"},
				"down": {"uv": [0, 0, 16, 16], "texture": "#11"}
			}
		},
		{
			"from": [20.0051, -3.8885, 4.7983],
			"to": [26.4085, -0.6868, 11.2017],
			"rotation": {"angle": 0, "axis": "y", "origin": [8.40021, 11.31957, 8]},
			"faces": {
				"north": {"uv": [0, 8, 16, 16], "texture": "#1"},
				"east": {"uv": [0, 8, 16, 16], "texture": "#1"},
				"south": {"uv": [0, 8, 16, 16], "texture": "#1"},
				"west": {"uv": [0, 8, 16, 16], "texture": "#1"},
				"up": {"uv": [0, 0, 16, 16], "texture": "#1"}
			}
		},
		{
			"from": [20.0051, -0.6868, -1.6051],
			"to": [23.2068, 2.5149, 4.7983],
			"rotation": {"angle": 0, "axis": "y", "origin": [8.40021, 11.31957, 8]},
			"faces": {
				"north": {"uv": [8, 0, 16, 8], "texture": "#11"},
				"east": {"uv": [0, 0, 16, 8], "texture": "#11"},
				"south": {"uv": [0, 0, 8, 8], "texture": "#11"},
				"west": {"uv": [0, 0, 16, 8], "texture": "#11"},
				"up": {"uv": [0, 0, 8, 16], "texture": "#11"}
			}
		},
		{
			"from": [20.0051, -3.8885, -1.6051],
			"to": [26.4085, -0.6868, 4.7983],
			"rotation": {"angle": 0, "axis": "y", "origin": [8.40021, 11.31957, 8]},
			"faces": {
				"north": {"uv": [0, 8, 16, 16], "texture": "#11"},
				"east": {"uv": [0, 8, 16, 16], "texture": "#11"},
				"south": {"uv": [0, 8, 16, 16], "texture": "#11"},
				"west": {"uv": [0, 8, 16, 16], "texture": "#11"},
				"up": {"uv": [0, 0, 16, 16], "texture": "#11"},
				"down": {"uv": [0, 0, 16, 16], "texture": "#11"}
			}
		},
		{
			"from": [16.8034, -3.8885, 11.2017],
			"to": [20.0051, -0.6868, 17.6051],
			"rotation": {"angle": 0, "axis": "y", "origin": [8.40021, 11.31957, 8]},
			"faces": {
				"north": {"uv": [0, 8, 8, 16], "texture": "#11"},
				"east": {"uv": [0, 8, 16, 16], "texture": "#11"},
				"south": {"uv": [8, 8, 16, 16], "texture": "#11"},
				"west": {"uv": [0, 8, 16, 16], "texture": "#11"}
			}
		},
		{
			"from": [13.6017, -0.6868, 11.2017],
			"to": [20.0051, 2.5149, 17.6051],
			"rotation": {"angle": 0, "axis": "y", "origin": [8.40021, 11.31957, 8]},
			"faces": {
				"north": {"uv": [0, 0, 16, 8], "texture": "#11"},
				"east": {"uv": [0, 0, 16, 8], "texture": "#11"},
				"south": {"uv": [0, 0, 16, 8], "texture": "#11"},
				"west": {"uv": [0, 0, 16, 8], "texture": "#11"},
				"up": {"uv": [0, 0, 16, 16], "texture": "#11"},
				"down": {"uv": [0, 0, 16, 16], "texture": "#11"}
			}
		},
		{
			"from": [13.6017, -0.6868, 4.7983],
			"to": [20.0051, 2.5149, 11.2017],
			"rotation": {"angle": 0, "axis": "y", "origin": [8.40021, 11.31957, 8]},
			"faces": {
				"north": {"uv": [0, 0, 16, 8], "texture": "#1"},
				"east": {"uv": [0, 0, 16, 8], "texture": "#1"},
				"south": {"uv": [0, 0, 16, 8], "texture": "#1"},
				"up": {"uv": [0, 0, 16, 16], "texture": "#1"},
				"down": {"uv": [0, 0, 16, 16], "texture": "#1"}
			}
		},
		{
			"from": [16.8034, -3.8885, -1.6051],
			"to": [20.0051, -0.6868, 4.7983],
			"rotation": {"angle": 0, "axis": "y", "origin": [8.40021, 11.31957, 8]},
			"faces": {
				"north": {"uv": [0, 8, 8, 16], "texture": "#11"},
				"east": {"uv": [0, 8, 16, 16], "texture": "#11"},
				"south": {"uv": [8, 8, 16, 16], "texture": "#11"},
				"west": {"uv": [0, 8, 16, 16], "texture": "#11"}
			}
		},
		{
			"from": [13.6017, -0.6868, -1.6051],
			"to": [20.0051, 2.5149, 4.7983],
			"rotation": {"angle": 0, "axis": "y", "origin": [8.40021, 11.31957, 8]},
			"faces": {
				"north": {"uv": [0, 0, 16, 8], "texture": "#11"},
				"east": {"uv": [0, 0, 16, 8], "texture": "#11"},
				"south": {"uv": [0, 0, 16, 8], "texture": "#11"},
				"west": {"uv": [0, 0, 16, 8], "texture": "#11"},
				"up": {"uv": [0, 0, 16, 16], "texture": "#11"},
				"down": {"uv": [0, 0, 16, 16], "texture": "#11"}
			}
		},
		{
			"from": [7.1983, 6.75735, 21.01768],
			"to": [13.6017, 7.95799, 21.01768],
			"shade": false,
			"rotation": {"angle": 45, "axis": "x", "origin": [8.40021, 11.31957, 8]},
			"faces": {
				"north": {"uv": [6, 0, 3, 16], "rotation": 270, "texture": "#10"},
				"south": {"uv": [3, 0, 6, 16], "rotation": 90, "texture": "#10"}
			}
		},
		{
			"from": [7.1983, 7.35768, 20.41735],
			"to": [13.6017, 7.35768, 21.61799],
			"shade": false,
			"rotation": {"angle": 45, "axis": "x", "origin": [8.40021, 11.31957, 8]},
			"faces": {
				"up": {"uv": [0, 0, 3, 16], "rotation": 90, "texture": "#10"},
				"down": {"uv": [3, 0, 0, 16], "rotation": 90, "texture": "#10"}
			}
		},
		{
			"from": [7.1983, -2.29842, 11.9619],
			"to": [13.6017, -1.09778, 11.9619],
			"shade": false,
			"rotation": {"angle": 45, "axis": "x", "origin": [8.40021, 11.31957, 8]},
			"faces": {
				"north": {"uv": [6, 0, 3, 16], "rotation": 270, "texture": "#10"},
				"south": {"uv": [3, 0, 6, 16], "rotation": 90, "texture": "#10"}
			}
		},
		{
			"from": [7.1983, -1.6981, 11.36158],
			"to": [13.6017, -1.6981, 12.56222],
			"shade": false,
			"rotation": {"angle": 45, "axis": "x", "origin": [8.40021, 11.31957, 8]},
			"faces": {
				"up": {"uv": [0, 0, 3, 16], "rotation": 90, "texture": "#10"},
				"down": {"uv": [3, 0, 0, 16], "rotation": 90, "texture": "#10"}
			}
		},
		{
			"from": [7.1983, -3.8885, -8.0085],
			"to": [8.39894, 2.5149, -1.6051],
			"rotation": {"angle": 0, "axis": "y", "origin": [8.40021, 11.31957, 8]},
			"faces": {
				"north": {"uv": [16, 0, 13, 16], "texture": "#5"},
				"east": {"uv": [0, 0, 16, 16], "texture": "#5"},
				"south": {"uv": [13, 0, 16, 16], "texture": "#5"},
				"west": {"uv": [0, 0, 16, 16], "texture": "#5"},
				"up": {"uv": [0, 16, 16, 13], "rotation": 90, "texture": "#5"},
				"down": {"uv": [0, 13, 16, 16], "rotation": 270, "texture": "#5"}
			}
		},
		{
			"from": [0.7949, -3.8885, 24.0085],
			"to": [7.1983, 2.5149, 25.20914],
			"rotation": {"angle": 0, "axis": "y", "origin": [8.40021, 11.31957, 8]},
			"faces": {
				"north": {"uv": [0, 0, 16, 16], "texture": "#5"},
				"east": {"uv": [16, 0, 13, 16], "texture": "#5"},
				"south": {"uv": [0, 0, 16, 16], "texture": "#5"},
				"west": {"uv": [13, 0, 16, 16], "texture": "#5"},
				"up": {"uv": [0, 16, 16, 13], "rotation": 180, "texture": "#5"},
				"down": {"uv": [0, 13, 16, 16], "rotation": 180, "texture": "#5"}
			}
		},
		{
			"from": [0.7949, -3.08808, 19.20595],
			"to": [5.59745, 1.71448, 22.40765],
			"rotation": {"angle": 0, "axis": "y", "origin": [8.40021, 11.31957, 8]},
			"faces": {
				"north": {"uv": [0, 0, 12, 12], "rotation": 90, "texture": "#9"},
				"east": {"uv": [0, 0, 8, 12], "texture": "#8"},
				"south": {"uv": [0, 0, 12, 12], "rotation": 270, "texture": "#9"},
				"west": {"uv": [0, 0, 8, 12], "rotation": 180, "texture": "#8"},
				"up": {"uv": [0, 0, 8, 12], "rotation": 270, "texture": "#8"},
				"down": {"uv": [0, 0, 8, 12], "rotation": 270, "texture": "#8"}
			}
		},
		{
			"from": [1.99554, -1.88744, 22.40765],
			"to": [4.39681, 0.51384, 23.20808],
			"rotation": {"angle": 0, "axis": "y", "origin": [8.40021, 11.31957, 8]},
			"faces": {
				"east": {"uv": [8, 0, 10, 6], "texture": "#7"},
				"south": {"uv": [0, 0, 6, 6], "rotation": 270, "texture": "#7"},
				"west": {"uv": [8, 0, 10, 6], "rotation": 180, "texture": "#7"},
				"up": {"uv": [6, 0, 8, 6], "rotation": 270, "texture": "#7"},
				"down": {"uv": [6, 0, 8, 6], "rotation": 270, "texture": "#7"}
			}
		},
		{
			"from": [1.99554, -1.88744, 18.40552],
			"to": [4.39681, 0.51384, 19.20595],
			"rotation": {"angle": 0, "axis": "y", "origin": [8.40021, 11.31957, 8]},
			"faces": {
				"north": {"uv": [0, 0, 6, 6], "rotation": 90, "texture": "#7"},
				"east": {"uv": [8, 0, 10, 6], "texture": "#7"},
				"west": {"uv": [8, 0, 10, 6], "rotation": 180, "texture": "#7"},
				"up": {"uv": [6, 0, 8, 6], "rotation": 270, "texture": "#7"},
				"down": {"uv": [6, 0, 8, 6], "rotation": 270, "texture": "#7"}
			}
		},
		{
			"from": [4.39681, -1.48722, 22.40765],
			"to": [7.1983, 0.11363, 23.20808],
			"rotation": {"angle": 0, "axis": "y", "origin": [8.40021, 11.31957, 8]},
			"faces": {
				"north": {"uv": [10, 16, 6, 9], "rotation": 90, "texture": "#6"},
				"east": {"uv": [2, 6, 4, 10], "texture": "#6"},
				"south": {"uv": [6, 9, 10, 16], "rotation": 270, "texture": "#6"},
				"up": {"uv": [2, 9, 4, 16], "rotation": 270, "texture": "#6"},
				"down": {"uv": [12, 9, 14, 16], "rotation": 270, "texture": "#6"}
			}
		},
		{
			"from": [4.39681, -1.48722, 18.40552],
			"to": [7.1983, 0.11363, 19.20595],
			"rotation": {"angle": 0, "axis": "y", "origin": [8.40021, 11.31957, 8]},
			"faces": {
				"north": {"uv": [10, 16, 6, 9], "rotation": 90, "texture": "#6"},
				"east": {"uv": [12, 6, 14, 10], "texture": "#6"},
				"south": {"uv": [6, 9, 10, 16], "rotation": 270, "texture": "#6"},
				"up": {"uv": [12, 9, 14, 16], "rotation": 270, "texture": "#6"},
				"down": {"uv": [2, 9, 4, 16], "rotation": 270, "texture": "#6"}
			}
		},
		{
			"from": [0.7949, -3.08808, -6.40765],
			"to": [5.59745, 1.71448, -3.20595],
			"rotation": {"angle": 0, "axis": "y", "origin": [8.40021, 11.31957, 8]},
			"faces": {
				"north": {"uv": [0, 0, 12, 12], "rotation": 90, "texture": "#9"},
				"east": {"uv": [0, 0, 8, 12], "texture": "#8"},
				"south": {"uv": [0, 0, 12, 12], "rotation": 270, "texture": "#9"},
				"west": {"uv": [0, 0, 8, 12], "rotation": 180, "texture": "#8"},
				"up": {"uv": [0, 0, 8, 12], "rotation": 270, "texture": "#8"},
				"down": {"uv": [0, 0, 8, 12], "rotation": 270, "texture": "#8"}
			}
		},
		{
			"from": [1.99554, -1.88744, -3.20595],
			"to": [4.39681, 0.51384, -2.40553],
			"rotation": {"angle": 0, "axis": "y", "origin": [8.40021, 11.31957, 8]},
			"faces": {
				"east": {"uv": [8, 0, 10, 6], "texture": "#7"},
				"south": {"uv": [0, 0, 6, 6], "rotation": 270, "texture": "#7"},
				"west": {"uv": [8, 0, 10, 6], "rotation": 180, "texture": "#7"},
				"up": {"uv": [6, 0, 8, 6], "rotation": 270, "texture": "#7"},
				"down": {"uv": [6, 0, 8, 6], "rotation": 270, "texture": "#7"}
			}
		},
		{
			"from": [1.99554, -1.88744, -7.20808],
			"to": [4.39681, 0.51384, -6.40765],
			"rotation": {"angle": 0, "axis": "y", "origin": [8.40021, 11.31957, 8]},
			"faces": {
				"north": {"uv": [0, 0, 6, 6], "rotation": 90, "texture": "#7"},
				"east": {"uv": [8, 0, 10, 6], "texture": "#7"},
				"west": {"uv": [8, 0, 10, 6], "rotation": 180, "texture": "#7"},
				"up": {"uv": [6, 0, 8, 6], "rotation": 270, "texture": "#7"},
				"down": {"uv": [6, 0, 8, 6], "rotation": 270, "texture": "#7"}
			}
		},
		{
			"from": [4.39681, -1.48722, -3.20595],
			"to": [7.1983, 0.11363, -2.40553],
			"rotation": {"angle": 0, "axis": "y", "origin": [8.40021, 11.31957, 8]},
			"faces": {
				"north": {"uv": [10, 16, 6, 9], "rotation": 90, "texture": "#6"},
				"east": {"uv": [2, 6, 4, 10], "texture": "#6"},
				"south": {"uv": [6, 9, 10, 16], "rotation": 270, "texture": "#6"},
				"up": {"uv": [2, 9, 4, 16], "rotation": 270, "texture": "#6"},
				"down": {"uv": [12, 9, 14, 16], "rotation": 270, "texture": "#6"}
			}
		},
		{
			"from": [4.39681, -1.48722, -7.20808],
			"to": [7.1983, 0.11363, -6.40765],
			"rotation": {"angle": 0, "axis": "y", "origin": [8.40021, 11.31957, 8]},
			"faces": {
				"north": {"uv": [10, 16, 6, 9], "rotation": 90, "texture": "#6"},
				"east": {"uv": [12, 6, 14, 10], "texture": "#6"},
				"south": {"uv": [6, 9, 10, 16], "rotation": 270, "texture": "#6"},
				"up": {"uv": [12, 9, 14, 16], "rotation": 270, "texture": "#6"},
				"down": {"uv": [2, 9, 4, 16], "rotation": 270, "texture": "#6"}
			}
		},
		{
			"from": [0.7949, -3.8885, -9.20914],
			"to": [7.1983, 2.5149, -8.0085],
			"rotation": {"angle": 0, "axis": "y", "origin": [8.40021, 11.31957, 8]},
			"faces": {
				"north": {"uv": [0, 0, 16, 16], "texture": "#5"},
				"east": {"uv": [13, 0, 16, 16], "texture": "#5"},
				"south": {"uv": [0, 0, 16, 16], "texture": "#5"},
				"west": {"uv": [16, 0, 13, 16], "texture": "#5"},
				"up": {"uv": [0, 16, 16, 13], "texture": "#5"},
				"down": {"uv": [0, 13, 16, 16], "texture": "#5"}
			}
		},
		{
			"from": [-5.6085, -3.8885, 24.0085],
			"to": [0.7949, 2.5149, 25.20914],
			"rotation": {"angle": 0, "axis": "y", "origin": [8.40021, 11.31957, 8]},
			"faces": {
				"north": {"uv": [0, 0, 16, 16], "texture": "#5"},
				"east": {"uv": [16, 0, 13, 16], "texture": "#5"},
				"south": {"uv": [0, 0, 16, 16], "texture": "#5"},
				"west": {"uv": [13, 0, 16, 16], "texture": "#5"},
				"up": {"uv": [0, 16, 16, 13], "rotation": 180, "texture": "#5"},
				"down": {"uv": [0, 13, 16, 16], "rotation": 180, "texture": "#5"}
			}
		},
		{
			"from": [-4.00765, -3.08808, 19.20595],
			"to": [0.7949, 1.71448, 22.40765],
			"rotation": {"angle": 0, "axis": "y", "origin": [8.40021, 11.31957, 8]},
			"faces": {
				"north": {"uv": [0, 0, 12, 12], "rotation": 270, "texture": "#9"},
				"east": {"uv": [0, 0, 8, 12], "rotation": 180, "texture": "#8"},
				"south": {"uv": [0, 0, 12, 12], "rotation": 90, "texture": "#9"},
				"west": {"uv": [0, 0, 8, 12], "texture": "#8"},
				"up": {"uv": [0, 0, 8, 12], "rotation": 90, "texture": "#8"},
				"down": {"uv": [0, 0, 8, 12], "rotation": 90, "texture": "#8"}
			}
		},
		{
			"from": [-2.80701, -1.88744, 18.40552],
			"to": [-0.40574, 0.51384, 19.20595],
			"rotation": {"angle": 0, "axis": "y", "origin": [8.40021, 11.31957, 8]},
			"faces": {
				"north": {"uv": [0, 0, 6, 6], "rotation": 270, "texture": "#7"},
				"east": {"uv": [8, 0, 10, 6], "rotation": 180, "texture": "#7"},
				"west": {"uv": [8, 0, 10, 6], "texture": "#7"},
				"up": {"uv": [6, 0, 8, 6], "rotation": 90, "texture": "#7"},
				"down": {"uv": [6, 0, 8, 6], "rotation": 90, "texture": "#7"}
			}
		},
		{
			"from": [-2.80701, -1.88744, 22.40765],
			"to": [-0.40574, 0.51384, 23.20808],
			"rotation": {"angle": 0, "axis": "y", "origin": [8.40021, 11.31957, 8]},
			"faces": {
				"east": {"uv": [8, 0, 10, 6], "rotation": 180, "texture": "#7"},
				"south": {"uv": [0, 0, 6, 6], "rotation": 90, "texture": "#7"},
				"west": {"uv": [8, 0, 10, 6], "texture": "#7"},
				"up": {"uv": [6, 0, 8, 6], "rotation": 90, "texture": "#7"},
				"down": {"uv": [6, 0, 8, 6], "rotation": 90, "texture": "#7"}
			}
		},
		{
			"from": [-5.6085, -1.48722, 18.40552],
			"to": [-2.80701, 0.11363, 19.20595],
			"rotation": {"angle": 0, "axis": "y", "origin": [8.40021, 11.31957, 8]},
			"faces": {
				"north": {"uv": [6, 9, 10, 16], "rotation": 270, "texture": "#6"},
				"south": {"uv": [10, 16, 6, 9], "rotation": 90, "texture": "#6"},
				"west": {"uv": [2, 6, 4, 10], "texture": "#6"},
				"up": {"uv": [2, 9, 4, 16], "rotation": 90, "texture": "#6"},
				"down": {"uv": [12, 9, 14, 16], "rotation": 90, "texture": "#6"}
			}
		},
		{
			"from": [-5.6085, -1.48722, 22.40765],
			"to": [-2.80701, 0.11363, 23.20808],
			"rotation": {"angle": 0, "axis": "y", "origin": [8.40021, 11.31957, 8]},
			"faces": {
				"north": {"uv": [6, 9, 10, 16], "rotation": 270, "texture": "#6"},
				"south": {"uv": [10, 16, 6, 9], "rotation": 90, "texture": "#6"},
				"west": {"uv": [12, 6, 14, 10], "texture": "#6"},
				"up": {"uv": [12, 9, 14, 16], "rotation": 90, "texture": "#6"},
				"down": {"uv": [2, 9, 4, 16], "rotation": 90, "texture": "#6"}
			}
		},
		{
			"from": [-4.00765, -3.08808, -6.40765],
			"to": [0.7949, 1.71448, -3.20595],
			"rotation": {"angle": 0, "axis": "y", "origin": [8.40021, 11.31957, 8]},
			"faces": {
				"north": {"uv": [0, 0, 12, 12], "rotation": 270, "texture": "#9"},
				"east": {"uv": [0, 0, 8, 12], "rotation": 180, "texture": "#8"},
				"south": {"uv": [0, 0, 12, 12], "rotation": 90, "texture": "#9"},
				"west": {"uv": [0, 0, 8, 12], "texture": "#8"},
				"up": {"uv": [0, 0, 8, 12], "rotation": 90, "texture": "#8"},
				"down": {"uv": [0, 0, 8, 12], "rotation": 90, "texture": "#8"}
			}
		},
		{
			"from": [-2.80701, -1.88744, -7.20808],
			"to": [-0.40574, 0.51384, -6.40765],
			"rotation": {"angle": 0, "axis": "y", "origin": [8.40021, 11.31957, 8]},
			"faces": {
				"north": {"uv": [0, 0, 6, 6], "rotation": 270, "texture": "#7"},
				"east": {"uv": [8, 0, 10, 6], "rotation": 180, "texture": "#7"},
				"west": {"uv": [8, 0, 10, 6], "texture": "#7"},
				"up": {"uv": [6, 0, 8, 6], "rotation": 90, "texture": "#7"},
				"down": {"uv": [6, 0, 8, 6], "rotation": 90, "texture": "#7"}
			}
		},
		{
			"from": [-2.80701, -1.88744, -3.20595],
			"to": [-0.40574, 0.51384, -2.40553],
			"rotation": {"angle": 0, "axis": "y", "origin": [8.40021, 11.31957, 8]},
			"faces": {
				"east": {"uv": [8, 0, 10, 6], "rotation": 180, "texture": "#7"},
				"south": {"uv": [0, 0, 6, 6], "rotation": 90, "texture": "#7"},
				"west": {"uv": [8, 0, 10, 6], "texture": "#7"},
				"up": {"uv": [6, 0, 8, 6], "rotation": 90, "texture": "#7"},
				"down": {"uv": [6, 0, 8, 6], "rotation": 90, "texture": "#7"}
			}
		},
		{
			"from": [-5.6085, -1.48722, -7.20808],
			"to": [-2.80701, 0.11363, -6.40765],
			"rotation": {"angle": 0, "axis": "y", "origin": [8.40021, 11.31957, 8]},
			"faces": {
				"north": {"uv": [6, 9, 10, 16], "rotation": 270, "texture": "#6"},
				"south": {"uv": [10, 16, 6, 9], "rotation": 90, "texture": "#6"},
				"west": {"uv": [2, 6, 4, 10], "texture": "#6"},
				"up": {"uv": [2, 9, 4, 16], "rotation": 90, "texture": "#6"},
				"down": {"uv": [12, 9, 14, 16], "rotation": 90, "texture": "#6"}
			}
		},
		{
			"from": [-5.6085, -1.48722, -3.20595],
			"to": [-2.80701, 0.11363, -2.40553],
			"rotation": {"angle": 0, "axis": "y", "origin": [8.40021, 11.31957, 8]},
			"faces": {
				"north": {"uv": [6, 9, 10, 16], "rotation": 270, "texture": "#6"},
				"south": {"uv": [10, 16, 6, 9], "rotation": 90, "texture": "#6"},
				"west": {"uv": [12, 6, 14, 10], "texture": "#6"},
				"up": {"uv": [12, 9, 14, 16], "rotation": 90, "texture": "#6"},
				"down": {"uv": [2, 9, 4, 16], "rotation": 90, "texture": "#6"}
			}
		},
		{
			"from": [-5.6085, -3.8885, -9.20914],
			"to": [0.7949, 2.5149, -8.0085],
			"rotation": {"angle": 0, "axis": "y", "origin": [8.40021, 11.31957, 8]},
			"faces": {
				"north": {"uv": [0, 0, 16, 16], "texture": "#5"},
				"east": {"uv": [13, 0, 16, 16], "texture": "#5"},
				"south": {"uv": [0, 0, 16, 16], "texture": "#5"},
				"west": {"uv": [16, 0, 13, 16], "texture": "#5"},
				"up": {"uv": [0, 16, 16, 13], "texture": "#5"},
				"down": {"uv": [0, 13, 16, 16], "texture": "#5"}
			}
		},
		{
			"from": [25.20786, -10.2919, 11.2017],
			"to": [26.4085, -3.8885, 17.6051],
			"rotation": {"angle": 0, "axis": "y", "origin": [8.40021, 11.31957, 8]},
			"faces": {
				"north": {"uv": [13, 0, 16, 16], "texture": "#5"},
				"east": {"uv": [0, 0, 16, 16], "texture": "#5"},
				"south": {"uv": [16, 0, 13, 16], "texture": "#5"},
				"west": {"uv": [0, 0, 16, 16], "texture": "#5"},
				"up": {"uv": [0, 16, 16, 13], "rotation": 270, "texture": "#5"},
				"down": {"uv": [0, 13, 16, 16], "rotation": 90, "texture": "#5"}
			}
		},
		{
			"from": [20.0051, -7.0902, 4.7983],
			"to": [26.4085, -3.8885, 11.2017],
			"rotation": {"angle": 0, "axis": "y", "origin": [8.40021, 11.31957, 8]},
			"faces": {
				"north": {"uv": [0, 0, 16, 8], "texture": "#1"},
				"east": {"uv": [0, 0, 16, 8], "texture": "#1"},
				"south": {"uv": [0, 0, 16, 8], "texture": "#1"},
				"west": {"uv": [0, 0, 16, 8], "texture": "#1"},
				"down": {"uv": [0, 0, 16, 16], "texture": "#1"}
			}
		},
		{
			"from": [25.20786, -10.2919, -1.6051],
			"to": [26.4085, -3.8885, 4.7983],
			"rotation": {"angle": 0, "axis": "y", "origin": [8.40021, 11.31957, 8]},
			"faces": {
				"north": {"uv": [13, 0, 16, 16], "texture": "#5"},
				"east": {"uv": [0, 0, 16, 16], "texture": "#5"},
				"south": {"uv": [16, 0, 13, 16], "texture": "#5"},
				"west": {"uv": [0, 0, 16, 16], "texture": "#5"},
				"up": {"uv": [0, 16, 16, 13], "rotation": 270, "texture": "#5"},
				"down": {"uv": [0, 13, 16, 16], "rotation": 90, "texture": "#5"}
			}
		},
		{
			"from": [7.1983, -7.0902, 4.7983],
			"to": [13.6017, -3.8885, 11.2017],
			"rotation": {"angle": 0, "axis": "y", "origin": [8.40021, 11.31957, 8]},
			"faces": {
				"north": {"uv": [0, 0, 16, 8], "texture": "#1"},
				"east": {"uv": [0, 0, 16, 8], "texture": "#1"},
				"south": {"uv": [0, 0, 16, 8], "texture": "#1"},
				"west": {"uv": [0, 0, 16, 8], "texture": "#1"},
				"down": {"uv": [0, 0, 16, 16], "texture": "#1"}
			}
		},
		{
			"from": [0.7949, -7.0902, 17.6051],
			"to": [7.1983, -3.8885, 24.0085],
			"rotation": {"angle": 0, "axis": "y", "origin": [8.40021, 11.31957, 8]},
			"faces": {
				"north": {"uv": [0, 0, 16, 8], "texture": "#1"},
				"east": {"uv": [0, 0, 16, 8], "texture": "#1"},
				"south": {"uv": [0, 0, 16, 8], "texture": "#1"},
				"up": {"uv": [0, 0, 16, 16], "texture": "#1"},
				"down": {"uv": [0, 0, 16, 16], "texture": "#1"}
			}
		},
		{
			"from": [0.7949, -7.0902, -8.0085],
			"to": [7.1983, -3.8885, -1.6051],
			"rotation": {"angle": 0, "axis": "y", "origin": [8.40021, 11.31957, 8]},
			"faces": {
				"north": {"uv": [0, 0, 16, 8], "texture": "#1"},
				"east": {"uv": [0, 0, 16, 8], "texture": "#1"},
				"south": {"uv": [0, 0, 16, 8], "texture": "#1"},
				"up": {"uv": [0, 0, 16, 16], "texture": "#1"},
				"down": {"uv": [0, 0, 16, 16], "texture": "#1"}
			}
		},
		{
			"from": [-5.6085, -7.0902, 17.6051],
			"to": [0.7949, -3.8885, 24.0085],
			"rotation": {"angle": 0, "axis": "y", "origin": [8.40021, 11.31957, 8]},
			"faces": {
				"north": {"uv": [0, 0, 16, 8], "texture": "#1"},
				"south": {"uv": [0, 0, 16, 8], "texture": "#1"},
				"west": {"uv": [0, 0, 16, 8], "texture": "#1"},
				"up": {"uv": [0, 0, 16, 16], "texture": "#1"},
				"down": {"uv": [0, 0, 16, 16], "texture": "#1"}
			}
		},
		{
			"from": [-5.6085, -7.0902, -8.0085],
			"to": [0.7949, -3.8885, -1.6051],
			"rotation": {"angle": 0, "axis": "y", "origin": [8.40021, 11.31957, 8]},
			"faces": {
				"north": {"uv": [0, 0, 16, 8], "texture": "#1"},
				"south": {"uv": [0, 0, 16, 8], "texture": "#1"},
				"west": {"uv": [0, 0, 16, 8], "texture": "#1"},
				"up": {"uv": [0, 0, 16, 16], "texture": "#1"},
				"down": {"uv": [0, 0, 16, 16], "texture": "#1"}
			}
		},
		{
			"from": [7.1983, 21.7251, 4.7983],
			"to": [13.6017, 28.1285, 11.2017],
			"rotation": {"angle": 0, "axis": "y", "origin": [8.40021, 11.31957, 8]},
			"faces": {
				"north": {"uv": [0, 0, 16, 16], "texture": "#4"},
				"east": {"uv": [0, 0, 16, 16], "texture": "#4"},
				"south": {"uv": [0, 0, 16, 16], "texture": "#4"},
				"west": {"uv": [0, 0, 16, 16], "texture": "#4"},
				"up": {"uv": [0, 0, 16, 16], "texture": "#4"}
			}
		},
		{
			"from": [15.60087, 24.14153, 6.79747],
			"to": [18.00594, 26.94301, 9.20254],
			"rotation": {"angle": 0, "axis": "y", "origin": [8.40021, 11.31957, 8]},
			"faces": {
				"north": {"uv": [1, 0, 7, 7], "texture": "#21"},
				"east": {"uv": [1, 0, 7, 7], "texture": "#21"},
				"south": {"uv": [1, 0, 7, 7], "texture": "#21"},
				"west": {"uv": [1, 0, 7, 7], "texture": "#21"},
				"up": {"uv": [1, 1, 7, 7], "texture": "#22"}
			}
		},
		{
			"from": [0.7949, 21.7251, 4.7983],
			"to": [7.1983, 28.1285, 11.2017],
			"rotation": {"angle": 0, "axis": "y", "origin": [8.40021, 11.31957, 8]},
			"faces": {
				"north": {"uv": [0, 0, 16, 16], "texture": "#3"},
				"east": {"uv": [0, 0, 16, 16], "texture": "#3"},
				"south": {"uv": [0, 0, 16, 16], "texture": "#3"},
				"west": {"uv": [0, 0, 16, 16], "texture": "#3"},
				"up": {"uv": [0, 0, 16, 16], "texture": "#3"},
				"down": {"uv": [0, 0, 16, 16], "texture": "#3"}
			}
		},
		{
			"from": [-5.6085, 21.7251, 4.7983],
			"to": [0.7949, 28.1285, 11.2017],
			"rotation": {"angle": 0, "axis": "y", "origin": [8.40021, 11.31957, 8]},
			"faces": {
				"north": {"uv": [0, 0, 16, 16], "texture": "#3"},
				"east": {"uv": [0, 0, 16, 16], "texture": "#3"},
				"south": {"uv": [0, 0, 16, 16], "texture": "#3"},
				"west": {"uv": [0, 0, 16, 16], "texture": "#3"},
				"up": {"uv": [0, 0, 16, 16], "texture": "#3"},
				"down": {"uv": [0, 0, 16, 16], "texture": "#3"}
			}
		},
		{
			"from": [7.1983, 15.3217, 11.2017],
			"to": [13.6017, 21.7251, 17.6051],
			"rotation": {"angle": 0, "axis": "y", "origin": [8.40021, 11.31957, 8]},
			"faces": {
				"east": {"uv": [0, 0, 16, 16], "texture": "#4"},
				"south": {"uv": [0, 0, 16, 16], "texture": "#4"},
				"west": {"uv": [0, 0, 16, 16], "texture": "#4"},
				"up": {"uv": [0, 0, 16, 16], "texture": "#4"},
				"down": {"uv": [0, 0, 16, 16], "texture": "#4"}
			}
		},
		{
			"from": [7.1983, 15.3217, 4.7983],
			"to": [13.6017, 21.7251, 11.2017],
			"rotation": {"angle": 0, "axis": "y", "origin": [8.40021, 11.31957, 8]},
			"faces": {
				"north": {"uv": [0, 0, 16, 16], "texture": "#1"},
				"east": {"uv": [0, 0, 16, 16], "texture": "#1"},
				"south": {"uv": [0, 0, 16, 16], "texture": "#1"},
				"west": {"uv": [0, 0, 16, 16], "texture": "#1"},
				"up": {"uv": [0, 0, 16, 16], "texture": "#1"},
				"down": {"uv": [0, 0, 16, 16], "texture": "#1"}
			}
		},
		{
			"from": [7.1983, 15.3217, -1.6051],
			"to": [13.6017, 21.7251, 4.7983],
			"rotation": {"angle": 0, "axis": "y", "origin": [8.40021, 11.31957, 8]},
			"faces": {
				"north": {"uv": [0, 0, 16, 16], "texture": "#4"},
				"east": {"uv": [0, 0, 16, 16], "texture": "#4"},
				"west": {"uv": [0, 0, 16, 16], "texture": "#4"},
				"up": {"uv": [0, 0, 16, 16], "texture": "#4"},
				"down": {"uv": [0, 0, 16, 16], "texture": "#4"}
			}
		},
		{
			"from": [0.7949, 15.3217, 11.2017],
			"to": [7.1983, 21.7251, 17.6051],
			"rotation": {"angle": 0, "axis": "y", "origin": [8.40021, 11.31957, 8]},
			"faces": {
				"north": {"uv": [0, 0, 16, 16], "texture": "#3"},
				"east": {"uv": [0, 0, 16, 16], "texture": "#3"},
				"south": {"uv": [0, 0, 16, 16], "texture": "#3"},
				"west": {"uv": [0, 0, 16, 16], "texture": "#3"},
				"up": {"uv": [0, 0, 16, 16], "texture": "#3"},
				"down": {"uv": [0, 0, 16, 16], "texture": "#3"}
			}
		},
		{
			"from": [0.7949, 15.3217, -1.6051],
			"to": [7.1983, 21.7251, 4.7983],
			"rotation": {"angle": 0, "axis": "y", "origin": [8.40021, 11.31957, 8]},
			"faces": {
				"north": {"uv": [0, 0, 16, 16], "texture": "#3"},
				"east": {"uv": [0, 0, 16, 16], "texture": "#3"},
				"south": {"uv": [0, 0, 16, 16], "texture": "#3"},
				"west": {"uv": [0, 0, 16, 16], "texture": "#3"},
				"up": {"uv": [0, 0, 16, 16], "texture": "#3"},
				"down": {"uv": [0, 0, 16, 16], "texture": "#3"}
			}
		},
		{
			"from": [-5.6085, 15.3217, 11.2017],
			"to": [0.7949, 21.7251, 17.6051],
			"rotation": {"angle": 0, "axis": "y", "origin": [8.40021, 11.31957, 8]},
			"faces": {
				"north": {"uv": [0, 0, 16, 16], "texture": "#3"},
				"east": {"uv": [0, 0, 16, 16], "texture": "#3"},
				"south": {"uv": [0, 0, 16, 16], "texture": "#3"},
				"west": {"uv": [0, 0, 16, 16], "texture": "#3"},
				"up": {"uv": [0, 0, 16, 16], "texture": "#3"},
				"down": {"uv": [0, 0, 16, 16], "texture": "#3"}
			}
		},
		{
			"from": [-5.6085, 15.3217, -1.6051],
			"to": [0.7949, 21.7251, 4.7983],
			"rotation": {"angle": 0, "axis": "y", "origin": [8.40021, 11.31957, 8]},
			"faces": {
				"north": {"uv": [0, 0, 16, 16], "texture": "#3"},
				"east": {"uv": [0, 0, 16, 16], "texture": "#3"},
				"south": {"uv": [0, 0, 16, 16], "texture": "#3"},
				"west": {"uv": [0, 0, 16, 16], "texture": "#3"},
				"up": {"uv": [0, 0, 16, 16], "texture": "#3"},
				"down": {"uv": [0, 0, 16, 16], "texture": "#3"}
			}
		},
		{
			"from": [7.1983, 8.9183, 4.7983],
			"to": [13.6017, 15.3217, 11.2017],
			"rotation": {"angle": 0, "axis": "y", "origin": [8.40021, 11.31957, 8]},
			"faces": {
				"north": {"uv": [0, 0, 16, 16], "texture": "#4"},
				"east": {"uv": [0, 0, 16, 16], "texture": "#4"},
				"south": {"uv": [0, 0, 16, 16], "texture": "#4"},
				"west": {"uv": [0, 0, 16, 16], "texture": "#4"}
			}
		},
		{
			"from": [0.7949, 8.9183, 4.7983],
			"to": [7.1983, 15.3217, 11.2017],
			"rotation": {"angle": 0, "axis": "y", "origin": [8.40021, 11.31957, 8]},
			"faces": {
				"north": {"uv": [0, 0, 16, 16], "texture": "#3"},
				"east": {"uv": [0, 0, 16, 16], "texture": "#3"},
				"south": {"uv": [0, 0, 16, 16], "texture": "#3"},
				"west": {"uv": [0, 0, 16, 16], "texture": "#3"},
				"up": {"uv": [0, 0, 16, 16], "texture": "#3"}
			}
		},
		{
			"from": [-5.6085, 8.9183, 4.7983],
			"to": [0.7949, 15.3217, 11.2017],
			"rotation": {"angle": 0, "axis": "y", "origin": [8.40021, 11.31957, 8]},
			"faces": {
				"north": {"uv": [0, 0, 16, 16], "texture": "#3"},
				"east": {"uv": [0, 0, 16, 16], "texture": "#3"},
				"south": {"uv": [0, 0, 16, 16], "texture": "#3"},
				"west": {"uv": [0, 0, 16, 16], "texture": "#3"},
				"up": {"uv": [0, 0, 16, 16], "texture": "#3"}
			}
		},
		{
			"from": [7.1983, 2.5149, 11.2017],
			"to": [13.6017, 8.9183, 17.6051],
			"rotation": {"angle": 0, "axis": "y", "origin": [8.40021, 11.31957, 8]},
			"faces": {
				"east": {"uv": [0, 0, 16, 16], "texture": "#1"},
				"south": {"uv": [0, 0, 16, 16], "texture": "#1"},
				"west": {"uv": [0, 0, 16, 16], "texture": "#1"},
				"up": {"uv": [0, 0, 16, 16], "texture": "#1"},
				"down": {"uv": [0, 0, 16, 16], "texture": "#1"}
			}
		},
		{
			"from": [7.1983, 2.5149, 4.7983],
			"to": [13.6017, 8.9183, 11.2017],
			"rotation": {"angle": 0, "axis": "y", "origin": [8.40021, 11.31957, 8]},
			"faces": {
				"east": {"uv": [0, 0, 16, 16], "texture": "#1"},
				"up": {"uv": [0, 0, 16, 16], "texture": "#1"}
			}
		},
		{
			"from": [7.1983, 2.5149, -1.6051],
			"to": [13.6017, 8.9183, 4.7983],
			"rotation": {"angle": 0, "axis": "y", "origin": [8.40021, 11.31957, 8]},
			"faces": {
				"north": {"uv": [0, 0, 16, 16], "texture": "#1"},
				"east": {"uv": [0, 0, 16, 16], "texture": "#1"},
				"west": {"uv": [0, 0, 16, 16], "texture": "#1"},
				"up": {"uv": [0, 0, 16, 16], "texture": "#1"},
				"down": {"uv": [0, 0, 16, 16], "texture": "#1"}
			}
		},
		{
			"from": [0.7949, 2.5149, 4.7983],
			"to": [7.1983, 8.9183, 11.2017],
			"rotation": {"angle": 0, "axis": "y", "origin": [8.40021, 11.31957, 8]},
			"faces": {
				"north": {"uv": [0, 0, 16, 16], "texture": "#2"},
				"south": {"uv": [0, 0, 16, 16], "texture": "#2"},
				"up": {"uv": [0, 0, 16, 16], "texture": "#2"}
			}
		},
		{
			"from": [-5.6085, 2.5149, 4.7983],
			"to": [0.7949, 8.9183, 11.2017],
			"rotation": {"angle": 0, "axis": "y", "origin": [8.40021, 11.31957, 8]},
			"faces": {
				"north": {"uv": [0, 0, 16, 16], "texture": "#2"},
				"south": {"uv": [0, 0, 16, 16], "texture": "#2"},
				"west": {"uv": [0, 0, 16, 16], "texture": "#2"},
				"up": {"uv": [0, 0, 16, 16], "texture": "#2"}
			}
		},
		{
			"from": [7.1983, -3.8885, 4.7983],
			"to": [13.6017, 2.5149, 11.2017],
			"rotation": {"angle": 0, "axis": "y", "origin": [8.40021, 11.31957, 8]},
			"faces": {
				"north": {"uv": [0, 0, 16, 16], "texture": "#2"},
				"east": {"uv": [0, 0, 16, 16], "texture": "#2"},
				"south": {"uv": [0, 0, 16, 16], "texture": "#2"}
			}
		},
		{
			"from": [0.7949, -3.8885, 4.7983],
			"to": [7.1983, 2.5149, 11.2017],
			"rotation": {"angle": 0, "axis": "y", "origin": [8.40021, 11.31957, 8]},
			"faces": {
				"north": {"uv": [0, 0, 16, 16], "texture": "#2"},
				"south": {"uv": [0, 0, 16, 16], "texture": "#2"},
				"down": {"uv": [0, 0, 16, 16], "texture": "#2"}
			}
		},
		{
			"from": [-5.6085, -3.8885, 4.7983],
			"to": [0.7949, 2.5149, 11.2017],
			"rotation": {"angle": 0, "axis": "y", "origin": [8.40021, 11.31957, 8]},
			"faces": {
				"north": {"uv": [0, 0, 16, 16], "texture": "#2"},
				"south": {"uv": [0, 0, 16, 16], "texture": "#2"},
				"west": {"uv": [0, 0, 16, 16], "texture": "#2"},
				"down": {"uv": [0, 0, 16, 16], "texture": "#2"}
			}
		},
		{
			"from": [13.6017, -10.2919, 11.2017],
			"to": [20.0051, -3.8885, 17.6051],
			"rotation": {"angle": 0, "axis": "y", "origin": [8.40021, 11.31957, 8]},
			"faces": {
				"north": {"uv": [0, 0, 16, 16], "texture": "#1"},
				"east": {"uv": [0, 0, 16, 16], "texture": "#1"},
				"south": {"uv": [0, 0, 16, 16], "texture": "#1"},
				"west": {"uv": [0, 0, 16, 16], "texture": "#1"},
				"up": {"uv": [0, 0, 16, 16], "texture": "#1"},
				"down": {"uv": [0, 0, 16, 16], "texture": "#1"}
			}
		},
		{
			"from": [13.6017, -10.2919, -1.6051],
			"to": [20.0051, -3.8885, 4.7983],
			"rotation": {"angle": 0, "axis": "y", "origin": [8.40021, 11.31957, 8]},
			"faces": {
				"north": {"uv": [0, 0, 16, 16], "texture": "#0"},
				"east": {"uv": [0, 0, 16, 16], "texture": "#0"},
				"south": {"uv": [0, 0, 16, 16], "texture": "#0"},
				"west": {"uv": [0, 0, 16, 16], "texture": "#0"},
				"up": {"uv": [0, 0, 16, 16], "texture": "#0"},
				"down": {"uv": [0, 0, 16, 16], "texture": "#0"}
			}
		}
	],
	"display": {
		"thirdperson_righthand": {
			"rotation": [75, 45, 0],
			"translation": [0, 2.5, 0],
			"scale": [0.375, 0.375, 0.375]
		},
		"thirdperson_lefthand": {
			"rotation": [75, 45, 0],
			"translation": [0, 2.5, 0],
			"scale": [0.375, 0.375, 0.375]
		},
		"firstperson_righthand": {
			"rotation": [0, 45, 0],
			"scale": [0.15, 0.15, 0.15]
		},
		"firstperson_lefthand": {
			"rotation": [0, 45, 0],
			"scale": [0.15, 0.15, 0.15]
		},
		"ground": {
			"translation": [0, 3, 0],
			"scale": [0.25, 0.25, 0.25]
		},
		"gui": {
			"rotation": [0, 180, 0],
			"scale": [0.632, 0.632, 0.632]
		},
		"head": {
			"translation": [0, 80, 0],
			"scale": [4, 4, 4]
		},
		"fixed": {
			"scale": [0.5, 0.5, 0.5]
		}
	}
}