{
	"credit": "Made with Blockbench",
	"texture_size": [32, 32],
	"textures": {
		"0": "item/custom/models/survivor_trophy",
		"particle": "item/custom/models/survivor_trophy"
	},
	"elements": [
		{
			"from": [5, 0, 5],
			"to": [11, 1, 11],
			"rotation": {"angle": 0, "axis": "y", "origin": [7, 0, 7]},
			"faces": {
				"north": {"uv": [7, 4, 10, 4.5], "texture": "#0"},
				"east": {"uv": [7, 4.5, 10, 5], "texture": "#0"},
				"south": {"uv": [7, 5, 10, 5.5], "texture": "#0"},
				"west": {"uv": [7, 5.5, 10, 6], "texture": "#0"},
				"up": {"uv": [3, 3, 0, 0], "texture": "#0"},
				"down": {"uv": [3, 3, 0, 6], "texture": "#0"}
			}
		},
		{
			"from": [5, 10, 5],
			"to": [11, 11, 11],
			"rotation": {"angle": 0, "axis": "y", "origin": [7, 10, 7]},
			"faces": {
				"north": {"uv": [7, 6, 10, 6.5], "texture": "#0"},
				"east": {"uv": [7, 6.5, 10, 7], "texture": "#0"},
				"south": {"uv": [7, 7, 10, 7.5], "texture": "#0"},
				"west": {"uv": [7, 7.5, 10, 8], "texture": "#0"},
				"up": {"uv": [6, 3, 3, 0], "texture": "#0"},
				"down": {"uv": [6, 3, 3, 6], "texture": "#0"}
			}
		},
		{
			"from": [7, 11, 7],
			"to": [9, 12, 9],
			"rotation": {"angle": 0, "axis": "y", "origin": [7, 11, 7]},
			"faces": {
				"north": {"uv": [9, 1, 10, 1.5], "texture": "#0"},
				"east": {"uv": [9, 1.5, 10, 2], "texture": "#0"},
				"south": {"uv": [10, 1, 11, 1.5], "texture": "#0"},
				"west": {"uv": [10, 1.5, 11, 2], "texture": "#0"},
				"up": {"uv": [9, 1, 8, 0], "texture": "#0"},
				"down": {"uv": [9, 1, 8, 2], "texture": "#0"}
			}
		},
		{
			"from": [6, 1, 6],
			"to": [7, 10, 7],
			"rotation": {"angle": 0, "axis": "y", "origin": [5, 1, 6]},
			"faces": {
				"north": {"uv": [0, 6, 0.5, 10.5], "texture": "#0"},
				"east": {"uv": [6, 0, 6.5, 4.5], "texture": "#0"},
				"south": {"uv": [0.5, 6, 1, 10.5], "texture": "#0"},
				"west": {"uv": [1, 6, 1.5, 10.5], "texture": "#0"},
				"up": {"uv": [10.5, 2.5, 10, 2], "texture": "#0"},
				"down": {"uv": [10.5, 2.5, 10, 3], "texture": "#0"}
			}
		},
		{
			"from": [9, 1, 6],
			"to": [10, 10, 7],
			"rotation": {"angle": 0, "axis": "y", "origin": [8, 1, 6]},
			"faces": {
				"north": {"uv": [1.5, 6, 2, 10.5], "texture": "#0"},
				"east": {"uv": [2, 6, 2.5, 10.5], "texture": "#0"},
				"south": {"uv": [2.5, 6, 3, 10.5], "texture": "#0"},
				"west": {"uv": [3, 6, 3.5, 10.5], "texture": "#0"},
				"up": {"uv": [10.5, 3.5, 10, 3], "texture": "#0"},
				"down": {"uv": [10.5, 3.5, 10, 4], "texture": "#0"}
			}
		},
		{
			"from": [9, 1, 9],
			"to": [10, 10, 10],
			"rotation": {"angle": 0, "axis": "y", "origin": [8, 1, 9]},
			"faces": {
				"north": {"uv": [3.5, 6, 4, 10.5], "texture": "#0"},
				"east": {"uv": [4, 6, 4.5, 10.5], "texture": "#0"},
				"south": {"uv": [4.5, 6, 5, 10.5], "texture": "#0"},
				"west": {"uv": [6, 4.5, 6.5, 9], "texture": "#0"},
				"up": {"uv": [10.5, 4.5, 10, 4], "texture": "#0"},
				"down": {"uv": [10.5, 4.5, 10, 5], "texture": "#0"}
			}
		},
		{
			"from": [6, 1, 9],
			"to": [7, 10, 10],
			"rotation": {"angle": 0, "axis": "y", "origin": [5, 1, 9]},
			"faces": {
				"north": {"uv": [5, 6, 5.5, 10.5], "texture": "#0"},
				"east": {"uv": [5.5, 6, 6, 10.5], "texture": "#0"},
				"south": {"uv": [6.5, 0, 7, 4.5], "texture": "#0"},
				"west": {"uv": [6.5, 4.5, 7, 9], "texture": "#0"},
				"up": {"uv": [10.5, 5.5, 10, 5], "texture": "#0"},
				"down": {"uv": [10.5, 5.5, 10, 6], "texture": "#0"}
			}
		},
		{
			"from": [5.2, 12, 5.8],
			"to": [10.8, 12.5, 10.2],
			"rotation": {"angle": 0, "axis": "y", "origin": [7, 12, 7]},
			"faces": {
				"north": {"uv": [9, 10.5, 11.75, 10.75], "texture": "#0"},
				"east": {"uv": [11.5, 11, 13.75, 11.25], "texture": "#0"},
				"south": {"uv": [11, 0, 13.75, 0.25], "texture": "#0"},
				"west": {"uv": [0, 12, 2.25, 12.25], "texture": "#0"},
				"up": {"uv": [9.75, 10.25, 7, 8], "texture": "#0"},
				"down": {"uv": [12.75, 6, 10, 8.25], "texture": "#0"}
			}
		},
		{
			"from": [5.6, 12, 10.2],
			"to": [10.4, 12.5, 10.6],
			"rotation": {"angle": 0, "axis": "y", "origin": [7, 12, 11.4]},
			"faces": {
				"north": {"uv": [11, 0.5, 13.5, 0.75], "texture": "#0"},
				"east": {"uv": [12, 4, 12.25, 4.25], "texture": "#0"},
				"south": {"uv": [11, 1, 13.5, 1.25], "texture": "#0"},
				"west": {"uv": [4.5, 12, 4.75, 12.25], "texture": "#0"},
				"up": {"uv": [13.5, 1.75, 11, 1.5], "texture": "#0"},
				"down": {"uv": [11.5, 11, 9, 11.25], "texture": "#0"}
			}
		},
		{
			"from": [5.6, 12, 5.4],
			"to": [10.4, 12.5, 5.8],
			"rotation": {"angle": 0, "axis": "y", "origin": [7, 12, 6.6]},
			"faces": {
				"north": {"uv": [3, 11.5, 5.5, 11.75], "texture": "#0"},
				"east": {"uv": [12, 4.5, 12.25, 4.75], "texture": "#0"},
				"south": {"uv": [5.5, 11.5, 8, 11.75], "texture": "#0"},
				"west": {"uv": [5, 12, 5.25, 12.25], "texture": "#0"},
				"up": {"uv": [10.5, 11.75, 8, 11.5], "texture": "#0"},
				"down": {"uv": [13, 11.5, 10.5, 11.75], "texture": "#0"}
			}
		},
		{
			"from": [6.1, 12.4, 6.2],
			"to": [9.7, 14.1, 9.8],
			"rotation": {"angle": 0, "axis": "y", "origin": [8.2, 12.4, 7.6]},
			"faces": {
				"north": {"uv": [9, 0, 10.75, 0.75], "texture": "#0"},
				"east": {"uv": [10.5, 2, 12.25, 2.75], "texture": "#0"},
				"south": {"uv": [3, 10.5, 4.75, 11.25], "texture": "#0"},
				"west": {"uv": [10.5, 3, 12.25, 3.75], "texture": "#0"},
				"up": {"uv": [8.75, 3.75, 7, 2], "texture": "#0"},
				"down": {"uv": [11.75, 8.5, 10, 10.25], "texture": "#0"}
			}
		},
		{
			"from": [6.5, 14.1, 6.6],
			"to": [9.3, 15.8, 9.4],
			"rotation": {"angle": 0, "axis": "y", "origin": [7.8, 14.1, 7.2]},
			"faces": {
				"north": {"uv": [10.5, 4, 12, 4.75], "texture": "#0"},
				"east": {"uv": [5, 10.5, 6.5, 11.25], "texture": "#0"},
				"south": {"uv": [10.5, 5, 12, 5.75], "texture": "#0"},
				"west": {"uv": [6.5, 10.5, 8, 11.25], "texture": "#0"},
				"up": {"uv": [1.5, 12, 0, 10.5], "texture": "#0"},
				"down": {"uv": [3, 10.5, 1.5, 12], "texture": "#0"}
			}
		},
		{
			"from": [6.9, 15.8, 6.9],
			"to": [8.9, 17.5, 8.9],
			"rotation": {"angle": 0, "axis": "y", "origin": [8.2, 15.8, 7.1]},
			"faces": {
				"north": {"uv": [9, 2, 10, 2.75], "texture": "#0"},
				"east": {"uv": [9, 3, 10, 3.75], "texture": "#0"},
				"south": {"uv": [6, 9, 7, 9.75], "texture": "#0"},
				"west": {"uv": [8, 10.5, 9, 11.25], "texture": "#0"},
				"up": {"uv": [8, 1, 7, 0], "texture": "#0"},
				"down": {"uv": [8, 1, 7, 2], "texture": "#0"}
			}
		},
		{
			"from": [7.3, 17.5, 7.3],
			"to": [8.5, 19.2, 8.5],
			"rotation": {"angle": 0, "axis": "y", "origin": [8.2, 17.5, 7.1]},
			"faces": {
				"north": {"uv": [2.5, 12, 3, 12.75], "texture": "#0"},
				"east": {"uv": [3, 12, 3.5, 12.75], "texture": "#0"},
				"south": {"uv": [3.5, 12, 4, 12.75], "texture": "#0"},
				"west": {"uv": [4, 12, 4.5, 12.75], "texture": "#0"},
				"up": {"uv": [6.5, 10.5, 6, 10], "texture": "#0"},
				"down": {"uv": [7, 10, 6.5, 10.5], "texture": "#0"}
			}
		}
	],
	"gui_light": "front",
	"display": {
		"gui": {
			"rotation": [15.75, -13.75, 0],
			"translation": [0, -1, 0],
			"scale": [0.8, 0.8, 0.8]
		},
		"head": {
			"translation": [0, 19.25, 0],
			"scale": [1.6, 1.6, 1.6]
		},
		"fixed": {
			"rotation": [-90, 0, 0],
			"translation": [0, 0, -31.25],
			"scale": [4, 4, 4]
		}
	}
}