{
	"credit": "Made with Blockbench",
	"texture_size": [64, 64],
	"textures": {
		"1": "nodenium:item/astronaut_helmet"
	},
	"elements": [
		{
			"from": [2.5, 0, 2.5],
			"to": [13.5, 2, 12.5],
			"rotation": {"angle": 0, "axis": "y", "origin": [3.5, 0, 2.5]},
			"faces": {
				"north": {"uv": [7.25, 3.5, 10, 4], "texture": "#1"},
				"east": {"uv": [7.25, 4.5, 9.75, 5], "texture": "#1"},
				"south": {"uv": [7.25, 4, 10, 4.5], "texture": "#1"},
				"west": {"uv": [7.25, 5, 9.75, 5.5], "texture": "#1"},
				"up": {"uv": [2.75, 2.5, 0, 0], "texture": "#1"},
				"down": {"uv": [2.75, 2.5, 0, 5], "texture": "#1"}
			}
		},
		{
			"from": [2.5, 9, 2.5],
			"to": [13.5, 11, 12.5],
			"rotation": {"angle": 0, "axis": "y", "origin": [3.5, 9, 2.5]},
			"faces": {
				"north": {"uv": [7.25, 3.5, 10, 4], "texture": "#1"},
				"east": {"uv": [7.25, 4.5, 9.75, 5], "texture": "#1"},
				"south": {"uv": [7.25, 4, 10, 4.5], "texture": "#1"},
				"west": {"uv": [7.25, 5, 9.75, 5.5], "texture": "#1"},
				"up": {"uv": [0, 0, 2.75, 2.5], "texture": "#1"},
				"down": {"uv": [0, 2.5, 2.75, 5], "texture": "#1"}
			}
		},
		{
			"from": [2.5, 2, 9.5],
			"to": [13.5, 9, 13.5],
			"rotation": {"angle": 0, "axis": "y", "origin": [3.5, 2, 3.5]},
			"faces": {
				"north": {"uv": [2.75, 4, 5.5, 5.75], "texture": "#1"},
				"east": {"uv": [2.75, 6.75, 3.75, 8.5], "texture": "#1"},
				"south": {"uv": [0, 5, 2.75, 6.75], "texture": "#1"},
				"west": {"uv": [3.75, 6.75, 4.75, 8.5], "texture": "#1"},
				"up": {"uv": [5.5, 6.75, 2.75, 5.75], "texture": "#1"},
				"down": {"uv": [2.75, 6.75, 0, 7.75], "texture": "#1"}
			}
		},
		{
			"from": [3, 1, 3],
			"to": [13, 9, 9.5],
			"rotation": {"angle": 0, "axis": "y", "origin": [3.5, 1.5, -1.5]},
			"faces": {
				"north": {"uv": [2.75, 0, 5.25, 2], "texture": "#1"},
				"east": {"uv": [5.5, 3.5, 7.25, 5.5], "texture": "#1"},
				"south": {"uv": [2.75, 2, 5.25, 4], "texture": "#1"},
				"west": {"uv": [5.5, 5.5, 7.25, 7.5], "texture": "#1"},
				"up": {"uv": [7.75, 1.75, 5.25, 0], "texture": "#1"},
				"down": {"uv": [7.75, 1.75, 5.25, 3.5], "texture": "#1"}
			}
		}
	],
	"display": {
		"thirdperson_righthand": {
			"rotation": [75, 45, 0],
			"translation": [0, 2.5, 0],
			"scale": [0.375, 0.375, 0.375]
		},
		"thirdperson_lefthand": {
			"rotation": [75, 45, 0],
			"translation": [0, 2.5, 0],
			"scale": [0.375, 0.375, 0.375]
		},
		"firstperson_righthand": {
			"rotation": [0, 135, 0],
			"translation": [0, 3, 0],
			"scale": [0.4, 0.4, 0.4]
		},
		"firstperson_lefthand": {
			"rotation": [0, 135, 0],
			"translation": [0, 3, 0],
			"scale": [0.4, 0.4, 0.4]
		},
		"ground": {
			"translation": [0, 3, 0],
			"scale": [0.5, 0.5, 0.5]
		},
		"gui": {
			"rotation": [30, 225, 0],
			"scale": [0.625, 0.625, 0.625]
		},
		"head": {
			"translation": [0, 6.25, 0],
			"scale": [1.61, 1.61, 1.61]
		},
		"fixed": {
			"scale": [0.5, 0.5, 0.5]
		}
	}
}