{
	"credit": "Made with Blockbench",
	"texture_size": [64, 64],
	"textures": {
		"2": "nodenium:item/big_chungus"
	},
	"elements": [
		{
			"from": [1.92285, -2, 2.5],
			"to": [5.92285, 0, 10.5],
			"rotation": {"angle": 45, "axis": "y", "origin": [3.92285, -1, 8]},
			"faces": {
				"north": {"uv": [10.25, 4.25, 11.25, 4.75], "texture": "#2"},
				"east": {"uv": [9.25, 4.75, 11.25, 5.25], "texture": "#2"},
				"south": {"uv": [10.5, 8.25, 11.5, 8.75], "texture": "#2"},
				"west": {"uv": [5, 10, 7, 10.5], "texture": "#2"},
				"up": {"uv": [10, 9.25, 9, 7.25], "texture": "#2"},
				"down": {"uv": [10.25, 2.75, 9.25, 4.75], "texture": "#2"}
			}
		},
		{
			"from": [10.07715, -2, 2.5],
			"to": [14.07715, 0, 10.5],
			"rotation": {"angle": -45, "axis": "y", "origin": [12.07715, -1, 8]},
			"faces": {
				"north": {"uv": [11.25, 4.25, 10.25, 4.75], "texture": "#2"},
				"east": {"uv": [7, 10, 5, 10.5], "texture": "#2"},
				"south": {"uv": [11.5, 8.25, 10.5, 8.75], "texture": "#2"},
				"west": {"uv": [11.25, 4.75, 9.25, 5.25], "texture": "#2"},
				"up": {"uv": [9, 9.25, 10, 7.25], "texture": "#2"},
				"down": {"uv": [9.25, 2.75, 10.25, 4.75], "texture": "#2"}
			}
		},
		{
			"from": [1.92285, 0, 3.5],
			"to": [13.92285, 8, 13.5],
			"rotation": {"angle": 0, "axis": "y", "origin": [-0.07715, 0, 0.5]},
			"faces": {
				"north": {"uv": [3, 0, 6, 2], "texture": "#2"},
				"east": {"uv": [2.5, 6.25, 5, 8.25], "texture": "#2"},
				"south": {"uv": [3, 2, 6, 4], "texture": "#2"},
				"west": {"uv": [5, 7, 7.5, 9], "texture": "#2"},
				"up": {"uv": [3, 2.5, 0, 0], "texture": "#2"},
				"down": {"uv": [3, 2.5, 0, 5], "texture": "#2"}
			}
		},
		{
			"from": [3.92285, 1, 2.5],
			"to": [11.92285, 10, 3.5],
			"rotation": {"angle": 0, "axis": "y", "origin": [-0.07715, 0, 0.5]},
			"faces": {
				"north": {"uv": [0, 7.25, 2, 9.5], "texture": "#2"},
				"east": {"uv": [8.25, 10.25, 8.5, 12.5], "texture": "#2"},
				"south": {"uv": [7.25, 3, 9.25, 5.25], "texture": "#2"},
				"west": {"uv": [8.5, 10.25, 8.75, 12.5], "texture": "#2"},
				"up": {"uv": [12.5, 10, 10.5, 9.75], "texture": "#2"},
				"down": {"uv": [12.5, 10, 10.5, 10.25], "texture": "#2"}
			}
		},
		{
			"from": [-1.57715, 4, 6.5],
			"to": [0.42285, 11, 9.5],
			"rotation": {"angle": -22.5, "axis": "z", "origin": [-0.57715, 1, 0.5]},
			"faces": {
				"north": {"uv": [7, 10, 7.5, 11.75], "texture": "#2"},
				"east": {"uv": [1, 9.5, 1.75, 11.25], "texture": "#2"},
				"south": {"uv": [10, 8.25, 10.5, 10], "texture": "#2"},
				"west": {"uv": [3.5, 9.75, 4.25, 11.5], "texture": "#2"},
				"up": {"uv": [3, 5.75, 2.5, 5], "texture": "#2"},
				"down": {"uv": [5.5, 6.25, 5, 7], "texture": "#2"}
			}
		},
		{
			"from": [14.42285, -2, 6.5],
			"to": [16.42285, 5, 9.5],
			"rotation": {"angle": 22.5, "axis": "z", "origin": [0.42285, 1, 0.5]},
			"faces": {
				"north": {"uv": [10, 10, 10.5, 11.75], "texture": "#2"},
				"east": {"uv": [4.25, 9.75, 5, 11.5], "texture": "#2"},
				"south": {"uv": [10.25, 1.5, 10.75, 3.25], "texture": "#2"},
				"west": {"uv": [1.75, 10, 2.5, 11.75], "texture": "#2"},
				"up": {"uv": [2.5, 8, 2, 7.25], "texture": "#2"},
				"down": {"uv": [11.25, 1.5, 10.75, 2.25], "texture": "#2"}
			}
		},
		{
			"from": [3.92285, 12, 4.5],
			"to": [11.92285, 15, 5.5],
			"rotation": {"angle": 0, "axis": "y", "origin": [-0.07715, 0, 0.5]},
			"faces": {
				"north": {"uv": [9.25, 0, 11.25, 0.75], "texture": "#2"},
				"east": {"uv": [7, 3, 7.25, 3.75], "texture": "#2"},
				"south": {"uv": [9.25, 0.75, 11.25, 1.5], "texture": "#2"},
				"west": {"uv": [8.75, 6.25, 9, 7], "texture": "#2"},
				"up": {"uv": [12.5, 10.5, 10.5, 10.25], "texture": "#2"},
				"down": {"uv": [12.5, 10.5, 10.5, 10.75], "texture": "#2"}
			}
		},
		{
			"from": [4.92285, 12, 5.5],
			"to": [10.92285, 19, 11.5],
			"rotation": {"angle": 0, "axis": "y", "origin": [-0.07715, 0, 0.5]},
			"faces": {
				"north": {"uv": [7.25, 5.25, 8.75, 7], "texture": "#2"},
				"east": {"uv": [7.5, 7, 9, 8.75], "texture": "#2"},
				"south": {"uv": [7.75, 0, 9.25, 1.75], "texture": "#2"},
				"west": {"uv": [2, 8.25, 3.5, 10], "texture": "#2"},
				"up": {"uv": [5, 9.75, 3.5, 8.25], "texture": "#2"},
				"down": {"uv": [9, 8.75, 7.5, 10.25], "texture": "#2"}
			}
		},
		{
			"from": [2.92285, 8, 3.5],
			"to": [12.92285, 12, 12.5],
			"rotation": {"angle": 0, "axis": "y", "origin": [-0.07715, 0, 0.5]},
			"faces": {
				"north": {"uv": [7.75, 1.75, 10.25, 2.75], "texture": "#2"},
				"east": {"uv": [5, 9, 7.25, 10], "texture": "#2"},
				"south": {"uv": [8.75, 5.25, 11.25, 6.25], "texture": "#2"},
				"west": {"uv": [9, 6.25, 11.25, 7.25], "texture": "#2"},
				"up": {"uv": [5.5, 6.25, 3, 4], "texture": "#2"},
				"down": {"uv": [2.5, 5, 0, 7.25], "texture": "#2"}
			}
		},
		{
			"from": [5.92285, 1, 12.5],
			"to": [9.92285, 5, 15.5],
			"rotation": {"angle": 0, "axis": "y", "origin": [-0.07715, 0, 0.5]},
			"faces": {
				"north": {"uv": [6, 3, 7, 4], "texture": "#2"},
				"east": {"uv": [10.25, 3.25, 11, 4.25], "texture": "#2"},
				"south": {"uv": [2.5, 10, 3.5, 11], "texture": "#2"},
				"west": {"uv": [7.5, 10.25, 8.25, 11.25], "texture": "#2"},
				"up": {"uv": [6, 11.25, 5, 10.5], "texture": "#2"},
				"down": {"uv": [7, 10.5, 6, 11.25], "texture": "#2"}
			}
		},
		{
			"from": [4.5, 19, 8],
			"to": [11.5, 31, 8],
			"rotation": {"angle": 0, "axis": "x", "origin": [6.5, 25, 6]},
			"faces": {
				"north": {"uv": [5.5, 4, 7.25, 7], "texture": "#2"},
				"east": {"uv": [0, 0, 0, 3], "texture": "#2"},
				"south": {"uv": [5.5, 4, 7.25, 7], "texture": "#2"},
				"west": {"uv": [0, 0, 0, 3], "texture": "#2"},
				"up": {"uv": [1.75, 0, 0, 0], "texture": "#2"},
				"down": {"uv": [0, 0, 1.75, 0], "texture": "#2"}
			}
		}
	],
	"display": {
		"thirdperson_righthand": {
			"rotation": [75, 45, 0],
			"translation": [0, 2.5, 0],
			"scale": [0.375, 0.375, 0.375]
		},
		"thirdperson_lefthand": {
			"rotation": [75, 45, 0],
			"translation": [0, 2.5, 0],
			"scale": [0.375, 0.375, 0.375]
		},
		"firstperson_righthand": {
			"rotation": [0, 135, 0],
			"scale": [0.4, 0.4, 0.4]
		},
		"firstperson_lefthand": {
			"rotation": [0, 135, 0],
			"scale": [0.4, 0.4, 0.4]
		},
		"ground": {
			"translation": [0, 11.75, 0],
			"scale": [1.3, 1.3, 1.3]
		},
		"gui": {
			"rotation": [30, 225, 0],
			"translation": [0, -0.5, 0],
			"scale": [0.515, 0.515, 0.515]
		},
		"head": {
			"translation": [0, -14.25, 0],
			"scale": [3, 3, 3]
		}
	}
}