{
	"credit": "Made with Blockbench",
	"texture_size": [64, 64],
	"textures": {
		"4": "nodenium:item/big_chungus"
	},
	"elements": [
		{
			"from": [1.92285, -2, 2.5],
			"to": [5.92285, 0, 10.5],
			"rotation": {"angle": 45, "axis": "y", "origin": [3.92285, -1, 8]},
			"faces": {
				"north": {"uv": [9, 1.75, 10, 2.25], "texture": "#4"},
				"east": {"uv": [8.75, 5.25, 10.75, 5.75], "texture": "#4"},
				"south": {"uv": [9.25, 7, 10.25, 7.5], "texture": "#4"},
				"west": {"uv": [8.25, 8.75, 10.25, 9.25], "texture": "#4"},
				"up": {"uv": [6.5, 9.75, 5.5, 7.75], "texture": "#4"},
				"down": {"uv": [9, 0, 8, 2], "texture": "#4"}
			}
		},
		{
			"from": [10.07715, -2, 2.5],
			"to": [14.07715, 0, 10.5],
			"rotation": {"angle": -45, "axis": "y", "origin": [12.07715, -1, 8]},
			"faces": {
				"north": {"uv": [10, 1.75, 9, 2.25], "texture": "#4"},
				"east": {"uv": [10.25, 8.75, 8.25, 9.25], "texture": "#4"},
				"south": {"uv": [10.25, 7, 9.25, 7.5], "texture": "#4"},
				"west": {"uv": [10.75, 5.25, 8.75, 5.75], "texture": "#4"},
				"up": {"uv": [5.5, 9.75, 6.5, 7.75], "texture": "#4"},
				"down": {"uv": [8, 0, 9, 2], "texture": "#4"}
			}
		},
		{
			"from": [1.92285, 0, 3.5],
			"to": [13.92285, 8, 13.5],
			"rotation": {"angle": 0, "axis": "y", "origin": [-0.07715, 0, 0.5]},
			"faces": {
				"north": {"uv": [3, 0, 6, 2], "texture": "#4"},
				"east": {"uv": [0, 5, 2.5, 7], "texture": "#4"},
				"south": {"uv": [3, 2, 6, 4], "texture": "#4"},
				"west": {"uv": [5.5, 4, 8, 6], "texture": "#4"},
				"up": {"uv": [3, 2.5, 0, 0], "texture": "#4"},
				"down": {"uv": [3, 2.5, 0, 5], "texture": "#4"}
			}
		},
		{
			"from": [3.92285, 1, 2.5],
			"to": [11.92285, 10, 3.5],
			"rotation": {"angle": 0, "axis": "y", "origin": [-0.07715, 0, 0.5]},
			"faces": {
				"north": {"uv": [6, 0, 8, 2.25], "texture": "#4"},
				"east": {"uv": [2, 9, 2.25, 11.25], "texture": "#4"},
				"west": {"uv": [8.25, 9.25, 8.5, 11.5], "texture": "#4"},
				"up": {"uv": [10, 6, 8, 5.75], "texture": "#4"},
				"down": {"uv": [11.25, 7.5, 9.25, 7.75], "texture": "#4"}
			}
		},
		{
			"from": [-1.57715, 4, 6.5],
			"to": [0.42285, 11, 9.5],
			"rotation": {"angle": -22.5, "axis": "z", "origin": [-0.57715, 1, 0.5]},
			"faces": {
				"north": {"uv": [5, 8, 5.5, 9.75], "texture": "#4"},
				"east": {"uv": [8, 4, 8.75, 5.75], "texture": "#4"},
				"south": {"uv": [9, 0, 9.5, 1.75], "texture": "#4"},
				"west": {"uv": [4.25, 8, 5, 9.75], "texture": "#4"},
				"up": {"uv": [7, 8.5, 6.5, 7.75], "texture": "#4"},
				"down": {"uv": [10, 0, 9.5, 0.75], "texture": "#4"}
			}
		},
		{
			"from": [14.42285, -2, 6.5],
			"to": [16.42285, 5, 9.5],
			"rotation": {"angle": 22.5, "axis": "z", "origin": [0.42285, 1, 0.5]},
			"faces": {
				"north": {"uv": [1, 9, 1.5, 10.75], "texture": "#4"},
				"east": {"uv": [6.5, 8.5, 7.25, 10.25], "texture": "#4"},
				"south": {"uv": [1.5, 9, 2, 10.75], "texture": "#4"},
				"west": {"uv": [8.5, 7, 9.25, 8.75], "texture": "#4"},
				"up": {"uv": [10, 1.5, 9.5, 0.75], "texture": "#4"},
				"down": {"uv": [10, 3.25, 9.5, 4], "texture": "#4"}
			}
		},
		{
			"from": [3.92285, 12, 4.5],
			"to": [11.92285, 15, 5.5],
			"rotation": {"angle": 0, "axis": "y", "origin": [-0.07715, 0, 0.5]},
			"faces": {
				"north": {"uv": [7.5, 3.25, 9.5, 4], "texture": "#4"},
				"east": {"uv": [5, 9.75, 5.25, 10.5], "texture": "#4"},
				"south": {"uv": [2.25, 8, 4.25, 8.75], "texture": "#4"},
				"west": {"uv": [5.25, 9.75, 5.5, 10.5], "texture": "#4"},
				"up": {"uv": [11.25, 8, 9.25, 7.75], "texture": "#4"},
				"down": {"uv": [11.25, 8, 9.25, 8.25], "texture": "#4"}
			}
		},
		{
			"from": [4.92285, 12, 5.5],
			"to": [10.92285, 19, 11.5],
			"rotation": {"angle": 0, "axis": "y", "origin": [-0.07715, 0, 0.5]},
			"faces": {
				"north": {"uv": [6, 2.25, 7.5, 4], "texture": "#4"},
				"east": {"uv": [5.5, 6, 7, 7.75], "texture": "#4"},
				"south": {"uv": [2.5, 6.25, 4, 8], "texture": "#4"},
				"west": {"uv": [4, 6.25, 5.5, 8], "texture": "#4"},
				"up": {"uv": [8.5, 8.5, 7, 7], "texture": "#4"}
			}
		},
		{
			"from": [2.92285, 8, 3.5],
			"to": [12.92285, 12, 12.5],
			"rotation": {"angle": 0, "axis": "y", "origin": [-0.07715, 0, 0.5]},
			"faces": {
				"north": {"uv": [0, 7, 2.5, 8], "texture": "#4"},
				"east": {"uv": [7.5, 2.25, 9.75, 3.25], "texture": "#4"},
				"south": {"uv": [7, 6, 9.5, 7], "texture": "#4"},
				"west": {"uv": [0, 8, 2.25, 9], "texture": "#4"},
				"up": {"uv": [5.5, 6.25, 3, 4], "texture": "#4"}
			}
		},
		{
			"from": [5.92285, 1, 13.5],
			"to": [9.92285, 5, 15.5],
			"rotation": {"angle": 0, "axis": "y", "origin": [-0.07715, 0, 0.5]},
			"faces": {
				"east": {"uv": [2.5, 5, 3, 6], "texture": "#4"},
				"south": {"uv": [0, 9, 1, 10], "texture": "#4"},
				"west": {"uv": [8.5, 9.25, 9, 10.25], "texture": "#4"},
				"up": {"uv": [10.25, 8.75, 9.25, 8.25], "texture": "#4"},
				"down": {"uv": [10, 9.25, 9, 9.75], "texture": "#4"}
			}
		},
		{
			"from": [5.5, 18, 6.5],
			"to": [6.5, 23, 10.5],
			"rotation": {"angle": 22.5, "axis": "z", "origin": [5.5, 18, 7]},
			"faces": {
				"north": {"uv": [9.75, 4, 10, 5.25], "texture": "#4"},
				"east": {"uv": [7.25, 8.5, 8.25, 9.75], "texture": "#4"},
				"south": {"uv": [4.25, 9.75, 4.5, 11], "texture": "#4"},
				"west": {"uv": [2.25, 8.75, 3.25, 10], "texture": "#4"},
				"up": {"uv": [9.75, 7, 9.5, 6], "texture": "#4"}
			}
		},
		{
			"from": [9.5, 18, 6.5],
			"to": [10.5, 23, 10.5],
			"rotation": {"angle": -22.5, "axis": "z", "origin": [10.5, 18, 7]},
			"faces": {
				"north": {"uv": [4.5, 9.75, 4.75, 11], "texture": "#4"},
				"east": {"uv": [3.25, 8.75, 4.25, 10], "texture": "#4"},
				"south": {"uv": [4.75, 9.75, 5, 11], "texture": "#4"},
				"west": {"uv": [8.75, 4, 9.75, 5.25], "texture": "#4"},
				"up": {"uv": [10, 3.25, 9.75, 2.25], "texture": "#4"}
			}
		}
	],
	"display": {
		"thirdperson_righthand": {
			"rotation": [75, 45, 0],
			"translation": [0, 2.5, 0],
			"scale": [0.375, 0.375, 0.375]
		},
		"thirdperson_lefthand": {
			"rotation": [75, 45, 0],
			"translation": [0, 2.5, 0],
			"scale": [0.375, 0.375, 0.375]
		},
		"firstperson_righthand": {
			"rotation": [0, 135, 0],
			"scale": [0.4, 0.4, 0.4]
		},
		"firstperson_lefthand": {
			"rotation": [0, 135, 0],
			"scale": [0.4, 0.4, 0.4]
		},
		"ground": {
			"translation": [0, 11.75, 0],
			"scale": [1.3, 1.3, 1.3]
		},
		"gui": {
			"rotation": [30, 225, 0],
			"translation": [0, -0.5, 0],
			"scale": [0.515, 0.515, 0.515]
		},
		"head": {
			"translation": [0, -14.25, 0],
			"scale": [3, 3, 3]
		}
	}
}