{
	"credit": "Made with Blockbench",
	"texture_size": [32, 32],
	"textures": {
		"1": "nodenium:item/breeze_eyes",
		"2": "nodenium:item/breeze_wind",
		"5": "nodenium:item/breeze",
		"particle": "nodenium:item/breeze"
	},
	"elements": [
		{
			"name": "head",
			"from": [4, 20, 4.9462],
			"to": [12, 28, 12.9462],
			"rotation": {"angle": 0, "axis": "y", "origin": [8, 0, 8.9462]},
			"faces": {
				"north": {"uv": [4, 4, 8, 8], "texture": "#5"},
				"east": {"uv": [0, 4, 4, 8], "texture": "#5"},
				"south": {"uv": [12, 4, 16, 8], "texture": "#5"},
				"west": {"uv": [8, 4, 12, 8], "texture": "#5"},
				"up": {"uv": [8, 4, 4, 0], "texture": "#5"},
				"down": {"uv": [12, 0, 8, 4], "texture": "#5"}
			}
		},
		{
			"name": "head",
			"from": [3, 22, 4.6962],
			"to": [13, 25, 8.6962],
			"rotation": {"angle": 0, "axis": "y", "origin": [8, 0, 8.9462]},
			"faces": {
				"north": {"uv": [4, 14, 9, 15.5], "texture": "#1"},
				"east": {"uv": [2, 14, 4, 15.5], "texture": "#1"},
				"south": {"uv": [11, 14, 16, 15.5], "texture": "#1"},
				"west": {"uv": [9, 14, 11, 15.5], "texture": "#1"},
				"up": {"uv": [9, 14, 4, 12], "texture": "#1"},
				"down": {"uv": [14, 12, 9, 14], "texture": "#1"}
			}
		},
		{
			"name": "rod_1",
			"from": [7, 9.55162, 9.22768],
			"to": [9, 17.55162, 11.22768],
			"rotation": {"angle": -22.5, "axis": "x", "origin": [8, 0, 8.9462]},
			"faces": {
				"north": {"uv": [1, 9.5, 2, 13.5], "texture": "#5"},
				"east": {"uv": [0, 9.5, 1, 13.5], "texture": "#5"},
				"south": {"uv": [3, 9.5, 4, 13.5], "texture": "#5"},
				"west": {"uv": [2, 9.5, 3, 13.5], "texture": "#5"},
				"up": {"uv": [2, 9.5, 1, 8.5], "texture": "#5"},
				"down": {"uv": [3, 8.5, 2, 9.5], "texture": "#5"}
			}
		},
		{
			"name": "rod_2",
			"from": [5.71852, 9.55162, 7.9462],
			"to": [7.71852, 17.55162, 9.9462],
			"rotation": {"angle": -22.5, "axis": "z", "origin": [8, 0, 8.9462]},
			"faces": {
				"north": {"uv": [1, 9.5, 2, 13.5], "texture": "#5"},
				"east": {"uv": [0, 9.5, 1, 13.5], "texture": "#5"},
				"south": {"uv": [3, 9.5, 4, 13.5], "texture": "#5"},
				"west": {"uv": [2, 9.5, 3, 13.5], "texture": "#5"},
				"up": {"uv": [2, 9.5, 1, 8.5], "texture": "#5"},
				"down": {"uv": [3, 8.5, 2, 9.5], "texture": "#5"}
			}
		},
		{
			"name": "rod_3",
			"from": [7, 9.55162, 6.66472],
			"to": [9, 17.55162, 8.66472],
			"rotation": {"angle": 22.5, "axis": "x", "origin": [8, 0, 8.9462]},
			"faces": {
				"north": {"uv": [1, 9.5, 2, 13.5], "texture": "#5"},
				"east": {"uv": [0, 9.5, 1, 13.5], "texture": "#5"},
				"south": {"uv": [3, 9.5, 4, 13.5], "texture": "#5"},
				"west": {"uv": [2, 9.5, 3, 13.5], "texture": "#5"},
				"up": {"uv": [2, 9.5, 1, 8.5], "texture": "#5"},
				"down": {"uv": [3, 8.5, 2, 9.5], "texture": "#5"}
			}
		},
		{
			"name": "rod_4",
			"from": [8.28148, 9.55162, 7.9462],
			"to": [10.28148, 17.55162, 9.9462],
			"rotation": {"angle": 22.5, "axis": "z", "origin": [8, 0, 8.9462]},
			"faces": {
				"north": {"uv": [1, 9.5, 2, 13.5], "texture": "#5"},
				"east": {"uv": [0, 9.5, 1, 13.5], "texture": "#5"},
				"south": {"uv": [3, 9.5, 4, 13.5], "texture": "#5"},
				"west": {"uv": [2, 9.5, 3, 13.5], "texture": "#5"},
				"up": {"uv": [2, 9.5, 1, 8.5], "texture": "#5"},
				"down": {"uv": [3, 8.5, 2, 9.5], "texture": "#5"}
			}
		},
		{
			"name": "wind_top",
			"from": [-1, 13, -1],
			"to": [17, 21, -1],
			"rotation": {"angle": 0, "axis": "y", "origin": [8, 0, 8]},
			"faces": {
				"north": {"uv": [0, 2.25, 2.25, 3.25], "texture": "#2"},
				"east": {"uv": [6.75, 2.25, 9, 3.25], "texture": "#2"},
				"south": {"uv": [4.5, 2.25, 6.75, 3.25], "texture": "#2"},
				"west": {"uv": [2.25, 2.25, 4.5, 3.25], "texture": "#2"}
			}
		},
		{
			"name": "wind_top",
			"from": [-1, 13, -1],
			"to": [-1, 21, 17],
			"rotation": {"angle": 0, "axis": "y", "origin": [8, 0, 8]},
			"faces": {
				"north": {"uv": [0, 2.25, 2.25, 3.25], "texture": "#2"},
				"east": {"uv": [6.75, 2.25, 9, 3.25], "texture": "#2"},
				"south": {"uv": [4.5, 2.25, 6.75, 3.25], "texture": "#2"},
				"west": {"uv": [2.25, 2.25, 4.5, 3.25], "texture": "#2"}
			}
		},
		{
			"name": "wind_top",
			"from": [-1, 13, 17],
			"to": [17, 21, 17],
			"rotation": {"angle": 0, "axis": "y", "origin": [8, 0, 7]},
			"faces": {
				"north": {"uv": [0, 2.25, 2.25, 3.25], "texture": "#2"},
				"east": {"uv": [6.75, 2.25, 9, 3.25], "texture": "#2"},
				"south": {"uv": [4.5, 2.25, 6.75, 3.25], "texture": "#2"},
				"west": {"uv": [2.25, 2.25, 4.5, 3.25], "texture": "#2"}
			}
		},
		{
			"name": "wind_top",
			"from": [17, 13, -1],
			"to": [17, 21, 17],
			"rotation": {"angle": 0, "axis": "y", "origin": [8, 0, 8]},
			"faces": {
				"north": {"uv": [0, 2.25, 2.25, 3.25], "texture": "#2"},
				"east": {"uv": [6.75, 2.25, 9, 3.25], "texture": "#2"},
				"south": {"uv": [4.5, 2.25, 6.75, 3.25], "texture": "#2"},
				"west": {"uv": [2.25, 2.25, 4.5, 3.25], "texture": "#2"}
			}
		},
		{
			"name": "wind_top",
			"from": [2, 13, 2],
			"to": [14, 21, 2],
			"rotation": {"angle": 0, "axis": "y", "origin": [8, 0, 8]},
			"faces": {
				"north": {"uv": [0, 2.25, 1.5, 3.25], "texture": "#2"},
				"east": {"uv": [4.5, 2.25, 6, 3.25], "texture": "#2"},
				"south": {"uv": [3, 2.25, 4.5, 3.25], "texture": "#2"},
				"west": {"uv": [1.5, 2.25, 3, 3.25], "texture": "#2"}
			}
		},
		{
			"name": "wind_top",
			"from": [2, 13, 2],
			"to": [2, 21, 14],
			"rotation": {"angle": 0, "axis": "y", "origin": [8, 0, 8]},
			"faces": {
				"north": {"uv": [0, 2.25, 1.5, 3.25], "texture": "#2"},
				"east": {"uv": [4.5, 2.25, 6, 3.25], "texture": "#2"},
				"south": {"uv": [3, 2.25, 4.5, 3.25], "texture": "#2"},
				"west": {"uv": [1.5, 2.25, 3, 3.25], "texture": "#2"}
			}
		},
		{
			"name": "wind_top",
			"from": [2, 13, 14],
			"to": [14, 21, 14],
			"rotation": {"angle": 0, "axis": "y", "origin": [8, 0, 8]},
			"faces": {
				"north": {"uv": [0, 2.25, 1.5, 3.25], "texture": "#2"},
				"east": {"uv": [4.5, 2.25, 6, 3.25], "texture": "#2"},
				"south": {"uv": [3, 2.25, 4.5, 3.25], "texture": "#2"},
				"west": {"uv": [1.5, 2.25, 3, 3.25], "texture": "#2"}
			}
		},
		{
			"name": "wind_top",
			"from": [14, 13, 2],
			"to": [14, 21, 14],
			"rotation": {"angle": 0, "axis": "y", "origin": [8, 0, 8]},
			"faces": {
				"north": {"uv": [0, 2.25, 1.5, 3.25], "texture": "#2"},
				"east": {"uv": [4.5, 2.25, 6, 3.25], "texture": "#2"},
				"south": {"uv": [3, 2.25, 4.5, 3.25], "texture": "#2"},
				"west": {"uv": [1.5, 2.25, 3, 3.25], "texture": "#2"}
			}
		},
		{
			"name": "wind_top",
			"from": [5.5, 13, 5.5],
			"to": [10.5, 21, 5.5],
			"rotation": {"angle": 0, "axis": "y", "origin": [8, 0, 8]},
			"faces": {
				"north": {"uv": [0, 7.75, 0.625, 8.75], "texture": "#2"},
				"east": {"uv": [1.875, 7.75, 2.5, 8.75], "texture": "#2"},
				"south": {"uv": [1.25, 7.75, 1.875, 8.75], "texture": "#2"},
				"west": {"uv": [0.625, 7.75, 1.25, 8.75], "texture": "#2"},
				"up": {"uv": [57.5, 31, 55, 28.5], "texture": "#2"},
				"down": {"uv": [60, 28.5, 57.5, 31], "texture": "#2"}
			}
		},
		{
			"name": "wind_top",
			"from": [10.5, 13, 5.5],
			"to": [10.5, 21, 9.5],
			"rotation": {"angle": 0, "axis": "y", "origin": [8, 0, 8]},
			"faces": {
				"north": {"uv": [0, 7.75, 0.625, 8.75], "texture": "#2"},
				"east": {"uv": [1.875, 7.75, 2.5, 8.75], "texture": "#2"},
				"south": {"uv": [1.25, 7.75, 1.875, 8.75], "texture": "#2"},
				"west": {"uv": [0.625, 7.75, 1.25, 8.75], "texture": "#2"},
				"up": {"uv": [57.5, 31, 55, 28.5], "texture": "#2"},
				"down": {"uv": [60, 28.5, 57.5, 31], "texture": "#2"}
			}
		},
		{
			"name": "wind_top",
			"from": [5.5, 13, 9.5],
			"to": [10.5, 21, 9.5],
			"rotation": {"angle": 0, "axis": "y", "origin": [8, 0, 8]},
			"faces": {
				"north": {"uv": [0, 7.75, 0.625, 8.75], "texture": "#2"},
				"east": {"uv": [1.875, 7.75, 2.5, 8.75], "texture": "#2"},
				"south": {"uv": [1.25, 7.75, 1.875, 8.75], "texture": "#2"},
				"west": {"uv": [0.625, 7.75, 1.25, 8.75], "texture": "#2"},
				"up": {"uv": [57.5, 31, 55, 28.5], "texture": "#2"},
				"down": {"uv": [60, 28.5, 57.5, 31], "texture": "#2"}
			}
		},
		{
			"name": "wind_top",
			"from": [5.5, 13, 5.5],
			"to": [5.5, 21, 9.5],
			"rotation": {"angle": 0, "axis": "y", "origin": [8, 0, 8]},
			"faces": {
				"north": {"uv": [0, 7.75, 0.625, 8.75], "texture": "#2"},
				"east": {"uv": [1.875, 7.75, 2.5, 8.75], "texture": "#2"},
				"south": {"uv": [1.25, 7.75, 1.875, 8.75], "texture": "#2"},
				"west": {"uv": [0.625, 7.75, 1.25, 8.75], "texture": "#2"},
				"up": {"uv": [57.5, 31, 55, 28.5], "texture": "#2"},
				"down": {"uv": [60, 28.5, 57.5, 31], "texture": "#2"}
			}
		},
		{
			"name": "wind_middle",
			"from": [2, 7, 2],
			"to": [14, 13, 2],
			"rotation": {"angle": 0, "axis": "y", "origin": [8, 0, 8]},
			"faces": {
				"north": {"uv": [0, 5, 1.5, 5.75], "texture": "#2"},
				"east": {"uv": [4.5, 5, 6, 5.75], "texture": "#2"},
				"south": {"uv": [3, 5, 4.5, 5.75], "texture": "#2"},
				"west": {"uv": [1.5, 5, 3, 5.75], "texture": "#2"},
				"up": {"uv": [49, 20, 43, 14], "texture": "#2"},
				"down": {"uv": [55, 14, 49, 20], "texture": "#2"}
			}
		},
		{
			"name": "wind_middle",
			"from": [2, 7, 2],
			"to": [2, 13, 14],
			"rotation": {"angle": 0, "axis": "y", "origin": [8, 0, 8]},
			"faces": {
				"north": {"uv": [0, 5, 1.5, 5.75], "texture": "#2"},
				"east": {"uv": [4.5, 5, 6, 5.75], "texture": "#2"},
				"south": {"uv": [3, 5, 4.5, 5.75], "texture": "#2"},
				"west": {"uv": [1.5, 5, 3, 5.75], "texture": "#2"},
				"up": {"uv": [49, 20, 43, 14], "texture": "#2"},
				"down": {"uv": [55, 14, 49, 20], "texture": "#2"}
			}
		},
		{
			"name": "wind_middle",
			"from": [2, 7, 14],
			"to": [14, 13, 14],
			"rotation": {"angle": 0, "axis": "y", "origin": [8, 0, 8]},
			"faces": {
				"north": {"uv": [0, 5, 1.5, 5.75], "texture": "#2"},
				"east": {"uv": [4.5, 5, 6, 5.75], "texture": "#2"},
				"south": {"uv": [3, 5, 4.5, 5.75], "texture": "#2"},
				"west": {"uv": [1.5, 5, 3, 5.75], "texture": "#2"},
				"up": {"uv": [49, 20, 43, 14], "texture": "#2"},
				"down": {"uv": [55, 14, 49, 20], "texture": "#2"}
			}
		},
		{
			"name": "wind_middle",
			"from": [14, 7, 2],
			"to": [14, 13, 14],
			"rotation": {"angle": 0, "axis": "y", "origin": [8, 0, 8]},
			"faces": {
				"north": {"uv": [0, 5, 1.5, 5.75], "texture": "#2"},
				"east": {"uv": [4.5, 5, 6, 5.75], "texture": "#2"},
				"south": {"uv": [3, 5, 4.5, 5.75], "texture": "#2"},
				"west": {"uv": [1.5, 5, 3, 5.75], "texture": "#2"},
				"up": {"uv": [49, 20, 43, 14], "texture": "#2"},
				"down": {"uv": [55, 14, 49, 20], "texture": "#2"}
			}
		},
		{
			"name": "wind_middle",
			"from": [4, 7, 4],
			"to": [12, 13, 4],
			"rotation": {"angle": 0, "axis": "y", "origin": [8, 0, 8]},
			"faces": {
				"north": {"uv": [0, 5, 1, 5.75], "texture": "#2"},
				"east": {"uv": [3, 5, 4, 5.75], "texture": "#2"},
				"south": {"uv": [2, 5, 3, 5.75], "texture": "#2"},
				"west": {"uv": [1, 5, 2, 5.75], "texture": "#2"},
				"up": {"uv": [47, 20, 43, 16], "texture": "#2"},
				"down": {"uv": [51, 16, 47, 20], "texture": "#2"}
			}
		},
		{
			"name": "wind_middle",
			"from": [4, 7, 4],
			"to": [4, 13, 12],
			"rotation": {"angle": 0, "axis": "y", "origin": [8, 0, 8]},
			"faces": {
				"north": {"uv": [0, 5, 1, 5.75], "texture": "#2"},
				"east": {"uv": [3, 5, 4, 5.75], "texture": "#2"},
				"south": {"uv": [2, 5, 3, 5.75], "texture": "#2"},
				"west": {"uv": [1, 5, 2, 5.75], "texture": "#2"},
				"up": {"uv": [47, 20, 43, 16], "texture": "#2"},
				"down": {"uv": [51, 16, 47, 20], "texture": "#2"}
			}
		},
		{
			"name": "wind_middle",
			"from": [4, 7, 12],
			"to": [12, 13, 12],
			"rotation": {"angle": 0, "axis": "y", "origin": [8, 0, 8]},
			"faces": {
				"north": {"uv": [0, 5, 1, 5.75], "texture": "#2"},
				"east": {"uv": [3, 5, 4, 5.75], "texture": "#2"},
				"south": {"uv": [2, 5, 3, 5.75], "texture": "#2"},
				"west": {"uv": [1, 5, 2, 5.75], "texture": "#2"},
				"up": {"uv": [47, 20, 43, 16], "texture": "#2"},
				"down": {"uv": [51, 16, 47, 20], "texture": "#2"}
			}
		},
		{
			"name": "wind_middle",
			"from": [12, 7, 4],
			"to": [12, 13, 12],
			"rotation": {"angle": 0, "axis": "y", "origin": [8, 0, 8]},
			"faces": {
				"north": {"uv": [0, 5, 1, 5.75], "texture": "#2"},
				"east": {"uv": [3, 5, 4, 5.75], "texture": "#2"},
				"south": {"uv": [2, 5, 3, 5.75], "texture": "#2"},
				"west": {"uv": [1, 5, 2, 5.75], "texture": "#2"},
				"up": {"uv": [47, 20, 43, 16], "texture": "#2"},
				"down": {"uv": [51, 16, 47, 20], "texture": "#2"}
			}
		},
		{
			"name": "wind_middle",
			"from": [5.5, 7, 5.5],
			"to": [10.5, 13, 5.5],
			"rotation": {"angle": 0, "axis": "y", "origin": [8, 0, 8]},
			"faces": {
				"north": {"uv": [0, 9.5, 0.625, 10.25], "texture": "#2"},
				"east": {"uv": [0.625, 9.5, 1.25, 10.25], "texture": "#2"},
				"south": {"uv": [1.25, 9.5, 1.875, 10.25], "texture": "#2"},
				"west": {"uv": [1.875, 9.5, 2.5, 10.25], "texture": "#2"},
				"up": {"uv": [29.5, 38, 27, 35.5], "texture": "#2"},
				"down": {"uv": [32, 35.5, 29.5, 38], "texture": "#2"}
			}
		},
		{
			"name": "wind_middle",
			"from": [10.5, 7, 5.5],
			"to": [10.5, 13, 10.5],
			"rotation": {"angle": 0, "axis": "y", "origin": [8, 0, 8]},
			"faces": {
				"north": {"uv": [0, 9.5, 0.625, 10.25], "texture": "#2"},
				"east": {"uv": [0.625, 9.5, 1.25, 10.25], "texture": "#2"},
				"south": {"uv": [1.25, 9.5, 1.875, 10.25], "texture": "#2"},
				"west": {"uv": [1.875, 9.5, 2.5, 10.25], "texture": "#2"},
				"up": {"uv": [29.5, 38, 27, 35.5], "texture": "#2"},
				"down": {"uv": [32, 35.5, 29.5, 38], "texture": "#2"}
			}
		},
		{
			"name": "wind_middle",
			"from": [5.5, 7, 10.5],
			"to": [10.5, 13, 10.5],
			"rotation": {"angle": 0, "axis": "y", "origin": [8, 0, 8]},
			"faces": {
				"north": {"uv": [0, 9.5, 0.625, 10.25], "texture": "#2"},
				"east": {"uv": [0.625, 9.5, 1.25, 10.25], "texture": "#2"},
				"south": {"uv": [1.25, 9.5, 1.875, 10.25], "texture": "#2"},
				"west": {"uv": [1.875, 9.5, 2.5, 10.25], "texture": "#2"},
				"up": {"uv": [29.5, 38, 27, 35.5], "texture": "#2"},
				"down": {"uv": [32, 35.5, 29.5, 38], "texture": "#2"}
			}
		},
		{
			"name": "wind_middle",
			"from": [5.5, 7, 5.5],
			"to": [5.5, 13, 10.5],
			"rotation": {"angle": 0, "axis": "y", "origin": [8, 0, 8]},
			"faces": {
				"north": {"uv": [0, 9.5, 0.625, 10.25], "texture": "#2"},
				"east": {"uv": [0.625, 9.5, 1.25, 10.25], "texture": "#2"},
				"south": {"uv": [1.25, 9.5, 1.875, 10.25], "texture": "#2"},
				"west": {"uv": [1.875, 9.5, 2.5, 10.25], "texture": "#2"},
				"up": {"uv": [29.5, 38, 27, 35.5], "texture": "#2"},
				"down": {"uv": [32, 35.5, 29.5, 38], "texture": "#2"}
			}
		},
		{
			"name": "wind_bottom",
			"from": [5.5, 0, 5.5],
			"to": [10.5, 7, 5.5],
			"rotation": {"angle": 0, "axis": "y", "origin": [8, 0, 8]},
			"faces": {
				"north": {"uv": [0, 11, 0.625, 11.875], "texture": "#2"},
				"east": {"uv": [1.875, 11, 2.5, 11.875], "texture": "#2"},
				"south": {"uv": [1.25, 11, 1.875, 11.875], "texture": "#2"},
				"west": {"uv": [0.625, 11, 1.25, 11.875], "texture": "#2"},
				"up": {"uv": [5.5, 44, 3, 41.5], "texture": "#2"},
				"down": {"uv": [8, 41.5, 5.5, 44], "texture": "#2"}
			}
		},
		{
			"name": "wind_bottom",
			"from": [5.5, 0, 5.5],
			"to": [5.5, 7, 10.5],
			"rotation": {"angle": 0, "axis": "y", "origin": [8, 0, 8]},
			"faces": {
				"north": {"uv": [0, 11, 0.625, 11.875], "texture": "#2"},
				"east": {"uv": [1.875, 11, 2.5, 11.875], "texture": "#2"},
				"south": {"uv": [1.25, 11, 1.875, 11.875], "texture": "#2"},
				"west": {"uv": [0.625, 11, 1.25, 11.875], "texture": "#2"},
				"up": {"uv": [5.5, 44, 3, 41.5], "texture": "#2"},
				"down": {"uv": [8, 41.5, 5.5, 44], "texture": "#2"}
			}
		},
		{
			"name": "wind_bottom",
			"from": [5.5, 0, 10.5],
			"to": [10.5, 7, 10.5],
			"rotation": {"angle": 0, "axis": "y", "origin": [8, 0, 8]},
			"faces": {
				"north": {"uv": [0, 11, 0.625, 11.875], "texture": "#2"},
				"east": {"uv": [1.875, 11, 2.5, 11.875], "texture": "#2"},
				"south": {"uv": [1.25, 11, 1.875, 11.875], "texture": "#2"},
				"west": {"uv": [0.625, 11, 1.25, 11.875], "texture": "#2"},
				"up": {"uv": [5.5, 44, 3, 41.5], "texture": "#2"},
				"down": {"uv": [8, 41.5, 5.5, 44], "texture": "#2"}
			}
		},
		{
			"name": "wind_bottom",
			"from": [10.5, 0, 5.5],
			"to": [10.5, 7, 10.5],
			"rotation": {"angle": 0, "axis": "y", "origin": [8, 0, 8]},
			"faces": {
				"north": {"uv": [0, 11, 0.625, 11.875], "texture": "#2"},
				"east": {"uv": [1.875, 11, 2.5, 11.875], "texture": "#2"},
				"south": {"uv": [1.25, 11, 1.875, 11.875], "texture": "#2"},
				"west": {"uv": [0.625, 11, 1.25, 11.875], "texture": "#2"},
				"up": {"uv": [5.5, 44, 3, 41.5], "texture": "#2"},
				"down": {"uv": [8, 41.5, 5.5, 44], "texture": "#2"}
			}
		}
	],
	"display": {
		"thirdperson_righthand": {
			"scale": [0.5, 0.5, 0.5]
		},
		"thirdperson_lefthand": {
			"scale": [0.5, 0.5, 0.5]
		},
		"firstperson_righthand": {
			"rotation": [0, 135, 0],
			"scale": [0.25, 0.25, 0.25]
		},
		"firstperson_lefthand": {
			"rotation": [0, 135, 0],
			"scale": [0.25, 0.25, 0.25]
		},
		"ground": {
			"translation": [0, 3, 0],
			"scale": [0.25, 0.25, 0.25]
		},
		"gui": {
			"rotation": [30, 225, 0],
			"translation": [0, -2.5, 0],
			"scale": [0.5, 0.5, 0.5]
		},
		"head": {
			"translation": [0, -26.5, 0],
			"scale": [1.79, 1.79, 1.79]
		},
		"fixed": {
			"rotation": [-90, 0, 0],
			"translation": [0, 0, -8.75],
			"scale": [1.61, 1.61, 1.61]
		}
	},
	"groups": [
		{
			"name": "head",
			"origin": [16, 20, 16.9462],
			"color": 0,
			"children": [0, 1]
		},
		{
			"name": "rods",
			"origin": [8, 16, 8.9462],
			"color": 0,
			"children": [2, 3, 4, 5]
		},
		{
			"name": "wind",
			"origin": [8, 13, 8],
			"color": 0,
			"children": [
				{
					"name": "wind_top",
					"origin": [8, 13, 8],
					"color": 0,
					"children": [
						{
							"name": "group",
							"origin": [8, 0, 8],
							"color": 0,
							"children": [6, 7, 8, 9]
						},
						{
							"name": "group",
							"origin": [8, 0, 8],
							"color": 0,
							"children": [10, 11, 12, 13]
						},
						{
							"name": "group",
							"origin": [8, 0, 8],
							"color": 0,
							"children": [14, 15, 16, 17]
						}
					]
				},
				{
					"name": "wind_middle",
					"origin": [8, 7, 8],
					"color": 0,
					"children": [
						{
							"name": "group",
							"origin": [8, 0, 8],
							"color": 0,
							"children": [18, 19, 20, 21]
						},
						{
							"name": "group",
							"origin": [8, 0, 8],
							"color": 0,
							"children": [22, 23, 24, 25]
						},
						{
							"name": "group",
							"origin": [8, 0, 8],
							"color": 0,
							"children": [26, 27, 28, 29]
						}
					]
				},
				{
					"name": "wind_bottom",
					"origin": [8, 0, 8],
					"color": 0,
					"children": [30, 31, 32, 33]
				}
			]
		}
	]
}