{
	"credit": "Made with Blockbench",
	"texture_size": [128, 128],
	"textures": {
		"2": "nodenium:item/cannon_cart",
		"particle": "nodenium:item/cannon_cart"
	},
	"elements": [
		{
			"from": [3, 3, 7],
			"to": [13, 6, 31],
			"rotation": {"angle": 0, "axis": "y", "origin": [8, 4.5, 18]},
			"faces": {
				"north": {"uv": [6, 2.5, 7.25, 2.875], "texture": "#2"},
				"east": {"uv": [3.5, 3.5, 6.75, 3.875], "texture": "#2"},
				"south": {"uv": [6, 2.875, 7.25, 3.25], "texture": "#2"},
				"west": {"uv": [3.5, 3.875, 6.75, 4.25], "texture": "#2"},
				"up": {"uv": [1.25, 3.25, 0, 0], "texture": "#2"},
				"down": {"uv": [2.5, 0, 1.25, 3.25], "texture": "#2"}
			}
		},
		{
			"from": [1, 0, 9],
			"to": [3, 6, 15],
			"rotation": {"angle": 0, "axis": "y", "origin": [7, 5, 5]},
			"faces": {
				"north": {"uv": [5.5, 6.25, 5.75, 7], "texture": "#2"},
				"east": {"uv": [2.5, 4.75, 3.25, 5.5], "texture": "#2"},
				"south": {"uv": [5.75, 6.25, 6, 7], "texture": "#2"},
				"west": {"uv": [5.25, 1, 6, 1.75], "texture": "#2"},
				"up": {"uv": [6.25, 7, 6, 6.25], "texture": "#2"},
				"down": {"uv": [6.5, 6, 6.25, 6.75], "texture": "#2"}
			}
		},
		{
			"from": [0, 2, 11],
			"to": [16, 4, 13],
			"rotation": {"angle": 0, "axis": "x", "origin": [8, 3, 12]},
			"faces": {
				"north": {"uv": [5.25, 1.75, 7.25, 2], "texture": "#2"},
				"east": {"uv": [3.25, 4.75, 3.5, 5], "texture": "#2"},
				"south": {"uv": [5.5, 5.75, 7.5, 6], "texture": "#2"},
				"west": {"uv": [3.25, 5, 3.5, 5.25], "texture": "#2"},
				"up": {"uv": [2, 6.25, 0, 6], "texture": "#2"},
				"down": {"uv": [8, 1, 6, 1.25], "texture": "#2"}
			}
		},
		{
			"from": [0, 2, 25],
			"to": [16, 4, 27],
			"rotation": {"angle": 0, "axis": "x", "origin": [8, 3, 26]},
			"faces": {
				"north": {"uv": [6, 1.25, 8, 1.5], "texture": "#2"},
				"east": {"uv": [1.75, 5.75, 2, 6], "texture": "#2"},
				"south": {"uv": [6, 1.5, 8, 1.75], "texture": "#2"},
				"west": {"uv": [6.25, 5.5, 6.5, 5.75], "texture": "#2"},
				"up": {"uv": [8, 2.25, 6, 2], "texture": "#2"},
				"down": {"uv": [8, 2.25, 6, 2.5], "texture": "#2"}
			}
		},
		{
			"from": [13, 0, 9],
			"to": [15, 6, 15],
			"rotation": {"angle": 0, "axis": "y", "origin": [19, 5, 5]},
			"faces": {
				"north": {"uv": [0, 6.5, 0.25, 7.25], "texture": "#2"},
				"east": {"uv": [3.25, 5.25, 4, 6], "texture": "#2"},
				"south": {"uv": [0.25, 6.5, 0.5, 7.25], "texture": "#2"},
				"west": {"uv": [4, 5.25, 4.75, 6], "texture": "#2"},
				"up": {"uv": [0.75, 7.25, 0.5, 6.5], "texture": "#2"},
				"down": {"uv": [1, 6.5, 0.75, 7.25], "texture": "#2"}
			}
		},
		{
			"from": [1, 0, 23],
			"to": [3, 6, 29],
			"rotation": {"angle": 0, "axis": "y", "origin": [7, 5, 19]},
			"faces": {
				"north": {"uv": [5.5, 6.25, 5.75, 7], "texture": "#2"},
				"east": {"uv": [2.5, 4.75, 3.25, 5.5], "texture": "#2"},
				"south": {"uv": [5.75, 6.25, 6, 7], "texture": "#2"},
				"west": {"uv": [5.25, 1, 6, 1.75], "texture": "#2"},
				"up": {"uv": [6, 6.25, 6.25, 7], "texture": "#2"},
				"down": {"uv": [6.25, 6, 6.5, 6.75], "texture": "#2"}
			}
		},
		{
			"from": [13, 0, 23],
			"to": [15, 6, 29],
			"rotation": {"angle": 0, "axis": "y", "origin": [19, 5, 19]},
			"faces": {
				"north": {"uv": [0, 6.5, 0.25, 7.25], "texture": "#2"},
				"east": {"uv": [3.25, 5.25, 4, 6], "texture": "#2"},
				"south": {"uv": [0.25, 6.5, 0.5, 7.25], "texture": "#2"},
				"west": {"uv": [4, 5.25, 4.75, 6], "texture": "#2"},
				"up": {"uv": [0.5, 6.5, 0.75, 7.25], "texture": "#2"},
				"down": {"uv": [0.75, 6.5, 1, 7.25], "texture": "#2"}
			}
		},
		{
			"from": [5, 7, -16],
			"to": [11, 13, 6],
			"rotation": {"angle": 0, "axis": "y", "origin": [7, 12, 18]},
			"faces": {
				"north": {"uv": [4.75, 5.25, 5.5, 6], "texture": "#2"},
				"east": {"uv": [3.5, 2, 6, 2.75], "texture": "#2"},
				"south": {"uv": [2.5, 5.5, 3.25, 6.25], "texture": "#2"},
				"west": {"uv": [3.5, 2.75, 6, 3.5], "texture": "#2"},
				"up": {"uv": [1.75, 5.75, 1, 3.25], "texture": "#2"},
				"down": {"uv": [2.5, 3.25, 1.75, 5.75], "texture": "#2"}
			}
		},
		{
			"from": [4, 6, 6],
			"to": [12, 14, 28],
			"rotation": {"angle": 0, "axis": "y", "origin": [7, 12, 40]},
			"faces": {
				"north": {"uv": [3.5, 4.25, 4.5, 5.25], "texture": "#2"},
				"east": {"uv": [2.5, 0, 5.25, 1], "texture": "#2"},
				"south": {"uv": [4.5, 4.25, 5.5, 5.25], "texture": "#2"},
				"west": {"uv": [2.5, 1, 5.25, 2], "texture": "#2"},
				"up": {"uv": [3.5, 4.75, 2.5, 2], "texture": "#2"},
				"down": {"uv": [1, 3.25, 0, 6], "texture": "#2"}
			}
		},
		{
			"from": [2, 9, 11],
			"to": [14, 11, 13],
			"rotation": {"angle": 0, "axis": "y", "origin": [7, 12, 42]},
			"faces": {
				"north": {"uv": [3.25, 6, 4.75, 6.25], "texture": "#2"},
				"east": {"uv": [3, 6.5, 3.25, 6.75], "texture": "#2"},
				"south": {"uv": [6, 3.25, 7.5, 3.5], "texture": "#2"},
				"west": {"uv": [3.25, 6.5, 3.5, 6.75], "texture": "#2"},
				"up": {"uv": [6.25, 6.25, 4.75, 6], "texture": "#2"},
				"down": {"uv": [1.5, 6.25, 0, 6.5], "texture": "#2"}
			}
		},
		{
			"from": [5, 7, 29],
			"to": [11, 13, 31],
			"rotation": {"angle": -45, "axis": "z", "origin": [8, 10, 30]},
			"faces": {
				"north": {"uv": [5.5, 4.25, 6.25, 5], "texture": "#2"},
				"east": {"uv": [1, 6.5, 1.25, 7.25], "texture": "#2"},
				"south": {"uv": [5.5, 5, 6.25, 5.75], "texture": "#2"},
				"west": {"uv": [1.25, 6.5, 1.5, 7.25], "texture": "#2"},
				"up": {"uv": [1.75, 6, 1, 5.75], "texture": "#2"},
				"down": {"uv": [7, 5.25, 6.25, 5.5], "texture": "#2"}
			}
		},
		{
			"from": [6, 8, 28],
			"to": [10, 12, 29],
			"rotation": {"angle": 0, "axis": "y", "origin": [7, 12, 40]},
			"faces": {
				"north": {"uv": [1.5, 6.25, 2, 6.75], "texture": "#2"},
				"east": {"uv": [3.5, 6.5, 3.625, 7], "texture": "#2"},
				"south": {"uv": [6.25, 4.75, 6.75, 5.25], "texture": "#2"},
				"west": {"uv": [3.625, 6.5, 3.75, 7], "texture": "#2"},
				"up": {"uv": [4.25, 6.625, 3.75, 6.5], "texture": "#2"},
				"down": {"uv": [4.75, 6.5, 4.25, 6.625], "texture": "#2"}
			}
		},
		{
			"from": [3, 8, 7],
			"to": [4, 10, 17],
			"rotation": {"angle": 0, "axis": "y", "origin": [9, 9, 19]},
			"faces": {
				"north": {"uv": [4.75, 6.5, 4.875, 6.75], "texture": "#2"},
				"east": {"uv": [2.5, 6.25, 4, 6.5], "texture": "#2"},
				"south": {"uv": [4.875, 6.5, 5, 6.75], "texture": "#2"},
				"west": {"uv": [4, 6.25, 5.5, 6.5], "texture": "#2"},
				"up": {"uv": [2.625, 8, 2.5, 6.5], "texture": "#2"},
				"down": {"uv": [2.75, 6.5, 2.625, 8], "texture": "#2"}
			}
		},
		{
			"from": [12, 8, 7],
			"to": [13, 10, 17],
			"rotation": {"angle": 0, "axis": "y", "origin": [18, 9, 19]},
			"faces": {
				"north": {"uv": [5, 6.5, 5.125, 6.75], "texture": "#2"},
				"east": {"uv": [6.25, 4.25, 7.75, 4.5], "texture": "#2"},
				"south": {"uv": [5.125, 6.5, 5.25, 6.75], "texture": "#2"},
				"west": {"uv": [6.25, 4.5, 7.75, 4.75], "texture": "#2"},
				"up": {"uv": [2.875, 8, 2.75, 6.5], "texture": "#2"},
				"down": {"uv": [3, 6.5, 2.875, 8], "texture": "#2"}
			}
		},
		{
			"from": [12, 6, 7],
			"to": [13, 8, 31],
			"rotation": {"angle": 0, "axis": "y", "origin": [12.5, 7, 18]},
			"faces": {
				"north": {"uv": [5.25, 6.5, 5.375, 6.75], "texture": "#2"},
				"east": {"uv": [5.25, 0, 8.5, 0.25], "texture": "#2"},
				"south": {"uv": [5.375, 6.5, 5.5, 6.75], "texture": "#2"},
				"west": {"uv": [5.25, 0.25, 8.5, 0.5], "texture": "#2"},
				"up": {"uv": [2.125, 9, 2, 5.75], "texture": "#2"},
				"down": {"uv": [2.25, 5.75, 2.125, 9], "texture": "#2"}
			}
		},
		{
			"from": [3, 6, 7],
			"to": [4, 8, 31],
			"rotation": {"angle": 0, "axis": "y", "origin": [3.5, 7, 18]},
			"faces": {
				"north": {"uv": [6.5, 5.5, 6.625, 5.75], "texture": "#2"},
				"east": {"uv": [5.25, 0.5, 8.5, 0.75], "texture": "#2"},
				"south": {"uv": [6.5, 6, 6.625, 6.25], "texture": "#2"},
				"west": {"uv": [5.25, 0.75, 8.5, 1], "texture": "#2"},
				"up": {"uv": [2.375, 9, 2.25, 5.75], "texture": "#2"},
				"down": {"uv": [2.5, 5.75, 2.375, 9], "texture": "#2"}
			}
		}
	],
	"display": {
		"thirdperson_righthand": {
			"rotation": [75, 45, 0],
			"translation": [0, 2.5, 0],
			"scale": [0.375, 0.375, 0.375]
		},
		"thirdperson_lefthand": {
			"rotation": [75, 45, 0],
			"translation": [0, 2.5, 0],
			"scale": [0.375, 0.375, 0.375]
		},
		"firstperson_righthand": {
			"rotation": [0, 45, 0],
			"scale": [0.4, 0.4, 0.4]
		},
		"firstperson_lefthand": {
			"rotation": [0, 225, 0],
			"scale": [0.4, 0.4, 0.4]
		},
		"ground": {
			"translation": [0, 3, 0],
			"scale": [0.25, 0.25, 0.25]
		},
		"gui": {
			"rotation": [30, 225, 0],
			"scale": [0.625, 0.625, 0.625]
		},
		"head": {
			"translation": [0, -23.5, -6],
			"scale": [2.5, 2.5, 2.5]
		},
		"fixed": {
			"scale": [0.5, 0.5, 0.5]
		}
	}
}