{
	"credit": "Made with Blockbench",
	"textures": {
		"1": "nodenium:item/coconut_drink",
		"2": "nodenium:item/coconut_drink_liquid",
        "particle": "nodenium:item/coconut_drink_liquid"
	},
	"elements": [
		{
			"from": [5, 0, 5],
			"to": [11, 1, 11],
			"rotation": {"angle": 0, "axis": "y", "origin": [7, -1, 7]},
			"faces": {
				"north": {"uv": [8, 4, 11, 4.5], "texture": "#1"},
				"east": {"uv": [8, 4.5, 11, 5], "texture": "#1"},
				"south": {"uv": [5, 8, 8, 8.5], "texture": "#1"},
				"west": {"uv": [8, 5, 11, 5.5], "texture": "#1"},
				"up": {"uv": [3, 3, 0, 0], "texture": "#1"},
				"down": {"uv": [3, 3, 0, 6], "texture": "#1"}
			}
		},
		{
			"from": [6, 4.5, 6],
			"to": [10, 4.5, 10],
			"rotation": {"angle": 0, "axis": "y", "origin": [7, 2.5, 7]},
			"faces": {
				"north": {"uv": [0, 0, 4, 0], "texture": "#2"},
				"east": {"uv": [0, 0, 4, 0], "texture": "#2"},
				"south": {"uv": [0, 0, 4, 0], "texture": "#2"},
				"west": {"uv": [0, 0, 4, 0], "texture": "#2"},
				"up": {"uv": [4, 4, 0, 0], "texture": "#2"},
				"down": {"uv": [4, 4, 0, 8], "texture": "#2"}
			}
		},
		{
			"from": [10, 1, 5],
			"to": [11, 5, 11],
			"rotation": {"angle": 0, "axis": "y", "origin": [7, 4, 7]},
			"faces": {
				"north": {"uv": [3, 9, 3.5, 11], "texture": "#1"},
				"east": {"uv": [3, 5, 6, 7], "texture": "#1"},
				"south": {"uv": [3.5, 9, 4, 11], "texture": "#1"},
				"west": {"uv": [5.5, 0, 8.5, 2], "texture": "#1"},
				"up": {"uv": [2.5, 11, 2, 8], "texture": "#1"},
				"down": {"uv": [3, 8, 2.5, 11], "texture": "#1"}
			}
		},
		{
			"from": [5, 1, 5],
			"to": [6, 5, 11],
			"rotation": {"angle": 0, "axis": "y", "origin": [2, 4, 7]},
			"faces": {
				"north": {"uv": [4, 9, 4.5, 11], "texture": "#1"},
				"east": {"uv": [5.5, 2, 8.5, 4], "texture": "#1"},
				"south": {"uv": [4.5, 9, 5, 11], "texture": "#1"},
				"west": {"uv": [0, 6, 3, 8], "texture": "#1"},
				"up": {"uv": [8.5, 8.5, 8, 5.5], "texture": "#1"},
				"down": {"uv": [9, 0, 8.5, 3], "texture": "#1"}
			}
		},
		{
			"from": [6, 1, 10],
			"to": [10, 5, 11],
			"rotation": {"angle": 0, "axis": "y", "origin": [2, 4, 7]},
			"faces": {
				"north": {"uv": [6, 4, 8, 6], "texture": "#1"},
				"east": {"uv": [9, 5.5, 9.5, 7.5], "texture": "#1"},
				"south": {"uv": [6, 6, 8, 8], "texture": "#1"},
				"west": {"uv": [8.5, 9, 9, 11], "texture": "#1"},
				"up": {"uv": [11, 2.5, 9, 2], "texture": "#1"},
				"down": {"uv": [11, 2.5, 9, 3], "texture": "#1"}
			}
		},
		{
			"from": [6, 1, 5],
			"to": [10, 5, 6],
			"rotation": {"angle": 0, "axis": "y", "origin": [2, 4, 2]},
			"faces": {
				"north": {"uv": [3, 7, 5, 9], "texture": "#1"},
				"east": {"uv": [9, 9, 9.5, 11], "texture": "#1"},
				"south": {"uv": [0, 8, 2, 10], "texture": "#1"},
				"west": {"uv": [9.5, 5.5, 10, 7.5], "texture": "#1"},
				"up": {"uv": [11, 8, 9, 7.5], "texture": "#1"},
				"down": {"uv": [11.5, 9, 9.5, 9.5], "texture": "#1"}
			}
		},
		{
			"from": [6.10597, 4, 6],
			"to": [7.10597, 9, 7],
			"rotation": {"angle": 22.5, "axis": "z", "origin": [6.60597, 5, 6.5]},
			"faces": {
				"north": {"uv": [5, 8.5, 5.5, 11], "texture": "#1"},
				"east": {"uv": [5.5, 8.5, 6, 11], "texture": "#1"},
				"south": {"uv": [8.5, 5.5, 9, 8], "texture": "#1"},
				"west": {"uv": [6, 8.5, 6.5, 11], "texture": "#1"},
				"up": {"uv": [6, 4.5, 5.5, 4], "texture": "#1"},
				"down": {"uv": [6, 4.5, 5.5, 5], "texture": "#1"}
			}
		},
		{
			"from": [4.10597, 8, 4],
			"to": [9.10597, 8, 9],
			"rotation": {"angle": 22.5, "axis": "z", "origin": [6.60597, 5, 6.5]},
			"faces": {
				"north": {"uv": [0, 0, 2.5, 0], "texture": "#1"},
				"east": {"uv": [0, 0, 2.5, 0], "texture": "#1"},
				"south": {"uv": [0, 0, 2.5, 0], "texture": "#1"},
				"west": {"uv": [0, 0, 2.5, 0], "texture": "#1"},
				"up": {"uv": [5.5, 2.5, 3, 0], "texture": "#1"},
				"down": {"uv": [5.5, 2.5, 3, 5], "texture": "#1"}
			}
		},
		{
			"from": [4.10597, 7, 4],
			"to": [9.10597, 8, 4],
			"rotation": {"angle": 22.5, "axis": "z", "origin": [6.60597, 5, 6.5]},
			"faces": {
				"north": {"uv": [8.5, 3, 11, 3.5], "texture": "#1"},
				"east": {"uv": [0, 0, 0, 0.5], "texture": "#1"},
				"south": {"uv": [8.5, 3.5, 11, 4], "texture": "#1"},
				"west": {"uv": [0, 0, 0, 0.5], "texture": "#1"},
				"up": {"uv": [0, 0, 2.5, 0], "texture": "#1"},
				"down": {"uv": [0, 0, 2.5, 0], "texture": "#1"}
			}
		},
		{
			"from": [4.10597, 7, 9],
			"to": [9.10597, 8, 9],
			"rotation": {"angle": 22.5, "axis": "z", "origin": [6.60597, 5, 6.5]},
			"faces": {
				"north": {"uv": [8.5, 8, 11, 8.5], "texture": "#1"},
				"east": {"uv": [0, 0, 0, 0.5], "texture": "#1"},
				"south": {"uv": [8.5, 8.5, 11, 9], "texture": "#1"},
				"west": {"uv": [0, 0, 0, 0.5], "texture": "#1"},
				"up": {"uv": [0, 0, 2.5, 0], "texture": "#1"},
				"down": {"uv": [0, 0, 2.5, 0], "texture": "#1"}
			}
		},
		{
			"from": [4.10597, 7, 4],
			"to": [4.10597, 8, 9],
			"rotation": {"angle": 22.5, "axis": "z", "origin": [6.60597, 5, 6.5]},
			"faces": {
				"north": {"uv": [0, 0, 0, 0.5], "texture": "#1"},
				"east": {"uv": [9, 0, 11.5, 0.5], "texture": "#1"},
				"south": {"uv": [0, 0, 0, 0.5], "texture": "#1"},
				"west": {"uv": [9, 0.5, 11.5, 1], "texture": "#1"},
				"up": {"uv": [0, 2.5, 0, 0], "texture": "#1"},
				"down": {"uv": [0, 0, 0, 2.5], "texture": "#1"}
			}
		},
		{
			"from": [9.10597, 7, 4],
			"to": [9.10597, 8, 9],
			"rotation": {"angle": 22.5, "axis": "z", "origin": [6.60597, 5, 6.5]},
			"faces": {
				"north": {"uv": [0, 0, 0, 0.5], "texture": "#1"},
				"east": {"uv": [9, 1, 11.5, 1.5], "texture": "#1"},
				"south": {"uv": [0, 0, 0, 0.5], "texture": "#1"},
				"west": {"uv": [9, 1.5, 11.5, 2], "texture": "#1"},
				"up": {"uv": [0, 0, 0, 2.5], "texture": "#1"},
				"down": {"uv": [0, 0, 0, 2.5], "texture": "#1"}
			}
		},
		{
			"from": [8.35597, 3, 8],
			"to": [9.35597, 8, 9],
			"rotation": {"angle": -22.5, "axis": "z", "origin": [12.35597, 3, 7]},
			"faces": {
				"north": {"uv": [6.5, 8.5, 7, 11], "texture": "#1"},
				"east": {"uv": [7, 8.5, 7.5, 11], "texture": "#1"},
				"south": {"uv": [7.5, 8.5, 8, 11], "texture": "#1"},
				"west": {"uv": [8, 8.5, 8.5, 11], "texture": "#1"},
				"up": {"uv": [5.5, 7.5, 5, 7], "texture": "#1"},
				"down": {"uv": [6, 7, 5.5, 7.5], "texture": "#1"}
			}
		}
	],
	"display": {
		"thirdperson_righthand": {
			"rotation": [75, 45, 0],
			"translation": [0, 2.5, 1.25],
			"scale": [0.75, 0.75, 0.75]
		},
		"thirdperson_lefthand": {
			"rotation": [75, 45, 0],
			"translation": [0, 2.5, 1.25],
			"scale": [0.75, 0.75, 0.75]
		},
		"firstperson_righthand": {
			"rotation": [0, 120, 0],
			"translation": [0, 4.75, 0],
			"scale": [0.7, 0.7, 0.7]
		},
		"firstperson_lefthand": {
			"rotation": [0, 120, 0],
			"translation": [0, 4.75, 0],
			"scale": [0.7, 0.7, 0.7]
		},
		"ground": {
			"translation": [0, 4, 0],
			"scale": [0.5, 0.5, 0.5]
		},
		"gui": {
			"rotation": [30, 225, 0],
			"translation": [0, 2, 0]
		}
	}
}