{
	"format_version": "1.21.6",
	"credit": "Made with Blockbench",
	"parent": "creeper_pen",
	"textures": {
		"0": "nodenium:item/creeper_pen",
		"particle": "nodenium:item/creeper_pen"
	},
	"elements": [
		{
			"from": [8, 1, 8],
			"to": [9, 6, 9],
			"rotation": {"angle": 0, "axis": "y", "origin": [7, 1, 7]},
			"faces": {
				"north": {"uv": [3, 6, 4, 11], "texture": "#0"},
				"east": {"uv": [6, 3, 7, 8], "texture": "#0"},
				"south": {"uv": [4, 6, 5, 11], "texture": "#0"},
				"west": {"uv": [5, 6, 6, 11], "texture": "#0"},
				"up": {"uv": [8, 4, 7, 3], "texture": "#0"},
				"down": {"uv": [8, 4, 7, 5], "texture": "#0"}
			}
		},
		{
			"from": [8.2, 0.5, 8.2],
			"to": [8.8, 1.5, 8.8],
			"rotation": {"angle": 0, "axis": "y", "origin": [7, 0.5, 7]},
			"faces": {
				"north": {"uv": [7, 5, 7.5, 6], "texture": "#0"},
				"east": {"uv": [7, 6, 7.5, 7], "texture": "#0"},
				"south": {"uv": [7, 7, 7.5, 8], "texture": "#0"},
				"west": {"uv": [8, 3, 8.5, 4], "texture": "#0"},
				"up": {"uv": [8.5, 4.5, 8, 4], "texture": "#0"},
				"down": {"uv": [8.5, 5, 8, 5.5], "texture": "#0"}
			}
		},
		{
			"from": [7.8, 5.1, 8.4],
			"to": [8, 6.1, 8.6],
			"rotation": {"angle": 0, "axis": "y", "origin": [6.6, 5.1, 7.2]},
			"faces": {
				"north": {"uv": [6, 8, 6.25, 9], "texture": "#0"},
				"east": {"uv": [8, 6, 8.25, 7], "texture": "#0"},
				"south": {"uv": [7, 8, 7.25, 9], "texture": "#0"},
				"west": {"uv": [8, 7, 8.25, 8], "texture": "#0"},
				"up": {"uv": [7.25, 9.25, 7, 9], "texture": "#0"},
				"down": {"uv": [9.25, 7, 9, 7.25], "texture": "#0"}
			}
		},
		{
			"from": [9, 5.1, 8.4],
			"to": [9.2, 6.1, 8.6],
			"rotation": {"angle": 0, "axis": "y", "origin": [7.8, 5.1, 7.2]},
			"faces": {
				"north": {"uv": [8, 8, 8.25, 9], "texture": "#0"},
				"east": {"uv": [0, 9, 0.25, 10], "texture": "#0"},
				"south": {"uv": [9, 0, 9.25, 1], "texture": "#0"},
				"west": {"uv": [1, 9, 1.25, 10], "texture": "#0"},
				"up": {"uv": [8.25, 9.25, 8, 9], "texture": "#0"},
				"down": {"uv": [9.25, 8, 9, 8.25], "texture": "#0"}
			}
		},
		{
			"from": [8.4, 5.1, 9],
			"to": [8.6, 6.1, 9.2],
			"rotation": {"angle": 0, "axis": "y", "origin": [7.2, 5.1, 7.8]},
			"faces": {
				"north": {"uv": [9, 1, 9.25, 2], "texture": "#0"},
				"east": {"uv": [2, 9, 2.25, 10], "texture": "#0"},
				"south": {"uv": [9, 2, 9.25, 3], "texture": "#0"},
				"west": {"uv": [9, 3, 9.25, 4], "texture": "#0"},
				"up": {"uv": [9.25, 9.25, 9, 9], "texture": "#0"},
				"down": {"uv": [0.25, 10, 0, 10.25], "texture": "#0"}
			}
		},
		{
			"from": [8.4, 5.1, 7.8],
			"to": [8.6, 6.1, 8],
			"rotation": {"angle": 0, "axis": "y", "origin": [7.2, 5.1, 6.6]},
			"faces": {
				"north": {"uv": [9, 4, 9.25, 5], "texture": "#0"},
				"east": {"uv": [9, 5, 9.25, 6], "texture": "#0"},
				"south": {"uv": [6, 9, 6.25, 10], "texture": "#0"},
				"west": {"uv": [9, 6, 9.25, 7], "texture": "#0"},
				"up": {"uv": [10.25, 0.25, 10, 0], "texture": "#0"},
				"down": {"uv": [1.25, 10, 1, 10.25], "texture": "#0"}
			}
		},
		{
			"from": [7.4, 6, 7.4],
			"to": [9.6, 8.2, 9.6],
			"rotation": {"angle": 0, "axis": "y", "origin": [6.2, 5.6, 6.2]},
			"faces": {
				"north": {"uv": [0, 0, 2.25, 2.25], "texture": "#0"},
				"east": {"uv": [0, 3, 2.25, 5.25], "texture": "#0"},
				"south": {"uv": [3, 0, 5.25, 2.25], "texture": "#0"},
				"west": {"uv": [3, 3, 5.25, 5.25], "texture": "#0"},
				"up": {"uv": [2.25, 8.25, 0, 6], "texture": "#0"},
				"down": {"uv": [8.25, 0, 6, 2.25], "texture": "#0"}
			}
		}
	],
	"gui_light": "front",
	"display": {
		"thirdperson_righthand": {
			"rotation": [24.13, -6.35, -15.61],
			"translation": [-0.75, 5, 4]
		},
		"thirdperson_lefthand": {
			"rotation": [24.13, -6.35, -15.61],
			"translation": [0.25, 5, 4]
		},
		"firstperson_righthand": {
			"rotation": [-180, 37.75, -180],
			"translation": [0.75, 7.5, 1.5]
		},
		"firstperson_lefthand": {
			"rotation": [-180, 37.75, -180],
			"translation": [0.75, 7.5, 1.5]
		},
		"ground": {
			"translation": [0, 5.75, 0]
		},
		"gui": {
			"rotation": [-155, -17.51, -179.96],
			"translation": [1.25, 5.5, 0],
			"scale": [1.8, 1.8, 1.8]
		},
		"fixed": {
			"rotation": [0, 0, -31],
			"translation": [3, 6.25, 0],
			"scale": [2, 2, 2]
		}
	}
}