{
	"credit": "Made with Blockbench",
	"texture_size": [32, 32],
	"textures": {
		"1": "nodenium:item/dark_cowboy_hat",
		"particle": "nodenium:item/dark_cowboy_hat"
	},
	"elements": [
		{
			"from": [3.14585, -3.4308, 2.5],
			"to": [5.14585, -3.4308, 13.5],
			"rotation": {"angle": -45, "axis": "z", "origin": [8.21431, 0.87489, 7]},
			"faces": {
				"north": {"uv": [0, 0, 1, 0], "texture": "#1"},
				"east": {"uv": [0, 0, 5.5, 0], "texture": "#1"},
				"south": {"uv": [0, 0, 1, 0], "texture": "#1"},
				"west": {"uv": [0, 0, 5.5, 0], "texture": "#1"},
				"up": {"uv": [11, 5.5, 10, 0], "texture": "#1"},
				"down": {"uv": [5, 10, 4, 15.5], "texture": "#1"}
			}
		},
		{
			"from": [3, -2.03819, 1.25351],
			"to": [13, -2.03819, 3.25351],
			"rotation": {"angle": 22.5, "axis": "x", "origin": [8.21396, 0.875, 8.00019]},
			"faces": {
				"north": {"uv": [0, 0, 5.5, 0], "texture": "#1"},
				"east": {"uv": [0, 0, 1, 0], "texture": "#1"},
				"south": {"uv": [0, 0, 5.5, 0], "texture": "#1"},
				"west": {"uv": [0, 0, 1, 0], "texture": "#1"},
				"up": {"uv": [16, 1, 11, 0], "texture": "#1"},
				"down": {"uv": [16, 1, 11, 2], "texture": "#1"}
			}
		},
		{
			"from": [13, 0.00004, 2.5],
			"to": [15, 0.00004, 13.5],
			"rotation": {"angle": 0, "axis": "y", "origin": [8.21377, 0.875, 7]},
			"faces": {
				"north": {"uv": [0, 0, 1, 0], "texture": "#1"},
				"east": {"uv": [0, 0, 5.5, 0], "texture": "#1"},
				"south": {"uv": [0, 0, 1, 0], "texture": "#1"},
				"west": {"uv": [0, 0, 5.5, 0], "texture": "#1"},
				"up": {"uv": [6, 15.5, 5, 10], "texture": "#1"},
				"down": {"uv": [7, 10, 6, 15.5], "texture": "#1"}
			}
		},
		{
			"from": [3, -2.03811, 12.74687],
			"to": [13, -2.03811, 14.74687],
			"rotation": {"angle": -22.5, "axis": "x", "origin": [8.21396, 0.87508, 8.00019]},
			"faces": {
				"north": {"uv": [0, 0, 5.5, 0], "texture": "#1"},
				"east": {"uv": [0, 0, 1, 0], "texture": "#1"},
				"south": {"uv": [0, 0, 5.5, 0], "texture": "#1"},
				"west": {"uv": [0, 0, 1, 0], "texture": "#1"},
				"up": {"uv": [16, 3, 11, 2], "texture": "#1"},
				"down": {"uv": [16, 3, 11, 4], "texture": "#1"}
			}
		},
		{
			"from": [3, 0.00004, 2.5],
			"to": [13, 0.00004, 13.5],
			"rotation": {"angle": 0, "axis": "y", "origin": [3, 0.00004, 2.5]},
			"faces": {
				"north": {"uv": [0, 0, 5.5, 0], "texture": "#1"},
				"east": {"uv": [0, 0, 5.5, 0], "texture": "#1"},
				"south": {"uv": [0, 0, 5.5, 0], "texture": "#1"},
				"west": {"uv": [0, 0, 5.5, 0], "texture": "#1"},
				"up": {"uv": [5, 5.5, 0, 0], "texture": "#1"},
				"down": {"uv": [10, 0, 5, 5.5], "texture": "#1"}
			}
		},
		{
			"from": [4, 0, 3.5],
			"to": [12, 4, 12.5],
			"rotation": {"angle": 0, "axis": "y", "origin": [8.21396, 0.875, 7.5]},
			"faces": {
				"north": {"uv": [8, 9.5, 12, 11.5], "texture": "#1"},
				"east": {"uv": [8, 5.5, 12.5, 7.5], "texture": "#1"},
				"south": {"uv": [0, 10, 4, 12], "texture": "#1"},
				"west": {"uv": [8, 7.5, 12.5, 9.5], "texture": "#1"},
				"up": {"uv": [4, 10, 0, 5.5], "texture": "#1"},
				"down": {"uv": [8, 5.5, 4, 10], "texture": "#1"}
			}
		}
	],
	"display": {
		"head": {
			"translation": [0, 17.25, 0],
			"scale": [1.81, 1.81, 1.81]
		}
	}
}