{
	"format_version": "1.21.6",
	"credit": "Made with Blockbench",
	"texture_size": [128, 128],
	"textures": {
		"1": "nodenium:item/dave_mob_boss"
	},
	"elements": [
		{
			"from": [-12, 2, -12],
			"to": [28, 24, 28],
			"faces": {
				"north": {"uv": [5, 0, 10, 2.75], "texture": "#1"},
				"east": {"uv": [5, 2.75, 10, 5.5], "texture": "#1"},
				"south": {"uv": [5, 5.5, 10, 8.25], "texture": "#1"},
				"west": {"uv": [5, 8.25, 10, 11], "texture": "#1"},
				"up": {"uv": [5, 5, 0, 0], "texture": "#1"},
				"down": {"uv": [5, 5, 0, 10], "texture": "#1"}
			}
		},
		{
			"from": [2, 24, 2],
			"to": [14, 32, 14],
			"faces": {
				"north": {"uv": [1.5, 10, 3, 11], "texture": "#1"},
				"east": {"uv": [10, 1.5, 11.5, 2.5], "texture": "#1"},
				"south": {"uv": [10, 2.5, 11.5, 3.5], "texture": "#1"},
				"west": {"uv": [3, 10, 4.5, 11], "texture": "#1"},
				"up": {"uv": [1.5, 11.5, 0, 10], "texture": "#1"},
				"down": {"uv": [11.5, 0, 10, 1.5], "texture": "#1"}
			}
		},
		{
			"from": [-16, 10, 6],
			"to": [-12, 19, 11],
			"faces": {
				"north": {"uv": [4.5, 10, 5, 11.125], "texture": "#1"},
				"east": {"uv": [10, 9, 10.625, 10.125], "texture": "#1"},
				"south": {"uv": [10.75, 3.5, 11.25, 4.625], "texture": "#1"},
				"west": {"uv": [10, 10.125, 10.625, 11.25], "texture": "#1"},
				"up": {"uv": [11.25, 8.5, 10.75, 7.875], "texture": "#1"},
				"down": {"uv": [2, 11, 1.5, 11.625], "texture": "#1"}
			}
		},
		{
			"from": [28, 10, 6],
			"to": [32, 19, 11],
			"faces": {
				"north": {"uv": [10.75, 4.625, 11.25, 5.75], "texture": "#1"},
				"east": {"uv": [10.625, 9, 11.25, 10.125], "texture": "#1"},
				"south": {"uv": [10.75, 5.75, 11.25, 6.875], "texture": "#1"},
				"west": {"uv": [10.625, 10.125, 11.25, 11.25], "texture": "#1"},
				"up": {"uv": [2.5, 11.625, 2, 11], "texture": "#1"},
				"down": {"uv": [3, 11, 2.5, 11.625], "texture": "#1"}
			}
		},
		{
			"from": [0, 0, -15],
			"to": [6, 2, -4],
			"faces": {
				"north": {"uv": [10.75, 8.5, 11.5, 8.75], "texture": "#1"},
				"east": {"uv": [10.75, 6.875, 12.125, 7.125], "texture": "#1"},
				"south": {"uv": [10.75, 8.75, 11.5, 9], "texture": "#1"},
				"west": {"uv": [10.75, 7.125, 12.125, 7.375], "texture": "#1"},
				"up": {"uv": [10.75, 4.875, 10, 3.5], "texture": "#1"},
				"down": {"uv": [10.75, 4.875, 10, 6.25], "texture": "#1"}
			}
		},
		{
			"from": [10, 0, -15],
			"to": [16, 2, -4],
			"faces": {
				"north": {"uv": [3, 11, 3.75, 11.25], "texture": "#1"},
				"east": {"uv": [10.75, 7.375, 12.125, 7.625], "texture": "#1"},
				"south": {"uv": [3.75, 11, 4.5, 11.25], "texture": "#1"},
				"west": {"uv": [10.75, 7.625, 12.125, 7.875], "texture": "#1"},
				"up": {"uv": [10.75, 7.625, 10, 6.25], "texture": "#1"},
				"down": {"uv": [10.75, 7.625, 10, 9], "texture": "#1"}
			}
		}
	],
	"display": {
		"head": {
			"translation": [0, -17, 0],
			"scale": [4, 4, 4]
		}
	},
	"groups": [
		{
			"name": "group",
			"origin": [8, 8, 8],
			"color": 0,
			"children": [0, 1, 2, 3, 4, 5]
		}
	]
}