{
	"credit": "Made with Blockbench",
	"textures": {
		"0": "nodenium:item/dek_vault_door",
		"particle": "nodenium:item/dek_vault_door"
	},
	"elements": [
		{
			"from": [1, 0, 7],
			"to": [15, 20, 9],
			"rotation": {"angle": 0, "axis": "y", "origin": [8, 10, 8]},
			"faces": {
				"north": {"uv": [0, 0, 7, 10], "texture": "#0"},
				"east": {"uv": [0, 0, 1, 9.9375], "texture": "#0"},
				"south": {"uv": [7, 0, 0, 10], "texture": "#0"},
				"west": {"uv": [6, 0, 7, 10], "texture": "#0"},
				"up": {"uv": [8, 7, 9, 0], "rotation": 270, "texture": "#0"},
				"down": {"uv": [7, 0, 8, 7], "rotation": 90, "texture": "#0"}
			}
		}
	],
	"display": {
		"thirdperson_righthand": {
			"rotation": [75, 45, 0],
			"translation": [0, 2.5, 0],
			"scale": [0.375, 0.375, 0.375]
		},
		"thirdperson_lefthand": {
			"rotation": [75, 45, 0],
			"translation": [0, 2.5, 0],
			"scale": [0.375, 0.375, 0.375]
		},
		"firstperson_righthand": {
			"rotation": [0, 45, 0],
			"scale": [0.4, 0.4, 0.4]
		},
		"firstperson_lefthand": {
			"rotation": [0, 225, 0],
			"scale": [0.4, 0.4, 0.4]
		},
		"ground": {
			"translation": [0, 3, 0],
			"scale": [0.25, 0.25, 0.25]
		},
		"gui": {
			"rotation": [30, 225, 0],
			"scale": [0.625, 0.625, 0.625]
		},
		"head": {
			"translation": [0, -7.38, -5.12],
			"scale": [1.28, 1.28, 1.28]
		},
		"fixed": {
			"scale": [0.5, 0.5, 0.5]
		}
	}
}