{
	"format_version": "1.21.6",
	"credit": "Made with Blockbench",
	"parent": "fae_tiara",
	"textures": {
		"0": "nodenium:item/fae_tiara",
		"particle": "nodenium:item/fae_tiara"
	},
	"elements": [
		{
			"from": [-1, 5, 3],
			"to": [0, 7, 5],
			"rotation": {"angle": 0, "axis": "y", "origin": [-2, 6, 2]},
			"faces": {
				"north": {"uv": [0, 6, 1, 8], "texture": "#0"},
				"east": {"uv": [0, 0, 2, 2], "texture": "#0"},
				"south": {"uv": [1, 6, 2, 8], "texture": "#0"},
				"west": {"uv": [0, 2, 2, 4], "texture": "#0"},
				"up": {"uv": [3, 8, 2, 6], "texture": "#0"},
				"down": {"uv": [4, 6, 3, 8], "texture": "#0"}
			}
		},
		{
			"from": [-1, 6, 2],
			"to": [0, 7, 3],
			"rotation": {"angle": 0, "axis": "y", "origin": [-2, 5, 1]},
			"faces": {
				"north": {"uv": [7, 9, 8, 10], "texture": "#0"},
				"east": {"uv": [9, 7, 10, 8], "texture": "#0"},
				"south": {"uv": [8, 9, 9, 10], "texture": "#0"},
				"west": {"uv": [9, 8, 10, 9], "texture": "#0"},
				"up": {"uv": [10, 10, 9, 9], "texture": "#0"},
				"down": {"uv": [1, 10, 0, 11], "texture": "#0"}
			}
		},
		{
			"from": [-1, 7, 1],
			"to": [0, 8, 2],
			"rotation": {"angle": 0, "axis": "y", "origin": [-2, 6, 0]},
			"faces": {
				"north": {"uv": [1, 10, 2, 11], "texture": "#0"},
				"east": {"uv": [2, 10, 3, 11], "texture": "#0"},
				"south": {"uv": [10, 2, 11, 3], "texture": "#0"},
				"west": {"uv": [3, 10, 4, 11], "texture": "#0"},
				"up": {"uv": [5, 11, 4, 10], "texture": "#0"},
				"down": {"uv": [6, 10, 5, 11], "texture": "#0"}
			}
		},
		{
			"from": [-1, 7, 0],
			"to": [0, 8, 1],
			"rotation": {"angle": 0, "axis": "y", "origin": [-2, 6, -1]},
			"faces": {
				"north": {"uv": [10, 5, 11, 6], "texture": "#0"},
				"east": {"uv": [6, 10, 7, 11], "texture": "#0"},
				"south": {"uv": [7, 10, 8, 11], "texture": "#0"},
				"west": {"uv": [10, 7, 11, 8], "texture": "#0"},
				"up": {"uv": [9, 11, 8, 10], "texture": "#0"},
				"down": {"uv": [11, 8, 10, 9], "texture": "#0"}
			}
		},
		{
			"from": [0, 7, -1],
			"to": [1, 8, 0],
			"rotation": {"angle": 0, "axis": "y", "origin": [-1, 6, -2]},
			"faces": {
				"north": {"uv": [9, 10, 10, 11], "texture": "#0"},
				"east": {"uv": [10, 9, 11, 10], "texture": "#0"},
				"south": {"uv": [10, 10, 11, 11], "texture": "#0"},
				"west": {"uv": [0, 11, 1, 12], "texture": "#0"},
				"up": {"uv": [12, 1, 11, 0], "texture": "#0"},
				"down": {"uv": [2, 11, 1, 12], "texture": "#0"}
			}
		},
		{
			"from": [3, 8, -1],
			"to": [6, 9, 0],
			"rotation": {"angle": 0, "axis": "y", "origin": [2, 7, -2]},
			"faces": {
				"north": {"uv": [2, 0, 5, 1], "texture": "#0"},
				"east": {"uv": [11, 1, 12, 2], "texture": "#0"},
				"south": {"uv": [2, 1, 5, 2], "texture": "#0"},
				"west": {"uv": [2, 11, 3, 12], "texture": "#0"},
				"up": {"uv": [5, 3, 2, 2], "texture": "#0"},
				"down": {"uv": [5, 3, 2, 4], "texture": "#0"}
			}
		},
		{
			"from": [3, 8, 8],
			"to": [6, 9, 9],
			"rotation": {"angle": 0, "axis": "y", "origin": [2, 7, 7]},
			"faces": {
				"north": {"uv": [0, 4, 3, 5], "texture": "#0"},
				"east": {"uv": [11, 2, 12, 3], "texture": "#0"},
				"south": {"uv": [3, 4, 6, 5], "texture": "#0"},
				"west": {"uv": [3, 11, 4, 12], "texture": "#0"},
				"up": {"uv": [3, 6, 0, 5], "texture": "#0"},
				"down": {"uv": [8, 0, 5, 1], "texture": "#0"}
			}
		},
		{
			"from": [6, 8, 7],
			"to": [8, 9, 8],
			"rotation": {"angle": 0, "axis": "y", "origin": [5, 7, 6]},
			"faces": {
				"north": {"uv": [4, 6, 6, 7], "texture": "#0"},
				"east": {"uv": [11, 3, 12, 4], "texture": "#0"},
				"south": {"uv": [6, 4, 8, 5], "texture": "#0"},
				"west": {"uv": [4, 11, 5, 12], "texture": "#0"},
				"up": {"uv": [8, 6, 6, 5], "texture": "#0"},
				"down": {"uv": [8, 6, 6, 7], "texture": "#0"}
			}
		},
		{
			"from": [8, 8, 1],
			"to": [9, 9, 3],
			"rotation": {"angle": 0, "axis": "y", "origin": [10, 7, 0]},
			"faces": {
				"north": {"uv": [11, 4, 12, 5], "texture": "#0"},
				"east": {"uv": [4, 7, 6, 8], "texture": "#0"},
				"south": {"uv": [5, 11, 6, 12], "texture": "#0"},
				"west": {"uv": [6, 7, 8, 8], "texture": "#0"},
				"up": {"uv": [1, 10, 0, 8], "texture": "#0"},
				"down": {"uv": [9, 0, 8, 2], "texture": "#0"}
			}
		},
		{
			"from": [8, 8, 5],
			"to": [9, 9, 7],
			"rotation": {"angle": 0, "axis": "y", "origin": [10, 7, 4]},
			"faces": {
				"north": {"uv": [11, 5, 12, 6], "texture": "#0"},
				"east": {"uv": [1, 8, 3, 9], "texture": "#0"},
				"south": {"uv": [6, 11, 7, 12], "texture": "#0"},
				"west": {"uv": [8, 2, 10, 3], "texture": "#0"},
				"up": {"uv": [4, 10, 3, 8], "texture": "#0"},
				"down": {"uv": [9, 3, 8, 5], "texture": "#0"}
			}
		},
		{
			"from": [8, 7, 3],
			"to": [9, 8, 5],
			"rotation": {"angle": 0, "axis": "y", "origin": [10, 6, 2]},
			"faces": {
				"north": {"uv": [11, 6, 12, 7], "texture": "#0"},
				"east": {"uv": [4, 8, 6, 9], "texture": "#0"},
				"south": {"uv": [7, 11, 8, 12], "texture": "#0"},
				"west": {"uv": [8, 5, 10, 6], "texture": "#0"},
				"up": {"uv": [7, 10, 6, 8], "texture": "#0"},
				"down": {"uv": [9, 6, 8, 8], "texture": "#0"}
			}
		},
		{
			"from": [6, 8, 0],
			"to": [8, 9, 1],
			"rotation": {"angle": 0, "axis": "y", "origin": [5, 7, -1]},
			"faces": {
				"north": {"uv": [7, 8, 9, 9], "texture": "#0"},
				"east": {"uv": [11, 7, 12, 8], "texture": "#0"},
				"south": {"uv": [9, 0, 11, 1], "texture": "#0"},
				"west": {"uv": [8, 11, 9, 12], "texture": "#0"},
				"up": {"uv": [3, 10, 1, 9], "texture": "#0"},
				"down": {"uv": [11, 1, 9, 2], "texture": "#0"}
			}
		},
		{
			"from": [1, 7, -1],
			"to": [3, 8, 0],
			"rotation": {"angle": 0, "axis": "y", "origin": [-1, 6, -2]},
			"faces": {
				"north": {"uv": [9, 3, 11, 4], "texture": "#0"},
				"east": {"uv": [11, 8, 12, 9], "texture": "#0"},
				"south": {"uv": [4, 9, 6, 10], "texture": "#0"},
				"west": {"uv": [9, 11, 10, 12], "texture": "#0"},
				"up": {"uv": [11, 5, 9, 4], "texture": "#0"},
				"down": {"uv": [11, 6, 9, 7], "texture": "#0"}
			}
		},
		{
			"from": [-1, 6, 5],
			"to": [0, 7, 6],
			"rotation": {"angle": 0, "axis": "y", "origin": [-2, 5, 4]},
			"faces": {
				"north": {"uv": [11, 9, 12, 10], "texture": "#0"},
				"east": {"uv": [10, 11, 11, 12], "texture": "#0"},
				"south": {"uv": [11, 10, 12, 11], "texture": "#0"},
				"west": {"uv": [11, 11, 12, 12], "texture": "#0"},
				"up": {"uv": [1, 13, 0, 12], "texture": "#0"},
				"down": {"uv": [13, 0, 12, 1], "texture": "#0"}
			}
		},
		{
			"from": [-1, 7, 6],
			"to": [0, 8, 7],
			"rotation": {"angle": 0, "axis": "y", "origin": [-2, 6, 5]},
			"faces": {
				"north": {"uv": [1, 12, 2, 13], "texture": "#0"},
				"east": {"uv": [12, 1, 13, 2], "texture": "#0"},
				"south": {"uv": [2, 12, 3, 13], "texture": "#0"},
				"west": {"uv": [12, 2, 13, 3], "texture": "#0"},
				"up": {"uv": [4, 13, 3, 12], "texture": "#0"},
				"down": {"uv": [13, 3, 12, 4], "texture": "#0"}
			}
		},
		{
			"from": [-1, 7, 7],
			"to": [0, 8, 8],
			"rotation": {"angle": 0, "axis": "y", "origin": [-2, 6, 6]},
			"faces": {
				"north": {"uv": [4, 12, 5, 13], "texture": "#0"},
				"east": {"uv": [12, 4, 13, 5], "texture": "#0"},
				"south": {"uv": [5, 12, 6, 13], "texture": "#0"},
				"west": {"uv": [12, 5, 13, 6], "texture": "#0"},
				"up": {"uv": [7, 13, 6, 12], "texture": "#0"},
				"down": {"uv": [13, 6, 12, 7], "texture": "#0"}
			}
		},
		{
			"from": [3, 7, 8],
			"to": [4, 8, 9],
			"rotation": {"angle": 0, "axis": "y", "origin": [2, 6, 7]},
			"faces": {
				"north": {"uv": [7, 12, 8, 13], "texture": "#0"},
				"east": {"uv": [12, 7, 13, 8], "texture": "#0"},
				"south": {"uv": [8, 12, 9, 13], "texture": "#0"},
				"west": {"uv": [12, 8, 13, 9], "texture": "#0"},
				"up": {"uv": [10, 13, 9, 12], "texture": "#0"},
				"down": {"uv": [13, 9, 12, 10], "texture": "#0"}
			}
		},
		{
			"from": [8, 7, 5],
			"to": [9, 8, 6],
			"rotation": {"angle": 0, "axis": "y", "origin": [7, 6, 4]},
			"faces": {
				"north": {"uv": [10, 12, 11, 13], "texture": "#0"},
				"east": {"uv": [12, 10, 13, 11], "texture": "#0"},
				"south": {"uv": [11, 12, 12, 13], "texture": "#0"},
				"west": {"uv": [12, 11, 13, 12], "texture": "#0"},
				"up": {"uv": [13, 13, 12, 12], "texture": "#0"},
				"down": {"uv": [1, 13, 0, 14], "texture": "#0"}
			}
		},
		{
			"from": [8, 7, 2],
			"to": [9, 8, 3],
			"rotation": {"angle": 0, "axis": "y", "origin": [7, 6, 1]},
			"faces": {
				"north": {"uv": [13, 0, 14, 1], "texture": "#0"},
				"east": {"uv": [1, 13, 2, 14], "texture": "#0"},
				"south": {"uv": [13, 1, 14, 2], "texture": "#0"},
				"west": {"uv": [2, 13, 3, 14], "texture": "#0"},
				"up": {"uv": [14, 3, 13, 2], "texture": "#0"},
				"down": {"uv": [4, 13, 3, 14], "texture": "#0"}
			}
		},
		{
			"from": [3, 7, -1],
			"to": [4, 8, 0],
			"rotation": {"angle": 0, "axis": "y", "origin": [2, 6, -2]},
			"faces": {
				"north": {"uv": [13, 3, 14, 4], "texture": "#0"},
				"east": {"uv": [4, 13, 5, 14], "texture": "#0"},
				"south": {"uv": [13, 4, 14, 5], "texture": "#0"},
				"west": {"uv": [5, 13, 6, 14], "texture": "#0"},
				"up": {"uv": [14, 6, 13, 5], "texture": "#0"},
				"down": {"uv": [7, 13, 6, 14], "texture": "#0"}
			}
		},
		{
			"from": [0, 7, 8],
			"to": [3, 8, 9],
			"rotation": {"angle": 0, "axis": "y", "origin": [-1, 6, 7]},
			"faces": {
				"north": {"uv": [5, 1, 8, 2], "texture": "#0"},
				"east": {"uv": [13, 6, 14, 7], "texture": "#0"},
				"south": {"uv": [5, 2, 8, 3], "texture": "#0"},
				"west": {"uv": [7, 13, 8, 14], "texture": "#0"},
				"up": {"uv": [6, 6, 3, 5], "texture": "#0"},
				"down": {"uv": [8, 3, 5, 4], "texture": "#0"}
			}
		}
	],
	"display": {
		"thirdperson_righthand": {
			"rotation": [52, -75, 20],
			"translation": [-2, -2, 2]
		},
		"thirdperson_lefthand": {
			"rotation": [0, 40, 0],
			"translation": [1, -1.25, 2.5]
		},
		"firstperson_righthand": {
			"scale": [0.5, 0.5, 0.5]
		},
		"firstperson_lefthand": {
			"scale": [0.5, 0.5, 0.5]
		},
		"gui": {
			"rotation": [21, 126, 0],
			"translation": [0, 2.5, 0]
		},
		"head": {
			"rotation": [3, -90, 7],
			"translation": [-6.5, 5.75, 6.25],
			"scale": [1.6, 1.6, 1.6]
		},
		"fixed": {
			"rotation": [16, -90, 90],
			"translation": [-5.75, 6.25, -0.5],
			"scale": [1.5, 1.5, 1.5]
		}
	},
	"groups": [
		{
			"name": "group",
			"origin": [8, 8, 8],
			"color": 0,
			"children": [0, 1, 2, 3, 4, 5, 6, 7, 8, 9, 10, 11, 12, 13, 14, 15, 16, 17, 18, 19, 20]
		}
	]
}