{
	"credit": "Made with Blockbench",
	"texture_size": [32, 32],
	"textures": {
		"2": "nodenium:item/headset_and_goggles"
	},
	"elements": [
		{
			"name": "Visor",
			"from": [4.5, 6.5, 11.6],
			"to": [11.5, 8.5, 12.5],
			"rotation": {"angle": -22.5, "axis": "x", "origin": [8, 7.5, 12.3125]},
			"faces": {
				"north": {"uv": [0, 0, 3.5, 1], "texture": "#2"},
				"east": {"uv": [3, 7, 3.5, 8], "texture": "#2"},
				"south": {"uv": [0, 1, 3.5, 2], "texture": "#2"},
				"west": {"uv": [5, 9, 5.5, 10], "texture": "#2"},
				"up": {"uv": [8, 4, 4.5, 3.5], "texture": "#2"},
				"down": {"uv": [3.5, 5, 0, 5.5], "texture": "#2"}
			}
		},
		{
			"name": "Rim Top",
			"from": [4, 8.5, 11.5],
			"to": [12, 9.5, 12.75],
			"rotation": {"angle": -22.5, "axis": "x", "origin": [8, 7.5, 12.3125]},
			"faces": {
				"north": {"uv": [3.5, 0, 7.5, 0.5], "texture": "#2"},
				"east": {"uv": [3.5, 5, 4, 5.5], "texture": "#2"},
				"south": {"uv": [3.5, 0.5, 7.5, 1], "texture": "#2"},
				"west": {"uv": [1, 11.5, 1.5, 12], "texture": "#2"},
				"up": {"uv": [7.5, 1.5, 3.5, 1], "texture": "#2"},
				"down": {"uv": [7.5, 1.5, 3.5, 2], "texture": "#2"}
			}
		},
		{
			"name": "Rim Top Extrusion",
			"from": [6, 8.5, 12.75],
			"to": [10, 9.5, 13],
			"rotation": {"angle": -22.5, "axis": "x", "origin": [8, 7.5, 12.3125]},
			"faces": {
				"north": {"uv": [6.5, 3, 8.5, 3.5], "texture": "#2"},
				"east": {"uv": [1.5, 11.5, 2, 12], "texture": "#2"},
				"south": {"uv": [7.5, 1.5, 9.5, 2], "texture": "#2"},
				"west": {"uv": [11.5, 1.5, 12, 2], "texture": "#2"},
				"up": {"uv": [9.5, 6, 7.5, 5.5], "texture": "#2"},
				"down": {"uv": [9.5, 6, 7.5, 6.5], "texture": "#2"}
			}
		},
		{
			"name": "Rim Right",
			"from": [3.5, 6.5, 11.5],
			"to": [4.5, 8.5, 12.75],
			"rotation": {"angle": -22.5, "axis": "x", "origin": [7.75, 7.5, 12.3125]},
			"faces": {
				"north": {"uv": [6.5, 9, 7, 10], "texture": "#2"},
				"east": {"uv": [7, 9, 7.5, 10], "texture": "#2"},
				"south": {"uv": [9, 7, 9.5, 8], "texture": "#2"},
				"west": {"uv": [8.5, 9, 9, 10], "texture": "#2"},
				"up": {"uv": [2.5, 12, 2, 11.5], "texture": "#2"},
				"down": {"uv": [12, 2, 11.5, 2.5], "texture": "#2"}
			}
		},
		{
			"name": "Rim Left",
			"from": [11.5, 6.5, 11.5],
			"to": [12.5, 8.5, 12.75],
			"rotation": {"angle": -22.5, "axis": "x", "origin": [8.25, 7.5, 12.3125]},
			"faces": {
				"north": {"uv": [9, 9, 9.5, 10], "texture": "#2"},
				"east": {"uv": [0, 9.5, 0.5, 10.5], "texture": "#2"},
				"south": {"uv": [0.5, 9.5, 1, 10.5], "texture": "#2"},
				"west": {"uv": [1, 9.5, 1.5, 10.5], "texture": "#2"},
				"up": {"uv": [3, 12, 2.5, 11.5], "texture": "#2"},
				"down": {"uv": [12, 2.5, 11.5, 3], "texture": "#2"}
			}
		},
		{
			"name": "Rim Lower Right",
			"from": [4.25, 5.5, 11.5],
			"to": [6.5, 6.5, 12.75],
			"rotation": {"angle": -22.5, "axis": "x", "origin": [7.75, 7.5, 12.3125]},
			"faces": {
				"north": {"uv": [9.5, 1.5, 10.5, 2], "texture": "#2"},
				"east": {"uv": [3, 11.5, 3.5, 12], "texture": "#2"},
				"south": {"uv": [9.5, 2.5, 10.5, 3], "texture": "#2"},
				"west": {"uv": [11.5, 3.5, 12, 4], "texture": "#2"},
				"up": {"uv": [4.5, 10, 3.5, 9.5], "texture": "#2"},
				"down": {"uv": [10.5, 5.5, 9.5, 6], "texture": "#2"}
			}
		},
		{
			"name": "Rim Lower Left",
			"from": [9.5, 5.5, 11.5],
			"to": [11.75, 6.5, 12.75],
			"rotation": {"angle": -22.5, "axis": "x", "origin": [8.25, 7.5, 12.3125]},
			"faces": {
				"north": {"uv": [9.5, 6, 10.5, 6.5], "texture": "#2"},
				"east": {"uv": [11.5, 4, 12, 4.5], "texture": "#2"},
				"south": {"uv": [9.5, 6.5, 10.5, 7], "texture": "#2"},
				"west": {"uv": [4.5, 11.5, 5, 12], "texture": "#2"},
				"up": {"uv": [10.5, 7.5, 9.5, 7], "texture": "#2"},
				"down": {"uv": [10.5, 7.5, 9.5, 8], "texture": "#2"}
			}
		},
		{
			"name": "Rim Bridge",
			"from": [6.5, 6, 11.5],
			"to": [9.5, 7, 13],
			"rotation": {"angle": -22.5, "axis": "x", "origin": [8, 7.5, 12.3125]},
			"faces": {
				"north": {"uv": [0.5, 8.5, 2, 9], "texture": "#2"},
				"east": {"uv": [9.5, 8, 10.5, 8.5], "texture": "#2"},
				"south": {"uv": [8.5, 0.5, 10, 1], "texture": "#2"},
				"west": {"uv": [9.5, 9, 10.5, 9.5], "texture": "#2"},
				"up": {"uv": [1.5, 6.5, 0, 5.5], "texture": "#2"},
				"down": {"uv": [3, 5.5, 1.5, 6.5], "texture": "#2"}
			}
		},
		{
			"name": "Headstrap Left (Angled)",
			"from": [11.999, 6.999, 6.049],
			"to": [12.151, 7.851, 12.251],
			"rotation": {"angle": -22.5, "axis": "x", "origin": [8, 6.75, 12.3125]},
			"faces": {
				"north": {"uv": [11.5, 4.5, 12, 5], "texture": "#2"},
				"east": {"uv": [3, 5.5, 6, 6], "texture": "#2"},
				"south": {"uv": [11.5, 5, 12, 5.5], "texture": "#2"},
				"west": {"uv": [3, 6, 6, 6.5], "texture": "#2"},
				"up": {"uv": [6.5, 7.5, 6, 4.5], "texture": "#2"},
				"down": {"uv": [0.5, 6.5, 0, 9.5], "texture": "#2"}
			}
		},
		{
			"name": "Headstrap Left (Angled) Extrusion",
			"from": [11.99, 6.89, 9.24],
			"to": [12.26, 7.96, 11.36],
			"rotation": {"angle": -22.5, "axis": "x", "origin": [8, 6.75, 12.3125]},
			"faces": {
				"north": {"uv": [11.5, 5.5, 12, 6], "texture": "#2"},
				"east": {"uv": [9.5, 9.5, 10.5, 10], "texture": "#2"},
				"south": {"uv": [11.5, 6, 12, 6.5], "texture": "#2"},
				"west": {"uv": [10, 0.5, 11, 1], "texture": "#2"},
				"up": {"uv": [2, 10.5, 1.5, 9.5], "texture": "#2"},
				"down": {"uv": [10.5, 3, 10, 4], "texture": "#2"}
			}
		},
		{
			"name": "Headstrap Right (Angled) Extrusion",
			"from": [3.74, 6.89, 9.24],
			"to": [4.01, 7.96, 11.36],
			"rotation": {"angle": -22.5, "axis": "x", "origin": [8, 6.75, 12.3125]},
			"faces": {
				"north": {"uv": [11.5, 6.5, 12, 7], "texture": "#2"},
				"east": {"uv": [10, 1, 11, 1.5], "texture": "#2"},
				"south": {"uv": [7, 11.5, 7.5, 12], "texture": "#2"},
				"west": {"uv": [10, 2, 11, 2.5], "texture": "#2"},
				"up": {"uv": [4, 11, 3.5, 10], "texture": "#2"},
				"down": {"uv": [4.5, 10, 4, 11], "texture": "#2"}
			}
		},
		{
			"name": "Headstrap Right (Angled)",
			"from": [3.849, 6.999, 6.049],
			"to": [4.001, 7.851, 12.251],
			"rotation": {"angle": -22.5, "axis": "x", "origin": [8, 6.75, 12.3125]},
			"faces": {
				"north": {"uv": [11.5, 7, 12, 7.5], "texture": "#2"},
				"east": {"uv": [0.5, 6.5, 3.5, 7], "texture": "#2"},
				"south": {"uv": [7.5, 11.5, 8, 12], "texture": "#2"},
				"west": {"uv": [6.5, 2.5, 9.5, 3], "texture": "#2"},
				"up": {"uv": [4, 9.5, 3.5, 6.5], "texture": "#2"},
				"down": {"uv": [4.5, 6.5, 4, 9.5], "texture": "#2"}
			}
		},
		{
			"name": "Headstrap Left (Lower)",
			"from": [11.99, 4.57441, 3.92103],
			"to": [12.16, 5.44441, 6.44103],
			"rotation": {"angle": 0, "axis": "y", "origin": [8, 4.33441, 6.49353]},
			"faces": {
				"north": {"uv": [11.5, 7.5, 12, 8], "texture": "#2"},
				"east": {"uv": [8.5, 1, 10, 1.5], "texture": "#2"},
				"south": {"uv": [11.5, 8, 12, 8.5], "texture": "#2"},
				"west": {"uv": [2, 8.5, 3.5, 9], "texture": "#2"},
				"up": {"uv": [6, 10, 5.5, 8.5], "texture": "#2"},
				"down": {"uv": [6.5, 8.5, 6, 10], "texture": "#2"}
			}
		},
		{
			"name": "Headstrap Back",
			"from": [3.885, 4.59441, 3.93603],
			"to": [12.115, 5.42441, 4.06603],
			"rotation": {"angle": 0, "axis": "y", "origin": [12.075, 4.60941, 4.00103]},
			"faces": {
				"north": {"uv": [0, 4, 4, 4.5], "texture": "#2"},
				"east": {"uv": [11.5, 8.5, 12, 9], "texture": "#2"},
				"south": {"uv": [4, 4, 8, 4.5], "texture": "#2"},
				"west": {"uv": [9, 11.5, 9.5, 12], "texture": "#2"},
				"up": {"uv": [4, 5, 0, 4.5], "texture": "#2"},
				"down": {"uv": [8.5, 2, 4.5, 2.5], "texture": "#2"}
			}
		},
		{
			"name": "Headstrap Back Extrusion",
			"from": [5.874, 4.48341, 3.67503],
			"to": [10.126, 5.53541, 4.07703],
			"rotation": {"angle": 0, "axis": "y", "origin": [8, 5.00941, 4.00103]},
			"faces": {
				"north": {"uv": [7.5, 6.5, 9.5, 7], "texture": "#2"},
				"east": {"uv": [11.5, 9, 12, 9.5], "texture": "#2"},
				"south": {"uv": [1.5, 8, 3.5, 8.5], "texture": "#2"},
				"west": {"uv": [9.5, 11.5, 10, 12], "texture": "#2"},
				"up": {"uv": [10, 4, 8, 3.5], "texture": "#2"},
				"down": {"uv": [10, 4, 8, 4.5], "texture": "#2"}
			}
		},
		{
			"name": "Headstrap Right (Lower)",
			"from": [3.84, 4.57441, 3.92103],
			"to": [4.01, 5.44441, 6.44103],
			"rotation": {"angle": 0, "axis": "y", "origin": [8, 4.33441, 6.49353]},
			"faces": {
				"north": {"uv": [11.5, 9.5, 12, 10], "texture": "#2"},
				"east": {"uv": [8.5, 2, 10, 2.5], "texture": "#2"},
				"south": {"uv": [10.5, 11.5, 11, 12], "texture": "#2"},
				"west": {"uv": [8.5, 3, 10, 3.5], "texture": "#2"},
				"up": {"uv": [8, 10, 7.5, 8.5], "texture": "#2"},
				"down": {"uv": [8.5, 8.5, 8, 10], "texture": "#2"}
			}
		},
		{
			"name": "Left Headphone Base Extension",
			"from": [12, 1.85, 5.5],
			"to": [12.9, 3.65, 6.25],
			"rotation": {"angle": 0, "axis": "y", "origin": [8, 2.75, 8]},
			"faces": {
				"north": {"uv": [5, 10, 5.5, 11], "texture": "#2"},
				"east": {"uv": [5.5, 10, 6, 11], "texture": "#2"},
				"south": {"uv": [6, 10, 6.5, 11], "texture": "#2"},
				"west": {"uv": [6.5, 10, 7, 11], "texture": "#2"},
				"up": {"uv": [11.5, 12, 11, 11.5], "texture": "#2"},
				"down": {"uv": [12, 11, 11.5, 11.5], "texture": "#2"}
			}
		},
		{
			"name": "Left Headphone Upper Base",
			"from": [12, 3.75, 6.5],
			"to": [13.1, 4.75, 8.5],
			"rotation": {"angle": 0, "axis": "y", "origin": [12, 2.75, 8]},
			"faces": {
				"north": {"uv": [11.5, 11.5, 12, 12], "texture": "#2"},
				"east": {"uv": [10, 4, 11, 4.5], "texture": "#2"},
				"south": {"uv": [12, 0.5, 12.5, 1], "texture": "#2"},
				"west": {"uv": [7, 10, 8, 10.5], "texture": "#2"},
				"up": {"uv": [8.5, 11, 8, 10], "texture": "#2"},
				"down": {"uv": [9, 10, 8.5, 11], "texture": "#2"}
			}
		},
		{
			"name": "Left Headphone Base",
			"from": [12, 1.75, 6.25],
			"to": [13.6, 3.75, 9],
			"rotation": {"angle": 0, "axis": "y", "origin": [12, 2.75, 8]},
			"faces": {
				"north": {"uv": [5.5, 7.5, 6.5, 8.5], "texture": "#2"},
				"east": {"uv": [4.5, 6.5, 6, 7.5], "texture": "#2"},
				"south": {"uv": [8, 4.5, 9, 5.5], "texture": "#2"},
				"west": {"uv": [6.5, 4.5, 8, 5.5], "texture": "#2"},
				"up": {"uv": [7.5, 7, 6.5, 5.5], "texture": "#2"},
				"down": {"uv": [1.5, 7, 0.5, 8.5], "texture": "#2"}
			}
		},
		{
			"name": "Left Headphone Lower Base",
			"from": [12, 0.75, 6.5],
			"to": [13.1, 1.75, 8.5],
			"rotation": {"angle": 0, "axis": "y", "origin": [12, 2.75, 8]},
			"faces": {
				"north": {"uv": [1, 12, 1.5, 12.5], "texture": "#2"},
				"east": {"uv": [10, 8.5, 11, 9], "texture": "#2"},
				"south": {"uv": [12, 1, 12.5, 1.5], "texture": "#2"},
				"west": {"uv": [9, 10, 10, 10.5], "texture": "#2"},
				"up": {"uv": [10.5, 11, 10, 10], "texture": "#2"},
				"down": {"uv": [0.5, 10.5, 0, 11.5], "texture": "#2"}
			}
		},
		{
			"name": "Left Headphone Frame Right",
			"from": [12, 3.65, 5.75],
			"to": [12.8, 5.5, 6.05],
			"rotation": {"angle": 0, "axis": "y", "origin": [12, 2.75, 8]},
			"faces": {
				"north": {"uv": [0.5, 10.5, 1, 11.5], "texture": "#2"},
				"east": {"uv": [1, 10.5, 1.5, 11.5], "texture": "#2"},
				"south": {"uv": [1.5, 10.5, 2, 11.5], "texture": "#2"},
				"west": {"uv": [2, 10.5, 2.5, 11.5], "texture": "#2"},
				"up": {"uv": [2, 12.5, 1.5, 12], "texture": "#2"},
				"down": {"uv": [12.5, 1.5, 12, 2], "texture": "#2"}
			}
		},
		{
			"name": "Left Headphone Frame Left",
			"from": [12, 3.65, 8.6],
			"to": [12.8, 5.5, 8.9],
			"rotation": {"angle": 0, "axis": "y", "origin": [12, 2.75, 8]},
			"faces": {
				"north": {"uv": [2.5, 10.5, 3, 11.5], "texture": "#2"},
				"east": {"uv": [10.5, 2.5, 11, 3.5], "texture": "#2"},
				"south": {"uv": [3, 10.5, 3.5, 11.5], "texture": "#2"},
				"west": {"uv": [4.5, 10.5, 5, 11.5], "texture": "#2"},
				"up": {"uv": [2.5, 12.5, 2, 12], "texture": "#2"},
				"down": {"uv": [12.5, 2, 12, 2.5], "texture": "#2"}
			}
		},
		{
			"name": "Left Headphone Frame Middle",
			"from": [12, 5.45, 5.75],
			"to": [12.8, 5.75, 8.9],
			"rotation": {"angle": 0, "axis": "y", "origin": [12.35, 6.45, 9.25]},
			"faces": {
				"north": {"uv": [2.5, 12, 3, 12.5], "texture": "#2"},
				"east": {"uv": [8.5, 8.5, 10, 9], "texture": "#2"},
				"south": {"uv": [12, 2.5, 12.5, 3], "texture": "#2"},
				"west": {"uv": [0.5, 9, 2, 9.5], "texture": "#2"},
				"up": {"uv": [2.5, 10.5, 2, 9], "texture": "#2"},
				"down": {"uv": [3, 9, 2.5, 10.5], "texture": "#2"}
			}
		},
		{
			"name": "Left Headphone Frame Upper",
			"from": [12, 5.7, 6.25],
			"to": [12.8, 6, 8.4],
			"rotation": {"angle": 0, "axis": "y", "origin": [12.35, 6.45, 9.25]},
			"faces": {
				"north": {"uv": [3, 12, 3.5, 12.5], "texture": "#2"},
				"east": {"uv": [10.5, 0, 11.5, 0.5], "texture": "#2"},
				"south": {"uv": [12, 3, 12.5, 3.5], "texture": "#2"},
				"west": {"uv": [10.5, 1.5, 11.5, 2], "texture": "#2"},
				"up": {"uv": [11, 5.5, 10.5, 4.5], "texture": "#2"},
				"down": {"uv": [11, 5.5, 10.5, 6.5], "texture": "#2"}
			}
		},
		{
			"name": "Left Headphone Frame Support",
			"from": [12, 5.95, 6.75],
			"to": [12.55, 8.25, 7.9],
			"rotation": {"angle": 0, "axis": "y", "origin": [12.35, 6.85, 7.825]},
			"faces": {
				"north": {"uv": [10.5, 6.5, 11, 7.5], "texture": "#2"},
				"east": {"uv": [7, 10.5, 7.5, 11.5], "texture": "#2"},
				"south": {"uv": [7.5, 10.5, 8, 11.5], "texture": "#2"},
				"west": {"uv": [10.5, 7.5, 11, 8.5], "texture": "#2"},
				"up": {"uv": [4, 12.5, 3.5, 12], "texture": "#2"},
				"down": {"uv": [12.5, 3.5, 12, 4], "texture": "#2"}
			}
		},
		{
			"name": "Right Headphone Base Extension",
			"from": [3.1, 1.85, 5.5],
			"to": [4, 3.65, 6.25],
			"rotation": {"angle": 0, "axis": "y", "origin": [8, 2.75, 8]},
			"faces": {
				"north": {"uv": [9, 10.5, 9.5, 11.5], "texture": "#2"},
				"east": {"uv": [10.5, 9, 11, 10], "texture": "#2"},
				"south": {"uv": [9.5, 10.5, 10, 11.5], "texture": "#2"},
				"west": {"uv": [10.5, 10, 11, 11], "texture": "#2"},
				"up": {"uv": [4.5, 12.5, 4, 12], "texture": "#2"},
				"down": {"uv": [12.5, 4, 12, 4.5], "texture": "#2"}
			}
		},
		{
			"name": "Right Headphone Upper Base",
			"from": [2.9, 3.75, 6.5],
			"to": [4, 4.75, 8.5],
			"rotation": {"angle": 0, "axis": "y", "origin": [4, 2.75, 8]},
			"faces": {
				"north": {"uv": [4.5, 12, 5, 12.5], "texture": "#2"},
				"east": {"uv": [10.5, 3.5, 11.5, 4], "texture": "#2"},
				"south": {"uv": [12, 4.5, 12.5, 5], "texture": "#2"},
				"west": {"uv": [11, 0.5, 12, 1], "texture": "#2"},
				"up": {"uv": [11.5, 3, 11, 2], "texture": "#2"},
				"down": {"uv": [4, 11, 3.5, 12], "texture": "#2"}
			}
		},
		{
			"name": "Right Headphone Base",
			"from": [2.4, 1.75, 6.25],
			"to": [4, 3.75, 9],
			"rotation": {"angle": 0, "axis": "y", "origin": [4, 2.75, 8]},
			"faces": {
				"north": {"uv": [6.5, 8, 7.5, 9], "texture": "#2"},
				"east": {"uv": [1.5, 7, 3, 8], "texture": "#2"},
				"south": {"uv": [8, 7, 9, 8], "texture": "#2"},
				"west": {"uv": [6.5, 7, 8, 8], "texture": "#2"},
				"up": {"uv": [8.5, 1.5, 7.5, 0], "texture": "#2"},
				"down": {"uv": [5.5, 7.5, 4.5, 9], "texture": "#2"}
			}
		},
		{
			"name": "Right Headphone Lower Base",
			"from": [2.9, 0.75, 6.5],
			"to": [4, 1.75, 8.5],
			"rotation": {"angle": 0, "axis": "y", "origin": [4, 2.75, 8]},
			"faces": {
				"north": {"uv": [5, 12, 5.5, 12.5], "texture": "#2"},
				"east": {"uv": [11, 1, 12, 1.5], "texture": "#2"},
				"south": {"uv": [12, 5, 12.5, 5.5], "texture": "#2"},
				"west": {"uv": [11, 3, 12, 3.5], "texture": "#2"},
				"up": {"uv": [4.5, 12, 4, 11], "texture": "#2"},
				"down": {"uv": [11.5, 4, 11, 5], "texture": "#2"}
			}
		},
		{
			"name": "Right Headphone Frame Support",
			"from": [3.45, 5.95, 6.75],
			"to": [4, 8.25, 7.9],
			"rotation": {"angle": 0, "axis": "y", "origin": [3.65, 6.85, 7.825]},
			"faces": {
				"north": {"uv": [5, 11, 5.5, 12], "texture": "#2"},
				"east": {"uv": [11, 5, 11.5, 6], "texture": "#2"},
				"south": {"uv": [5.5, 11, 6, 12], "texture": "#2"},
				"west": {"uv": [6, 11, 6.5, 12], "texture": "#2"},
				"up": {"uv": [6, 12.5, 5.5, 12], "texture": "#2"},
				"down": {"uv": [12.5, 5.5, 12, 6], "texture": "#2"}
			}
		},
		{
			"name": "Right Headphone Frame Left",
			"from": [3.2, 3.65, 5.75],
			"to": [4, 5.5, 6.05],
			"rotation": {"angle": 0, "axis": "y", "origin": [4, 2.75, 8]},
			"faces": {
				"north": {"uv": [11, 6, 11.5, 7], "texture": "#2"},
				"east": {"uv": [6.5, 11, 7, 12], "texture": "#2"},
				"south": {"uv": [11, 7, 11.5, 8], "texture": "#2"},
				"west": {"uv": [8, 11, 8.5, 12], "texture": "#2"},
				"up": {"uv": [6.5, 12.5, 6, 12], "texture": "#2"},
				"down": {"uv": [12.5, 6, 12, 6.5], "texture": "#2"}
			}
		},
		{
			"name": "Right Headphone Frame Left",
			"from": [3.2, 3.65, 8.6],
			"to": [4, 5.5, 8.9],
			"rotation": {"angle": 0, "axis": "y", "origin": [4, 2.75, 8]},
			"faces": {
				"north": {"uv": [11, 8, 11.5, 9], "texture": "#2"},
				"east": {"uv": [8.5, 11, 9, 12], "texture": "#2"},
				"south": {"uv": [11, 9, 11.5, 10], "texture": "#2"},
				"west": {"uv": [10, 11, 10.5, 12], "texture": "#2"},
				"up": {"uv": [7, 12.5, 6.5, 12], "texture": "#2"},
				"down": {"uv": [12.5, 6.5, 12, 7], "texture": "#2"}
			}
		},
		{
			"name": "Right Headphone Frame Middle",
			"from": [3.2, 5.45, 5.75],
			"to": [4, 5.75, 8.9],
			"rotation": {"angle": 0, "axis": "y", "origin": [3.65, 6.45, 9.25]},
			"faces": {
				"north": {"uv": [7, 12, 7.5, 12.5], "texture": "#2"},
				"east": {"uv": [9, 4.5, 10.5, 5], "texture": "#2"},
				"south": {"uv": [12, 7, 12.5, 7.5], "texture": "#2"},
				"west": {"uv": [9, 5, 10.5, 5.5], "texture": "#2"},
				"up": {"uv": [3.5, 10.5, 3, 9], "texture": "#2"},
				"down": {"uv": [5, 9, 4.5, 10.5], "texture": "#2"}
			}
		},
		{
			"name": "Right Headphone Frame Upper",
			"from": [3.2, 5.7, 6.25],
			"to": [4, 6, 8.4],
			"rotation": {"angle": 0, "axis": "y", "origin": [3.65, 6.45, 9.25]},
			"faces": {
				"north": {"uv": [7.5, 12, 8, 12.5], "texture": "#2"},
				"east": {"uv": [11, 10, 12, 10.5], "texture": "#2"},
				"south": {"uv": [12, 7.5, 12.5, 8], "texture": "#2"},
				"west": {"uv": [10.5, 11, 11.5, 11.5], "texture": "#2"},
				"up": {"uv": [0.5, 12.5, 0, 11.5], "texture": "#2"},
				"down": {"uv": [1, 11.5, 0.5, 12.5], "texture": "#2"}
			}
		},
		{
			"name": "Headband Base",
			"from": [3.71, 8.01, 6.76],
			"to": [12.24, 8.54, 7.89],
			"rotation": {"angle": 0, "axis": "y", "origin": [11.225, 9.725, 7.825]},
			"faces": {
				"north": {"uv": [0, 2, 4.5, 2.5], "texture": "#2"},
				"east": {"uv": [8, 12, 8.5, 12.5], "texture": "#2"},
				"south": {"uv": [0, 2.5, 4.5, 3], "texture": "#2"},
				"west": {"uv": [12, 8, 12.5, 8.5], "texture": "#2"},
				"up": {"uv": [4.5, 3.5, 0, 3], "texture": "#2"},
				"down": {"uv": [4.5, 3.5, 0, 4], "texture": "#2"}
			}
		},
		{
			"name": "Headband Extrusion",
			"from": [5.95, 8, 6.5],
			"to": [10, 8.8, 8.15],
			"rotation": {"angle": 0, "axis": "y", "origin": [11.225, 9.725, 7.825]},
			"faces": {
				"north": {"uv": [7.5, 8, 9.5, 8.5], "texture": "#2"},
				"east": {"uv": [11, 10.5, 12, 11], "texture": "#2"},
				"south": {"uv": [8.5, 0, 10.5, 0.5], "texture": "#2"},
				"west": {"uv": [11.5, 0, 12.5, 0.5], "texture": "#2"},
				"up": {"uv": [6.5, 3.5, 4.5, 2.5], "texture": "#2"},
				"down": {"uv": [6, 4.5, 4, 5.5], "texture": "#2"}
			}
		}
	],
	"display": {
		"thirdperson_righthand": {
			"rotation": [53, -164, 0],
			"translation": [-0.25, 2.25, 2],
			"scale": [0.8, 0.8, 0.8]
		},
		"thirdperson_lefthand": {
			"rotation": [53, -164, 0],
			"translation": [-0.25, 2.25, 2],
			"scale": [0.8, 0.8, 0.8]
		},
		"firstperson_righthand": {
			"rotation": [0, -171, 0],
			"translation": [0, 3.25, 0]
		},
		"firstperson_lefthand": {
			"rotation": [0, -171, 0],
			"translation": [0, 3.25, 0]
		},
		"ground": {
			"translation": [0, 3.75, 0]
		},
		"gui": {
			"rotation": [45, 45, 0],
			"translation": [-0.5, 2, 0],
			"scale": [1.2, 1.2, 1.2]
		},
		"head": {
			"rotation": [0, 180, 0],
			"translation": [0, 6.9, 0],
			"scale": [1.7, 1.7, 1.7]
		},
		"fixed": {
			"rotation": [-53, -180, 0],
			"translation": [0, 3.25, -7.75],
			"scale": [1.6, 1.6, 1.6]
		}
	},
	"groups": [
		{
			"name": "Goggles",
			"origin": [8, 8, 8],
			"color": 0,
			"children": [
				{
					"name": "Visor",
					"origin": [8, 8, 8],
					"color": 3,
					"children": [0]
				},
				{
					"name": "Rim",
					"origin": [8, 8, 8],
					"color": 2,
					"children": [1, 2, 3, 4, 5, 6, 7]
				},
				{
					"name": "Headstrap",
					"origin": [8, 8, 8],
					"color": 1,
					"children": [8, 9, 10, 11, 12, 13, 14, 15]
				}
			]
		},
		{
			"name": "Headphones",
			"origin": [8, 8, 8],
			"color": 8,
			"children": [
				{
					"name": "Headphone Left",
					"origin": [8, 8, 8],
					"color": 8,
					"children": [
						16,
						17,
						18,
						19,
						{
							"name": "Left Headphone Frame",
							"origin": [12.35, 8.1, 7.825],
							"color": 0,
							"children": [20, 21, 22, 23, 24]
						}
					]
				},
				{
					"name": "Headphone Right",
					"origin": [8, 8, 8],
					"color": 8,
					"children": [
						25,
						26,
						27,
						28,
						{
							"name": "Right Headphone Frame",
							"origin": [3.65, 7.7, 9.25],
							"color": 0,
							"children": [29, 30, 31, 32, 33]
						}
					]
				},
				{
					"name": "Headband",
					"origin": [8, 8, 8],
					"color": 4,
					"children": [34, 35]
				}
			]
		}
	]
}