{
	"credit": "Made with Blockbench",
	"textures": {
		"2": "nodenium:item/ish_campaign_poster"
	},
	"elements": [
		{
			"from": [4, 0, 7.5],
			"to": [12, 16, 8],
			"rotation": {"angle": 0, "axis": "y", "origin": [4, 0, 6.5]},
			"faces": {
				"north": {"uv": [0, 0, 8, 16], "texture": "#2"},
				"east": {"uv": [8, 0, 8.5, 16], "texture": "#2"},
				"south": {"uv": [8, 0, 16, 16], "texture": "#2"},
				"west": {"uv": [8, 0, 8.5, 16], "texture": "#2"},
				"up": {"uv": [8, 0, 16, 0.5], "texture": "#2"},
				"down": {"uv": [8, 0, 16, 0.5], "texture": "#2"}
			}
		}
	],
	"gui_light": "front",
	"display": {
		"thirdperson_righthand": {
			"rotation": [0, 180, 0],
			"translation": [0, 2.5, 0],
			"scale": [0.5, 0.5, 0.5]
		},
		"thirdperson_lefthand": {
			"rotation": [0, 180, 0],
			"translation": [0, 2.5, 0],
			"scale": [0.5, 0.5, 0.5]
		},
		"firstperson_righthand": {
			"rotation": [-30, 100, 0],
			"translation": [1.5, 0.5, 0]
		},
		"firstperson_lefthand": {
			"rotation": [-30, 100, 0],
			"translation": [1.5, 0.5, 0]
		},
		"ground": {
			"translation": [0, 4.5, 0],
			"scale": [0.7, 0.7, 0.7]
		},
		"gui": {
			"rotation": [30, 180, 0]
		},
		"head": {
			"translation": [0, 14.25, -1.5]
		},
		"fixed": {
			"translation": [0, 16, 0],
			"scale": [4, 4, 4]
		}
	}
}