{
	"credit": "Made with Blockbench",
	"texture_size": [64, 64],
	"textures": {
		"0": "nodenium:item/lobster",
		"particle": "nodenium:item/lobster_particles"
	},
	"elements": [
		{
			"from": [5, 5, 1],
			"to": [11, 8, 11],
			"rotation": {"angle": 0, "axis": "y", "origin": [7, 5, 2]},
			"faces": {
				"north": {"uv": [4.75, 5.25, 6.25, 6], "texture": "#0"},
				"east": {"uv": [6.25, 3.75, 3.75, 4.5], "texture": "#0"},
				"south": {"uv": [0, 5.5, 1.5, 6.25], "texture": "#0"},
				"west": {"uv": [3.75, 3.75, 6.25, 4.5], "texture": "#0"},
				"up": {"uv": [1.5, 2.5, 0, 0], "texture": "#0"},
				"down": {"uv": [3, 0, 1.5, 2.5], "texture": "#0"}
			}
		},
		{
			"from": [9, 7, -3],
			"to": [9, 8, 1],
			"rotation": {"angle": -22.5, "axis": "y", "origin": [9, 7, 1]},
			"faces": {
				"north": {"uv": [0, 15.5, 0.75, 15.75], "texture": "#0"},
				"east": {"uv": [1, 15.5, 0, 15.75], "texture": "#0"},
				"south": {"uv": [0, 15.5, 0.75, 15.75], "texture": "#0"},
				"west": {"uv": [0, 15.5, 1, 15.75], "texture": "#0"},
				"up": {"uv": [0, 15.5, 0.75, 15.75], "texture": "#0"},
				"down": {"uv": [0, 15.5, 0.75, 15.75], "texture": "#0"}
			}
		},
		{
			"from": [7, 7, -3],
			"to": [7, 8, 1],
			"rotation": {"angle": 22.5, "axis": "y", "origin": [7, 7, 1]},
			"faces": {
				"north": {"uv": [0, 15.5, 0.75, 15.75], "texture": "#0"},
				"east": {"uv": [1, 15.5, 0, 15.75], "texture": "#0"},
				"south": {"uv": [0, 15.5, 0.75, 15.75], "texture": "#0"},
				"west": {"uv": [0, 15.5, 1, 15.75], "texture": "#0"},
				"up": {"uv": [0, 15.5, 0.75, 15.75], "texture": "#0"},
				"down": {"uv": [0, 15.5, 0.75, 15.75], "texture": "#0"}
			}
		},
		{
			"from": [2, 6, 6],
			"to": [5, 6, 11],
			"rotation": {"angle": 22.5, "axis": "z", "origin": [5, 6, 9]},
			"faces": {
				"north": {"uv": [3.5, 6.75, 2.75, 5.5], "texture": "#0"},
				"east": {"uv": [3.5, 6.75, 2.75, 5.5], "texture": "#0"},
				"south": {"uv": [3.5, 6.75, 2.75, 5.5], "texture": "#0"},
				"west": {"uv": [3.5, 6.75, 2.75, 5.5], "texture": "#0"},
				"up": {"uv": [3.5, 6.75, 2.75, 5.5], "texture": "#0"},
				"down": {"uv": [3.5, 6.75, 2.75, 5.5], "texture": "#0"}
			}
		},
		{
			"from": [11, 6, 6],
			"to": [14, 6, 11],
			"rotation": {"angle": -22.5, "axis": "z", "origin": [11, 6, 9]},
			"faces": {
				"north": {"uv": [0, 0, 0.75, 0], "texture": "#0"},
				"east": {"uv": [0, 0, 1.25, 0], "texture": "#0"},
				"south": {"uv": [0, 0, 0.75, 0], "texture": "#0"},
				"west": {"uv": [0, 0, 1.25, 0], "texture": "#0"},
				"up": {"uv": [2.75, 6.75, 3.5, 5.5], "texture": "#0"},
				"down": {"uv": [2.75, 5.5, 3.5, 6.75], "texture": "#0"}
			}
		},
		{
			"from": [0, 5, -4],
			"to": [5, 8, 3],
			"rotation": {"angle": 22.5, "axis": "y", "origin": [2, 7, 3]},
			"faces": {
				"north": {"uv": [6, 6, 4.75, 6.75], "texture": "#0"},
				"east": {"uv": [7, 0.75, 5.25, 1.5], "texture": "#0"},
				"south": {"uv": [5.5, 1.5, 6.75, 2.25], "texture": "#0"},
				"west": {"uv": [5.25, 0, 7, 0.75], "texture": "#0"},
				"up": {"uv": [4.25, 1.75, 3, 0], "texture": "#0"},
				"down": {"uv": [4.25, 0, 3, 1.75], "texture": "#0"}
			}
		},
		{
			"from": [1, 5.25, 2],
			"to": [3, 7.25, 8],
			"rotation": {"angle": 45, "axis": "y", "origin": [2, 8.25, 2]},
			"faces": {
				"north": {"uv": [2.75, 6.75, 3.25, 7.25], "texture": "#0"},
				"east": {"uv": [6.5, 4.25, 8, 4.75], "texture": "#0"},
				"south": {"uv": [6.5, 6.75, 7, 7.25], "texture": "#0"},
				"west": {"uv": [6.5, 4.25, 8, 4.75], "texture": "#0"},
				"up": {"uv": [2.75, 7.75, 2.25, 6.25], "texture": "#0"},
				"down": {"uv": [4, 6.25, 3.5, 7.75], "texture": "#0"}
			}
		},
		{
			"from": [13, 5.25, 2],
			"to": [15, 7.25, 8],
			"rotation": {"angle": -45, "axis": "y", "origin": [14, 8.25, 2]},
			"faces": {
				"north": {"uv": [7, 0, 7.5, 0.5], "texture": "#0"},
				"east": {"uv": [8, 4.25, 6.5, 4.75], "texture": "#0"},
				"south": {"uv": [7, 0.5, 7.5, 1], "texture": "#0"},
				"west": {"uv": [6.5, 4.25, 8, 4.75], "texture": "#0"},
				"up": {"uv": [2.25, 7.75, 2.75, 6.25], "texture": "#0"},
				"down": {"uv": [3.5, 6.25, 4, 7.75], "texture": "#0"}
			}
		},
		{
			"from": [11, 5, -4],
			"to": [16, 8, 3],
			"rotation": {"angle": -22.5, "axis": "y", "origin": [14, 7, 3]},
			"faces": {
				"north": {"uv": [4.75, 6, 6, 6.75], "texture": "#0"},
				"east": {"uv": [7, 0, 5.25, 0.75], "texture": "#0"},
				"south": {"uv": [6.75, 1.5, 5.5, 2.25], "texture": "#0"},
				"west": {"uv": [5.25, 0.75, 7, 1.5], "texture": "#0"},
				"up": {"uv": [3, 1.75, 4.25, 0], "texture": "#0"},
				"down": {"uv": [3, 0, 4.25, 1.75], "texture": "#0"}
			}
		},
		{
			"from": [6, 5, 11],
			"to": [10, 7, 18],
			"rotation": {"angle": 0, "axis": "y", "origin": [7, 5, 12]},
			"faces": {
				"north": {"uv": [4.5, 6.75, 5.5, 7.25], "texture": "#0"},
				"east": {"uv": [8, 3.75, 6.25, 4.25], "texture": "#0"},
				"south": {"uv": [5.5, 6.75, 6.5, 7.25], "texture": "#0"},
				"west": {"uv": [6.25, 3.75, 8, 4.25], "texture": "#0"},
				"up": {"uv": [5.25, 1.75, 4.25, 0], "texture": "#0"},
				"down": {"uv": [4.75, 4.5, 3.75, 6.25], "texture": "#0"}
			}
		},
		{
			"from": [3, 6, 16],
			"to": [13, 6, 21],
			"rotation": {"angle": 0, "axis": "y", "origin": [8, 6, 17]},
			"faces": {
				"north": {"uv": [2.5, 3.75, 0, 2.5], "texture": "#0"},
				"east": {"uv": [2.5, 3.75, 0, 2.5], "texture": "#0"},
				"south": {"uv": [2.5, 3.75, 0, 2.5], "texture": "#0"},
				"west": {"uv": [2.5, 3.75, 0, 2.5], "texture": "#0"},
				"up": {"uv": [2.5, 3.75, 0, 2.5], "texture": "#0"},
				"down": {"uv": [2.5, 2.5, 0, 3.75], "texture": "#0"}
			}
		}
	],
	"display": {
		"thirdperson_righthand": {
			"rotation": [58, -2, 9],
			"translation": [0, -1.75, 0.5],
			"scale": [0.6, 0.6, 0.61]
		},
		"thirdperson_lefthand": {
			"rotation": [58, -2, 9],
			"translation": [0, -1.75, 0.5],
			"scale": [0.6, 0.6, 0.61]
		},
		"firstperson_righthand": {
			"rotation": [26, 29, 21],
			"translation": [4.13, 2.2, 1.63],
			"scale": [0.4, 0.4, 0.4]
		},
		"firstperson_lefthand": {
			"rotation": [26, 29, 21],
			"translation": [4.13, 2.2, 1.63],
			"scale": [0.4, 0.4, 0.4]
		},
		"ground": {
			"translation": [0, 1, 0],
			"scale": [0.5, 0.5, 0.5]
		},
		"gui": {
			"rotation": [30, 225, 0],
			"translation": [-1, 0, 0],
			"scale": [0.545, 0.545, 0.545]
		},
		"head": {
			"rotation": [-85, 152, 10],
			"translation": [-1.75, -15.5, -10.5]
		},
		"fixed": {
			"rotation": [-90, 0, 0],
			"translation": [0, 0, -4.75],
			"scale": [1.5, 1.5, 1.5]
		}
	}
}