{
	"credit": "Made with Blockbench",
	"texture_size": [32, 32],
	"textures": {
		"0": "nodenium:item/magnifying_glass",
		"particle": "nodenium:item/magnifying_glass"
	},
	"elements": [
		{
			"from": [7, 0, 7],
			"to": [9, 7, 9],
			"rotation": {"angle": 0, "axis": "y", "origin": [7, 0, 7]},
			"faces": {
				"north": {"uv": [0, 0, 1, 3.5], "texture": "#0"},
				"east": {"uv": [1, 0, 2, 3.5], "texture": "#0"},
				"south": {"uv": [2, 0, 3, 3.5], "texture": "#0"},
				"west": {"uv": [3, 0, 4, 3.5], "texture": "#0"},
				"up": {"uv": [1, 4.5, 0, 3.5], "texture": "#0"},
				"down": {"uv": [2, 3.5, 1, 4.5], "texture": "#0"}
			}
		},
		{
			"from": [5, 7, 7],
			"to": [11, 8, 9],
			"rotation": {"angle": 0, "axis": "y", "origin": [7, 7, 7]},
			"faces": {
				"north": {"uv": [4, 1, 7, 1.5], "texture": "#0"},
				"east": {"uv": [4, 2, 5, 2.5], "texture": "#0"},
				"south": {"uv": [4, 1.5, 7, 2], "texture": "#0"},
				"west": {"uv": [4, 2.5, 5, 3], "texture": "#0"},
				"up": {"uv": [5, 4.5, 2, 3.5], "texture": "#0"},
				"down": {"uv": [7, 0, 4, 1], "texture": "#0"}
			}
		},
		{
			"from": [5, 14, 7],
			"to": [11, 15, 9],
			"rotation": {"angle": 0, "axis": "y", "origin": [7, 14, 7]},
			"faces": {
				"north": {"uv": [6, 5, 9, 5.5], "texture": "#0"},
				"east": {"uv": [4, 3, 5, 3.5], "texture": "#0"},
				"south": {"uv": [6, 5.5, 9, 6], "texture": "#0"},
				"west": {"uv": [6.5, 2, 7.5, 2.5], "texture": "#0"},
				"up": {"uv": [9, 5, 6, 4], "texture": "#0"},
				"down": {"uv": [8, 6, 5, 7], "texture": "#0"}
			}
		},
		{
			"from": [5, 8, 8],
			"to": [11, 14, 8],
			"rotation": {"angle": 0, "axis": "y", "origin": [7, 14, 7]},
			"faces": {
				"north": {"uv": [5, 7, 8, 10], "texture": "#0"},
				"east": {"uv": [0, 0, 0, 3], "texture": "#0"},
				"south": {"uv": [7.5, 0, 10.5, 3], "texture": "#0"},
				"west": {"uv": [0, 0, 0, 3], "texture": "#0"},
				"up": {"uv": [3, 0, 0, 0], "texture": "#0"},
				"down": {"uv": [3, 0, 0, 0], "texture": "#0"}
			}
		},
		{
			"from": [11, 7, 7],
			"to": [12, 15, 9],
			"rotation": {"angle": 0, "axis": "y", "origin": [7, 13, 7]},
			"faces": {
				"north": {"uv": [2, 4.5, 2.5, 8.5], "texture": "#0"},
				"east": {"uv": [0, 4.5, 1, 8.5], "texture": "#0"},
				"south": {"uv": [2.5, 4.5, 3, 8.5], "texture": "#0"},
				"west": {"uv": [1, 4.5, 2, 8.5], "texture": "#0"},
				"up": {"uv": [3.5, 5.5, 3, 4.5], "texture": "#0"},
				"down": {"uv": [4, 4.5, 3.5, 5.5], "texture": "#0"}
			}
		},
		{
			"from": [4, 7, 7],
			"to": [5, 15, 9],
			"rotation": {"angle": 0, "axis": "y", "origin": [0, 13, 7]},
			"faces": {
				"north": {"uv": [3, 5.5, 3.5, 9.5], "texture": "#0"},
				"east": {"uv": [4, 4.5, 5, 8.5], "texture": "#0"},
				"south": {"uv": [3.5, 5.5, 4, 9.5], "texture": "#0"},
				"west": {"uv": [5, 2, 6, 6], "texture": "#0"},
				"up": {"uv": [6.5, 3, 6, 2], "texture": "#0"},
				"down": {"uv": [6.5, 3, 6, 4], "texture": "#0"}
			}
		}
	],
	"display": {
		"thirdperson_righthand": {
			"rotation": [0, 0, 35],
			"translation": [-2.5, 2.75, 1.5],
			"scale": [0.5, 0.5, 0.5]
		},
		"thirdperson_lefthand": {
			"rotation": [0, 0, 35],
			"translation": [-2.5, 2.75, 1.5],
			"scale": [0.51, 0.51, 0.51]
		},
		"firstperson_righthand": {
			"rotation": [0, 0, 27],
			"translation": [0, 3.75, 0],
			"scale": [0.6, 0.6, 0.6]
		},
		"firstperson_lefthand": {
			"rotation": [0, 0, 27],
			"translation": [0, 3.75, 0],
			"scale": [0.6, 0.6, 0.6]
		},
		"ground": {
			"rotation": [-32, 62, 0],
			"translation": [0, 6.25, 0],
			"scale": [0.65, 0.65, 0.65]
		},
		"gui": {
			"rotation": [0, -25, -48],
			"translation": [-0.5, -0.5, 0],
			"scale": [0.8, 0.8, 0.8]
		},
		"head": {
			"rotation": [0, 0, 53.75],
			"translation": [1.5, -1.25, -11],
			"scale": [0.7, 0.7, 0.7]
		}
	}
}