{
	"credit": "Made with Blockbench",
	"texture_size": [64, 64],
	"textures": {
		"14": "nodenium:item/orange_fish_head"
	},
	"elements": [
		{
			"from": [3.75, 3.75, 4.75],
			"to": [12.25, 12.25, 12.25],
			"faces": {
				"north": {"uv": [2.5, 0, 4.75, 2.25], "texture": "#14"},
				"east": {"uv": [0, 4.5, 2, 6.75], "texture": "#14"},
				"south": {"uv": [2.5, 2.25, 4.75, 4.5], "texture": "#14"},
				"west": {"uv": [0, 4.5, 2, 6.75], "texture": "#14"},
				"up": {"uv": [4.25, 6.5, 2, 4.5], "texture": "#14"},
				"down": {"uv": [6.5, 4.5, 4.25, 6.5], "texture": "#14"}
			}
		},
		{
			"from": [3, 3, 3],
			"to": [13, 5, 5],
			"faces": {
				"north": {"uv": [4.5, 6.5, 7, 7], "texture": "#14"},
				"east": {"uv": [7.75, 4, 8.25, 4.5], "texture": "#14"},
				"south": {"uv": [6.5, 4.5, 9, 5], "texture": "#14"},
				"west": {"uv": [7.75, 6.75, 8.25, 7.25], "texture": "#14"},
				"up": {"uv": [9, 5.5, 6.5, 5], "texture": "#14"},
				"down": {"uv": [9, 5.5, 6.5, 6], "texture": "#14"}
			}
		},
		{
			"from": [3, 11, 3],
			"to": [13, 13, 5],
			"faces": {
				"north": {"uv": [4.75, 4, 7.25, 4.5], "texture": "#14"},
				"east": {"uv": [6.5, 6, 7, 6.5], "texture": "#14"},
				"south": {"uv": [6.25, 3, 8.75, 3.5], "texture": "#14"},
				"west": {"uv": [7.25, 4, 7.75, 4.5], "texture": "#14"},
				"up": {"uv": [8.75, 4, 6.25, 3.5], "texture": "#14"},
				"down": {"uv": [4.5, 6.5, 2, 7], "texture": "#14"}
			}
		},
		{
			"from": [3, 5, 3],
			"to": [5, 11, 5],
			"faces": {
				"north": {"uv": [0, 6.75, 0.5, 8.25], "texture": "#14"},
				"east": {"uv": [0.5, 6.75, 1, 8.25], "texture": "#14"},
				"south": {"uv": [1, 6.75, 1.5, 8.25], "texture": "#14"},
				"west": {"uv": [1.5, 6.75, 2, 8.25], "texture": "#14"},
				"up": {"uv": [8.25, 7.75, 7.75, 7.25], "texture": "#14"},
				"down": {"uv": [8.25, 7.75, 7.75, 8.25], "texture": "#14"}
			}
		},
		{
			"from": [11, 5, 3],
			"to": [13, 11, 5],
			"faces": {
				"north": {"uv": [2, 7, 2.5, 8.5], "texture": "#14"},
				"east": {"uv": [2.5, 7, 3, 8.5], "texture": "#14"},
				"south": {"uv": [3, 7, 3.5, 8.5], "texture": "#14"},
				"west": {"uv": [3.5, 7, 4, 8.5], "texture": "#14"},
				"up": {"uv": [8.5, 0.5, 8, 0], "texture": "#14"},
				"down": {"uv": [8.5, 0.5, 8, 1], "texture": "#14"}
			}
		},
		{
			"from": [8, 11.75, 5],
			"to": [8, 17.75, 12],
			"faces": {
				"north": {"uv": [0, 0, 0, 1.5], "texture": "#14"},
				"east": {"uv": [6.25, 0, 8, 1.5], "texture": "#14"},
				"south": {"uv": [0, 0, 0, 1.5], "texture": "#14"},
				"west": {"uv": [6.25, 1.5, 8, 3], "texture": "#14"},
				"up": {"uv": [0, 1.5, 0, 0], "texture": "#14"},
				"down": {"uv": [0, 0, 0, 1.5], "texture": "#14"}
			}
		},
		{
			"from": [8, 0.75, 12],
			"to": [8, 18.75, 22],
			"faces": {
				"north": {"uv": [0, 0, 0, 4.5], "texture": "#14"},
				"east": {"uv": [0, 0, 2.5, 4.5], "texture": "#14"},
				"south": {"uv": [0, 0, 0, 4.5], "texture": "#14"},
				"west": {"uv": [2.5, 0, 0, 4.5], "texture": "#14"},
				"up": {"uv": [0, 2.5, 0, 0], "texture": "#14"},
				"down": {"uv": [0, 0, 0, 2.5], "texture": "#14"}
			}
		},
		{
			"from": [1.8, 11.5, 5],
			"to": [4.8, 14.5, 8],
			"faces": {
				"north": {"uv": [4, 7, 4.75, 7.75], "texture": "#14"},
				"east": {"uv": [4.75, 7, 5.5, 7.75], "texture": "#14"},
				"south": {"uv": [5.5, 7, 6.25, 7.75], "texture": "#14"},
				"west": {"uv": [7, 6, 7.75, 6.75], "texture": "#14"},
				"up": {"uv": [7, 7.75, 6.25, 7], "texture": "#14"},
				"down": {"uv": [7.75, 6.75, 7, 7.5], "texture": "#14"}
			}
		},
		{
			"from": [11.2, 11.5, 5],
			"to": [14.2, 14.5, 8],
			"faces": {
				"north": {"uv": [7, 7.5, 7.75, 8.25], "texture": "#14"},
				"east": {"uv": [4, 7.75, 4.75, 8.5], "texture": "#14"},
				"south": {"uv": [4.75, 7.75, 5.5, 8.5], "texture": "#14"},
				"west": {"uv": [5.5, 7.75, 6.25, 8.5], "texture": "#14"},
				"up": {"uv": [8.5, 6.75, 7.75, 6], "texture": "#14"},
				"down": {"uv": [7, 7.75, 6.25, 8.5], "texture": "#14"}
			}
		},
		{
			"from": [1.4, 12.5, 6],
			"to": [2.4, 13.75, 7.25],
			"faces": {
				"north": {"uv": [8, 1, 8.25, 1.25], "texture": "#14"},
				"east": {"uv": [8, 1.25, 8.25, 1.5], "texture": "#14"},
				"south": {"uv": [8, 1.5, 8.25, 1.75], "texture": "#14"},
				"west": {"uv": [8, 1.75, 8.25, 2], "texture": "#14"},
				"up": {"uv": [8.25, 2.25, 8, 2], "texture": "#14"},
				"down": {"uv": [8.25, 2.25, 8, 2.5], "texture": "#14"}
			}
		},
		{
			"from": [13.9, 12.5, 6],
			"to": [14.9, 13.75, 7.25],
			"faces": {
				"north": {"uv": [8, 2.5, 8.25, 2.75], "texture": "#14"},
				"east": {"uv": [8, 2.75, 8.25, 3], "texture": "#14"},
				"south": {"uv": [0, 8.25, 0.25, 8.5], "texture": "#14"},
				"west": {"uv": [0.25, 8.25, 0.5, 8.5], "texture": "#14"},
				"up": {"uv": [0.75, 8.5, 0.5, 8.25], "texture": "#14"},
				"down": {"uv": [1, 8.25, 0.75, 8.5], "texture": "#14"}
			}
		},
		{
			"from": [0.6, 5, 4.5],
			"to": [6.6, 5, 12.5],
			"rotation": {"angle": 22.5, "axis": "z", "origin": [0, 0, 0]},
			"faces": {
				"north": {"uv": [0, 0, 1.5, 0], "texture": "#14"},
				"east": {"uv": [0, 0, 2, 0], "texture": "#14"},
				"south": {"uv": [0, 0, 1.5, 0], "texture": "#14"},
				"west": {"uv": [0, 0, 2, 0], "texture": "#14"},
				"up": {"uv": [6.25, 2, 4.75, 0], "texture": "#14"},
				"down": {"uv": [6.25, 2, 4.75, 4], "texture": "#14"}
			}
		},
		{
			"from": [9.4, 5, 4.5],
			"to": [15.4, 5, 12.5],
			"rotation": {"angle": -22.5, "axis": "z", "origin": [16, 0, 0]},
			"faces": {
				"north": {"uv": [1.5, 0, 0, 0], "texture": "#14"},
				"east": {"uv": [2, 0, 0, 0], "texture": "#14"},
				"south": {"uv": [1.5, 0, 0, 0], "texture": "#14"},
				"west": {"uv": [2, 0, 0, 0], "texture": "#14"},
				"up": {"uv": [4.75, 2, 6.25, 0], "texture": "#14"},
				"down": {"uv": [4.75, 2, 6.25, 4], "texture": "#14"}
			}
		}
	],
	"display": {
		"thirdperson_righthand": {
			"translation": [0, -2, 0],
			"scale": [0.73, 0.73, 0.73]
		},
		"thirdperson_lefthand": {
			"translation": [0, -2, 0],
			"scale": [0.73, 0.73, 0.73]
		},
		"ground": {
			"translation": [0, 1, 0],
			"scale": [0.8, 0.8, 0.8]
		},
		"gui": {
			"rotation": [0, 129, 0],
			"translation": [-1, -0.5, 0],
			"scale": [0.75, 0.75, 0.75]
		},
		"head": {
			"translation": [0, 0.5, 0],
			"scale": [1.67, 1.67, 1.67]
		},
		"fixed": {
			"translation": [0, 0, -3.5]
		}
	}
}