{
	"format_version": "1.21.6",
	"credit": "Made with Blockbench",
	"parent": "pen",
	"textures": {
		"2": "nodenium:item/pen",
		"particle": "nodenium:item/pen"
	},
	"elements": [
		{
			"from": [8, 1, 8],
			"to": [9, 6, 9],
			"rotation": {"angle": 0, "axis": "y", "origin": [7, 1, 7]},
			"faces": {
				"north": {"uv": [0, 0, 1, 5], "texture": "#2"},
				"east": {"uv": [1, 0, 2, 5], "texture": "#2"},
				"south": {"uv": [2, 0, 3, 5], "texture": "#2"},
				"west": {"uv": [3, 0, 4, 5], "texture": "#2"},
				"up": {"uv": [7, 3, 6, 2], "texture": "#2"},
				"down": {"uv": [7, 3, 6, 4], "texture": "#2"}
			}
		},
		{
			"from": [8.2, 0.5, 8.2],
			"to": [8.8, 1.5, 8.8],
			"rotation": {"angle": 0, "axis": "y", "origin": [7, 0.5, 7]},
			"faces": {
				"north": {"uv": [4, 6, 4.5, 7], "texture": "#2"},
				"east": {"uv": [6, 4, 6.5, 5], "texture": "#2"},
				"south": {"uv": [5, 6, 5.5, 7], "texture": "#2"},
				"west": {"uv": [6, 5, 6.5, 6], "texture": "#2"},
				"up": {"uv": [1.5, 8.5, 1, 8], "texture": "#2"},
				"down": {"uv": [8.5, 1, 8, 1.5], "texture": "#2"}
			}
		},
		{
			"from": [7.8, 5.1, 8.4],
			"to": [8, 6.1, 8.6],
			"rotation": {"angle": 0, "axis": "y", "origin": [6.6, 5.1, 7.2]},
			"faces": {
				"north": {"uv": [6, 6, 6.5, 7], "texture": "#2"},
				"east": {"uv": [0, 7, 0.5, 8], "texture": "#2"},
				"south": {"uv": [1, 7, 1.5, 8], "texture": "#2"},
				"west": {"uv": [2, 7, 2.5, 8], "texture": "#2"},
				"up": {"uv": [2.5, 8.5, 2, 8], "texture": "#2"},
				"down": {"uv": [8.5, 2, 8, 2.5], "texture": "#2"}
			}
		},
		{
			"from": [9, 5.1, 8.4],
			"to": [9.2, 6.1, 8.6],
			"rotation": {"angle": 0, "axis": "y", "origin": [7.8, 5.1, 7.2]},
			"faces": {
				"north": {"uv": [7, 2, 7.5, 3], "texture": "#2"},
				"east": {"uv": [3, 7, 3.5, 8], "texture": "#2"},
				"south": {"uv": [7, 3, 7.5, 4], "texture": "#2"},
				"west": {"uv": [4, 7, 4.5, 8], "texture": "#2"},
				"up": {"uv": [3.5, 8.5, 3, 8], "texture": "#2"},
				"down": {"uv": [8.5, 3, 8, 3.5], "texture": "#2"}
			}
		},
		{
			"from": [8.4, 5.1, 9],
			"to": [8.6, 6.1, 9.2],
			"rotation": {"angle": 0, "axis": "y", "origin": [7.2, 5.1, 7.8]},
			"faces": {
				"north": {"uv": [7, 4, 7.5, 5], "texture": "#2"},
				"east": {"uv": [5, 7, 5.5, 8], "texture": "#2"},
				"south": {"uv": [7, 5, 7.5, 6], "texture": "#2"},
				"west": {"uv": [6, 7, 6.5, 8], "texture": "#2"},
				"up": {"uv": [4.5, 8.5, 4, 8], "texture": "#2"},
				"down": {"uv": [8.5, 4, 8, 4.5], "texture": "#2"}
			}
		},
		{
			"from": [8.4, 5.1, 7.8],
			"to": [8.6, 6.1, 8],
			"rotation": {"angle": 0, "axis": "y", "origin": [7.2, 5.1, 6.6]},
			"faces": {
				"north": {"uv": [7, 6, 7.5, 7], "texture": "#2"},
				"east": {"uv": [7, 7, 7.5, 8], "texture": "#2"},
				"south": {"uv": [0, 8, 0.5, 9], "texture": "#2"},
				"west": {"uv": [8, 0, 8.5, 1], "texture": "#2"},
				"up": {"uv": [5.5, 8.5, 5, 8], "texture": "#2"},
				"down": {"uv": [8.5, 5, 8, 5.5], "texture": "#2"}
			}
		},
		{
			"from": [7.7, 6, 7.7],
			"to": [9.3, 7.5, 9.3],
			"rotation": {"angle": 0, "axis": "y", "origin": [6.2, 5.6, 6.2]},
			"faces": {
				"north": {"uv": [4, 0, 5.5, 1.5], "texture": "#2"},
				"east": {"uv": [4, 2, 5.5, 3.5], "texture": "#2"},
				"south": {"uv": [4, 4, 5.5, 5.5], "texture": "#2"},
				"west": {"uv": [0, 5, 1.5, 6.5], "texture": "#2"},
				"up": {"uv": [3.5, 6.5, 2, 5], "texture": "#2"},
				"down": {"uv": [7.5, 0, 6, 1.5], "texture": "#2"}
			}
		}
	],
	"gui_light": "front",
	"display": {
		"thirdperson_righthand": {
			"rotation": [24.13, -6.35, -15.61],
			"translation": [-0.75, 5, 4]
		},
		"thirdperson_lefthand": {
			"rotation": [24.13, -6.35, -15.61],
			"translation": [0.25, 5, 4]
		},
		"firstperson_righthand": {
			"translation": [0, 9, 1.5]
		},
		"firstperson_lefthand": {
			"translation": [0, 9, 1.5]
		},
		"gui": {
			"rotation": [-165.93, -69.4, 178.02],
			"translation": [1, 6.75, 0],
			"scale": [1.8, 1.8, 1.8]
		},
		"fixed": {
			"rotation": [0, 0, -31],
			"translation": [3.5, 7, 0],
			"scale": [2, 2, 2]
		}
	}
}