{
	"credit": "Made with Blockbench",
	"texture_size": [8, 8],
	"textures": {
		"0": "nodenium:item/pencil",
		"particle": "nodenium:item/pencil"
	},
	"elements": [
		{
			"from": [8, 1, 8],
			"to": [9, 6, 9],
			"rotation": {"angle": 0, "axis": "y", "origin": [7, 1, 7]},
			"faces": {
				"north": {"uv": [0, 0, 2, 10], "texture": "#0"},
				"east": {"uv": [2, 0, 4, 10], "texture": "#0"},
				"south": {"uv": [4, 0, 6, 10], "texture": "#0"},
				"west": {"uv": [6, 0, 8, 10], "texture": "#0"},
				"up": {"uv": [10, 2, 8, 0], "texture": "#0"},
				"down": {"uv": [10, 2, 8, 4], "texture": "#0"}
			}
		},
		{
			"from": [8.2, 0, 8.2],
			"to": [8.8, 1, 8.8],
			"rotation": {"angle": 0, "axis": "y", "origin": [7, 0, 7]},
			"faces": {
				"north": {"uv": [8, 4, 9, 6], "texture": "#0"},
				"east": {"uv": [8, 6, 9, 8], "texture": "#0"},
				"south": {"uv": [8, 8, 9, 10], "texture": "#0"},
				"west": {"uv": [0, 10, 1, 12], "texture": "#0"},
				"up": {"uv": [11, 1, 10, 0], "texture": "#0"},
				"down": {"uv": [3, 10, 2, 11], "texture": "#0"}
			}
		}
	],
	"gui_light": "front",
	"display": {
		"thirdperson_righthand": {
			"rotation": [24.13, -6.35, -15.61],
			"translation": [-0.75, 5, 4]
		},
		"thirdperson_lefthand": {
			"rotation": [24.13, -6.35, -15.61],
			"translation": [0.25, 5, 4]
		},
		"firstperson_righthand": {
			"translation": [0, 9, 1.5]
		},
		"firstperson_lefthand": {
			"translation": [0, 9, 1.5]
		},
		"gui": {
			"rotation": [26, 19.75, 0],
			"translation": [-1, 8, 0],
			"scale": [1.8, 1.8, 1.8]
		},
		"fixed": {
			"rotation": [0, 0, -31],
			"translation": [4, 8.75, 0],
			"scale": [2, 2, 2]
		}
	}
}