{
	"credit": "Made with Blockbench",
	"texture_size": [128, 128],
	"textures": {
		"2": "nodenium:item/racecar_gtp"
	},
	"elements": [
		{
			"from": [-15.5, 0.5, -3.5],
			"to": [31.5, 6.5, 19.5],
			"rotation": {"angle": 0, "axis": "z", "origin": [8, 3.5, 8]},
			"faces": {
				"north": {"uv": [0, 5.75, 5.875, 6.5], "texture": "#2"},
				"east": {"uv": [0, 6.5, 2.875, 7.25], "texture": "#2"},
				"south": {"uv": [5.875, 0, 11.75, 0.75], "texture": "#2"},
				"west": {"uv": [2.875, 6.5, 5.75, 7.25], "texture": "#2"},
				"up": {"uv": [5.875, 2.875, 0, 0], "texture": "#2"},
				"down": {"uv": [5.875, 2.875, 0, 5.75], "texture": "#2"}
			}
		},
		{
			"from": [-9.5, 6.46716, 6.8],
			"to": [8.5, 12.46716, 9.2],
			"rotation": {"angle": 0, "axis": "y", "origin": [-0.5, 9.5, 8]},
			"faces": {
				"north": {"uv": [0, 7.25, 2.25, 8], "texture": "#2"},
				"east": {"uv": [4.875, 9.625, 5.125, 10.375], "texture": "#2"},
				"south": {"uv": [2.25, 7.25, 4.5, 8], "texture": "#2"},
				"west": {"uv": [5.125, 9.625, 5.375, 10.375], "texture": "#2"},
				"up": {"uv": [10.5, 2, 8.25, 1.75], "texture": "#2"},
				"down": {"uv": [10.5, 2, 8.25, 2.25], "texture": "#2"}
			}
		},
		{
			"from": [-15.5, 10.46716, -3.5],
			"to": [-12.82122, 11.46716, 19.5],
			"rotation": {"angle": 0, "axis": "y", "origin": [26.5, 25.46716, 6.5]},
			"faces": {
				"north": {"uv": [8.875, 1.625, 9.25, 1.75], "texture": "#2"},
				"east": {"uv": [8.875, 1.375, 11.75, 1.5], "texture": "#2"},
				"south": {"uv": [3, 8.875, 3.375, 9], "texture": "#2"},
				"west": {"uv": [8.875, 1.5, 11.75, 1.625], "texture": "#2"},
				"up": {"uv": [6.5, 10.125, 6.125, 7.25], "texture": "#2"},
				"down": {"uv": [7.625, 6.25, 7.25, 9.125], "texture": "#2"}
			}
		},
		{
			"from": [-15.5, 4.46716, 19.5],
			"to": [-12.82122, 13.46716, 20.5],
			"rotation": {"angle": 0, "axis": "y", "origin": [-14.16061, 8.96716, 20]},
			"faces": {
				"north": {"uv": [5.75, 8.25, 6.125, 9.375], "texture": "#2"},
				"east": {"uv": [7.125, 7.25, 7.25, 8.375], "texture": "#2"},
				"south": {"uv": [3.75, 9, 4.125, 10.125], "texture": "#2"},
				"west": {"uv": [2.75, 9.75, 2.875, 10.875], "texture": "#2"},
				"up": {"uv": [9.625, 1.75, 9.25, 1.625], "texture": "#2"},
				"down": {"uv": [10, 1.625, 9.625, 1.75], "texture": "#2"}
			}
		},
		{
			"from": [-15.5, 4.46716, -4.5],
			"to": [-12.82122, 13.46716, -3.5],
			"rotation": {"angle": 0, "axis": "y", "origin": [26.5, 23.46716, -18.5]},
			"faces": {
				"north": {"uv": [4.125, 9, 4.5, 10.125], "texture": "#2"},
				"east": {"uv": [2.875, 9.75, 3, 10.875], "texture": "#2"},
				"south": {"uv": [4.5, 9, 4.875, 10.125], "texture": "#2"},
				"west": {"uv": [5.375, 9.75, 5.5, 10.875], "texture": "#2"},
				"up": {"uv": [10, 9.375, 9.625, 9.25], "texture": "#2"},
				"down": {"uv": [9.75, 9.75, 9.375, 9.875], "texture": "#2"}
			}
		},
		{
			"from": [5.5, 6.5, 2.5],
			"to": [16.5, 11.5, 13.5],
			"rotation": {"angle": 0, "axis": "z", "origin": [10.5, 9, 8]},
			"faces": {
				"north": {"uv": [2.25, 8, 3.625, 8.625], "texture": "#2"},
				"east": {"uv": [7.625, 7.5, 9.25, 8.125], "texture": "#2"},
				"south": {"uv": [7.625, 8.125, 9, 8.75], "texture": "#2"},
				"west": {"uv": [0, 8, 1.625, 8.625], "texture": "#2"},
				"up": {"uv": [7.25, 5.625, 5.875, 4], "texture": "#2"},
				"down": {"uv": [7.25, 5.625, 5.875, 7.25], "texture": "#2"}
			}
		},
		{
			"from": [10.32843, 6.32843, 2.525],
			"to": [15.32843, 14.32843, 13.475],
			"rotation": {"angle": 45, "axis": "z", "origin": [19.32843, 14.32843, 7.525]},
			"faces": {
				"north": {"uv": [3.625, 8, 4.25, 9], "texture": "#2"},
				"east": {"uv": [7.25, 4, 8.875, 5], "texture": "#2"},
				"south": {"uv": [8.25, 0.75, 8.875, 1.75], "texture": "#2"}
			}
		},
		{
			"from": [-4.67317, 7.5112, 2.525],
			"to": [9.32683, 12.2612, 13.475],
			"rotation": {"angle": 22.5, "axis": "z", "origin": [9.32683, 2.2612, 7.425]},
			"faces": {
				"north": {"uv": [7.25, 5, 9.625, 5.625], "texture": "#2"},
				"east": {"uv": [7.625, 6.25, 9.25, 6.875], "texture": "#2"},
				"south": {"uv": [7.25, 5.625, 9.625, 6.25], "texture": "#2"},
				"west": {"uv": [7.625, 6.875, 9.25, 7.5], "texture": "#2"},
				"up": {"uv": [8.25, 2.375, 5.875, 0.75], "texture": "#2"},
				"down": {"uv": [8.25, 2.375, 5.875, 4], "texture": "#2"}
			}
		},
		{
			"from": [21.08542, 4.16689, -3.4],
			"to": [27.08542, 6.16689, 1.6],
			"rotation": {"angle": -22.5, "axis": "z", "origin": [29.08542, -3.83311, 2.6]},
			"faces": {
				"north": {"uv": [9.5, 8.5, 10.25, 8.75], "texture": "#2"},
				"east": {"uv": [9, 3.5, 9.625, 3.75], "texture": "#2"},
				"south": {"uv": [9.625, 1.125, 10.375, 1.375], "texture": "#2"},
				"west": {"uv": [9.625, 5.375, 10.25, 5.625], "texture": "#2"},
				"up": {"uv": [9.125, 9.375, 8.375, 8.75], "texture": "#2"},
				"down": {"uv": [9.625, 0.75, 8.875, 1.375], "texture": "#2"}
			}
		},
		{
			"from": [21.52122, 6.46716, -3.4],
			"to": [25.52122, 8.46716, 1.6],
			"rotation": {"angle": 0, "axis": "z", "origin": [34.52122, 12.46716, 2.6]},
			"faces": {
				"north": {"uv": [9.75, 6.625, 10.25, 6.875], "texture": "#2"},
				"east": {"uv": [8.25, 3.75, 8.875, 4], "texture": "#2"},
				"south": {"uv": [9.75, 6.875, 10.25, 7.125], "texture": "#2"},
				"west": {"uv": [3, 8.625, 3.625, 8.875], "texture": "#2"},
				"up": {"uv": [5.375, 9.625, 4.875, 9], "texture": "#2"},
				"down": {"uv": [9.5, 8.125, 9, 8.75], "texture": "#2"}
			}
		},
		{
			"from": [21.52122, 6.46716, 14.4],
			"to": [25.52122, 8.46716, 19.4],
			"rotation": {"angle": 0, "axis": "z", "origin": [34.52122, 12.46716, 20.4]},
			"faces": {
				"north": {"uv": [9.75, 7.125, 10.25, 7.375], "texture": "#2"},
				"east": {"uv": [9.625, 8.75, 10.25, 9], "texture": "#2"},
				"south": {"uv": [9.75, 7.375, 10.25, 7.625], "texture": "#2"},
				"west": {"uv": [9.625, 9, 10.25, 9.25], "texture": "#2"},
				"up": {"uv": [9.625, 9.375, 9.125, 8.75], "texture": "#2"},
				"down": {"uv": [9.75, 6.25, 9.25, 6.875], "texture": "#2"}
			}
		},
		{
			"from": [21.08542, 4.16689, 14.4],
			"to": [27.08542, 6.16689, 19.4],
			"rotation": {"angle": -22.5, "axis": "z", "origin": [29.08542, -3.83311, 20.4]},
			"faces": {
				"north": {"uv": [9.625, 3.875, 10.375, 4.125], "texture": "#2"},
				"east": {"uv": [9.625, 5.625, 10.25, 5.875], "texture": "#2"},
				"south": {"uv": [9.625, 4.125, 10.375, 4.375], "texture": "#2"},
				"west": {"uv": [9.625, 5.875, 10.25, 6.125], "texture": "#2"},
				"up": {"uv": [9.625, 4.375, 8.875, 3.75], "texture": "#2"},
				"down": {"uv": [9.625, 4.375, 8.875, 5], "texture": "#2"}
			}
		},
		{
			"from": [-11.67878, 6.46716, 14.4],
			"to": [-7.67878, 8.46716, 19.4],
			"rotation": {"angle": 0, "axis": "z", "origin": [1.32122, 12.46716, 20.4]},
			"faces": {
				"north": {"uv": [8.375, 9.75, 8.875, 10], "texture": "#2"},
				"east": {"uv": [9.75, 6.125, 10.375, 6.375], "texture": "#2"},
				"south": {"uv": [8.875, 9.75, 9.375, 10], "texture": "#2"},
				"west": {"uv": [9.75, 6.375, 10.375, 6.625], "texture": "#2"},
				"up": {"uv": [0.5, 10, 0, 9.375], "texture": "#2"},
				"down": {"uv": [1, 9.375, 0.5, 10], "texture": "#2"}
			}
		},
		{
			"from": [-12.11458, 4.16689, 14.4],
			"to": [-6.11458, 6.16689, 19.4],
			"rotation": {"angle": -22.5, "axis": "z", "origin": [-4.11458, -3.83311, 20.4]},
			"faces": {
				"north": {"uv": [9.625, 4.875, 10.375, 5.125], "texture": "#2"},
				"east": {"uv": [9.75, 3, 10.375, 3.25], "texture": "#2"},
				"south": {"uv": [9.625, 5.125, 10.375, 5.375], "texture": "#2"},
				"west": {"uv": [9.75, 3.25, 10.375, 3.5], "texture": "#2"},
				"up": {"uv": [9.75, 3.5, 9, 2.875], "texture": "#2"},
				"down": {"uv": [3.75, 9, 3, 9.625], "texture": "#2"}
			}
		},
		{
			"from": [-11.67878, 6.46716, -3.4],
			"to": [-7.67878, 8.46716, 1.6],
			"rotation": {"angle": 0, "axis": "z", "origin": [1.32122, 12.46716, 2.6]},
			"faces": {
				"north": {"uv": [9.75, 7.625, 10.25, 7.875], "texture": "#2"},
				"east": {"uv": [9.75, 2.5, 10.375, 2.75], "texture": "#2"},
				"south": {"uv": [9.75, 7.875, 10.25, 8.125], "texture": "#2"},
				"west": {"uv": [9.75, 2.75, 10.375, 3], "texture": "#2"},
				"up": {"uv": [9.75, 7.5, 9.25, 6.875], "texture": "#2"},
				"down": {"uv": [9.75, 7.5, 9.25, 8.125], "texture": "#2"}
			}
		},
		{
			"from": [-12.11458, 4.16689, -3.4],
			"to": [-6.11458, 6.16689, 1.6],
			"rotation": {"angle": -22.5, "axis": "z", "origin": [-4.11458, -3.83311, 2.6]},
			"faces": {
				"north": {"uv": [9.625, 4.375, 10.375, 4.625], "texture": "#2"},
				"east": {"uv": [2.125, 9.75, 2.75, 10], "texture": "#2"},
				"south": {"uv": [9.625, 4.625, 10.375, 4.875], "texture": "#2"},
				"west": {"uv": [9.75, 2.25, 10.375, 2.5], "texture": "#2"},
				"up": {"uv": [7.25, 9.5, 6.5, 8.875], "texture": "#2"},
				"down": {"uv": [9.75, 2.25, 9, 2.875], "texture": "#2"}
			}
		},
		{
			"from": [22.5, 0, -5],
			"to": [28.5, 6, -2],
			"rotation": {"angle": 0, "axis": "z", "origin": [25.5, 3, -4]},
			"faces": {
				"north": {"uv": [8.25, 2.25, 9, 3], "texture": "#2"},
				"east": {"uv": [5.375, 9, 5.75, 9.75], "texture": "#2"},
				"south": {"uv": [8.25, 3, 9, 3.75], "texture": "#2"},
				"west": {"uv": [7.25, 9.125, 7.625, 9.875], "texture": "#2"},
				"up": {"uv": [3, 9.75, 2.25, 9.375], "texture": "#2"},
				"down": {"uv": [9.125, 9.375, 8.375, 9.75], "texture": "#2"}
			}
		},
		{
			"from": [-10.5, 0, -5],
			"to": [-4.5, 6, -2],
			"rotation": {"angle": 0, "axis": "y", "origin": [-8.5, 0, -5]},
			"faces": {
				"north": {"uv": [4.25, 8.25, 5, 9], "texture": "#2"},
				"east": {"uv": [1, 9.375, 1.375, 10.125], "texture": "#2"},
				"south": {"uv": [5, 8.25, 5.75, 9], "texture": "#2"},
				"west": {"uv": [5.75, 9.375, 6.125, 10.125], "texture": "#2"},
				"up": {"uv": [9.875, 9.75, 9.125, 9.375], "texture": "#2"},
				"down": {"uv": [7.25, 9.5, 6.5, 9.875], "texture": "#2"}
			}
		},
		{
			"from": [-10.5, 0, 18],
			"to": [-4.5, 6, 21],
			"rotation": {"angle": 0, "axis": "y", "origin": [-8.5, 0, 19]},
			"faces": {
				"north": {"uv": [2.25, 8.625, 3, 9.375], "texture": "#2"},
				"east": {"uv": [1.375, 9.625, 1.75, 10.375], "texture": "#2"},
				"south": {"uv": [7.625, 8.75, 8.375, 9.5], "texture": "#2"},
				"west": {"uv": [1.75, 9.625, 2.125, 10.375], "texture": "#2"},
				"up": {"uv": [3.75, 10, 3, 9.625], "texture": "#2"},
				"down": {"uv": [10.375, 3.5, 9.625, 3.875], "texture": "#2"}
			}
		},
		{
			"from": [22.5, 0, 18],
			"to": [28.5, 6, 21],
			"rotation": {"angle": 0, "axis": "y", "origin": [24.5, 0, 19]},
			"faces": {
				"north": {"uv": [0, 8.625, 0.75, 9.375], "texture": "#2"},
				"east": {"uv": [7.625, 9.5, 8, 10.25], "texture": "#2"},
				"south": {"uv": [0.75, 8.625, 1.5, 9.375], "texture": "#2"},
				"west": {"uv": [8, 9.5, 8.375, 10.25], "texture": "#2"},
				"up": {"uv": [10.25, 8.5, 9.5, 8.125], "texture": "#2"},
				"down": {"uv": [10.375, 0.75, 9.625, 1.125], "texture": "#2"}
			}
		}
	],
	"display": {
		"thirdperson_righthand": {
			"rotation": [32, 90, -2],
			"translation": [0, 16.75, 5.5],
			"scale": [2.8, 2.8, 2.8]
		},
		"thirdperson_lefthand": {
			"rotation": [-25.75, -85.5, -78.5],
			"translation": [0, 16.75, 5.5],
			"scale": [2.8, 2.8, 2.8]
		},
		"firstperson_righthand": {
			"rotation": [0, -135, 0],
			"translation": [0, 3.5, 0],
			"scale": [0.2, 0.2, 0.2]
		},
		"firstperson_lefthand": {
			"rotation": [0, 45, 0],
			"translation": [0, 3.5, 0],
			"scale": [0.2, 0.2, 0.2]
		},
		"ground": {
			"translation": [0, 5, 0],
			"scale": [2.35, 2.35, 2.35]
		},
		"gui": {
			"rotation": [30, 225, 0],
			"translation": [0.25, 0, 0],
			"scale": [0.3, 0.3, 0.3]
		},
		"head": {
			"rotation": [0, 90, 0],
			"translation": [0, -17.75, 0],
			"scale": [3, 3, 3]
		},
		"fixed": {
			"scale": [4, 4, 4]
		}
	}
}