{
	"credit": "Made with Blockbench",
	"textures": {
		"0": "nodenium:item/rat",
		"1": "nodenium:item/crown_jewel",
		"particle": "nodenium:item/rat"
	},
	"elements": [
		{
			"from": [14.25, 0.25, 5.5],
			"to": [17.25, 7.25, 10.5],
			"rotation": {"angle": 22.5, "axis": "z", "origin": [14.5, 1.25, 7.5]},
			"faces": {
				"north": {"uv": [3.5, 0, 7, 1.5], "rotation": 270, "texture": "#0"},
				"east": {"uv": [3.5, 3, 0, 0], "rotation": 90, "texture": "#0"},
				"south": {"uv": [3.5, 1.5, 7, 3], "rotation": 90, "texture": "#0"},
				"west": {"uv": [3.5, 3, 0, 6], "rotation": 90, "texture": "#0"},
				"up": {"uv": [3.5, 4.5, 6.5, 6], "rotation": 90, "texture": "#0"},
				"down": {"uv": [3.5, 3, 6.5, 4.5], "rotation": 90, "texture": "#0"}
			}
		},
		{
			"from": [10.5, 5, 5],
			"to": [12.5, 6, 6],
			"rotation": {"angle": -22.5, "axis": "y", "origin": [12.5, 6, 7]},
			"faces": {
				"north": {"uv": [8, 0.5, 9, 1], "texture": "#0"},
				"east": {"uv": [3.5, 8, 4, 8.5], "texture": "#0"},
				"south": {"uv": [8, 1, 9, 1.5], "texture": "#0"},
				"west": {"uv": [8, 6, 8.5, 6.5], "texture": "#0"},
				"up": {"uv": [2.5, 8.5, 1.5, 8], "texture": "#0"},
				"down": {"uv": [9, 1.5, 8, 2], "texture": "#0"}
			}
		},
		{
			"from": [11.5, 0, 5],
			"to": [14.5, 1, 6],
			"rotation": {"angle": -22.5, "axis": "y", "origin": [14.5, 1, 7]},
			"faces": {
				"north": {"uv": [6, 7, 7.5, 7.5], "texture": "#0"},
				"east": {"uv": [8, 6.5, 8.5, 7], "texture": "#0"},
				"south": {"uv": [7.5, 5, 9, 5.5], "texture": "#0"},
				"west": {"uv": [7, 8, 7.5, 8.5], "texture": "#0"},
				"up": {"uv": [9, 6, 7.5, 5.5], "texture": "#0"},
				"down": {"uv": [7.5, 7.5, 6, 8], "texture": "#0"}
			}
		},
		{
			"from": [11.5, 0, 10],
			"to": [14.5, 1, 11],
			"rotation": {"angle": 22.5, "axis": "y", "origin": [14.5, 1, 9]},
			"faces": {
				"north": {"uv": [7.5, 7, 9, 7.5], "texture": "#0"},
				"east": {"uv": [0, 8.5, 0.5, 9], "texture": "#0"},
				"south": {"uv": [7.5, 7.5, 9, 8], "texture": "#0"},
				"west": {"uv": [0.5, 8.5, 1, 9], "texture": "#0"},
				"up": {"uv": [1.5, 8.5, 0, 8], "texture": "#0"},
				"down": {"uv": [9.5, 0, 8, 0.5], "texture": "#0"}
			}
		},
		{
			"from": [10.5, 5, 10],
			"to": [12.5, 6, 11],
			"rotation": {"angle": 22.5, "axis": "y", "origin": [12.5, 6, 9]},
			"faces": {
				"north": {"uv": [8, 2, 9, 2.5], "texture": "#0"},
				"east": {"uv": [1, 8.5, 1.5, 9], "texture": "#0"},
				"south": {"uv": [2.5, 8, 3.5, 8.5], "texture": "#0"},
				"west": {"uv": [1.5, 8.5, 2, 9], "texture": "#0"},
				"up": {"uv": [9, 3, 8, 2.5], "texture": "#0"},
				"down": {"uv": [7, 8, 6, 8.5], "texture": "#0"}
			}
		},
		{
			"from": [9.25, 6.75, 6],
			"to": [13.25, 8.75, 10],
			"rotation": {"angle": -22.5, "axis": "z", "origin": [11.75, 8.25, 8]},
			"faces": {
				"north": {"uv": [4, 6, 6, 7], "texture": "#0"},
				"east": {"uv": [6, 6, 8, 7], "texture": "#0"},
				"south": {"uv": [6.5, 3, 8.5, 4], "texture": "#0"},
				"west": {"uv": [6.5, 4, 8.5, 5], "texture": "#0"},
				"up": {"uv": [2, 8, 0, 6], "texture": "#0"},
				"down": {"uv": [4, 6, 2, 8], "texture": "#0"}
			}
		},
		{
			"from": [12.25, 7.75, 5],
			"to": [12.25, 9.75, 7],
			"rotation": {"angle": -22.5, "axis": "z", "origin": [11.75, 8.25, 8]},
			"faces": {
				"north": {"uv": [0, 0, 0, 1], "texture": "#0"},
				"east": {"uv": [6.5, 5, 7.5, 6], "texture": "#0"},
				"south": {"uv": [0, 0, 0, 1], "texture": "#0"},
				"west": {"uv": [7, 0, 8, 1], "texture": "#0"},
				"up": {"uv": [0, 1, 0, 0], "texture": "#0"},
				"down": {"uv": [0, 0, 0, 1], "texture": "#0"}
			}
		},
		{
			"from": [12.25, 7.75, 9],
			"to": [12.25, 9.75, 11],
			"rotation": {"angle": -22.5, "axis": "z", "origin": [11.75, 8.25, 8]},
			"faces": {
				"north": {"uv": [0, 0, 0, 1], "texture": "#0"},
				"east": {"uv": [6.5, 5, 7.5, 6], "texture": "#0"},
				"south": {"uv": [0, 0, 0, 1], "texture": "#0"},
				"west": {"uv": [7, 0, 8, 1], "texture": "#0"},
				"up": {"uv": [0, 1, 0, 0], "texture": "#0"},
				"down": {"uv": [0, 0, 0, 1], "texture": "#0"}
			}
		},
		{
			"from": [5.5, 0.25, 14.25],
			"to": [10.5, 7.25, 17.25],
			"rotation": {"angle": -22.5, "axis": "x", "origin": [8.5, 1.25, 14.5]},
			"faces": {
				"north": {"uv": [3.5, 3, 0, 6], "rotation": 90, "texture": "#0"},
				"east": {"uv": [3.5, 0, 7, 1.5], "rotation": 270, "texture": "#0"},
				"south": {"uv": [3.5, 3, 0, 0], "rotation": 90, "texture": "#0"},
				"west": {"uv": [3.5, 1.5, 7, 3], "rotation": 90, "texture": "#0"},
				"up": {"uv": [3.5, 4.5, 6.5, 6], "rotation": 180, "texture": "#0"},
				"down": {"uv": [3.5, 3, 6.5, 4.5], "texture": "#0"}
			}
		},
		{
			"from": [10, 5, 10.5],
			"to": [11, 6, 12.5],
			"rotation": {"angle": -22.5, "axis": "y", "origin": [9, 6, 12.5]},
			"faces": {
				"north": {"uv": [8, 6, 8.5, 6.5], "texture": "#0"},
				"east": {"uv": [8, 0.5, 9, 1], "texture": "#0"},
				"south": {"uv": [3.5, 8, 4, 8.5], "texture": "#0"},
				"west": {"uv": [8, 1, 9, 1.5], "texture": "#0"},
				"up": {"uv": [2.5, 8.5, 1.5, 8], "rotation": 90, "texture": "#0"},
				"down": {"uv": [9, 1.5, 8, 2], "rotation": 270, "texture": "#0"}
			}
		},
		{
			"from": [10, 0, 11.5],
			"to": [11, 1, 14.5],
			"rotation": {"angle": -22.5, "axis": "y", "origin": [9, 1, 14.5]},
			"faces": {
				"north": {"uv": [7, 8, 7.5, 8.5], "texture": "#0"},
				"east": {"uv": [6, 7, 7.5, 7.5], "texture": "#0"},
				"south": {"uv": [8, 6.5, 8.5, 7], "texture": "#0"},
				"west": {"uv": [7.5, 5, 9, 5.5], "texture": "#0"},
				"up": {"uv": [9, 6, 7.5, 5.5], "rotation": 90, "texture": "#0"},
				"down": {"uv": [7.5, 7.5, 6, 8], "rotation": 270, "texture": "#0"}
			}
		},
		{
			"from": [5, 0, 11.5],
			"to": [6, 1, 14.5],
			"rotation": {"angle": 22.5, "axis": "y", "origin": [7, 1, 14.5]},
			"faces": {
				"north": {"uv": [0.5, 8.5, 1, 9], "texture": "#0"},
				"east": {"uv": [7.5, 7, 9, 7.5], "texture": "#0"},
				"south": {"uv": [0, 8.5, 0.5, 9], "texture": "#0"},
				"west": {"uv": [7.5, 7.5, 9, 8], "texture": "#0"},
				"up": {"uv": [1.5, 8.5, 0, 8], "rotation": 90, "texture": "#0"},
				"down": {"uv": [9.5, 0, 8, 0.5], "rotation": 270, "texture": "#0"}
			}
		},
		{
			"from": [5, 5, 10.5],
			"to": [6, 6, 12.5],
			"rotation": {"angle": 22.5, "axis": "y", "origin": [7, 6, 12.5]},
			"faces": {
				"north": {"uv": [1.5, 8.5, 2, 9], "texture": "#0"},
				"east": {"uv": [8, 2, 9, 2.5], "texture": "#0"},
				"south": {"uv": [1, 8.5, 1.5, 9], "texture": "#0"},
				"west": {"uv": [2.5, 8, 3.5, 8.5], "texture": "#0"},
				"up": {"uv": [9, 3, 8, 2.5], "rotation": 90, "texture": "#0"},
				"down": {"uv": [7, 8, 6, 8.5], "rotation": 270, "texture": "#0"}
			}
		},
		{
			"from": [6, 6.75, 9.25],
			"to": [10, 8.75, 13.25],
			"rotation": {"angle": 22.5, "axis": "x", "origin": [8, 8.25, 11.75]},
			"faces": {
				"north": {"uv": [6.5, 4, 8.5, 5], "texture": "#0"},
				"east": {"uv": [4, 6, 6, 7], "texture": "#0"},
				"south": {"uv": [6, 6, 8, 7], "texture": "#0"},
				"west": {"uv": [6.5, 3, 8.5, 4], "texture": "#0"},
				"up": {"uv": [2, 8, 0, 6], "rotation": 90, "texture": "#0"},
				"down": {"uv": [4, 6, 2, 8], "rotation": 270, "texture": "#0"}
			}
		},
		{
			"from": [9, 7.75, 12.25],
			"to": [11, 9.75, 12.25],
			"rotation": {"angle": 22.5, "axis": "x", "origin": [8, 8.25, 11.75]},
			"faces": {
				"north": {"uv": [7, 0, 8, 1], "texture": "#0"},
				"east": {"uv": [0, 0, 0, 1], "texture": "#0"},
				"south": {"uv": [6.5, 5, 7.5, 6], "texture": "#0"},
				"west": {"uv": [0, 0, 0, 1], "texture": "#0"},
				"up": {"uv": [0, 1, 0, 0], "rotation": 90, "texture": "#0"},
				"down": {"uv": [0, 0, 0, 1], "rotation": 270, "texture": "#0"}
			}
		},
		{
			"from": [5, 7.75, 12.25],
			"to": [7, 9.75, 12.25],
			"rotation": {"angle": 22.5, "axis": "x", "origin": [8, 8.25, 11.75]},
			"faces": {
				"north": {"uv": [7, 0, 8, 1], "texture": "#0"},
				"east": {"uv": [0, 0, 0, 1], "texture": "#0"},
				"south": {"uv": [6.5, 5, 7.5, 6], "texture": "#0"},
				"west": {"uv": [0, 0, 0, 1], "texture": "#0"},
				"up": {"uv": [0, 1, 0, 0], "rotation": 90, "texture": "#0"},
				"down": {"uv": [0, 0, 0, 1], "rotation": 270, "texture": "#0"}
			}
		},
		{
			"from": [7.5, -5.20711, 15.5],
			"to": [8.5, 1.79289, 16.5],
			"rotation": {"angle": 0, "axis": "y", "origin": [9.5, -1.20711, 15.5]},
			"faces": {
				"north": {"uv": [5.5, 7, 6, 10.5], "texture": "#0"},
				"east": {"uv": [4, 7, 4.5, 10.5], "texture": "#0"},
				"south": {"uv": [4.5, 7, 5, 10.5], "texture": "#0"},
				"west": {"uv": [5, 7, 5.5, 10.5], "texture": "#0"},
				"up": {"uv": [8, 8.5, 7.5, 8], "rotation": 90, "texture": "#0"},
				"down": {"uv": [8.5, 8, 8, 8.5], "rotation": 270, "texture": "#0"}
			}
		},
		{
			"from": [-1.25, 0.25, 5.5],
			"to": [1.75, 7.25, 10.5],
			"rotation": {"angle": -22.5, "axis": "z", "origin": [1.5, 1.25, 7.5]},
			"faces": {
				"north": {"uv": [3.5, 1.5, 7, 0], "rotation": 270, "texture": "#0"},
				"east": {"uv": [3.5, 6, 0, 3], "rotation": 90, "texture": "#0"},
				"south": {"uv": [3.5, 3, 7, 1.5], "rotation": 90, "texture": "#0"},
				"west": {"uv": [3.5, 0, 0, 3], "rotation": 90, "texture": "#0"},
				"up": {"uv": [3.5, 6, 6.5, 4.5], "rotation": 90, "texture": "#0"},
				"down": {"uv": [3.5, 4.5, 6.5, 3], "rotation": 90, "texture": "#0"}
			}
		},
		{
			"from": [3.5, 5, 5],
			"to": [5.5, 6, 6],
			"rotation": {"angle": 22.5, "axis": "y", "origin": [3.5, 6, 7]},
			"faces": {
				"north": {"uv": [9, 0.5, 8, 1], "texture": "#0"},
				"east": {"uv": [8.5, 6, 8, 6.5], "texture": "#0"},
				"south": {"uv": [9, 1, 8, 1.5], "texture": "#0"},
				"west": {"uv": [4, 8, 3.5, 8.5], "texture": "#0"},
				"up": {"uv": [1.5, 8.5, 2.5, 8], "texture": "#0"},
				"down": {"uv": [8, 1.5, 9, 2], "texture": "#0"}
			}
		},
		{
			"from": [1.5, 0, 5],
			"to": [4.5, 1, 6],
			"rotation": {"angle": 22.5, "axis": "y", "origin": [1.5, 1, 7]},
			"faces": {
				"north": {"uv": [7.5, 7, 6, 7.5], "texture": "#0"},
				"east": {"uv": [7.5, 8, 7, 8.5], "texture": "#0"},
				"south": {"uv": [9, 5, 7.5, 5.5], "texture": "#0"},
				"west": {"uv": [8.5, 6.5, 8, 7], "texture": "#0"},
				"up": {"uv": [7.5, 6, 9, 5.5], "texture": "#0"},
				"down": {"uv": [6, 7.5, 7.5, 8], "texture": "#0"}
			}
		},
		{
			"from": [1.5, 0, 10],
			"to": [4.5, 1, 11],
			"rotation": {"angle": -22.5, "axis": "y", "origin": [1.5, 1, 9]},
			"faces": {
				"north": {"uv": [9, 7, 7.5, 7.5], "texture": "#0"},
				"east": {"uv": [1, 8.5, 0.5, 9], "texture": "#0"},
				"south": {"uv": [9, 7.5, 7.5, 8], "texture": "#0"},
				"west": {"uv": [0.5, 8.5, 0, 9], "texture": "#0"},
				"up": {"uv": [0, 8.5, 1.5, 8], "texture": "#0"},
				"down": {"uv": [8, 0, 9.5, 0.5], "texture": "#0"}
			}
		},
		{
			"from": [3.5, 5, 10],
			"to": [5.5, 6, 11],
			"rotation": {"angle": -22.5, "axis": "y", "origin": [3.5, 6, 9]},
			"faces": {
				"north": {"uv": [9, 2, 8, 2.5], "texture": "#0"},
				"east": {"uv": [2, 8.5, 1.5, 9], "texture": "#0"},
				"south": {"uv": [3.5, 8, 2.5, 8.5], "texture": "#0"},
				"west": {"uv": [1.5, 8.5, 1, 9], "texture": "#0"},
				"up": {"uv": [8, 3, 9, 2.5], "texture": "#0"},
				"down": {"uv": [6, 8, 7, 8.5], "texture": "#0"}
			}
		},
		{
			"from": [2.75, 6.75, 6],
			"to": [6.75, 8.75, 10],
			"rotation": {"angle": 22.5, "axis": "z", "origin": [4.25, 8.25, 8]},
			"faces": {
				"north": {"uv": [6, 6, 4, 7], "texture": "#0"},
				"east": {"uv": [8.5, 4, 6.5, 5], "texture": "#0"},
				"south": {"uv": [8.5, 3, 6.5, 4], "texture": "#0"},
				"west": {"uv": [8, 6, 6, 7], "texture": "#0"},
				"up": {"uv": [0, 8, 2, 6], "texture": "#0"},
				"down": {"uv": [2, 6, 4, 8], "texture": "#0"}
			}
		},
		{
			"from": [3.75, 7.75, 5],
			"to": [3.75, 9.75, 7],
			"rotation": {"angle": 22.5, "axis": "z", "origin": [4.25, 8.25, 8]},
			"faces": {
				"north": {"uv": [0, 0, 0, 1], "texture": "#0"},
				"east": {"uv": [8, 0, 7, 1], "texture": "#0"},
				"south": {"uv": [0, 0, 0, 1], "texture": "#0"},
				"west": {"uv": [7.5, 5, 6.5, 6], "texture": "#0"},
				"up": {"uv": [0, 1, 0, 0], "texture": "#0"},
				"down": {"uv": [0, 0, 0, 1], "texture": "#0"}
			}
		},
		{
			"from": [3.75, 7.75, 9],
			"to": [3.75, 9.75, 11],
			"rotation": {"angle": 22.5, "axis": "z", "origin": [4.25, 8.25, 8]},
			"faces": {
				"north": {"uv": [0, 0, 0, 1], "texture": "#0"},
				"east": {"uv": [8, 0, 7, 1], "texture": "#0"},
				"south": {"uv": [0, 0, 0, 1], "texture": "#0"},
				"west": {"uv": [7.5, 5, 6.5, 6], "texture": "#0"},
				"up": {"uv": [0, 1, 0, 0], "texture": "#0"},
				"down": {"uv": [0, 0, 0, 1], "texture": "#0"}
			}
		},
		{
			"from": [-0.5, -5.20711, 7.5],
			"to": [0.5, 1.79289, 8.5],
			"rotation": {"angle": 0, "axis": "y", "origin": [0.5, -1.20711, 6.5]},
			"faces": {
				"north": {"uv": [4.5, 7, 4, 10.5], "texture": "#0"},
				"east": {"uv": [6, 7, 5.5, 10.5], "texture": "#0"},
				"south": {"uv": [5.5, 7, 5, 10.5], "texture": "#0"},
				"west": {"uv": [5, 7, 4.5, 10.5], "texture": "#0"},
				"up": {"uv": [7.5, 8.5, 8, 8], "texture": "#0"},
				"down": {"uv": [8, 8, 8.5, 8.5], "texture": "#0"}
			}
		},
		{
			"from": [5.5, 0.25, -1.25],
			"to": [10.5, 7.25, 1.75],
			"rotation": {"angle": 22.5, "axis": "x", "origin": [8.5, 1.25, 1.5]},
			"faces": {
				"north": {"uv": [3.5, 0, 0, 3], "rotation": 90, "texture": "#0"},
				"east": {"uv": [3.5, 1.5, 7, 0], "rotation": 270, "texture": "#0"},
				"south": {"uv": [3.5, 6, 0, 3], "rotation": 90, "texture": "#0"},
				"west": {"uv": [3.5, 3, 7, 1.5], "rotation": 90, "texture": "#0"},
				"up": {"uv": [3.5, 6, 6.5, 4.5], "rotation": 180, "texture": "#0"},
				"down": {"uv": [3.5, 4.5, 6.5, 3], "texture": "#0"}
			}
		},
		{
			"from": [10, 5, 3.5],
			"to": [11, 6, 5.5],
			"rotation": {"angle": 22.5, "axis": "y", "origin": [9, 6, 3.5]},
			"faces": {
				"north": {"uv": [4, 8, 3.5, 8.5], "texture": "#0"},
				"east": {"uv": [9, 0.5, 8, 1], "texture": "#0"},
				"south": {"uv": [8.5, 6, 8, 6.5], "texture": "#0"},
				"west": {"uv": [9, 1, 8, 1.5], "texture": "#0"},
				"up": {"uv": [1.5, 8.5, 2.5, 8], "rotation": 90, "texture": "#0"},
				"down": {"uv": [8, 1.5, 9, 2], "rotation": 270, "texture": "#0"}
			}
		},
		{
			"from": [10, 0, 1.5],
			"to": [11, 1, 4.5],
			"rotation": {"angle": 22.5, "axis": "y", "origin": [9, 1, 1.5]},
			"faces": {
				"north": {"uv": [8.5, 6.5, 8, 7], "texture": "#0"},
				"east": {"uv": [7.5, 7, 6, 7.5], "texture": "#0"},
				"south": {"uv": [7.5, 8, 7, 8.5], "texture": "#0"},
				"west": {"uv": [9, 5, 7.5, 5.5], "texture": "#0"},
				"up": {"uv": [7.5, 6, 9, 5.5], "rotation": 90, "texture": "#0"},
				"down": {"uv": [6, 7.5, 7.5, 8], "rotation": 270, "texture": "#0"}
			}
		},
		{
			"from": [15.5, -1.20711, 7.5],
			"to": [16.5, 1.79289, 8.5],
			"rotation": {"angle": 0, "axis": "x", "origin": [14.5, 1.79289, 8.5]},
			"faces": {
				"north": {"uv": [6, 7.5, 7.5, 8], "rotation": 90, "texture": "#0"},
				"east": {"uv": [7.5, 7, 6, 7.5], "rotation": 270, "texture": "#0"},
				"south": {"uv": [7.5, 6, 9, 5.5], "rotation": 90, "texture": "#0"},
				"west": {"uv": [9, 5, 7.5, 5.5], "rotation": 90, "texture": "#0"},
				"up": {"uv": [8.5, 6.5, 8, 7], "rotation": 180, "texture": "#0"},
				"down": {"uv": [7.5, 8, 7, 8.5], "texture": "#0"}
			}
		},
		{
			"from": [7.5, -1.20711, -0.5],
			"to": [8.5, 1.79289, 0.5],
			"rotation": {"angle": 0, "axis": "x", "origin": [6.5, 1.79289, 0.5]},
			"faces": {
				"north": {"uv": [6, 7.5, 7.5, 8], "rotation": 90, "texture": "#0"},
				"east": {"uv": [7.5, 7, 6, 7.5], "rotation": 270, "texture": "#0"},
				"south": {"uv": [7.5, 6, 9, 5.5], "rotation": 90, "texture": "#0"},
				"west": {"uv": [9, 5, 7.5, 5.5], "rotation": 90, "texture": "#0"},
				"up": {"uv": [8.5, 6.5, 8, 7], "rotation": 180, "texture": "#0"},
				"down": {"uv": [7.5, 8, 7, 8.5], "texture": "#0"}
			}
		},
		{
			"from": [5, 0, 1.5],
			"to": [6, 1, 4.5],
			"rotation": {"angle": -22.5, "axis": "y", "origin": [7, 1, 1.5]},
			"faces": {
				"north": {"uv": [0.5, 8.5, 0, 9], "texture": "#0"},
				"east": {"uv": [9, 7, 7.5, 7.5], "texture": "#0"},
				"south": {"uv": [1, 8.5, 0.5, 9], "texture": "#0"},
				"west": {"uv": [9, 7.5, 7.5, 8], "texture": "#0"},
				"up": {"uv": [0, 8.5, 1.5, 8], "rotation": 90, "texture": "#0"},
				"down": {"uv": [8, 0, 9.5, 0.5], "rotation": 270, "texture": "#0"}
			}
		},
		{
			"from": [5, 5, 3.5],
			"to": [6, 6, 5.5],
			"rotation": {"angle": -22.5, "axis": "y", "origin": [7, 6, 3.5]},
			"faces": {
				"north": {"uv": [1.5, 8.5, 1, 9], "texture": "#0"},
				"east": {"uv": [9, 2, 8, 2.5], "texture": "#0"},
				"south": {"uv": [2, 8.5, 1.5, 9], "texture": "#0"},
				"west": {"uv": [3.5, 8, 2.5, 8.5], "texture": "#0"},
				"up": {"uv": [8, 3, 9, 2.5], "rotation": 90, "texture": "#0"},
				"down": {"uv": [6, 8, 7, 8.5], "rotation": 270, "texture": "#0"}
			}
		},
		{
			"from": [6, 6.75, 2.75],
			"to": [10, 8.75, 6.75],
			"rotation": {"angle": -22.5, "axis": "x", "origin": [8, 8.25, 4.25]},
			"faces": {
				"north": {"uv": [8, 6, 6, 7], "texture": "#0"},
				"east": {"uv": [6, 6, 4, 7], "texture": "#0"},
				"south": {"uv": [8.5, 4, 6.5, 5], "texture": "#0"},
				"west": {"uv": [8.5, 3, 6.5, 4], "texture": "#0"},
				"up": {"uv": [0, 8, 2, 6], "rotation": 90, "texture": "#0"},
				"down": {"uv": [2, 6, 4, 8], "rotation": 270, "texture": "#0"}
			}
		},
		{
			"from": [9, 7.75, 3.75],
			"to": [11, 9.75, 3.75],
			"rotation": {"angle": -22.5, "axis": "x", "origin": [8, 8.25, 4.25]},
			"faces": {
				"north": {"uv": [7.5, 5, 6.5, 6], "texture": "#0"},
				"east": {"uv": [0, 0, 0, 1], "texture": "#0"},
				"south": {"uv": [8, 0, 7, 1], "texture": "#0"},
				"west": {"uv": [0, 0, 0, 1], "texture": "#0"},
				"up": {"uv": [0, 1, 0, 0], "rotation": 90, "texture": "#0"},
				"down": {"uv": [0, 0, 0, 1], "rotation": 270, "texture": "#0"}
			}
		},
		{
			"from": [5, 7.75, 3.75],
			"to": [7, 9.75, 3.75],
			"rotation": {"angle": -22.5, "axis": "x", "origin": [8, 8.25, 4.25]},
			"faces": {
				"north": {"uv": [7.5, 5, 6.5, 6], "texture": "#0"},
				"east": {"uv": [0, 0, 0, 1], "texture": "#0"},
				"south": {"uv": [8, 0, 7, 1], "texture": "#0"},
				"west": {"uv": [0, 0, 0, 1], "texture": "#0"},
				"up": {"uv": [0, 1, 0, 0], "rotation": 90, "texture": "#0"},
				"down": {"uv": [0, 0, 0, 1], "rotation": 270, "texture": "#0"}
			}
		},
		{
			"from": [7.5, -2.20711, -0.5],
			"to": [13.5, -1.20711, 0.5],
			"rotation": {"angle": -22.5, "axis": "y", "origin": [9.5, -0.20711, 0.5]},
			"faces": {
				"north": {"uv": [5, 7, 4.5, 10.5], "rotation": 90, "texture": "#0"},
				"east": {"uv": [8, 8, 8.5, 8.5], "rotation": 180, "texture": "#0"},
				"south": {"uv": [6, 7, 5.5, 10.5], "rotation": 270, "texture": "#0"},
				"west": {"uv": [7.5, 8.5, 8, 8], "texture": "#0"},
				"up": {"uv": [4.5, 7, 4, 10.5], "rotation": 270, "texture": "#0"},
				"down": {"uv": [5.5, 7, 5, 10.5], "rotation": 270, "texture": "#0"}
			}
		},
		{
			"from": [15, -2.20711, 2.5],
			"to": [16, -1.20711, 8.5],
			"rotation": {"angle": 22.5, "axis": "y", "origin": [15, -0.20711, 5.5]},
			"faces": {
				"north": {"uv": [7.5, 8.5, 8, 8], "texture": "#0"},
				"east": {"uv": [5, 7, 4.5, 10.5], "rotation": 90, "texture": "#0"},
				"south": {"uv": [8, 8, 8.5, 8.5], "rotation": 180, "texture": "#0"},
				"west": {"uv": [6, 7, 5.5, 10.5], "rotation": 270, "texture": "#0"},
				"up": {"uv": [4.5, 7, 4, 10.5], "texture": "#0"},
				"down": {"uv": [5.5, 7, 5, 10.5], "rotation": 180, "texture": "#0"}
			}
		},
		{
			"from": [13, -2.25, 1],
			"to": [15, -0.25, 3],
			"rotation": {"angle": 0, "axis": "y", "origin": [13, -2.25, 1]},
			"faces": {
				"north": {"uv": [0, 0, 2, 2], "texture": "#1"},
				"east": {"uv": [0, 2, 2, 4], "texture": "#1"},
				"south": {"uv": [2, 0, 4, 2], "texture": "#1"},
				"west": {"uv": [2, 2, 4, 4], "texture": "#1"},
				"up": {"uv": [2, 6, 0, 4], "texture": "#1"},
				"down": {"uv": [6, 0, 4, 2], "texture": "#1"}
			}
		}
	],
	"display": {
		"thirdperson_righthand": {
			"rotation": [1.5, 90, 0],
			"translation": [0, 2, 2.25],
			"scale": [0.7, 0.7, 0.7]
		},
		"thirdperson_lefthand": {
			"rotation": [90, 90, 0],
			"translation": [0.25, -0.5, 17.25],
			"scale": [0.65, 0.65, 0.65]
		},
		"firstperson_righthand": {
			"rotation": [0, 40, 0],
			"translation": [-1, 2, 0],
			"scale": [0.5, 0.5, 0.5]
		},
		"firstperson_lefthand": {
			"rotation": [0, -150, 0],
			"translation": [2.25, -3.25, 0],
			"scale": [0, 0, 0]
		},
		"ground": {
			"translation": [0, 6, 0],
			"scale": [0.67, 0.67, 0.67]
		},
		"gui": {
			"rotation": [30, 45, 0],
			"translation": [-2.25, 4.25, 0],
			"scale": [1.1, 1.1, 1.1]
		},
		"head": {
			"rotation": [0, 45, 0],
			"translation": [0, 15, 0],
			"scale": [1.09, 1.09, 1.09]
		},
		"fixed": {
			"translation": [-3, 0, 0]
		}
	},
	"groups": [
		{
			"name": "group",
			"origin": [8.5, 8, 8],
			"color": 0,
			"children": [
				{
					"name": "group",
					"origin": [2.5, 0, 15],
					"color": 0,
					"children": [0, 1, 2, 3, 4]
				},
				{
					"name": "group",
					"origin": [2.5, 0, 15],
					"color": 0,
					"children": [5, 6, 7]
				}
			]
		},
		{
			"name": "group",
			"origin": [3.5, 8, 14],
			"color": 0,
			"children": [
				{
					"name": "group",
					"origin": [2.5, 0, 15],
					"color": 0,
					"children": [8, 9, 10, 11, 12]
				},
				{
					"name": "group",
					"origin": [2.5, 0, 15],
					"color": 0,
					"children": [13, 14, 15, 16]
				}
			]
		},
		{
			"name": "group",
			"origin": [8.5, 8, 8],
			"color": 0,
			"children": [
				{
					"name": "group",
					"origin": [2.5, 0, 15],
					"color": 0,
					"children": [17, 18, 19, 20, 21]
				},
				{
					"name": "group",
					"origin": [2.5, 0, 15],
					"color": 0,
					"children": [22, 23, 24, 25]
				}
			]
		},
		{
			"name": "group",
			"origin": [3.5, 8, 14],
			"color": 0,
			"children": [
				{
					"name": "group",
					"origin": [2.5, 0, 15],
					"color": 0,
					"children": [26, 27, 28, 29, 30, 31, 32]
				},
				{
					"name": "group",
					"origin": [2.5, 0, 15],
					"color": 0,
					"children": [33, 34, 35, 36, 37]
				}
			]
		},
		38
	]
}