{
	"format_version": "1.9.0",
	"credit": "Made with Blockbench",
	"texture_size": [64, 64],
	"textures": {
		"0": "nodenium:item/sailor_hat",
		"particle": "nodenium:item/sailor_hat"
	},
	"elements": [
		{
			"from": [4.9, 0.7, 3.6],
			"to": [5.6, 1.4, 4.3],
			"rotation": {"angle": 0, "axis": "y", "origin": [-5.1, 0.9, -1.2]},
			"faces": {
				"north": {"uv": [1.75, 6, 2, 6.25], "texture": "#0"},
				"east": {"uv": [1.75, 6.25, 2, 6.5], "texture": "#0"},
				"south": {"uv": [1, 6.5, 1.25, 6.75], "texture": "#0"},
				"west": {"uv": [1.25, 6.5, 1.5, 6.75], "texture": "#0"},
				"up": {"uv": [1.75, 6.75, 1.5, 6.5], "texture": "#0"},
				"down": {"uv": [2, 6.5, 1.75, 6.75], "texture": "#0"}
			}
		},
		{
			"from": [4.9, 0.7, 11.7],
			"to": [5.6, 1.4, 12.4],
			"rotation": {"angle": 0, "axis": "y", "origin": [-5.1, 0.9, 6.9]},
			"faces": {
				"north": {"uv": [5, 6.5, 5.25, 6.75], "texture": "#0"},
				"east": {"uv": [5.25, 6.5, 5.5, 6.75], "texture": "#0"},
				"south": {"uv": [5.5, 6.5, 5.75, 6.75], "texture": "#0"},
				"west": {"uv": [5.75, 6.5, 6, 6.75], "texture": "#0"},
				"up": {"uv": [6.25, 6.75, 6, 6.5], "texture": "#0"},
				"down": {"uv": [6.75, 6, 6.5, 6.25], "texture": "#0"}
			}
		},
		{
			"from": [3.6, -0.2, 3.8],
			"to": [12, 2.2, 12.2],
			"rotation": {"angle": 0, "axis": "y", "origin": [-0.2, 0, 0]},
			"faces": {
				"north": {"uv": [5.75, 3.5, 7.75, 4], "texture": "#0"},
				"east": {"uv": [5.75, 4, 7.75, 4.5], "texture": "#0"},
				"south": {"uv": [5.75, 4.5, 7.75, 5], "texture": "#0"},
				"west": {"uv": [5.75, 5, 7.75, 5.5], "texture": "#0"},
				"up": {"uv": [4.5, 5.5, 2.5, 3.5], "texture": "#0"},
				"down": {"uv": [2, 4, 0, 6], "texture": "#0"}
			}
		},
		{
			"from": [4.87694, 3.54964, 4],
			"to": [9.87694, 5.64964, 12],
			"rotation": {"angle": -22.5, "axis": "z", "origin": [0.87694, 4.54964, 0]},
			"faces": {
				"north": {"uv": [0, 6, 1.25, 6.5], "texture": "#0"},
				"east": {"uv": [5, 2, 7, 2.5], "texture": "#0"},
				"south": {"uv": [6.25, 0.25, 7.5, 0.75], "texture": "#0"},
				"west": {"uv": [5, 2.5, 7, 3], "texture": "#0"},
				"up": {"uv": [5.75, 5.5, 4.5, 3.5], "texture": "#0"},
				"down": {"uv": [6.25, 0, 5, 2], "texture": "#0"}
			}
		},
		{
			"from": [1.8, 0, 4],
			"to": [11.8, 0.5, 12],
			"rotation": {"angle": 0, "axis": "y", "origin": [-0.2, 0, 0]},
			"faces": {
				"north": {"uv": [6, 5.75, 8.5, 6], "texture": "#0"},
				"east": {"uv": [6.25, 0.75, 8.25, 1], "texture": "#0"},
				"south": {"uv": [6.25, 0, 8.75, 0.25], "texture": "#0"},
				"west": {"uv": [6.25, 1, 8.25, 1.25], "texture": "#0"},
				"up": {"uv": [2.5, 2, 0, 0], "texture": "#0"},
				"down": {"uv": [2.5, 2, 0, 4], "texture": "#0"}
			}
		},
		{
			"from": [0.8, 0.1, 4.4],
			"to": [10.8, 0.4, 11.6],
			"rotation": {"angle": 0, "axis": "y", "origin": [-1.2, 0, 0]},
			"faces": {
				"north": {"uv": [4, 6, 6.5, 6.25], "texture": "#0"},
				"east": {"uv": [6.25, 1.75, 8, 2], "texture": "#0"},
				"south": {"uv": [6, 5.5, 8.5, 5.75], "texture": "#0"},
				"west": {"uv": [5, 6.25, 6.75, 6.5], "texture": "#0"},
				"up": {"uv": [5, 1.75, 2.5, 0], "texture": "#0"},
				"down": {"uv": [5, 1.75, 2.5, 3.5], "texture": "#0"}
			}
		},
		{
			"from": [3.3, 0.8, 3.7],
			"to": [5.8, 1.3, 12.3],
			"rotation": {"angle": 0, "axis": "y", "origin": [3.8, 0.3, 7]},
			"faces": {
				"north": {"uv": [2, 4, 2.5, 4.5], "texture": "#0"},
				"east": {"uv": [2, 4.5, 2.5, 5], "texture": "#0"},
				"south": {"uv": [2, 5, 2.5, 5.5], "texture": "#0"},
				"west": {"uv": [1.25, 6, 1.75, 6.5], "texture": "#0"},
				"up": {"uv": [0.5, 7, 0, 6.5], "texture": "#0"},
				"down": {"uv": [1, 6.5, 0.5, 7], "texture": "#0"}
			}
		}
	],
	"display": {
		"thirdperson_righthand": {
			"rotation": [115, -89, 44],
			"translation": [0, 2.5, 2.75],
			"scale": [0.66, 0.66, 0.66]
		},
		"thirdperson_lefthand": {
			"rotation": [26, 87, 44],
			"translation": [0, 2.5, 2.75],
			"scale": [0.66, 0.66, 0.66]
		},
		"firstperson_righthand": {
			"rotation": [0, 23, 0],
			"translation": [1.75, 4.75, -2.5],
			"scale": [0.61, 0.61, 0.61]
		},
		"firstperson_lefthand": {
			"rotation": [0, -163, 0],
			"translation": [1.75, 4.75, -2.5],
			"scale": [0.61, 0.61, 0.61]
		},
		"ground": {
			"translation": [0, 2, 0],
			"scale": [0.5, 0.5, 0.5]
		},
		"gui": {
			"rotation": [30, 135, 0],
			"translation": [0, 3, 0],
			"scale": [0.9, 0.9, 0.9]
		},
		"head": {
			"rotation": [0, -90, 0],
			"translation": [0, 17, 0],
			"scale": [1.72, 1.72, 1.72]
		},
		"fixed": {
			"rotation": [-44, -89, 27],
			"translation": [-0.5, 8, -17],
			"scale": [2.14, 2.14, 2.14]
		}
	}
}