{
	"credit": "Made with Blockbench",
	"textures": {
		"layer0": "nodenium:item/scroll",
		"layer1": "nodenium:item/scroll_ribbon"
	},
	"elements": [
		{
			"from": [3, 6.5, 6],
			"to": [13, 9.5, 9],
			"rotation": {"angle": 0, "axis": "x", "origin": [8, 8, 7.5]},
			"faces": {
				"north": {"uv": [0, 8.5, 5, 10], "texture": "#layer0"},
				"east": {"uv": [10, 4.5, 11.5, 6], "texture": "#layer0"},
				"south": {"uv": [5, 8.5, 10, 10], "texture": "#layer0"},
				"west": {"uv": [5, 10, 6.5, 11.5], "texture": "#layer0"},
				"up": {"uv": [5, 11.5, 0, 10], "texture": "#layer0"},
				"down": {"uv": [15, 0, 10, 1.5], "texture": "#layer0"}
			}
		},
		{
			"from": [7, 6.25, 5.75],
			"to": [9, 9.75, 9.25],
			"rotation": {"angle": 0, "axis": "y", "origin": [7, 10, 2.5]},
			"faces": {
				"north": {"uv": [4, 0, 6, 4], "texture": "#layer1", "tintindex": 0},
				"east": {"uv": [0, 0, 4, 4], "texture": "#layer1", "tintindex": 0},
				"south": {"uv": [4, 4, 6, 8], "texture": "#layer1", "tintindex": 0},
				"west": {"uv": [0, 4, 4, 8], "texture": "#layer1", "tintindex": 0},
				"up": {"uv": [8, 4, 6, 0], "texture": "#layer1", "tintindex": 0},
				"down": {"uv": [8, 4, 6, 8], "texture": "#layer1", "tintindex": 0}
			}
		},
		{
			"from": [6.5, 4.48153, 4.48294],
			"to": [9.5, 4.48153, 6.48294],
			"rotation": {"angle": -45, "axis": "x", "origin": [8, 4.48153, 3.98294]},
			"faces": {
				"north": {"uv": [0, 0, 3, 0], "texture": "#layer1", "tintindex": 0},
				"east": {"uv": [0, 0, 3, 0], "texture": "#layer1", "tintindex": 0},
				"south": {"uv": [0, 0, 3, 0], "texture": "#layer1", "tintindex": 0},
				"west": {"uv": [0, 0, 3, 0], "texture": "#layer1", "tintindex": 0},
				"up": {"uv": [3, 10, 0, 8], "texture": "#layer1", "tintindex": 0},
				"down": {"uv": [11, 0, 8, 2], "texture": "#layer1", "tintindex": 0}
			}
		}
	],
	"display": {
		"thirdperson_righthand": {
			"rotation": [-24.75, 0, -179],
			"translation": [0, 0.25, 0.25],
			"scale": [0.75, 0.75, 0.75]
		},
		"thirdperson_lefthand": {
			"rotation": [-24.75, 0, -179],
			"translation": [0, 0.25, 0.25],
			"scale": [0.75, 0.75, 0.75]
		},
		"firstperson_righthand": {
			"rotation": [0, 130, 0],
			"translation": [0, 2, 0],
			"scale": [0.7, 0.7, 0.7]
		},
		"firstperson_lefthand": {
			"rotation": [0, 130, 0],
			"translation": [0, 2, 0],
			"scale": [0.7, 0.7, 0.7]
		},
		"ground": {
			"translation": [0, 4, 0],
			"scale": [0.5, 0.5, 0.5]
		},
		"gui": {
			"rotation": [30, 135, 0],
			"translation": [0.5, 0, 0],
			"scale": [1.4, 1.4, 1.4]
		},
		"fixed": {
			"scale": [1.75, 1.75, 1.75]
		}
	}
}