{
	"credit": "Made with Blockbench",
	"texture_size": [64, 64],
	"textures": {
		"0": "nodenium:item/update_pack",
		"particle": "nodenium:item/update_pack"
	},
	"elements": [
		{
			"from": [-10, 7, 8],
			"to": [26, 9, 8],
			"rotation": {"angle": 0, "axis": "y", "origin": [13, -7, 17]},
			"faces": {
				"north": {"uv": [0, 0, 11.125, 0.5], "texture": "#0"},
				"east": {"uv": [0, 0, 12, 4], "texture": "#0"},
				"south": {"uv": [0, 0, 11.25, 0.625], "texture": "#0"},
				"west": {"uv": [0, 0, 12, 4], "texture": "#0"},
				"up": {"uv": [0, 0, 12, 4], "texture": "#0"},
				"down": {"uv": [0, 4, 12, 0], "texture": "#0"}
			}
		}
	],
	"display": {
		"thirdperson_righthand": {
			"rotation": [75, 45, 0],
			"translation": [0, 2.5, 0],
			"scale": [0.375, 0.375, 0.375]
		},
		"thirdperson_lefthand": {
			"rotation": [75, 45, 0],
			"translation": [0, 2.5, 0],
			"scale": [0.375, 0.375, 0.375]
		},
		"firstperson_righthand": {
			"translation": [-9, 3.75, 0],
			"scale": [0.3, 0.3, 0.3]
		},
		"firstperson_lefthand": {
			"translation": [-9, 5, 0],
			"scale": [0.3, 0.3, 0.3]
		},
		"ground": {
			"translation": [0, 3, 0],
			"scale": [0.25, 0.25, 0.25]
		},
		"gui": {
			"rotation": [0, 0, 45]
		},
		"head": {
			"translation": [0, 23, 0],
			"scale": [2, 2, 2]
		},
		"fixed": {
			"scale": [0.5, 0.5, 0.5]
		}
	}
}