{
	"credit": "Made with Blockbench",
	"texture_size": [64, 64],
	"textures": {
		"9": "nodenium:item/welding_mask"
	},
	"elements": [
		{
			"from": [3.5, 0, 3.75],
			"to": [12.5, 11, 6.75],
			"rotation": {"angle": 0, "axis": "y", "origin": [6.5, 0, 3.75]},
			"faces": {
				"north": {"uv": [0, 0, 2.25, 2.75], "texture": "#9"},
				"east": {"uv": [0, 2.75, 0.75, 5.5], "texture": "#9"},
				"south": {"uv": [2.25, 0, 4.5, 2.75], "texture": "#9"},
				"west": {"uv": [0.75, 2.75, 1.5, 5.5], "texture": "#9"},
				"up": {"uv": [3.75, 3.5, 1.5, 2.75], "texture": "#9"},
				"down": {"uv": [3.75, 3.5, 1.5, 4.25], "texture": "#9"}
			}
		},
		{
			"from": [4.5, 9, 0.75],
			"to": [11.5, 9, 3.75],
			"rotation": {"angle": 0, "axis": "y", "origin": [7.5, 9, 1.75]},
			"faces": {
				"north": {"uv": [0, 0, 1.75, 0], "texture": "#9"},
				"east": {"uv": [0, 0, 0.75, 0], "texture": "#9"},
				"south": {"uv": [0, 0, 1.75, 0], "texture": "#9"},
				"west": {"uv": [0, 0, 0.75, 0], "texture": "#9"},
				"up": {"uv": [5.5, 4.5, 3.75, 3.75], "texture": "#9"},
				"down": {"uv": [3.25, 4.25, 1.5, 5], "texture": "#9"}
			}
		},
		{
			"from": [11.5, 8, 0.75],
			"to": [11.5, 9, 3.75],
			"rotation": {"angle": 0, "axis": "y", "origin": [11.5, 8, 1.75]},
			"faces": {
				"north": {"uv": [0, 0, 0, 0.25], "texture": "#9"},
				"east": {"uv": [5.5, 4.75, 6.25, 5], "texture": "#9"},
				"south": {"uv": [0, 0, 0, 0.25], "texture": "#9"},
				"west": {"uv": [5, 5.5, 5.75, 5.75], "texture": "#9"},
				"up": {"uv": [0, 0.75, 0, 0], "texture": "#9"},
				"down": {"uv": [0, 0, 0, 0.75], "texture": "#9"}
			}
		},
		{
			"from": [12.5, 7, 6.75],
			"to": [12.5, 9, 13.75],
			"rotation": {"angle": 0, "axis": "y", "origin": [12.5, 7, 6.75]},
			"faces": {
				"north": {"uv": [0, 0, 0, 0.5], "texture": "#9"},
				"east": {"uv": [1.5, 5, 3.25, 5.5], "texture": "#9"},
				"south": {"uv": [0, 0, 0, 0.5], "texture": "#9"},
				"west": {"uv": [3.25, 5, 5, 5.5], "texture": "#9"},
				"up": {"uv": [0, 1.75, 0, 0], "texture": "#9"},
				"down": {"uv": [0, 0, 0, 1.75], "texture": "#9"}
			}
		},
		{
			"from": [3.5, 7, 6.75],
			"to": [3.5, 9, 13.75],
			"rotation": {"angle": 0, "axis": "y", "origin": [3.5, 7, 6.75]},
			"faces": {
				"north": {"uv": [0, 0, 0, 0.5], "texture": "#9"},
				"east": {"uv": [5, 5, 6.75, 5.5], "texture": "#9"},
				"south": {"uv": [0, 0, 0, 0.5], "texture": "#9"},
				"west": {"uv": [0, 5.5, 1.75, 6], "texture": "#9"},
				"up": {"uv": [0, 1.75, 0, 0], "texture": "#9"},
				"down": {"uv": [0, 0, 0, 1.75], "texture": "#9"}
			}
		},
		{
			"from": [3.5, 7, 13.75],
			"to": [12.5, 9, 13.75],
			"rotation": {"angle": 0, "axis": "y", "origin": [3.5, 7, 13.75]},
			"faces": {
				"north": {"uv": [4.5, 2, 6.75, 2.5], "texture": "#9"},
				"east": {"uv": [0, 0, 0, 0.5], "texture": "#9"},
				"south": {"uv": [3.25, 4.5, 5.5, 5], "texture": "#9"},
				"west": {"uv": [0, 0, 0, 0.5], "texture": "#9"},
				"up": {"uv": [2.25, 0, 0, 0], "texture": "#9"},
				"down": {"uv": [2.25, 0, 0, 0], "texture": "#9"}
			}
		},
		{
			"from": [4.5, 8, 0.75],
			"to": [4.5, 9, 3.75],
			"rotation": {"angle": 0, "axis": "y", "origin": [4.5, 8, 1.75]},
			"faces": {
				"north": {"uv": [0, 0, 0, 0.25], "texture": "#9"},
				"east": {"uv": [1.75, 5.75, 2.5, 6], "texture": "#9"},
				"south": {"uv": [0, 0, 0, 0.25], "texture": "#9"},
				"west": {"uv": [2.5, 5.75, 3.25, 6], "texture": "#9"},
				"up": {"uv": [0, 0.75, 0, 0], "texture": "#9"},
				"down": {"uv": [0, 0, 0, 0.75], "texture": "#9"}
			}
		},
		{
			"from": [3.5, 9, 6.75],
			"to": [12.5, 11, 8.75],
			"rotation": {"angle": 0, "axis": "y", "origin": [3.5, 9, 6.75]},
			"faces": {
				"north": {"uv": [4.5, 0, 6.75, 0.5], "texture": "#9"},
				"east": {"uv": [5.5, 4.25, 6, 4.75], "texture": "#9"},
				"south": {"uv": [4.5, 0.5, 6.75, 1], "texture": "#9"},
				"west": {"uv": [4.5, 5.5, 5, 6], "texture": "#9"},
				"up": {"uv": [6.75, 1.5, 4.5, 1], "texture": "#9"},
				"down": {"uv": [6.75, 1.5, 4.5, 2], "texture": "#9"}
			}
		},
		{
			"from": [2.5, 8, 5.75],
			"to": [13.5, 9, 7.75],
			"rotation": {"angle": 0, "axis": "y", "origin": [-4.5, 8, 5.75]},
			"faces": {
				"north": {"uv": [4.5, 2.5, 7.25, 2.75], "texture": "#9"},
				"east": {"uv": [3.25, 4.25, 3.75, 4.5], "texture": "#9"},
				"south": {"uv": [1.75, 5.5, 4.5, 5.75], "texture": "#9"},
				"west": {"uv": [3.25, 5.75, 3.75, 6], "texture": "#9"},
				"up": {"uv": [6.5, 3.25, 3.75, 2.75], "texture": "#9"},
				"down": {"uv": [6.5, 3.25, 3.75, 3.75], "texture": "#9"}
			}
		},
		{
			"from": [2.5, 9, 5.75],
			"to": [13.5, 10, 7.75],
			"rotation": {"angle": 0, "axis": "y", "origin": [-4.5, 8, 5.75]},
			"faces": {
				"north": {"uv": [5.5, 3.75, 8.25, 4], "texture": "#9"},
				"east": {"uv": [3.75, 5.75, 4.25, 6], "texture": "#9"},
				"south": {"uv": [5.5, 4, 8.25, 4.25], "texture": "#9"},
				"west": {"uv": [5, 5.75, 5.5, 6], "texture": "#9"},
				"up": {"uv": [6.5, 3.25, 3.75, 2.75], "texture": "#9"},
				"down": {"uv": [6.5, 3.25, 3.75, 3.75], "texture": "#9"}
			}
		}
	],
	"display": {
		"thirdperson_righthand": {
			"rotation": [75, 45, 0],
			"translation": [0, 2.5, 0],
			"scale": [0.375, 0.375, 0.375]
		},
		"thirdperson_lefthand": {
			"rotation": [75, 45, 0],
			"translation": [0, 2.5, 0],
			"scale": [0.375, 0.375, 0.375]
		},
		"firstperson_righthand": {
			"rotation": [0, 45, 0],
			"scale": [0.4, 0.4, 0.4]
		},
		"firstperson_lefthand": {
			"rotation": [0, 225, 0],
			"scale": [0.4, 0.4, 0.4]
		},
		"ground": {
			"translation": [0, 7.5, 0],
			"scale": [0.5, 0.5, 0.5]
		},
		"gui": {
			"rotation": [30, 225, 0],
			"translation": [0, 2.5, 0]
		},
		"head": {
			"translation": [0, 4.25, -1.5],
			"scale": [1.62, 1.62, 1.62]
		}
	}
}