{
	"credit": "Made with Blockbench",
	"textures": {
		"0": "block/custom/antennatwo",
		"particle": "block/custom/antennatwo"
	},
	"elements": [
		{
			"from": [6, 8, 6],
			"to": [10, 9, 10],
			"faces": {
				"north": {"uv": [4, 0, 8, 1], "texture": "#0"},
				"east": {"uv": [4, 1, 8, 2], "texture": "#0"},
				"south": {"uv": [4, 2, 8, 3], "texture": "#0"},
				"west": {"uv": [4, 3, 8, 4], "texture": "#0"},
				"up": {"uv": [4, 4, 0, 0], "texture": "#0"},
				"down": {"uv": [4, 4, 0, 8], "texture": "#0"}
			}
		},
		{
			"from": [7, 9, 7],
			"to": [9, 10, 9],
			"faces": {
				"north": {"uv": [3, 9, 5, 10], "texture": "#0"},
				"east": {"uv": [8, 9, 10, 10], "texture": "#0"},
				"south": {"uv": [0, 10, 2, 11], "texture": "#0"},
				"west": {"uv": [2, 10, 4, 11], "texture": "#0"},
				"up": {"uv": [6, 6, 4, 4], "texture": "#0"},
				"down": {"uv": [6, 6, 4, 8], "texture": "#0"}
			}
		},
		{
			"from": [7.5, 10, 7.5],
			"to": [8.5, 13, 8.5],
			"rotation": {"angle": 0, "axis": "z", "origin": [20.4, 9, 16]},
			"faces": {
				"north": {"uv": [0, 8, 3, 9], "rotation": 90, "texture": "#0"},
				"east": {"uv": [11, 2, 8, 3], "rotation": 270, "texture": "#0"},
				"south": {"uv": [8, 0, 11, 1], "rotation": 270, "texture": "#0"},
				"west": {"uv": [11, 2, 8, 1], "rotation": 270, "texture": "#0"},
				"up": {"uv": [11, 10, 12, 11], "rotation": 270, "texture": "#0"},
				"down": {"uv": [11, 11, 12, 12], "rotation": 270, "texture": "#0"}
			}
		},
		{
			"from": [8.5, 13.7, 7.5],
			"to": [9.5, 16.7, 8.5],
			"rotation": {"angle": 0, "axis": "z", "origin": [20.4, 9, 16]},
			"faces": {
				"north": {"uv": [8, 6, 11, 7], "rotation": 90, "texture": "#0"},
				"east": {"uv": [3, 9, 0, 10], "rotation": 270, "texture": "#0"},
				"south": {"uv": [8, 7, 11, 8], "rotation": 270, "texture": "#0"},
				"west": {"uv": [11, 9, 8, 8], "rotation": 270, "texture": "#0"},
				"up": {"uv": [3, 12, 4, 13], "rotation": 270, "texture": "#0"},
				"down": {"uv": [12, 3, 13, 4], "rotation": 270, "texture": "#0"}
			}
		},
		{
			"from": [8.2, 16.4, 7.2],
			"to": [9.8, 18, 8.8],
			"rotation": {"angle": 0, "axis": "z", "origin": [20.4, 9, 16]},
			"faces": {
				"north": {"uv": [4, 12, 5, 13], "rotation": 90, "texture": "#0"},
				"east": {"uv": [13, 6, 12, 7], "rotation": 270, "texture": "#0"},
				"south": {"uv": [5, 12, 6, 13], "rotation": 270, "texture": "#0"},
				"west": {"uv": [7, 13, 6, 12], "rotation": 270, "texture": "#0"},
				"up": {"uv": [12, 4, 13, 5], "rotation": 270, "texture": "#0"},
				"down": {"uv": [12, 5, 13, 6], "rotation": 270, "texture": "#0"}
			}
		},
		{
			"from": [14.1, 20, 7.5001],
			"to": [16.1, 21, 8.4901],
			"rotation": {"angle": 45, "axis": "z", "origin": [20.4, 9, 16]},
			"faces": {
				"north": {"uv": [11, 0, 13, 1], "texture": "#0"},
				"east": {"uv": [8, 12, 9, 13], "texture": "#0"},
				"south": {"uv": [1, 11, 3, 12], "texture": "#0"},
				"west": {"uv": [12, 8, 13, 9], "texture": "#0"},
				"up": {"uv": [13, 2, 11, 1], "texture": "#0"},
				"down": {"uv": [13, 2, 11, 3], "texture": "#0"}
			}
		}
	],
	"display": {
		"gui": {
			"rotation": [15, 30, 0],
			"translation": [0, -4, 0]
		},
		"head": {
			"translation": [0, 6.25, 0],
			"scale": [1.6, 1.6, 1.6]
		},
		"fixed": {
			"rotation": [-90, 0, 0],
			"scale": [1.6, 1.6, 1.6]
		}
	}
}