{
	"credit": "Made with Blockbench",
	"textures": {
		"1": "block/custom/antenna"
	},
	"elements": [
		{
			"from": [6, 8, 6],
			"to": [10, 9, 10],
			"faces": {
				"north": {"uv": [4, 0, 8, 1], "texture": "#1"},
				"east": {"uv": [4, 1, 8, 2], "texture": "#1"},
				"south": {"uv": [4, 2, 8, 3], "texture": "#1"},
				"west": {"uv": [4, 3, 8, 4], "texture": "#1"},
				"up": {"uv": [4, 4, 0, 0], "texture": "#1"},
				"down": {"uv": [4, 4, 0, 8], "texture": "#1"}
			}
		},
		{
			"from": [7, 9, 7],
			"to": [9, 10, 9],
			"faces": {
				"north": {"uv": [7, 11, 9, 12], "texture": "#1"},
				"east": {"uv": [11, 7, 13, 8], "texture": "#1"},
				"south": {"uv": [11, 8, 13, 9], "texture": "#1"},
				"west": {"uv": [9, 11, 11, 12], "texture": "#1"},
				"up": {"uv": [6, 6, 4, 4], "texture": "#1"},
				"down": {"uv": [6, 6, 4, 8], "texture": "#1"}
			}
		},
		{
			"from": [11.9, 1, 7.5],
			"to": [12.9, 4.4, 8.5],
			"rotation": {"angle": 45, "axis": "z", "origin": [0, 0, 0]},
			"faces": {
				"north": {"uv": [10, 3, 11, 6], "texture": "#1"},
				"east": {"uv": [5, 10, 6, 13], "texture": "#1"},
				"south": {"uv": [6, 10, 7, 13], "texture": "#1"},
				"west": {"uv": [10, 6, 11, 9], "texture": "#1"},
				"up": {"uv": [6, 14, 5, 13], "texture": "#1"},
				"down": {"uv": [7, 13, 6, 14], "texture": "#1"}
			}
		},
		{
			"from": [12, 4.7, 7.5],
			"to": [13, 6.7, 8.5],
			"rotation": {"angle": 45, "axis": "z", "origin": [-1, 1, 0]},
			"faces": {
				"north": {"uv": [11, 11, 12, 13], "texture": "#1"},
				"east": {"uv": [0, 12, 1, 14], "texture": "#1"},
				"south": {"uv": [1, 12, 2, 14], "texture": "#1"},
				"west": {"uv": [2, 12, 3, 14], "texture": "#1"},
				"up": {"uv": [14, 8, 13, 7], "texture": "#1"},
				"down": {"uv": [14, 8, 13, 9], "texture": "#1"}
			}
		},
		{
			"from": [11.7, 6.4, 7.2],
			"to": [13.3, 8, 8.8],
			"rotation": {"angle": 45, "axis": "z", "origin": [-1, 1, 0]},
			"faces": {
				"north": {"uv": [6, 4, 8, 6], "texture": "#1"},
				"east": {"uv": [6, 6, 8, 8], "texture": "#1"},
				"south": {"uv": [0, 8, 2, 10], "texture": "#1"},
				"west": {"uv": [8, 0, 10, 2], "texture": "#1"},
				"up": {"uv": [4, 10, 2, 8], "texture": "#1"},
				"down": {"uv": [10, 2, 8, 4], "texture": "#1"}
			}
		},
		{
			"from": [17, 11.9, 7.5],
			"to": [20, 12.9, 8.5],
			"rotation": {"angle": 45, "axis": "z", "origin": [16, 0, 16]},
			"faces": {
				"north": {"uv": [7, 10, 10, 11], "texture": "#1"},
				"east": {"uv": [9, 13, 10, 14], "texture": "#1"},
				"south": {"uv": [10, 9, 13, 10], "texture": "#1"},
				"west": {"uv": [13, 9, 14, 10], "texture": "#1"},
				"up": {"uv": [13, 11, 10, 10], "texture": "#1"},
				"down": {"uv": [5, 11, 2, 12], "texture": "#1"}
			}
		},
		{
			"from": [20.7, 10.9, 7.5],
			"to": [23.7, 11.9, 8.5],
			"rotation": {"angle": 45, "axis": "z", "origin": [16, 0, 16]},
			"faces": {
				"north": {"uv": [11, 3, 14, 4], "texture": "#1"},
				"east": {"uv": [10, 13, 11, 14], "texture": "#1"},
				"south": {"uv": [11, 4, 14, 5], "texture": "#1"},
				"west": {"uv": [13, 10, 14, 11], "texture": "#1"},
				"up": {"uv": [14, 6, 11, 5], "texture": "#1"},
				"down": {"uv": [14, 6, 11, 7], "texture": "#1"}
			}
		},
		{
			"from": [23.4, 10.6, 7.2],
			"to": [25, 12.2, 8.8],
			"rotation": {"angle": 45, "axis": "z", "origin": [16, 0, 16]},
			"faces": {
				"north": {"uv": [4, 8, 6, 10], "texture": "#1"},
				"east": {"uv": [8, 4, 10, 6], "texture": "#1"},
				"south": {"uv": [6, 8, 8, 10], "texture": "#1"},
				"west": {"uv": [8, 6, 10, 8], "texture": "#1"},
				"up": {"uv": [10, 10, 8, 8], "texture": "#1"},
				"down": {"uv": [2, 10, 0, 12], "texture": "#1"}
			}
		},
		{
			"from": [5.3, 11.5, 7.501],
			"to": [6.3, 13.5, 8.491],
			"rotation": {"angle": 0, "axis": "y", "origin": [-1, 1, 0]},
			"faces": {
				"north": {"uv": [3, 12, 4, 14], "texture": "#1"},
				"east": {"uv": [4, 12, 5, 14], "texture": "#1"},
				"south": {"uv": [7, 12, 8, 14], "texture": "#1"},
				"west": {"uv": [8, 12, 9, 14], "texture": "#1"},
				"up": {"uv": [12, 14, 11, 13], "texture": "#1"},
				"down": {"uv": [13, 13, 12, 14], "texture": "#1"}
			}
		},
		{
			"from": [9.7, 11, 7.5001],
			"to": [11.7, 12, 8.4901],
			"faces": {
				"north": {"uv": [9, 12, 11, 13], "texture": "#1"},
				"east": {"uv": [13, 13, 14, 14], "texture": "#1"},
				"south": {"uv": [12, 11, 14, 12], "texture": "#1"},
				"west": {"uv": [0, 14, 1, 15], "texture": "#1"},
				"up": {"uv": [14, 13, 12, 12], "texture": "#1"},
				"down": {"uv": [15, 0, 13, 1], "texture": "#1"}
			}
		}
	],
	"display": {
		"gui": {
			"rotation": [25, -45, 0],
			"translation": [0, -4.5, 0]
		},
		"head": {
			"translation": [0, 6.25, 0],
			"scale": [1.6, 1.6, 1.6]
		},
		"fixed": {
			"rotation": [-90, 0, 0],
			"scale": [1.6, 1.6, 1.6]
		}
	}
}