{
	"credit": "Made with Blockbench",
	"texture_size": [32, 32],
	"textures": {
		"2": "item/custom/bongo_cat_paw_1",
		"3": "item/custom/bongo_cat_paw_2",
		"4": "item/custom/bongo_cat_impact_1",
		"5": "item/custom/bongo_cat_impact_2",
		"6": "item/custom/bongo_cat",
		"particle": "item/custom/bongo_cat_paw_1"
	},
	"elements": [
		{
			"from": [2.25, 3, 4.75],
			"to": [13.75, 13, 11.75],
			"rotation": {"angle": 0, "axis": "y", "origin": [8.25, 8.96967, 6]},
			"faces": {
				"north": {"uv": [0, 0, 5.75, 5], "texture": "#6"},
				"east": {"uv": [6, 7, 9.5, 12], "texture": "#6"},
				"south": {"uv": [0, 5, 5.75, 10], "texture": "#6"},
				"west": {"uv": [9.5, 7, 13, 12], "texture": "#6"},
				"up": {"uv": [11.75, 3.5, 6, 0], "texture": "#6"},
				"down": {"uv": [11.75, 3.5, 6, 7], "texture": "#6"}
			}
		},
		{
			"from": [11.75, 7.6, 2.25],
			"to": [13.75, 9.6, 4.75],
			"rotation": {"angle": 45, "axis": "x", "origin": [9.25, 7.96967, 6]},
			"faces": {
				"north": {"uv": [0, 8, 4, 12], "texture": "#2"},
				"east": {"uv": [0, 0, 5, 4], "texture": "#2"},
				"south": {"uv": [10, 0, 14, 4], "texture": "#2"},
				"west": {"uv": [0, 4, 5, 8], "texture": "#2"},
				"up": {"uv": [10, 5, 6, 0], "texture": "#2"},
				"down": {"uv": [10, 6, 6, 11], "texture": "#2"}
			}
		},
		{
			"from": [2.25, 8, 2.75],
			"to": [4.25, 10, 5.25],
			"rotation": {"angle": 0, "axis": "x", "origin": [16.25, 8.36967, 6.5]},
			"faces": {
				"north": {"uv": [4, 8, 0, 12], "texture": "#2"},
				"east": {"uv": [5, 4, 0, 8], "texture": "#2"},
				"south": {"uv": [14, 0, 10, 4], "texture": "#2"},
				"west": {"uv": [5, 0, 0, 4], "texture": "#2"},
				"up": {"uv": [6, 5, 10, 0], "texture": "#2"},
				"down": {"uv": [6, 6, 10, 11], "texture": "#2"}
			}
		},
		{
			"from": [2.25, 7.6, 2.25],
			"to": [4.25, 9.6, 4.75],
			"rotation": {"angle": 45, "axis": "x", "origin": [6.75, 7.96967, 6]},
			"faces": {
				"north": {"uv": [4, 8, 0, 12], "texture": "#3"},
				"east": {"uv": [5, 4, 0, 8], "texture": "#3"},
				"south": {"uv": [14, 0, 10, 4], "texture": "#2"},
				"west": {"uv": [5, 0, 0, 4], "texture": "#3"},
				"up": {"uv": [6, 5, 10, 0], "texture": "#2"},
				"down": {"uv": [6, 6, 10, 11], "texture": "#3"}
			}
		},
		{
			"from": [11.75, 8, 2.75],
			"to": [13.75, 10, 5.25],
			"rotation": {"angle": 0, "axis": "x", "origin": [9.25, 7.96967, 6]},
			"faces": {
				"north": {"uv": [0, 8, 4, 12], "texture": "#3"},
				"east": {"uv": [0, 0, 5, 4], "texture": "#3"},
				"south": {"uv": [10, 0, 14, 4], "texture": "#2"},
				"west": {"uv": [0, 4, 5, 8], "texture": "#3"},
				"up": {"uv": [10, 5, 6, 0], "texture": "#3"},
				"down": {"uv": [10, 6, 6, 11], "texture": "#3"}
			}
		},
		{
			"from": [2.25, 3.5, 1.95],
			"to": [4.25, 5.5, 3.95],
			"rotation": {"angle": -22.5, "axis": "x", "origin": [6.75, 7.96967, 6]},
			"faces": {
				"north": {"uv": [4, 10, 5, 11], "texture": "#6"},
				"east": {"uv": [5, 10, 6, 11], "texture": "#6"},
				"south": {"uv": [0, 11, 1, 12], "texture": "#6"},
				"west": {"uv": [1, 11, 2, 12], "texture": "#6"},
				"up": {"uv": [3, 12, 2, 11], "texture": "#6"},
				"down": {"uv": [4, 11, 3, 12], "texture": "#6"}
			}
		},
		{
			"from": [11.75, 3.5, 1.95],
			"to": [13.75, 5.5, 3.95],
			"rotation": {"angle": -22.5, "axis": "x", "origin": [9.25, 7.96967, 6]},
			"faces": {
				"north": {"uv": [4, 11, 5, 12], "texture": "#6"},
				"east": {"uv": [5, 11, 6, 12], "texture": "#6"},
				"south": {"uv": [0, 12, 1, 13], "texture": "#6"},
				"west": {"uv": [12, 0, 13, 1], "texture": "#6"},
				"up": {"uv": [2, 13, 1, 12], "texture": "#6"},
				"down": {"uv": [13, 1, 12, 2], "texture": "#6"}
			}
		},
		{
			"from": [11.23198, 11.93934, 7.75],
			"to": [13.23198, 13.93934, 8.75],
			"rotation": {"angle": 45, "axis": "z", "origin": [12.23198, 12.93934, 8.25]},
			"faces": {
				"north": {"uv": [0, 10, 1, 11], "texture": "#6"},
				"east": {"uv": [2, 12, 2.5, 13], "texture": "#6"},
				"south": {"uv": [1, 10, 2, 11], "texture": "#6"},
				"west": {"uv": [12, 2, 12.5, 3], "texture": "#6"},
				"up": {"uv": [3.5, 12.5, 2.5, 12], "texture": "#6"},
				"down": {"uv": [13, 3, 12, 3.5], "texture": "#6"}
			}
		},
		{
			"from": [2.76802, 11.93934, 7.75],
			"to": [4.76802, 13.93934, 8.75],
			"rotation": {"angle": -45, "axis": "z", "origin": [3.76802, 12.93934, 8.25]},
			"faces": {
				"north": {"uv": [2, 10, 3, 11], "texture": "#6"},
				"east": {"uv": [3.5, 12, 4, 13], "texture": "#6"},
				"south": {"uv": [3, 10, 4, 11], "texture": "#6"},
				"west": {"uv": [12, 3.5, 12.5, 4.5], "texture": "#6"},
				"up": {"uv": [5, 12.5, 4, 12], "texture": "#6"},
				"down": {"uv": [13, 4.5, 12, 5], "texture": "#6"}
			}
		},
		{
			"from": [3, 8, 1],
			"to": [3.5, 8, 2],
			"rotation": {"angle": 0, "axis": "y", "origin": [0.05, 0, -2.05]},
			"faces": {
				"north": {"uv": [0, 0, 6, 0], "texture": "#4"},
				"east": {"uv": [0, 0, 5, 0], "texture": "#4"},
				"south": {"uv": [0, 0, 6, 0], "texture": "#4"},
				"west": {"uv": [0, 0, 5, 0], "texture": "#4"},
				"up": {"uv": [0, 1, 1, 0], "texture": "#5"},
				"down": {"uv": [1, 0, 0, 1], "texture": "#5"}
			}
		},
		{
			"from": [4.25, 8, 1.25],
			"to": [4.75, 8, 2.25],
			"rotation": {"angle": -22.5, "axis": "y", "origin": [4.5, 8, 1.75]},
			"faces": {
				"north": {"uv": [0, 0, 6, 0], "texture": "#4"},
				"east": {"uv": [0, 0, 5, 0], "texture": "#4"},
				"south": {"uv": [0, 0, 6, 0], "texture": "#4"},
				"west": {"uv": [0, 0, 5, 0], "texture": "#4"},
				"up": {"uv": [0, 1, 1, 0], "texture": "#5"},
				"down": {"uv": [1, 0, 0, 1], "texture": "#5"}
			}
		},
		{
			"from": [1.75, 8, 1.25],
			"to": [2.25, 8, 2.25],
			"rotation": {"angle": 22.5, "axis": "y", "origin": [2, 8, 1.75]},
			"faces": {
				"north": {"uv": [0, 0, 6, 0], "texture": "#4"},
				"east": {"uv": [0, 0, 5, 0], "texture": "#4"},
				"south": {"uv": [0, 0, 6, 0], "texture": "#4"},
				"west": {"uv": [0, 0, 5, 0], "texture": "#4"},
				"up": {"uv": [0, 1, 1, 0], "texture": "#5"},
				"down": {"uv": [1, 0, 0, 1], "texture": "#5"}
			}
		},
		{
			"from": [12.5, 8, 1],
			"to": [13, 8, 2],
			"rotation": {"angle": 0, "axis": "y", "origin": [15.95, 0, -2.05]},
			"faces": {
				"north": {"uv": [6, 0, 0, 0], "texture": "#4"},
				"east": {"uv": [5, 0, 0, 0], "texture": "#4"},
				"south": {"uv": [6, 0, 0, 0], "texture": "#4"},
				"west": {"uv": [5, 0, 0, 0], "texture": "#4"},
				"up": {"uv": [1, 1, 0, 0], "texture": "#4"},
				"down": {"uv": [0, 0, 1, 1], "texture": "#4"}
			}
		},
		{
			"from": [13.75, 8, 1.25],
			"to": [14.25, 8, 2.25],
			"rotation": {"angle": -22.5, "axis": "y", "origin": [14, 8, 1.75]},
			"faces": {
				"north": {"uv": [6, 0, 0, 0], "texture": "#4"},
				"east": {"uv": [5, 0, 0, 0], "texture": "#4"},
				"south": {"uv": [6, 0, 0, 0], "texture": "#4"},
				"west": {"uv": [5, 0, 0, 0], "texture": "#4"},
				"up": {"uv": [1, 1, 0, 0], "texture": "#4"},
				"down": {"uv": [0, 0, 1, 1], "texture": "#4"}
			}
		},
		{
			"from": [11.25, 8, 1.25],
			"to": [11.75, 8, 2.25],
			"rotation": {"angle": 22.5, "axis": "y", "origin": [11.5, 8, 1.75]},
			"faces": {
				"north": {"uv": [6, 0, 0, 0], "texture": "#4"},
				"east": {"uv": [5, 0, 0, 0], "texture": "#4"},
				"south": {"uv": [6, 0, 0, 0], "texture": "#4"},
				"west": {"uv": [5, 0, 0, 0], "texture": "#4"},
				"up": {"uv": [1, 1, 0, 0], "texture": "#4"},
				"down": {"uv": [0, 0, 1, 1], "texture": "#4"}
			}
		}
	],
	"display": {
		"thirdperson_righthand": {
			"translation": [0, 0, -3.5]
		},
		"thirdperson_lefthand": {
			"translation": [0, 0, -3.5]
		},
		"firstperson_righthand": {
			"rotation": [0, 125, 0],
			"translation": [0, 3, 0],
			"scale": [0.75, 0.75, 0.75]
		},
		"firstperson_lefthand": {
			"rotation": [0, 125, 0],
			"translation": [0, 3, 0],
			"scale": [0.75, 0.75, 0.75]
		},
		"ground": {
			"translation": [0, 3.75, 0]
		},
		"gui": {
			"rotation": [25, 135, 0]
		},
		"head": {
			"translation": [0, 6.5, 4],
			"scale": [1.2, 1.2, 1.2]
		}
	}
}