{
	"credit": "Made with Blockbench",
	"texture_size": [64, 64],
	"textures": {
		"1": "block/custom/books"
	},
	"elements": [
		{
			"from": [4.75, 13, 5],
			"to": [11.75, 13.5, 10.75],
			"faces": {
				"north": {"uv": [7.5, 1.25, 9.25, 1.375], "texture": "#1"},
				"east": {"uv": [7.5, 6.75, 9, 6.875], "texture": "#1"},
				"south": {"uv": [7.5, 1.5, 9.25, 1.625], "texture": "#1"},
				"west": {"uv": [7.5, 7, 9, 7.125], "texture": "#1"},
				"up": {"uv": [1.75, 4.5, 0, 3], "texture": "#1"},
				"down": {"uv": [3.5, 3, 1.75, 4.5], "texture": "#1"}
			}
		},
		{
			"from": [5, 13.5, 5.5],
			"to": [11.5, 14, 10.75],
			"faces": {
				"north": {"uv": [3.75, 7.5, 5.375, 7.625], "texture": "#1"},
				"east": {"uv": [0.5, 8.25, 1.875, 8.375], "texture": "#1"},
				"south": {"uv": [7.5, 6.5, 9.125, 6.625], "texture": "#1"},
				"west": {"uv": [2, 8.25, 3.375, 8.375], "texture": "#1"},
				"up": {"uv": [3.625, 5.875, 2, 4.5], "texture": "#1"},
				"down": {"uv": [5.375, 4.5, 3.75, 5.875], "texture": "#1"}
			}
		},
		{
			"from": [4.75, 14, 5],
			"to": [11.75, 14.5, 10.75],
			"faces": {
				"north": {"uv": [7.5, 1.75, 9.25, 1.875], "texture": "#1"},
				"east": {"uv": [7.5, 7.25, 9, 7.375], "texture": "#1"},
				"south": {"uv": [2, 7.5, 3.75, 7.625], "texture": "#1"},
				"west": {"uv": [7.5, 7.5, 9, 7.625], "texture": "#1"},
				"up": {"uv": [5.25, 4.5, 3.5, 3], "texture": "#1"},
				"down": {"uv": [5.75, 0, 4, 1.5], "texture": "#1"}
			}
		},
		{
			"from": [4.75, 13, 10.75],
			"to": [11.75, 14.5, 11.25],
			"faces": {
				"north": {"uv": [6.75, 3.5, 8.5, 3.875], "texture": "#1"},
				"east": {"uv": [5.25, 4, 5.375, 4.375], "texture": "#1"},
				"south": {"uv": [7, 4, 8.75, 4.375], "texture": "#1"},
				"west": {"uv": [2.5, 8.75, 2.625, 9.125], "texture": "#1"},
				"up": {"uv": [9.25, 2.125, 7.5, 2], "texture": "#1"},
				"down": {"uv": [9.25, 2.25, 7.5, 2.375], "texture": "#1"}
			}
		},
		{
			"from": [5.875, 17.5, 6.575],
			"to": [6.375, 19, 12.575],
			"rotation": {"angle": -22.5, "axis": "y", "origin": [9.25, 13.25, 9.575]},
			"faces": {
				"north": {"uv": [8.75, 2.5, 8.875, 2.875], "texture": "#1"},
				"east": {"uv": [0, 7, 1.5, 7.375], "texture": "#1"},
				"south": {"uv": [2.75, 8.75, 2.875, 9.125], "texture": "#1"},
				"west": {"uv": [7, 4.5, 8.5, 4.875], "texture": "#1"},
				"up": {"uv": [0.125, 9.25, 0, 7.75], "texture": "#1"},
				"down": {"uv": [0.375, 7.75, 0.25, 9.25], "texture": "#1"}
			}
		},
		{
			"from": [6.375, 17.5, 6.575],
			"to": [10.375, 18, 12.575],
			"rotation": {"angle": -22.5, "axis": "y", "origin": [9.25, 13.25, 9.575]},
			"faces": {
				"north": {"uv": [8.5, 5.75, 9.5, 5.875], "texture": "#1"},
				"east": {"uv": [0.5, 7.75, 2, 7.875], "texture": "#1"},
				"south": {"uv": [6.25, 8.5, 7.25, 8.625], "texture": "#1"},
				"west": {"uv": [2, 7.75, 3.5, 7.875], "texture": "#1"},
				"up": {"uv": [2.5, 7.5, 1.5, 6], "texture": "#1"},
				"down": {"uv": [3.5, 6, 2.5, 7.5], "texture": "#1"}
			}
		},
		{
			"from": [6.375, 18, 6.825],
			"to": [9.875, 18.5, 12.325],
			"rotation": {"angle": -22.5, "axis": "y", "origin": [9.25, 13.25, 9.575]},
			"faces": {
				"north": {"uv": [0.5, 8.75, 1.375, 8.875], "texture": "#1"},
				"east": {"uv": [3.5, 8.25, 4.875, 8.375], "texture": "#1"},
				"south": {"uv": [1.5, 8.75, 2.375, 8.875], "texture": "#1"},
				"west": {"uv": [5, 8.25, 6.375, 8.375], "texture": "#1"},
				"up": {"uv": [6.375, 7.875, 5.5, 6.5], "texture": "#1"},
				"down": {"uv": [7.375, 6.5, 6.5, 7.875], "texture": "#1"}
			}
		},
		{
			"from": [6.375, 18.5, 6.575],
			"to": [10.375, 19, 12.575],
			"rotation": {"angle": -22.5, "axis": "y", "origin": [9.25, 13.25, 9.575]},
			"faces": {
				"north": {"uv": [7.25, 8.5, 8.25, 8.625], "texture": "#1"},
				"east": {"uv": [3.5, 7.75, 5, 7.875], "texture": "#1"},
				"south": {"uv": [8.25, 8.5, 9.25, 8.625], "texture": "#1"},
				"west": {"uv": [7.5, 7.75, 9, 7.875], "texture": "#1"},
				"up": {"uv": [4.5, 7.5, 3.5, 6], "texture": "#1"},
				"down": {"uv": [5.5, 6, 4.5, 7.5], "texture": "#1"}
			}
		},
		{
			"from": [4.25, 16, 5.2],
			"to": [12.25, 16.5, 10.45],
			"rotation": {"angle": 22.5, "axis": "y", "origin": [8.25, 11.75, 9.2]},
			"faces": {
				"north": {"uv": [7, 6, 9, 6.125], "texture": "#1"},
				"east": {"uv": [6.5, 8.25, 7.875, 8.375], "texture": "#1"},
				"south": {"uv": [7, 6.25, 9, 6.375], "texture": "#1"},
				"west": {"uv": [8, 8.25, 9.375, 8.375], "texture": "#1"},
				"up": {"uv": [2, 1.375, 0, 0], "texture": "#1"},
				"down": {"uv": [2, 1.5, 0, 2.875], "texture": "#1"}
			}
		},
		{
			"from": [4.25, 17, 5.2],
			"to": [12.25, 17.5, 10.45],
			"rotation": {"angle": 22.5, "axis": "y", "origin": [8.25, 11.75, 9.2]},
			"faces": {
				"north": {"uv": [7.25, 0, 9.25, 0.125], "texture": "#1"},
				"east": {"uv": [0.5, 8.5, 1.875, 8.625], "texture": "#1"},
				"south": {"uv": [7.25, 0.25, 9.25, 0.375], "texture": "#1"},
				"west": {"uv": [2, 8.5, 3.375, 8.625], "texture": "#1"},
				"up": {"uv": [4, 1.375, 2, 0], "texture": "#1"},
				"down": {"uv": [4, 1.5, 2, 2.875], "texture": "#1"}
			}
		},
		{
			"from": [4.25, 16, 10.45],
			"to": [12.25, 17.5, 10.95],
			"rotation": {"angle": 22.5, "axis": "y", "origin": [8.25, 11.75, 9.2]},
			"faces": {
				"north": {"uv": [6.75, 2.5, 8.75, 2.875], "texture": "#1"},
				"east": {"uv": [3, 8.75, 3.125, 9.125], "texture": "#1"},
				"south": {"uv": [6.75, 3, 8.75, 3.375], "texture": "#1"},
				"west": {"uv": [8.75, 3, 8.875, 3.375], "texture": "#1"},
				"up": {"uv": [9.25, 0.625, 7.25, 0.5], "texture": "#1"},
				"down": {"uv": [9.25, 0.75, 7.25, 0.875], "texture": "#1"}
			}
		},
		{
			"from": [4.5, 16.5, 5.7],
			"to": [12, 17, 10.45],
			"rotation": {"angle": 22.5, "axis": "y", "origin": [8.25, 11.75, 9.2]},
			"faces": {
				"north": {"uv": [7.25, 1, 9.125, 1.125], "texture": "#1"},
				"east": {"uv": [4, 2.75, 5.25, 2.875], "texture": "#1"},
				"south": {"uv": [0, 7.5, 1.875, 7.625], "texture": "#1"},
				"west": {"uv": [8.5, 3.75, 9.75, 3.875], "texture": "#1"},
				"up": {"uv": [5.875, 2.75, 4, 1.5], "texture": "#1"},
				"down": {"uv": [1.875, 4.5, 0, 5.75], "texture": "#1"}
			}
		},
		{
			"from": [5, 14.5, 5.25],
			"to": [11, 16, 5.75],
			"rotation": {"angle": -22.5, "axis": "y", "origin": [8.25, 10.25, 9.375]},
			"faces": {
				"north": {"uv": [7, 5, 8.5, 5.375], "texture": "#1"},
				"east": {"uv": [3.25, 8.75, 3.375, 9.125], "texture": "#1"},
				"south": {"uv": [7, 5.5, 8.5, 5.875], "texture": "#1"},
				"west": {"uv": [3.5, 8.75, 3.625, 9.125], "texture": "#1"},
				"up": {"uv": [2, 8.125, 0.5, 8], "texture": "#1"},
				"down": {"uv": [3.5, 8, 2, 8.125], "texture": "#1"}
			}
		},
		{
			"from": [5, 14.5, 5.75],
			"to": [11, 15, 10.5],
			"rotation": {"angle": -22.5, "axis": "y", "origin": [8.25, 10.25, 9.375]},
			"faces": {
				"north": {"uv": [3.5, 8, 5, 8.125], "texture": "#1"},
				"east": {"uv": [8.5, 4.5, 9.75, 4.625], "texture": "#1"},
				"south": {"uv": [5, 8, 6.5, 8.125], "texture": "#1"},
				"west": {"uv": [8.5, 4.75, 9.75, 4.875], "texture": "#1"},
				"up": {"uv": [6.75, 4, 5.25, 2.75], "texture": "#1"},
				"down": {"uv": [7, 4, 5.5, 5.25], "texture": "#1"}
			}
		},
		{
			"from": [5.25, 15, 5.75],
			"to": [10.75, 15.5, 10],
			"rotation": {"angle": -22.5, "axis": "y", "origin": [8.25, 10.25, 9.375]},
			"faces": {
				"north": {"uv": [3.5, 8.5, 4.875, 8.625], "texture": "#1"},
				"east": {"uv": [8.5, 5.25, 9.625, 5.375], "texture": "#1"},
				"south": {"uv": [8.5, 3.5, 9.875, 3.625], "texture": "#1"},
				"west": {"uv": [8.5, 5.5, 9.625, 5.625], "texture": "#1"},
				"up": {"uv": [7.125, 1.125, 5.75, 0], "texture": "#1"},
				"down": {"uv": [7.375, 1.25, 6, 2.375], "texture": "#1"}
			}
		},
		{
			"from": [5, 15.5, 5.75],
			"to": [11, 16, 10.5],
			"rotation": {"angle": -22.5, "axis": "y", "origin": [8.25, 10.25, 9.375]},
			"faces": {
				"north": {"uv": [6.5, 8, 8, 8.125], "texture": "#1"},
				"east": {"uv": [5, 8.5, 6.25, 8.625], "texture": "#1"},
				"south": {"uv": [8, 8, 9.5, 8.125], "texture": "#1"},
				"west": {"uv": [8.5, 5, 9.75, 5.125], "texture": "#1"},
				"up": {"uv": [7, 6.5, 5.5, 5.25], "texture": "#1"},
				"down": {"uv": [1.5, 5.75, 0, 7], "texture": "#1"}
			}
		}
	],
	"display": {
		"thirdperson_righthand": {
			"translation": [0, -4, 0.75],
			"scale": [0.78, 0.79, 0.8]
		},
		"thirdperson_lefthand": {
			"translation": [0, -4, 0.75],
			"scale": [0.8, 0.78, 0.78]
		},
		"firstperson_righthand": {
			"translation": [0, -5.75, 0]
		},
		"firstperson_lefthand": {
			"translation": [0, -6.5, 0]
		},
		"ground": {
			"translation": [0, -5.75, 0],
			"scale": [0.5, 0.5, 0.5]
		},
		"gui": {
			"rotation": [25, -135, 0],
			"translation": [0.75, -11.25, 0],
			"scale": [1.5, 1.5, 1.5]
		},
		"head": {
			"translation": [0, -3.5, 0],
			"scale": [2, 2, 2]
		},
		"fixed": {
			"rotation": [-90, 0, 0],
			"translation": [0, 0, 17.75],
			"scale": [3.15, 3.15, 3.15]
		}
	}
}