{
	"credit": "Made with Blockbench",
	"texture_size": [64, 64],
	"textures": {
		"0": "block/custom/bucket",
		"particle": "block/custom/bucket"
	},
	"elements": [
		{
			"from": [3.4, 8.9, 3.4],
			"to": [12.6, 16.1, 12.6],
			"faces": {
				"north": {"uv": [2.5, 4.5, 4.75, 6.25], "texture": "#0"},
				"east": {"uv": [4.75, 0, 7, 1.75], "texture": "#0"},
				"south": {"uv": [4.75, 1.75, 7, 3.5], "texture": "#0"},
				"west": {"uv": [4.75, 3.5, 7, 5.25], "texture": "#0"},
				"up": {"uv": [4.75, 2.25, 2.5, 0], "texture": "#0"},
				"down": {"uv": [4.75, 2.25, 2.5, 4.5], "texture": "#0"}
			}
		},
		{
			"from": [2.9, 6.9, 2.9],
			"to": [13.1, 9.1, 13.1],
			"faces": {
				"north": {"uv": [0, 5, 2.5, 5.5], "texture": "#0"},
				"east": {"uv": [4.75, 5.25, 7.25, 5.75], "texture": "#0"},
				"south": {"uv": [0, 5.5, 2.5, 6], "texture": "#0"},
				"west": {"uv": [4.75, 5.75, 7.25, 6.25], "texture": "#0"},
				"up": {"uv": [2.5, 2.5, 0, 0], "texture": "#0"},
				"down": {"uv": [2.5, 2.5, 0, 5], "texture": "#0"}
			}
		},
		{
			"from": [1.9, 9.9, 3.9],
			"to": [3.1, 11.1, 10.1],
			"rotation": {"angle": 22.5, "axis": "x", "origin": [0, 0, 0]},
			"faces": {
				"north": {"uv": [1.5, 6, 1.75, 6.25], "texture": "#0"},
				"east": {"uv": [0, 6, 1.5, 6.25], "texture": "#0"},
				"south": {"uv": [1.75, 6, 2, 6.25], "texture": "#0"},
				"west": {"uv": [3, 6.5, 4.5, 6.75], "texture": "#0"},
				"up": {"uv": [4.75, 8, 4.5, 6.5], "texture": "#0"},
				"down": {"uv": [5, 6.5, 4.75, 8], "texture": "#0"}
			}
		},
		{
			"from": [12.9, 9.9, 3.9],
			"to": [14.1, 11.1, 10.1],
			"rotation": {"angle": 22.5, "axis": "x", "origin": [0, 0, 0]},
			"faces": {
				"north": {"uv": [2, 6, 2.25, 6.25], "texture": "#0"},
				"east": {"uv": [5, 6.5, 6.5, 6.75], "texture": "#0"},
				"south": {"uv": [2.25, 6, 2.5, 6.25], "texture": "#0"},
				"west": {"uv": [6.5, 6.5, 8, 6.75], "texture": "#0"},
				"up": {"uv": [0.25, 8.25, 0, 6.75], "texture": "#0"},
				"down": {"uv": [0.5, 6.75, 0.25, 8.25], "texture": "#0"}
			}
		},
		{
			"from": [1.9, 9.9, 10.1],
			"to": [14.1, 11.1, 11.3],
			"rotation": {"angle": 22.5, "axis": "x", "origin": [0, 0, 0]},
			"faces": {
				"north": {"uv": [0, 6.25, 3, 6.5], "texture": "#0"},
				"east": {"uv": [0.5, 6.75, 0.75, 7], "texture": "#0"},
				"south": {"uv": [3, 6.25, 6, 6.5], "texture": "#0"},
				"west": {"uv": [0.75, 6.75, 1, 7], "texture": "#0"},
				"up": {"uv": [9, 6.5, 6, 6.25], "texture": "#0"},
				"down": {"uv": [3, 6.5, 0, 6.75], "texture": "#0"}
			}
		}
	],
	"display": {
		"head": {
			"rotation": [21, 0, 0],
			"translation": [0, 3.25, -0.25],
			"scale": [1.6, 1.6, 1.6]
		}
	}
}