{
	"credit": "Made with Blockbench",
	"texture_size": [64, 64],
	"textures": {
		"0": "block/custom/buildhat",
		"particle": "block/custom/buildhat"
	},
	"elements": [
		{
			"from": [3.79, 4, 4],
			"to": [3.79, 8, 12.2],
			"faces": {
				"north": {"uv": [0, 0, 0, 1], "texture": "#0"},
				"east": {"uv": [5, 4, 7, 5], "texture": "#0"},
				"south": {"uv": [0, 0, 0, 1], "texture": "#0"},
				"west": {"uv": [5, 5, 7, 6], "texture": "#0"},
				"up": {"uv": [0, 2, 0, 0], "texture": "#0"},
				"down": {"uv": [0, 0, 0, 2], "texture": "#0"}
			}
		},
		{
			"from": [3.8, 4, 12.21],
			"to": [12.2, 8, 12.21],
			"faces": {
				"north": {"uv": [2.25, 5.5, 4.25, 6.5], "texture": "#0"},
				"east": {"uv": [0, 0, 0, 1], "texture": "#0"},
				"south": {"uv": [0, 6, 2, 7], "texture": "#0"},
				"west": {"uv": [0, 0, 0, 1], "texture": "#0"},
				"up": {"uv": [2, 0, 0, 0], "texture": "#0"},
				"down": {"uv": [2, 0, 0, 0], "texture": "#0"}
			}
		},
		{
			"from": [12.21, 4, 4],
			"to": [12.21, 8, 12.2],
			"faces": {
				"north": {"uv": [0, 0, 0, 1], "texture": "#0"},
				"east": {"uv": [4.25, 6, 6.25, 7], "texture": "#0"},
				"south": {"uv": [0, 0, 0, 1], "texture": "#0"},
				"west": {"uv": [6.25, 6, 8.25, 7], "texture": "#0"},
				"up": {"uv": [0, 2, 0, 0], "texture": "#0"},
				"down": {"uv": [0, 0, 0, 2], "texture": "#0"}
			}
		},
		{
			"from": [3, 8, 3],
			"to": [13, 10, 13],
			"faces": {
				"north": {"uv": [7, 1, 9.5, 1.5], "texture": "#0"},
				"east": {"uv": [7, 1.5, 9.5, 2], "texture": "#0"},
				"south": {"uv": [7, 2, 9.5, 2.5], "texture": "#0"},
				"west": {"uv": [7, 2.5, 9.5, 3], "texture": "#0"},
				"up": {"uv": [2.5, 2.5, 0, 0], "texture": "#0"},
				"down": {"uv": [2.5, 2.5, 0, 5], "texture": "#0"}
			}
		},
		{
			"from": [3.5, 10, 3.5],
			"to": [12.5, 14, 12.5],
			"faces": {
				"north": {"uv": [4.75, 1, 7, 2], "texture": "#0"},
				"east": {"uv": [4.75, 2, 7, 3], "texture": "#0"},
				"south": {"uv": [4.75, 3, 7, 4], "texture": "#0"},
				"west": {"uv": [0, 5, 2.25, 6], "texture": "#0"},
				"up": {"uv": [4.75, 2.25, 2.5, 0], "texture": "#0"},
				"down": {"uv": [4.75, 2.25, 2.5, 4.5], "texture": "#0"}
			}
		},
		{
			"from": [6.5, 10, 3],
			"to": [9.5, 14.25, 13],
			"faces": {
				"north": {"uv": [3.5, 6.5, 4.25, 7.5], "texture": "#0"},
				"east": {"uv": [2.5, 4.5, 5, 5.5], "texture": "#0"},
				"south": {"uv": [0, 7, 0.75, 8], "texture": "#0"},
				"west": {"uv": [4.75, 0, 7.25, 1], "texture": "#0"},
				"up": {"uv": [2.75, 9, 2, 6.5], "texture": "#0"},
				"down": {"uv": [3.5, 6.5, 2.75, 9], "texture": "#0"}
			}
		}
	],
	"display": {
		"gui": {
			"rotation": [15, -30, 0],
			"translation": [0, -2.25, 0],
			"scale": [1.2, 1.2, 1.2]
		},
		"head": {
			"rotation": [5, 0, 0],
			"translation": [0, 1.5, -0.5],
			"scale": [1.7, 1.7, 1.7]
		},
		"fixed": {
			"rotation": [-90, 0, 0],
			"scale": [2, 2, 2]
		}
	}
}