{
	"credit": "Made with Blockbench",
	"texture_size": [128, 128],
	"textures": {
		"0": "block/custom/burger",
		"particle": "block/custom/burger"
	},
	"elements": [
		{
			"from": [0, 9.6, 0],
			"to": [16, 12.6, 16],
			"rotation": {"angle": 0, "axis": "y", "origin": [0, -0.4, 0]},
			"faces": {
				"north": {"uv": [5.75, 3.25, 7.75, 3.625], "texture": "#0"},
				"east": {"uv": [0, 6, 2, 6.375], "texture": "#0"},
				"south": {"uv": [6, 0, 8, 0.375], "texture": "#0"},
				"west": {"uv": [6, 0.375, 8, 0.75], "texture": "#0"},
				"up": {"uv": [2, 2, 0, 0], "texture": "#0"},
				"down": {"uv": [2, 2, 0, 4], "texture": "#0"}
			}
		},
		{
			"from": [0, 0, 0],
			"to": [16, 3, 16],
			"faces": {
				"north": {"uv": [6, 0.75, 8, 1.125], "texture": "#0"},
				"east": {"uv": [6, 1.125, 8, 1.5], "texture": "#0"},
				"south": {"uv": [6, 1.5, 8, 1.875], "texture": "#0"},
				"west": {"uv": [0, 6.375, 2, 6.75], "texture": "#0"},
				"up": {"uv": [2, 6, 0, 4], "texture": "#0"},
				"down": {"uv": [6, 0, 4, 2], "texture": "#0"}
			}
		},
		{
			"from": [0, 8.6, 0],
			"to": [16, 9.6, 16],
			"rotation": {"angle": 22.5, "axis": "y", "origin": [8, 9.1, 8]},
			"faces": {
				"north": {"uv": [7.75, 3.5, 9.75, 3.625], "texture": "#0"},
				"east": {"uv": [8, 1.75, 10, 1.875], "texture": "#0"},
				"south": {"uv": [8.5, 4, 10.5, 4.125], "texture": "#0"},
				"west": {"uv": [8.5, 4.125, 10.5, 4.25], "texture": "#0"},
				"up": {"uv": [4, 2, 2, 0], "texture": "#0"},
				"down": {"uv": [4, 2, 2, 4], "texture": "#0"}
			}
		},
		{
			"from": [0, 6.6, 0],
			"to": [0, 8.6, 16],
			"rotation": {"angle": 22.5, "axis": "y", "origin": [8, 9.1, 8]},
			"faces": {
				"north": {"uv": [0, 0, 0, 0.25], "texture": "#0"},
				"east": {"uv": [7, 3, 9, 3.25], "texture": "#0"},
				"south": {"uv": [0, 0, 0, 0.25], "texture": "#0"},
				"west": {"uv": [7.75, 3.25, 9.75, 3.5], "texture": "#0"},
				"up": {"uv": [0, 2, 0, 0], "texture": "#0"},
				"down": {"uv": [0, 0, 0, 2], "texture": "#0"}
			}
		},
		{
			"from": [0, 6.6, 0],
			"to": [16, 8.6, 0],
			"rotation": {"angle": 22.5, "axis": "y", "origin": [8, 9.1, 8]},
			"faces": {
				"north": {"uv": [8, 0.5, 10, 0.75], "texture": "#0"},
				"east": {"uv": [0, 0, 0, 0.25], "texture": "#0"},
				"south": {"uv": [8, 0.75, 10, 1], "texture": "#0"},
				"west": {"uv": [0, 0, 0, 0.25], "texture": "#0"},
				"up": {"uv": [2, 0, 0, 0], "texture": "#0"},
				"down": {"uv": [2, 0, 0, 0], "texture": "#0"}
			}
		},
		{
			"from": [0, 6.6, 16],
			"to": [16, 8.6, 16],
			"rotation": {"angle": 22.5, "axis": "y", "origin": [8, 9.1, 8]},
			"faces": {
				"north": {"uv": [8, 0, 10, 0.25], "texture": "#0"},
				"east": {"uv": [0, 0, 0, 0.25], "texture": "#0"},
				"south": {"uv": [8, 0.25, 10, 0.5], "texture": "#0"},
				"west": {"uv": [0, 0, 0, 0.25], "texture": "#0"},
				"up": {"uv": [2, 0, 0, 0], "texture": "#0"},
				"down": {"uv": [2, 0, 0, 0], "texture": "#0"}
			}
		},
		{
			"from": [16, 6.6, 0],
			"to": [16, 8.6, 16],
			"rotation": {"angle": 22.5, "axis": "y", "origin": [8, 9.1, 8]},
			"faces": {
				"north": {"uv": [0, 0, 0, 0.25], "texture": "#0"},
				"east": {"uv": [7.75, 4.75, 9.75, 5], "texture": "#0"},
				"south": {"uv": [0, 0, 0, 0.25], "texture": "#0"},
				"west": {"uv": [7.75, 5, 9.75, 5.25], "texture": "#0"},
				"up": {"uv": [0, 2, 0, 0], "texture": "#0"},
				"down": {"uv": [0, 0, 0, 2], "texture": "#0"}
			}
		},
		{
			"from": [0.8, 6.6, 0.8],
			"to": [15.2, 8.6, 15.2],
			"rotation": {"angle": 0, "axis": "y", "origin": [8, 9.1, 8]},
			"faces": {
				"north": {"uv": [8.125, 6.75, 9.875, 7], "texture": "#0"},
				"east": {"uv": [8.125, 7, 9.875, 7.25], "texture": "#0"},
				"south": {"uv": [8.125, 7.25, 9.875, 7.5], "texture": "#0"},
				"west": {"uv": [8.125, 7.5, 9.875, 7.75], "texture": "#0"},
				"up": {"uv": [3.75, 5.75, 2, 4], "texture": "#0"},
				"down": {"uv": [5.75, 2, 4, 3.75], "texture": "#0"}
			}
		},
		{
			"from": [1, 3, 1],
			"to": [15, 5, 15],
			"rotation": {"angle": 0, "axis": "y", "origin": [8, 9.1, 8]},
			"faces": {
				"north": {"uv": [8.125, 7.75, 9.875, 8], "texture": "#0"},
				"east": {"uv": [8.125, 8, 9.875, 8.25], "texture": "#0"},
				"south": {"uv": [1.125, 8.25, 2.875, 8.5], "texture": "#0"},
				"west": {"uv": [2.875, 8.25, 4.625, 8.5], "texture": "#0"},
				"up": {"uv": [7.25, 7.25, 5.5, 5.5], "texture": "#0"},
				"down": {"uv": [3.75, 5.75, 2, 7.5], "texture": "#0"}
			}
		},
		{
			"from": [1, 5.1, 1],
			"to": [15, 5.1, 15],
			"rotation": {"angle": 0, "axis": "y", "origin": [8, 9.1, 8]},
			"faces": {
				"north": {"uv": [0, 0, 1.75, 0], "texture": "#0"},
				"east": {"uv": [0, 0, 1.75, 0], "texture": "#0"},
				"south": {"uv": [0, 0, 1.75, 0], "texture": "#0"},
				"west": {"uv": [0, 0, 1.75, 0], "texture": "#0"},
				"up": {"uv": [5.5, 5.75, 3.75, 4], "texture": "#0"},
				"down": {"uv": [7.25, 3.75, 5.5, 5.5], "texture": "#0"}
			}
		},
		{
			"from": [-1.55995, 4.03963, 1],
			"to": [1.44005, 4.03963, 15],
			"rotation": {"angle": 45, "axis": "z", "origin": [-0.05995, 4.03963, 8]},
			"faces": {
				"north": {"uv": [0, 0, 0.375, 0], "texture": "#0"},
				"east": {"uv": [0, 0, 1.75, 0], "texture": "#0"},
				"south": {"uv": [0, 0, 0.375, 0], "texture": "#0"},
				"west": {"uv": [0, 0, 1.75, 0], "texture": "#0"},
				"up": {"uv": [5.375, 7.5, 5, 5.75], "texture": "#0"},
				"down": {"uv": [0.375, 6.75, 0, 8.5], "texture": "#0"}
			}
		},
		{
			"from": [14.55995, 4.03963, 1],
			"to": [17.55995, 4.03963, 15],
			"rotation": {"angle": -45, "axis": "z", "origin": [16.05995, 4.03963, 8]},
			"faces": {
				"north": {"uv": [0, 0, 0.375, 0], "texture": "#0"},
				"east": {"uv": [0, 0, 1.75, 0], "texture": "#0"},
				"south": {"uv": [0, 0, 0.375, 0], "texture": "#0"},
				"west": {"uv": [0, 0, 1.75, 0], "texture": "#0"},
				"up": {"uv": [0.75, 8.5, 0.375, 6.75], "texture": "#0"},
				"down": {"uv": [1.125, 6.75, 0.75, 8.5], "texture": "#0"}
			}
		},
		{
			"from": [1, 2.53963, 16.05995],
			"to": [15, 5.53963, 16.05995],
			"rotation": {"angle": -45, "axis": "x", "origin": [8, 4.03963, 16.05995]},
			"faces": {
				"north": {"uv": [7, 1.875, 8.75, 2.25], "texture": "#0"},
				"east": {"uv": [0, 0, 0, 0.375], "texture": "#0"},
				"south": {"uv": [7, 2.25, 8.75, 2.625], "texture": "#0"},
				"west": {"uv": [0, 0, 0, 0.375], "texture": "#0"},
				"up": {"uv": [1.75, 0, 0, 0], "texture": "#0"},
				"down": {"uv": [1.75, 0, 0, 0], "texture": "#0"}
			}
		},
		{
			"from": [1, 2.53963, -0.05995],
			"to": [15, 5.53963, -0.05995],
			"rotation": {"angle": 45, "axis": "x", "origin": [8, 4.03963, -0.05995]},
			"faces": {
				"north": {"uv": [7, 2.625, 8.75, 3], "texture": "#0"},
				"east": {"uv": [0, 0, 0, 0.375], "texture": "#0"},
				"south": {"uv": [7.25, 3.625, 9, 4], "texture": "#0"},
				"west": {"uv": [0, 0, 0, 0.375], "texture": "#0"},
				"up": {"uv": [1.75, 0, 0, 0], "texture": "#0"},
				"down": {"uv": [1.75, 0, 0, 0], "texture": "#0"}
			}
		},
		{
			"from": [8, 5.1, -0.2],
			"to": [14, 6.6, 5.8],
			"rotation": {"angle": -22.5, "axis": "y", "origin": [7, 9.1, 6.8]},
			"faces": {
				"north": {"uv": [3.75, 8.5, 4.5, 8.6875], "texture": "#0"},
				"east": {"uv": [8.5, 4.25, 9.25, 4.4375], "texture": "#0"},
				"south": {"uv": [8.5, 4.5, 9.25, 4.6875], "texture": "#0"},
				"west": {"uv": [8.5, 5.25, 9.25, 5.4375], "texture": "#0"},
				"up": {"uv": [7.375, 8, 6.625, 7.25], "texture": "#0"},
				"down": {"uv": [8.125, 6.75, 7.375, 7.5], "texture": "#0"}
			}
		},
		{
			"from": [4, 5.1, 0.3],
			"to": [10, 6.6, 6.3],
			"rotation": {"angle": 45, "axis": "y", "origin": [7, 9.1, 7.3]},
			"faces": {
				"north": {"uv": [8.5, 5.5, 9.25, 5.6875], "texture": "#0"},
				"east": {"uv": [8.5, 5.75, 9.25, 5.9375], "texture": "#0"},
				"south": {"uv": [8.5, 6, 9.25, 6.1875], "texture": "#0"},
				"west": {"uv": [8.5, 6.25, 9.25, 6.4375], "texture": "#0"},
				"up": {"uv": [2.375, 8.25, 1.625, 7.5], "texture": "#0"},
				"down": {"uv": [3.125, 7.5, 2.375, 8.25], "texture": "#0"}
			}
		},
		{
			"from": [0.1, 5.1, 7.7],
			"to": [6.1, 6.6, 13.7],
			"rotation": {"angle": 22.5, "axis": "y", "origin": [7, 9.1, 7.3]},
			"faces": {
				"north": {"uv": [8.5, 6.5, 9.25, 6.6875], "texture": "#0"},
				"east": {"uv": [7.125, 8.5, 7.875, 8.6875], "texture": "#0"},
				"south": {"uv": [7.875, 8.5, 8.625, 8.6875], "texture": "#0"},
				"west": {"uv": [8.5, 8.25, 9.25, 8.4375], "texture": "#0"},
				"up": {"uv": [8.125, 8.25, 7.375, 7.5], "texture": "#0"},
				"down": {"uv": [8.5, 4, 7.75, 4.75], "texture": "#0"}
			}
		},
		{
			"from": [8.7, 5.1, 8.9],
			"to": [14.7, 6.6, 14.9],
			"rotation": {"angle": 0, "axis": "y", "origin": [7, 9.1, 6.8]},
			"faces": {
				"north": {"uv": [8.5, 6.5, 9.25, 6.6875], "texture": "#0"},
				"east": {"uv": [7.125, 8.5, 7.875, 8.6875], "texture": "#0"},
				"south": {"uv": [7.875, 8.5, 8.625, 8.6875], "texture": "#0"},
				"west": {"uv": [8.5, 8.25, 9.25, 8.4375], "texture": "#0"},
				"up": {"uv": [8.125, 8.25, 7.375, 7.5], "texture": "#0"},
				"down": {"uv": [8.5, 4, 7.75, 4.75], "texture": "#0"}
			}
		},
		{
			"from": [3, 12.6, 3],
			"to": [13, 15.6, 13],
			"rotation": {"angle": 0, "axis": "y", "origin": [0, -0.4, 0]},
			"faces": {
				"north": {"uv": [4.75, 7.75, 6, 8.125], "texture": "#0"},
				"east": {"uv": [8, 1, 9.25, 1.375], "texture": "#0"},
				"south": {"uv": [8, 1.375, 9.25, 1.75], "texture": "#0"},
				"west": {"uv": [6, 8, 7.25, 8.375], "texture": "#0"},
				"up": {"uv": [7, 3.25, 5.75, 2], "texture": "#0"},
				"down": {"uv": [5, 5.75, 3.75, 7], "texture": "#0"}
			}
		},
		{
			"from": [10.12132, 8.65025, 3],
			"to": [14.36396, 10.65025, 13],
			"rotation": {"angle": -45, "axis": "z", "origin": [17.53553, 9.65025, 8]},
			"faces": {
				"north": {"uv": [3.125, 7.5, 3.625, 7.75], "texture": "#0"},
				"east": {"uv": [4, 3.75, 5.25, 4], "texture": "#0"},
				"south": {"uv": [4.75, 7.5, 5.25, 7.75], "texture": "#0"},
				"west": {"uv": [4.75, 8.125, 6, 8.375], "texture": "#0"},
				"up": {"uv": [1.625, 8, 1.125, 6.75], "texture": "#0"},
				"down": {"uv": [4.25, 7, 3.75, 8.25], "texture": "#0"}
			}
		},
		{
			"from": [1.63604, 8.65025, 3],
			"to": [5.87868, 10.65025, 13],
			"rotation": {"angle": 45, "axis": "z", "origin": [-1.53553, 9.65025, 8]},
			"faces": {
				"north": {"uv": [3.125, 7.75, 3.625, 8], "texture": "#0"},
				"east": {"uv": [7.25, 8.25, 8.5, 8.5], "texture": "#0"},
				"south": {"uv": [6, 7.75, 6.5, 8], "texture": "#0"},
				"west": {"uv": [4.625, 8.375, 5.875, 8.625], "texture": "#0"},
				"up": {"uv": [4.75, 8.25, 4.25, 7], "texture": "#0"},
				"down": {"uv": [7.75, 4, 7.25, 5.25], "texture": "#0"}
			}
		},
		{
			"from": [3, 8.65025, 1.63604],
			"to": [13, 10.65025, 5.87868],
			"rotation": {"angle": -45, "axis": "x", "origin": [8, 9.65025, -1.53553]},
			"faces": {
				"north": {"uv": [5.875, 8.375, 7.125, 8.625], "texture": "#0"},
				"east": {"uv": [1.125, 8, 1.625, 8.25], "texture": "#0"},
				"south": {"uv": [0, 8.5, 1.25, 8.75], "texture": "#0"},
				"west": {"uv": [3.125, 8, 3.625, 8.25], "texture": "#0"},
				"up": {"uv": [8.5, 5.75, 7.25, 5.25], "texture": "#0"},
				"down": {"uv": [6.625, 7.25, 5.375, 7.75], "texture": "#0"}
			}
		},
		{
			"from": [3, 8.65025, 10.12132],
			"to": [13, 10.65025, 14.36396],
			"rotation": {"angle": 45, "axis": "x", "origin": [8, 9.65025, 17.53553]},
			"faces": {
				"north": {"uv": [1.25, 8.5, 2.5, 8.75], "texture": "#0"},
				"east": {"uv": [4.5, 8.625, 5, 8.875], "texture": "#0"},
				"south": {"uv": [2.5, 8.5, 3.75, 8.75], "texture": "#0"},
				"west": {"uv": [5, 8.625, 5.5, 8.875], "texture": "#0"},
				"up": {"uv": [8.5, 6.25, 7.25, 5.75], "texture": "#0"},
				"down": {"uv": [8.5, 6.25, 7.25, 6.75], "texture": "#0"}
			}
		}
	],
	"gui_light": "front",
	"display": {
		"thirdperson_righthand": {
			"rotation": [90, 0, 0],
			"translation": [0, 1.75, 0],
			"scale": [0.4, 0.4, 0.4]
		},
		"thirdperson_lefthand": {
			"rotation": [90, 0, 0],
			"translation": [0, 1.75, 0],
			"scale": [0.4, 0.4, 0.4]
		},
		"firstperson_righthand": {
			"rotation": [0, -45, 0],
			"translation": [0, 3, 1.5],
			"scale": [0.3, 0.3, 0.3]
		},
		"firstperson_lefthand": {
			"rotation": [0, -45, 0],
			"translation": [0, 3, 1.5],
			"scale": [0.3, 0.3, 0.3]
		},
		"ground": {
			"translation": [0, 3, 0],
			"scale": [0.5, 0.5, 0.5]
		},
		"gui": {
			"rotation": [25, 45, 0],
			"translation": [0, 0.75, 0],
			"scale": [0.62, 0.62, 0.62]
		},
		"head": {
			"translation": [0, 1.25, 0]
		},
		"fixed": {
			"rotation": [-90, 0, 0],
			"translation": [0, 0, -8]
		}
	}
}