{
	"credit": "Made with Blockbench",
	"texture_size": [64, 64],
	"textures": {
		"0": "block/custom/capybara_hat",
		"particle": "block/custom/capybara_hat"
	},
	"elements": [
		{
			"from": [5, 8, 7],
			"to": [11, 15, 14],
			"rotation": {"angle": 0, "axis": "y", "origin": [8, 11.45, 6.55]},
			"faces": {
				"north": {"uv": [1.75, 5.25, 3.25, 7], "texture": "#0"},
				"east": {"uv": [0, 5.25, 1.75, 7], "texture": "#0"},
				"south": {"uv": [5, 5.25, 6.5, 7], "texture": "#0"},
				"west": {"uv": [3.25, 5.25, 5, 7], "texture": "#0"},
				"up": {"uv": [3.25, 5.25, 1.75, 3.5], "texture": "#0"},
				"down": {"uv": [4.75, 3.5, 3.25, 5.25], "texture": "#0"}
			}
		},
		{
			"from": [11, 12.95588, 12.79449],
			"to": [12, 14.95588, 14.79449],
			"rotation": {"angle": 22.5, "axis": "x", "origin": [11.5, 13.95588, 13.79449]},
			"faces": {
				"north": {"uv": [0.5, 1.5, 0.75, 2], "texture": "#0"},
				"east": {"uv": [0, 1.5, 0.5, 2], "texture": "#0"},
				"south": {"uv": [1.25, 1.5, 1.5, 2], "texture": "#0"},
				"west": {"uv": [0.75, 1.5, 1.25, 2], "texture": "#0"},
				"up": {"uv": [0.75, 1.5, 0.5, 1], "texture": "#0"},
				"down": {"uv": [1, 1, 0.75, 1.5], "texture": "#0"}
			}
		},
		{
			"from": [4, 12, 13.4],
			"to": [5, 14, 15.4],
			"rotation": {"angle": 22.5, "axis": "x", "origin": [5.5, 15, 16.5]},
			"faces": {
				"north": {"uv": [0.5, 0.5, 0.75, 1], "texture": "#0"},
				"east": {"uv": [0, 0.5, 0.5, 1], "texture": "#0"},
				"south": {"uv": [1.25, 0.5, 1.5, 1], "texture": "#0"},
				"west": {"uv": [0.75, 0.5, 1.25, 1], "texture": "#0"},
				"up": {"uv": [0.75, 0.5, 0.5, 0], "texture": "#0"},
				"down": {"uv": [1, 0, 0.75, 0.5], "texture": "#0"}
			}
		},
		{
			"from": [1, 8, 1],
			"to": [15, 8, 15],
			"rotation": {"angle": 0, "axis": "y", "origin": [8, 11.45, 6.55]},
			"faces": {
				"north": {"uv": [3.5, 3.5, 7, 3.5], "texture": "#0"},
				"east": {"uv": [0, 3.5, 3.5, 3.5], "texture": "#0"},
				"south": {"uv": [10.5, 3.5, 14, 3.5], "texture": "#0"},
				"west": {"uv": [7, 3.5, 10.5, 3.5], "texture": "#0"},
				"up": {"uv": [7, 3.5, 3.5, 0], "texture": "#0"},
				"down": {"uv": [10.5, 0, 7, 3.5], "texture": "#0"}
			}
		},
		{
			"from": [5.15, 8, 2.3],
			"to": [10.85, 14.8, 7],
			"rotation": {"angle": 0, "axis": "y", "origin": [8.05, 11.45, 6.55]},
			"faces": {
				"north": {"uv": [6.5, 7, 7.75, 8.5], "texture": "#0"},
				"east": {"uv": [5.5, 7, 6.5, 8.5], "texture": "#0"},
				"south": {"uv": [8.75, 7, 10, 8.5], "texture": "#0"},
				"west": {"uv": [7.75, 7, 8.75, 8.5], "texture": "#0"},
				"up": {"uv": [7.75, 7, 6.5, 6], "texture": "#0"},
				"down": {"uv": [9, 6, 7.75, 7], "texture": "#0"}
			}
		}
	],
	"display": {
		"gui": {
			"rotation": [35, -35, 0],
			"translation": [0, -2.25, 0]
		},
		"head": {
			"translation": [0, 6.5, 0],
			"scale": [1.6, 1.6, 1.6]
		},
		"fixed": {
			"rotation": [0, 90, 0],
			"translation": [0, -3, 0]
		}
	}
}