{
	"credit": "Made with Blockbench",
	"texture_size": [64, 64],
	"textures": {
		"0": "block/custom/carne",
		"particle": "block/custom/carne"
	},
	"elements": [
		{
			"from": [3, 8, 3],
			"to": [13, 9, 13],
			"faces": {
				"north": {"uv": [7, 6.5, 9.5, 6.75], "texture": "#0"},
				"east": {"uv": [7.75, 5.5, 10.25, 5.75], "texture": "#0"},
				"south": {"uv": [7.75, 5.75, 10.25, 6], "texture": "#0"},
				"west": {"uv": [8, 0, 10.5, 0.25], "texture": "#0"},
				"up": {"uv": [2.5, 2.5, 0, 0], "texture": "#0"},
				"down": {"uv": [2.5, 2.5, 0, 5], "texture": "#0"}
			}
		},
		{
			"from": [7.5, 11, -14],
			"to": [8.5, 31, -14],
			"faces": {
				"north": {"uv": [2, 5, 2.25, 10.25], "texture": "#0"},
				"east": {"uv": [0, 0, 0, 5.25], "texture": "#0"},
				"south": {"uv": [2.25, 5, 2.5, 10.25], "texture": "#0"},
				"west": {"uv": [0, 0, 0, 5.25], "texture": "#0"},
				"up": {"uv": [0.25, 0, 0, 0], "texture": "#0"},
				"down": {"uv": [0.25, 0, 0, 0], "texture": "#0"}
			}
		},
		{
			"from": [6.5, 4, -14],
			"to": [9.5, 11, -14],
			"faces": {
				"north": {"uv": [4.5, 5, 5.25, 6.75], "texture": "#0"},
				"east": {"uv": [0, 0, 0, 1.75], "texture": "#0"},
				"south": {"uv": [5.25, 5, 6, 6.75], "texture": "#0"},
				"west": {"uv": [0, 0, 0, 1.75], "texture": "#0"},
				"up": {"uv": [0.75, 0, 0, 0], "texture": "#0"},
				"down": {"uv": [0.75, 0, 0, 0], "texture": "#0"}
			}
		},
		{
			"from": [7.5, 17.25, -12],
			"to": [8.5, 32, -12],
			"rotation": {"angle": 22.5, "axis": "x", "origin": [8, 22, -14]},
			"faces": {
				"north": {"uv": [4.75, 7.5, 5, 11.25], "texture": "#0"},
				"east": {"uv": [0, 0, 0, 3.75], "texture": "#0"},
				"south": {"uv": [5, 7.5, 5.25, 11.25], "texture": "#0"},
				"west": {"uv": [0, 0, 0, 3.75], "texture": "#0"},
				"up": {"uv": [0.25, 0, 0, 0], "texture": "#0"},
				"down": {"uv": [0.25, 0, 0, 0], "texture": "#0"}
			}
		},
		{
			"from": [3, 7, 3],
			"to": [3, 8, 13],
			"rotation": {"angle": 0, "axis": "y", "origin": [3, 7.5, 8]},
			"faces": {
				"north": {"uv": [0, 0, 0, 0.25], "texture": "#0"},
				"east": {"uv": [8, 0.25, 10.5, 0.5], "texture": "#0"},
				"south": {"uv": [0, 0, 0, 0.25], "texture": "#0"},
				"west": {"uv": [8, 0.5, 10.5, 0.75], "texture": "#0"},
				"up": {"uv": [0, 2.5, 0, 0], "texture": "#0"},
				"down": {"uv": [0, 0, 0, 2.5], "texture": "#0"}
			}
		},
		{
			"from": [3, 7, 3],
			"to": [13, 8, 3],
			"rotation": {"angle": 0, "axis": "y", "origin": [3, 7.5, 8]},
			"faces": {
				"north": {"uv": [8, 0.75, 10.5, 1], "texture": "#0"},
				"east": {"uv": [0, 0, 0, 0.25], "texture": "#0"},
				"south": {"uv": [8, 1, 10.5, 1.25], "texture": "#0"},
				"west": {"uv": [0, 0, 0, 0.25], "texture": "#0"},
				"up": {"uv": [2.5, 0, 0, 0], "texture": "#0"},
				"down": {"uv": [2.5, 0, 0, 0], "texture": "#0"}
			}
		},
		{
			"from": [13, 7, 3],
			"to": [13, 8, 13],
			"rotation": {"angle": 0, "axis": "y", "origin": [5.5, 7.5, 5.5]},
			"faces": {
				"north": {"uv": [0, 0, 0, 0.25], "texture": "#0"},
				"east": {"uv": [8, 1.75, 10.5, 2], "texture": "#0"},
				"south": {"uv": [0, 0, 0, 0.25], "texture": "#0"},
				"west": {"uv": [6.5, 8, 9, 8.25], "texture": "#0"},
				"up": {"uv": [0, 2.5, 0, 0], "texture": "#0"},
				"down": {"uv": [0, 0, 0, 2.5], "texture": "#0"}
			}
		},
		{
			"from": [3, 7, 13],
			"to": [13, 8, 13],
			"rotation": {"angle": 0, "axis": "y", "origin": [5.5, 7.5, 5.5]},
			"faces": {
				"north": {"uv": [8, 1.25, 10.5, 1.5], "texture": "#0"},
				"east": {"uv": [0, 0, 0, 0.25], "texture": "#0"},
				"south": {"uv": [8, 1.5, 10.5, 1.75], "texture": "#0"},
				"west": {"uv": [0, 0, 0, 0.25], "texture": "#0"},
				"up": {"uv": [2.5, 0, 0, 0], "texture": "#0"},
				"down": {"uv": [2.5, 0, 0, 0], "texture": "#0"}
			}
		},
		{
			"from": [4, 9, 4],
			"to": [12, 12, 12],
			"faces": {
				"north": {"uv": [4.5, 2, 6.5, 2.75], "texture": "#0"},
				"east": {"uv": [4.5, 2.75, 6.5, 3.5], "texture": "#0"},
				"south": {"uv": [4.5, 3.5, 6.5, 4.25], "texture": "#0"},
				"west": {"uv": [4.5, 4.25, 6.5, 5], "texture": "#0"},
				"up": {"uv": [4.5, 2, 2.5, 0], "texture": "#0"},
				"down": {"uv": [4.5, 2, 2.5, 4], "texture": "#0"}
			}
		},
		{
			"from": [6, 12, 7],
			"to": [10, 15, 9],
			"faces": {
				"north": {"uv": [7.75, 4, 8.75, 4.75], "texture": "#0"},
				"east": {"uv": [7.25, 9, 7.75, 9.75], "texture": "#0"},
				"south": {"uv": [7.75, 4.75, 8.75, 5.5], "texture": "#0"},
				"west": {"uv": [7.75, 9, 8.25, 9.75], "texture": "#0"},
				"up": {"uv": [9.5, 9, 8.5, 8.5], "texture": "#0"},
				"down": {"uv": [1.25, 8.75, 0.25, 9.25], "texture": "#0"}
			}
		},
		{
			"from": [6, 24, 15],
			"to": [10, 27, 17],
			"faces": {
				"north": {"uv": [7.75, 2.5, 8.75, 3.25], "texture": "#0"},
				"east": {"uv": [8.75, 4.5, 9.25, 5.25], "texture": "#0"},
				"south": {"uv": [7.75, 3.25, 8.75, 4], "texture": "#0"},
				"west": {"uv": [6.75, 9, 7.25, 9.75], "texture": "#0"},
				"up": {"uv": [7.5, 9, 6.5, 8.5], "texture": "#0"},
				"down": {"uv": [8.5, 8.5, 7.5, 9], "texture": "#0"}
			}
		},
		{
			"from": [4.9, 15.9, 3.9],
			"to": [6.1, 27.1, 6.1],
			"rotation": {"angle": -22.5, "axis": "x", "origin": [5.5, 23.5, 8]},
			"faces": {
				"north": {"uv": [2.5, 8, 2.75, 10.75], "texture": "#0"},
				"east": {"uv": [0, 5, 0.5, 7.75], "texture": "#0"},
				"south": {"uv": [2.75, 8, 3, 10.75], "texture": "#0"},
				"west": {"uv": [0.5, 5, 1, 7.75], "texture": "#0"},
				"up": {"uv": [9.5, 10, 9.25, 9.5], "texture": "#0"},
				"down": {"uv": [9.75, 9.5, 9.5, 10], "texture": "#0"}
			}
		},
		{
			"from": [9.875, 27.94274, 3.27023],
			"to": [11.125, 29.19274, 13.52023],
			"rotation": {"angle": -22.5, "axis": "x", "origin": [5.5, 28.56774, 12.39523]},
			"faces": {
				"north": {"uv": [9.75, 9.5, 10, 9.75], "texture": "#0"},
				"east": {"uv": [8, 7.25, 10.5, 7.5], "texture": "#0"},
				"south": {"uv": [9.75, 9.75, 10, 10], "texture": "#0"},
				"west": {"uv": [6.5, 8.25, 9, 8.5], "texture": "#0"},
				"up": {"uv": [3.75, 10.5, 3.5, 8], "texture": "#0"},
				"down": {"uv": [4, 8, 3.75, 10.5], "texture": "#0"}
			}
		},
		{
			"from": [9.9, 30.43701, -6.15029],
			"to": [11.1, 30.63701, 13.04971],
			"rotation": {"angle": 0, "axis": "y", "origin": [10.5, 27.03701, 8.69971]},
			"faces": {
				"north": {"uv": [0, 0, 0.25, 0], "texture": "#0"},
				"east": {"uv": [0, 0, 4.75, 0], "texture": "#0"},
				"south": {"uv": [0, 0, 0.25, 0], "texture": "#0"},
				"west": {"uv": [0, 0, 4.75, 0], "texture": "#0"},
				"up": {"uv": [6.25, 9.75, 6, 5], "texture": "#0"},
				"down": {"uv": [6.5, 5, 6.25, 9.75], "texture": "#0"}
			}
		},
		{
			"from": [6, 26, 4.25],
			"to": [10, 27, 5.75],
			"rotation": {"angle": -22.5, "axis": "x", "origin": [5.5, 23.5, 8]},
			"faces": {
				"north": {"uv": [9, 8.25, 10, 8.5], "texture": "#0"},
				"east": {"uv": [9.5, 6.5, 10, 6.75], "texture": "#0"},
				"south": {"uv": [9.25, 4.5, 10.25, 4.75], "texture": "#0"},
				"west": {"uv": [6.75, 9.75, 7.25, 10], "texture": "#0"},
				"up": {"uv": [9.75, 3, 8.75, 2.5], "texture": "#0"},
				"down": {"uv": [9.75, 3, 8.75, 3.5], "texture": "#0"}
			}
		},
		{
			"from": [5, 24.14001, -10.8303],
			"to": [6, 25.64001, 3.1697],
			"rotation": {"angle": 22.5, "axis": "x", "origin": [5.5, 21.89001, 5.4197]},
			"faces": {
				"north": {"uv": [0.25, 9.75, 0.5, 10.25], "texture": "#0"},
				"east": {"uv": [4.5, 0, 8, 0.5], "texture": "#0"},
				"south": {"uv": [0.5, 9.75, 0.75, 10.25], "texture": "#0"},
				"west": {"uv": [4.5, 0.5, 8, 1], "texture": "#0"},
				"up": {"uv": [5.5, 11, 5.25, 7.5], "texture": "#0"},
				"down": {"uv": [5.75, 7.5, 5.5, 11], "texture": "#0"}
			}
		},
		{
			"from": [5.25, 30.20147, -14.97813],
			"to": [6.25, 31.70147, -7.97813],
			"rotation": {"angle": -22.5, "axis": "y", "origin": [5.5, 31.20147, -8.97813]},
			"faces": {
				"north": {"uv": [0.75, 9.75, 1, 10.25], "texture": "#0"},
				"east": {"uv": [7, 6, 8.75, 6.5], "texture": "#0"},
				"south": {"uv": [1, 9.75, 1.25, 10.25], "texture": "#0"},
				"west": {"uv": [6.5, 7.5, 8.25, 8], "texture": "#0"},
				"up": {"uv": [1.75, 10, 1.5, 8.25], "texture": "#0"},
				"down": {"uv": [2, 8.25, 1.75, 10], "texture": "#0"}
			}
		},
		{
			"from": [8.95671, 30.20147, -15.53783],
			"to": [9.95671, 31.70147, -8.53783],
			"rotation": {"angle": 22.5, "axis": "y", "origin": [11.45671, 30.95147, -11.28783]},
			"faces": {
				"north": {"uv": [9.75, 4, 10, 4.5], "texture": "#0"},
				"east": {"uv": [0.25, 7.75, 2, 8.25], "texture": "#0"},
				"south": {"uv": [6, 9.75, 6.25, 10.25], "texture": "#0"},
				"west": {"uv": [7.75, 2, 9.5, 2.5], "texture": "#0"},
				"up": {"uv": [1.5, 10.5, 1.25, 8.75], "texture": "#0"},
				"down": {"uv": [6.75, 9, 6.5, 10.75], "texture": "#0"}
			}
		},
		{
			"from": [10, 24.14001, -10.8303],
			"to": [11, 25.64001, 3.1697],
			"rotation": {"angle": 22.5, "axis": "x", "origin": [10.5, 21.89001, 5.4197]},
			"faces": {
				"north": {"uv": [9.75, 3, 10, 3.5], "texture": "#0"},
				"east": {"uv": [4.5, 1, 8, 1.5], "texture": "#0"},
				"south": {"uv": [9.75, 3.5, 10, 4], "texture": "#0"},
				"west": {"uv": [4.5, 1.5, 8, 2], "texture": "#0"},
				"up": {"uv": [6, 11, 5.75, 7.5], "texture": "#0"},
				"down": {"uv": [0.25, 7.75, 0, 11.25], "texture": "#0"}
			}
		},
		{
			"from": [5.85, 24.24001, -10.7303],
			"to": [10.15, 25.54001, -9.9303],
			"rotation": {"angle": 22.5, "axis": "x", "origin": [10.5, 21.89001, 5.4197]},
			"faces": {
				"north": {"uv": [8, 6.75, 9.25, 7.25], "texture": "#0"},
				"east": {"uv": [6.25, 9.75, 6.5, 10.25], "texture": "#0"},
				"south": {"uv": [0.25, 8.25, 1.5, 8.75], "texture": "#0"},
				"west": {"uv": [7.25, 9.75, 7.5, 10.25], "texture": "#0"},
				"up": {"uv": [10, 6.5, 8.75, 6.25], "texture": "#0"},
				"down": {"uv": [10.25, 8, 9, 8.25], "texture": "#0"}
			}
		},
		{
			"from": [9.9, 15.9, 3.9],
			"to": [11.1, 27.1, 6.1],
			"rotation": {"angle": -22.5, "axis": "x", "origin": [10.5, 23.5, 8]},
			"faces": {
				"north": {"uv": [3, 8, 3.25, 10.75], "texture": "#0"},
				"east": {"uv": [1, 5, 1.5, 7.75], "texture": "#0"},
				"south": {"uv": [3.25, 8, 3.5, 10.75], "texture": "#0"},
				"west": {"uv": [1.5, 5, 2, 7.75], "texture": "#0"},
				"up": {"uv": [10, 2.5, 9.75, 2], "texture": "#0"},
				"down": {"uv": [10, 2.5, 9.75, 3], "texture": "#0"}
			}
		},
		{
			"from": [9.85, 15.85, 9.85],
			"to": [11.15, 32, 12.15],
			"rotation": {"angle": 22.5, "axis": "x", "origin": [10.5, 23.5, 8]},
			"faces": {
				"north": {"uv": [7, 2, 7.25, 6], "texture": "#0"},
				"east": {"uv": [2.5, 4, 3, 8], "texture": "#0"},
				"south": {"uv": [7.25, 2, 7.5, 6], "texture": "#0"},
				"west": {"uv": [3, 4, 3.5, 8], "texture": "#0"},
				"up": {"uv": [7.75, 10.25, 7.5, 9.75], "texture": "#0"},
				"down": {"uv": [8, 9.75, 7.75, 10.25], "texture": "#0"}
			}
		},
		{
			"from": [4.9, 30.43701, -6.15029],
			"to": [6.1, 30.63701, 13.04971],
			"rotation": {"angle": 0, "axis": "y", "origin": [5.5, 27.03701, 8.69971]},
			"faces": {
				"north": {"uv": [0, 0, 0.25, 0], "texture": "#0"},
				"east": {"uv": [0, 0, 4.75, 0], "texture": "#0"},
				"south": {"uv": [0, 0, 0.25, 0], "texture": "#0"},
				"west": {"uv": [0, 0, 4.75, 0], "texture": "#0"},
				"up": {"uv": [6.75, 6.75, 6.5, 2], "texture": "#0"},
				"down": {"uv": [7, 2, 6.75, 6.75], "texture": "#0"}
			}
		},
		{
			"from": [4.875, 27.94274, 3.27023],
			"to": [6.125, 29.19274, 13.52023],
			"rotation": {"angle": -22.5, "axis": "x", "origin": [0.5, 28.56774, 12.39523]},
			"faces": {
				"north": {"uv": [1.5, 10, 1.75, 10.25], "texture": "#0"},
				"east": {"uv": [8.25, 7.5, 10.75, 7.75], "texture": "#0"},
				"south": {"uv": [1.75, 10, 2, 10.25], "texture": "#0"},
				"west": {"uv": [8.25, 7.75, 10.75, 8], "texture": "#0"},
				"up": {"uv": [4.25, 10.5, 4, 8], "texture": "#0"},
				"down": {"uv": [4.5, 8, 4.25, 10.5], "texture": "#0"}
			}
		},
		{
			"from": [4.85, 15.85, 9.85],
			"to": [6.15, 32, 12.15],
			"rotation": {"angle": 22.5, "axis": "x", "origin": [5.5, 23.5, 8]},
			"faces": {
				"north": {"uv": [7.5, 2, 7.75, 6], "texture": "#0"},
				"east": {"uv": [3.5, 4, 4, 8], "texture": "#0"},
				"south": {"uv": [4.5, 7.5, 4.75, 11.5], "texture": "#0"},
				"west": {"uv": [4, 4, 4.5, 8], "texture": "#0"},
				"up": {"uv": [8.25, 10.25, 8, 9.75], "texture": "#0"},
				"down": {"uv": [10, 8.5, 9.75, 9], "texture": "#0"}
			}
		},
		{
			"from": [6.15, 30.9, 9.9],
			"to": [9.85, 31.95, 12.1],
			"rotation": {"angle": 22.5, "axis": "x", "origin": [5.5, 23.5, 8]},
			"faces": {
				"north": {"uv": [9.25, 4.75, 10.25, 5], "texture": "#0"},
				"east": {"uv": [9.75, 9, 10.25, 9.25], "texture": "#0"},
				"south": {"uv": [9.25, 5, 10.25, 5.25], "texture": "#0"},
				"west": {"uv": [9.75, 9.25, 10.25, 9.5], "texture": "#0"},
				"up": {"uv": [9.75, 4, 8.75, 3.5], "texture": "#0"},
				"down": {"uv": [9.75, 4, 8.75, 4.5], "texture": "#0"}
			}
		},
		{
			"from": [5.15, 28.9, 10.9],
			"to": [10.85, 29.95, 14.1],
			"rotation": {"angle": 22.5, "axis": "x", "origin": [5.5, 23.5, 8]},
			"faces": {
				"north": {"uv": [8.75, 5.25, 10.25, 5.5], "texture": "#0"},
				"east": {"uv": [9.25, 6.75, 10, 7], "texture": "#0"},
				"south": {"uv": [8.75, 6, 10.25, 6.25], "texture": "#0"},
				"west": {"uv": [9.25, 7, 10, 7.25], "texture": "#0"},
				"up": {"uv": [6, 7.5, 4.5, 6.75], "texture": "#0"},
				"down": {"uv": [8, 6.75, 6.5, 7.5], "texture": "#0"}
			}
		},
		{
			"from": [4.8, 13.8, 6.8],
			"to": [6.2, 16.2, 9.2],
			"faces": {
				"north": {"uv": [9.25, 9, 9.5, 9.5], "texture": "#0"},
				"east": {"uv": [8.25, 9, 8.75, 9.5], "texture": "#0"},
				"south": {"uv": [9.5, 2, 9.75, 2.5], "texture": "#0"},
				"west": {"uv": [8.75, 9, 9.25, 9.5], "texture": "#0"},
				"up": {"uv": [8.5, 10, 8.25, 9.5], "texture": "#0"},
				"down": {"uv": [8.75, 9.5, 8.5, 10], "texture": "#0"}
			}
		},
		{
			"from": [9.8, 13.8, 6.8],
			"to": [11.2, 16.2, 9.2],
			"faces": {
				"north": {"uv": [9.5, 8.5, 9.75, 9], "texture": "#0"},
				"east": {"uv": [0.25, 9.25, 0.75, 9.75], "texture": "#0"},
				"south": {"uv": [8.75, 9.5, 9, 10], "texture": "#0"},
				"west": {"uv": [0.75, 9.25, 1.25, 9.75], "texture": "#0"},
				"up": {"uv": [9.25, 10, 9, 9.5], "texture": "#0"},
				"down": {"uv": [9.75, 9, 9.5, 9.5], "texture": "#0"}
			}
		}
	],
	"display": {
		"firstperson_righthand": {
			"scale": [0.5, 0.5, 0.5]
		},
		"firstperson_lefthand": {
			"scale": [0.5, 0.5, 0.5]
		},
		"gui": {
			"rotation": [0, -91, 0],
			"translation": [-3.75, -5.25, 0],
			"scale": [0.4, 0.4, 0.4]
		},
		"head": {
			"translation": [0, 7.75, 0],
			"scale": [1.5, 1.5, 1.5]
		},
		"fixed": {
			"rotation": [-90, 0, 0]
		}
	}
}