{
	"credit": "Made with Blockbench",
	"texture_size": [64, 64],
	"textures": {
		"0": "block/custom/chair",
		"particle": "block/custom/chair"
	},
	"elements": [
		{
			"from": [2, 12.5, 2],
			"to": [14, 13.5, 14],
			"rotation": {"angle": 0, "axis": "y", "origin": [8, 3.75, 8]},
			"faces": {
				"north": {"uv": [0, 6, 3, 6.25], "texture": "#0"},
				"east": {"uv": [6, 0, 9, 0.25], "texture": "#0"},
				"south": {"uv": [6, 0.25, 9, 0.5], "texture": "#0"},
				"west": {"uv": [6, 0.5, 9, 0.75], "texture": "#0"},
				"up": {"uv": [3, 3, 0, 0], "texture": "#0"},
				"down": {"uv": [3, 3, 0, 6], "texture": "#0"}
			}
		},
		{
			"from": [2, 12.5, 2],
			"to": [14, 13.5, 14],
			"rotation": {"angle": 0, "axis": "y", "origin": [8, 3.75, 8]},
			"faces": {
				"north": {"uv": [3.75, 6, 6.75, 6.25], "texture": "#0"},
				"east": {"uv": [6, 3.75, 9, 4], "texture": "#0"},
				"south": {"uv": [6, 4, 9, 4.25], "texture": "#0"},
				"west": {"uv": [6, 4.25, 9, 4.5], "texture": "#0"},
				"up": {"uv": [6, 3, 3, 0], "texture": "#0"},
				"down": {"uv": [6, 3, 3, 6], "texture": "#0"}
			}
		},
		{
			"from": [2.9, 0.4, 11.9],
			"to": [4.1, 12.6, 13.1],
			"rotation": {"angle": 0, "axis": "y", "origin": [8, 3.75, 8]},
			"faces": {
				"north": {"uv": [6, 0.75, 6.25, 3.75], "texture": "#0"},
				"east": {"uv": [3, 6, 3.25, 9], "texture": "#0"},
				"south": {"uv": [3.25, 6, 3.5, 9], "texture": "#0"},
				"west": {"uv": [3.5, 6, 3.75, 9], "texture": "#0"},
				"up": {"uv": [9, 1.25, 8.75, 1], "texture": "#0"},
				"down": {"uv": [9, 1.25, 8.75, 1.5], "texture": "#0"}
			}
		},
		{
			"from": [3.1, 5.35314, 10.6021],
			"to": [3.9, 10.90314, 11.4021],
			"rotation": {"angle": -45, "axis": "x", "origin": [3.5, 7.50314, 11.0021]},
			"faces": {
				"north": {"uv": [5.25, 7.25, 5.5, 8.75], "texture": "#0"},
				"east": {"uv": [5.5, 7.25, 5.75, 8.75], "texture": "#0"},
				"south": {"uv": [5.75, 7.25, 6, 8.75], "texture": "#0"},
				"west": {"uv": [6, 7.25, 6.25, 8.75], "texture": "#0"},
				"up": {"uv": [9, 8, 8.75, 7.75], "texture": "#0"},
				"down": {"uv": [9, 8, 8.75, 8.25], "texture": "#0"}
			}
		},
		{
			"from": [3.1, 3.42008, 9.43528],
			"to": [3.9, 8.97008, 10.23528],
			"rotation": {"angle": -45, "axis": "x", "origin": [3.5, 7.94508, 8.08528]},
			"faces": {
				"north": {"uv": [8, 8, 8.25, 9.5], "texture": "#0"},
				"east": {"uv": [2.75, 8.25, 3, 9.75], "texture": "#0"},
				"south": {"uv": [3.75, 8.25, 4, 9.75], "texture": "#0"},
				"west": {"uv": [4, 8.25, 4.25, 9.75], "texture": "#0"},
				"up": {"uv": [9.25, 1.25, 9, 1], "texture": "#0"},
				"down": {"uv": [9.25, 1.25, 9, 1.5], "texture": "#0"}
			}
		},
		{
			"from": [3.1, 3.42008, 5.93528],
			"to": [3.9, 8.97008, 6.73528],
			"rotation": {"angle": 45, "axis": "x", "origin": [3.5, 7.94508, 8.08528]},
			"faces": {
				"north": {"uv": [8, 6.5, 8.25, 8], "texture": "#0"},
				"east": {"uv": [7.25, 8, 7.5, 9.5], "texture": "#0"},
				"south": {"uv": [7.5, 8, 7.75, 9.5], "texture": "#0"},
				"west": {"uv": [7.75, 8, 8, 9.5], "texture": "#0"},
				"up": {"uv": [9.25, 0.5, 9, 0.25], "texture": "#0"},
				"down": {"uv": [9.25, 0.5, 9, 0.75], "texture": "#0"}
			}
		},
		{
			"from": [12.1, 5.35314, 10.6021],
			"to": [12.9, 10.90314, 11.4021],
			"rotation": {"angle": -45, "axis": "x", "origin": [12.5, 7.50314, 11.0021]},
			"faces": {
				"north": {"uv": [7, 7.25, 7.25, 8.75], "texture": "#0"},
				"east": {"uv": [7.5, 6.5, 7.75, 8], "texture": "#0"},
				"south": {"uv": [7.75, 6.5, 8, 8], "texture": "#0"},
				"west": {"uv": [8, 4.5, 8.25, 6], "texture": "#0"},
				"up": {"uv": [9, 9, 8.75, 8.75], "texture": "#0"},
				"down": {"uv": [9.25, 0, 9, 0.25], "texture": "#0"}
			}
		},
		{
			"from": [12.1, 1.67008, 6.66015],
			"to": [12.9, 7.22008, 7.46015],
			"rotation": {"angle": 45, "axis": "x", "origin": [12.5, 7.94508, 10.56015]},
			"faces": {
				"north": {"uv": [6.25, 7.25, 6.5, 8.75], "texture": "#0"},
				"east": {"uv": [6.5, 7.25, 6.75, 8.75], "texture": "#0"},
				"south": {"uv": [7.25, 6.5, 7.5, 8], "texture": "#0"},
				"west": {"uv": [6.75, 7.25, 7, 8.75], "texture": "#0"},
				"up": {"uv": [9, 8.5, 8.75, 8.25], "texture": "#0"},
				"down": {"uv": [9, 8.5, 8.75, 8.75], "texture": "#0"}
			}
		},
		{
			"from": [4, 11.5, 12],
			"to": [12, 12.5, 13],
			"rotation": {"angle": 0, "axis": "y", "origin": [8, 3.75, 8]},
			"faces": {
				"north": {"uv": [6.5, 3, 8.5, 3.25], "texture": "#0"},
				"east": {"uv": [8.75, 5.75, 9, 6], "texture": "#0"},
				"south": {"uv": [6.5, 3.25, 8.5, 3.5], "texture": "#0"},
				"west": {"uv": [6, 8.75, 6.25, 9], "texture": "#0"},
				"up": {"uv": [8.5, 3.75, 6.5, 3.5], "texture": "#0"},
				"down": {"uv": [7.25, 6.5, 5.25, 6.75], "texture": "#0"}
			}
		},
		{
			"from": [4, 9.5, 12],
			"to": [12, 10.5, 13],
			"rotation": {"angle": 0, "axis": "y", "origin": [8, 3.75, 8]},
			"faces": {
				"north": {"uv": [6.75, 1, 8.75, 1.25], "texture": "#0"},
				"east": {"uv": [8.75, 6, 9, 6.25], "texture": "#0"},
				"south": {"uv": [6.75, 1.25, 8.75, 1.5], "texture": "#0"},
				"west": {"uv": [6.25, 8.75, 6.5, 9], "texture": "#0"},
				"up": {"uv": [8.75, 1.75, 6.75, 1.5], "texture": "#0"},
				"down": {"uv": [8.75, 1.75, 6.75, 2], "texture": "#0"}
			}
		},
		{
			"from": [4, 9.5, 3],
			"to": [12, 10.5, 4],
			"rotation": {"angle": 0, "axis": "y", "origin": [8, 3.75, 8]},
			"faces": {
				"north": {"uv": [5.25, 6.75, 7.25, 7], "texture": "#0"},
				"east": {"uv": [7, 8.75, 7.25, 9], "texture": "#0"},
				"south": {"uv": [6.75, 6, 8.75, 6.25], "texture": "#0"},
				"west": {"uv": [8.75, 7.5, 9, 7.75], "texture": "#0"},
				"up": {"uv": [7.25, 7.25, 5.25, 7], "texture": "#0"},
				"down": {"uv": [9, 6.25, 7, 6.5], "texture": "#0"}
			}
		},
		{
			"from": [4, 11.5, 3],
			"to": [12, 12.5, 4],
			"rotation": {"angle": 0, "axis": "y", "origin": [8, 3.75, 8]},
			"faces": {
				"north": {"uv": [6.75, 2, 8.75, 2.25], "texture": "#0"},
				"east": {"uv": [6.5, 8.75, 6.75, 9], "texture": "#0"},
				"south": {"uv": [6.75, 2.25, 8.75, 2.5], "texture": "#0"},
				"west": {"uv": [6.75, 8.75, 7, 9], "texture": "#0"},
				"up": {"uv": [8.75, 2.75, 6.75, 2.5], "texture": "#0"},
				"down": {"uv": [8.75, 2.75, 6.75, 3], "texture": "#0"}
			}
		},
		{
			"from": [11.9, 0.4, 11.9],
			"to": [13.1, 12.6, 13.1],
			"rotation": {"angle": 0, "axis": "y", "origin": [8, 3.75, 8]},
			"faces": {
				"north": {"uv": [0, 6.25, 0.25, 9.25], "texture": "#0"},
				"east": {"uv": [0.25, 6.25, 0.5, 9.25], "texture": "#0"},
				"south": {"uv": [0.5, 6.25, 0.75, 9.25], "texture": "#0"},
				"west": {"uv": [0.75, 6.25, 1, 9.25], "texture": "#0"},
				"up": {"uv": [9, 1.75, 8.75, 1.5], "texture": "#0"},
				"down": {"uv": [9, 1.75, 8.75, 2], "texture": "#0"}
			}
		},
		{
			"from": [12, 11.5, 4],
			"to": [13, 12.5, 12],
			"rotation": {"angle": 0, "axis": "y", "origin": [8, 3.75, 8]},
			"faces": {
				"north": {"uv": [8.75, 4.5, 9, 4.75], "texture": "#0"},
				"east": {"uv": [6, 4.5, 8, 4.75], "texture": "#0"},
				"south": {"uv": [8.75, 4.75, 9, 5], "texture": "#0"},
				"west": {"uv": [6, 4.75, 8, 5], "texture": "#0"},
				"up": {"uv": [3, 8.25, 2.75, 6.25], "texture": "#0"},
				"down": {"uv": [4, 6.25, 3.75, 8.25], "texture": "#0"}
			}
		},
		{
			"from": [12, 9.5, 4],
			"to": [13, 10.5, 12],
			"rotation": {"angle": 0, "axis": "y", "origin": [8, 3.75, 8]},
			"faces": {
				"north": {"uv": [8.75, 5, 9, 5.25], "texture": "#0"},
				"east": {"uv": [6, 5, 8, 5.25], "texture": "#0"},
				"south": {"uv": [5.25, 8.75, 5.5, 9], "texture": "#0"},
				"west": {"uv": [6, 5.25, 8, 5.5], "texture": "#0"},
				"up": {"uv": [4.25, 8.25, 4, 6.25], "texture": "#0"},
				"down": {"uv": [4.5, 6.25, 4.25, 8.25], "texture": "#0"}
			}
		},
		{
			"from": [3, 11.5, 4],
			"to": [4, 12.5, 12],
			"rotation": {"angle": 0, "axis": "y", "origin": [8, 3.75, 8]},
			"faces": {
				"north": {"uv": [8.75, 5.5, 9, 5.75], "texture": "#0"},
				"east": {"uv": [5, 6.25, 7, 6.5], "texture": "#0"},
				"south": {"uv": [5.75, 8.75, 6, 9], "texture": "#0"},
				"west": {"uv": [6.5, 0.75, 8.5, 1], "texture": "#0"},
				"up": {"uv": [6.75, 3, 6.5, 1], "texture": "#0"},
				"down": {"uv": [5.25, 6.5, 5, 8.5], "texture": "#0"}
			}
		},
		{
			"from": [3, 9.5, 4],
			"to": [4, 10.5, 12],
			"rotation": {"angle": 0, "axis": "y", "origin": [8, 3.75, 8]},
			"faces": {
				"north": {"uv": [8.75, 5.25, 9, 5.5], "texture": "#0"},
				"east": {"uv": [6, 5.5, 8, 5.75], "texture": "#0"},
				"south": {"uv": [5.5, 8.75, 5.75, 9], "texture": "#0"},
				"west": {"uv": [6, 5.75, 8, 6], "texture": "#0"},
				"up": {"uv": [4.75, 8.25, 4.5, 6.25], "texture": "#0"},
				"down": {"uv": [5, 6.25, 4.75, 8.25], "texture": "#0"}
			}
		},
		{
			"from": [11.9, 0.4, 2.9],
			"to": [13.1, 12.6, 4.1],
			"rotation": {"angle": 0, "axis": "y", "origin": [8, 3.75, 8]},
			"faces": {
				"north": {"uv": [6.25, 0.75, 6.5, 3.75], "texture": "#0"},
				"east": {"uv": [1, 6.25, 1.25, 9.25], "texture": "#0"},
				"south": {"uv": [1.25, 6.25, 1.5, 9.25], "texture": "#0"},
				"west": {"uv": [1.5, 6.25, 1.75, 9.25], "texture": "#0"},
				"up": {"uv": [9, 2.25, 8.75, 2], "texture": "#0"},
				"down": {"uv": [9, 2.25, 8.75, 2.5], "texture": "#0"}
			}
		},
		{
			"from": [2.9, 0.4, 2.9],
			"to": [4.1, 12.6, 4.1],
			"rotation": {"angle": 0, "axis": "y", "origin": [8, 3.75, 8]},
			"faces": {
				"north": {"uv": [1.75, 6.25, 2, 9.25], "texture": "#0"},
				"east": {"uv": [2, 6.25, 2.25, 9.25], "texture": "#0"},
				"south": {"uv": [2.25, 6.25, 2.5, 9.25], "texture": "#0"},
				"west": {"uv": [2.5, 6.25, 2.75, 9.25], "texture": "#0"},
				"up": {"uv": [9, 2.75, 8.75, 2.5], "texture": "#0"},
				"down": {"uv": [9, 2.75, 8.75, 3], "texture": "#0"}
			}
		},
		{
			"from": [3.1, 2.35, 3.1],
			"to": [3.9, 8.15, 3.9],
			"rotation": {"angle": -45, "axis": "z", "origin": [8, 3.75, 8.0853]},
			"faces": {
				"north": {"uv": [4.25, 8.25, 4.5, 9.75], "texture": "#0"},
				"east": {"uv": [4.5, 8.25, 4.75, 9.75], "texture": "#0"},
				"south": {"uv": [8.25, 4.5, 8.5, 6], "texture": "#0"},
				"west": {"uv": [4.75, 8.25, 5, 9.75], "texture": "#0"},
				"up": {"uv": [9.25, 1.75, 9, 1.5], "texture": "#0"},
				"down": {"uv": [9.25, 1.75, 9, 2], "texture": "#0"}
			}
		},
		{
			"from": [5.97868, 10.59264, 3.1],
			"to": [11.77868, 11.39264, 3.9],
			"rotation": {"angle": -45, "axis": "z", "origin": [5.87868, 7.99264, 3.5]},
			"faces": {
				"north": {"uv": [8.25, 6.5, 9.75, 6.75], "texture": "#0"},
				"east": {"uv": [9, 2, 9.25, 2.25], "texture": "#0"},
				"south": {"uv": [8.25, 6.75, 9.75, 7], "texture": "#0"},
				"west": {"uv": [9, 2.25, 9.25, 2.5], "texture": "#0"},
				"up": {"uv": [9.75, 7.25, 8.25, 7], "texture": "#0"},
				"down": {"uv": [9.75, 7.25, 8.25, 7.5], "texture": "#0"}
			}
		},
		{
			"from": [5.97868, 10.59264, 12.1],
			"to": [11.77868, 11.39264, 12.9],
			"rotation": {"angle": -45, "axis": "z", "origin": [5.87868, 7.99264, 3.5]},
			"faces": {
				"north": {"uv": [8.5, 0.75, 10, 1], "texture": "#0"},
				"east": {"uv": [3, 9, 3.25, 9.25], "texture": "#0"},
				"south": {"uv": [8.5, 3, 10, 3.25], "texture": "#0"},
				"west": {"uv": [3.25, 9, 3.5, 9.25], "texture": "#0"},
				"up": {"uv": [10, 3.5, 8.5, 3.25], "texture": "#0"},
				"down": {"uv": [10, 3.5, 8.5, 3.75], "texture": "#0"}
			}
		},
		{
			"from": [3.1, 2.35, 12.1],
			"to": [3.9, 8.15, 12.9],
			"rotation": {"angle": -45, "axis": "z", "origin": [8, 3.75, 8.0853]},
			"faces": {
				"north": {"uv": [8.25, 7.5, 8.5, 9], "texture": "#0"},
				"east": {"uv": [8.5, 4.5, 8.75, 6], "texture": "#0"},
				"south": {"uv": [5, 8.5, 5.25, 10], "texture": "#0"},
				"west": {"uv": [8.5, 7.5, 8.75, 9], "texture": "#0"},
				"up": {"uv": [9.25, 2.75, 9, 2.5], "texture": "#0"},
				"down": {"uv": [9.25, 2.75, 9, 3], "texture": "#0"}
			}
		}
	],
	"display": {
		"firstperson_righthand": {
			"translation": [5, -1, 0]
		},
		"firstperson_lefthand": {
			"translation": [5, -1, 0]
		},
		"ground": {
			"translation": [0, 3.75, 0]
		},
		"gui": {
			"rotation": [27.25, 28.5, 0],
			"translation": [0, 0.25, 0],
			"scale": [0.8, 0.8, 0.8]
		},
		"head": {
			"translation": [0, 0.25, -0.75],
			"scale": [1.6, 1.6, 1.6]
		},
		"fixed": {
			"rotation": [-90, 0, 0],
			"translation": [0, 0, -13.5],
			"scale": [1.8, 1.8, 1.8]
		}
	}
}