{
	"credit": "Made with Blockbench",
	"texture_size": [32, 32],
	"textures": {
		"1": "block/custom/clockhat"
	},
	"elements": [
		{
			"from": [5, 8, 4],
			"to": [11, 13, 12],
			"faces": {
				"north": {"uv": [10, 5, 13, 7.5], "texture": "#1"},
				"east": {"uv": [6, 6, 10, 8.5], "texture": "#1"},
				"south": {"uv": [10, 7.5, 13, 10], "texture": "#1"},
				"west": {"uv": [6, 8.5, 10, 11], "texture": "#1"},
				"up": {"uv": [3, 10, 0, 6], "texture": "#1"},
				"down": {"uv": [6, 6, 3, 10], "texture": "#1"}
			}
		},
		{
			"from": [4.1, 8, 6],
			"to": [5.1, 12.999, 10],
			"faces": {
				"north": {"uv": [13, 10, 13.5, 12.5], "texture": "#1"},
				"east": {"uv": [10, 10, 12, 12.5], "texture": "#1"},
				"south": {"uv": [13, 12.5, 13.5, 15], "texture": "#1"},
				"west": {"uv": [6, 11, 8, 13.5], "texture": "#1"},
				"up": {"uv": [14.5, 2, 14, 0], "texture": "#1"},
				"down": {"uv": [14.5, 2, 14, 4], "texture": "#1"}
			}
		},
		{
			"from": [10.9, 8, 6],
			"to": [11.9, 12.999, 10],
			"rotation": {"angle": 0, "axis": "y", "origin": [16, 0, 0]},
			"faces": {
				"north": {"uv": [6, 13.5, 6.5, 16], "texture": "#1"},
				"east": {"uv": [8, 11, 10, 13.5], "texture": "#1"},
				"south": {"uv": [6.5, 13.5, 7, 16], "texture": "#1"},
				"west": {"uv": [12, 0, 14, 2.5], "texture": "#1"},
				"up": {"uv": [14.5, 6, 14, 4], "texture": "#1"},
				"down": {"uv": [14.5, 6, 14, 8], "texture": "#1"}
			}
		},
		{
			"from": [6.1, 8, 1.8],
			"to": [7.1, 12.99, 4],
			"rotation": {"angle": -22.5, "axis": "y", "origin": [0, 0, 0]},
			"faces": {
				"north": {"uv": [7, 13.5, 7.5, 16], "texture": "#1"},
				"east": {"uv": [12, 2.5, 13, 5], "texture": "#1"},
				"south": {"uv": [7.5, 13.5, 8, 16], "texture": "#1"},
				"west": {"uv": [12, 10, 13, 12.5], "texture": "#1"},
				"up": {"uv": [14.5, 9, 14, 8], "texture": "#1"},
				"down": {"uv": [14.5, 9, 14, 10], "texture": "#1"}
			}
		},
		{
			"from": [6.1, 8, 12],
			"to": [7.1, 12.99, 14.2],
			"rotation": {"angle": 22.5, "axis": "y", "origin": [0, 0, 16]},
			"faces": {
				"north": {"uv": [8, 13.5, 8.5, 16], "texture": "#1"},
				"east": {"uv": [10, 12.5, 11, 15], "texture": "#1"},
				"south": {"uv": [8.5, 13.5, 9, 16], "texture": "#1"},
				"west": {"uv": [11, 12.5, 12, 15], "texture": "#1"},
				"up": {"uv": [14.5, 11, 14, 10], "texture": "#1"},
				"down": {"uv": [14.5, 11, 14, 12], "texture": "#1"}
			}
		},
		{
			"from": [3, 7.999, 2],
			"to": [13, 7.999, 14],
			"faces": {
				"north": {"uv": [0, 0, 5, 0], "texture": "#1"},
				"east": {"uv": [0, 0, 6, 0], "texture": "#1"},
				"south": {"uv": [0, 0, 5, 0], "texture": "#1"},
				"west": {"uv": [0, 0, 6, 0], "texture": "#1"},
				"up": {"uv": [5, 6, 0, 0], "texture": "#1"},
				"down": {"uv": [10, 0, 5, 6], "texture": "#1"}
			}
		},
		{
			"from": [19.2, 7.101, 3.3],
			"to": [23.2, 7.101, 13],
			"rotation": {"angle": 45, "axis": "z", "origin": [15, 0, 0]},
			"faces": {
				"north": {"uv": [0, 0, 2, 0], "texture": "#1"},
				"east": {"uv": [0, 0, 4.75, 0], "texture": "#1"},
				"south": {"uv": [0, 0, 2, 0], "texture": "#1"},
				"west": {"uv": [0, 0, 4.75, 0], "texture": "#1"},
				"up": {"uv": [2, 14.75, 0, 10], "texture": "#1"},
				"down": {"uv": [12, 0, 10, 4.75], "texture": "#1"}
			}
		},
		{
			"from": [-7.2, 7.101, 3.3],
			"to": [-3.2, 7.101, 13],
			"rotation": {"angle": -45, "axis": "z", "origin": [1, 0, 0]},
			"faces": {
				"north": {"uv": [0, 0, 2, 0], "texture": "#1"},
				"east": {"uv": [0, 0, 4.75, 0], "texture": "#1"},
				"south": {"uv": [0, 0, 2, 0], "texture": "#1"},
				"west": {"uv": [0, 0, 4.75, 0], "texture": "#1"},
				"up": {"uv": [4, 14.75, 2, 10], "texture": "#1"},
				"down": {"uv": [6, 10, 4, 14.75], "texture": "#1"}
			}
		},
		{
			"from": [8.9, 8, 1.8],
			"to": [9.9, 12.99, 4],
			"rotation": {"angle": 22.5, "axis": "y", "origin": [16, 0, 0]},
			"faces": {
				"north": {"uv": [9, 13.5, 9.5, 16], "texture": "#1"},
				"east": {"uv": [12, 12.5, 13, 15], "texture": "#1"},
				"south": {"uv": [9.5, 13.5, 10, 16], "texture": "#1"},
				"west": {"uv": [13, 2.5, 14, 5], "texture": "#1"},
				"up": {"uv": [14.5, 13, 14, 12], "texture": "#1"},
				"down": {"uv": [14.5, 13, 14, 14], "texture": "#1"}
			}
		},
		{
			"from": [8.9, 8, 12],
			"to": [9.9, 12.99, 14.2],
			"rotation": {"angle": -22.5, "axis": "y", "origin": [16, 0, 16]},
			"faces": {
				"north": {"uv": [13.5, 10, 14, 12.5], "texture": "#1"},
				"east": {"uv": [13, 5, 14, 7.5], "texture": "#1"},
				"south": {"uv": [13.5, 12.5, 14, 15], "texture": "#1"},
				"west": {"uv": [13, 7.5, 14, 10], "texture": "#1"},
				"up": {"uv": [14.5, 15, 14, 14], "texture": "#1"},
				"down": {"uv": [15, 0, 14.5, 1], "texture": "#1"}
			}
		}
	],
	"display": {
		"thirdperson_righthand": {
			"rotation": [-90, 0, 0]
		},
		"thirdperson_lefthand": {
			"rotation": [-90, 0, 0]
		},
		"ground": {
			"translation": [0, -3, 0]
		},
		"gui": {
			"rotation": [20, 0, 0],
			"translation": [0, -2, 0]
		},
		"head": {
			"rotation": [15, 0, 0],
			"translation": [0, 4, 0],
			"scale": [2, 2, 2]
		},
		"fixed": {
			"rotation": [-90, 0, 0],
			"translation": [0, 0, 0.25],
			"scale": [1.6, 1.6, 1.6]
		}
	}
}