{
	"credit": "Made with Blockbench",
	"texture_size": [32, 32],
	"textures": {
		"1": "block/custom/clockhat",
		"3": "block/custom/clockhat_helmet",
		"particle": "block/custom/clockhat"
	},
	"elements": [
		{
			"from": [5, 11, 4],
			"to": [11, 16, 12],
			"rotation": {"angle": 0, "axis": "x", "origin": [8, 9, 7.64752]},
			"faces": {
				"north": {"uv": [10, 5, 13, 7.5], "texture": "#1"},
				"east": {"uv": [6, 6, 10, 8.5], "texture": "#1"},
				"south": {"uv": [10, 7.5, 13, 10], "texture": "#1"},
				"west": {"uv": [6, 8.5, 10, 11], "texture": "#1"},
				"up": {"uv": [3, 10, 0, 6], "texture": "#1"},
				"down": {"uv": [6, 6, 3, 10], "texture": "#1"}
			}
		},
		{
			"from": [4.1, 11, 6],
			"to": [5.1, 15.999, 10],
			"rotation": {"angle": 0, "axis": "x", "origin": [8, 9, 7.64752]},
			"faces": {
				"north": {"uv": [13, 10, 13.5, 12.5], "texture": "#1"},
				"east": {"uv": [10, 10, 12, 12.5], "texture": "#1"},
				"south": {"uv": [13, 12.5, 13.5, 15], "texture": "#1"},
				"west": {"uv": [6, 11, 8, 13.5], "texture": "#1"},
				"up": {"uv": [14.5, 2, 14, 0], "texture": "#1"},
				"down": {"uv": [14.5, 2, 14, 4], "texture": "#1"}
			}
		},
		{
			"from": [10.9, 11, 6],
			"to": [11.9, 15.999, 10],
			"rotation": {"angle": 0, "axis": "y", "origin": [8, 9, 7.64752]},
			"faces": {
				"north": {"uv": [6, 13.5, 6.5, 16], "texture": "#1"},
				"east": {"uv": [8, 11, 10, 13.5], "texture": "#1"},
				"south": {"uv": [6.5, 13.5, 7, 16], "texture": "#1"},
				"west": {"uv": [12, 0, 14, 2.5], "texture": "#1"},
				"up": {"uv": [14.5, 6, 14, 4], "texture": "#1"},
				"down": {"uv": [14.5, 6, 14, 8], "texture": "#1"}
			}
		},
		{
			"from": [3.78238, 11, 5.4436],
			"to": [4.78238, 15.99, 7.6436],
			"rotation": {"angle": -22.5, "axis": "y", "origin": [8, 9, 7.64752]},
			"faces": {
				"north": {"uv": [7, 13.5, 7.5, 16], "texture": "#1"},
				"east": {"uv": [12, 2.5, 13, 5], "texture": "#1"},
				"south": {"uv": [7.5, 13.5, 8, 16], "texture": "#1"},
				"west": {"uv": [12, 10, 13, 12.5], "texture": "#1"},
				"up": {"uv": [14.5, 9, 14, 8], "texture": "#1"},
				"down": {"uv": [14.5, 9, 14, 10], "texture": "#1"}
			}
		},
		{
			"from": [3.51261, 11, 8.30274],
			"to": [4.51261, 15.99, 10.50274],
			"rotation": {"angle": 22.5, "axis": "y", "origin": [8, 9, 7.64752]},
			"faces": {
				"north": {"uv": [8, 13.5, 8.5, 16], "texture": "#1"},
				"east": {"uv": [10, 12.5, 11, 15], "texture": "#1"},
				"south": {"uv": [8.5, 13.5, 9, 16], "texture": "#1"},
				"west": {"uv": [11, 12.5, 12, 15], "texture": "#1"},
				"up": {"uv": [14.5, 11, 14, 10], "texture": "#1"},
				"down": {"uv": [14.5, 11, 14, 12], "texture": "#1"}
			}
		},
		{
			"from": [3, 10.999, 2],
			"to": [13, 10.999, 14],
			"rotation": {"angle": 0, "axis": "x", "origin": [8, 9, 7.64752]},
			"faces": {
				"north": {"uv": [0, 0, 5, 0], "texture": "#1"},
				"east": {"uv": [0, 0, 6, 0], "texture": "#1"},
				"south": {"uv": [0, 0, 5, 0], "texture": "#1"},
				"west": {"uv": [0, 0, 6, 0], "texture": "#1"},
				"up": {"uv": [5, 6, 0, 0], "texture": "#1"},
				"down": {"uv": [10, 0, 5, 6], "texture": "#1"}
			}
		},
		{
			"from": [12.90711, 6.90861, 3.3],
			"to": [16.90711, 6.90861, 13],
			"rotation": {"angle": 45, "axis": "z", "origin": [8, 9, 7.64752]},
			"faces": {
				"north": {"uv": [0, 0, 2, 0], "texture": "#1"},
				"east": {"uv": [0, 0, 4.75, 0], "texture": "#1"},
				"south": {"uv": [0, 0, 2, 0], "texture": "#1"},
				"west": {"uv": [0, 0, 4.75, 0], "texture": "#1"},
				"up": {"uv": [2, 14.75, 0, 10], "texture": "#1"},
				"down": {"uv": [12, 0, 10, 4.75], "texture": "#1"}
			}
		},
		{
			"from": [-0.90711, 6.90861, 3.3],
			"to": [3.09289, 6.90861, 13],
			"rotation": {"angle": -45, "axis": "z", "origin": [8, 9, 7.64752]},
			"faces": {
				"north": {"uv": [0, 0, 2, 0], "texture": "#1"},
				"east": {"uv": [0, 0, 4.75, 0], "texture": "#1"},
				"south": {"uv": [0, 0, 2, 0], "texture": "#1"},
				"west": {"uv": [0, 0, 4.75, 0], "texture": "#1"},
				"up": {"uv": [4, 14.75, 2, 10], "texture": "#1"},
				"down": {"uv": [6, 10, 4, 14.75], "texture": "#1"}
			}
		},
		{
			"from": [11.21762, 11, 5.4436],
			"to": [12.21762, 15.99, 7.6436],
			"rotation": {"angle": 22.5, "axis": "y", "origin": [8, 9, 7.64752]},
			"faces": {
				"north": {"uv": [9, 13.5, 9.5, 16], "texture": "#1"},
				"east": {"uv": [12, 12.5, 13, 15], "texture": "#1"},
				"south": {"uv": [9.5, 13.5, 10, 16], "texture": "#1"},
				"west": {"uv": [13, 2.5, 14, 5], "texture": "#1"},
				"up": {"uv": [14.5, 13, 14, 12], "texture": "#1"},
				"down": {"uv": [14.5, 13, 14, 14], "texture": "#1"}
			}
		},
		{
			"from": [11.48739, 11, 8.30274],
			"to": [12.48739, 15.99, 10.50274],
			"rotation": {"angle": -22.5, "axis": "y", "origin": [8, 9, 7.64752]},
			"faces": {
				"north": {"uv": [13.5, 10, 14, 12.5], "texture": "#1"},
				"east": {"uv": [13, 5, 14, 7.5], "texture": "#1"},
				"south": {"uv": [13.5, 12.5, 14, 15], "texture": "#1"},
				"west": {"uv": [13, 7.5, 14, 10], "texture": "#1"},
				"up": {"uv": [14.5, 15, 14, 14], "texture": "#1"},
				"down": {"uv": [15, 0, 14.5, 1], "texture": "#1"}
			}
		},
		{
			"from": [4.5, 2.9, 4.5],
			"to": [11.5, 10.9, 11.5],
			"rotation": {"angle": 0, "axis": "y", "origin": [8, 6, 8]},
			"faces": {
				"north": {"uv": [3.5, 3.5, 7, 7.5], "texture": "#3"},
				"east": {"uv": [0, 3.5, 3.5, 7.5], "texture": "#3"},
				"south": {"uv": [10.5, 3.5, 14, 7.5], "texture": "#3"},
				"west": {"uv": [7, 3.5, 10.5, 7.5], "texture": "#3"},
				"up": {"uv": [7, 3.5, 3.5, 0], "texture": "#3"},
				"down": {"uv": [10.5, 0, 7, 3.5], "texture": "#3"}
			}
		},
		{
			"from": [6.5, 5.9, 3.5],
			"to": [9.5, 8.9, 4.5],
			"rotation": {"angle": 0, "axis": "y", "origin": [7.5, 9, 7]},
			"faces": {
				"north": {"uv": [8.5, 8, 10, 9.5], "texture": "#3"},
				"east": {"uv": [8, 8, 8.5, 9.5], "texture": "#3"},
				"south": {"uv": [10.5, 8, 12, 9.5], "texture": "#3"},
				"west": {"uv": [10, 8, 10.5, 9.5], "texture": "#3"},
				"up": {"uv": [10, 8, 8.5, 7.5], "texture": "#3"},
				"down": {"uv": [11.5, 7.5, 10, 8], "texture": "#3"}
			}
		},
		{
			"from": [11.5, 3.9, 6],
			"to": [12.5, 6.9, 9],
			"rotation": {"angle": 0, "axis": "y", "origin": [7.5, 9, 7]},
			"faces": {
				"north": {"uv": [5.5, 9, 6, 10.5], "texture": "#3"},
				"east": {"uv": [4, 9, 5.5, 10.5], "texture": "#3"},
				"south": {"uv": [7.5, 9, 8, 10.5], "texture": "#3"},
				"west": {"uv": [6, 9, 7.5, 10.5], "texture": "#3"},
				"up": {"uv": [6, 9, 5.5, 7.5], "texture": "#3"},
				"down": {"uv": [6.5, 7.5, 6, 9], "texture": "#3"}
			}
		},
		{
			"from": [3.5, 3.9, 6],
			"to": [4.5, 6.9, 9],
			"rotation": {"angle": 0, "axis": "y", "origin": [8.5, 9, 7]},
			"faces": {
				"north": {"uv": [6, 9, 5.5, 10.5], "texture": "#3"},
				"east": {"uv": [7.5, 9, 6, 10.5], "texture": "#3"},
				"south": {"uv": [8, 9, 7.5, 10.5], "texture": "#3"},
				"west": {"uv": [5.5, 9, 4, 10.5], "texture": "#3"},
				"up": {"uv": [5.5, 9, 6, 7.5], "texture": "#3"},
				"down": {"uv": [6, 7.5, 6.5, 9], "texture": "#3"}
			}
		},
		{
			"from": [5, 2.9, 4],
			"to": [7, 4.9, 5],
			"faces": {
				"north": {"uv": [0.5, 0.5, 1.5, 1.5], "texture": "#3"},
				"east": {"uv": [0, 0.5, 0.5, 1.5], "texture": "#3"},
				"south": {"uv": [2, 0.5, 3, 1.5], "texture": "#3"},
				"west": {"uv": [1.5, 0.5, 2, 1.5], "texture": "#3"},
				"up": {"uv": [1.5, 0.5, 0.5, 0], "texture": "#3"},
				"down": {"uv": [2.5, 0, 1.5, 0.5], "texture": "#3"}
			}
		},
		{
			"from": [9, 2.9, 4],
			"to": [11, 4.9, 5],
			"faces": {
				"north": {"uv": [0.5, 0.5, 1.5, 1.5], "texture": "#3"},
				"east": {"uv": [0, 0.5, 0.5, 1.5], "texture": "#3"},
				"south": {"uv": [2, 0.5, 3, 1.5], "texture": "#3"},
				"west": {"uv": [1.5, 0.5, 2, 1.5], "texture": "#3"},
				"up": {"uv": [1.5, 0.5, 0.5, 0], "texture": "#3"},
				"down": {"uv": [2.5, 0, 1.5, 0.5], "texture": "#3"}
			}
		}
	],
	"display": {
		"thirdperson_righthand": {
			"rotation": [-90, 0, 0]
		},
		"thirdperson_lefthand": {
			"rotation": [-90, 0, 0]
		},
		"ground": {
			"translation": [0, -3, 0]
		},
		"gui": {
			"rotation": [20, 0, 0],
			"translation": [0, -2, 0]
		},
		"head": {
			"translation": [0, 4.25, 0],
			"scale": [2.1, 2.1, 2.1]
		},
		"fixed": {
			"rotation": [-90, 0, 0],
			"translation": [0, 0, 0.25],
			"scale": [1.6, 1.6, 1.6]
		}
	},
	"groups": [
		{
			"name": "group",
			"origin": [16.5, 3, 16.64752],
			"color": 0,
			"children": [0, 1, 2, 3, 4, 5, 6, 7, 8, 9]
		},
		10,
		11,
		12,
		13,
		14,
		15
	]
}