{
	"credit": "Made with Blockbench",
	"texture_size": [64, 64],
	"textures": {
		"1": "block/custom/creeper"
	},
	"elements": [
		{
			"from": [4, 0, 3],
			"to": [8, 6, 7],
			"faces": {
				"north": {"uv": [9.25, 1.25, 10.25, 2.75], "texture": "#1"},
				"east": {"uv": [8.25, 1.25, 9.25, 2.75], "texture": "#1"},
				"south": {"uv": [11.25, 1.25, 12.25, 2.75], "texture": "#1"},
				"west": {"uv": [10.25, 1.25, 11.25, 2.75], "texture": "#1"},
				"up": {"uv": [10.25, 1.25, 9.25, 0.25], "texture": "#1"},
				"down": {"uv": [11.25, 0.25, 10.25, 1.25], "texture": "#1"}
			}
		},
		{
			"from": [8, 0, 3],
			"to": [12, 6, 7],
			"faces": {
				"north": {"uv": [1.25, 9.25, 2.25, 10.75], "texture": "#1"},
				"east": {"uv": [0.25, 9.25, 1.25, 10.75], "texture": "#1"},
				"south": {"uv": [3.25, 9.25, 4.25, 10.75], "texture": "#1"},
				"west": {"uv": [2.25, 9.25, 3.25, 10.75], "texture": "#1"},
				"up": {"uv": [2.25, 9.25, 1.25, 8.25], "texture": "#1"},
				"down": {"uv": [3.25, 8.25, 2.25, 9.25], "texture": "#1"}
			}
		},
		{
			"from": [4, 0, 11],
			"to": [8, 6, 15],
			"faces": {
				"north": {"uv": [6, 8, 7, 9.5], "texture": "#1"},
				"east": {"uv": [5, 8, 6, 9.5], "texture": "#1"},
				"south": {"uv": [8, 8, 9, 9.5], "texture": "#1"},
				"west": {"uv": [7, 8, 8, 9.5], "texture": "#1"},
				"up": {"uv": [7, 8, 6, 7], "texture": "#1"},
				"down": {"uv": [8, 7, 7, 8], "texture": "#1"}
			}
		},
		{
			"from": [4, 6, 7],
			"to": [12, 18, 11],
			"faces": {
				"north": {"uv": [1, 5, 3, 8], "texture": "#1"},
				"east": {"uv": [0, 5, 1, 8], "texture": "#1"},
				"south": {"uv": [4, 5, 6, 8], "texture": "#1"},
				"west": {"uv": [3, 5, 4, 8], "texture": "#1"},
				"up": {"uv": [3, 5, 1, 4], "texture": "#1"},
				"down": {"uv": [5, 4, 3, 5], "texture": "#1"}
			}
		},
		{
			"from": [4, 18, 5],
			"to": [12, 26, 13],
			"faces": {
				"north": {"uv": [2, 2, 4, 4], "texture": "#1"},
				"east": {"uv": [0, 2, 2, 4], "texture": "#1"},
				"south": {"uv": [6, 2, 8, 4], "texture": "#1"},
				"west": {"uv": [4, 2, 6, 4], "texture": "#1"},
				"up": {"uv": [4, 2, 2, 0], "texture": "#1"},
				"down": {"uv": [6, 0, 4, 2], "texture": "#1"}
			}
		},
		{
			"from": [8, 0, 11],
			"to": [12, 6, 15],
			"faces": {
				"north": {"uv": [7.25, 5.25, 8.25, 6.75], "texture": "#1"},
				"east": {"uv": [6.25, 5.25, 7.25, 6.75], "texture": "#1"},
				"south": {"uv": [9.25, 5.25, 10.25, 6.75], "texture": "#1"},
				"west": {"uv": [8.25, 5.25, 9.25, 6.75], "texture": "#1"},
				"up": {"uv": [8.25, 5.25, 7.25, 4.25], "texture": "#1"},
				"down": {"uv": [9.25, 4.25, 8.25, 5.25], "texture": "#1"}
			}
		}
	],
	"display": {
		"ground": {
			"translation": [0, 4, 0]
		},
		"gui": {
			"rotation": [30, -140, 0],
			"translation": [0, -2.5, 0],
			"scale": [0.6, 0.6, 0.6]
		},
		"head": {
			"translation": [0, -28.75, -2.25],
			"scale": [2, 2, 2]
		},
		"fixed": {
			"rotation": [-90, 0, 0],
			"translation": [0, 0, -16],
			"scale": [2, 2, 2]
		}
	}
}