{
	"credit": "Made with Blockbench",
	"textures": {
		"1": "block/custom/cape",
		"2": "block/custom/crown",
		"3": "block/custom/cape_2",
		"particle": "block/custom/cape"
	},
	"elements": [
		{
			"from": [3, 20, 3],
			"to": [13, 21, 13],
			"rotation": {"angle": 0, "axis": "y", "origin": [0, 20, 0]},
			"faces": {
				"north": {"uv": [6.5, 0.5, 9, 0.75], "texture": "#2"},
				"east": {"uv": [6.5, 0.75, 9, 1], "texture": "#2"},
				"south": {"uv": [1, 6.5, 3.5, 6.75], "texture": "#2"},
				"west": {"uv": [6.5, 1, 9, 1.25], "texture": "#2"},
				"up": {"uv": [2.5, 2.5, 0, 0], "texture": "#2"},
				"down": {"uv": [2.5, 2.5, 0, 5], "texture": "#2"}
			}
		},
		{
			"from": [4, 20, 13],
			"to": [12, 21, 14],
			"rotation": {"angle": 0, "axis": "y", "origin": [0, 20, 0]},
			"faces": {
				"north": {"uv": [6.5, 3.75, 8.5, 4], "texture": "#2"},
				"east": {"uv": [2.5, 7.75, 2.75, 8], "texture": "#2"},
				"south": {"uv": [7, 1.75, 9, 2], "texture": "#2"},
				"west": {"uv": [2.5, 8, 2.75, 8.25], "texture": "#2"},
				"up": {"uv": [9, 2.25, 7, 2], "texture": "#2"},
				"down": {"uv": [9, 2.25, 7, 2.5], "texture": "#2"}
			}
		},
		{
			"from": [4, 20, 2],
			"to": [12, 21, 3],
			"rotation": {"angle": 0, "axis": "y", "origin": [0, 20, 0]},
			"faces": {
				"north": {"uv": [7, 2.5, 9, 2.75], "texture": "#2"},
				"east": {"uv": [3.5, 8, 3.75, 8.25], "texture": "#2"},
				"south": {"uv": [7, 2.75, 9, 3], "texture": "#2"},
				"west": {"uv": [3.75, 8, 4, 8.25], "texture": "#2"},
				"up": {"uv": [9, 3.25, 7, 3], "texture": "#2"},
				"down": {"uv": [9, 3.25, 7, 3.5], "texture": "#2"}
			}
		},
		{
			"from": [13, 20, 4],
			"to": [14, 21, 12],
			"rotation": {"angle": 0, "axis": "y", "origin": [0, 20, 0]},
			"faces": {
				"north": {"uv": [4, 8, 4.25, 8.25], "texture": "#2"},
				"east": {"uv": [7, 3.5, 9, 3.75], "texture": "#2"},
				"south": {"uv": [4.25, 8, 4.5, 8.25], "texture": "#2"},
				"west": {"uv": [7, 4, 9, 4.25], "texture": "#2"},
				"up": {"uv": [3, 8.75, 2.75, 6.75], "texture": "#2"},
				"down": {"uv": [3.25, 6.75, 3, 8.75], "texture": "#2"}
			}
		},
		{
			"from": [2, 20, 4],
			"to": [3, 21, 12],
			"rotation": {"angle": 0, "axis": "y", "origin": [0, 20, 0]},
			"faces": {
				"north": {"uv": [5.5, 8, 5.75, 8.25], "texture": "#2"},
				"east": {"uv": [7, 4.25, 9, 4.5], "texture": "#2"},
				"south": {"uv": [5.75, 8, 6, 8.25], "texture": "#2"},
				"west": {"uv": [7, 4.5, 9, 4.75], "texture": "#2"},
				"up": {"uv": [3.5, 8.75, 3.25, 6.75], "texture": "#2"},
				"down": {"uv": [4.75, 7, 4.5, 9], "texture": "#2"}
			}
		},
		{
			"from": [3, 19, 7],
			"to": [4, 24, 9],
			"rotation": {"angle": 22.5, "axis": "z", "origin": [0, 20, 0]},
			"faces": {
				"north": {"uv": [4.75, 7, 5, 8.25], "texture": "#2"},
				"east": {"uv": [6.5, 1.25, 7, 2.5], "texture": "#2"},
				"south": {"uv": [5, 7, 5.25, 8.25], "texture": "#2"},
				"west": {"uv": [6.5, 2.5, 7, 3.75], "texture": "#2"},
				"up": {"uv": [1.25, 6.5, 1, 6], "texture": "#2"},
				"down": {"uv": [1.5, 6, 1.25, 6.5], "texture": "#2"}
			}
		},
		{
			"from": [1.5527, 24.58264, 7],
			"to": [2.5527, 25.99685, 9],
			"rotation": {"angle": -22.5, "axis": "z", "origin": [2.0527, 25.49685, 8]},
			"faces": {
				"north": {"uv": [4.75, 7, 5, 7.5], "texture": "#2"},
				"east": {"uv": [6.5, 1.25, 7, 1.5], "texture": "#2"},
				"south": {"uv": [5, 7, 5.25, 7.5], "texture": "#2"},
				"west": {"uv": [6.5, 2.5, 7, 2.75], "texture": "#2"},
				"up": {"uv": [1.25, 6.5, 1, 6], "texture": "#2"},
				"down": {"uv": [1.5, 6, 1.25, 6.5], "texture": "#2"}
			}
		},
		{
			"from": [13.4473, 24.58264, 7],
			"to": [14.4473, 25.99685, 9],
			"rotation": {"angle": 22.5, "axis": "z", "origin": [13.9473, 25.49685, 8]},
			"faces": {
				"north": {"uv": [5, 7, 5.25, 7.5], "texture": "#2"},
				"east": {"uv": [6.5, 2.5, 7, 2.75], "texture": "#2"},
				"south": {"uv": [4.75, 7, 5, 7.5], "texture": "#2"},
				"west": {"uv": [6.5, 1.25, 7, 1.5], "texture": "#2"},
				"up": {"uv": [1, 6, 1.25, 6.5], "texture": "#2"},
				"down": {"uv": [1.25, 6.5, 1.5, 6], "texture": "#2"}
			}
		},
		{
			"from": [7, 24.57372, 1.59111],
			"to": [9, 25.98793, 2.59111],
			"rotation": {"angle": 22.5, "axis": "x", "origin": [8, 25.48793, 2.09111]},
			"faces": {
				"north": {"uv": [6.5, 2.5, 7, 2.75], "texture": "#2"},
				"east": {"uv": [4.75, 7, 5, 7.5], "texture": "#2"},
				"south": {"uv": [6.5, 1.25, 7, 1.5], "texture": "#2"},
				"west": {"uv": [5, 7, 5.25, 7.5], "texture": "#2"},
				"up": {"uv": [1, 6, 1.25, 6.5], "rotation": 270, "texture": "#2"},
				"down": {"uv": [1.25, 6.5, 1.5, 6], "rotation": 90, "texture": "#2"}
			}
		},
		{
			"from": [7, 24.57372, 13.40889],
			"to": [9, 25.98793, 14.40889],
			"rotation": {"angle": -22.5, "axis": "x", "origin": [8, 25.48793, 13.90889]},
			"faces": {
				"north": {"uv": [7, 1.25, 6.5, 1.5], "texture": "#2"},
				"east": {"uv": [5, 7, 4.75, 7.5], "texture": "#2"},
				"south": {"uv": [7, 2.5, 6.5, 2.75], "texture": "#2"},
				"west": {"uv": [5.25, 7, 5, 7.5], "texture": "#2"},
				"up": {"uv": [1.25, 6, 1, 6.5], "rotation": 270, "texture": "#2"},
				"down": {"uv": [1.5, 6.5, 1.25, 6], "rotation": 90, "texture": "#2"}
			}
		},
		{
			"from": [12, 19, 7],
			"to": [13, 24, 9],
			"rotation": {"angle": -22.5, "axis": "z", "origin": [16, 20, 0]},
			"faces": {
				"north": {"uv": [5.25, 7, 5.5, 8.25], "texture": "#2"},
				"east": {"uv": [3.5, 6.5, 4, 7.75], "texture": "#2"},
				"south": {"uv": [7, 6.75, 7.25, 8], "texture": "#2"},
				"west": {"uv": [4, 6.5, 4.5, 7.75], "texture": "#2"},
				"up": {"uv": [2.75, 7.75, 2.5, 7.25], "texture": "#2"},
				"down": {"uv": [7.5, 7.25, 7.25, 7.75], "texture": "#2"}
			}
		},
		{
			"from": [7, 19, 3],
			"to": [9, 24, 4],
			"rotation": {"angle": -22.5, "axis": "x", "origin": [0, 20, 0]},
			"faces": {
				"north": {"uv": [5.5, 6.5, 6, 7.75], "texture": "#2"},
				"east": {"uv": [1.5, 7.25, 1.75, 8.5], "texture": "#2"},
				"south": {"uv": [6, 6.5, 6.5, 7.75], "texture": "#2"},
				"west": {"uv": [1.75, 7.25, 2, 8.5], "texture": "#2"},
				"up": {"uv": [0.5, 7.75, 0, 7.5], "texture": "#2"},
				"down": {"uv": [1, 7.5, 0.5, 7.75], "texture": "#2"}
			}
		},
		{
			"from": [7, 19, 12],
			"to": [9, 24, 13],
			"rotation": {"angle": 22.5, "axis": "x", "origin": [0, 20, 16]},
			"faces": {
				"north": {"uv": [6.5, 6.5, 7, 7.75], "texture": "#2"},
				"east": {"uv": [2, 7.25, 2.25, 8.5], "texture": "#2"},
				"south": {"uv": [1, 6.75, 1.5, 8], "texture": "#2"},
				"west": {"uv": [2.25, 7.25, 2.5, 8.5], "texture": "#2"},
				"up": {"uv": [8, 7.5, 7.5, 7.25], "texture": "#2"},
				"down": {"uv": [8, 7.5, 7.5, 7.75], "texture": "#2"}
			}
		},
		{
			"from": [7, 24, 6.25],
			"to": [9, 25, 12],
			"rotation": {"angle": 22.5, "axis": "x", "origin": [16, 20, 16]},
			"faces": {
				"north": {"uv": [0, 7.75, 0.5, 8], "texture": "#2"},
				"east": {"uv": [7, 4.75, 8.5, 5], "texture": "#2"},
				"south": {"uv": [0.5, 7.75, 1, 8], "texture": "#2"},
				"west": {"uv": [7, 5, 8.5, 5.25], "texture": "#2"},
				"up": {"uv": [5, 7, 4.5, 5.5], "texture": "#2"},
				"down": {"uv": [5.5, 5.5, 5, 7], "texture": "#2"}
			}
		},
		{
			"from": [4, 24, 7],
			"to": [9.75, 25, 9],
			"rotation": {"angle": 22.5, "axis": "z", "origin": [0, 20, 16]},
			"faces": {
				"north": {"uv": [7, 5.25, 8.5, 5.5], "texture": "#2"},
				"east": {"uv": [3.5, 7.75, 4, 8], "texture": "#2"},
				"south": {"uv": [7, 5.5, 8.5, 5.75], "texture": "#2"},
				"west": {"uv": [4, 7.75, 4.5, 8], "texture": "#2"},
				"up": {"uv": [7, 5.5, 5.5, 5], "texture": "#2"},
				"down": {"uv": [7, 5.5, 5.5, 6], "texture": "#2"}
			}
		},
		{
			"from": [7, 30.1, 5.25],
			"to": [9, 31.1, 11],
			"rotation": {"angle": -22.5, "axis": "x", "origin": [0, 20, 16]},
			"faces": {
				"north": {"uv": [5.5, 7.75, 6, 8], "texture": "#2"},
				"east": {"uv": [7, 5.75, 8.5, 6], "texture": "#2"},
				"south": {"uv": [6, 7.75, 6.5, 8], "texture": "#2"},
				"west": {"uv": [7, 6, 8.5, 6.25], "texture": "#2"},
				"up": {"uv": [0.5, 7.5, 0, 6], "texture": "#2"},
				"down": {"uv": [1, 6, 0.5, 7.5], "texture": "#2"}
			}
		},
		{
			"from": [6.25, 24, 7],
			"to": [12, 25, 9],
			"rotation": {"angle": -22.5, "axis": "z", "origin": [16, 20, 16]},
			"faces": {
				"north": {"uv": [7, 6.25, 8.5, 6.5], "texture": "#2"},
				"east": {"uv": [6.5, 7.75, 7, 8], "texture": "#2"},
				"south": {"uv": [7, 6.5, 8.5, 6.75], "texture": "#2"},
				"west": {"uv": [7.25, 7.75, 7.75, 8], "texture": "#2"},
				"up": {"uv": [7, 6.5, 5.5, 6], "texture": "#2"},
				"down": {"uv": [8, 0, 6.5, 0.5], "texture": "#2"}
			}
		},
		{
			"from": [4, 21, 4],
			"to": [12, 25, 12],
			"rotation": {"angle": 0, "axis": "y", "origin": [0, 20, 0]},
			"faces": {
				"north": {"uv": [4.5, 0, 6.5, 1], "texture": "#2"},
				"east": {"uv": [4.5, 1, 6.5, 2], "texture": "#2"},
				"south": {"uv": [4.5, 2, 6.5, 3], "texture": "#2"},
				"west": {"uv": [4.5, 3, 6.5, 4], "texture": "#2"},
				"up": {"uv": [4.5, 2, 2.5, 0], "texture": "#2"},
				"down": {"uv": [4.5, 2, 2.5, 4], "texture": "#2"}
			}
		},
		{
			"from": [5, 22, 5],
			"to": [11, 26, 11],
			"rotation": {"angle": 0, "axis": "y", "origin": [0, 20, 0]},
			"faces": {
				"north": {"uv": [0, 5, 1.5, 6], "texture": "#2"},
				"east": {"uv": [1.5, 5.5, 3, 6.5], "texture": "#2"},
				"south": {"uv": [3, 5.5, 4.5, 6.5], "texture": "#2"},
				"west": {"uv": [5.5, 4, 7, 5], "texture": "#2"},
				"up": {"uv": [4, 5.5, 2.5, 4], "texture": "#2"},
				"down": {"uv": [5.5, 4, 4, 5.5], "texture": "#2"}
			}
		},
		{
			"from": [7, 28, 7],
			"to": [9, 29, 9],
			"rotation": {"angle": 0, "axis": "y", "origin": [0, 20, 0]},
			"faces": {
				"north": {"uv": [8, 0, 8.5, 0.25], "texture": "#2"},
				"east": {"uv": [8, 0.25, 8.5, 0.5], "texture": "#2"},
				"south": {"uv": [0.5, 8, 1, 8.25], "texture": "#2"},
				"west": {"uv": [1, 8, 1.5, 8.25], "texture": "#2"},
				"up": {"uv": [2, 5.5, 1.5, 5], "texture": "#2"},
				"down": {"uv": [2.5, 5, 2, 5.5], "texture": "#2"}
			}
		},
		{
			"from": [1, -16, 12],
			"to": [15, 6.25, 12],
			"faces": {
				"north": {"uv": [0, 0, 7, 9.5], "texture": "#1"},
				"east": {"uv": [0, 0, 0, 9.5], "texture": "#1"},
				"south": {"uv": [7, 0, 14, 9.5], "texture": "#1"},
				"west": {"uv": [0, 0, 0, 9.5], "texture": "#1"},
				"up": {"uv": [7, 0, 0, 0], "texture": "#1"},
				"down": {"uv": [7, 0, 0, 0], "texture": "#1"}
			}
		},
		{
			"from": [0, 6.5, 4],
			"to": [2, 8.5, 5],
			"faces": {
				"north": {"uv": [2, 12.5, 3, 13.5], "texture": "#1"},
				"east": {"uv": [2, 13.5, 2.5, 14.5], "texture": "#1"},
				"south": {"uv": [3, 12.5, 4, 13.5], "texture": "#1"},
				"west": {"uv": [2.5, 13.5, 3, 14.5], "texture": "#1"},
				"up": {"uv": [4, 14, 3, 13.5], "texture": "#1"},
				"down": {"uv": [5, 13.5, 4, 14], "texture": "#1"}
			}
		},
		{
			"from": [0, 7.25, 5],
			"to": [2, 9.25, 11],
			"faces": {
				"north": {"uv": [4, 12.5, 5, 13.5], "texture": "#1"},
				"east": {"uv": [0, 11.5, 3, 12.5], "texture": "#1"},
				"south": {"uv": [5, 12.5, 6, 13.5], "texture": "#1"},
				"west": {"uv": [3, 11.5, 6, 12.5], "texture": "#1"},
				"up": {"uv": [7, 14.5, 6, 11.5], "texture": "#1"},
				"down": {"uv": [8, 11.5, 7, 14.5], "texture": "#1"}
			}
		},
		{
			"from": [1, 6.25, 11],
			"to": [15, 8.25, 13],
			"faces": {
				"north": {"uv": [0, 9.5, 7, 10.5], "texture": "#1"},
				"east": {"uv": [8, 12.5, 9, 13.5], "texture": "#1"},
				"south": {"uv": [7, 9.5, 14, 10.5], "texture": "#1"},
				"west": {"uv": [9, 12.5, 10, 13.5], "texture": "#1"},
				"up": {"uv": [7, 11.5, 0, 10.5], "texture": "#1"},
				"down": {"uv": [14, 10.5, 7, 11.5], "texture": "#1"}
			}
		},
		{
			"from": [14, 7.25, 5],
			"to": [16, 9.25, 11],
			"faces": {
				"north": {"uv": [10, 12.5, 11, 13.5], "texture": "#1"},
				"east": {"uv": [8, 11.5, 11, 12.5], "texture": "#1"},
				"south": {"uv": [11, 12.5, 12, 13.5], "texture": "#1"},
				"west": {"uv": [11, 11.5, 14, 12.5], "texture": "#1"},
				"up": {"uv": [1, 15.5, 0, 12.5], "texture": "#1"},
				"down": {"uv": [2, 12.5, 1, 15.5], "texture": "#1"}
			}
		},
		{
			"from": [14, 6.5, 4],
			"to": [16, 8.5, 5],
			"faces": {
				"north": {"uv": [12, 12.5, 13, 13.5], "texture": "#1"},
				"east": {"uv": [5, 13.5, 5.5, 14.5], "texture": "#1"},
				"south": {"uv": [13, 12.5, 14, 13.5], "texture": "#1"},
				"west": {"uv": [5.5, 13.5, 6, 14.5], "texture": "#1"},
				"up": {"uv": [9, 14, 8, 13.5], "texture": "#1"},
				"down": {"uv": [10, 13.5, 9, 14], "texture": "#1"}
			}
		},
		{
			"from": [1, -0.75, 9],
			"to": [1, 6.25, 12],
			"faces": {
				"north": {"uv": [0, 0, 0, 7], "texture": "#3"},
				"east": {"uv": [6, 0, 9, 7], "texture": "#3"},
				"south": {"uv": [0, 0, 0, 7], "texture": "#3"},
				"west": {"uv": [0, 7, 3, 14], "texture": "#3"},
				"up": {"uv": [0, 3, 0, 0], "texture": "#3"},
				"down": {"uv": [0, 0, 0, 3], "texture": "#3"}
			}
		},
		{
			"from": [1, 6.25, 8],
			"to": [1, 7.25, 11],
			"faces": {
				"north": {"uv": [0, 0, 0, 1], "texture": "#3"},
				"east": {"uv": [11, 2, 14, 3], "texture": "#3"},
				"south": {"uv": [0, 0, 0, 1], "texture": "#3"},
				"west": {"uv": [11, 3, 14, 4], "texture": "#3"},
				"up": {"uv": [0, 3, 0, 0], "texture": "#3"},
				"down": {"uv": [0, 0, 0, 3], "texture": "#3"}
			}
		},
		{
			"from": [15, 6.25, 8],
			"to": [15, 7.25, 11],
			"faces": {
				"north": {"uv": [0, 0, 0, 1], "texture": "#3"},
				"east": {"uv": [11, 0, 14, 1], "texture": "#3"},
				"south": {"uv": [0, 0, 0, 1], "texture": "#3"},
				"west": {"uv": [11, 1, 14, 2], "texture": "#3"},
				"up": {"uv": [0, 3, 0, 0], "texture": "#3"},
				"down": {"uv": [0, 0, 0, 3], "texture": "#3"}
			}
		},
		{
			"from": [15, -5.75, 10],
			"to": [15, -0.75, 12],
			"faces": {
				"north": {"uv": [0, 0, 0, 5], "texture": "#3"},
				"east": {"uv": [7, 7, 9, 12], "texture": "#3"},
				"south": {"uv": [0, 0, 0, 5], "texture": "#3"},
				"west": {"uv": [9, 0, 11, 5], "texture": "#3"},
				"up": {"uv": [0, 2, 0, 0], "texture": "#3"},
				"down": {"uv": [0, 0, 0, 2], "texture": "#3"}
			}
		},
		{
			"from": [1, -5.75, 10],
			"to": [1, -0.75, 12],
			"faces": {
				"north": {"uv": [0, 0, 0, 5], "texture": "#3"},
				"east": {"uv": [3, 7, 5, 12], "texture": "#3"},
				"south": {"uv": [0, 0, 0, 5], "texture": "#3"},
				"west": {"uv": [5, 7, 7, 12], "texture": "#3"},
				"up": {"uv": [0, 2, 0, 0], "texture": "#3"},
				"down": {"uv": [0, 0, 0, 2], "texture": "#3"}
			}
		},
		{
			"from": [1, -10.75, 11],
			"to": [1, -5.75, 12],
			"faces": {
				"north": {"uv": [0, 0, 0, 5], "texture": "#3"},
				"east": {"uv": [9, 10, 10, 15], "texture": "#3"},
				"south": {"uv": [0, 0, 0, 5], "texture": "#3"},
				"west": {"uv": [10, 10, 11, 15], "texture": "#3"},
				"up": {"uv": [0, 1, 0, 0], "texture": "#3"},
				"down": {"uv": [0, 0, 0, 1], "texture": "#3"}
			}
		},
		{
			"from": [15, -10.75, 11],
			"to": [15, -5.75, 12],
			"faces": {
				"north": {"uv": [0, 0, 0, 5], "texture": "#3"},
				"east": {"uv": [9, 5, 10, 10], "texture": "#3"},
				"south": {"uv": [0, 0, 0, 5], "texture": "#3"},
				"west": {"uv": [10, 5, 11, 10], "texture": "#3"},
				"up": {"uv": [0, 1, 0, 0], "texture": "#3"},
				"down": {"uv": [0, 0, 0, 1], "texture": "#3"}
			}
		},
		{
			"from": [15, -0.75, 9],
			"to": [15, 6.25, 12],
			"faces": {
				"north": {"uv": [0, 0, 0, 7], "texture": "#3"},
				"east": {"uv": [0, 0, 3, 7], "texture": "#3"},
				"south": {"uv": [0, 0, 0, 7], "texture": "#3"},
				"west": {"uv": [3, 0, 6, 7], "texture": "#3"},
				"up": {"uv": [0, 3, 0, 0], "texture": "#3"},
				"down": {"uv": [0, 0, 0, 3], "texture": "#3"}
			}
		}
	],
	"display": {
		"thirdperson_righthand": {
			"scale": [0.6, 0.6, 0.6]
		},
		"thirdperson_lefthand": {
			"scale": [0.6, 0.6, 0.6]
		},
		"firstperson_righthand": {
			"translation": [3.25, 0, 0],
			"scale": [0.4, 0.4, 0.4]
		},
		"firstperson_lefthand": {
			"translation": [3.25, 0, 0],
			"scale": [0.4, 0.4, 0.4]
		},
		"ground": {
			"translation": [0, -9.5, 0],
			"scale": [0.6, 0.6, 0.6]
		},
		"gui": {
			"rotation": [25, -45, 0],
			"translation": [0, 1, 0],
			"scale": [0.4, 0.4, 0.4]
		},
		"head": {
			"translation": [0, -5.75, 0]
		},
		"fixed": {
			"translation": [0, 0, -4.25],
			"scale": [0.5, 0.5, 0.5]
		}
	},
	"groups": [
		{
			"name": "Crown",
			"origin": [0, 20, 0],
			"color": 0,
			"children": [0, 1, 2, 3, 4, 5, 6, 7, 8, 9, 10, 11, 12, 13, 14, 15, 16, 17, 18, 19]
		},
		{
			"name": "Cape",
			"origin": [0, 0, 0],
			"color": 0,
			"children": [20, 21, 22, 23, 24, 25, 26, 27, 28, 29, 30, 31, 32, 33]
		}
	]
}