{
	"credit": "Made with Blockbench",
	"texture_size": [32, 32],
	"textures": {
		"0": "block/custom/davetheredeemer",
		"particle": "block/custom/davetheredeemer"
	},
	"elements": [
		{
			"from": [3.5, 8, 3.5],
			"to": [12.5, 9, 12.5],
			"faces": {
				"north": {"uv": [4.5, 10.5, 9, 11], "texture": "#0"},
				"east": {"uv": [10.5, 7.5, 15, 8], "texture": "#0"},
				"south": {"uv": [10.5, 8, 15, 8.5], "texture": "#0"},
				"west": {"uv": [10.5, 8.5, 15, 9], "texture": "#0"},
				"up": {"uv": [4.5, 4.5, 0, 0], "texture": "#0"},
				"down": {"uv": [4.5, 4.5, 0, 9], "texture": "#0"}
			}
		},
		{
			"from": [4, 9, 4],
			"to": [12, 10, 12],
			"faces": {
				"north": {"uv": [10.5, 9, 14.5, 9.5], "texture": "#0"},
				"east": {"uv": [10.5, 9.5, 14.5, 10], "texture": "#0"},
				"south": {"uv": [10.5, 10, 14.5, 10.5], "texture": "#0"},
				"west": {"uv": [10.5, 10.5, 14.5, 11], "texture": "#0"},
				"up": {"uv": [8.5, 4, 4.5, 0], "texture": "#0"},
				"down": {"uv": [8.5, 4, 4.5, 8], "texture": "#0"}
			}
		},
		{
			"from": [7, 10, 7],
			"to": [9, 15, 9],
			"faces": {
				"north": {"uv": [2.5, 9, 3.5, 11.5], "texture": "#0"},
				"east": {"uv": [3.5, 9, 4.5, 11.5], "texture": "#0"},
				"south": {"uv": [9.5, 7.5, 10.5, 10], "texture": "#0"},
				"west": {"uv": [9.5, 10, 10.5, 12.5], "texture": "#0"},
				"up": {"uv": [12, 5, 11, 4], "texture": "#0"},
				"down": {"uv": [5.5, 11, 4.5, 12], "texture": "#0"}
			}
		},
		{
			"from": [9, 14, 7],
			"to": [12, 15, 9],
			"faces": {
				"north": {"uv": [11, 5, 12.5, 5.5], "texture": "#0"},
				"east": {"uv": [8.5, 7.5, 9.5, 8], "texture": "#0"},
				"south": {"uv": [5.5, 11, 7, 11.5], "texture": "#0"},
				"west": {"uv": [11, 6.5, 12, 7], "texture": "#0"},
				"up": {"uv": [12.5, 1, 11, 0], "texture": "#0"},
				"down": {"uv": [12.5, 1, 11, 2], "texture": "#0"}
			}
		},
		{
			"from": [4, 14, 7],
			"to": [7, 15, 9],
			"faces": {
				"north": {"uv": [11, 5.5, 12.5, 6], "texture": "#0"},
				"east": {"uv": [7, 11, 8, 11.5], "texture": "#0"},
				"south": {"uv": [11, 6, 12.5, 6.5], "texture": "#0"},
				"west": {"uv": [11, 7, 12, 7.5], "texture": "#0"},
				"up": {"uv": [12.5, 3, 11, 2], "texture": "#0"},
				"down": {"uv": [12.5, 3, 11, 4], "texture": "#0"}
			}
		},
		{
			"from": [5.5, 15, 5.5],
			"to": [10.5, 20, 10.5],
			"faces": {
				"north": {"uv": [4.5, 8, 7, 10.5], "texture": "#0"},
				"east": {"uv": [7, 8, 9.5, 10.5], "texture": "#0"},
				"south": {"uv": [8.5, 0, 11, 2.5], "texture": "#0"},
				"west": {"uv": [8.5, 2.5, 11, 5], "texture": "#0"},
				"up": {"uv": [11, 7.5, 8.5, 5], "texture": "#0"},
				"down": {"uv": [2.5, 9, 0, 11.5], "texture": "#0"}
			}
		}
	],
	"display": {
		"thirdperson_righthand": {
			"rotation": [70, 0, 0]
		},
		"thirdperson_lefthand": {
			"rotation": [70, 0, 0]
		},
		"firstperson_righthand": {
			"rotation": [0, 180, 0],
			"translation": [0, -2.5, 0]
		},
		"firstperson_lefthand": {
			"rotation": [0, 180, 0],
			"translation": [0, -2.5, 0]
		},
		"gui": {
			"rotation": [30, 175, 0],
			"translation": [0, -5.25, 0],
			"scale": [1.1, 1.1, 1.1]
		},
		"head": {
			"translation": [0, 5.75, 0],
			"scale": [1.7, 1.7, 1.7]
		},
		"fixed": {
			"rotation": [-90, 0, 0],
			"scale": [3, 3, 3]
		}
	}
}