{
	"credit": "Made with Blockbench",
	"textures": {
		"0": "block/custom/hipi",
		"particle": "block/custom/hipi"
	},
	"elements": [
		{
			"from": [3, 5, 5],
			"to": [13, 6, 6],
			"faces": {
				"north": {"uv": [0, 0, 10, 1], "texture": "#0"},
				"east": {"uv": [7, 9, 8, 10], "texture": "#0"},
				"south": {"uv": [0, 1, 10, 2], "texture": "#0"},
				"west": {"uv": [6, 11, 7, 12], "texture": "#0"},
				"up": {"uv": [10, 3, 0, 2], "texture": "#0"},
				"down": {"uv": [10, 3, 0, 4], "texture": "#0"}
			}
		},
		{
			"from": [9.5, 2.5, 5],
			"to": [11.5, 3.5, 6],
			"faces": {
				"north": {"uv": [6, 5, 8, 6], "texture": "#0"},
				"east": {"uv": [11, 9, 12, 10], "texture": "#0"},
				"south": {"uv": [8, 5, 10, 6], "texture": "#0"},
				"west": {"uv": [10, 11, 11, 12], "texture": "#0"},
				"up": {"uv": [10, 7, 8, 6], "texture": "#0"},
				"down": {"uv": [10, 7, 8, 8], "texture": "#0"}
			}
		},
		{
			"from": [3, 4, 5],
			"to": [4, 5, 11],
			"faces": {
				"north": {"uv": [5, 14, 6, 15], "texture": "#0"},
				"east": {"uv": [2, 6, 8, 7], "texture": "#0"},
				"south": {"uv": [14, 5, 15, 6], "texture": "#0"},
				"west": {"uv": [6, 4, 12, 5], "texture": "#0"},
				"up": {"uv": [3, 13, 2, 7], "texture": "#0"},
				"down": {"uv": [4, 7, 3, 13], "texture": "#0"}
			}
		},
		{
			"from": [12, 4, 5],
			"to": [13, 5, 11],
			"faces": {
				"north": {"uv": [7, 11, 8, 12], "texture": "#0"},
				"east": {"uv": [0, 4, 6, 5], "texture": "#0"},
				"south": {"uv": [8, 11, 9, 12], "texture": "#0"},
				"west": {"uv": [0, 5, 6, 6], "texture": "#0"},
				"up": {"uv": [1, 12, 0, 6], "texture": "#0"},
				"down": {"uv": [2, 6, 1, 12], "texture": "#0"}
			}
		},
		{
			"from": [8, 4, 5],
			"to": [9, 5, 6],
			"faces": {
				"north": {"uv": [11, 10, 12, 11], "texture": "#0"},
				"east": {"uv": [11, 11, 12, 12], "texture": "#0"},
				"south": {"uv": [0, 12, 1, 13], "texture": "#0"},
				"west": {"uv": [12, 0, 13, 1], "texture": "#0"},
				"up": {"uv": [2, 13, 1, 12], "texture": "#0"},
				"down": {"uv": [13, 1, 12, 2], "texture": "#0"}
			}
		},
		{
			"from": [11.38373, 2.42231, 5],
			"to": [12.38373, 4.42231, 6],
			"rotation": {"angle": -45, "axis": "z", "origin": [12.13373, 3.42231, 5.5]},
			"faces": {
				"north": {"uv": [4, 7, 5, 9], "texture": "#0"},
				"east": {"uv": [5, 7, 6, 9], "texture": "#0"},
				"south": {"uv": [6, 7, 7, 9], "texture": "#0"},
				"west": {"uv": [7, 7, 8, 9], "texture": "#0"},
				"up": {"uv": [12, 9, 11, 8], "texture": "#0"},
				"down": {"uv": [10, 11, 9, 12], "texture": "#0"}
			}
		},
		{
			"from": [3.95695, 1.09909, 5],
			"to": [5.95695, 2.09909, 6],
			"rotation": {"angle": -45, "axis": "z", "origin": [6.95695, 3.59909, 5.5]},
			"faces": {
				"north": {"uv": [10, 2, 12, 3], "texture": "#0"},
				"east": {"uv": [8, 12, 9, 13], "texture": "#0"},
				"south": {"uv": [10, 3, 12, 4], "texture": "#0"},
				"west": {"uv": [12, 8, 13, 9], "texture": "#0"},
				"up": {"uv": [12, 6, 10, 5], "texture": "#0"},
				"down": {"uv": [12, 6, 10, 7], "texture": "#0"}
			}
		},
		{
			"from": [5.30791, 3.73925, 5],
			"to": [6.30791, 3.98925, 6],
			"rotation": {"angle": -45, "axis": "z", "origin": [5.80791, 3.86425, 5.5]},
			"faces": {
				"north": {"uv": [13, 2, 14, 3], "texture": "#0"},
				"east": {"uv": [3, 13, 4, 14], "texture": "#0"},
				"south": {"uv": [13, 3, 14, 4], "texture": "#0"},
				"west": {"uv": [4, 13, 5, 14], "texture": "#0"},
				"up": {"uv": [14, 5, 13, 4], "texture": "#0"},
				"down": {"uv": [6, 13, 5, 14], "texture": "#0"}
			}
		},
		{
			"from": [5.18291, 4.11425, 5],
			"to": [5.68291, 5.11425, 6],
			"rotation": {"angle": 0, "axis": "y", "origin": [5.80791, 3.86425, 5.5]},
			"faces": {
				"north": {"uv": [13, 5, 14, 6], "texture": "#0"},
				"east": {"uv": [6, 13, 7, 14], "texture": "#0"},
				"south": {"uv": [13, 6, 14, 7], "texture": "#0"},
				"west": {"uv": [7, 13, 8, 14], "texture": "#0"},
				"up": {"uv": [14, 8, 13, 7], "texture": "#0"},
				"down": {"uv": [9, 13, 8, 14], "texture": "#0"}
			}
		},
		{
			"from": [4.80791, 4.23925, 5],
			"to": [5.80791, 4.48925, 6],
			"rotation": {"angle": 45, "axis": "z", "origin": [5.80791, 3.86425, 5.5]},
			"faces": {
				"north": {"uv": [12, 12, 13, 13], "texture": "#0"},
				"east": {"uv": [0, 13, 1, 14], "texture": "#0"},
				"south": {"uv": [13, 0, 14, 1], "texture": "#0"},
				"west": {"uv": [1, 13, 2, 14], "texture": "#0"},
				"up": {"uv": [14, 2, 13, 1], "texture": "#0"},
				"down": {"uv": [3, 13, 2, 14], "texture": "#0"}
			}
		},
		{
			"from": [8.95695, 1.09909, 5],
			"to": [10.95695, 2.09909, 6],
			"rotation": {"angle": -45, "axis": "z", "origin": [11.95695, 3.59909, 5.5]},
			"faces": {
				"north": {"uv": [7, 10, 9, 11], "texture": "#0"},
				"east": {"uv": [4, 14, 5, 15], "texture": "#0"},
				"south": {"uv": [10, 7, 12, 8], "texture": "#0"},
				"west": {"uv": [14, 4, 15, 5], "texture": "#0"},
				"up": {"uv": [11, 11, 9, 10], "texture": "#0"},
				"down": {"uv": [6, 11, 4, 12], "texture": "#0"}
			}
		},
		{
			"from": [10.18291, 4.11425, 5],
			"to": [10.68291, 5.11425, 6],
			"rotation": {"angle": 0, "axis": "y", "origin": [10.80791, 3.86425, 5.5]},
			"faces": {
				"north": {"uv": [1, 14, 2, 15], "texture": "#0"},
				"east": {"uv": [14, 1, 15, 2], "texture": "#0"},
				"south": {"uv": [2, 14, 3, 15], "texture": "#0"},
				"west": {"uv": [14, 2, 15, 3], "texture": "#0"},
				"up": {"uv": [4, 15, 3, 14], "texture": "#0"},
				"down": {"uv": [15, 3, 14, 4], "texture": "#0"}
			}
		},
		{
			"from": [9.80791, 4.23925, 5],
			"to": [10.80791, 4.48925, 6],
			"rotation": {"angle": 45, "axis": "z", "origin": [10.80791, 3.86425, 5.5]},
			"faces": {
				"north": {"uv": [13, 11, 14, 12], "texture": "#0"},
				"east": {"uv": [12, 13, 13, 14], "texture": "#0"},
				"south": {"uv": [13, 12, 14, 13], "texture": "#0"},
				"west": {"uv": [13, 13, 14, 14], "texture": "#0"},
				"up": {"uv": [1, 15, 0, 14], "texture": "#0"},
				"down": {"uv": [15, 0, 14, 1], "texture": "#0"}
			}
		},
		{
			"from": [10.45695, 2.84909, 5],
			"to": [11.45695, 3.09909, 6],
			"rotation": {"angle": -45, "axis": "z", "origin": [11.95695, 3.59909, 5.5]},
			"faces": {
				"north": {"uv": [13, 8, 14, 9], "texture": "#0"},
				"east": {"uv": [9, 13, 10, 14], "texture": "#0"},
				"south": {"uv": [13, 9, 14, 10], "texture": "#0"},
				"west": {"uv": [10, 13, 11, 14], "texture": "#0"},
				"up": {"uv": [14, 11, 13, 10], "texture": "#0"},
				"down": {"uv": [12, 13, 11, 14], "texture": "#0"}
			}
		},
		{
			"from": [4.5, 2.5, 5],
			"to": [6.5, 3.5, 6],
			"rotation": {"angle": 0, "axis": "y", "origin": [-5, 0, 0]},
			"faces": {
				"north": {"uv": [9, 8, 11, 9], "texture": "#0"},
				"east": {"uv": [7, 12, 8, 13], "texture": "#0"},
				"south": {"uv": [9, 9, 11, 10], "texture": "#0"},
				"west": {"uv": [12, 7, 13, 8], "texture": "#0"},
				"up": {"uv": [12, 1, 10, 0], "texture": "#0"},
				"down": {"uv": [12, 1, 10, 2], "texture": "#0"}
			}
		},
		{
			"from": [6.38373, 2.42231, 5],
			"to": [7.38373, 4.42231, 6],
			"rotation": {"angle": -45, "axis": "z", "origin": [7.13373, 3.42231, 5.5]},
			"faces": {
				"north": {"uv": [8, 8, 9, 10], "texture": "#0"},
				"east": {"uv": [4, 9, 5, 11], "texture": "#0"},
				"south": {"uv": [5, 9, 6, 11], "texture": "#0"},
				"west": {"uv": [6, 9, 7, 11], "texture": "#0"},
				"up": {"uv": [7, 13, 6, 12], "texture": "#0"},
				"down": {"uv": [13, 6, 12, 7], "texture": "#0"}
			}
		},
		{
			"from": [7, 4, 5],
			"to": [8, 5, 6],
			"rotation": {"angle": 0, "axis": "y", "origin": [-5, 0, 0]},
			"faces": {
				"north": {"uv": [12, 2, 13, 3], "texture": "#0"},
				"east": {"uv": [12, 3, 13, 4], "texture": "#0"},
				"south": {"uv": [4, 12, 5, 13], "texture": "#0"},
				"west": {"uv": [12, 4, 13, 5], "texture": "#0"},
				"up": {"uv": [6, 13, 5, 12], "texture": "#0"},
				"down": {"uv": [13, 5, 12, 6], "texture": "#0"}
			}
		}
	],
	"display": {
		"thirdperson_righthand": {
			"translation": [-4.5, 2.25, 0]
		},
		"firstperson_righthand": {
			"translation": [4.5, 3, 0]
		},
		"firstperson_lefthand": {
			"translation": [3.75, 2.5, 0]
		},
		"ground": {
			"translation": [0, 1.5, 0]
		},
		"head": {
			"translation": [0, 5, -3.5],
			"scale": [1.5, 1.5, 1.5]
		}
	}
}