{
	"credit": "Made with Blockbench",
	"texture_size": [64, 64],
	"textures": {
		"0": "block/custom/hollow",
		"particle": "block/custom/hollow"
	},
	"elements": [
		{
			"from": [1.5, 1, -0.5],
			"to": [14.5, 15, 0.5],
			"faces": {
				"north": {"uv": [0, 0, 3.25, 3.5], "texture": "#0"},
				"east": {"uv": [6.5, 0, 6.75, 3.5], "texture": "#0"},
				"south": {"uv": [3.25, 0, 6.5, 3.5], "texture": "#0"},
				"west": {"uv": [2, 6.5, 2.25, 10], "texture": "#0"},
				"up": {"uv": [9.75, 4.5, 6.5, 4.25], "texture": "#0"},
				"down": {"uv": [9.75, 4.5, 6.5, 4.75], "texture": "#0"}
			}
		},
		{
			"from": [-0.41421, 1, 0.70711],
			"to": [1.58579, 15, 1.70711],
			"rotation": {"angle": 45, "axis": "y", "origin": [0.08579, 9, 0.20711]},
			"faces": {
				"north": {"uv": [0, 3.5, 0.5, 7], "texture": "#0"},
				"east": {"uv": [2.25, 6.5, 2.5, 10], "texture": "#0"},
				"south": {"uv": [0.5, 3.5, 1, 7], "texture": "#0"},
				"west": {"uv": [2.5, 6.5, 2.75, 10], "texture": "#0"},
				"up": {"uv": [7, 6.25, 6.5, 6], "texture": "#0"},
				"down": {"uv": [7, 6.25, 6.5, 6.5], "texture": "#0"}
			}
		},
		{
			"from": [14.41421, 1, 0.70711],
			"to": [16.41421, 15, 1.70711],
			"rotation": {"angle": -45, "axis": "y", "origin": [15.91421, 9, 0.20711]},
			"faces": {
				"north": {"uv": [1, 3.5, 1.5, 7], "texture": "#0"},
				"east": {"uv": [2.75, 6.5, 3, 10], "texture": "#0"},
				"south": {"uv": [1.5, 3.5, 2, 7], "texture": "#0"},
				"west": {"uv": [3, 6.5, 3.25, 10], "texture": "#0"},
				"up": {"uv": [7.25, 2.5, 6.75, 2.25], "texture": "#0"},
				"down": {"uv": [7.25, 2.5, 6.75, 2.75], "texture": "#0"}
			}
		},
		{
			"from": [1.5, 13.4588, -1.5],
			"to": [4.5, 18.4588, 1],
			"rotation": {"angle": 22.5, "axis": "z", "origin": [4.55656, 14.4588, 0.5]},
			"faces": {
				"north": {"uv": [5, 4, 5.75, 5.25], "texture": "#0"},
				"east": {"uv": [2, 5.25, 2.75, 6.5], "texture": "#0"},
				"south": {"uv": [2.75, 5.25, 3.5, 6.5], "texture": "#0"},
				"west": {"uv": [3.5, 5.25, 4.25, 6.5], "texture": "#0"},
				"up": {"uv": [7.25, 6, 6.5, 5.25], "texture": "#0"},
				"down": {"uv": [7.5, 0, 6.75, 0.75], "texture": "#0"}
			}
		},
		{
			"from": [4.5, 17.25, -1.5],
			"to": [7.5, 22.25, 1],
			"rotation": {"angle": -22.5, "axis": "z", "origin": [-2, -1, 0.75]},
			"faces": {
				"north": {"uv": [4.25, 5.25, 5, 6.5], "texture": "#0"},
				"east": {"uv": [5, 5.25, 5.75, 6.5], "texture": "#0"},
				"south": {"uv": [5.75, 4, 6.5, 5.25], "texture": "#0"},
				"west": {"uv": [5.75, 5.25, 6.5, 6.5], "texture": "#0"},
				"up": {"uv": [7.5, 1.5, 6.75, 0.75], "texture": "#0"},
				"down": {"uv": [7.5, 1.5, 6.75, 2.25], "texture": "#0"}
			}
		},
		{
			"from": [13.25, 16, -1],
			"to": [15, 23, 0.5],
			"rotation": {"angle": 0, "axis": "z", "origin": [1.17425, -0.15529, -3]},
			"faces": {
				"north": {"uv": [3.5, 3.5, 4.25, 5.25], "texture": "#0"},
				"east": {"uv": [0, 0, 0, 1.75], "texture": "#0"},
				"south": {"uv": [4.25, 3.5, 5, 5.25], "texture": "#0"},
				"west": {"uv": [0, 0, 0, 1.75], "texture": "#0"},
				"up": {"uv": [0.75, 0, 0, 0], "texture": "#0"},
				"down": {"uv": [0.75, 0, 0, 0], "texture": "#0"}
			}
		},
		{
			"from": [1, 16, -1],
			"to": [2.75, 23, 0.5],
			"rotation": {"angle": 0, "axis": "z", "origin": [1.17425, -0.15529, -3]},
			"faces": {
				"north": {"uv": [3.5, 3.5, 4.25, 5.25], "texture": "#0"},
				"east": {"uv": [0, 0, 0, 1.75], "texture": "#0"},
				"south": {"uv": [4.25, 3.5, 5, 5.25], "texture": "#0"},
				"west": {"uv": [0, 0, 0, 1.75], "texture": "#0"},
				"up": {"uv": [0.75, 0, 0, 0], "texture": "#0"},
				"down": {"uv": [0.75, 0, 0, 0], "texture": "#0"}
			}
		}
	],
	"display": {
		"gui": {
			"rotation": [164.5, -25.85, 169.54],
			"translation": [-0.5, -1.75, 0],
			"scale": [0.5, 0.5, 0.5]
		},
		"head": {
			"rotation": [29, 54, -17],
			"translation": [-3.25, 2, -5],
			"scale": [0.6, 0.6, 0.6]
		},
		"fixed": {
			"translation": [0, 0, 6.5]
		}
	},
	"groups": [
		{
			"name": "group",
			"origin": [8, 8, 8],
			"color": 0,
			"children": [0, 1, 2, 3, 4, 5, 6]
		}
	]
}