{
	"credit": "Made with Blockbench",
	"texture_size": [64, 64],
	"textures": {
		"1": "block/custom/horse_gray"
	},
	"elements": [
		{
			"from": [3, -0.5, 2.5],
			"to": [4, 9.5, 13],
			"rotation": {"angle": 0, "axis": "y", "origin": [3.6, 5.1, 7.75]},
			"faces": {
				"north": {"uv": [2.5, 11.875, 2.75, 13.5], "texture": "#1"},
				"east": {"uv": [8.375, 8, 10.125, 9.625], "texture": "#1"},
				"south": {"uv": [5, 11.875, 5.25, 13.5], "texture": "#1"},
				"west": {"uv": [2.75, 11.875, 4.5, 13.5], "texture": "#1"},
				"up": {"uv": [2.75, 13.5, 2.5, 11.875], "texture": "#1"},
				"down": {"uv": [2.75, 11.875, 2.5, 13.5], "texture": "#1"}
			}
		},
		{
			"from": [4, -0.5, 12],
			"to": [12, 7.5, 13],
			"rotation": {"angle": 0, "axis": "y", "origin": [8, 3.5, 12.5]},
			"faces": {
				"north": {"uv": [8.625, 8, 9.875, 9.25], "texture": "#1"},
				"east": {"uv": [5, 11.875, 5.25, 13.5], "texture": "#1"},
				"south": {"uv": [4.25, 10.5, 5.5, 11.75], "texture": "#1"},
				"west": {"uv": [2.5, 11.875, 2.75, 13.5], "texture": "#1"},
				"up": {"uv": [2.75, 13.5, 2.5, 11.875], "rotation": 270, "texture": "#1"},
				"down": {"uv": [2.75, 11.875, 2.5, 13.5], "rotation": 90, "texture": "#1"}
			}
		},
		{
			"from": [3, -1.5, 2.5],
			"to": [13, -0.5, 13],
			"rotation": {"angle": 0, "axis": "z", "origin": [8, 5.1, 7.75]},
			"faces": {
				"north": {"uv": [2.5, 11.875, 2.75, 13.5], "rotation": 90, "texture": "#1"},
				"east": {"uv": [2.75, 11.875, 2.5, 13.5], "rotation": 270, "texture": "#1"},
				"south": {"uv": [4.875, 11.875, 5.125, 13.5], "rotation": 270, "texture": "#1"},
				"west": {"uv": [2.75, 13.5, 2.5, 11.875], "rotation": 270, "texture": "#1"},
				"up": {"uv": [8.375, 8, 10.125, 9.625], "rotation": 270, "texture": "#1"},
				"down": {"uv": [9.125, 12.75, 9.25, 12.875], "rotation": 270, "texture": "#1"}
			}
		},
		{
			"from": [12, -0.5, 2.5],
			"to": [13, 9.5, 13],
			"rotation": {"angle": 0, "axis": "y", "origin": [12.5, 5, 7.75]},
			"faces": {
				"north": {"uv": [2.75, 11.875, 2.5, 13.5], "texture": "#1"},
				"east": {"uv": [4.5, 11.875, 2.75, 13.5], "texture": "#1"},
				"south": {"uv": [5.25, 11.875, 5, 13.5], "texture": "#1"},
				"west": {"uv": [10.125, 8, 8.375, 9.625], "texture": "#1"},
				"up": {"uv": [2.5, 13.5, 2.75, 11.875], "texture": "#1"},
				"down": {"uv": [2.5, 11.875, 2.75, 13.5], "texture": "#1"}
			}
		},
		{
			"name": "head",
			"from": [3.5, 13.5, 2.5],
			"to": [12.5, 21, 13],
			"rotation": {"angle": 0, "axis": "y", "origin": [-4, 13.875, 4.625]},
			"faces": {
				"north": {"uv": [1.75, 5, 3.25, 6.25], "texture": "#1"},
				"east": {"uv": [0, 5, 1.75, 6.25], "texture": "#1"},
				"south": {"uv": [5, 5, 6.5, 6.25], "texture": "#1"},
				"west": {"uv": [3.25, 5, 5, 6.25], "texture": "#1"},
				"up": {"uv": [3.25, 5, 1.75, 3.25], "texture": "#1"},
				"down": {"uv": [4.75, 3.25, 3.25, 5], "texture": "#1"}
			}
		},
		{
			"name": "mouth",
			"from": [5, 13.5, -5],
			"to": [11, 21, 2.5],
			"rotation": {"angle": 0, "axis": "y", "origin": [-4, 13.875, 4.625]},
			"faces": {
				"north": {"uv": [1.25, 7.5, 2.25, 8.75], "texture": "#1"},
				"east": {"uv": [0, 7.5, 1.25, 8.75], "texture": "#1"},
				"south": {"uv": [3.5, 7.5, 4.5, 8.75], "texture": "#missing"},
				"west": {"uv": [2.25, 7.5, 3.5, 8.75], "texture": "#1"},
				"up": {"uv": [2.25, 7.5, 1.25, 6.25], "texture": "#1"},
				"down": {"uv": [3.25, 6.25, 2.25, 7.5], "texture": "#1"}
			}
		},
		{
			"name": "left_ear",
			"from": [4.175, 21, 11.485],
			"to": [7.175, 25.5, 12.985],
			"rotation": {"angle": 0, "axis": "y", "origin": [-4, 13.875, 4.625]},
			"faces": {
				"north": {"uv": [5, 4.25, 5.5, 5], "texture": "#1"},
				"east": {"uv": [4.75, 4.25, 5, 5], "texture": "#1"},
				"south": {"uv": [5.75, 4.25, 6.25, 5], "texture": "#1"},
				"west": {"uv": [5.5, 4.25, 5.75, 5], "texture": "#1"},
				"up": {"uv": [5.5, 4.25, 5, 4], "texture": "#1"},
				"down": {"uv": [6, 4, 5.5, 4.25], "texture": "#1"}
			}
		},
		{
			"name": "right_ear",
			"from": [8.825, 21, 11.485],
			"to": [11.825, 25.5, 12.985],
			"rotation": {"angle": 0, "axis": "y", "origin": [-4, 13.875, 4.625]},
			"faces": {
				"north": {"uv": [5, 4.25, 5.5, 5], "texture": "#1"},
				"east": {"uv": [4.75, 4.25, 5, 5], "texture": "#1"},
				"south": {"uv": [5.75, 4.25, 6.25, 5], "texture": "#1"},
				"west": {"uv": [5.5, 4.25, 5.75, 5], "texture": "#1"},
				"up": {"uv": [5.5, 4.25, 5, 4], "texture": "#1"},
				"down": {"uv": [6, 4, 5.5, 4.25], "texture": "#1"}
			}
		},
		{
			"name": "neck",
			"from": [4, 7.5, 2.5],
			"to": [12, 13.5, 13],
			"rotation": {"angle": 0, "axis": "y", "origin": [8, 10.5, 7.75]},
			"faces": {
				"north": {"uv": [1.625, 10.5, 3, 11.5], "texture": "#1"},
				"east": {"uv": [0, 10.5, 1.75, 11.5], "texture": "#1"},
				"south": {"uv": [4.375, 10.5, 5.625, 11.5], "texture": "#1"},
				"west": {"uv": [2.75, 10.5, 4.5, 11.5], "texture": "#1"},
				"up": {"uv": [2.75, 10.5, 1.75, 8.75], "texture": "#1"},
				"down": {"uv": [3.75, 8.75, 2.75, 10.5], "texture": "#1"}
			}
		},
		{
			"name": "mane",
			"from": [6.5, -1.5, 13],
			"to": [9.5, 21, 16],
			"rotation": {"angle": 0, "axis": "y", "origin": [-4, 13.875, 4.625]},
			"faces": {
				"north": {"uv": [14.5, 9.75, 15, 13.5], "texture": "#1"},
				"east": {"uv": [14, 9.75, 14.5, 13.5], "texture": "#1"},
				"south": {"uv": [15.5, 9.75, 16, 13.5], "texture": "#1"},
				"west": {"uv": [15, 9.75, 15.5, 13.5], "texture": "#1"},
				"up": {"uv": [15, 9.5, 14.5, 9], "texture": "#1"},
				"down": {"uv": [15.5, 9, 15, 9.5], "texture": "#1"}
			}
		}
	],
	"display": {
		"thirdperson_righthand": {
			"scale": [0.2, 0.2, 0.2]
		},
		"thirdperson_lefthand": {
			"scale": [0.2, 0.2, 0.2]
		},
		"firstperson_righthand": {
			"rotation": [0, 30, 0],
			"translation": [2.5, -1, 0],
			"scale": [0.5, 0.5, 0.5]
		},
		"firstperson_lefthand": {
			"rotation": [0, 30, 0],
			"translation": [2.5, -1, 0],
			"scale": [0.5, 0.5, 0.5]
		},
		"gui": {
			"rotation": [30, 150, 0],
			"translation": [0, -1.75, 0],
			"scale": [0.5, 0.5, 0.5]
		},
		"head": {
			"translation": [0, 7.25, 0],
			"scale": [1.6, 1.6, 1.6]
		},
		"fixed": {
			"rotation": [-90, 0, 0],
			"translation": [0, 0, -11.25],
			"scale": [1.6, 1.6, 1.6]
		}
	}
}