{
	"credit": "Made with Blockbench",
	"texture_size": [32, 32],
	"textures": {
		"0": "block/custom/laptop",
		"particle": "block/custom/laptop"
	},
	"elements": [
		{
			"from": [2, 0, 0],
			"to": [14, 1, 10],
			"faces": {
				"north": {"uv": [0, 10, 6, 10.5], "texture": "#0"},
				"east": {"uv": [0, 11, 5, 11.5], "texture": "#0"},
				"south": {"uv": [6, 10, 12, 10.5], "texture": "#0"},
				"west": {"uv": [5, 11, 10, 11.5], "texture": "#0"},
				"up": {"uv": [6, 5, 0, 0], "texture": "#0"},
				"down": {"uv": [6, 5, 0, 10], "texture": "#0"}
			}
		},
		{
			"from": [2, 1, -1],
			"to": [14, 11, 0],
			"faces": {
				"north": {"uv": [6, 0, 12, 5], "texture": "#0"},
				"east": {"uv": [10, 11, 10.5, 16], "texture": "#0"},
				"south": {"uv": [6, 5, 12, 10], "texture": "#0"},
				"west": {"uv": [10.5, 11, 11, 16], "texture": "#0"},
				"up": {"uv": [6, 11, 0, 10.5], "texture": "#0"},
				"down": {"uv": [12, 10.5, 6, 11], "texture": "#0"}
			}
		},
		{
			"from": [9.5, 0, -1],
			"to": [13.5, 1, 0],
			"faces": {
				"north": {"uv": [6, 11.5, 8, 12], "texture": "#0"},
				"east": {"uv": [12, 1, 12.5, 1.5], "texture": "#0"},
				"south": {"uv": [8, 11.5, 10, 12], "texture": "#0"},
				"west": {"uv": [12, 1.5, 12.5, 2], "texture": "#0"},
				"up": {"uv": [13, 12, 11, 11.5], "texture": "#0"},
				"down": {"uv": [2, 12, 0, 12.5], "texture": "#0"}
			}
		},
		{
			"from": [2.5, 0, -1],
			"to": [6.5, 1, 0],
			"faces": {
				"north": {"uv": [11, 11, 13, 11.5], "texture": "#0"},
				"east": {"uv": [12, 0, 12.5, 0.5], "texture": "#0"},
				"south": {"uv": [0, 11.5, 2, 12], "texture": "#0"},
				"west": {"uv": [12, 0.5, 12.5, 1], "texture": "#0"},
				"up": {"uv": [4, 12, 2, 11.5], "texture": "#0"},
				"down": {"uv": [6, 11.5, 4, 12], "texture": "#0"}
			}
		}
	],
	"gui_light": "front",
	"display": {
		"thirdperson_righthand": {
			"translation": [0, 4, 0]
		},
		"ground": {
			"translation": [0, 5.75, 0]
		},
		"gui": {
			"rotation": [15, 15, 0],
			"translation": [1.5, 1.25, 0]
		},
		"head": {
			"rotation": [90, 45, 90],
			"translation": [1, -4.25, 0],
			"scale": [1.6, 1.6, 1.6]
		},
		"fixed": {
			"rotation": [-90, 0, 0],
			"translation": [0, 6, -12.75],
			"scale": [1.6, 1.6, 1.6]
		}
	}
}