{
	"credit": "Made with Blockbench",
	"texture_size": [128, 128],
	"textures": {
		"0": "block/custom/magikarp",
		"particle": "block/custom/magikarp"
	},
	"elements": [
		{
			"from": [0.25, 19.05, 6.9],
			"to": [3.05, 25.55, 9.1],
			"rotation": {"angle": 0, "axis": "y", "origin": [0, 0, -0.05]},
			"faces": {
				"north": {"uv": [1.25, 7.875, 1.5, 8.625], "texture": "#0"},
				"east": {"uv": [1, 7.875, 1.25, 8.625], "texture": "#0"},
				"south": {"uv": [1.75, 7.875, 2, 8.625], "texture": "#0"},
				"west": {"uv": [1.5, 7.875, 1.75, 8.625], "texture": "#0"},
				"up": {"uv": [1.5, 7.875, 1.25, 7.625], "texture": "#0"},
				"down": {"uv": [1.75, 7.625, 1.5, 7.875], "texture": "#0"}
			}
		},
		{
			"from": [-2.05, 19.55, 6.95],
			"to": [4.05, 22.55, 9.05],
			"faces": {
				"north": {"uv": [6.5, 5.25, 7.25, 5.625], "texture": "#0"},
				"east": {"uv": [6.25, 5.25, 6.5, 5.625], "texture": "#0"},
				"south": {"uv": [7.5, 5.25, 8.25, 5.625], "texture": "#0"},
				"west": {"uv": [7.25, 5.25, 7.5, 5.625], "texture": "#0"},
				"up": {"uv": [7.25, 5.25, 6.5, 5], "texture": "#0"},
				"down": {"uv": [8, 5, 7.25, 5.25], "texture": "#0"}
			}
		},
		{
			"from": [0.55, 18.05, 6.55],
			"to": [4.35, 22.95, 9.45],
			"faces": {
				"north": {"uv": [2.25, 7.875, 2.625, 8.375], "texture": "#0"},
				"east": {"uv": [2, 7.875, 2.25, 8.375], "texture": "#0"},
				"south": {"uv": [2.875, 7.875, 3.25, 8.375], "texture": "#0"},
				"west": {"uv": [2.625, 7.875, 2.875, 8.375], "texture": "#0"},
				"up": {"uv": [2.625, 7.875, 2.25, 7.625], "texture": "#0"},
				"down": {"uv": [3, 7.625, 2.625, 7.875], "texture": "#0"}
			}
		},
		{
			"from": [-1.4, 10.6, -1.4],
			"to": [17.4, 13.4, 17.4],
			"faces": {
				"north": {"uv": [2.25, 2.25, 4.5, 2.5], "texture": "#0"},
				"east": {"uv": [0, 2.25, 2.25, 2.5], "texture": "#0"},
				"south": {"uv": [6.75, 2.25, 9, 2.5], "texture": "#0"},
				"west": {"uv": [4.5, 2.25, 6.75, 2.5], "texture": "#0"},
				"up": {"uv": [4.5, 2.25, 2.25, 0], "texture": "#0"},
				"down": {"uv": [6.75, 0, 4.5, 2.25], "texture": "#0"}
			}
		},
		{
			"from": [-0.8, 12.2, -0.3],
			"to": [16.8, 16.8, 16.3],
			"faces": {
				"north": {"uv": [2, 4.5, 4.125, 5], "texture": "#0"},
				"east": {"uv": [0, 4.5, 2, 5], "texture": "#0"},
				"south": {"uv": [6.125, 4.5, 8.25, 5], "texture": "#0"},
				"west": {"uv": [4.125, 4.5, 6.125, 5], "texture": "#0"},
				"up": {"uv": [4.125, 4.5, 2, 2.5], "texture": "#0"},
				"down": {"uv": [6.25, 2.5, 4.125, 4.5], "texture": "#0"}
			}
		},
		{
			"from": [2.2, 13.9, 1.2],
			"to": [15.8, 21.9, 14.8],
			"faces": {
				"north": {"uv": [1.625, 6.625, 3.25, 7.625], "texture": "#0"},
				"east": {"uv": [0, 6.625, 1.625, 7.625], "texture": "#0"},
				"south": {"uv": [4.875, 6.625, 6.5, 7.625], "texture": "#0"},
				"west": {"uv": [3.25, 6.625, 4.875, 7.625], "texture": "#0"},
				"up": {"uv": [3.25, 6.625, 1.625, 5], "texture": "#0"},
				"down": {"uv": [4.875, 5, 3.25, 6.625], "texture": "#0"}
			}
		},
		{
			"from": [4.7, 18.7, 2.7],
			"to": [14.3, 26.7, 13.3],
			"faces": {
				"north": {"uv": [6.75, 7.625, 7.875, 8.625], "texture": "#0"},
				"east": {"uv": [5.5, 7.625, 6.75, 8.625], "texture": "#0"},
				"south": {"uv": [9.125, 7.625, 10.25, 8.625], "texture": "#0"},
				"west": {"uv": [7.875, 7.625, 9.125, 8.625], "texture": "#0"},
				"up": {"uv": [7.875, 7.625, 6.75, 6.375], "texture": "#0"},
				"down": {"uv": [9, 6.375, 7.875, 7.625], "texture": "#0"}
			}
		},
		{
			"from": [21.55, -1.95, 6.55],
			"to": [25.35, 2.95, 9.45],
			"rotation": {"angle": 45, "axis": "z", "origin": [0, 0, 0]},
			"faces": {
				"north": {"uv": [7.375, 5.875, 7.75, 6.375], "texture": "#0"},
				"east": {"uv": [7.125, 5.875, 7.375, 6.375], "texture": "#0"},
				"south": {"uv": [8, 5.875, 8.375, 6.375], "texture": "#0"},
				"west": {"uv": [7.75, 5.875, 8, 6.375], "texture": "#0"},
				"up": {"uv": [7.75, 5.875, 7.375, 5.625], "texture": "#0"},
				"down": {"uv": [8.125, 5.625, 7.75, 5.875], "texture": "#0"}
			}
		},
		{
			"from": [22.25, -4.95, 6.95],
			"to": [25.05, 1.55, 9.05],
			"rotation": {"angle": 45, "axis": "z", "origin": [0, 0, 0]},
			"faces": {
				"north": {"uv": [0.25, 7.875, 0.5, 8.625], "texture": "#0"},
				"east": {"uv": [0, 7.875, 0.25, 8.625], "texture": "#0"},
				"south": {"uv": [0.75, 7.875, 1, 8.625], "texture": "#0"},
				"west": {"uv": [0.5, 7.875, 0.75, 8.625], "texture": "#0"},
				"up": {"uv": [0.5, 7.875, 0.25, 7.625], "texture": "#0"},
				"down": {"uv": [0.75, 7.625, 0.5, 7.875], "texture": "#0"}
			}
		},
		{
			"from": [22.95, -1.45, 6.95],
			"to": [29.05, 1.55, 9.05],
			"rotation": {"angle": 45, "axis": "z", "origin": [0, 0, 0]},
			"faces": {
				"north": {"uv": [0.25, 3.625, 1, 4], "texture": "#0"},
				"east": {"uv": [0, 3.625, 0.25, 4], "texture": "#0"},
				"south": {"uv": [1.25, 3.625, 2, 4], "texture": "#0"},
				"west": {"uv": [1, 3.625, 1.25, 4], "texture": "#0"},
				"up": {"uv": [1, 3.625, 0.25, 3.375], "texture": "#0"},
				"down": {"uv": [1.75, 3.375, 1, 3.625], "texture": "#0"}
			}
		},
		{
			"from": [10.95, 23.05, 6.95],
			"to": [17.05, 28.55, 9.05],
			"faces": {
				"north": {"uv": [0.25, 2.75, 1, 3.375], "texture": "#0"},
				"east": {"uv": [0, 2.75, 0.25, 3.375], "texture": "#0"},
				"south": {"uv": [1.25, 2.75, 2, 3.375], "texture": "#0"},
				"west": {"uv": [1, 2.75, 1.25, 3.375], "texture": "#0"},
				"up": {"uv": [1, 2.75, 0.25, 2.5], "texture": "#0"},
				"down": {"uv": [1.75, 2.5, 1, 2.75], "texture": "#0"}
			}
		},
		{
			"from": [3.91016, 21.55, -7.89594],
			"to": [7.01016, 25.05, -5.79594],
			"rotation": {"angle": 45, "axis": "y", "origin": [14.96016, 20.05, -9.54594]},
			"faces": {
				"north": {"uv": [7, 0.25, 7.375, 0.625], "texture": "#0"},
				"east": {"uv": [6.75, 0.25, 7, 0.625], "texture": "#0"},
				"south": {"uv": [7.625, 0.25, 8, 0.625], "texture": "#0"},
				"west": {"uv": [7.375, 0.25, 7.625, 0.625], "texture": "#0"},
				"up": {"uv": [7.375, 0.25, 7, 0], "texture": "#0"},
				"down": {"uv": [7.75, 0, 7.375, 0.25], "texture": "#0"}
			}
		},
		{
			"from": [8.27376, 17.05, -7.25955],
			"to": [11.37376, 20.55, -5.15955],
			"rotation": {"angle": 45, "axis": "y", "origin": [14.32376, 20.55, -8.90955]},
			"faces": {
				"north": {"uv": [0.25, 1.875, 0.625, 2.25], "texture": "#0"},
				"east": {"uv": [0, 1.875, 0.25, 2.25], "texture": "#0"},
				"south": {"uv": [0.875, 1.875, 1.25, 2.25], "texture": "#0"},
				"west": {"uv": [0.625, 1.875, 0.875, 2.25], "texture": "#0"},
				"up": {"uv": [0.625, 1.875, 0.25, 1.625], "texture": "#0"},
				"down": {"uv": [1, 1.625, 0.625, 1.875], "texture": "#0"}
			}
		},
		{
			"from": [12.95, 28.5, 6.95],
			"to": [16.05, 32, 9.05],
			"rotation": {"angle": 0, "axis": "y", "origin": [25, 21.05, 5.3]},
			"faces": {
				"north": {"uv": [7, 0.25, 7.375, 0.625], "texture": "#0"},
				"east": {"uv": [6.75, 0.25, 7, 0.625], "texture": "#0"},
				"south": {"uv": [7.625, 0.25, 8, 0.625], "texture": "#0"},
				"west": {"uv": [7.375, 0.25, 7.625, 0.625], "texture": "#0"},
				"up": {"uv": [7.375, 0.25, 7, 0], "texture": "#0"},
				"down": {"uv": [7.75, 0, 7.375, 0.25], "texture": "#0"}
			}
		},
		{
			"from": [17.05, 24.15, 6.95],
			"to": [20.15, 27.55, 9.05],
			"rotation": {"angle": 0, "axis": "y", "origin": [24.1, 22.55, 5.3]},
			"faces": {
				"north": {"uv": [0.25, 1.875, 0.625, 2.25], "texture": "#0"},
				"east": {"uv": [0, 1.875, 0.25, 2.25], "texture": "#0"},
				"south": {"uv": [0.875, 1.875, 1.25, 2.25], "texture": "#0"},
				"west": {"uv": [0.625, 1.875, 0.875, 2.25], "texture": "#0"},
				"up": {"uv": [0.625, 1.875, 0.25, 1.625], "texture": "#0"},
				"down": {"uv": [1, 1.625, 0.625, 1.875], "texture": "#0"}
			}
		},
		{
			"from": [1.20305, 15.05, -7.18883],
			"to": [8.30305, 21.55, -5.08883],
			"rotation": {"angle": 45, "axis": "y", "origin": [14.25305, 19.55, -8.83883]},
			"faces": {
				"north": {"uv": [6.5, 2.75, 7.375, 3.5], "texture": "#0"},
				"east": {"uv": [6.25, 2.75, 6.5, 3.5], "texture": "#0"},
				"south": {"uv": [7.625, 2.75, 8.5, 3.5], "texture": "#0"},
				"west": {"uv": [7.375, 2.75, 7.625, 3.5], "texture": "#0"},
				"up": {"uv": [7.375, 2.75, 6.5, 2.5], "texture": "#0"},
				"down": {"uv": [8.25, 2.5, 7.375, 2.75], "texture": "#0"}
			}
		},
		{
			"from": [16.65711, 21.55, 5.15711],
			"to": [19.75711, 25.05, 7.25711],
			"rotation": {"angle": -45, "axis": "y", "origin": [0.70711, 0.5, 0.70711]},
			"faces": {
				"north": {"uv": [7, 0.25, 7.375, 0.625], "texture": "#0"},
				"east": {"uv": [6.75, 0.25, 7, 0.625], "texture": "#0"},
				"south": {"uv": [7.625, 0.25, 8, 0.625], "texture": "#0"},
				"west": {"uv": [7.375, 0.25, 7.625, 0.625], "texture": "#0"},
				"up": {"uv": [7.375, 0.25, 7, 0], "texture": "#0"},
				"down": {"uv": [7.75, 0, 7.375, 0.25], "texture": "#0"}
			}
		},
		{
			"from": [21.02071, 17.05, 4.52071],
			"to": [24.12071, 20.55, 6.62071],
			"rotation": {"angle": -45, "axis": "y", "origin": [0.07071, 1, 0.07071]},
			"faces": {
				"north": {"uv": [0.25, 1.875, 0.625, 2.25], "texture": "#0"},
				"east": {"uv": [0, 1.875, 0.25, 2.25], "texture": "#0"},
				"south": {"uv": [0.875, 1.875, 1.25, 2.25], "texture": "#0"},
				"west": {"uv": [0.625, 1.875, 0.875, 2.25], "texture": "#0"},
				"up": {"uv": [0.625, 1.875, 0.25, 1.625], "texture": "#0"},
				"down": {"uv": [1, 1.625, 0.625, 1.875], "texture": "#0"}
			}
		},
		{
			"from": [13.95, 15.05, 4.45],
			"to": [21.05, 21.55, 6.55],
			"rotation": {"angle": -45, "axis": "y", "origin": [0, 0, 0]},
			"faces": {
				"north": {"uv": [6.5, 2.75, 7.375, 3.5], "texture": "#0"},
				"east": {"uv": [6.25, 2.75, 6.5, 3.5], "texture": "#0"},
				"south": {"uv": [7.625, 2.75, 8.5, 3.5], "texture": "#0"},
				"west": {"uv": [7.375, 2.75, 7.625, 3.5], "texture": "#0"},
				"up": {"uv": [7.375, 2.75, 6.5, 2.5], "texture": "#0"},
				"down": {"uv": [8.25, 2.5, 7.375, 2.75], "texture": "#0"}
			}
		},
		{
			"from": [2, 2.3, -2],
			"to": [3, 12.3, -1],
			"faces": {
				"north": {"uv": [3.875, 7.75, 4, 9], "texture": "#0"},
				"east": {"uv": [3.75, 7.75, 3.875, 9], "texture": "#0"},
				"south": {"uv": [4.125, 7.75, 4.25, 9], "texture": "#0"},
				"west": {"uv": [4, 7.75, 4.125, 9], "texture": "#0"},
				"up": {"uv": [4, 7.75, 3.875, 7.625], "texture": "#0"},
				"down": {"uv": [4.125, 7.625, 4, 7.75], "texture": "#0"}
			}
		},
		{
			"from": [2, 2.3, 17],
			"to": [3, 12.3, 18],
			"faces": {
				"north": {"uv": [3.375, 7.75, 3.5, 9], "texture": "#0"},
				"east": {"uv": [3.25, 7.75, 3.375, 9], "texture": "#0"},
				"south": {"uv": [3.625, 7.75, 3.75, 9], "texture": "#0"},
				"west": {"uv": [3.5, 7.75, 3.625, 9], "texture": "#0"},
				"up": {"uv": [3.5, 7.75, 3.375, 7.625], "texture": "#0"},
				"down": {"uv": [3.625, 7.625, 3.5, 7.75], "texture": "#0"}
			}
		},
		{
			"from": [0, 16, 10],
			"to": [2, 19, 13],
			"faces": {
				"north": {"uv": [8.375, 0.375, 8.625, 0.75], "texture": "#0"},
				"east": {"uv": [8, 0.375, 8.375, 0.75], "texture": "#0"},
				"south": {"uv": [9, 0.375, 9.25, 0.75], "texture": "#0"},
				"west": {"uv": [8.625, 0.375, 9, 0.75], "texture": "#0"},
				"up": {"uv": [8.625, 0.375, 8.375, 0], "texture": "#0"},
				"down": {"uv": [8.875, 0, 8.625, 0.375], "texture": "#0"}
			}
		},
		{
			"from": [0, 16, 3],
			"to": [2, 19, 6],
			"faces": {
				"north": {"uv": [4.625, 8, 4.875, 8.375], "texture": "#0"},
				"east": {"uv": [4.25, 8, 4.625, 8.375], "texture": "#0"},
				"south": {"uv": [5.25, 8, 5.5, 8.375], "texture": "#0"},
				"west": {"uv": [4.875, 8, 5.25, 8.375], "texture": "#0"},
				"up": {"uv": [4.875, 8, 4.625, 7.625], "texture": "#0"},
				"down": {"uv": [5.125, 7.625, 4.875, 8], "texture": "#0"}
			}
		}
	],
	"display": {
		"thirdperson_righthand": {
			"translation": [0, -2, 0],
			"scale": [0.5, 0.5, 0.5]
		},
		"thirdperson_lefthand": {
			"translation": [0, -2, 0],
			"scale": [0.5, 0.5, 0.5]
		},
		"firstperson_righthand": {
			"rotation": [0, 30, 0],
			"scale": [0.4, 0.4, 0.4]
		},
		"firstperson_lefthand": {
			"rotation": [0, -145, 0],
			"scale": [0.4, 0.4, 0.4]
		},
		"ground": {
			"scale": [0.5, 0.5, 0.5]
		},
		"gui": {
			"rotation": [25, 45, 0],
			"translation": [0, -4.5, 0],
			"scale": [0.5, 0.5, 0.5]
		},
		"fixed": {
			"rotation": [0, -90, 0],
			"translation": [0, -5.75, -2.5],
			"scale": [0.5, 0.5, 0.5]
		}
	},
	"groups": [
		{
			"name": "group",
			"origin": [0, 0, 0],
			"color": 0,
			"children": [
				{
					"name": "group",
					"origin": [0, 0, 0],
					"color": 0,
					"children": [0, 1, 2]
				},
				{
					"name": "body",
					"origin": [0, 0, 0],
					"color": 0,
					"children": [3, 4, 5, 6]
				},
				{
					"name": "yellowbackf",
					"origin": [0, 0, 0],
					"color": 0,
					"children": [7, 8, 9]
				},
				{
					"name": "backfin",
					"origin": [0, 0, 0],
					"color": 0,
					"children": [10]
				},
				{
					"name": "sidef",
					"origin": [0, 0, 0],
					"color": 0,
					"children": [11, 12, 13, 14, 15]
				},
				{
					"name": "sidef",
					"origin": [0, 0, 0],
					"color": 0,
					"children": [16, 17, 18]
				},
				{
					"name": "sidef",
					"origin": [0, 0, 0],
					"color": 0,
					"children": []
				},
				19,
				20,
				21,
				22
			]
		}
	]
}