{
	"credit": "Made with Blockbench",
	"texture_size": [32, 32],
	"textures": {
		"0": "block/custom/maid",
		"particle": "block/custom/maid"
	},
	"elements": [
		{
			"from": [4, 8, 6],
			"to": [12, 9, 8],
			"faces": {
				"north": {"uv": [5.5, 3.5, 9.5, 4], "texture": "#0"},
				"east": {"uv": [7.5, 0, 8.5, 0.5], "texture": "#0"},
				"south": {"uv": [6, 6.5, 10, 7], "texture": "#0"},
				"west": {"uv": [7.5, 0.5, 8.5, 1], "texture": "#0"},
				"up": {"uv": [4, 5, 0, 4], "texture": "#0"},
				"down": {"uv": [8, 4, 4, 5], "texture": "#0"}
			}
		},
		{
			"from": [12, 6, 6],
			"to": [13, 8, 8],
			"faces": {
				"north": {"uv": [7.5, 1, 8, 2], "texture": "#0"},
				"east": {"uv": [0, 7, 1, 8], "texture": "#0"},
				"south": {"uv": [0, 8, 0.5, 9], "texture": "#0"},
				"west": {"uv": [1, 7, 2, 8], "texture": "#0"},
				"up": {"uv": [1, 9, 0.5, 8], "texture": "#0"},
				"down": {"uv": [1.5, 8, 1, 9], "texture": "#0"}
			}
		},
		{
			"from": [3, 6, 6],
			"to": [4, 8, 8],
			"faces": {
				"north": {"uv": [8, 1, 8.5, 2], "texture": "#0"},
				"east": {"uv": [2, 7, 3, 8], "texture": "#0"},
				"south": {"uv": [1.5, 8, 2, 9], "texture": "#0"},
				"west": {"uv": [3, 7, 4, 8], "texture": "#0"},
				"up": {"uv": [2.5, 9, 2, 8], "texture": "#0"},
				"down": {"uv": [8.5, 2, 8, 3], "texture": "#0"}
			}
		},
		{
			"from": [5.5, 8, 5.99],
			"to": [10.5, 11, 5.99],
			"faces": {
				"north": {"uv": [5.5, 2, 8, 3.5], "texture": "#0"},
				"east": {"uv": [0, 0, 0, 1.5], "texture": "#0"},
				"south": {"uv": [6, 5, 8.5, 6.5], "texture": "#0"},
				"west": {"uv": [0, 0, 0, 1.5], "texture": "#0"},
				"up": {"uv": [2.5, 0, 0, 0], "texture": "#0"},
				"down": {"uv": [2.5, 0, 0, 0], "texture": "#0"}
			}
		},
		{
			"from": [12.5, 5, 5.99],
			"to": [14.5, 7, 5.99],
			"faces": {
				"north": {"uv": [4, 7, 5, 8], "texture": "#0"},
				"east": {"uv": [0, 0, 0, 1], "texture": "#0"},
				"south": {"uv": [5, 7, 6, 8], "texture": "#0"},
				"west": {"uv": [0, 0, 0, 1], "texture": "#0"},
				"up": {"uv": [1, 0, 0, 0], "texture": "#0"},
				"down": {"uv": [1, 0, 0, 0], "texture": "#0"}
			}
		},
		{
			"from": [1.5, 5, 5.99],
			"to": [3.5, 7, 5.99],
			"faces": {
				"north": {"uv": [6, 7, 7, 8], "texture": "#0"},
				"east": {"uv": [0, 0, 0, 1], "texture": "#0"},
				"south": {"uv": [7, 7, 8, 8], "texture": "#0"},
				"west": {"uv": [0, 0, 0, 1], "texture": "#0"},
				"up": {"uv": [1, 0, 0, 0], "texture": "#0"},
				"down": {"uv": [1, 0, 0, 0], "texture": "#0"}
			}
		},
		{
			"from": [-3.1, 5, 4.39],
			"to": [0.9, 9, 4.39],
			"rotation": {"angle": 22.5, "axis": "y", "origin": [11.4, -2, -1.6]},
			"faces": {
				"north": {"uv": [0, 5, 2, 7], "texture": "#0"},
				"east": {"uv": [0, 0, 0, 2], "texture": "#0"},
				"south": {"uv": [2, 5, 4, 7], "texture": "#0"},
				"west": {"uv": [0, 0, 0, 2], "texture": "#0"},
				"up": {"uv": [2, 0, 0, 0], "texture": "#0"},
				"down": {"uv": [2, 0, 0, 0], "texture": "#0"}
			}
		},
		{
			"from": [15.1, 5, 4.39],
			"to": [19.1, 9, 4.39],
			"rotation": {"angle": -22.5, "axis": "y", "origin": [4.6, -2, -1.6]},
			"faces": {
				"north": {"uv": [4, 5, 6, 7], "texture": "#0"},
				"east": {"uv": [0, 0, 0, 2], "texture": "#0"},
				"south": {"uv": [5.5, 0, 7.5, 2], "texture": "#0"},
				"west": {"uv": [0, 0, 0, 2], "texture": "#0"},
				"up": {"uv": [2, 0, 0, 0], "texture": "#0"},
				"down": {"uv": [2, 0, 0, 0], "texture": "#0"}
			}
		},
		{
			"from": [2.5, 12, 3.99],
			"to": [13.5, 16, 3.99],
			"rotation": {"angle": 22.5, "axis": "x", "origin": [0, 0, -4]},
			"faces": {
				"north": {"uv": [0, 0, 5.5, 2], "texture": "#0"},
				"east": {"uv": [0, 0, 0, 2], "texture": "#0"},
				"south": {"uv": [0, 2, 5.5, 4], "texture": "#0"},
				"west": {"uv": [0, 0, 0, 2], "texture": "#0"},
				"up": {"uv": [5.5, 0, 0, 0], "texture": "#0"},
				"down": {"uv": [5.5, 0, 0, 0], "texture": "#0"}
			}
		}
	],
	"gui_light": "front",
	"display": {
		"firstperson_righthand": {
			"rotation": [0, 180, 0],
			"translation": [0.75, 3, 0]
		},
		"firstperson_lefthand": {
			"rotation": [0, 180, 0],
			"translation": [0.75, 3, 0]
		},
		"gui": {
			"rotation": [30, 165, 0],
			"translation": [0, -0.25, 0]
		},
		"head": {
			"translation": [0, 6.5, 0],
			"scale": [1.6, 1.6, 1.6]
		},
		"fixed": {
			"rotation": [-90, 0, 0],
			"translation": [0, 0, -5],
			"scale": [1.6, 1.6, 1.6]
		}
	}
}