{
	"credit": "Made with Blockbench",
	"texture_size": [32, 32],
	"textures": {
		"0": "block/custom/mallard",
		"particle": "block/custom/mallard"
	},
	"elements": [
		{
			"from": [4, 8, 5],
			"to": [12, 12, 11],
			"rotation": {"angle": 0, "axis": "y", "origin": [16, 0, 0]},
			"faces": {
				"north": {"uv": [4, 0, 8, 2], "texture": "#0"},
				"east": {"uv": [4, 4, 7, 6], "texture": "#0"},
				"south": {"uv": [4, 2, 8, 4], "texture": "#0"},
				"west": {"uv": [0, 6, 3, 8], "texture": "#0"},
				"up": {"uv": [4, 3, 0, 0], "texture": "#0"},
				"down": {"uv": [4, 3, 0, 6], "texture": "#0"}
			}
		},
		{
			"from": [4, 9, 11],
			"to": [11, 12, 12],
			"rotation": {"angle": 0, "axis": "y", "origin": [16, 0, 0]},
			"faces": {
				"north": {"uv": [3, 6, 6.5, 7.5], "texture": "#0"},
				"east": {"uv": [10.5, 8, 11, 9.5], "texture": "#0"},
				"south": {"uv": [6.5, 6, 10, 7.5], "texture": "#0"},
				"west": {"uv": [11, 0.5, 11.5, 2], "texture": "#0"},
				"up": {"uv": [10.5, 6, 7, 5.5], "texture": "#0"},
				"down": {"uv": [7.5, 9.5, 4, 10], "texture": "#0"}
			}
		},
		{
			"from": [4, 9, 4],
			"to": [11, 12, 5],
			"rotation": {"angle": 0, "axis": "y", "origin": [16, 0, 0]},
			"faces": {
				"north": {"uv": [7, 4, 10.5, 5.5], "texture": "#0"},
				"east": {"uv": [2, 11, 2.5, 12.5], "texture": "#0"},
				"south": {"uv": [3, 7.5, 6.5, 9], "texture": "#0"},
				"west": {"uv": [11, 2, 11.5, 3.5], "texture": "#0"},
				"up": {"uv": [11, 10, 7.5, 9.5], "texture": "#0"},
				"down": {"uv": [13.5, 0, 10, 0.5], "texture": "#0"}
			}
		},
		{
			"from": [6.7, 7, 7],
			"to": [8.7, 10, 9],
			"rotation": {"angle": -22.5, "axis": "z", "origin": [16, 0, 0]},
			"faces": {
				"north": {"uv": [0, 10, 1, 11.5], "texture": "#0"},
				"east": {"uv": [10, 0.5, 11, 2], "texture": "#0"},
				"south": {"uv": [1, 10, 2, 11.5], "texture": "#0"},
				"west": {"uv": [10, 2, 11, 3.5], "texture": "#0"},
				"up": {"uv": [3, 9, 2, 8], "texture": "#0"},
				"down": {"uv": [11.5, 3.5, 10.5, 4.5], "texture": "#0"}
			}
		},
		{
			"from": [10.6, 12, 6],
			"to": [15, 16, 10],
			"rotation": {"angle": 0, "axis": "y", "origin": [16, 0, 0]},
			"faces": {
				"north": {"uv": [6.5, 7.5, 8.5, 9.5], "texture": "#0"},
				"east": {"uv": [0, 8, 2, 10], "texture": "#0"},
				"south": {"uv": [8, 0, 10, 2], "texture": "#0"},
				"west": {"uv": [8, 2, 10, 4], "texture": "#0"},
				"up": {"uv": [10.5, 9.5, 8.5, 7.5], "texture": "#0"},
				"down": {"uv": [4, 9, 2, 11], "texture": "#0"}
			}
		},
		{
			"from": [13, 13, 7],
			"to": [16, 14, 9],
			"rotation": {"angle": 0, "axis": "y", "origin": [16, 0, 0]},
			"faces": {
				"north": {"uv": [4, 9, 5.5, 9.5], "texture": "#0"},
				"east": {"uv": [5.5, 9, 6.5, 9.5], "texture": "#0"},
				"south": {"uv": [10.5, 5.5, 12, 6], "texture": "#0"},
				"west": {"uv": [2.5, 11, 3.5, 11.5], "texture": "#0"},
				"up": {"uv": [5.5, 11, 4, 10], "texture": "#0"},
				"down": {"uv": [7, 10, 5.5, 11], "texture": "#0"}
			}
		},
		{
			"from": [-2, 4.5, 5],
			"to": [1, 6.5, 11],
			"rotation": {"angle": -22.5, "axis": "z", "origin": [16, 0, 0]},
			"faces": {
				"north": {"uv": [10, 6, 11.5, 7], "texture": "#0"},
				"east": {"uv": [10.5, 4.5, 11.5, 5.5], "texture": "#0"},
				"south": {"uv": [7, 10, 8.5, 11], "texture": "#0"},
				"west": {"uv": [10.5, 7, 11.5, 8], "texture": "#0"},
				"up": {"uv": [10, 11, 8.5, 10], "texture": "#0"},
				"down": {"uv": [11.5, 10, 10, 11], "texture": "#0"}
			}
		}
	],
	"display": {
		"thirdperson_righthand": {
			"rotation": [74, 90, 0],
			"translation": [0, 0, -4]
		},
		"thirdperson_lefthand": {
			"rotation": [74, -90, 0],
			"translation": [0, 0, -4]
		},
		"firstperson_righthand": {
			"rotation": [0, -144, 0],
			"translation": [2.5, 0.25, 0],
			"scale": [0.7, 0.7, 0.7]
		},
		"firstperson_lefthand": {
			"rotation": [0, 44, 0],
			"translation": [2.5, 0.25, 0],
			"scale": [0.7, 0.7, 0.7]
		},
		"ground": {
			"scale": [1.4, 1.4, 1.4]
		},
		"gui": {
			"rotation": [30, -130, 0],
			"translation": [0, -2.25, 0],
			"scale": [1.2, 1.2, 1.2]
		},
		"head": {
			"rotation": [0, 22.5, 0],
			"translation": [0, 6.5, 0],
			"scale": [1.6, 1.6, 1.6]
		},
		"fixed": {
			"rotation": [-90, 0, 0],
			"translation": [0, 0, 0.5],
			"scale": [3, 3, 3]
		}
	}
}