{
	"credit": "Made with Blockbench",
	"texture_size": [128, 128],
	"textures": {
		"1": "block/custom/minion_deborn"
	},
	"elements": [
		{
			"from": [6, 18.51367, 6],
			"to": [10, 18.51367, 10],
			"rotation": {"angle": 0, "axis": "y", "origin": [0, 3.51367, 5]},
			"faces": {
				"north": {"uv": [0, 0, 0.5, 0], "texture": "#1"},
				"east": {"uv": [0, 0, 0.5, 0], "texture": "#1"},
				"south": {"uv": [0, 0, 0.5, 0], "texture": "#1"},
				"west": {"uv": [0, 0, 0.5, 0], "texture": "#1"},
				"up": {"uv": [3.75, 9.5, 3.25, 9], "texture": "#1"},
				"down": {"uv": [4.25, 9, 3.75, 9.5], "texture": "#1"}
			}
		},
		{
			"from": [6, 11.27279, 9.81637],
			"to": [10, 19.27279, 11.81637],
			"rotation": {"angle": -22.5, "axis": "x", "origin": [0, 4.27279, 10.81637]},
			"faces": {
				"north": {"uv": [1.375, 8, 1.875, 9], "texture": "#1"},
				"east": {"uv": [8.375, 8.75, 8.625, 9.75], "texture": "#1"},
				"south": {"uv": [1.875, 8, 2.375, 9], "texture": "#1"},
				"west": {"uv": [9, 4, 9.25, 5], "texture": "#1"},
				"up": {"uv": [10.5, 9.75, 10, 9.5], "texture": "#1"},
				"down": {"uv": [10.625, 2.75, 10.125, 3], "texture": "#1"}
			}
		},
		{
			"from": [6, 13.43459, 13.05174],
			"to": [10, 21.43459, 15.05174],
			"rotation": {"angle": -45, "axis": "x", "origin": [0, 6.43459, 14.05174]},
			"faces": {
				"north": {"uv": [2.375, 8, 2.875, 9], "texture": "#1"},
				"east": {"uv": [4.25, 9, 4.5, 10], "texture": "#1"},
				"south": {"uv": [8, 2.75, 8.5, 3.75], "texture": "#1"},
				"west": {"uv": [4.5, 9, 4.75, 10], "texture": "#1"},
				"up": {"uv": [1, 10.5, 0.5, 10.25], "texture": "#1"},
				"down": {"uv": [10.75, 0.75, 10.25, 1], "texture": "#1"}
			}
		},
		{
			"from": [6, 8.66996, 1.21354],
			"to": [10, 10.66996, 9.21354],
			"rotation": {"angle": 22.5, "axis": "x", "origin": [0, 9.66996, 16.21354]},
			"faces": {
				"north": {"uv": [1, 10.25, 1.5, 10.5], "texture": "#1"},
				"east": {"uv": [8.875, 7.5, 9.875, 7.75], "texture": "#1"},
				"south": {"uv": [10.25, 1, 10.75, 1.25], "texture": "#1"},
				"west": {"uv": [4.75, 9, 5.75, 9.25], "texture": "#1"},
				"up": {"uv": [3.375, 9, 2.875, 8], "texture": "#1"},
				"down": {"uv": [3.875, 8, 3.375, 9], "texture": "#1"}
			}
		},
		{
			"from": [6, -1.51367, 1.97266],
			"to": [10, 14.48633, 9.97266],
			"rotation": {"angle": 0, "axis": "x", "origin": [0, 13.48633, 16.97266]},
			"faces": {
				"north": {"uv": [2.25, 6, 2.75, 8], "texture": "#1"},
				"east": {"uv": [0, 0, 1, 2], "texture": "#1"},
				"south": {"uv": [2.75, 6, 3.25, 8], "texture": "#1"},
				"west": {"uv": [1, 0, 2, 2], "texture": "#1"},
				"up": {"uv": [8.5, 4.75, 8, 3.75], "texture": "#1"},
				"down": {"uv": [4.375, 8, 3.875, 9], "texture": "#1"}
			}
		},
		{
			"from": [5, 9.48633, 0.97266],
			"to": [11, 15.48633, 9.97266],
			"rotation": {"angle": 0, "axis": "x", "origin": [0, 13.48633, 16.97266]},
			"faces": {
				"north": {"uv": [7.625, 2, 8.375, 2.75], "texture": "#1"},
				"east": {"uv": [6.25, 6, 7.375, 6.75], "texture": "#1"},
				"south": {"uv": [0.625, 8, 1.375, 8.75], "texture": "#1"},
				"west": {"uv": [6.5, 2, 7.625, 2.75], "texture": "#1"},
				"up": {"uv": [7.25, 3.875, 6.5, 2.75], "texture": "#1"},
				"down": {"uv": [7.25, 3.875, 6.5, 5], "texture": "#1"}
			}
		},
		{
			"from": [4.8, -3.51367, 6.5],
			"to": [6.8, -0.51367, 9.5],
			"rotation": {"angle": 22.5, "axis": "z", "origin": [5.8, -2.51367, 8]},
			"faces": {
				"north": {"uv": [11.25, 4.375, 11.5, 4.75], "texture": "#1"},
				"east": {"uv": [10, 8.75, 10.375, 9.125], "texture": "#1"},
				"south": {"uv": [4.625, 11.25, 4.875, 11.625], "texture": "#1"},
				"west": {"uv": [10, 9.125, 10.375, 9.5], "texture": "#1"},
				"up": {"uv": [11.5, 5.125, 11.25, 4.75], "texture": "#1"},
				"down": {"uv": [5.125, 11.25, 4.875, 11.625], "texture": "#1"}
			}
		},
		{
			"from": [9.2, -3.51367, 6.5],
			"to": [11.2, -1.51367, 9.5],
			"rotation": {"angle": 0, "axis": "x", "origin": [0, 13.48633, 16.5]},
			"faces": {
				"north": {"uv": [1.125, 8.75, 1.375, 9], "texture": "#1"},
				"east": {"uv": [8.5, 6.5, 8.875, 6.75], "texture": "#1"},
				"south": {"uv": [0.875, 9.75, 1.125, 10], "texture": "#1"},
				"west": {"uv": [3.25, 11.25, 3.625, 11.5], "texture": "#1"},
				"up": {"uv": [4.125, 11.625, 3.875, 11.25], "texture": "#1"},
				"down": {"uv": [11.5, 4, 11.25, 4.375], "texture": "#1"}
			}
		},
		{
			"from": [6, -1.51367, 6.02734],
			"to": [10, 14.48633, 14.02734],
			"rotation": {"angle": 0, "axis": "x", "origin": [0, 13.48633, -0.97266]},
			"faces": {
				"north": {"uv": [3.25, 6, 3.75, 8], "texture": "#1"},
				"east": {"uv": [0, 2, 1, 4], "texture": "#1"},
				"south": {"uv": [3.75, 6, 4.25, 8], "texture": "#1"},
				"west": {"uv": [2, 0, 3, 2], "texture": "#1"},
				"up": {"uv": [4.875, 9, 4.375, 8], "texture": "#1"},
				"down": {"uv": [8.5, 4.75, 8, 5.75], "texture": "#1"}
			}
		},
		{
			"from": [6, 8.66996, 6.78646],
			"to": [10, 10.66996, 14.78646],
			"rotation": {"angle": -22.5, "axis": "x", "origin": [0, 9.66996, -0.21354]},
			"faces": {
				"north": {"uv": [10.25, 1.25, 10.75, 1.5], "texture": "#1"},
				"east": {"uv": [9.125, 8.25, 10.125, 8.5], "texture": "#1"},
				"south": {"uv": [3.5, 10.25, 4, 10.5], "texture": "#1"},
				"west": {"uv": [9.125, 8.5, 10.125, 8.75], "texture": "#1"},
				"up": {"uv": [5.375, 9, 4.875, 8], "texture": "#1"},
				"down": {"uv": [5.875, 8, 5.375, 9], "texture": "#1"}
			}
		},
		{
			"from": [6, 13.43459, 0.94826],
			"to": [10, 21.43459, 2.94826],
			"rotation": {"angle": 45, "axis": "x", "origin": [0, 6.43459, 1.94826]},
			"faces": {
				"north": {"uv": [8, 5.75, 8.5, 6.75], "texture": "#1"},
				"east": {"uv": [9.125, 8.75, 9.375, 9.75], "texture": "#1"},
				"south": {"uv": [8.125, 0, 8.625, 1], "texture": "#1"},
				"west": {"uv": [9.25, 4, 9.5, 5], "texture": "#1"},
				"up": {"uv": [10.75, 4.25, 10.25, 4], "texture": "#1"},
				"down": {"uv": [10.75, 4.25, 10.25, 4.5], "texture": "#1"}
			}
		},
		{
			"from": [6, 11.27279, 4.18363],
			"to": [10, 19.27279, 6.18363],
			"rotation": {"angle": 22.5, "axis": "x", "origin": [0, 4.27279, 5.18363]},
			"faces": {
				"north": {"uv": [8.125, 1, 8.625, 2], "texture": "#1"},
				"east": {"uv": [4.75, 9.25, 5, 10.25], "texture": "#1"},
				"south": {"uv": [8.125, 7.75, 8.625, 8.75], "texture": "#1"},
				"west": {"uv": [5, 9.25, 5.25, 10.25], "texture": "#1"},
				"up": {"uv": [10.75, 4.75, 10.25, 4.5], "texture": "#1"},
				"down": {"uv": [5.25, 10.25, 4.75, 10.5], "texture": "#1"}
			}
		},
		{
			"from": [5.68821, 10.97351, 6],
			"to": [7.68821, 18.97351, 10],
			"rotation": {"angle": 22.5, "axis": "z", "origin": [8, 14.5, 8]},
			"faces": {
				"north": {"uv": [5.25, 9.25, 5.5, 10.25], "texture": "#1"},
				"east": {"uv": [8.375, 6.75, 8.875, 7.75], "texture": "#1"},
				"south": {"uv": [5.5, 9.25, 5.75, 10.25], "texture": "#1"},
				"west": {"uv": [8.5, 2, 9, 3], "texture": "#1"},
				"up": {"uv": [4.25, 10.75, 4, 10.25], "texture": "#1"},
				"down": {"uv": [10.5, 4.75, 10.25, 5.25], "texture": "#1"}
			}
		},
		{
			"from": [5.57612, 11.51767, 6],
			"to": [7.57612, 19.51767, 10],
			"rotation": {"angle": 45, "axis": "z", "origin": [8, 14.5, 8]},
			"faces": {
				"north": {"uv": [8.625, 9.25, 8.875, 10.25], "texture": "#1"},
				"east": {"uv": [8.5, 3, 9, 4], "texture": "#1"},
				"south": {"uv": [8.875, 9.25, 9.125, 10.25], "texture": "#1"},
				"west": {"uv": [8.5, 4, 9, 5], "texture": "#1"},
				"up": {"uv": [5.5, 10.75, 5.25, 10.25], "texture": "#1"},
				"down": {"uv": [10.5, 5.25, 10.25, 5.75], "texture": "#1"}
			}
		},
		{
			"from": [2.4367, 12.18081, 6],
			"to": [10.4367, 14.18081, 10],
			"rotation": {"angle": -22.5, "axis": "z", "origin": [8, 14.5, 8]},
			"faces": {
				"north": {"uv": [9.375, 3, 10.375, 3.25], "texture": "#1"},
				"east": {"uv": [5.5, 10.25, 6, 10.5], "texture": "#1"},
				"south": {"uv": [9.375, 3.25, 10.375, 3.5], "texture": "#1"},
				"west": {"uv": [6, 10.25, 6.5, 10.5], "texture": "#1"},
				"up": {"uv": [9.5, 5.5, 8.5, 5], "texture": "#1"},
				"down": {"uv": [9.5, 5.5, 8.5, 6], "texture": "#1"}
			}
		},
		{
			"from": [1.97266, -1.51367, 6],
			"to": [9.97266, 14.48633, 10],
			"rotation": {"angle": 0, "axis": "x", "origin": [8, 14.5, 8]},
			"faces": {
				"north": {"uv": [1, 2, 2, 4], "texture": "#1"},
				"east": {"uv": [4.25, 6, 4.75, 8], "texture": "#1"},
				"south": {"uv": [2, 2, 3, 4], "texture": "#1"},
				"west": {"uv": [4.75, 6, 5.25, 8], "texture": "#1"},
				"up": {"uv": [9.5, 6.5, 8.5, 6], "texture": "#1"},
				"down": {"uv": [9.625, 0, 8.625, 0.5], "texture": "#1"}
			}
		},
		{
			"from": [6.02734, -1.51367, 6],
			"to": [14.02734, 14.48633, 10],
			"rotation": {"angle": 0, "axis": "x", "origin": [8, 14.5, 8]},
			"faces": {
				"north": {"uv": [3, 0, 4, 2], "texture": "#1"},
				"east": {"uv": [5.25, 6, 5.75, 8], "texture": "#1"},
				"south": {"uv": [3, 2, 4, 4], "texture": "#1"},
				"west": {"uv": [5.75, 6, 6.25, 8], "texture": "#1"},
				"up": {"uv": [9.625, 1, 8.625, 0.5], "texture": "#1"},
				"down": {"uv": [9.625, 1, 8.625, 1.5], "texture": "#1"}
			}
		},
		{
			"from": [0.02734, 5.08633, 7],
			"to": [6.02734, 7.08633, 9],
			"rotation": {"angle": 45, "axis": "z", "origin": [1.52734, 3.58633, 8]},
			"faces": {
				"north": {"uv": [3.5, 9.5, 4.25, 9.75], "texture": "#1"},
				"east": {"uv": [10.375, 11.75, 10.625, 12], "texture": "#1"},
				"south": {"uv": [9.5, 4, 10.25, 4.25], "texture": "#1"},
				"west": {"uv": [11.25, 11.75, 11.5, 12], "texture": "#1"},
				"up": {"uv": [10.25, 4.5, 9.5, 4.25], "texture": "#1"},
				"down": {"uv": [10.25, 4.5, 9.5, 4.75], "texture": "#1"}
			}
		},
		{
			"from": [0.02734, 2.08633, 7],
			"to": [3.02734, 4.08633, 9],
			"rotation": {"angle": -45, "axis": "z", "origin": [1.52734, 3.58633, 8]},
			"faces": {
				"north": {"uv": [11.25, 5.125, 11.625, 5.375], "texture": "#1"},
				"east": {"uv": [2.125, 11.875, 2.375, 12.125], "texture": "#1"},
				"south": {"uv": [11.25, 5.375, 11.625, 5.625], "texture": "#1"},
				"west": {"uv": [3.25, 11.875, 3.5, 12.125], "texture": "#1"},
				"up": {"uv": [11.625, 6.75, 11.25, 6.5], "texture": "#1"},
				"down": {"uv": [7.125, 11.25, 6.75, 11.5], "texture": "#1"}
			}
		},
		{
			"from": [12.02734, 1.08633, 7],
			"to": [14.02734, 7.08633, 9],
			"rotation": {"angle": -45, "axis": "z", "origin": [19.52734, 3.58633, 8]},
			"faces": {
				"north": {"uv": [1.875, 10, 2.125, 10.75], "texture": "#1"},
				"east": {"uv": [2.125, 10, 2.375, 10.75], "texture": "#1"},
				"south": {"uv": [2.375, 10, 2.625, 10.75], "texture": "#1"},
				"west": {"uv": [2.625, 10, 2.875, 10.75], "texture": "#1"},
				"up": {"uv": [12.625, 2.75, 12.375, 2.5], "texture": "#1"},
				"down": {"uv": [12.625, 2.75, 12.375, 3], "texture": "#1"}
			}
		},
		{
			"from": [9.02734, 5.08633, 7],
			"to": [12.02734, 7.08633, 9],
			"rotation": {"angle": -45, "axis": "z", "origin": [19.52734, 3.58633, 8]},
			"faces": {
				"north": {"uv": [11.75, 1.25, 12.125, 1.5], "texture": "#1"},
				"east": {"uv": [12.375, 2, 12.625, 2.25], "texture": "#1"},
				"south": {"uv": [11.75, 8.375, 12.125, 8.625], "texture": "#1"},
				"west": {"uv": [12.375, 2.25, 12.625, 2.5], "texture": "#1"},
				"up": {"uv": [12.125, 8.875, 11.75, 8.625], "texture": "#1"},
				"down": {"uv": [9.5, 11.75, 9.125, 12], "texture": "#1"}
			}
		},
		{
			"from": [5.5633, 12.18081, 6],
			"to": [13.5633, 14.18081, 10],
			"rotation": {"angle": 22.5, "axis": "z", "origin": [8, 14.5, 8]},
			"faces": {
				"north": {"uv": [9.375, 3.5, 10.375, 3.75], "texture": "#1"},
				"east": {"uv": [6.5, 10.25, 7, 10.5], "texture": "#1"},
				"south": {"uv": [9.375, 3.75, 10.375, 4], "texture": "#1"},
				"west": {"uv": [10.25, 6.5, 10.75, 6.75], "texture": "#1"},
				"up": {"uv": [9.625, 2, 8.625, 1.5], "texture": "#1"},
				"down": {"uv": [9.625, 7.75, 8.625, 8.25], "texture": "#1"}
			}
		},
		{
			"from": [8.42388, 11.51767, 6],
			"to": [10.42388, 19.51767, 10],
			"rotation": {"angle": -45, "axis": "z", "origin": [8, 14.5, 8]},
			"faces": {
				"north": {"uv": [9.375, 6.5, 9.625, 7.5], "texture": "#1"},
				"east": {"uv": [8.625, 8.25, 9.125, 9.25], "texture": "#1"},
				"south": {"uv": [9.375, 8.75, 9.625, 9.75], "texture": "#1"},
				"west": {"uv": [0.625, 8.75, 1.125, 9.75], "texture": "#1"},
				"up": {"uv": [7.25, 10.75, 7, 10.25], "texture": "#1"},
				"down": {"uv": [7.5, 10.25, 7.25, 10.75], "texture": "#1"}
			}
		},
		{
			"from": [8.31179, 10.97351, 6],
			"to": [10.31179, 18.97351, 10],
			"rotation": {"angle": -22.5, "axis": "z", "origin": [8, 14.5, 8]},
			"faces": {
				"north": {"uv": [9.5, 2, 9.75, 3], "texture": "#1"},
				"east": {"uv": [5.875, 8.75, 6.375, 9.75], "texture": "#1"},
				"south": {"uv": [3.25, 9.5, 3.5, 10.5], "texture": "#1"},
				"west": {"uv": [6.375, 8.75, 6.875, 9.75], "texture": "#1"},
				"up": {"uv": [7.75, 10.75, 7.5, 10.25], "texture": "#1"},
				"down": {"uv": [8, 10.25, 7.75, 10.75], "texture": "#1"}
			}
		},
		{
			"from": [4.2153, -1.51367, 3.41421],
			"to": [9.91082, 14.48633, 11.41421],
			"rotation": {"angle": 45, "axis": "y", "origin": [6.2153, 13.48633, 7.41421]},
			"faces": {
				"north": {"uv": [5, 2, 5.75, 4], "texture": "#1"},
				"east": {"uv": [0, 4, 1, 6], "texture": "#1"},
				"south": {"uv": [5, 4, 5.75, 6], "texture": "#1"},
				"west": {"uv": [4, 0, 5, 2], "texture": "#1"},
				"up": {"uv": [7.25, 6, 6.5, 5], "texture": "#1"},
				"down": {"uv": [7.5, 0, 6.75, 1], "texture": "#1"}
			}
		},
		{
			"from": [4.5153, 14.48633, 3.71421],
			"to": [9.61082, 15.48633, 11.71421],
			"rotation": {"angle": 45, "axis": "y", "origin": [6.2153, 13.48633, 7.41421]},
			"faces": {
				"north": {"uv": [10.5, 6, 11.125, 6.125], "texture": "#1"},
				"east": {"uv": [10, 7.375, 11, 7.5], "texture": "#1"},
				"south": {"uv": [11.625, 10.5, 12.25, 10.625], "texture": "#1"},
				"west": {"uv": [10.125, 6.125, 11.125, 6.25], "texture": "#1"},
				"up": {"uv": [8, 6.75, 7.375, 5.75], "texture": "#1"},
				"down": {"uv": [8.125, 0, 7.5, 1], "texture": "#1"}
			}
		},
		{
			"from": [4.9153, 15.48633, 4.11421],
			"to": [9.21082, 16.48633, 12.11421],
			"rotation": {"angle": 45, "axis": "y", "origin": [6.2153, 13.48633, 7.41421]},
			"faces": {
				"north": {"uv": [11.875, 4.875, 12.375, 5], "texture": "#1"},
				"east": {"uv": [10.25, 6.75, 11.25, 6.875], "texture": "#1"},
				"south": {"uv": [5, 11.875, 5.5, 12], "texture": "#1"},
				"west": {"uv": [10.25, 6.875, 11.25, 7], "texture": "#1"},
				"up": {"uv": [7.375, 9.75, 6.875, 8.75], "texture": "#1"},
				"down": {"uv": [7.875, 8.75, 7.375, 9.75], "texture": "#1"}
			}
		},
		{
			"from": [6.08918, -1.51367, 3.41421],
			"to": [11.7847, 14.48633, 11.41421],
			"rotation": {"angle": -45, "axis": "y", "origin": [9.7847, 13.48633, 7.41421]},
			"faces": {
				"north": {"uv": [5.75, 2, 6.5, 4], "texture": "#1"},
				"east": {"uv": [1, 4, 2, 6], "texture": "#1"},
				"south": {"uv": [5.75, 4, 6.5, 6], "texture": "#1"},
				"west": {"uv": [2, 4, 3, 6], "texture": "#1"},
				"up": {"uv": [7.5, 2, 6.75, 1], "texture": "#1"},
				"down": {"uv": [7, 6.75, 6.25, 7.75], "texture": "#1"}
			}
		},
		{
			"from": [6.38918, 14.48633, 3.71421],
			"to": [11.4847, 15.48633, 11.71421],
			"rotation": {"angle": -45, "axis": "y", "origin": [9.7847, 13.48633, 7.41421]},
			"faces": {
				"north": {"uv": [11.75, 2.5, 12.375, 2.625], "texture": "#1"},
				"east": {"uv": [10.25, 7, 11.25, 7.125], "texture": "#1"},
				"south": {"uv": [11.75, 5.875, 12.375, 6], "texture": "#1"},
				"west": {"uv": [8.625, 10.25, 9.625, 10.375], "texture": "#1"},
				"up": {"uv": [8.125, 2, 7.5, 1], "texture": "#1"},
				"down": {"uv": [6.875, 7.75, 6.25, 8.75], "texture": "#1"}
			}
		},
		{
			"from": [6.78918, 15.48633, 4.11421],
			"to": [11.0847, 16.48633, 12.11421],
			"rotation": {"angle": -45, "axis": "y", "origin": [9.7847, 13.48633, 7.41421]},
			"faces": {
				"north": {"uv": [11.875, 5, 12.375, 5.125], "texture": "#1"},
				"east": {"uv": [10.25, 10, 11.25, 10.125], "texture": "#1"},
				"south": {"uv": [11.875, 5.125, 12.375, 5.25], "texture": "#1"},
				"west": {"uv": [10.25, 10.125, 11.25, 10.25], "texture": "#1"},
				"up": {"uv": [8.375, 9.75, 7.875, 8.75], "texture": "#1"},
				"down": {"uv": [9.375, 6.5, 8.875, 7.5], "texture": "#1"}
			}
		},
		{
			"from": [7.58918, 16.48633, 4.91421],
			"to": [10.2847, 17.48633, 12.91421],
			"rotation": {"angle": -45, "axis": "y", "origin": [9.7847, 13.48633, 7.41421]},
			"faces": {
				"north": {"uv": [11.25, 7, 11.625, 7.125], "texture": "#1"},
				"east": {"uv": [10.25, 10.25, 11.25, 10.375], "texture": "#1"},
				"south": {"uv": [12.25, 4.75, 12.625, 4.875], "texture": "#1"},
				"west": {"uv": [10.375, 3, 11.375, 3.125], "texture": "#1"},
				"up": {"uv": [2.5, 10, 2.125, 9], "texture": "#1"},
				"down": {"uv": [2.875, 9, 2.5, 10], "texture": "#1"}
			}
		},
		{
			"from": [7.58918, 16.48633, 3.08579],
			"to": [10.2847, 17.48633, 11.08579],
			"rotation": {"angle": 45, "axis": "y", "origin": [9.7847, 13.48633, 8.58579]},
			"faces": {
				"north": {"uv": [12.25, 10.5, 12.625, 10.625], "texture": "#1"},
				"east": {"uv": [10.375, 3.125, 11.375, 3.25], "texture": "#1"},
				"south": {"uv": [12.375, 3, 12.75, 3.125], "texture": "#1"},
				"west": {"uv": [10.375, 3.25, 11.375, 3.375], "texture": "#1"},
				"up": {"uv": [3.25, 10, 2.875, 9], "texture": "#1"},
				"down": {"uv": [9.375, 3, 9, 4], "texture": "#1"}
			}
		},
		{
			"from": [6.78918, 15.48633, 3.88579],
			"to": [11.0847, 16.48633, 11.88579],
			"rotation": {"angle": 45, "axis": "y", "origin": [9.7847, 13.48633, 8.58579]},
			"faces": {
				"north": {"uv": [11.875, 5.25, 12.375, 5.375], "texture": "#1"},
				"east": {"uv": [10.375, 3.375, 11.375, 3.5], "texture": "#1"},
				"south": {"uv": [11.875, 5.375, 12.375, 5.5], "texture": "#1"},
				"west": {"uv": [10.375, 3.5, 11.375, 3.625], "texture": "#1"},
				"up": {"uv": [0.5, 10, 0, 9], "texture": "#1"},
				"down": {"uv": [1.625, 9, 1.125, 10], "texture": "#1"}
			}
		},
		{
			"from": [6.38918, 14.48633, 4.28579],
			"to": [11.4847, 15.48633, 12.28579],
			"rotation": {"angle": 45, "axis": "y", "origin": [9.7847, 13.48633, 8.58579]},
			"faces": {
				"north": {"uv": [11.75, 8.875, 12.375, 9], "texture": "#1"},
				"east": {"uv": [10.375, 3.625, 11.375, 3.75], "texture": "#1"},
				"south": {"uv": [9.75, 11.75, 10.375, 11.875], "texture": "#1"},
				"west": {"uv": [10.375, 3.75, 11.375, 3.875], "texture": "#1"},
				"up": {"uv": [8.375, 7.75, 7.75, 6.75], "texture": "#1"},
				"down": {"uv": [7.5, 7.75, 6.875, 8.75], "texture": "#1"}
			}
		},
		{
			"from": [6.08918, -1.51367, 4.58579],
			"to": [11.7847, 14.48633, 12.58579],
			"rotation": {"angle": 45, "axis": "y", "origin": [9.7847, 13.48633, 8.58579]},
			"faces": {
				"north": {"uv": [0, 6, 0.75, 8], "texture": "#1"},
				"east": {"uv": [4, 2, 5, 4], "texture": "#1"},
				"south": {"uv": [6, 0, 6.75, 2], "texture": "#1"},
				"west": {"uv": [3, 4, 4, 6], "texture": "#1"},
				"up": {"uv": [7.75, 7.75, 7, 6.75], "texture": "#1"},
				"down": {"uv": [8, 2.75, 7.25, 3.75], "texture": "#1"}
			}
		},
		{
			"from": [4.9153, 15.48633, 3.88579],
			"to": [9.21082, 16.48633, 11.88579],
			"rotation": {"angle": -45, "axis": "y", "origin": [6.2153, 13.48633, 8.58579]},
			"faces": {
				"north": {"uv": [5.5, 11.875, 6, 12], "texture": "#1"},
				"east": {"uv": [10.375, 3.875, 11.375, 4], "texture": "#1"},
				"south": {"uv": [6, 11.875, 6.5, 12], "texture": "#1"},
				"west": {"uv": [8.625, 10.375, 9.625, 10.5], "texture": "#1"},
				"up": {"uv": [2.125, 10, 1.625, 9], "texture": "#1"},
				"down": {"uv": [9.5, 2, 9, 3], "texture": "#1"}
			}
		},
		{
			"from": [4.5153, 14.48633, 4.28579],
			"to": [9.61082, 15.48633, 12.28579],
			"rotation": {"angle": -45, "axis": "y", "origin": [6.2153, 13.48633, 8.58579]},
			"faces": {
				"north": {"uv": [11.75, 10.625, 12.375, 10.75], "texture": "#1"},
				"east": {"uv": [10.375, 8.75, 11.375, 8.875], "texture": "#1"},
				"south": {"uv": [11.75, 10.75, 12.375, 10.875], "texture": "#1"},
				"west": {"uv": [10.375, 8.875, 11.375, 9], "texture": "#1"},
				"up": {"uv": [8.125, 8.75, 7.5, 7.75], "texture": "#1"},
				"down": {"uv": [0.625, 8, 0, 9], "texture": "#1"}
			}
		},
		{
			"from": [4.2153, -1.51367, 4.58579],
			"to": [9.91082, 14.48633, 12.58579],
			"rotation": {"angle": -45, "axis": "y", "origin": [6.2153, 13.48633, 8.58579]},
			"faces": {
				"north": {"uv": [0.75, 6, 1.5, 8], "texture": "#1"},
				"east": {"uv": [4, 4, 5, 6], "texture": "#1"},
				"south": {"uv": [1.5, 6, 2.25, 8], "texture": "#1"},
				"west": {"uv": [5, 0, 6, 2], "texture": "#1"},
				"up": {"uv": [8, 4.75, 7.25, 3.75], "texture": "#1"},
				"down": {"uv": [8, 4.75, 7.25, 5.75], "texture": "#1"}
			}
		},
		{
			"from": [9.9995, 3.97329, 5.18696],
			"to": [11.9995, 5.97329, 5.18696],
			"rotation": {"angle": 0, "axis": "y", "origin": [10.9995, 4.97329, 3.80512]},
			"faces": {
				"north": {"uv": [12.125, 2.25, 12.375, 2.5], "texture": "#1"},
				"east": {"uv": [0, 0, 0, 0.25], "texture": "#1"},
				"south": {"uv": [4.5, 12.125, 4.75, 12.375], "texture": "#1"},
				"west": {"uv": [0, 0, 0, 0.25], "texture": "#1"},
				"up": {"uv": [0.25, 0, 0, 0], "texture": "#1"},
				"down": {"uv": [0.25, 0, 0, 0], "texture": "#1"}
			}
		},
		{
			"from": [8.9811, -1.26911, 11.93863],
			"to": [11.0193, 1.93089, 13.53863],
			"rotation": {"angle": 45, "axis": "z", "origin": [10.0002, 0.88136, 11.83316]},
			"faces": {
				"north": {"uv": [9.5, 11.25, 9.75, 11.625], "texture": "#1"},
				"east": {"uv": [11.25, 11.125, 11.5, 11.5], "texture": "#1"},
				"south": {"uv": [11.375, 0, 11.625, 0.375], "texture": "#1"},
				"west": {"uv": [11.375, 1.5, 11.625, 1.875], "texture": "#1"},
				"up": {"uv": [5.375, 12.5, 5.125, 12.25], "texture": "#1"},
				"down": {"uv": [5.625, 12.25, 5.375, 12.5], "texture": "#1"}
			}
		},
		{
			"from": [8.9811, -1.26911, 11.93863],
			"to": [11.0193, 1.93089, 13.53863],
			"rotation": {"angle": -45, "axis": "z", "origin": [10.0002, 0.88136, 11.83316]},
			"faces": {
				"north": {"uv": [11.375, 3, 11.625, 3.375], "texture": "#1"},
				"east": {"uv": [11.375, 3.375, 11.625, 3.75], "texture": "#1"},
				"south": {"uv": [11.375, 9.5, 11.625, 9.875], "texture": "#1"},
				"west": {"uv": [9.75, 11.375, 10, 11.75], "texture": "#1"},
				"up": {"uv": [12.5, 5.75, 12.25, 5.5], "texture": "#1"},
				"down": {"uv": [6.75, 12.25, 6.5, 12.5], "texture": "#1"}
			}
		},
		{
			"from": [8.9811, -0.16816, 11.93863],
			"to": [11.0193, 3.03184, 13.93863],
			"rotation": {"angle": 45, "axis": "z", "origin": [10.0002, 0.88136, 11.83316]},
			"faces": {
				"north": {"uv": [10, 11.375, 10.25, 11.75], "texture": "#1"},
				"east": {"uv": [10.25, 11.375, 10.5, 11.75], "texture": "#1"},
				"south": {"uv": [11.375, 10.25, 11.625, 10.625], "texture": "#1"},
				"west": {"uv": [10.5, 11.375, 10.75, 11.75], "texture": "#1"},
				"up": {"uv": [7, 12.5, 6.75, 12.25], "texture": "#1"},
				"down": {"uv": [12.5, 8.375, 12.25, 8.625], "texture": "#1"}
			}
		},
		{
			"from": [8.9811, -0.16816, 11.93863],
			"to": [11.0193, 3.03184, 13.93863],
			"rotation": {"angle": -45, "axis": "z", "origin": [10.0002, 0.88136, 11.83316]},
			"faces": {
				"north": {"uv": [11.5, 0.375, 11.75, 0.75], "texture": "#1"},
				"east": {"uv": [11.5, 0.75, 11.75, 1.125], "texture": "#1"},
				"south": {"uv": [11.5, 1.125, 11.75, 1.5], "texture": "#1"},
				"west": {"uv": [1.5, 11.5, 1.75, 11.875], "texture": "#1"},
				"up": {"uv": [12.5, 8.875, 12.25, 8.625], "texture": "#1"},
				"down": {"uv": [12.5, 9.25, 12.25, 9.5], "texture": "#1"}
			}
		},
		{
			"from": [7.61074, 0.08136, 12.33863],
			"to": [12.41074, 1.68136, 13.53863],
			"rotation": {"angle": 0, "axis": "y", "origin": [10.0002, 0.88136, 11.83316]},
			"faces": {
				"north": {"uv": [10, 1.5, 10.625, 1.75], "texture": "#1"},
				"east": {"uv": [11.125, 12.625, 11.25, 12.875], "texture": "#1"},
				"south": {"uv": [10, 1.75, 10.625, 2], "texture": "#1"},
				"west": {"uv": [11.5, 12.625, 11.625, 12.875], "texture": "#1"},
				"up": {"uv": [2.125, 12, 1.5, 11.875], "texture": "#1"},
				"down": {"uv": [12.5, 3.375, 11.875, 3.5], "texture": "#1"}
			}
		},
		{
			"from": [9.21074, -1.51864, 12.33863],
			"to": [10.81074, 3.28136, 13.53863],
			"rotation": {"angle": 0, "axis": "y", "origin": [10.0002, 0.88136, 11.83316]},
			"faces": {
				"north": {"uv": [2.875, 10, 3.125, 10.625], "texture": "#1"},
				"east": {"uv": [6.125, 8, 6.25, 8.625], "texture": "#1"},
				"south": {"uv": [4.25, 10, 4.5, 10.625], "texture": "#1"},
				"west": {"uv": [8.375, 2, 8.5, 2.625], "texture": "#1"},
				"up": {"uv": [12.875, 11.75, 12.625, 11.625], "texture": "#1"},
				"down": {"uv": [12.875, 11.75, 12.625, 11.875], "texture": "#1"}
			}
		},
		{
			"from": [5.18966, -1.51864, 12.33863],
			"to": [6.78966, 3.28136, 13.53863],
			"rotation": {"angle": 0, "axis": "y", "origin": [6.0002, 0.88136, 11.83316]},
			"faces": {
				"north": {"uv": [4.5, 10, 4.75, 10.625], "texture": "#1"},
				"east": {"uv": [0.5, 9, 0.625, 9.625], "texture": "#1"},
				"south": {"uv": [10, 6.5, 10.25, 7.125], "texture": "#1"},
				"west": {"uv": [5.75, 9, 5.875, 9.625], "texture": "#1"},
				"up": {"uv": [12.875, 12, 12.625, 11.875], "texture": "#1"},
				"down": {"uv": [12.875, 12, 12.625, 12.125], "texture": "#1"}
			}
		},
		{
			"from": [3.58966, 0.08136, 12.33863],
			"to": [8.38966, 1.68136, 13.53863],
			"rotation": {"angle": 0, "axis": "y", "origin": [6.0002, 0.88136, 11.83316]},
			"faces": {
				"north": {"uv": [10, 7.125, 10.625, 7.375], "texture": "#1"},
				"east": {"uv": [12.125, 12.625, 12.25, 12.875], "texture": "#1"},
				"south": {"uv": [10, 7.75, 10.625, 8], "texture": "#1"},
				"west": {"uv": [12.25, 12.625, 12.375, 12.875], "texture": "#1"},
				"up": {"uv": [12.5, 3.625, 11.875, 3.5], "texture": "#1"},
				"down": {"uv": [12.5, 3.625, 11.875, 3.75], "texture": "#1"}
			}
		},
		{
			"from": [4.9811, -0.16816, 11.93863],
			"to": [7.0193, 3.03184, 13.93863],
			"rotation": {"angle": 45, "axis": "z", "origin": [6.0002, 0.88136, 11.83316]},
			"faces": {
				"north": {"uv": [1.75, 11.5, 2, 11.875], "texture": "#1"},
				"east": {"uv": [11.5, 1.875, 11.75, 2.25], "texture": "#1"},
				"south": {"uv": [2, 11.5, 2.25, 11.875], "texture": "#1"},
				"west": {"uv": [2.25, 11.5, 2.5, 11.875], "texture": "#1"},
				"up": {"uv": [12.5, 9.75, 12.25, 9.5], "texture": "#1"},
				"down": {"uv": [12.5, 9.75, 12.25, 10], "texture": "#1"}
			}
		},
		{
			"from": [4.9811, -0.16816, 11.93863],
			"to": [7.0193, 3.03184, 13.53863],
			"rotation": {"angle": -45, "axis": "z", "origin": [6.0002, 0.88136, 11.83316]},
			"faces": {
				"north": {"uv": [11.5, 2.25, 11.75, 2.625], "texture": "#1"},
				"east": {"uv": [3.25, 11.5, 3.5, 11.875], "texture": "#1"},
				"south": {"uv": [3.5, 11.5, 3.75, 11.875], "texture": "#1"},
				"west": {"uv": [11.5, 3.75, 11.75, 4.125], "texture": "#1"},
				"up": {"uv": [12.5, 10.25, 12.25, 10], "texture": "#1"},
				"down": {"uv": [12.5, 11.5, 12.25, 11.75], "texture": "#1"}
			}
		},
		{
			"from": [4.9811, -1.26911, 11.93863],
			"to": [7.0193, 1.93089, 13.53863],
			"rotation": {"angle": 45, "axis": "z", "origin": [6.0002, 0.88136, 11.83316]},
			"faces": {
				"north": {"uv": [11.5, 4.125, 11.75, 4.5], "texture": "#1"},
				"east": {"uv": [11.5, 4.5, 11.75, 4.875], "texture": "#1"},
				"south": {"uv": [5.125, 11.5, 5.375, 11.875], "texture": "#1"},
				"west": {"uv": [5.375, 11.5, 5.625, 11.875], "texture": "#1"},
				"up": {"uv": [12.5, 12, 12.25, 11.75], "texture": "#1"},
				"down": {"uv": [12.5, 12, 12.25, 12.25], "texture": "#1"}
			}
		},
		{
			"from": [4.9811, -1.26911, 11.93863],
			"to": [7.0193, 1.93089, 13.93863],
			"rotation": {"angle": -45, "axis": "z", "origin": [6.0002, 0.88136, 11.83316]},
			"faces": {
				"north": {"uv": [5.625, 11.5, 5.875, 11.875], "texture": "#1"},
				"east": {"uv": [11.5, 5.625, 11.75, 6], "texture": "#1"},
				"south": {"uv": [5.875, 11.5, 6.125, 11.875], "texture": "#1"},
				"west": {"uv": [6.125, 11.5, 6.375, 11.875], "texture": "#1"},
				"up": {"uv": [12.5, 12.5, 12.25, 12.25], "texture": "#1"},
				"down": {"uv": [12.625, 0.75, 12.375, 1], "texture": "#1"}
			}
		},
		{
			"from": [9.1998, -1.15262, 12.65448],
			"to": [10.7998, 2.04738, 13.45448],
			"rotation": {"angle": -22.5, "axis": "x", "origin": [9.9998, 0.88136, 14.0441]},
			"faces": {
				"north": {"uv": [6.375, 11.5, 6.625, 11.875], "texture": "#1"},
				"east": {"uv": [2.75, 10.75, 2.875, 11.125], "texture": "#1"},
				"south": {"uv": [6.625, 11.5, 6.875, 11.875], "texture": "#1"},
				"west": {"uv": [4.125, 10.75, 4.25, 11.125], "texture": "#1"},
				"up": {"uv": [12.625, 12.75, 12.375, 12.625], "texture": "#1"},
				"down": {"uv": [12.875, 12.5, 12.625, 12.625], "texture": "#1"}
			}
		},
		{
			"from": [8.83378, 0.08136, 12.65448],
			"to": [12.03378, 1.68136, 13.45448],
			"rotation": {"angle": -22.5, "axis": "y", "origin": [9.9998, 0.88136, 14.0441]},
			"faces": {
				"north": {"uv": [11.375, 8.75, 11.75, 9], "texture": "#1"},
				"east": {"uv": [12.625, 12.625, 12.75, 12.875], "texture": "#1"},
				"south": {"uv": [11.375, 10.625, 11.75, 10.875], "texture": "#1"},
				"west": {"uv": [12.75, 2, 12.875, 2.25], "texture": "#1"},
				"up": {"uv": [12.75, 3.875, 12.375, 3.75], "texture": "#1"},
				"down": {"uv": [12.75, 3.875, 12.375, 4], "texture": "#1"}
			}
		},
		{
			"from": [9.1998, -0.28466, 12.65448],
			"to": [10.7998, 2.91534, 13.45448],
			"rotation": {"angle": 22.5, "axis": "x", "origin": [9.9998, 0.88136, 14.0441]},
			"faces": {
				"north": {"uv": [6.875, 11.5, 7.125, 11.875], "texture": "#1"},
				"east": {"uv": [5.625, 12.25, 5.75, 12.625], "texture": "#1"},
				"south": {"uv": [7.125, 11.5, 7.375, 11.875], "texture": "#1"},
				"west": {"uv": [10.625, 12.25, 10.75, 12.625], "texture": "#1"},
				"up": {"uv": [13, 2.375, 12.75, 2.25], "texture": "#1"},
				"down": {"uv": [13, 2.375, 12.75, 2.5], "texture": "#1"}
			}
		},
		{
			"from": [9.1407, -1.10911, 13.93863],
			"to": [10.8589, 2.09089, 14.33863],
			"rotation": {"angle": 45, "axis": "z", "origin": [9.9998, 0.88136, 14.0441]},
			"faces": {
				"north": {"uv": [7.375, 11.5, 7.625, 11.875], "texture": "#1"},
				"east": {"uv": [11.5, 12.25, 11.625, 12.625], "texture": "#1"},
				"south": {"uv": [7.625, 11.5, 7.875, 11.875], "texture": "#1"},
				"west": {"uv": [2.375, 12.375, 2.5, 12.75], "texture": "#1"},
				"up": {"uv": [13, 2.625, 12.75, 2.5], "texture": "#1"},
				"down": {"uv": [13, 2.625, 12.75, 2.75], "texture": "#1"}
			}
		},
		{
			"from": [9.1407, -1.10911, 13.93863],
			"to": [10.8589, 2.09089, 14.33863],
			"rotation": {"angle": -45, "axis": "z", "origin": [9.9998, 0.88136, 14.0441]},
			"faces": {
				"north": {"uv": [7.875, 11.5, 8.125, 11.875], "texture": "#1"},
				"east": {"uv": [4.5, 12.375, 4.625, 12.75], "texture": "#1"},
				"south": {"uv": [8.125, 11.5, 8.375, 11.875], "texture": "#1"},
				"west": {"uv": [4.625, 12.375, 4.75, 12.75], "texture": "#1"},
				"up": {"uv": [13, 2.875, 12.75, 2.75], "texture": "#1"},
				"down": {"uv": [13, 2.875, 12.75, 3], "texture": "#1"}
			}
		},
		{
			"from": [9.1407, -0.32816, 13.93863],
			"to": [10.8589, 2.87184, 14.33863],
			"rotation": {"angle": 45, "axis": "z", "origin": [9.9998, 0.88136, 14.0441]},
			"faces": {
				"north": {"uv": [8.375, 11.5, 8.625, 11.875], "texture": "#1"},
				"east": {"uv": [12.375, 4.875, 12.5, 5.25], "texture": "#1"},
				"south": {"uv": [11.5, 8.375, 11.75, 8.75], "texture": "#1"},
				"west": {"uv": [12.375, 7, 12.5, 7.375], "texture": "#1"},
				"up": {"uv": [13, 3.125, 12.75, 3], "texture": "#1"},
				"down": {"uv": [3.75, 12.75, 3.5, 12.875], "texture": "#1"}
			}
		},
		{
			"from": [9.1407, -0.32816, 13.93863],
			"to": [10.8589, 2.87184, 14.33863],
			"rotation": {"angle": -45, "axis": "z", "origin": [9.9998, 0.88136, 14.0441]},
			"faces": {
				"north": {"uv": [8.625, 11.5, 8.875, 11.875], "texture": "#1"},
				"east": {"uv": [12.375, 7.375, 12.5, 7.75], "texture": "#1"},
				"south": {"uv": [8.875, 11.5, 9.125, 11.875], "texture": "#1"},
				"west": {"uv": [8, 12.375, 8.125, 12.75], "texture": "#1"},
				"up": {"uv": [4, 12.875, 3.75, 12.75], "texture": "#1"},
				"down": {"uv": [13, 3.75, 12.75, 3.875], "texture": "#1"}
			}
		},
		{
			"from": [8.88374, 0.08136, 12.17156],
			"to": [9.68374, 1.68136, 15.37156],
			"rotation": {"angle": -22.5, "axis": "y", "origin": [9.9998, 0.88136, 14.0441]},
			"faces": {
				"north": {"uv": [2.375, 12.75, 2.5, 13], "texture": "#1"},
				"east": {"uv": [11.5, 4.875, 11.875, 5.125], "texture": "#1"},
				"south": {"uv": [12.75, 3.875, 12.875, 4.125], "texture": "#1"},
				"west": {"uv": [11.5, 6.25, 11.875, 6.5], "texture": "#1"},
				"up": {"uv": [8.25, 12.75, 8.125, 12.375], "texture": "#1"},
				"down": {"uv": [8.875, 12.375, 8.75, 12.75], "texture": "#1"}
			}
		},
		{
			"from": [8.67669, 0.08136, 12.49761],
			"to": [9.47669, 1.68136, 15.69761],
			"rotation": {"angle": -45, "axis": "y", "origin": [9.9998, 0.88136, 14.0441]},
			"faces": {
				"north": {"uv": [4.25, 12.75, 4.375, 13], "texture": "#1"},
				"east": {"uv": [9.125, 11.5, 9.5, 11.75], "texture": "#1"},
				"south": {"uv": [4.375, 12.75, 4.5, 13], "texture": "#1"},
				"west": {"uv": [11.5, 11.125, 11.875, 11.375], "texture": "#1"},
				"up": {"uv": [9, 12.75, 8.875, 12.375], "texture": "#1"},
				"down": {"uv": [12.5, 8.875, 12.375, 9.25], "texture": "#1"}
			}
		},
		{
			"from": [7.96582, 0.08136, 12.65448],
			"to": [11.16582, 1.68136, 13.45448],
			"rotation": {"angle": 22.5, "axis": "y", "origin": [9.9998, 0.88136, 14.0441]},
			"faces": {
				"north": {"uv": [11.25, 11.5, 11.625, 11.75], "texture": "#1"},
				"east": {"uv": [4.5, 12.75, 4.625, 13], "texture": "#1"},
				"south": {"uv": [11.625, 0, 12, 0.25], "texture": "#1"},
				"west": {"uv": [12.75, 4.5, 12.875, 4.75], "texture": "#1"},
				"up": {"uv": [12.75, 4.125, 12.375, 4], "texture": "#1"},
				"down": {"uv": [12.75, 4.125, 12.375, 4.25], "texture": "#1"}
			}
		},
		{
			"from": [10.52291, 0.08136, 12.49761],
			"to": [11.32291, 1.68136, 15.69761],
			"rotation": {"angle": 45, "axis": "y", "origin": [9.9998, 0.88136, 14.0441]},
			"faces": {
				"north": {"uv": [4.625, 12.75, 4.75, 13], "texture": "#1"},
				"east": {"uv": [11.625, 1.5, 12, 1.75], "texture": "#1"},
				"south": {"uv": [4.75, 12.75, 4.875, 13], "texture": "#1"},
				"west": {"uv": [11.625, 2.625, 12, 2.875], "texture": "#1"},
				"up": {"uv": [9.125, 12.75, 9, 12.375], "texture": "#1"},
				"down": {"uv": [9.875, 12.375, 9.75, 12.75], "texture": "#1"}
			}
		},
		{
			"from": [10.31586, 0.08136, 12.17156],
			"to": [11.11586, 1.68136, 15.37156],
			"rotation": {"angle": 22.5, "axis": "y", "origin": [9.9998, 0.88136, 14.0441]},
			"faces": {
				"north": {"uv": [4.875, 12.75, 5, 13], "texture": "#1"},
				"east": {"uv": [11.625, 2.875, 12, 3.125], "texture": "#1"},
				"south": {"uv": [5, 12.75, 5.125, 13], "texture": "#1"},
				"west": {"uv": [11.625, 3.125, 12, 3.375], "texture": "#1"},
				"up": {"uv": [10, 12.75, 9.875, 12.375], "texture": "#1"},
				"down": {"uv": [10.125, 12.375, 10, 12.75], "texture": "#1"}
			}
		},
		{
			"from": [9.1998, -0.2347, 12.17156],
			"to": [10.7998, 0.5653, 15.37156],
			"rotation": {"angle": 22.5, "axis": "x", "origin": [9.9998, 0.88136, 14.0441]},
			"faces": {
				"north": {"uv": [12.75, 4.125, 13, 4.25], "texture": "#1"},
				"east": {"uv": [12.375, 5.25, 12.75, 5.375], "texture": "#1"},
				"south": {"uv": [12.75, 5.25, 13, 5.375], "texture": "#1"},
				"west": {"uv": [12.375, 5.375, 12.75, 5.5], "texture": "#1"},
				"up": {"uv": [3, 12, 2.75, 11.625], "texture": "#1"},
				"down": {"uv": [11.875, 3.375, 11.625, 3.75], "texture": "#1"}
			}
		},
		{
			"from": [9.1998, -0.44174, 12.49761],
			"to": [10.7998, 0.35826, 15.69761],
			"rotation": {"angle": 45, "axis": "x", "origin": [9.9998, 0.88136, 14.0441]},
			"faces": {
				"north": {"uv": [12.75, 5.375, 13, 5.5], "texture": "#1"},
				"east": {"uv": [12.375, 5.875, 12.75, 6], "texture": "#1"},
				"south": {"uv": [12.75, 5.875, 13, 6], "texture": "#1"},
				"west": {"uv": [12.375, 8.25, 12.75, 8.375], "texture": "#1"},
				"up": {"uv": [4, 12, 3.75, 11.625], "texture": "#1"},
				"down": {"uv": [4.25, 11.625, 4, 12], "texture": "#1"}
			}
		},
		{
			"from": [9.1998, 1.40447, 12.49761],
			"to": [10.7998, 2.20447, 15.69761],
			"rotation": {"angle": -45, "axis": "x", "origin": [9.9998, 0.88136, 14.0441]},
			"faces": {
				"north": {"uv": [12.75, 6, 13, 6.125], "texture": "#1"},
				"east": {"uv": [12.375, 10.25, 12.75, 10.375], "texture": "#1"},
				"south": {"uv": [12.75, 6.125, 13, 6.25], "texture": "#1"},
				"west": {"uv": [12.375, 10.375, 12.75, 10.5], "texture": "#1"},
				"up": {"uv": [4.5, 12, 4.25, 11.625], "texture": "#1"},
				"down": {"uv": [4.75, 11.625, 4.5, 12], "texture": "#1"}
			}
		},
		{
			"from": [9.1998, 1.19742, 12.17156],
			"to": [10.7998, 1.99742, 15.37156],
			"rotation": {"angle": -22.5, "axis": "x", "origin": [9.9998, 0.88136, 14.0441]},
			"faces": {
				"north": {"uv": [6.375, 12.75, 6.625, 12.875], "texture": "#1"},
				"east": {"uv": [12.375, 10.625, 12.75, 10.75], "texture": "#1"},
				"south": {"uv": [6.625, 12.75, 6.875, 12.875], "texture": "#1"},
				"west": {"uv": [12.375, 10.75, 12.75, 10.875], "texture": "#1"},
				"up": {"uv": [5, 12, 4.75, 11.625], "texture": "#1"},
				"down": {"uv": [11.875, 5.125, 11.625, 5.5], "texture": "#1"}
			}
		},
		{
			"from": [9.1998, 0.08136, 15.14956],
			"to": [10.7998, 1.68136, 15.14956],
			"rotation": {"angle": 0, "axis": "y", "origin": [9.9998, 0.88136, 14.0441]},
			"faces": {
				"north": {"uv": [12.375, 1, 12.625, 1.25], "texture": "#1"},
				"east": {"uv": [0, 0, 0, 0.25], "texture": "#1"},
				"south": {"uv": [12.375, 1.25, 12.625, 1.5], "texture": "#1"},
				"west": {"uv": [0, 0, 0, 0.25], "texture": "#1"},
				"up": {"uv": [0.25, 0, 0, 0], "texture": "#1"},
				"down": {"uv": [0.25, 0, 0, 0], "texture": "#1"}
			}
		},
		{
			"from": [9.4607, -0.64816, 14.33863],
			"to": [10.5389, 2.55184, 14.73863],
			"rotation": {"angle": 45, "axis": "z", "origin": [9.9998, 0.88136, 14.0441]},
			"faces": {
				"north": {"uv": [10.125, 12.375, 10.25, 12.75], "texture": "#1"},
				"east": {"uv": [10.25, 12.375, 10.375, 12.75], "texture": "#1"},
				"south": {"uv": [11.625, 12.375, 11.75, 12.75], "texture": "#1"},
				"west": {"uv": [11.75, 12.375, 11.875, 12.75], "texture": "#1"},
				"up": {"uv": [11.75, 1.875, 11.625, 1.75], "texture": "#1"},
				"down": {"uv": [11.75, 5.5, 11.625, 5.625], "texture": "#1"}
			}
		},
		{
			"from": [9.4607, -0.78911, 14.33863],
			"to": [10.5389, 2.41089, 14.73863],
			"rotation": {"angle": -45, "axis": "z", "origin": [9.9998, 0.88136, 14.0441]},
			"faces": {
				"north": {"uv": [11.875, 12.375, 12, 12.75], "texture": "#1"},
				"east": {"uv": [0, 12.5, 0.125, 12.875], "texture": "#1"},
				"south": {"uv": [0.125, 12.5, 0.25, 12.875], "texture": "#1"},
				"west": {"uv": [0.25, 12.5, 0.375, 12.875], "texture": "#1"},
				"up": {"uv": [12.875, 10.375, 12.75, 10.25], "texture": "#1"},
				"down": {"uv": [12.875, 10.375, 12.75, 10.5], "texture": "#1"}
			}
		},
		{
			"from": [5.4607, -0.78911, 14.33863],
			"to": [6.5389, 2.41089, 14.73863],
			"rotation": {"angle": 45, "axis": "z", "origin": [5.9998, 0.88136, 14.0441]},
			"faces": {
				"north": {"uv": [0.375, 12.5, 0.5, 12.875], "texture": "#1"},
				"east": {"uv": [0.5, 12.5, 0.625, 12.875], "texture": "#1"},
				"south": {"uv": [0.625, 12.5, 0.75, 12.875], "texture": "#1"},
				"west": {"uv": [0.75, 12.5, 0.875, 12.875], "texture": "#1"},
				"up": {"uv": [10.625, 12.875, 10.5, 12.75], "texture": "#1"},
				"down": {"uv": [10.75, 12.75, 10.625, 12.875], "texture": "#1"}
			}
		},
		{
			"from": [5.4607, -0.64816, 14.33863],
			"to": [6.5389, 2.55184, 14.73863],
			"rotation": {"angle": -45, "axis": "z", "origin": [5.9998, 0.88136, 14.0441]},
			"faces": {
				"north": {"uv": [0.875, 12.5, 1, 12.875], "texture": "#1"},
				"east": {"uv": [1, 12.5, 1.125, 12.875], "texture": "#1"},
				"south": {"uv": [1.125, 12.5, 1.25, 12.875], "texture": "#1"},
				"west": {"uv": [1.25, 12.5, 1.375, 12.875], "texture": "#1"},
				"up": {"uv": [12.875, 10.75, 12.75, 10.625], "texture": "#1"},
				"down": {"uv": [10.875, 12.75, 10.75, 12.875], "texture": "#1"}
			}
		},
		{
			"from": [5.1998, 0.08136, 15.14956],
			"to": [6.7998, 1.68136, 15.14956],
			"rotation": {"angle": 0, "axis": "y", "origin": [5.9998, 0.88136, 14.0441]},
			"faces": {
				"north": {"uv": [12.375, 1.5, 12.625, 1.75], "texture": "#1"},
				"east": {"uv": [0, 0, 0, 0.25], "texture": "#1"},
				"south": {"uv": [12.375, 1.75, 12.625, 2], "texture": "#1"},
				"west": {"uv": [0, 0, 0, 0.25], "texture": "#1"},
				"up": {"uv": [0.25, 0, 0, 0], "texture": "#1"},
				"down": {"uv": [0.25, 0, 0, 0], "texture": "#1"}
			}
		},
		{
			"from": [5.1998, 1.19742, 12.17156],
			"to": [6.7998, 1.99742, 15.37156],
			"rotation": {"angle": -22.5, "axis": "x", "origin": [5.9998, 0.88136, 14.0441]},
			"faces": {
				"north": {"uv": [6.875, 12.75, 7.125, 12.875], "texture": "#1"},
				"east": {"uv": [12.375, 11.125, 12.75, 11.25], "texture": "#1"},
				"south": {"uv": [12.75, 7, 13, 7.125], "texture": "#1"},
				"west": {"uv": [12.375, 11.25, 12.75, 11.375], "texture": "#1"},
				"up": {"uv": [11.875, 6.875, 11.625, 6.5], "texture": "#1"},
				"down": {"uv": [11.875, 6.875, 11.625, 7.25], "texture": "#1"}
			}
		},
		{
			"from": [5.1998, 1.40447, 12.49761],
			"to": [6.7998, 2.20447, 15.69761],
			"rotation": {"angle": -45, "axis": "x", "origin": [5.9998, 0.88136, 14.0441]},
			"faces": {
				"north": {"uv": [7.125, 12.75, 7.375, 12.875], "texture": "#1"},
				"east": {"uv": [12.5, 0, 12.875, 0.125], "texture": "#1"},
				"south": {"uv": [12.75, 7.125, 13, 7.25], "texture": "#1"},
				"west": {"uv": [12.5, 0.125, 12.875, 0.25], "texture": "#1"},
				"up": {"uv": [11.875, 7.625, 11.625, 7.25], "texture": "#1"},
				"down": {"uv": [11.875, 7.625, 11.625, 8], "texture": "#1"}
			}
		},
		{
			"from": [5.1998, -0.28466, 12.65448],
			"to": [6.7998, 2.91534, 13.45448],
			"rotation": {"angle": 22.5, "axis": "x", "origin": [5.9998, 0.88136, 14.0441]},
			"faces": {
				"north": {"uv": [11.625, 8, 11.875, 8.375], "texture": "#1"},
				"east": {"uv": [1.375, 12.5, 1.5, 12.875], "texture": "#1"},
				"south": {"uv": [11.625, 9, 11.875, 9.375], "texture": "#1"},
				"west": {"uv": [1.5, 12.5, 1.625, 12.875], "texture": "#1"},
				"up": {"uv": [13, 7.375, 12.75, 7.25], "texture": "#1"},
				"down": {"uv": [13, 7.375, 12.75, 7.5], "texture": "#1"}
			}
		},
		{
			"from": [5.1998, -1.15262, 12.65448],
			"to": [6.7998, 2.04738, 13.45448],
			"rotation": {"angle": -22.5, "axis": "x", "origin": [5.9998, 0.88136, 14.0441]},
			"faces": {
				"north": {"uv": [11.625, 9.375, 11.875, 9.75], "texture": "#1"},
				"east": {"uv": [1.625, 12.5, 1.75, 12.875], "texture": "#1"},
				"south": {"uv": [9.5, 11.625, 9.75, 12], "texture": "#1"},
				"west": {"uv": [1.75, 12.5, 1.875, 12.875], "texture": "#1"},
				"up": {"uv": [13, 7.625, 12.75, 7.5], "texture": "#1"},
				"down": {"uv": [13, 7.625, 12.75, 7.75], "texture": "#1"}
			}
		},
		{
			"from": [5.1998, -0.44174, 12.49761],
			"to": [6.7998, 0.35826, 15.69761],
			"rotation": {"angle": 45, "axis": "x", "origin": [5.9998, 0.88136, 14.0441]},
			"faces": {
				"north": {"uv": [12.75, 7.75, 13, 7.875], "texture": "#1"},
				"east": {"uv": [12.5, 3.125, 12.875, 3.25], "texture": "#1"},
				"south": {"uv": [12.75, 7.875, 13, 8], "texture": "#1"},
				"west": {"uv": [12.5, 3.25, 12.875, 3.375], "texture": "#1"},
				"up": {"uv": [11.875, 10.125, 11.625, 9.75], "texture": "#1"},
				"down": {"uv": [11.875, 10.125, 11.625, 10.5], "texture": "#1"}
			}
		},
		{
			"from": [5.1998, -0.2347, 12.17156],
			"to": [6.7998, 0.5653, 15.37156],
			"rotation": {"angle": 22.5, "axis": "x", "origin": [5.9998, 0.88136, 14.0441]},
			"faces": {
				"north": {"uv": [8, 12.75, 8.25, 12.875], "texture": "#1"},
				"east": {"uv": [12.5, 3.375, 12.875, 3.5], "texture": "#1"},
				"south": {"uv": [12.75, 8, 13, 8.125], "texture": "#1"},
				"west": {"uv": [12.5, 3.5, 12.875, 3.625], "texture": "#1"},
				"up": {"uv": [11, 12, 10.75, 11.625], "texture": "#1"},
				"down": {"uv": [11.25, 11.625, 11, 12], "texture": "#1"}
			}
		},
		{
			"from": [4.88374, 0.08136, 12.17156],
			"to": [5.68374, 1.68136, 15.37156],
			"rotation": {"angle": -22.5, "axis": "y", "origin": [5.9998, 0.88136, 14.0441]},
			"faces": {
				"north": {"uv": [7.375, 12.75, 7.5, 13], "texture": "#1"},
				"east": {"uv": [11.625, 6, 12, 6.25], "texture": "#1"},
				"south": {"uv": [12.75, 8.125, 12.875, 8.375], "texture": "#1"},
				"west": {"uv": [11.625, 10.875, 12, 11.125], "texture": "#1"},
				"up": {"uv": [2, 12.875, 1.875, 12.5], "texture": "#1"},
				"down": {"uv": [2.125, 12.5, 2, 12.875], "texture": "#1"}
			}
		},
		{
			"from": [4.67669, 0.08136, 12.49761],
			"to": [5.47669, 1.68136, 15.69761],
			"rotation": {"angle": -45, "axis": "y", "origin": [5.9998, 0.88136, 14.0441]},
			"faces": {
				"north": {"uv": [8.375, 12.75, 8.5, 13], "texture": "#1"},
				"east": {"uv": [11.625, 11.375, 12, 11.625], "texture": "#1"},
				"south": {"uv": [12.75, 8.375, 12.875, 8.625], "texture": "#1"},
				"west": {"uv": [11.625, 11.625, 12, 11.875], "texture": "#1"},
				"up": {"uv": [2.875, 12.875, 2.75, 12.5], "texture": "#1"},
				"down": {"uv": [3, 12.5, 2.875, 12.875], "texture": "#1"}
			}
		},
		{
			"from": [3.96582, 0.08136, 12.65448],
			"to": [7.16582, 1.68136, 13.45448],
			"rotation": {"angle": 22.5, "axis": "y", "origin": [5.9998, 0.88136, 14.0441]},
			"faces": {
				"north": {"uv": [0, 11.75, 0.375, 12], "texture": "#1"},
				"east": {"uv": [8.5, 12.75, 8.625, 13], "texture": "#1"},
				"south": {"uv": [11.75, 0.25, 12.125, 0.5], "texture": "#1"},
				"west": {"uv": [12.75, 8.625, 12.875, 8.875], "texture": "#1"},
				"up": {"uv": [12.875, 3.75, 12.5, 3.625], "texture": "#1"},
				"down": {"uv": [4.125, 12.5, 3.75, 12.625], "texture": "#1"}
			}
		},
		{
			"from": [4.83378, 0.08136, 12.65448],
			"to": [8.03378, 1.68136, 13.45448],
			"rotation": {"angle": -22.5, "axis": "y", "origin": [5.9998, 0.88136, 14.0441]},
			"faces": {
				"north": {"uv": [0.375, 11.75, 0.75, 12], "texture": "#1"},
				"east": {"uv": [8.75, 12.75, 8.875, 13], "texture": "#1"},
				"south": {"uv": [11.75, 0.5, 12.125, 0.75], "texture": "#1"},
				"west": {"uv": [8.875, 12.75, 9, 13], "texture": "#1"},
				"up": {"uv": [12.875, 4.375, 12.5, 4.25], "texture": "#1"},
				"down": {"uv": [12.875, 4.375, 12.5, 4.5], "texture": "#1"}
			}
		},
		{
			"from": [6.52291, 0.08136, 12.49761],
			"to": [7.32291, 1.68136, 15.69761],
			"rotation": {"angle": 45, "axis": "y", "origin": [5.9998, 0.88136, 14.0441]},
			"faces": {
				"north": {"uv": [12.75, 8.875, 12.875, 9.125], "texture": "#1"},
				"east": {"uv": [0.75, 11.75, 1.125, 12], "texture": "#1"},
				"south": {"uv": [9, 12.75, 9.125, 13], "texture": "#1"},
				"west": {"uv": [11.75, 0.75, 12.125, 1], "texture": "#1"},
				"up": {"uv": [4.25, 12.875, 4.125, 12.5], "texture": "#1"},
				"down": {"uv": [12.625, 4.875, 12.5, 5.25], "texture": "#1"}
			}
		},
		{
			"from": [6.31586, 0.08136, 12.17156],
			"to": [7.11586, 1.68136, 15.37156],
			"rotation": {"angle": 22.5, "axis": "y", "origin": [5.9998, 0.88136, 14.0441]},
			"faces": {
				"north": {"uv": [9.125, 12.75, 9.25, 13], "texture": "#1"},
				"east": {"uv": [11.75, 1, 12.125, 1.25], "texture": "#1"},
				"south": {"uv": [12.75, 9.125, 12.875, 9.375], "texture": "#1"},
				"west": {"uv": [1.125, 11.75, 1.5, 12], "texture": "#1"},
				"up": {"uv": [5.25, 12.875, 5.125, 12.5], "texture": "#1"},
				"down": {"uv": [5.375, 12.5, 5.25, 12.875], "texture": "#1"}
			}
		},
		{
			"from": [5.1407, -0.32816, 13.93863],
			"to": [6.8589, 2.87184, 14.33863],
			"rotation": {"angle": 45, "axis": "z", "origin": [5.9998, 0.88136, 14.0441]},
			"faces": {
				"north": {"uv": [11.75, 1.75, 12, 2.125], "texture": "#1"},
				"east": {"uv": [5.375, 12.5, 5.5, 12.875], "texture": "#1"},
				"south": {"uv": [11.75, 2.125, 12, 2.5], "texture": "#1"},
				"west": {"uv": [5.5, 12.5, 5.625, 12.875], "texture": "#1"},
				"up": {"uv": [9.5, 12.875, 9.25, 12.75], "texture": "#1"},
				"down": {"uv": [13, 9.375, 12.75, 9.5], "texture": "#1"}
			}
		},
		{
			"from": [5.1407, -0.32816, 13.93863],
			"to": [6.8589, 2.87184, 14.33863],
			"rotation": {"angle": -45, "axis": "z", "origin": [5.9998, 0.88136, 14.0441]},
			"faces": {
				"north": {"uv": [2.5, 11.75, 2.75, 12.125], "texture": "#1"},
				"east": {"uv": [12.5, 5.5, 12.625, 5.875], "texture": "#1"},
				"south": {"uv": [3, 11.75, 3.25, 12.125], "texture": "#1"},
				"west": {"uv": [5.75, 12.5, 5.875, 12.875], "texture": "#1"},
				"up": {"uv": [9.75, 12.875, 9.5, 12.75], "texture": "#1"},
				"down": {"uv": [13, 9.5, 12.75, 9.625], "texture": "#1"}
			}
		},
		{
			"from": [5.1407, -1.10911, 13.93863],
			"to": [6.8589, 2.09089, 14.33863],
			"rotation": {"angle": 45, "axis": "z", "origin": [5.9998, 0.88136, 14.0441]},
			"faces": {
				"north": {"uv": [11.75, 3.75, 12, 4.125], "texture": "#1"},
				"east": {"uv": [5.875, 12.5, 6, 12.875], "texture": "#1"},
				"south": {"uv": [11.75, 4.125, 12, 4.5], "texture": "#1"},
				"west": {"uv": [6, 12.5, 6.125, 12.875], "texture": "#1"},
				"up": {"uv": [10, 12.875, 9.75, 12.75], "texture": "#1"},
				"down": {"uv": [10.25, 12.75, 10, 12.875], "texture": "#1"}
			}
		},
		{
			"from": [5.1407, -1.10911, 13.93863],
			"to": [6.8589, 2.09089, 14.33863],
			"rotation": {"angle": -45, "axis": "z", "origin": [5.9998, 0.88136, 14.0441]},
			"faces": {
				"north": {"uv": [11.75, 4.5, 12, 4.875], "texture": "#1"},
				"east": {"uv": [6.125, 12.5, 6.25, 12.875], "texture": "#1"},
				"south": {"uv": [11.75, 5.5, 12, 5.875], "texture": "#1"},
				"west": {"uv": [6.25, 12.5, 6.375, 12.875], "texture": "#1"},
				"up": {"uv": [13, 10.25, 12.75, 10.125], "texture": "#1"},
				"down": {"uv": [10.5, 12.75, 10.25, 12.875], "texture": "#1"}
			}
		}
	],
	"display": {
		"ground": {
			"translation": [0, 9.25, 0]
		},
		"gui": {
			"rotation": [-5, 151, 0],
			"scale": [0.78, 0.78, 0.78]
		},
		"head": {
			"translation": [0, -14, 0],
			"scale": [2.69, 2.69, 2.69]
		}
	},
	"groups": [
		{
			"name": "group",
			"origin": [6.2153, 23.97266, 8.58579],
			"color": 0,
			"children": [0, 1, 2, 3, 4, 5, 6, 7, 8, 9, 10, 11, 12, 13, 14, 15, 16, 17, 18, 19, 20, 21, 22, 23, 24, 25, 26, 27, 28, 29, 30, 31, 32, 33, 34, 35, 36, 37]
		},
		38,
		39,
		40,
		41,
		42,
		43,
		44,
		45,
		46,
		47,
		48,
		49,
		50,
		51,
		52,
		53,
		54,
		55,
		56,
		57,
		58,
		59,
		60,
		61,
		62,
		63,
		64,
		65,
		66,
		67,
		68,
		69,
		70,
		71,
		72,
		73,
		74,
		75,
		76,
		77,
		78,
		79,
		80,
		81,
		82,
		83,
		84,
		85,
		86,
		87,
		88
	]
}