{
	"credit": "Made with Blockbench",
	"texture_size": [64, 64],
	"textures": {
		"1": "block/custom/miniontadoki"
	},
	"elements": [
		{
			"from": [10, 0, 13.22202],
			"to": [12, 1, 16.22202],
			"rotation": {"angle": 0, "axis": "y", "origin": [8, 0, 11.22202]},
			"faces": {
				"north": {"uv": [4.5, 3.75, 5, 4], "texture": "#1"},
				"east": {"uv": [8, 6, 8.75, 6.25], "texture": "#1"},
				"south": {"uv": [2.5, 8.25, 3, 8.5], "texture": "#1"},
				"west": {"uv": [8.25, 0.5, 9, 0.75], "texture": "#1"},
				"up": {"uv": [8, 4.75, 7.5, 4], "texture": "#1"},
				"down": {"uv": [5, 7.5, 4.5, 8.25], "texture": "#1"}
			}
		},
		{
			"from": [4, 0, 13.22202],
			"to": [6, 1, 16.22202],
			"rotation": {"angle": 0, "axis": "y", "origin": [8, 0, 11.22202]},
			"faces": {
				"north": {"uv": [4.5, 8.25, 5, 8.5], "texture": "#1"},
				"east": {"uv": [8.25, 0.75, 9, 1], "texture": "#1"},
				"south": {"uv": [7, 8.25, 7.5, 8.5], "texture": "#1"},
				"west": {"uv": [1, 8.25, 1.75, 8.5], "texture": "#1"},
				"up": {"uv": [8, 5.5, 7.5, 4.75], "texture": "#1"},
				"down": {"uv": [8, 5.5, 7.5, 6.25], "texture": "#1"}
			}
		},
		{
			"from": [10, -1, 15.22202],
			"to": [12, 3, 17.22202],
			"rotation": {"angle": -22.5, "axis": "x", "origin": [8, 0, 11.22202]},
			"faces": {
				"north": {"uv": [7, 3.75, 7.5, 4.75], "texture": "#1"},
				"east": {"uv": [7, 4.75, 7.5, 5.75], "texture": "#1"},
				"south": {"uv": [7, 5.75, 7.5, 6.75], "texture": "#1"},
				"west": {"uv": [6.5, 7, 7, 8], "texture": "#1"},
				"up": {"uv": [8, 7.25, 7.5, 6.75], "texture": "#1"},
				"down": {"uv": [8, 7.25, 7.5, 7.75], "texture": "#1"}
			}
		},
		{
			"from": [4, -1, 15.22202],
			"to": [6, 3, 17.22202],
			"rotation": {"angle": -22.5, "axis": "x", "origin": [8, 0, 11.22202]},
			"faces": {
				"north": {"uv": [7, 6.75, 7.5, 7.75], "texture": "#1"},
				"east": {"uv": [7.25, 0, 7.75, 1], "texture": "#1"},
				"south": {"uv": [7.5, 1, 8, 2], "texture": "#1"},
				"west": {"uv": [7.5, 2, 8, 3], "texture": "#1"},
				"up": {"uv": [8.25, 0.5, 7.75, 0], "texture": "#1"},
				"down": {"uv": [8.25, 0.5, 7.75, 1], "texture": "#1"}
			}
		},
		{
			"from": [4, 5.9, 10.42202],
			"to": [6, 10.9, 12.42202],
			"rotation": {"angle": 45, "axis": "x", "origin": [8, 0, 11.22202]},
			"faces": {
				"north": {"uv": [5.5, 2.5, 6, 3.75], "texture": "#1"},
				"east": {"uv": [2.5, 6.5, 3, 7.75], "texture": "#1"},
				"south": {"uv": [6.5, 4.5, 7, 5.75], "texture": "#1"},
				"west": {"uv": [6.5, 5.75, 7, 7], "texture": "#1"},
				"up": {"uv": [1.5, 8.25, 1, 7.75], "texture": "#1"},
				"down": {"uv": [2, 7.75, 1.5, 8.25], "texture": "#1"}
			}
		},
		{
			"from": [10, 6.9, 9.42202],
			"to": [12, 15.9, 11.42202],
			"rotation": {"angle": 0, "axis": "y", "origin": [8, 3, 13.22202]},
			"faces": {
				"north": {"uv": [1, 5.5, 1.5, 7.75], "texture": "#1"},
				"east": {"uv": [1.5, 5.5, 2, 7.75], "texture": "#1"},
				"south": {"uv": [5.75, 0, 6.25, 2.25], "texture": "#1"},
				"west": {"uv": [6, 2.25, 6.5, 4.5], "texture": "#1"},
				"up": {"uv": [8, 8.25, 7.5, 7.75], "texture": "#1"},
				"down": {"uv": [8.5, 1, 8, 1.5], "texture": "#1"}
			}
		},
		{
			"from": [10, -5.1, 6.42202],
			"to": [12, 3.9, 8.42202],
			"rotation": {"angle": 45, "axis": "x", "origin": [8, 3, 13.22202]},
			"faces": {
				"north": {"uv": [6, 4.5, 6.5, 6.75], "texture": "#1"},
				"east": {"uv": [0, 6.25, 0.5, 8.5], "texture": "#1"},
				"south": {"uv": [6.25, 0, 6.75, 2.25], "texture": "#1"},
				"west": {"uv": [0.5, 6.25, 1, 8.5], "texture": "#1"},
				"up": {"uv": [8.5, 2, 8, 1.5], "texture": "#1"},
				"down": {"uv": [8.5, 2, 8, 2.5], "texture": "#1"}
			}
		},
		{
			"from": [4, -5.1, 6.42202],
			"to": [6, 3.9, 8.42202],
			"rotation": {"angle": 45, "axis": "x", "origin": [8, 3, 13.22202]},
			"faces": {
				"north": {"uv": [6.5, 4.5, 6, 6.75], "texture": "#1"},
				"east": {"uv": [1, 6.25, 0.5, 8.5], "texture": "#1"},
				"south": {"uv": [6.75, 0, 6.25, 2.25], "texture": "#1"},
				"west": {"uv": [0.5, 6.25, 0, 8.5], "texture": "#1"},
				"up": {"uv": [8, 2, 8.5, 1.5], "texture": "#1"},
				"down": {"uv": [8, 2, 8.5, 2.5], "texture": "#1"}
			}
		},
		{
			"from": [4, 6.9, 9.42202],
			"to": [6, 15.9, 11.42202],
			"rotation": {"angle": 0, "axis": "y", "origin": [8, 3, 13.22202]},
			"faces": {
				"north": {"uv": [1.5, 5.5, 1, 7.75], "texture": "#1"},
				"east": {"uv": [6.5, 2.25, 6, 4.5], "texture": "#1"},
				"south": {"uv": [6.25, 0, 5.75, 2.25], "texture": "#1"},
				"west": {"uv": [2, 5.5, 1.5, 7.75], "texture": "#1"},
				"up": {"uv": [7.5, 8.25, 8, 7.75], "texture": "#1"},
				"down": {"uv": [8, 1, 8.5, 1.5], "texture": "#1"}
			}
		},
		{
			"from": [10, 5.9, 10.42202],
			"to": [12, 10.9, 12.42202],
			"rotation": {"angle": 45, "axis": "x", "origin": [8, 0, 11.22202]},
			"faces": {
				"north": {"uv": [6.75, 0, 7.25, 1.25], "texture": "#1"},
				"east": {"uv": [6, 6.75, 6.5, 8], "texture": "#1"},
				"south": {"uv": [7, 1.25, 7.5, 2.5], "texture": "#1"},
				"west": {"uv": [7, 2.5, 7.5, 3.75], "texture": "#1"},
				"up": {"uv": [8.5, 4, 8, 3.5], "texture": "#1"},
				"down": {"uv": [8.5, 4, 8, 4.5], "texture": "#1"}
			}
		},
		{
			"from": [4, -1, 15.22202],
			"to": [6, 3, 17.22202],
			"rotation": {"angle": -22.5, "axis": "x", "origin": [8, 0, 11.22202]},
			"faces": {
				"north": {"uv": [7.5, 3.75, 7, 4.75], "texture": "#1"},
				"east": {"uv": [7, 7, 6.5, 8], "texture": "#1"},
				"south": {"uv": [7.5, 5.75, 7, 6.75], "texture": "#1"},
				"west": {"uv": [7.5, 4.75, 7, 5.75], "texture": "#1"},
				"up": {"uv": [7.5, 7.25, 8, 6.75], "texture": "#1"},
				"down": {"uv": [7.5, 7.25, 8, 7.75], "texture": "#1"}
			}
		},
		{
			"from": [4, 5.9, 10.42202],
			"to": [6, 10.9, 12.42202],
			"rotation": {"angle": 45, "axis": "x", "origin": [8, 0, 11.22202]},
			"faces": {
				"north": {"uv": [7.25, 0, 6.75, 1.25], "texture": "#1"},
				"east": {"uv": [7.5, 2.5, 7, 3.75], "texture": "#1"},
				"south": {"uv": [7.5, 1.25, 7, 2.5], "texture": "#1"},
				"west": {"uv": [6.5, 6.75, 6, 8], "texture": "#1"},
				"up": {"uv": [8, 4, 8.5, 3.5], "texture": "#1"},
				"down": {"uv": [8, 4, 8.5, 4.5], "texture": "#1"}
			}
		},
		{
			"from": [6, 1.7, 18.22202],
			"to": [10, 6.7, 23.22202],
			"rotation": {"angle": -22.5, "axis": "x", "origin": [8, 0, 11.22202]},
			"faces": {
				"north": {"uv": [2, 4, 3, 5.25], "texture": "#1"},
				"east": {"uv": [3.5, 0, 4.75, 1.25], "texture": "#1"},
				"south": {"uv": [3, 4, 4, 5.25], "texture": "#1"},
				"west": {"uv": [3.5, 1.25, 4.75, 2.5], "texture": "#1"},
				"up": {"uv": [5, 5.25, 4, 4], "texture": "#1"},
				"down": {"uv": [5.5, 2.5, 4.5, 3.75], "texture": "#1"}
			}
		},
		{
			"from": [6, 2.8, 19.52202],
			"to": [10, 12.3, 24.52202],
			"rotation": {"angle": -45, "axis": "x", "origin": [8, 0, 11.22202]},
			"faces": {
				"north": {"uv": [0, 2.5, 1, 5], "texture": "#1"},
				"east": {"uv": [0, 0, 1.25, 2.5], "texture": "#1"},
				"south": {"uv": [2.5, 0, 3.5, 2.5], "texture": "#1"},
				"west": {"uv": [1.25, 0, 2.5, 2.5], "texture": "#1"},
				"up": {"uv": [5.75, 1.25, 4.75, 0], "texture": "#1"},
				"down": {"uv": [5.75, 1.25, 4.75, 2.5], "texture": "#1"}
			}
		},
		{
			"from": [6, 17.05, 5.72202],
			"to": [10, 23.05, 10.72202],
			"rotation": {"angle": 0, "axis": "y", "origin": [8, 0.25, 12.22202]},
			"faces": {
				"north": {"uv": [3.5, 2.5, 4.5, 4], "texture": "#1"},
				"east": {"uv": [1, 2.5, 2.25, 4], "texture": "#1"},
				"south": {"uv": [1, 4, 2, 5.5], "texture": "#1"},
				"west": {"uv": [2.25, 2.5, 3.5, 4], "texture": "#1"},
				"up": {"uv": [1, 6.25, 0, 5], "texture": "#1"},
				"down": {"uv": [6, 3.75, 5, 5], "texture": "#1"}
			}
		},
		{
			"from": [6, 13.05, 18.72202],
			"to": [10, 14.05, 23.72202],
			"rotation": {"angle": -45, "axis": "x", "origin": [8, 0.25, 12.22202]},
			"faces": {
				"north": {"uv": [8, 4.5, 9, 4.75], "texture": "#1"},
				"east": {"uv": [7.5, 6.25, 8.75, 6.5], "texture": "#1"},
				"south": {"uv": [8, 4.75, 9, 5], "texture": "#1"},
				"west": {"uv": [7.5, 6.5, 8.75, 6.75], "texture": "#1"},
				"up": {"uv": [6, 6.25, 5, 5], "texture": "#1"},
				"down": {"uv": [3, 5.25, 2, 6.5], "texture": "#1"}
			}
		},
		{
			"from": [4, 0.75, 0.22202],
			"to": [6, 1.75, 4.22202],
			"rotation": {"angle": 0, "axis": "y", "origin": [8, 0, 11.22202]},
			"faces": {
				"north": {"uv": [7.5, 8.25, 8, 8.5], "texture": "#1"},
				"east": {"uv": [8, 5, 9, 5.25], "texture": "#1"},
				"south": {"uv": [8, 8.25, 8.5, 8.5], "texture": "#1"},
				"west": {"uv": [8, 5.25, 9, 5.5], "texture": "#1"},
				"up": {"uv": [3.5, 8.5, 3, 7.5], "texture": "#1"},
				"down": {"uv": [8, 3, 7.5, 4], "texture": "#1"}
			}
		},
		{
			"from": [4, 0.75, -1.77798],
			"to": [4, 1.75, 0.22202],
			"rotation": {"angle": 0, "axis": "y", "origin": [8, 0, 11.22202]},
			"faces": {
				"north": {"uv": [0, 0, 0, 0.25], "texture": "#1"},
				"east": {"uv": [0, 8.5, 0.5, 8.75], "texture": "#1"},
				"south": {"uv": [0, 0, 0, 0.25], "texture": "#1"},
				"west": {"uv": [0.5, 8.5, 1, 8.75], "texture": "#1"},
				"up": {"uv": [0, 0.5, 0, 0], "texture": "#1"},
				"down": {"uv": [0, 0, 0, 0.5], "texture": "#1"}
			}
		},
		{
			"from": [4, 5.5, -2.02798],
			"to": [4, 6.5, -0.02798],
			"rotation": {"angle": -22.5, "axis": "x", "origin": [8, 0, 11.22202]},
			"faces": {
				"north": {"uv": [0, 0, 0, 0.25], "texture": "#1"},
				"east": {"uv": [1, 8.5, 1.5, 8.75], "texture": "#1"},
				"south": {"uv": [0, 0, 0, 0.25], "texture": "#1"},
				"west": {"uv": [8.5, 1, 9, 1.25], "texture": "#1"},
				"up": {"uv": [0, 0.5, 0, 0], "texture": "#1"},
				"down": {"uv": [0, 0, 0, 0.5], "texture": "#1"}
			}
		},
		{
			"from": [5, 5.5, -2.02798],
			"to": [5, 6.5, -0.02798],
			"rotation": {"angle": -22.5, "axis": "x", "origin": [8, 0, 11.22202]},
			"faces": {
				"north": {"uv": [0, 0, 0, 0.25], "texture": "#1"},
				"east": {"uv": [8.5, 1.25, 9, 1.5], "texture": "#1"},
				"south": {"uv": [0, 0, 0, 0.25], "texture": "#1"},
				"west": {"uv": [1.5, 8.5, 2, 8.75], "texture": "#1"},
				"up": {"uv": [0, 0.5, 0, 0], "texture": "#1"},
				"down": {"uv": [0, 0, 0, 0.5], "texture": "#1"}
			}
		},
		{
			"from": [6, 5.5, -2.02798],
			"to": [6, 6.5, -0.02798],
			"rotation": {"angle": -22.5, "axis": "x", "origin": [8, 0, 11.22202]},
			"faces": {
				"north": {"uv": [0, 0, 0, 0.25], "texture": "#1"},
				"east": {"uv": [8.5, 1.5, 9, 1.75], "texture": "#1"},
				"south": {"uv": [0, 0, 0, 0.25], "texture": "#1"},
				"west": {"uv": [8.5, 1.75, 9, 2], "texture": "#1"},
				"up": {"uv": [0, 0.5, 0, 0], "texture": "#1"},
				"down": {"uv": [0, 0, 0, 0.5], "texture": "#1"}
			}
		},
		{
			"from": [5, 0.75, -1.77798],
			"to": [5, 1.75, 0.22202],
			"rotation": {"angle": 0, "axis": "y", "origin": [8, 0, 11.22202]},
			"faces": {
				"north": {"uv": [0, 0, 0, 0.25], "texture": "#1"},
				"east": {"uv": [8.5, 2, 9, 2.25], "texture": "#1"},
				"south": {"uv": [0, 0, 0, 0.25], "texture": "#1"},
				"west": {"uv": [8.5, 2.25, 9, 2.5], "texture": "#1"},
				"up": {"uv": [0, 0.5, 0, 0], "texture": "#1"},
				"down": {"uv": [0, 0, 0, 0.5], "texture": "#1"}
			}
		},
		{
			"from": [6, 0.75, -1.77798],
			"to": [6, 1.75, 0.22202],
			"rotation": {"angle": 0, "axis": "y", "origin": [8, 0, 11.22202]},
			"faces": {
				"north": {"uv": [0, 0, 0, 0.25], "texture": "#1"},
				"east": {"uv": [2.5, 8.5, 3, 8.75], "texture": "#1"},
				"south": {"uv": [0, 0, 0, 0.25], "texture": "#1"},
				"west": {"uv": [8.5, 2.5, 9, 2.75], "texture": "#1"},
				"up": {"uv": [0, 0.5, 0, 0], "texture": "#1"},
				"down": {"uv": [0, 0, 0, 0.5], "texture": "#1"}
			}
		},
		{
			"from": [11, 5.5, -2.02798],
			"to": [11, 6.5, -0.02798],
			"rotation": {"angle": -22.5, "axis": "x", "origin": [8, 0, 11.22202]},
			"faces": {
				"north": {"uv": [0, 0, 0, 0.25], "texture": "#1"},
				"east": {"uv": [8.5, 2.75, 9, 3], "texture": "#1"},
				"south": {"uv": [0, 0, 0, 0.25], "texture": "#1"},
				"west": {"uv": [3, 8.5, 3.5, 8.75], "texture": "#1"},
				"up": {"uv": [0, 0.5, 0, 0], "texture": "#1"},
				"down": {"uv": [0, 0, 0, 0.5], "texture": "#1"}
			}
		},
		{
			"from": [12, 5.5, -2.02798],
			"to": [12, 6.5, -0.02798],
			"rotation": {"angle": -22.5, "axis": "x", "origin": [8, 0, 11.22202]},
			"faces": {
				"north": {"uv": [0, 0, 0, 0.25], "texture": "#1"},
				"east": {"uv": [8.5, 3, 9, 3.25], "texture": "#1"},
				"south": {"uv": [0, 0, 0, 0.25], "texture": "#1"},
				"west": {"uv": [8.5, 3.25, 9, 3.5], "texture": "#1"},
				"up": {"uv": [0, 0.5, 0, 0], "texture": "#1"},
				"down": {"uv": [0, 0, 0, 0.5], "texture": "#1"}
			}
		},
		{
			"from": [10, 5.5, -2.02798],
			"to": [10, 6.5, -0.02798],
			"rotation": {"angle": -22.5, "axis": "x", "origin": [8, 0, 11.22202]},
			"faces": {
				"north": {"uv": [0, 0, 0, 0.25], "texture": "#1"},
				"east": {"uv": [3.5, 8.5, 4, 8.75], "texture": "#1"},
				"south": {"uv": [0, 0, 0, 0.25], "texture": "#1"},
				"west": {"uv": [8.5, 3.5, 9, 3.75], "texture": "#1"},
				"up": {"uv": [0, 0.5, 0, 0], "texture": "#1"},
				"down": {"uv": [0, 0, 0, 0.5], "texture": "#1"}
			}
		},
		{
			"from": [10, 0.75, -1.77798],
			"to": [10, 1.75, 0.22202],
			"rotation": {"angle": 0, "axis": "y", "origin": [8, 0, 11.22202]},
			"faces": {
				"north": {"uv": [0, 0, 0, 0.25], "texture": "#1"},
				"east": {"uv": [8.5, 3.75, 9, 4], "texture": "#1"},
				"south": {"uv": [0, 0, 0, 0.25], "texture": "#1"},
				"west": {"uv": [4, 8.5, 4.5, 8.75], "texture": "#1"},
				"up": {"uv": [0, 0.5, 0, 0], "texture": "#1"},
				"down": {"uv": [0, 0, 0, 0.5], "texture": "#1"}
			}
		},
		{
			"from": [11, 0.75, -1.77798],
			"to": [11, 1.75, 0.22202],
			"rotation": {"angle": 0, "axis": "y", "origin": [8, 0, 11.22202]},
			"faces": {
				"north": {"uv": [0, 0, 0, 0.25], "texture": "#1"},
				"east": {"uv": [8.5, 4, 9, 4.25], "texture": "#1"},
				"south": {"uv": [0, 0, 0, 0.25], "texture": "#1"},
				"west": {"uv": [8.5, 4.25, 9, 4.5], "texture": "#1"},
				"up": {"uv": [0, 0.5, 0, 0], "texture": "#1"},
				"down": {"uv": [0, 0, 0, 0.5], "texture": "#1"}
			}
		},
		{
			"from": [12, 0.75, -1.77798],
			"to": [12, 1.75, 0.22202],
			"rotation": {"angle": 0, "axis": "y", "origin": [8, 0, 11.22202]},
			"faces": {
				"north": {"uv": [0, 0, 0, 0.25], "texture": "#1"},
				"east": {"uv": [4.5, 8.5, 5, 8.75], "texture": "#1"},
				"south": {"uv": [0, 0, 0, 0.25], "texture": "#1"},
				"west": {"uv": [5, 8.5, 5.5, 8.75], "texture": "#1"},
				"up": {"uv": [0, 0.5, 0, 0], "texture": "#1"},
				"down": {"uv": [0, 0, 0, 0.5], "texture": "#1"}
			}
		},
		{
			"from": [10, 0.75, 0.22202],
			"to": [12, 1.75, 4.22202],
			"rotation": {"angle": 0, "axis": "y", "origin": [8, 0, 11.22202]},
			"faces": {
				"north": {"uv": [5.5, 8.5, 6, 8.75], "texture": "#1"},
				"east": {"uv": [8, 5.5, 9, 5.75], "texture": "#1"},
				"south": {"uv": [6, 8.5, 6.5, 8.75], "texture": "#1"},
				"west": {"uv": [8, 5.75, 9, 6], "texture": "#1"},
				"up": {"uv": [4, 8.5, 3.5, 7.5], "texture": "#1"},
				"down": {"uv": [4.5, 7.5, 4, 8.5], "texture": "#1"}
			}
		},
		{
			"from": [22, 14, 5.22202],
			"to": [24, 16, 7.22202],
			"rotation": {"angle": 45, "axis": "z", "origin": [8, 0, 11.22202]},
			"faces": {
				"north": {"uv": [6, 8, 6.5, 8.5], "texture": "#1"},
				"east": {"uv": [6.5, 8, 7, 8.5], "texture": "#1"},
				"south": {"uv": [8, 6.75, 8.5, 7.25], "texture": "#1"},
				"west": {"uv": [8, 7.25, 8.5, 7.75], "texture": "#1"},
				"up": {"uv": [8.5, 8.25, 8, 7.75], "texture": "#1"},
				"down": {"uv": [8.75, 0, 8.25, 0.5], "texture": "#1"}
			}
		},
		{
			"from": [9, 14.95, 13.22202],
			"to": [9.25, 16.25, 13.72202],
			"rotation": {"angle": -22.5, "axis": "x", "origin": [8, 0, 11.22202]},
			"faces": {
				"north": {"uv": [6.75, 1.25, 6.875, 1.625], "texture": "#1"},
				"east": {"uv": [6.75, 1.75, 6.875, 2.125], "texture": "#1"},
				"south": {"uv": [6.5, 8.5, 6.625, 8.875], "texture": "#1"},
				"west": {"uv": [6.75, 8.5, 6.875, 8.875], "texture": "#1"},
				"up": {"uv": [5.625, 8.875, 5.5, 8.75], "texture": "#1"},
				"down": {"uv": [5.875, 8.75, 5.75, 8.875], "texture": "#1"}
			}
		},
		{
			"from": [7, 14.9, 13.22202],
			"to": [7.25, 15.7, 13.72202],
			"rotation": {"angle": -22.5, "axis": "x", "origin": [8, 0, 11.22202]},
			"faces": {
				"north": {"uv": [5.75, 2.25, 5.875, 2.5], "texture": "#1"},
				"east": {"uv": [7.25, 1, 7.375, 1.25], "texture": "#1"},
				"south": {"uv": [1.75, 8.25, 1.875, 8.5], "texture": "#1"},
				"west": {"uv": [0.25, 8.75, 0.375, 9], "texture": "#1"},
				"up": {"uv": [6.125, 8.875, 6, 8.75], "texture": "#1"},
				"down": {"uv": [8.875, 6, 8.75, 6.125], "texture": "#1"}
			}
		},
		{
			"from": [6.5, 14.8, 13.22202],
			"to": [6.75, 16, 13.72202],
			"rotation": {"angle": -22.5, "axis": "x", "origin": [8, 0, 11.22202]},
			"faces": {
				"north": {"uv": [0.5, 8.75, 0.625, 9], "texture": "#1"},
				"east": {"uv": [0.75, 8.75, 0.875, 9], "texture": "#1"},
				"south": {"uv": [1, 8.75, 1.125, 9], "texture": "#1"},
				"west": {"uv": [1.25, 8.75, 1.375, 9], "texture": "#1"},
				"up": {"uv": [6.375, 8.875, 6.25, 8.75], "texture": "#1"},
				"down": {"uv": [8.875, 6.25, 8.75, 6.375], "texture": "#1"}
			}
		},
		{
			"from": [8.25, 14.8, 13.22202],
			"to": [8.5, 16.05, 13.72202],
			"rotation": {"angle": -22.5, "axis": "x", "origin": [8, 0, 11.22202]},
			"faces": {
				"north": {"uv": [1.5, 8.75, 1.625, 9], "texture": "#1"},
				"east": {"uv": [1.75, 8.75, 1.875, 9], "texture": "#1"},
				"south": {"uv": [2, 8.75, 2.125, 9], "texture": "#1"},
				"west": {"uv": [2.25, 8.75, 2.375, 9], "texture": "#1"},
				"up": {"uv": [8.875, 6.625, 8.75, 6.5], "texture": "#1"},
				"down": {"uv": [8.875, 6.75, 8.75, 6.875], "texture": "#1"}
			}
		},
		{
			"from": [7.75, 14.8, 13.22202],
			"to": [8, 16.3, 13.72202],
			"rotation": {"angle": -22.5, "axis": "x", "origin": [8, 0, 11.22202]},
			"faces": {
				"north": {"uv": [8.5, 6.75, 8.625, 7.125], "texture": "#1"},
				"east": {"uv": [7, 8.5, 7.125, 8.875], "texture": "#1"},
				"south": {"uv": [7.25, 8.5, 7.375, 8.875], "texture": "#1"},
				"west": {"uv": [8.5, 7.25, 8.625, 7.625], "texture": "#1"},
				"up": {"uv": [8.875, 7.125, 8.75, 7], "texture": "#1"},
				"down": {"uv": [8.875, 7.25, 8.75, 7.375], "texture": "#1"}
			}
		},
		{
			"from": [6.5, 24.25, 8.72202],
			"to": [6.75, 25.45, 9.22202],
			"rotation": {"angle": -22.5, "axis": "x", "origin": [8, 16, 27.22202]},
			"faces": {
				"north": {"uv": [2.5, 8.75, 2.625, 9], "texture": "#1"},
				"east": {"uv": [2.75, 8.75, 2.875, 9], "texture": "#1"},
				"south": {"uv": [3, 8.75, 3.125, 9], "texture": "#1"},
				"west": {"uv": [3.25, 8.75, 3.375, 9], "texture": "#1"},
				"up": {"uv": [8.875, 7.625, 8.75, 7.5], "texture": "#1"},
				"down": {"uv": [8.875, 7.75, 8.75, 7.875], "texture": "#1"}
			}
		},
		{
			"from": [7, 24.05, 8.72202],
			"to": [7.25, 24.85, 9.22202],
			"rotation": {"angle": -22.5, "axis": "x", "origin": [8, 16, 27.22202]},
			"faces": {
				"north": {"uv": [3.5, 8.75, 3.625, 9], "texture": "#1"},
				"east": {"uv": [3.75, 8.75, 3.875, 9], "texture": "#1"},
				"south": {"uv": [4, 8.75, 4.125, 9], "texture": "#1"},
				"west": {"uv": [4.25, 8.75, 4.375, 9], "texture": "#1"},
				"up": {"uv": [8.875, 8.125, 8.75, 8], "texture": "#1"},
				"down": {"uv": [8.875, 8.25, 8.75, 8.375], "texture": "#1"}
			}
		},
		{
			"from": [7.75, 24.35, 8.72202],
			"to": [8, 25.85, 9.22202],
			"rotation": {"angle": -22.5, "axis": "x", "origin": [8, 16, 27.22202]},
			"faces": {
				"north": {"uv": [7.5, 8.5, 7.625, 8.875], "texture": "#1"},
				"east": {"uv": [7.75, 8.5, 7.875, 8.875], "texture": "#1"},
				"south": {"uv": [8.5, 7.75, 8.625, 8.125], "texture": "#1"},
				"west": {"uv": [8, 8.5, 8.125, 8.875], "texture": "#1"},
				"up": {"uv": [8.625, 8.875, 8.5, 8.75], "texture": "#1"},
				"down": {"uv": [8.875, 8.5, 8.75, 8.625], "texture": "#1"}
			}
		},
		{
			"from": [8.25, 23.9, 8.72202],
			"to": [8.5, 25.15, 9.22202],
			"rotation": {"angle": -22.5, "axis": "x", "origin": [8, 16, 27.22202]},
			"faces": {
				"north": {"uv": [4.5, 8.75, 4.625, 9], "texture": "#1"},
				"east": {"uv": [4.75, 8.75, 4.875, 9], "texture": "#1"},
				"south": {"uv": [5, 8.75, 5.125, 9], "texture": "#1"},
				"west": {"uv": [5.25, 8.75, 5.375, 9], "texture": "#1"},
				"up": {"uv": [8.875, 8.875, 8.75, 8.75], "texture": "#1"},
				"down": {"uv": [9.125, 0, 9, 0.125], "texture": "#1"}
			}
		},
		{
			"from": [9, 24.3, 8.72202],
			"to": [9.25, 25.6, 9.22202],
			"rotation": {"angle": -22.5, "axis": "x", "origin": [8, 16, 27.22202]},
			"faces": {
				"north": {"uv": [8.25, 8.5, 8.375, 8.875], "texture": "#1"},
				"east": {"uv": [8.5, 8.25, 8.625, 8.625], "texture": "#1"},
				"south": {"uv": [0, 8.75, 0.125, 9.125], "texture": "#1"},
				"west": {"uv": [8.75, 0, 8.875, 0.375], "texture": "#1"},
				"up": {"uv": [0.375, 9.125, 0.25, 9], "texture": "#1"},
				"down": {"uv": [9.125, 0.25, 9, 0.375], "texture": "#1"}
			}
		}
	],
	"display": {
		"thirdperson_righthand": {
			"translation": [0, 5, 0]
		},
		"thirdperson_lefthand": {
			"translation": [0, 5, 0]
		},
		"ground": {
			"translation": [0, 3.75, 0]
		},
		"gui": {
			"rotation": [25, -140, 0],
			"translation": [0, -1.75, 0],
			"scale": [0.7, 0.7, 0.7]
		},
		"head": {
			"translation": [0, -13, -14],
			"scale": [4, 4, 4]
		},
		"fixed": {
			"rotation": [0, 90, 0]
		}
	}
}