{
	"credit": "Made with Blockbench",
	"texture_size": [64, 64],
	"textures": {
		"0": "block/custom/mossy_crown",
		"particle": "block/custom/mossy_crown"
	},
	"elements": [
		{
			"from": [11, 5, 4],
			"to": [12, 7, 5],
			"faces": {
				"north": {"uv": [5.25, 4.5, 5.5, 5], "texture": "#0"},
				"east": {"uv": [5, 4.5, 5.25, 5], "texture": "#0"},
				"south": {"uv": [5.75, 4.5, 6, 5], "texture": "#0"},
				"west": {"uv": [5.5, 4.5, 5.75, 5], "texture": "#0"},
				"up": {"uv": [5.5, 4.5, 5.25, 4.25], "texture": "#0"},
				"down": {"uv": [5.75, 4.25, 5.5, 4.5], "texture": "#0"}
			}
		},
		{
			"from": [3, 5, 4],
			"to": [4, 7, 5],
			"faces": {
				"north": {"uv": [2.5, 1.25, 2.75, 1.75], "texture": "#0"},
				"east": {"uv": [2.25, 1.25, 2.5, 1.75], "texture": "#0"},
				"south": {"uv": [3, 1.25, 3.25, 1.75], "texture": "#0"},
				"west": {"uv": [2.75, 1.25, 3, 1.75], "texture": "#0"},
				"up": {"uv": [2.75, 1.25, 2.5, 1], "texture": "#0"},
				"down": {"uv": [3, 1, 2.75, 1.25], "texture": "#0"}
			}
		},
		{
			"from": [3, 5, 12],
			"to": [4, 7, 13],
			"faces": {
				"north": {"uv": [0.25, 1, 0.5, 1.5], "texture": "#0"},
				"east": {"uv": [0, 1, 0.25, 1.5], "texture": "#0"},
				"south": {"uv": [0.75, 1, 1, 1.5], "texture": "#0"},
				"west": {"uv": [0.5, 1, 0.75, 1.5], "texture": "#0"},
				"up": {"uv": [0.5, 1, 0.25, 0.75], "texture": "#0"},
				"down": {"uv": [0.75, 0.75, 0.5, 1], "texture": "#0"}
			}
		},
		{
			"from": [11, 5, 12],
			"to": [12, 7, 13],
			"faces": {
				"north": {"uv": [0.25, 0.25, 0.5, 0.75], "texture": "#0"},
				"east": {"uv": [0, 0.25, 0.25, 0.75], "texture": "#0"},
				"south": {"uv": [0.75, 0.25, 1, 0.75], "texture": "#0"},
				"west": {"uv": [0.5, 0.25, 0.75, 0.75], "texture": "#0"},
				"up": {"uv": [0.5, 0.25, 0.25, 0], "texture": "#0"},
				"down": {"uv": [0.75, 0, 0.5, 0.25], "texture": "#0"}
			}
		},
		{
			"from": [10, 5, 4],
			"to": [11, 6, 5],
			"faces": {
				"north": {"uv": [3.25, 6, 3.5, 6.25], "texture": "#0"},
				"east": {"uv": [3, 6, 3.25, 6.25], "texture": "#0"},
				"south": {"uv": [3.75, 6, 4, 6.25], "texture": "#0"},
				"west": {"uv": [3.5, 6, 3.75, 6.25], "texture": "#0"},
				"up": {"uv": [3.5, 6, 3.25, 5.75], "texture": "#0"},
				"down": {"uv": [3.75, 5.75, 3.5, 6], "texture": "#0"}
			}
		},
		{
			"from": [4, 5, 12],
			"to": [5, 6, 13],
			"faces": {
				"north": {"uv": [0.25, 6, 0.5, 6.25], "texture": "#0"},
				"east": {"uv": [0, 6, 0.25, 6.25], "texture": "#0"},
				"south": {"uv": [0.75, 6, 1, 6.25], "texture": "#0"},
				"west": {"uv": [0.5, 6, 0.75, 6.25], "texture": "#0"},
				"up": {"uv": [0.5, 6, 0.25, 5.75], "texture": "#0"},
				"down": {"uv": [0.75, 5.75, 0.5, 6], "texture": "#0"}
			}
		},
		{
			"from": [3, 5, 11],
			"to": [4, 6, 12],
			"faces": {
				"north": {"uv": [5.75, 5.25, 6, 5.5], "texture": "#0"},
				"east": {"uv": [5.5, 5.25, 5.75, 5.5], "texture": "#0"},
				"south": {"uv": [6.25, 5.25, 6.5, 5.5], "texture": "#0"},
				"west": {"uv": [6, 5.25, 6.25, 5.5], "texture": "#0"},
				"up": {"uv": [6, 5.25, 5.75, 5], "texture": "#0"},
				"down": {"uv": [6.25, 5, 6, 5.25], "texture": "#0"}
			}
		},
		{
			"from": [11, 5, 11],
			"to": [12, 6, 12],
			"faces": {
				"north": {"uv": [1, 1.5, 1.25, 1.75], "texture": "#0"},
				"east": {"uv": [0.75, 1.5, 1, 1.75], "texture": "#0"},
				"south": {"uv": [1.5, 1.5, 1.75, 1.75], "texture": "#0"},
				"west": {"uv": [1.25, 1.5, 1.5, 1.75], "texture": "#0"},
				"up": {"uv": [1.25, 1.5, 1, 1.25], "texture": "#0"},
				"down": {"uv": [1.5, 1.25, 1.25, 1.5], "texture": "#0"}
			}
		},
		{
			"from": [10, 5, 12],
			"to": [11, 6, 13],
			"faces": {
				"north": {"uv": [1, 0.75, 1.25, 1], "texture": "#0"},
				"east": {"uv": [0.75, 0.75, 1, 1], "texture": "#0"},
				"south": {"uv": [1.5, 0.75, 1.75, 1], "texture": "#0"},
				"west": {"uv": [1.25, 0.75, 1.5, 1], "texture": "#0"},
				"up": {"uv": [1.25, 0.75, 1, 0.5], "texture": "#0"},
				"down": {"uv": [1.5, 0.5, 1.25, 0.75], "texture": "#0"}
			}
		},
		{
			"from": [4, 5, 4],
			"to": [5, 6, 5],
			"faces": {
				"north": {"uv": [6, 1.75, 6.25, 2], "texture": "#0"},
				"east": {"uv": [5.75, 1.75, 6, 2], "texture": "#0"},
				"south": {"uv": [6.5, 1.75, 6.75, 2], "texture": "#0"},
				"west": {"uv": [6.25, 1.75, 6.5, 2], "texture": "#0"},
				"up": {"uv": [6.25, 1.75, 6, 1.5], "texture": "#0"},
				"down": {"uv": [6.5, 1.5, 6.25, 1.75], "texture": "#0"}
			}
		},
		{
			"from": [3, 5, 5],
			"to": [4, 6, 6],
			"faces": {
				"north": {"uv": [1.25, 6, 1.5, 6.25], "texture": "#0"},
				"east": {"uv": [1, 6, 1.25, 6.25], "texture": "#0"},
				"south": {"uv": [1.75, 6, 2, 6.25], "texture": "#0"},
				"west": {"uv": [1.5, 6, 1.75, 6.25], "texture": "#0"},
				"up": {"uv": [1.5, 6, 1.25, 5.75], "texture": "#0"},
				"down": {"uv": [1.75, 5.75, 1.5, 6], "texture": "#0"}
			}
		},
		{
			"from": [11, 5, 5],
			"to": [12, 6, 6],
			"faces": {
				"north": {"uv": [2.25, 6, 2.5, 6.25], "texture": "#0"},
				"east": {"uv": [2, 6, 2.25, 6.25], "texture": "#0"},
				"south": {"uv": [2.75, 6, 3, 6.25], "texture": "#0"},
				"west": {"uv": [2.5, 6, 2.75, 6.25], "texture": "#0"},
				"up": {"uv": [2.5, 6, 2.25, 5.75], "texture": "#0"},
				"down": {"uv": [2.75, 5.75, 2.5, 6], "texture": "#0"}
			}
		},
		{
			"from": [11, 5, 7],
			"to": [12, 8, 10],
			"faces": {
				"north": {"uv": [5, 5.75, 5.25, 6.5], "texture": "#0"},
				"east": {"uv": [4.25, 5.75, 5, 6.5], "texture": "#0"},
				"south": {"uv": [6, 5.75, 6.25, 6.5], "texture": "#0"},
				"west": {"uv": [5.25, 5.75, 6, 6.5], "texture": "#0"},
				"up": {"uv": [5.25, 5.75, 5, 5], "texture": "#0"},
				"down": {"uv": [5.5, 5, 5.25, 5.75], "texture": "#0"}
			}
		},
		{
			"from": [3, 5, 7],
			"to": [4, 8, 10],
			"faces": {
				"north": {"uv": [5.25, 2.25, 5.5, 3], "texture": "#0"},
				"east": {"uv": [4.5, 2.25, 5.25, 3], "texture": "#0"},
				"south": {"uv": [6.25, 2.25, 6.5, 3], "texture": "#0"},
				"west": {"uv": [5.5, 2.25, 6.25, 3], "texture": "#0"},
				"up": {"uv": [5.5, 2.25, 5.25, 1.5], "texture": "#0"},
				"down": {"uv": [5.75, 1.5, 5.5, 2.25], "texture": "#0"}
			}
		},
		{
			"from": [6, 5, 4],
			"to": [9, 8, 5],
			"rotation": {"angle": 0, "axis": "y", "origin": [8.5, 6.5, 8.5]},
			"faces": {
				"north": {"uv": [0.25, 3.25, 1, 4], "texture": "#0"},
				"east": {"uv": [0, 3.25, 0.25, 4], "texture": "#0"},
				"south": {"uv": [1.25, 3.25, 2, 4], "texture": "#0"},
				"west": {"uv": [1, 3.25, 1.25, 4], "texture": "#0"},
				"up": {"uv": [1, 3.25, 0.25, 3], "texture": "#0"},
				"down": {"uv": [1.75, 3, 1, 3.25], "texture": "#0"}
			}
		},
		{
			"from": [6, 5, 12],
			"to": [9, 8, 13],
			"rotation": {"angle": 0, "axis": "y", "origin": [8.5, 6.5, 8.5]},
			"faces": {
				"north": {"uv": [2.5, 0.25, 3.25, 1], "texture": "#0"},
				"east": {"uv": [2.25, 0.25, 2.5, 1], "texture": "#0"},
				"south": {"uv": [3.5, 0.25, 4.25, 1], "texture": "#0"},
				"west": {"uv": [3.25, 0.25, 3.5, 1], "texture": "#0"},
				"up": {"uv": [3.25, 0.25, 2.5, 0], "texture": "#0"},
				"down": {"uv": [4, 0, 3.25, 0.25], "texture": "#0"}
			}
		},
		{
			"from": [3, 0, 4],
			"to": [12, 5, 5],
			"faces": {
				"north": {"uv": [4.75, 0.25, 7, 1.5], "texture": "#0"},
				"east": {"uv": [4.5, 0.25, 4.75, 1.5], "texture": "#0"},
				"south": {"uv": [7.25, 0.25, 9.5, 1.5], "texture": "#0"},
				"west": {"uv": [7, 0.25, 7.25, 1.5], "texture": "#0"},
				"up": {"uv": [7, 0.25, 4.75, 0], "texture": "#0"},
				"down": {"uv": [9.25, 0, 7, 0.25], "texture": "#0"}
			}
		},
		{
			"from": [3, 0, 12],
			"to": [12, 5, 13],
			"faces": {
				"north": {"uv": [0.25, 4.5, 2.5, 5.75], "texture": "#0"},
				"east": {"uv": [0, 4.5, 0.25, 5.75], "texture": "#0"},
				"south": {"uv": [2.75, 4.5, 5, 5.75], "texture": "#0"},
				"west": {"uv": [2.5, 4.5, 2.75, 5.75], "texture": "#0"},
				"up": {"uv": [2.5, 4.5, 0.25, 4.25], "texture": "#0"},
				"down": {"uv": [4.75, 4.25, 2.5, 4.5], "texture": "#0"}
			}
		},
		{
			"from": [3, 0, 5],
			"to": [4, 5, 12],
			"rotation": {"angle": 0, "axis": "y", "origin": [7.5, 2.5, 4.5]},
			"faces": {
				"north": {"uv": [4, 3, 4.25, 4.25], "texture": "#0"},
				"east": {"uv": [2.25, 3, 4, 4.25], "texture": "#0"},
				"south": {"uv": [6, 3, 6.25, 4.25], "texture": "#0"},
				"west": {"uv": [4.25, 3, 6, 4.25], "texture": "#0"},
				"up": {"uv": [4.25, 3, 4, 1.25], "texture": "#0"},
				"down": {"uv": [4.5, 1.25, 4.25, 3], "texture": "#0"}
			}
		},
		{
			"from": [11, 0, 5],
			"to": [12, 5, 12],
			"rotation": {"angle": 0, "axis": "y", "origin": [7.5, 2.5, 4.5]},
			"faces": {
				"north": {"uv": [1.75, 1.75, 2, 3], "texture": "#0"},
				"east": {"uv": [0, 1.75, 1.75, 3], "texture": "#0"},
				"south": {"uv": [3.75, 1.75, 4, 3], "texture": "#0"},
				"west": {"uv": [2, 1.75, 3.75, 3], "texture": "#0"},
				"up": {"uv": [2, 1.75, 1.75, 0], "texture": "#0"},
				"down": {"uv": [2.25, 0, 2, 1.75], "texture": "#0"}
			}
		}
	],
	"gui_light": "front",
	"display": {
		"thirdperson_righthand": {
			"translation": [0.5, 4.5, 0],
			"scale": [0.75, 0.75, 0.75]
		},
		"thirdperson_lefthand": {
			"translation": [0.5, 4.5, 0],
			"scale": [0.75, 0.75, 0.75]
		},
		"firstperson_righthand": {
			"translation": [0, 3.25, 0]
		},
		"firstperson_lefthand": {
			"translation": [0, 3.25, 0]
		},
		"ground": {
			"translation": [0, 2.75, 0]
		},
		"gui": {
			"rotation": [19, -17, 0],
			"translation": [0.75, 4.75, 0],
			"scale": [1.25, 1.25, 1.26]
		},
		"head": {
			"translation": [0.5, 14.5, -0.75]
		},
		"fixed": {
			"rotation": [-90, 0, 0],
			"translation": [0, 0, -12],
			"scale": [1.5, 1.5, 1.5]
		}
	}
}