{
	"credit": "Made with Blockbench",
	"textures": {
		"0": "block/custom/moustachehigh",
		"particle": "block/custom/moustachehigh"
	},
	"elements": [
		{
			"from": [6, 2, 3],
			"to": [10, 3, 5],
			"faces": {
				"north": {"uv": [0, 4, 4, 5], "texture": "#0"},
				"east": {"uv": [4, 5, 6, 6], "texture": "#0"},
				"south": {"uv": [4, 0, 8, 1], "texture": "#0"},
				"west": {"uv": [6, 1, 8, 2], "texture": "#0"},
				"up": {"uv": [4, 2, 0, 0], "texture": "#0"},
				"down": {"uv": [4, 2, 0, 4], "texture": "#0"}
			}
		},
		{
			"from": [9, 1, 3],
			"to": [11, 2, 5],
			"faces": {
				"north": {"uv": [6, 2, 8, 3], "texture": "#0"},
				"east": {"uv": [6, 3, 8, 4], "texture": "#0"},
				"south": {"uv": [4, 6, 6, 7], "texture": "#0"},
				"west": {"uv": [6, 4, 8, 5], "texture": "#0"},
				"up": {"uv": [6, 3, 4, 1], "texture": "#0"},
				"down": {"uv": [6, 3, 4, 5], "texture": "#0"}
			}
		},
		{
			"from": [5, 1, 3],
			"to": [7, 2, 5],
			"faces": {
				"north": {"uv": [6, 5, 8, 6], "texture": "#0"},
				"east": {"uv": [6, 6, 8, 7], "texture": "#0"},
				"south": {"uv": [0, 7, 2, 8], "texture": "#0"},
				"west": {"uv": [2, 7, 4, 8], "texture": "#0"},
				"up": {"uv": [2, 7, 0, 5], "texture": "#0"},
				"down": {"uv": [4, 5, 2, 7], "texture": "#0"}
			}
		}
	],
	"display": {
		"thirdperson_righthand": {
			"scale": [0, 1, 1]
		},
		"firstperson_righthand": {
			"translation": [0.25, 9, 4.75]
		},
		"firstperson_lefthand": {
			"translation": [0.25, 9, 4.75]
		},
		"ground": {
			"translation": [0, 12, 4.25],
			"scale": [2, 2, 1]
		},
		"gui": {
			"translation": [0, 16.5, 0],
			"scale": [2.7, 2.7, 1]
		},
		"head": {
			"translation": [0, 6.25, 0],
			"scale": [1.6, 1.6, 1.6]
		},
		"fixed": {
			"translation": [0, 23, 7],
			"scale": [4, 4, 2]
		}
	}
}