{
	"credit": "Made with Blockbench",
	"texture_size": [64, 64],
	"textures": {
		"0": "block/custom/peter_griffin",
		"particle": "block/custom/peter_griffin"
	},
	"elements": [
		{
			"from": [3.5, 7, 5],
			"to": [12.5, 9, 11.75],
			"faces": {
				"north": {"uv": [6.75, 4.75, 9, 5.25], "texture": "#0"},
				"east": {"uv": [7.5, 9.25, 9.25, 9.75], "texture": "#0"},
				"south": {"uv": [7.75, 0, 10, 0.5], "texture": "#0"},
				"west": {"uv": [9.25, 7.5, 11, 8], "texture": "#0"},
				"up": {"uv": [2.25, 1.75, 0, 0], "texture": "#0"},
				"down": {"uv": [2.25, 1.75, 0, 3.5], "texture": "#0"}
			}
		},
		{
			"from": [4.5, 0, 5],
			"to": [7.5, 1.5, 10],
			"faces": {
				"north": {"uv": [2.25, 7.5, 3, 7.875], "texture": "#0"},
				"east": {"uv": [10.75, 10.5, 12, 10.875], "texture": "#0"},
				"south": {"uv": [3.5, 11.25, 4.25, 11.625], "texture": "#0"},
				"west": {"uv": [1.5, 11, 2.75, 11.375], "texture": "#0"},
				"up": {"uv": [6.25, 9.5, 5.5, 8.25], "texture": "#0"},
				"down": {"uv": [9.25, 6.75, 8.5, 8], "texture": "#0"}
			}
		},
		{
			"from": [4.5, 1.5, 6],
			"to": [7.5, 2, 10],
			"faces": {
				"north": {"uv": [8.25, 2, 9, 2.25], "texture": "#0"},
				"east": {"uv": [7.5, 9, 8.5, 9.25], "texture": "#0"},
				"south": {"uv": [3.5, 9.5, 4.25, 9.75], "texture": "#0"},
				"west": {"uv": [1.5, 11.5, 2.5, 11.75], "texture": "#0"},
				"up": {"uv": [3.5, 11, 2.75, 10], "texture": "#0"},
				"down": {"uv": [0.75, 10.25, 0, 11.25], "texture": "#0"}
			}
		},
		{
			"from": [4.25, 1.5, 7],
			"to": [7.75, 6.75, 10.25],
			"faces": {
				"north": {"uv": [5.5, 6.75, 6.375, 8.125], "texture": "#0"},
				"east": {"uv": [1.25, 7.5, 2.125, 8.875], "texture": "#0"},
				"south": {"uv": [6.5, 7.5, 7.375, 8.875], "texture": "#0"},
				"west": {"uv": [7.5, 7.5, 8.375, 8.875], "texture": "#0"},
				"up": {"uv": [8.625, 10.625, 7.75, 9.75], "texture": "#0"},
				"down": {"uv": [2.625, 10, 1.75, 10.875], "texture": "#0"}
			}
		},
		{
			"from": [8.25, 1.5, 7],
			"to": [11.75, 6.75, 10.25],
			"faces": {
				"north": {"uv": [0, 7.75, 0.875, 9.125], "texture": "#0"},
				"east": {"uv": [2.25, 8, 3.125, 9.375], "texture": "#0"},
				"south": {"uv": [8, 2.25, 8.875, 3.625], "texture": "#0"},
				"west": {"uv": [3.25, 8, 4.125, 9.375], "texture": "#0"},
				"up": {"uv": [9.625, 10.875, 8.75, 10], "texture": "#0"},
				"down": {"uv": [10.625, 10, 9.75, 10.875], "texture": "#0"}
			}
		},
		{
			"from": [8.5, 1.5, 6],
			"to": [11.5, 2, 10],
			"faces": {
				"north": {"uv": [11.75, 10.25, 12.5, 10.375], "texture": "#0"},
				"east": {"uv": [1.5, 11.75, 2.5, 11.875], "texture": "#0"},
				"south": {"uv": [0.25, 12, 1, 12.125], "texture": "#0"},
				"west": {"uv": [11.75, 4.75, 12.75, 4.875], "texture": "#0"},
				"up": {"uv": [1.5, 11.25, 0.75, 10.25], "texture": "#0"},
				"down": {"uv": [4.25, 10.25, 3.5, 11.25], "texture": "#0"}
			}
		},
		{
			"from": [8.5, 0, 5],
			"to": [11.5, 1.5, 10],
			"faces": {
				"north": {"uv": [5, 11.25, 5.75, 11.625], "texture": "#0"},
				"east": {"uv": [11, 1.75, 12.25, 2.125], "texture": "#0"},
				"south": {"uv": [7.25, 11.25, 8, 11.625], "texture": "#0"},
				"west": {"uv": [11, 2.25, 12.25, 2.625], "texture": "#0"},
				"up": {"uv": [9.25, 9.25, 8.5, 8], "texture": "#0"},
				"down": {"uv": [1.75, 9, 1, 10.25], "texture": "#0"}
			}
		},
		{
			"from": [5.25, 5, 5.5],
			"to": [10.75, 7, 6.5],
			"faces": {
				"north": {"uv": [10, 0, 11.375, 0.5], "texture": "#0"},
				"east": {"uv": [1.75, 9, 2, 9.5], "texture": "#0"},
				"south": {"uv": [10.25, 8, 11.625, 8.5], "texture": "#0"},
				"west": {"uv": [2, 9, 2.25, 9.5], "texture": "#0"},
				"up": {"uv": [12.625, 5.5, 11.25, 5.25], "texture": "#0"},
				"down": {"uv": [12.625, 5.5, 11.25, 5.75], "texture": "#0"}
			}
		},
		{
			"from": [3.75, 5, 6.5],
			"to": [12.25, 7, 10.75],
			"faces": {
				"north": {"uv": [8.25, 1.5, 10.375, 2], "texture": "#0"},
				"east": {"uv": [6.25, 10.5, 7.375, 11], "texture": "#0"},
				"south": {"uv": [8.25, 6.25, 10.375, 6.75], "texture": "#0"},
				"west": {"uv": [10.5, 6.25, 11.625, 6.75], "texture": "#0"},
				"up": {"uv": [6.625, 4.125, 4.5, 3], "texture": "#0"},
				"down": {"uv": [6.625, 4.25, 4.5, 5.375], "texture": "#0"}
			}
		},
		{
			"from": [5.25, 5, 10.75],
			"to": [10.75, 7, 11.5],
			"faces": {
				"north": {"uv": [10.25, 8.5, 11.625, 9], "texture": "#0"},
				"east": {"uv": [9, 4.75, 9.25, 5.25], "texture": "#0"},
				"south": {"uv": [10.25, 9, 11.625, 9.5], "texture": "#0"},
				"west": {"uv": [7, 11.5, 7.25, 12], "texture": "#0"},
				"up": {"uv": [12.625, 6, 11.25, 5.75], "texture": "#0"},
				"down": {"uv": [12.625, 6, 11.25, 6.25], "texture": "#0"}
			}
		},
		{
			"from": [4.25, 9, 5],
			"to": [11.75, 11, 5.5],
			"faces": {
				"north": {"uv": [9, 2, 10.875, 2.5], "texture": "#0"},
				"east": {"uv": [2.25, 12, 2.375, 12.5], "texture": "#0"},
				"south": {"uv": [9, 2.5, 10.875, 3], "texture": "#0"},
				"west": {"uv": [2.75, 12, 2.875, 12.5], "texture": "#0"},
				"up": {"uv": [13.375, 4.125, 11.5, 4], "texture": "#0"},
				"down": {"uv": [13.375, 4.25, 11.5, 4.375], "texture": "#0"}
			}
		},
		{
			"from": [5.25, 11, 5.25],
			"to": [10.75, 13, 5.5],
			"faces": {
				"north": {"uv": [10.25, 9.5, 11.625, 10], "texture": "#0"},
				"east": {"uv": [3, 12, 3.125, 12.5], "texture": "#0"},
				"south": {"uv": [10.5, 0.5, 11.875, 1], "texture": "#0"},
				"west": {"uv": [3.25, 12, 3.375, 12.5], "texture": "#0"},
				"up": {"uv": [12.875, 6.875, 11.5, 6.75], "texture": "#0"},
				"down": {"uv": [12.875, 7, 11.5, 7.125], "texture": "#0"}
			}
		},
		{
			"from": [3.75, 9, 5.5],
			"to": [12.25, 14.5, 12],
			"faces": {
				"north": {"uv": [0, 3.5, 2.125, 4.875], "texture": "#0"},
				"east": {"uv": [0, 5, 1.625, 6.375], "texture": "#0"},
				"south": {"uv": [2.25, 3.5, 4.375, 4.875], "texture": "#0"},
				"west": {"uv": [1.75, 5, 3.375, 6.375], "texture": "#0"},
				"up": {"uv": [4.375, 1.625, 2.25, 0], "texture": "#0"},
				"down": {"uv": [4.375, 1.75, 2.25, 3.375], "texture": "#0"}
			}
		},
		{
			"from": [4.25, 14.5, 5.75],
			"to": [11.75, 15.5, 11.75],
			"faces": {
				"north": {"uv": [10.5, 7.25, 12.375, 7.5], "texture": "#0"},
				"east": {"uv": [6.75, 5.25, 8.25, 5.5], "texture": "#0"},
				"south": {"uv": [11, 2.75, 12.875, 3], "texture": "#0"},
				"west": {"uv": [10.5, 11, 12, 11.25], "texture": "#0"},
				"up": {"uv": [6.375, 1.5, 4.5, 0], "texture": "#0"},
				"down": {"uv": [6.375, 1.5, 4.5, 3], "texture": "#0"}
			}
		},
		{
			"from": [9.75, 5, 7.5],
			"to": [14, 8, 11],
			"rotation": {"angle": 45, "axis": "z", "origin": [0, 0, 0]},
			"faces": {
				"north": {"uv": [9, 3, 10.25, 3.75], "texture": "#0"},
				"east": {"uv": [10.5, 1, 11.375, 1.75], "texture": "#0"},
				"south": {"uv": [4.25, 9, 5.5, 9.75], "texture": "#0"},
				"west": {"uv": [10.5, 3.75, 11.375, 4.5], "texture": "#0"},
				"up": {"uv": [9.25, 4.625, 8, 3.75], "texture": "#0"},
				"down": {"uv": [5.5, 8, 4.25, 8.875], "texture": "#0"}
			}
		},
		{
			"from": [9.25, 4.75, 7.25],
			"to": [9.75, 8.25, 11.25],
			"rotation": {"angle": 45, "axis": "z", "origin": [0, 0, 0]},
			"faces": {
				"north": {"uv": [11.25, 11.75, 11.375, 12.625], "texture": "#0"},
				"east": {"uv": [0, 9.25, 1, 10.125], "texture": "#0"},
				"south": {"uv": [11.5, 11.75, 11.625, 12.625], "texture": "#0"},
				"west": {"uv": [9.25, 8, 10.25, 8.875], "texture": "#0"},
				"up": {"uv": [10.125, 12.5, 10, 11.5], "texture": "#0"},
				"down": {"uv": [10.375, 11.5, 10.25, 12.5], "texture": "#0"}
			}
		},
		{
			"from": [15.5, 5.25, 5.25],
			"to": [16, 6.25, 10.25],
			"rotation": {"angle": 45, "axis": "z", "origin": [0, 0, 0]},
			"faces": {
				"north": {"uv": [4, 12, 4.125, 12.25], "texture": "#0"},
				"east": {"uv": [0, 11.25, 1.5, 11.5], "texture": "#0"},
				"south": {"uv": [4.25, 12, 4.375, 12.25], "texture": "#0"},
				"west": {"uv": [11.25, 3, 12.75, 3.25], "texture": "#0"},
				"up": {"uv": [8.375, 12.75, 8.25, 11.25], "texture": "#0"},
				"down": {"uv": [2.625, 11.5, 2.5, 13], "texture": "#0"}
			}
		},
		{
			"from": [0, 5.25, 5.25],
			"to": [0.5, 6.25, 10.25],
			"rotation": {"angle": -45, "axis": "z", "origin": [16, 0, 0]},
			"faces": {
				"north": {"uv": [4.5, 12, 4.625, 12.25], "texture": "#0"},
				"east": {"uv": [11.25, 3.25, 12.75, 3.5], "texture": "#0"},
				"south": {"uv": [4.75, 12, 4.875, 12.25], "texture": "#0"},
				"west": {"uv": [11.25, 3.5, 12.75, 3.75], "texture": "#0"},
				"up": {"uv": [6.375, 13, 6.25, 11.5], "texture": "#0"},
				"down": {"uv": [6.625, 11.5, 6.5, 13], "texture": "#0"}
			}
		},
		{
			"from": [2, 5, 7.5],
			"to": [6.25, 8, 11],
			"rotation": {"angle": -45, "axis": "z", "origin": [16, 0, 0]},
			"faces": {
				"north": {"uv": [6.25, 9, 7.5, 9.75], "texture": "#0"},
				"east": {"uv": [10.5, 4.5, 11.375, 5.25], "texture": "#0"},
				"south": {"uv": [9.25, 3.75, 10.5, 4.5], "texture": "#0"},
				"west": {"uv": [5.25, 10.5, 6.125, 11.25], "texture": "#0"},
				"up": {"uv": [9.5, 1.375, 8.25, 0.5], "texture": "#0"},
				"down": {"uv": [9.5, 5.25, 8.25, 6.125], "texture": "#0"}
			}
		},
		{
			"from": [6.25, 4.75, 7.25],
			"to": [6.75, 8.25, 11.25],
			"rotation": {"angle": -45, "axis": "z", "origin": [16, 0, 0]},
			"faces": {
				"north": {"uv": [11.75, 11.75, 11.875, 12.625], "texture": "#0"},
				"east": {"uv": [9.25, 9, 10.25, 9.875], "texture": "#0"},
				"south": {"uv": [0, 12, 0.125, 12.875], "texture": "#0"},
				"west": {"uv": [9.5, 0.5, 10.5, 1.375], "texture": "#0"},
				"up": {"uv": [5.625, 12.75, 5.5, 11.75], "texture": "#0"},
				"down": {"uv": [7.375, 11.75, 7.25, 12.75], "texture": "#0"}
			}
		},
		{
			"from": [-0.75, 6.75, 7.75],
			"to": [0.25, 8.25, 10.75],
			"rotation": {"angle": -22.5, "axis": "z", "origin": [0, 0, 0]},
			"faces": {
				"north": {"uv": [12, 0.5, 12.25, 0.875], "texture": "#0"},
				"east": {"uv": [10.5, 11.25, 11.25, 11.625], "texture": "#0"},
				"south": {"uv": [1, 12, 1.25, 12.375], "texture": "#0"},
				"west": {"uv": [11.25, 11.25, 12, 11.625], "texture": "#0"},
				"up": {"uv": [6.75, 3, 6.5, 2.25], "texture": "#0"},
				"down": {"uv": [8, 0.5, 7.75, 1.25], "texture": "#0"}
			}
		},
		{
			"from": [15.75, 6.75, 7.75],
			"to": [16.75, 8.25, 10.75],
			"rotation": {"angle": 22.5, "axis": "z", "origin": [16, 0, 0]},
			"faces": {
				"north": {"uv": [12.25, 0.5, 12, 0.875], "texture": "#0"},
				"east": {"uv": [12, 11.25, 11.25, 11.625], "texture": "#0"},
				"south": {"uv": [1.25, 12, 1, 12.375], "texture": "#0"},
				"west": {"uv": [11.25, 11.25, 10.5, 11.625], "texture": "#0"},
				"up": {"uv": [6.5, 3, 6.75, 2.25], "texture": "#0"},
				"down": {"uv": [7.75, 0.5, 8, 1.25], "texture": "#0"}
			}
		},
		{
			"from": [-3.25, -4.75, 7.5],
			"to": [1.25, -2.75, 11],
			"rotation": {"angle": -45, "axis": "z", "origin": [16, 0, 0]},
			"faces": {
				"north": {"uv": [1.75, 9.5, 3.375, 10], "texture": "#0"},
				"east": {"uv": [6.25, 11, 7.125, 11.5], "texture": "#0"},
				"south": {"uv": [9.5, 5.25, 11.125, 5.75], "texture": "#0"},
				"west": {"uv": [11, 7.5, 11.875, 8], "texture": "#0"},
				"up": {"uv": [2.875, 7.375, 1.25, 6.5], "texture": "#0"},
				"down": {"uv": [8.125, 1.25, 6.5, 2.125], "texture": "#0"}
			}
		},
		{
			"from": [-3.25, -2.75, 7.5],
			"to": [-0.5, -2, 11],
			"rotation": {"angle": -45, "axis": "z", "origin": [16, 0, 0]},
			"faces": {
				"north": {"uv": [1.75, 9.5, 3.375, 10], "texture": "#0"},
				"east": {"uv": [6.25, 11, 7.125, 11.5], "texture": "#0"},
				"south": {"uv": [9.5, 5.25, 11.125, 5.75], "texture": "#0"},
				"west": {"uv": [11, 7.5, 11.875, 8], "texture": "#0"},
				"up": {"uv": [2.875, 7.375, 1.25, 6.5], "texture": "#0"},
				"down": {"uv": [8.125, 1.25, 6.5, 2.125], "texture": "#0"}
			}
		},
		{
			"from": [16.5, -2.75, 7.5],
			"to": [19.25, -2, 11],
			"rotation": {"angle": 45, "axis": "z", "origin": [0, 0, 0]},
			"faces": {
				"north": {"uv": [3.375, 9.5, 1.75, 10], "texture": "#0"},
				"east": {"uv": [11.875, 7.5, 11, 8], "texture": "#0"},
				"south": {"uv": [11.125, 5.25, 9.5, 5.75], "texture": "#0"},
				"west": {"uv": [7.125, 11, 6.25, 11.5], "texture": "#0"},
				"up": {"uv": [1.25, 7.375, 2.875, 6.5], "texture": "#0"},
				"down": {"uv": [6.5, 1.25, 8.125, 2.125], "texture": "#0"}
			}
		},
		{
			"from": [14.75, -4.75, 7.5],
			"to": [19.25, -2.75, 11],
			"rotation": {"angle": 45, "axis": "z", "origin": [0, 0, 0]},
			"faces": {
				"north": {"uv": [9.5, 5.75, 11.125, 6.25], "texture": "#0"},
				"east": {"uv": [8.5, 11, 9.375, 11.5], "texture": "#0"},
				"south": {"uv": [3.5, 9.75, 5.125, 10.25], "texture": "#0"},
				"west": {"uv": [9.5, 11, 10.375, 11.5], "texture": "#0"},
				"up": {"uv": [8.125, 6.375, 6.5, 5.5], "texture": "#0"},
				"down": {"uv": [8.125, 6.5, 6.5, 7.375], "texture": "#0"}
			}
		},
		{
			"from": [5.5, 15.5, 6.5],
			"to": [10.5, 20.5, 11],
			"faces": {
				"north": {"uv": [0, 6.5, 1.25, 7.75], "texture": "#0"},
				"east": {"uv": [6.75, 2.25, 7.875, 3.5], "texture": "#0"},
				"south": {"uv": [6.5, 0, 7.75, 1.25], "texture": "#0"},
				"west": {"uv": [3, 6.75, 4.125, 8], "texture": "#0"},
				"up": {"uv": [8, 4.625, 6.75, 3.5], "texture": "#0"},
				"down": {"uv": [5.5, 6.75, 4.25, 7.875], "texture": "#0"}
			}
		},
		{
			"from": [6, 15.5, 5.5],
			"to": [10, 18.25, 6.5],
			"faces": {
				"north": {"uv": [10.25, 3, 11.25, 3.75], "texture": "#0"},
				"east": {"uv": [8.25, 6.75, 8.5, 7.5], "texture": "#0"},
				"south": {"uv": [4.25, 10.25, 5.25, 11], "texture": "#0"},
				"west": {"uv": [1.5, 10.25, 1.75, 11], "texture": "#0"},
				"up": {"uv": [12.5, 1.75, 11.5, 1.5], "texture": "#0"},
				"down": {"uv": [12.5, 3.75, 11.5, 4], "texture": "#0"}
			}
		},
		{
			"from": [8.25, 18.7, 6],
			"to": [9.25, 19.7, 8],
			"faces": {
				"north": {"uv": [1, 8.75, 1.25, 9], "texture": "#0"},
				"east": {"uv": [3, 6.5, 3.5, 6.75], "texture": "#0"},
				"south": {"uv": [6, 9.5, 6.25, 9.75], "texture": "#0"},
				"west": {"uv": [5.5, 9.5, 6, 9.75], "texture": "#0"},
				"up": {"uv": [12, 6.75, 11.75, 6.25], "texture": "#0"},
				"down": {"uv": [7.75, 11.75, 7.5, 12.25], "texture": "#0"}
			}
		},
		{
			"from": [6.75, 18.7, 6],
			"to": [7.75, 19.7, 8],
			"faces": {
				"north": {"uv": [7.5, 10.5, 7.75, 10.75], "texture": "#0"},
				"east": {"uv": [8.75, 9.75, 9.25, 10], "texture": "#0"},
				"south": {"uv": [8.5, 10.75, 8.75, 11], "texture": "#0"},
				"west": {"uv": [10.5, 1.75, 11, 2], "texture": "#0"},
				"up": {"uv": [8, 12.25, 7.75, 11.75], "texture": "#0"},
				"down": {"uv": [12, 8, 11.75, 8.5], "texture": "#0"}
			}
		},
		{
			"from": [6.75, 15.5, 5],
			"to": [7.75, 16.5, 7],
			"faces": {
				"north": {"uv": [5, 11, 5.25, 11.25], "texture": "#0"},
				"east": {"uv": [11.75, 5, 12.25, 5.25], "texture": "#0"},
				"south": {"uv": [7.25, 11, 7.5, 11.25], "texture": "#0"},
				"west": {"uv": [8.5, 11.75, 9, 12], "texture": "#0"},
				"up": {"uv": [12, 9, 11.75, 8.5], "texture": "#0"},
				"down": {"uv": [9.25, 11.75, 9, 12.25], "texture": "#0"}
			}
		},
		{
			"from": [8.25, 15.5, 5],
			"to": [9.25, 16.5, 7],
			"faces": {
				"north": {"uv": [3.5, 12, 3.75, 12.25], "texture": "#0"},
				"east": {"uv": [11.75, 9, 12.25, 9.25], "texture": "#0"},
				"south": {"uv": [3.75, 12, 4, 12.25], "texture": "#0"},
				"west": {"uv": [9.25, 11.75, 9.75, 12], "texture": "#0"},
				"up": {"uv": [12, 9.75, 11.75, 9.25], "texture": "#0"},
				"down": {"uv": [10, 11.75, 9.75, 12.25], "texture": "#0"}
			}
		},
		{
			"from": [7.5, 17.5, 5.25],
			"to": [8.5, 18.75, 8],
			"faces": {
				"north": {"uv": [1.75, 12, 2, 12.375], "texture": "#0"},
				"east": {"uv": [0.75, 11.5, 1.5, 11.875], "texture": "#0"},
				"south": {"uv": [2, 12, 2.25, 12.375], "texture": "#0"},
				"west": {"uv": [11.5, 1, 12.25, 1.375], "texture": "#0"},
				"up": {"uv": [11.75, 5.25, 11.5, 4.5], "texture": "#0"},
				"down": {"uv": [7, 11.5, 6.75, 12.25], "texture": "#0"}
			}
		},
		{
			"from": [5.25, 20.25, 6.25],
			"to": [10.75, 20.75, 11.25],
			"faces": {
				"north": {"uv": [8.5, 11.5, 9.875, 11.625], "texture": "#0"},
				"east": {"uv": [4.25, 11.75, 5.5, 11.875], "texture": "#0"},
				"south": {"uv": [2.75, 11.75, 4.125, 11.875], "texture": "#0"},
				"west": {"uv": [11.75, 4.5, 13, 4.625], "texture": "#0"},
				"up": {"uv": [4.875, 6.75, 3.5, 5.5], "texture": "#0"},
				"down": {"uv": [6.375, 5.5, 5, 6.75], "texture": "#0"}
			}
		},
		{
			"from": [5, 18.25, 7.5],
			"to": [5.75, 20.25, 11.25],
			"faces": {
				"north": {"uv": [11.75, 9.75, 12, 10.25], "texture": "#0"},
				"east": {"uv": [3.5, 5, 4.5, 5.5], "texture": "#0"},
				"south": {"uv": [10.5, 11.75, 10.75, 12.25], "texture": "#0"},
				"west": {"uv": [10.5, 6.75, 11.5, 7.25], "texture": "#0"},
				"up": {"uv": [1.25, 8.75, 1, 7.75], "texture": "#0"},
				"down": {"uv": [6, 11.25, 5.75, 12.25], "texture": "#0"}
			}
		},
		{
			"from": [5.5, 17.5, 11],
			"to": [10.5, 20.25, 11.5],
			"faces": {
				"north": {"uv": [9.25, 4.5, 10.5, 5.25], "texture": "#0"},
				"east": {"uv": [2.75, 11, 3.375, 11.75], "texture": "#0"},
				"south": {"uv": [9.25, 6.75, 10.5, 7.5], "texture": "#0"},
				"west": {"uv": [4.25, 11, 4.875, 11.75], "texture": "#0"},
				"up": {"uv": [6.5, 10.375, 5.25, 9.75], "texture": "#0"},
				"down": {"uv": [7.75, 9.75, 6.5, 10.375], "texture": "#0"}
			}
		},
		{
			"from": [10.25, 18.25, 7.5],
			"to": [11, 20.25, 11.25],
			"rotation": {"angle": 0, "axis": "y", "origin": [16, 0, 0]},
			"faces": {
				"north": {"uv": [10.75, 11.75, 11, 12.25], "texture": "#0"},
				"east": {"uv": [7.5, 10.75, 8.5, 11.25], "texture": "#0"},
				"south": {"uv": [11, 11.75, 11.25, 12.25], "texture": "#0"},
				"west": {"uv": [10.75, 10, 11.75, 10.5], "texture": "#0"},
				"up": {"uv": [6.25, 12.25, 6, 11.25], "texture": "#0"},
				"down": {"uv": [8.25, 11.25, 8, 12.25], "texture": "#0"}
			}
		},
		{
			"from": [5.25, 18.95, 6.5],
			"to": [5.5, 19.2, 8.5],
			"faces": {
				"north": {"uv": [12, 6.5, 12.125, 6.625], "texture": "#0"},
				"east": {"uv": [5, 12, 5.5, 12.125], "texture": "#0"},
				"south": {"uv": [12, 8, 12.125, 8.125], "texture": "#0"},
				"west": {"uv": [12, 6.25, 12.5, 6.375], "texture": "#0"},
				"up": {"uv": [7.125, 12.5, 7, 12], "texture": "#0"},
				"down": {"uv": [12.125, 7.5, 12, 8], "texture": "#0"}
			}
		},
		{
			"from": [10.5, 18.95, 6.5],
			"to": [10.75, 19.2, 8.5],
			"faces": {
				"north": {"uv": [12, 6.5, 12.125, 6.625], "texture": "#0"},
				"east": {"uv": [5, 12, 5.5, 12.125], "texture": "#0"},
				"south": {"uv": [12, 8, 12.125, 8.125], "texture": "#0"},
				"west": {"uv": [12, 6.25, 12.5, 6.375], "texture": "#0"},
				"up": {"uv": [7.125, 12.5, 7, 12], "texture": "#0"},
				"down": {"uv": [12.125, 7.5, 12, 8], "texture": "#0"}
			}
		},
		{
			"from": [5.5, 18.95, 6.25],
			"to": [10.5, 19.2, 6.5],
			"faces": {
				"north": {"uv": [12, 6.5, 12.125, 6.625], "texture": "#0"},
				"east": {"uv": [5, 12, 5.5, 12.125], "texture": "#0"},
				"south": {"uv": [12, 8, 12.125, 8.125], "texture": "#0"},
				"west": {"uv": [12, 6.25, 12.5, 6.375], "texture": "#0"},
				"up": {"uv": [7.125, 12.5, 7, 12], "texture": "#0"},
				"down": {"uv": [12.125, 7.5, 12, 8], "texture": "#0"}
			}
		}
	],
	"display": {
		"firstperson_righthand": {
			"rotation": [0, 142, 0]
		},
		"firstperson_lefthand": {
			"rotation": [0, 142, 0]
		},
		"ground": {
			"translation": [0, 23, 0],
			"scale": [3.5, 3.5, 3.5]
		},
		"gui": {
			"rotation": [0, 180, 0]
		},
		"head": {
			"translation": [0, -13.75, -1.25],
			"scale": [4, 4, 4]
		},
		"fixed": {
			"rotation": [-90, 0, 0],
			"translation": [0, 0, -31],
			"scale": [4, 4, 4]
		}
	},
	"groups": [
		{
			"name": "Pants",
			"origin": [0, 0, 0],
			"color": 0,
			"children": [0, 1, 2, 3, 4, 5, 6, 7, 8]
		},
		{
			"name": "Shirt",
			"origin": [0, 0, 0],
			"color": 0,
			"children": [9, 10, 11, 12, 13, 14, 15, 16, 17, 18, 19]
		},
		{
			"name": "Skin",
			"origin": [0, 0, 0],
			"color": 0,
			"children": [20, 21, 22, 23, 24, 25, 26, 27, 28, 29, 30, 31, 32, 33, 34, 35, 36]
		},
		37,
		38,
		39
	]
}