{
	"credit": "Made with Blockbench",
	"texture_size": [64, 64],
	"textures": {
		"1": "block/custom/pharaoh"
	},
	"elements": [
		{
			"from": [1, 8, 11],
			"to": [15, 12, 15],
			"faces": {
				"north": {"uv": [3, 0, 6.5, 1], "texture": "#1"},
				"east": {"uv": [0, 7.25, 1, 8.25], "texture": "#1"},
				"south": {"uv": [3, 1, 6.5, 2], "texture": "#1"},
				"west": {"uv": [7.5, 0.5, 8.5, 1.5], "texture": "#1"},
				"up": {"uv": [6.5, 3, 3, 2], "texture": "#1"},
				"down": {"uv": [6.5, 3, 3, 4], "texture": "#1"}
			}
		},
		{
			"from": [11, 5, 7],
			"to": [16, 11, 11],
			"faces": {
				"north": {"uv": [0, 4.75, 1.25, 6.25], "texture": "#1"},
				"east": {"uv": [6.5, 0, 7.5, 1.5], "texture": "#1"},
				"south": {"uv": [1.25, 4.75, 2.5, 6.25], "texture": "#1"},
				"west": {"uv": [6.5, 1.5, 7.5, 3], "texture": "#1"},
				"up": {"uv": [7.75, 4, 6.5, 3], "texture": "#1"},
				"down": {"uv": [5, 6.75, 3.75, 7.75], "texture": "#1"}
			}
		},
		{
			"from": [0, 5, 7],
			"to": [5, 11, 11],
			"rotation": {"angle": 0, "axis": "y", "origin": [16, 0, 0]},
			"faces": {
				"north": {"uv": [2.5, 5.25, 3.75, 6.75], "texture": "#1"},
				"east": {"uv": [1.75, 6.75, 2.75, 8.25], "texture": "#1"},
				"south": {"uv": [3.75, 5.25, 5, 6.75], "texture": "#1"},
				"west": {"uv": [2.75, 6.75, 3.75, 8.25], "texture": "#1"},
				"up": {"uv": [8, 7, 6.75, 6], "texture": "#1"},
				"down": {"uv": [6.25, 7, 5, 8], "texture": "#1"}
			}
		},
		{
			"from": [2, 11, 7],
			"to": [14, 15, 14],
			"faces": {
				"north": {"uv": [5, 4, 8, 5], "texture": "#1"},
				"east": {"uv": [5, 6, 6.75, 7], "texture": "#1"},
				"south": {"uv": [5, 5, 8, 6], "texture": "#1"},
				"west": {"uv": [0, 6.25, 1.75, 7.25], "texture": "#1"},
				"up": {"uv": [3, 1.75, 0, 0], "texture": "#1"},
				"down": {"uv": [3, 1.75, 0, 3.5], "texture": "#1"}
			}
		},
		{
			"from": [3, 11, 5],
			"to": [13, 13, 10],
			"faces": {
				"north": {"uv": [6.25, 7, 8.75, 7.5], "texture": "#1"},
				"east": {"uv": [7.5, 1.5, 8.75, 2], "texture": "#1"},
				"south": {"uv": [7.5, 0, 10, 0.5], "texture": "#1"},
				"west": {"uv": [7.5, 2, 8.75, 2.5], "texture": "#1"},
				"up": {"uv": [2.5, 4.75, 0, 3.5], "texture": "#1"},
				"down": {"uv": [5, 4, 2.5, 5.25], "texture": "#1"}
			}
		},
		{
			"from": [7, 12, 3],
			"to": [9, 16, 5],
			"faces": {
				"north": {"uv": [3.75, 7.75, 4.25, 8.75], "texture": "#1"},
				"east": {"uv": [4.25, 7.75, 4.75, 8.75], "texture": "#1"},
				"south": {"uv": [7.75, 7.5, 8.25, 8.5], "texture": "#1"},
				"west": {"uv": [1, 8, 1.5, 9], "texture": "#1"},
				"up": {"uv": [3, 4, 2.5, 3.5], "texture": "#1"},
				"down": {"uv": [2.75, 8.25, 2.25, 8.75], "texture": "#1"}
			}
		},
		{
			"from": [7, 1, 7],
			"to": [9, 5, 9],
			"faces": {
				"north": {"uv": [8, 3.25, 8.5, 4.25], "texture": "#1"},
				"east": {"uv": [8, 4.25, 8.5, 5.25], "texture": "#1"},
				"south": {"uv": [4.75, 8, 5.25, 9], "texture": "#1"},
				"west": {"uv": [5.25, 8, 5.75, 9], "texture": "#1"},
				"up": {"uv": [3.25, 8.75, 2.75, 8.25], "texture": "#1"},
				"down": {"uv": [3.75, 8.25, 3.25, 8.75], "texture": "#1"}
			}
		},
		{
			"from": [7.5, -3, 7.5],
			"to": [8.5, 1, 8.5],
			"rotation": {"angle": 0, "axis": "y", "origin": [-0.5, 0, 3.5]},
			"faces": {
				"north": {"uv": [6.25, 8.25, 6.5, 9.25], "texture": "#1"},
				"east": {"uv": [6.5, 8.25, 6.75, 9.25], "texture": "#1"},
				"south": {"uv": [6.75, 8.25, 7, 9.25], "texture": "#1"},
				"west": {"uv": [7, 8.25, 7.25, 9.25], "texture": "#1"},
				"up": {"uv": [7.75, 2.75, 7.5, 2.5], "texture": "#1"},
				"down": {"uv": [7.75, 2.75, 7.5, 3], "texture": "#1"}
			}
		},
		{
			"from": [12, 2, 7],
			"to": [15.1, 5, 9],
			"faces": {
				"north": {"uv": [1, 7.25, 1.75, 8], "texture": "#1"},
				"east": {"uv": [8, 5.25, 8.5, 6], "texture": "#1"},
				"south": {"uv": [6.25, 7.5, 7, 8.25], "texture": "#1"},
				"west": {"uv": [5.75, 8, 6.25, 8.75], "texture": "#1"},
				"up": {"uv": [2.5, 6.75, 1.75, 6.25], "texture": "#1"},
				"down": {"uv": [8.75, 6, 8, 6.5], "texture": "#1"}
			}
		},
		{
			"from": [0.9, 2, 7],
			"to": [4, 5, 9],
			"rotation": {"angle": 0, "axis": "y", "origin": [16, 0, 0]},
			"faces": {
				"north": {"uv": [7, 7.5, 7.75, 8.25], "texture": "#1"},
				"east": {"uv": [0, 8.25, 0.5, 9], "texture": "#1"},
				"south": {"uv": [7.75, 2.5, 8.5, 3.25], "texture": "#1"},
				"west": {"uv": [0.5, 8.25, 1, 9], "texture": "#1"},
				"up": {"uv": [8.75, 7, 8, 6.5], "texture": "#1"},
				"down": {"uv": [2.25, 8.25, 1.5, 8.75], "texture": "#1"}
			}
		}
	],
	"gui_light": "front",
	"display": {
		"thirdperson_righthand": {
			"rotation": [79, 0, 0],
			"scale": [0.5, 0.5, 0.5]
		},
		"thirdperson_lefthand": {
			"rotation": [79, 0, 0],
			"scale": [0.5, 0.5, 0.5]
		},
		"firstperson_righthand": {
			"rotation": [0, -180, 0],
			"translation": [2.25, 2.5, 0],
			"scale": [0.5, 0.5, 0.5]
		},
		"firstperson_lefthand": {
			"rotation": [0, -180, 0],
			"translation": [2.25, 2.5, 0],
			"scale": [0.5, 0.5, 0.5]
		},
		"ground": {
			"rotation": [40, 0, 0],
			"translation": [0, 2, 0]
		},
		"gui": {
			"rotation": [20, 150, 0],
			"translation": [-1, -1, 0]
		},
		"head": {
			"translation": [0, -1, -3.25],
			"scale": [1.6, 1.6, 1.6]
		},
		"fixed": {
			"rotation": [-90, 0, 0],
			"translation": [0, 0, -9.75],
			"scale": [1.6, 1.6, 1.6]
		}
	}
}