{
	"credit": "Made with Blockbench",
	"texture_size": [64, 64],
	"textures": {
		"0": "block/custom/piratehat",
		"particle": "block/custom/piratehat"
	},
	"elements": [
		{
			"from": [3.9, 7, 3.9],
			"to": [12.1, 8.2, 12.1],
			"faces": {
				"north": {"uv": [6, 5.25, 8, 5.5], "texture": "#0"},
				"east": {"uv": [6.25, 6, 8.25, 6.25], "texture": "#0"},
				"south": {"uv": [6.25, 6.25, 8.25, 6.5], "texture": "#0"},
				"west": {"uv": [0.75, 6.5, 2.75, 6.75], "texture": "#0"},
				"up": {"uv": [5, 2, 3, 0], "texture": "#0"},
				"down": {"uv": [5, 2, 3, 4], "texture": "#0"}
			}
		},
		{
			"from": [3.9, 4, 3.9],
			"to": [5.1, 7, 3.9],
			"faces": {
				"north": {"uv": [5.75, 6.5, 6, 7.25], "texture": "#0"},
				"east": {"uv": [0, 0, 0, 0.75], "texture": "#0"},
				"south": {"uv": [5.25, 7.25, 5.5, 8], "texture": "#0"},
				"west": {"uv": [0, 0, 0, 0.75], "texture": "#0"},
				"up": {"uv": [0.25, 0, 0, 0], "texture": "#0"},
				"down": {"uv": [0.25, 0, 0, 0], "texture": "#0"}
			}
		},
		{
			"from": [3.9, 4, 3.9],
			"to": [3.9, 7, 6.1],
			"faces": {
				"north": {"uv": [5.5, 7.25, 5.75, 8], "texture": "#0"},
				"east": {"uv": [4.75, 6.5, 5.25, 7.25], "texture": "#0"},
				"south": {"uv": [5.75, 7.25, 6, 8], "texture": "#0"},
				"west": {"uv": [5.25, 6.5, 5.75, 7.25], "texture": "#0"},
				"up": {"uv": [2.75, 5.5, 2.5, 5], "texture": "#0"},
				"down": {"uv": [3, 5, 2.75, 5.5], "texture": "#0"}
			}
		},
		{
			"from": [2.1, 8.1, 3.1],
			"to": [13.9, 10.9, 12.9],
			"faces": {
				"north": {"uv": [3, 4, 6, 4.75], "texture": "#0"},
				"east": {"uv": [0, 5, 2.5, 5.75], "texture": "#0"},
				"south": {"uv": [3, 4.75, 6, 5.5], "texture": "#0"},
				"west": {"uv": [5, 0, 7.5, 0.75], "texture": "#0"},
				"up": {"uv": [3, 2.5, 0, 0], "texture": "#0"},
				"down": {"uv": [3, 2.5, 0, 5], "texture": "#0"}
			}
		},
		{
			"from": [2, 9, 3],
			"to": [14, 11, 4],
			"faces": {
				"north": {"uv": [5, 0.75, 8, 1.25], "texture": "#0"},
				"east": {"uv": [7.5, 0, 7.75, 0.5], "texture": "#0"},
				"south": {"uv": [5, 1.25, 8, 1.75], "texture": "#0"},
				"west": {"uv": [0.75, 7.5, 1, 8], "texture": "#0"},
				"up": {"uv": [9, 4.5, 6, 4.25], "texture": "#0"},
				"down": {"uv": [9, 4.5, 6, 4.75], "texture": "#0"}
			}
		},
		{
			"from": [4, 11, -1.2],
			"to": [12, 13, -0.2],
			"rotation": {"angle": 22.5, "axis": "x", "origin": [0, 0, 0]},
			"faces": {
				"north": {"uv": [0, 5.75, 2, 6.25], "texture": "#0"},
				"east": {"uv": [1, 7.5, 1.25, 8], "texture": "#0"},
				"south": {"uv": [2, 6, 4, 6.5], "texture": "#0"},
				"west": {"uv": [1.25, 7.5, 1.5, 8], "texture": "#0"},
				"up": {"uv": [4.75, 6.75, 2.75, 6.5], "texture": "#0"},
				"down": {"uv": [8.25, 6.5, 6.25, 6.75], "texture": "#0"}
			}
		},
		{
			"from": [5, 13, -1.2],
			"to": [11, 14, -0.2],
			"rotation": {"angle": 22.5, "axis": "x", "origin": [0, 0, 0]},
			"faces": {
				"north": {"uv": [6.25, 6.75, 7.75, 7], "texture": "#0"},
				"east": {"uv": [5, 3.75, 5.25, 4], "texture": "#0"},
				"south": {"uv": [0.75, 7, 2.25, 7.25], "texture": "#0"},
				"west": {"uv": [5.25, 3.75, 5.5, 4], "texture": "#0"},
				"up": {"uv": [3.75, 7.25, 2.25, 7], "texture": "#0"},
				"down": {"uv": [7.75, 7, 6.25, 7.25], "texture": "#0"}
			}
		},
		{
			"from": [5, 13, 16.2],
			"to": [11, 14, 17.2],
			"rotation": {"angle": -22.5, "axis": "x", "origin": [0, 0, 16]},
			"faces": {
				"north": {"uv": [0.75, 7.25, 2.25, 7.5], "texture": "#0"},
				"east": {"uv": [5.5, 3.75, 5.75, 4], "texture": "#0"},
				"south": {"uv": [2.25, 7.25, 3.75, 7.5], "texture": "#0"},
				"west": {"uv": [2, 5.75, 2.25, 6], "texture": "#0"},
				"up": {"uv": [5.25, 7.5, 3.75, 7.25], "texture": "#0"},
				"down": {"uv": [7.75, 7.25, 6.25, 7.5], "texture": "#0"}
			}
		},
		{
			"from": [4, 11, 16.2],
			"to": [12, 13, 17.2],
			"rotation": {"angle": -22.5, "axis": "x", "origin": [0, 0, 16]},
			"faces": {
				"north": {"uv": [6, 3.75, 8, 4.25], "texture": "#0"},
				"east": {"uv": [1.5, 7.5, 1.75, 8], "texture": "#0"},
				"south": {"uv": [4, 6, 6, 6.5], "texture": "#0"},
				"west": {"uv": [1.75, 7.5, 2, 8], "texture": "#0"},
				"up": {"uv": [2.75, 7, 0.75, 6.75], "texture": "#0"},
				"down": {"uv": [4.75, 6.75, 2.75, 7], "texture": "#0"}
			}
		},
		{
			"from": [2, 9, 12],
			"to": [14, 11, 13],
			"rotation": {"angle": 0, "axis": "y", "origin": [0, 0, 16]},
			"faces": {
				"north": {"uv": [5, 1.75, 8, 2.25], "texture": "#0"},
				"east": {"uv": [2, 7.5, 2.25, 8], "texture": "#0"},
				"south": {"uv": [5, 2.25, 8, 2.75], "texture": "#0"},
				"west": {"uv": [2.25, 7.5, 2.5, 8], "texture": "#0"},
				"up": {"uv": [9, 5, 6, 4.75], "texture": "#0"},
				"down": {"uv": [9, 5, 6, 5.25], "texture": "#0"}
			}
		},
		{
			"from": [9.1, 13.1, 3.1],
			"to": [9.9, 15.9, 12.9],
			"rotation": {"angle": -22.5, "axis": "z", "origin": [0, 0, 16]},
			"faces": {
				"north": {"uv": [2.5, 7.5, 2.75, 8], "texture": "#0"},
				"east": {"uv": [5, 2.75, 7.5, 3.25], "texture": "#0"},
				"south": {"uv": [2.75, 7.5, 3, 8], "texture": "#0"},
				"west": {"uv": [5, 3.25, 7.5, 3.75], "texture": "#0"},
				"up": {"uv": [6.25, 8.5, 6, 6], "texture": "#0"},
				"down": {"uv": [0.25, 6.25, 0, 8.75], "texture": "#0"}
			}
		},
		{
			"from": [6.1, 13.1, 3.1],
			"to": [6.9, 15.9, 12.9],
			"rotation": {"angle": 22.5, "axis": "z", "origin": [16, 0, 16]},
			"faces": {
				"north": {"uv": [7.5, 2.75, 7.75, 3.25], "texture": "#0"},
				"east": {"uv": [2.5, 5.5, 5, 6], "texture": "#0"},
				"south": {"uv": [3, 7.5, 3.25, 8], "texture": "#0"},
				"west": {"uv": [5, 5.5, 7.5, 6], "texture": "#0"},
				"up": {"uv": [0.5, 8.75, 0.25, 6.25], "texture": "#0"},
				"down": {"uv": [0.75, 6.25, 0.5, 8.75], "texture": "#0"}
			}
		}
	],
	"display": {
		"firstperson_righthand": {
			"rotation": [0, -180, 0],
			"translation": [-2, 4.25, 2],
			"scale": [0.5, 0.5, 0.50195]
		},
		"firstperson_lefthand": {
			"rotation": [0, -180, 0],
			"translation": [-2, 4.25, 2.25],
			"scale": [0.5, 0.5, 0.50195]
		},
		"gui": {
			"rotation": [30, 160, 0],
			"translation": [0, -1.5, 0]
		},
		"head": {
			"translation": [0, 3.25, 0],
			"scale": [1.85, 1.85, 1.85]
		},
		"fixed": {
			"rotation": [-90, 0, 0],
			"scale": [1.6, 1.6, 1.6]
		}
	}
}