{
	"credit": "Made with Blockbench",
	"texture_size": [32, 32],
	"textures": {
		"0": "block/custom/ppdragonblue",
		"particle": "block/custom/ppdragonblue"
	},
	"elements": [
		{
			"from": [5, 2, 4],
			"to": [11, 6, 12],
			"faces": {
				"north": {"uv": [8, 2.5, 11, 4.5], "texture": "#0"},
				"east": {"uv": [0, 4, 4, 6], "texture": "#0"},
				"south": {"uv": [3, 8, 6, 10], "texture": "#0"},
				"west": {"uv": [4, 4, 8, 6], "texture": "#0"},
				"up": {"uv": [3, 4, 0, 0], "texture": "#0"},
				"down": {"uv": [6, 0, 3, 4], "texture": "#0"}
			}
		},
		{
			"from": [5, 0, 5],
			"to": [6, 2, 6],
			"faces": {
				"north": {"uv": [4, 11, 4.5, 12], "texture": "#0"},
				"east": {"uv": [4.5, 11, 5, 12], "texture": "#0"},
				"south": {"uv": [5, 11, 5.5, 12], "texture": "#0"},
				"west": {"uv": [5.5, 11, 6, 12], "texture": "#0"},
				"up": {"uv": [12.5, 4, 12, 3.5], "texture": "#0"},
				"down": {"uv": [4.5, 12, 4, 12.5], "texture": "#0"}
			}
		},
		{
			"from": [5, 0, 10],
			"to": [6, 2, 11],
			"faces": {
				"north": {"uv": [11, 8.5, 11.5, 9.5], "texture": "#0"},
				"east": {"uv": [11, 9.5, 11.5, 10.5], "texture": "#0"},
				"south": {"uv": [11, 10.5, 11.5, 11.5], "texture": "#0"},
				"west": {"uv": [11.5, 0, 12, 1], "texture": "#0"},
				"up": {"uv": [12.5, 4.5, 12, 4], "texture": "#0"},
				"down": {"uv": [5, 12, 4.5, 12.5], "texture": "#0"}
			}
		},
		{
			"from": [10, 0, 10],
			"to": [11, 2, 11],
			"faces": {
				"north": {"uv": [0.5, 11, 1, 12], "texture": "#0"},
				"east": {"uv": [1, 11, 1.5, 12], "texture": "#0"},
				"south": {"uv": [1.5, 11, 2, 12], "texture": "#0"},
				"west": {"uv": [2, 11, 2.5, 12], "texture": "#0"},
				"up": {"uv": [12.5, 0.5, 12, 0], "texture": "#0"},
				"down": {"uv": [1, 12, 0.5, 12.5], "texture": "#0"}
			}
		},
		{
			"from": [10, 0, 5],
			"to": [11, 2, 6],
			"faces": {
				"north": {"uv": [2.5, 11, 3, 12], "texture": "#0"},
				"east": {"uv": [11, 2.5, 11.5, 3.5], "texture": "#0"},
				"south": {"uv": [3, 11, 3.5, 12], "texture": "#0"},
				"west": {"uv": [3.5, 11, 4, 12], "texture": "#0"},
				"up": {"uv": [12.5, 1, 12, 0.5], "texture": "#0"},
				"down": {"uv": [1.5, 12, 1, 12.5], "texture": "#0"}
			}
		},
		{
			"from": [5, 0, 9],
			"to": [6, 0, 10],
			"faces": {
				"north": {"uv": [0, 0, 0.5, 0], "texture": "#0"},
				"east": {"uv": [0, 0, 0.5, 0], "texture": "#0"},
				"south": {"uv": [0, 0, 0.5, 0], "texture": "#0"},
				"west": {"uv": [0, 0, 0.5, 0], "texture": "#0"},
				"up": {"uv": [12.5, 1.5, 12, 1], "texture": "#0"},
				"down": {"uv": [2, 12, 1.5, 12.5], "texture": "#0"}
			}
		},
		{
			"from": [10, 0, 9],
			"to": [11, 0, 10],
			"faces": {
				"north": {"uv": [0, 0, 0.5, 0], "texture": "#0"},
				"east": {"uv": [0, 0, 0.5, 0], "texture": "#0"},
				"south": {"uv": [0, 0, 0.5, 0], "texture": "#0"},
				"west": {"uv": [0, 0, 0.5, 0], "texture": "#0"},
				"up": {"uv": [12.5, 2, 12, 1.5], "texture": "#0"},
				"down": {"uv": [2.5, 12, 2, 12.5], "texture": "#0"}
			}
		},
		{
			"from": [5, 0, 4],
			"to": [6, 0, 5],
			"faces": {
				"north": {"uv": [0, 0, 0.5, 0], "texture": "#0"},
				"east": {"uv": [0, 0, 0.5, 0], "texture": "#0"},
				"south": {"uv": [0, 0, 0.5, 0], "texture": "#0"},
				"west": {"uv": [0, 0, 0.5, 0], "texture": "#0"},
				"up": {"uv": [12.5, 2.5, 12, 2], "texture": "#0"},
				"down": {"uv": [3, 12, 2.5, 12.5], "texture": "#0"}
			}
		},
		{
			"from": [10, 0, 4],
			"to": [11, 0, 5],
			"faces": {
				"north": {"uv": [0, 0, 0.5, 0], "texture": "#0"},
				"east": {"uv": [0, 0, 0.5, 0], "texture": "#0"},
				"south": {"uv": [0, 0, 0.5, 0], "texture": "#0"},
				"west": {"uv": [0, 0, 0.5, 0], "texture": "#0"},
				"up": {"uv": [12.5, 3, 12, 2.5], "texture": "#0"},
				"down": {"uv": [3.5, 12, 3, 12.5], "texture": "#0"}
			}
		},
		{
			"from": [7, 0, 12],
			"to": [9, 1, 16],
			"rotation": {"angle": -22.5, "axis": "x", "origin": [0, 0, 0]},
			"faces": {
				"north": {"uv": [9, 7.5, 10, 8], "texture": "#0"},
				"east": {"uv": [6, 3.5, 8, 4], "texture": "#0"},
				"south": {"uv": [11, 3.5, 12, 4], "texture": "#0"},
				"west": {"uv": [10.5, 4.5, 12.5, 5], "texture": "#0"},
				"up": {"uv": [11, 10.5, 10, 8.5], "texture": "#0"},
				"down": {"uv": [7, 10.5, 6, 12.5], "texture": "#0"}
			}
		},
		{
			"from": [7.5, 6, 14.4],
			"to": [8.5, 7, 17.4],
			"faces": {
				"north": {"uv": [12, 3, 12.5, 3.5], "texture": "#0"},
				"east": {"uv": [10.5, 5, 12, 5.5], "texture": "#0"},
				"south": {"uv": [3.5, 12, 4, 12.5], "texture": "#0"},
				"west": {"uv": [10.5, 5.5, 12, 6], "texture": "#0"},
				"up": {"uv": [11, 12, 10.5, 10.5], "texture": "#0"},
				"down": {"uv": [0.5, 11, 0, 12.5], "texture": "#0"}
			}
		},
		{
			"from": [5, 6, 3],
			"to": [11, 11, 7],
			"faces": {
				"north": {"uv": [0, 6, 3, 8.5], "texture": "#0"},
				"east": {"uv": [6, 8, 8, 10.5], "texture": "#0"},
				"south": {"uv": [6, 0, 9, 2.5], "texture": "#0"},
				"west": {"uv": [8, 8, 10, 10.5], "texture": "#0"},
				"up": {"uv": [6, 8, 3, 6], "texture": "#0"},
				"down": {"uv": [9, 6, 6, 8], "texture": "#0"}
			}
		},
		{
			"from": [5, 6, 1],
			"to": [11, 8, 3],
			"faces": {
				"north": {"uv": [9, 1.5, 12, 2.5], "texture": "#0"},
				"east": {"uv": [6, 2.5, 7, 3.5], "texture": "#0"},
				"south": {"uv": [0, 10, 3, 11], "texture": "#0"},
				"west": {"uv": [7, 2.5, 8, 3.5], "texture": "#0"},
				"up": {"uv": [6, 11, 3, 10], "texture": "#0"},
				"down": {"uv": [13, 7.5, 10, 8.5], "texture": "#0"}
			}
		},
		{
			"from": [5, 8, 1],
			"to": [6, 9, 2],
			"faces": {
				"north": {"uv": [11, 4, 11.5, 4.5], "texture": "#0"},
				"east": {"uv": [11.5, 1, 12, 1.5], "texture": "#0"},
				"south": {"uv": [11.5, 2.5, 12, 3], "texture": "#0"},
				"west": {"uv": [11.5, 3, 12, 3.5], "texture": "#0"},
				"up": {"uv": [12, 4.5, 11.5, 4], "texture": "#0"},
				"down": {"uv": [12, 6, 11.5, 6.5], "texture": "#0"}
			}
		},
		{
			"from": [10, 8, 1],
			"to": [11, 9, 2],
			"faces": {
				"north": {"uv": [11.5, 6.5, 12, 7], "texture": "#0"},
				"east": {"uv": [11.5, 7, 12, 7.5], "texture": "#0"},
				"south": {"uv": [11.5, 8.5, 12, 9], "texture": "#0"},
				"west": {"uv": [11.5, 9, 12, 9.5], "texture": "#0"},
				"up": {"uv": [12, 10, 11.5, 9.5], "texture": "#0"},
				"down": {"uv": [12, 10, 11.5, 10.5], "texture": "#0"}
			}
		},
		{
			"from": [6, 10.7, 2],
			"to": [7, 13.7, 3],
			"rotation": {"angle": 22.5, "axis": "x", "origin": [0, 0, 0]},
			"faces": {
				"north": {"uv": [2.5, 8.5, 3, 10], "texture": "#0"},
				"east": {"uv": [7, 10.5, 7.5, 12], "texture": "#0"},
				"south": {"uv": [7.5, 10.5, 8, 12], "texture": "#0"},
				"west": {"uv": [8, 10.5, 8.5, 12], "texture": "#0"},
				"up": {"uv": [12, 11, 11.5, 10.5], "texture": "#0"},
				"down": {"uv": [11.5, 11.5, 11, 12], "texture": "#0"}
			}
		},
		{
			"from": [9, 10.7, 2],
			"to": [10, 13.7, 3],
			"rotation": {"angle": 22.5, "axis": "x", "origin": [0, 0, 0]},
			"faces": {
				"north": {"uv": [8.5, 10.5, 9, 12], "texture": "#0"},
				"east": {"uv": [9, 10.5, 9.5, 12], "texture": "#0"},
				"south": {"uv": [9.5, 10.5, 10, 12], "texture": "#0"},
				"west": {"uv": [10, 10.5, 10.5, 12], "texture": "#0"},
				"up": {"uv": [12, 11.5, 11.5, 11], "texture": "#0"},
				"down": {"uv": [12, 11.5, 11.5, 12], "texture": "#0"}
			}
		},
		{
			"from": [-3, 7.5, 7],
			"to": [3, 7.5, 10],
			"rotation": {"angle": -22.5, "axis": "z", "origin": [0, 0, 0]},
			"faces": {
				"north": {"uv": [0, 0, 2.5, 0], "texture": "#0"},
				"east": {"uv": [0, 0, 1.5, 0], "texture": "#0"},
				"south": {"uv": [0, 0, 2.5, 0], "texture": "#0"},
				"west": {"uv": [0, 0, 1.5, 0], "texture": "#0"},
				"up": {"uv": [10.5, 6, 8, 4.5], "texture": "#0"},
				"down": {"uv": [2.5, 8.5, 0, 10], "texture": "#0"}
			}
		},
		{
			"from": [13, 7.5, 7],
			"to": [19, 7.5, 10],
			"rotation": {"angle": 22.5, "axis": "z", "origin": [16, 0, 0]},
			"faces": {
				"north": {"uv": [0, 0, 2.5, 0], "texture": "#0"},
				"east": {"uv": [0, 0, 1.5, 0], "texture": "#0"},
				"south": {"uv": [0, 0, 2.5, 0], "texture": "#0"},
				"west": {"uv": [0, 0, 1.5, 0], "texture": "#0"},
				"up": {"uv": [11.5, 1.5, 9, 0], "texture": "#0"},
				"down": {"uv": [11.5, 6, 9, 7.5], "texture": "#0"}
			}
		}
	],
	"display": {
		"thirdperson_righthand": {
			"rotation": [0, 3, 0],
			"translation": [0, 0, 1.5],
			"scale": [1.6, 1.6, 1.6]
		},
		"thirdperson_lefthand": {
			"rotation": [75, 3, 0],
			"translation": [0, 0, 1.5],
			"scale": [1.6, 1.6, 1.6]
		},
		"firstperson_righthand": {
			"rotation": [5, 120, -3],
			"translation": [5, 4.5, -2.25]
		},
		"firstperson_lefthand": {
			"rotation": [5, 120, -3],
			"translation": [5, 4.5, -2.25]
		},
		"ground": {
			"translation": [0, 6, 0]
		},
		"gui": {
			"rotation": [38, 164, 0],
			"translation": [0, 2, -1],
			"scale": [1.2, 1.2, 1.2]
		},
		"head": {
			"translation": [0, 17.25, 0],
			"scale": [1.6, 1.6, 1.6]
		},
		"fixed": {
			"rotation": [-90, 0, 0],
			"translation": [0, 0, -15.25],
			"scale": [2, 2, 2]
		}
	}
}