{
	"credit": "Made with Blockbench",
	"texture_size": [64, 64],
	"textures": {
		"0": "block/custom/redbowler",
		"particle": "block/custom/redbowler"
	},
	"elements": [
		{
			"from": [5.41, 11.413, 5.425],
			"to": [10.588, 13.413, 10.575],
			"rotation": {"angle": 0, "axis": "y", "origin": [0, 3, 0]},
			"faces": {
				"north": {"uv": [3.25, 5, 4.5, 5.5], "texture": "#0"},
				"east": {"uv": [4.5, 5, 5.75, 5.5], "texture": "#0"},
				"south": {"uv": [3.25, 5.5, 4.5, 6], "texture": "#0"},
				"west": {"uv": [4.5, 5.5, 5.75, 6], "texture": "#0"},
				"up": {"uv": [6.25, 2.25, 5, 1], "texture": "#0"},
				"down": {"uv": [3.25, 5, 2, 6.25], "texture": "#0"}
			}
		},
		{
			"from": [4, 8, 4],
			"to": [12, 12, 12],
			"rotation": {"angle": 0, "axis": "y", "origin": [0, 3, 0]},
			"faces": {
				"north": {"uv": [4, 3, 6, 4], "texture": "#0"},
				"east": {"uv": [4, 4, 6, 5], "texture": "#0"},
				"south": {"uv": [0, 5, 2, 6], "texture": "#0"},
				"west": {"uv": [5, 0, 7, 1], "texture": "#0"},
				"up": {"uv": [2, 5, 0, 3], "texture": "#0"},
				"down": {"uv": [4, 3, 2, 5], "texture": "#0"}
			}
		},
		{
			"from": [-3.17, 11.515, 5.425],
			"to": [-1.17, 13.515, 10.575],
			"rotation": {"angle": -45, "axis": "z", "origin": [1, 3.1, 0]},
			"faces": {
				"north": {"uv": [2.5, 6.75, 3, 7.25], "texture": "#0"},
				"east": {"uv": [5.75, 5, 7, 5.5], "texture": "#0"},
				"south": {"uv": [7, 0, 7.5, 0.5], "texture": "#0"},
				"west": {"uv": [5.75, 5.5, 7, 6], "texture": "#0"},
				"up": {"uv": [0.5, 7.25, 0, 6], "texture": "#0"},
				"down": {"uv": [1, 6, 0.5, 7.25], "texture": "#0"}
			}
		},
		{
			"from": [17.17, 11.515, 5.425],
			"to": [19.17, 13.515, 10.575],
			"rotation": {"angle": 45, "axis": "z", "origin": [15, 3.1, 0]},
			"faces": {
				"north": {"uv": [7, 0.5, 7.5, 1], "texture": "#0"},
				"east": {"uv": [6, 2.75, 7.25, 3.25], "texture": "#0"},
				"south": {"uv": [3.75, 7, 4.25, 7.5], "texture": "#0"},
				"west": {"uv": [3.25, 6, 4.5, 6.5], "texture": "#0"},
				"up": {"uv": [1.5, 7.25, 1, 6], "texture": "#0"},
				"down": {"uv": [2, 6, 1.5, 7.25], "texture": "#0"}
			}
		},
		{
			"from": [5.409, 11.49, 11.986],
			"to": [10.599, 13.49, 14.001],
			"rotation": {"angle": -45, "axis": "x", "origin": [15, 3.1, 9.8]},
			"faces": {
				"north": {"uv": [6, 3.25, 7.25, 3.75], "texture": "#0"},
				"east": {"uv": [4.25, 7, 4.75, 7.5], "texture": "#0"},
				"south": {"uv": [6, 3.75, 7.25, 4.25], "texture": "#0"},
				"west": {"uv": [4.75, 7, 5.25, 7.5], "texture": "#0"},
				"up": {"uv": [7.25, 4.75, 6, 4.25], "texture": "#0"},
				"down": {"uv": [5.75, 6, 4.5, 6.5], "texture": "#0"}
			}
		},
		{
			"from": [5.409, 11.49, 1.999],
			"to": [10.599, 13.49, 4.014],
			"rotation": {"angle": 45, "axis": "x", "origin": [15, 3.1, 6.2]},
			"faces": {
				"north": {"uv": [5.75, 6, 7, 6.5], "texture": "#0"},
				"east": {"uv": [7, 5, 7.5, 5.5], "texture": "#0"},
				"south": {"uv": [6.25, 1, 7.5, 1.5], "texture": "#0"},
				"west": {"uv": [5.25, 7, 5.75, 7.5], "texture": "#0"},
				"up": {"uv": [7.5, 2, 6.25, 1.5], "texture": "#0"},
				"down": {"uv": [3.25, 6.25, 2, 6.75], "texture": "#0"}
			}
		},
		{
			"from": [13, 7.5, 3],
			"to": [14, 8, 13],
			"faces": {
				"north": {"uv": [5, 2.75, 5.25, 3], "texture": "#0"},
				"east": {"uv": [6, 4.75, 8.5, 5], "texture": "#0"},
				"south": {"uv": [5.25, 2.75, 5.5, 3], "texture": "#0"},
				"west": {"uv": [6.25, 2, 8.75, 2.25], "texture": "#0"},
				"up": {"uv": [3.5, 9, 3.25, 6.5], "texture": "#0"},
				"down": {"uv": [3.75, 6.5, 3.5, 9], "texture": "#0"}
			}
		},
		{
			"from": [2, 7.5, 3],
			"to": [3, 8, 13],
			"faces": {
				"north": {"uv": [5.5, 2.75, 5.75, 3], "texture": "#0"},
				"east": {"uv": [3.75, 6.5, 6.25, 6.75], "texture": "#0"},
				"south": {"uv": [5.75, 2.75, 6, 3], "texture": "#0"},
				"west": {"uv": [6.25, 6.5, 8.75, 6.75], "texture": "#0"},
				"up": {"uv": [2.25, 9.25, 2, 6.75], "texture": "#0"},
				"down": {"uv": [2.5, 6.75, 2.25, 9.25], "texture": "#0"}
			}
		},
		{
			"from": [3, 7.5, 2],
			"to": [13, 8, 14],
			"faces": {
				"north": {"uv": [3.75, 6.75, 6.25, 7], "texture": "#0"},
				"east": {"uv": [5, 2.25, 8, 2.5], "texture": "#0"},
				"south": {"uv": [6.25, 6.75, 8.75, 7], "texture": "#0"},
				"west": {"uv": [5, 2.5, 8, 2.75], "texture": "#0"},
				"up": {"uv": [2.5, 3, 0, 0], "texture": "#0"},
				"down": {"uv": [5, 0, 2.5, 3], "texture": "#0"}
			}
		}
	],
	"display": {
		"gui": {
			"rotation": [15, -30, 0],
			"translation": [0, -1.5, 0]
		},
		"head": {
			"translation": [0, 2.15, 0],
			"scale": [1.61, 1.61, 1.61]
		},
		"fixed": {
			"rotation": [-90, 0, 0],
			"scale": [1.6, 1.6, 1.6]
		}
	}
}