{
	"credit": "Made with Blockbench",
	"texture_size": [32, 32],
	"textures": {
		"0": "block/custom/robinhood",
		"particle": "block/custom/robinhood"
	},
	"elements": [
		{
			"from": [2.99, 8, 3.51],
			"to": [10.99, 9, 12.41],
			"faces": {
				"north": {"uv": [0, 0, 4, 0], "texture": "#0"},
				"east": {"uv": [0, 0, 4.5, 0], "texture": "#0"},
				"south": {"uv": [0, 0, 4, 0], "texture": "#0"},
				"west": {"uv": [0, 0, 4.5, 0], "texture": "#0"},
				"up": {"uv": [4, 4.5, 0, 0], "texture": "#0"},
				"down": {"uv": [8, 0, 4, 4.5], "texture": "#0"}
			}
		},
		{
			"from": [-1.1, 8.1, 10.21],
			"to": [5.29, 9, 16.6],
			"rotation": {"angle": 45, "axis": "y", "origin": [0, 0, 0]},
			"faces": {
				"north": {"uv": [0, 0, 3, 0], "texture": "#0"},
				"east": {"uv": [0, 0, 3, 0], "texture": "#0"},
				"south": {"uv": [0, 0, 3, 0], "texture": "#0"},
				"west": {"uv": [0, 0, 3, 0], "texture": "#0"},
				"up": {"uv": [10, 7.5, 7, 4.5], "texture": "#0"},
				"down": {"uv": [10, 7.5, 7, 10.5], "texture": "#0"}
			}
		},
		{
			"from": [3, 8, 3.5],
			"to": [11, 10, 3.5],
			"faces": {
				"north": {"uv": [11, 2, 15, 3], "texture": "#0"},
				"east": {"uv": [0, 0, 0, 1], "texture": "#0"},
				"south": {"uv": [12, 11, 16, 12], "texture": "#0"},
				"west": {"uv": [0, 0, 0, 1], "texture": "#0"},
				"up": {"uv": [4, 0, 0, 0], "texture": "#0"},
				"down": {"uv": [4, 0, 0, 0], "texture": "#0"}
			}
		},
		{
			"from": [3, 8, 12.5],
			"to": [11, 10, 12.5],
			"rotation": {"angle": 0, "axis": "y", "origin": [0, 0, 16]},
			"faces": {
				"north": {"uv": [12, 12, 16, 13], "texture": "#0"},
				"east": {"uv": [0, 0, 0, 1], "texture": "#0"},
				"south": {"uv": [0, 12.5, 4, 13.5], "texture": "#0"},
				"west": {"uv": [0, 0, 0, 1], "texture": "#0"},
				"up": {"uv": [4, 0, 0, 0], "texture": "#0"},
				"down": {"uv": [4, 0, 0, 0], "texture": "#0"}
			}
		},
		{
			"from": [10.2, 8, 21.3],
			"to": [16.62, 10, 21.3],
			"rotation": {"angle": 45, "axis": "y", "origin": [0, 0, 16]},
			"faces": {
				"north": {"uv": [0, 11.5, 3, 12.5], "texture": "#0"},
				"east": {"uv": [0, 0, 0, 1], "texture": "#0"},
				"south": {"uv": [8, 12.5, 11, 13.5], "texture": "#0"},
				"west": {"uv": [0, 0, 0, 1], "texture": "#0"},
				"up": {"uv": [3, 0, 0, 0], "texture": "#0"},
				"down": {"uv": [3, 0, 0, 0], "texture": "#0"}
			}
		},
		{
			"from": [10.2, 8, -5.3],
			"to": [16.62, 10, -5.3],
			"rotation": {"angle": -45, "axis": "y", "origin": [0, 0, 0]},
			"faces": {
				"north": {"uv": [13, 9, 16, 10], "texture": "#0"},
				"east": {"uv": [0, 0, 0, 1], "texture": "#0"},
				"south": {"uv": [13, 10, 16, 11], "texture": "#0"},
				"west": {"uv": [0, 0, 0, 1], "texture": "#0"},
				"up": {"uv": [3, 0, 0, 0], "texture": "#0"},
				"down": {"uv": [3, 0, 0, 0], "texture": "#0"}
			}
		},
		{
			"from": [3, 8, 3.5],
			"to": [3, 10, 12.5],
			"rotation": {"angle": 0, "axis": "y", "origin": [0, 0, 16]},
			"faces": {
				"north": {"uv": [0, 0, 0, 1], "texture": "#0"},
				"east": {"uv": [11, 0, 15.5, 1], "texture": "#0"},
				"south": {"uv": [0, 0, 0, 1], "texture": "#0"},
				"west": {"uv": [11, 1, 15.5, 2], "texture": "#0"},
				"up": {"uv": [0, 4.5, 0, 0], "texture": "#0"},
				"down": {"uv": [0, 0, 0, 4.5], "texture": "#0"}
			}
		},
		{
			"from": [3.49, 8, 3.99],
			"to": [10.51, 12.01, 12.01],
			"faces": {
				"north": {"uv": [10, 5, 13.5, 7], "texture": "#0"},
				"east": {"uv": [3, 8.5, 7, 10.5], "texture": "#0"},
				"south": {"uv": [10, 7, 13.5, 9], "texture": "#0"},
				"west": {"uv": [10, 3, 14, 5], "texture": "#0"},
				"up": {"uv": [3.5, 8.5, 0, 4.5], "texture": "#0"},
				"down": {"uv": [7, 4.5, 3.5, 8.5], "texture": "#0"}
			}
		},
		{
			"from": [8.5, 8.1, 6.01],
			"to": [11.5, 10.09, 9.99],
			"faces": {
				"north": {"uv": [13.5, 6, 15, 7], "texture": "#0"},
				"east": {"uv": [2, 13.5, 4, 14.5], "texture": "#0"},
				"south": {"uv": [13.5, 7, 15, 8], "texture": "#0"},
				"west": {"uv": [13.5, 5, 15.5, 6], "texture": "#0"},
				"up": {"uv": [12.5, 15, 11, 13], "texture": "#0"},
				"down": {"uv": [14, 13, 12.5, 15], "texture": "#0"}
			}
		},
		{
			"from": [14.4, -2.9, 6],
			"to": [15.5, 1.1, 10],
			"rotation": {"angle": 45, "axis": "z", "origin": [0, 0, 0]},
			"faces": {
				"north": {"uv": [8, 13.5, 8.5, 15.5], "texture": "#0"},
				"east": {"uv": [6, 12, 8, 14], "texture": "#0"},
				"south": {"uv": [8.5, 13.5, 9, 15.5], "texture": "#0"},
				"west": {"uv": [4, 12.5, 6, 14.5], "texture": "#0"},
				"up": {"uv": [9.5, 15.5, 9, 13.5], "texture": "#0"},
				"down": {"uv": [10, 13.5, 9.5, 15.5], "texture": "#0"}
			}
		},
		{
			"from": [-8, 10.4, 6],
			"to": [-2, 13.5, 10],
			"rotation": {"angle": -45, "axis": "z", "origin": [0, 0, 0]},
			"faces": {
				"north": {"uv": [6, 10.5, 9, 12], "texture": "#0"},
				"east": {"uv": [8, 3, 10, 4.5], "texture": "#0"},
				"south": {"uv": [9, 11, 12, 12.5], "texture": "#0"},
				"west": {"uv": [0, 13.5, 2, 15], "texture": "#0"},
				"up": {"uv": [13, 11, 10, 9], "texture": "#0"},
				"down": {"uv": [6, 10.5, 3, 12.5], "texture": "#0"}
			}
		},
		{
			"from": [1, 11, 5.99],
			"to": [7, 17, 5.99],
			"faces": {
				"north": {"uv": [8, 0, 11, 3], "texture": "#0"},
				"east": {"uv": [0, 0, 0, 3], "texture": "#0"},
				"south": {"uv": [0, 8.5, 3, 11.5], "texture": "#0"},
				"west": {"uv": [0, 0, 0, 3], "texture": "#0"},
				"up": {"uv": [3, 0, 0, 0], "texture": "#0"},
				"down": {"uv": [3, 0, 0, 0], "texture": "#0"}
			}
		}
	],
	"display": {
		"firstperson_righthand": {
			"rotation": [0, 180, 0],
			"translation": [2.75, 0, 0]
		},
		"firstperson_lefthand": {
			"translation": [2.75, 0, 0]
		},
		"gui": {
			"rotation": [20, -115, 0],
			"translation": [0, -5.25, 0],
			"scale": [1.5, 1.5, 1.5]
		},
		"head": {
			"rotation": [5, 90, 0],
			"translation": [0, 4.5, -0.5],
			"scale": [1.8, 1.6, 1.6]
		},
		"fixed": {
			"rotation": [-90, 90, 0],
			"translation": [0, 0, 0.5],
			"scale": [1.6, 1.6, 1.6]
		}
	}
}