{
	"credit": "Made with Blockbench",
	"texture_size": [32, 32],
	"textures": {
		"0": "block/custom/rustycrown",
		"particle": "block/custom/rustycrown"
	},
	"elements": [
		{
			"from": [3, 7, 12],
			"to": [13, 8, 13],
			"faces": {
				"north": {"uv": [5, 3, 10, 3.5], "texture": "#0"},
				"east": {"uv": [2, 7.5, 2.5, 8], "texture": "#0"},
				"south": {"uv": [5, 3.5, 10, 4], "texture": "#0"},
				"west": {"uv": [2.5, 7.5, 3, 8], "texture": "#0"},
				"up": {"uv": [10, 4.5, 5, 4], "texture": "#0"},
				"down": {"uv": [10, 4.5, 5, 5], "texture": "#0"}
			}
		},
		{
			"from": [12, 7, 4],
			"to": [13, 8, 12],
			"faces": {
				"north": {"uv": [3, 7.5, 3.5, 8], "texture": "#0"},
				"east": {"uv": [0, 6.5, 4, 7], "texture": "#0"},
				"south": {"uv": [3.5, 7.5, 4, 8], "texture": "#0"},
				"west": {"uv": [4, 6.5, 8, 7], "texture": "#0"},
				"up": {"uv": [0.5, 11, 0, 7], "texture": "#0"},
				"down": {"uv": [1, 7, 0.5, 11], "texture": "#0"}
			}
		},
		{
			"from": [3, 7, 4],
			"to": [4, 8, 12],
			"faces": {
				"north": {"uv": [4, 7.5, 4.5, 8], "texture": "#0"},
				"east": {"uv": [1, 7, 5, 7.5], "texture": "#0"},
				"south": {"uv": [4.5, 7.5, 5, 8], "texture": "#0"},
				"west": {"uv": [5, 7, 9, 7.5], "texture": "#0"},
				"up": {"uv": [1.5, 11.5, 1, 7.5], "texture": "#0"},
				"down": {"uv": [2, 7.5, 1.5, 11.5], "texture": "#0"}
			}
		},
		{
			"from": [3, 7, 3],
			"to": [13, 8, 4],
			"faces": {
				"north": {"uv": [5, 5, 10, 5.5], "texture": "#0"},
				"east": {"uv": [5, 7.5, 5.5, 8], "texture": "#0"},
				"south": {"uv": [5, 5.5, 10, 6], "texture": "#0"},
				"west": {"uv": [5.5, 7.5, 6, 8], "texture": "#0"},
				"up": {"uv": [5, 6.5, 0, 6], "texture": "#0"},
				"down": {"uv": [10, 6, 5, 6.5], "texture": "#0"}
			}
		},
		{
			"from": [3, 8, 3],
			"to": [13, 11, 3],
			"faces": {
				"north": {"uv": [0, 0, 5, 1.5], "texture": "#0"},
				"east": {"uv": [0, 0, 0, 1.5], "texture": "#0"},
				"south": {"uv": [0, 1.5, 5, 3], "texture": "#0"},
				"west": {"uv": [0, 0, 0, 1.5], "texture": "#0"},
				"up": {"uv": [5, 0, 0, 0], "texture": "#0"},
				"down": {"uv": [5, 0, 0, 0], "texture": "#0"}
			}
		},
		{
			"from": [3, 8, 13],
			"to": [13, 10, 13],
			"faces": {
				"north": {"uv": [0, 3, 5, 4], "texture": "#0"},
				"east": {"uv": [0, 0, 0, 1], "texture": "#0"},
				"south": {"uv": [0, 4, 5, 5], "texture": "#0"},
				"west": {"uv": [0, 0, 0, 1], "texture": "#0"},
				"up": {"uv": [5, 0, 0, 0], "texture": "#0"},
				"down": {"uv": [5, 0, 0, 0], "texture": "#0"}
			}
		},
		{
			"from": [3, 8, 3],
			"to": [3, 10, 13],
			"faces": {
				"north": {"uv": [0, 0, 0, 1], "texture": "#0"},
				"east": {"uv": [0, 5, 5, 6], "texture": "#0"},
				"south": {"uv": [0, 0, 0, 1], "texture": "#0"},
				"west": {"uv": [5, 0, 10, 1], "texture": "#0"},
				"up": {"uv": [0, 5, 0, 0], "texture": "#0"},
				"down": {"uv": [0, 0, 0, 5], "texture": "#0"}
			}
		},
		{
			"from": [13, 8, 3],
			"to": [13, 10, 13],
			"faces": {
				"north": {"uv": [0, 0, 0, 1], "texture": "#0"},
				"east": {"uv": [5, 1, 10, 2], "texture": "#0"},
				"south": {"uv": [0, 0, 0, 1], "texture": "#0"},
				"west": {"uv": [5, 2, 10, 3], "texture": "#0"},
				"up": {"uv": [0, 5, 0, 0], "texture": "#0"},
				"down": {"uv": [0, 0, 0, 5], "texture": "#0"}
			}
		}
	],
	"gui_light": "front",
	"display": {
		"thirdperson_righthand": {
			"translation": [0, 0.5, 0]
		},
		"thirdperson_lefthand": {
			"translation": [0, 0.5, 0]
		},
		"gui": {
			"rotation": [15, -15, 0],
			"translation": [0, -0.75, 0]
		},
		"head": {
			"rotation": [5, 3, 5],
			"translation": [-0.75, 6.5, -2.25],
			"scale": [0.9, 0.97422, 0.9]
		},
		"fixed": {
			"rotation": [-90, 0, 0]
		}
	}
}