{
	"credit": "Made with Blockbench",
	"texture_size": [64, 64],
	"textures": {
		"0": "block/custom/scamhat",
		"particle": "block/custom/scamhat"
	},
	"elements": [
		{
			"from": [3.79, 4, 4],
			"to": [3.79, 8, 12.2],
			"faces": {
				"north": {"uv": [0, 0, 0, 1], "texture": "#0"},
				"east": {"uv": [2.25, 5.75, 4.3125, 6.75], "texture": "#0"},
				"south": {"uv": [0, 0, 0, 1], "texture": "#0"},
				"west": {"uv": [0, 6, 2.0625, 7], "texture": "#0"},
				"up": {"uv": [0, 2.0625, 0, 0], "texture": "#0"},
				"down": {"uv": [0, 0, 0, 2.0625], "texture": "#0"}
			}
		},
		{
			"from": [3.8, 4, 12.21],
			"to": [12.2, 8, 12.21],
			"faces": {
				"north": {"uv": [5, 4.25, 7.125, 5.25], "texture": "#0"},
				"east": {"uv": [0, 0, 0, 1], "texture": "#0"},
				"south": {"uv": [5, 5.25, 7.125, 6.25], "texture": "#0"},
				"west": {"uv": [0, 0, 0, 1], "texture": "#0"},
				"up": {"uv": [2.125, 0, 0, 0], "texture": "#0"},
				"down": {"uv": [2.125, 0, 0, 0], "texture": "#0"}
			}
		},
		{
			"from": [12.21, 4, 4],
			"to": [12.21, 8, 12.2],
			"faces": {
				"north": {"uv": [0, 0, 0, 1], "texture": "#0"},
				"east": {"uv": [4.5, 6.25, 6.5625, 7.25], "texture": "#0"},
				"south": {"uv": [0, 0, 0, 1], "texture": "#0"},
				"west": {"uv": [2.25, 6.75, 4.3125, 7.75], "texture": "#0"},
				"up": {"uv": [0, 2.0625, 0, 0], "texture": "#0"},
				"down": {"uv": [0, 0, 0, 2.0625], "texture": "#0"}
			}
		},
		{
			"from": [3, 8, 3],
			"to": [13, 10, 13],
			"faces": {
				"north": {"uv": [7, 1.25, 9.5, 1.75], "texture": "#0"},
				"east": {"uv": [7, 1.75, 9.5, 2.25], "texture": "#0"},
				"south": {"uv": [7, 2.25, 9.5, 2.75], "texture": "#0"},
				"west": {"uv": [7, 2.75, 9.5, 3.25], "texture": "#0"},
				"up": {"uv": [2.5, 2.5, 0, 0], "texture": "#0"},
				"down": {"uv": [2.5, 2.5, 0, 5], "texture": "#0"}
			}
		},
		{
			"from": [3.5, 10, 3.5],
			"to": [12.5, 14, 12.5],
			"faces": {
				"north": {"uv": [4.75, 1.25, 7, 2.25], "texture": "#0"},
				"east": {"uv": [4.75, 2.25, 7, 3.25], "texture": "#0"},
				"south": {"uv": [4.75, 3.25, 7, 4.25], "texture": "#0"},
				"west": {"uv": [0, 5, 2.25, 6], "texture": "#0"},
				"up": {"uv": [4.75, 2.25, 2.5, 0], "texture": "#0"},
				"down": {"uv": [4.75, 2.25, 2.5, 4.5], "texture": "#0"}
			}
		},
		{
			"from": [6.5, 10, 3],
			"to": [9.5, 14.25, 13],
			"faces": {
				"north": {"uv": [0.75, 7, 1.5, 8.0625], "texture": "#0"},
				"east": {"uv": [2.5, 4.5, 5, 5.5625], "texture": "#0"},
				"south": {"uv": [1.5, 7, 2.25, 8.0625], "texture": "#0"},
				"west": {"uv": [4.75, 0, 7.25, 1.0625], "texture": "#0"},
				"up": {"uv": [7.5, 8.75, 6.75, 6.25], "texture": "#0"},
				"down": {"uv": [0.75, 7, 0, 9.5], "texture": "#0"}
			}
		}
	],
	"display": {
		"gui": {
			"rotation": [15, -30, 0],
			"translation": [0, -2.25, 0],
			"scale": [1.2, 1.2, 1.2]
		},
		"head": {
			"rotation": [10, 0, 0],
			"translation": [0, 0, -1],
			"scale": [1.6, 1.6, 1.6]
		},
		"fixed": {
			"rotation": [-90, 0, 0],
			"scale": [2, 2, 2]
		}
	}
}