{
	"credit": "Made with Blockbench",
	"texture_size": [128, 128],
	"textures": {
		"0": "block/custom/shrek",
		"particle": "block/custom/shrek"
	},
	"elements": [
		{
			"from": [2, 9, 1.25],
			"to": [14, 19, 13.25],
			"rotation": {"angle": 0, "axis": "y", "origin": [8, 10.05709, 5]},
			"faces": {
				"north": {"uv": [1.5, 1.5, 3, 2.75], "texture": "#0"},
				"east": {"uv": [0, 1.5, 1.5, 2.75], "texture": "#0"},
				"south": {"uv": [4.5, 1.5, 6, 2.75], "texture": "#0"},
				"west": {"uv": [3, 1.5, 4.5, 2.75], "texture": "#0"},
				"up": {"uv": [3, 1.5, 1.5, 0], "texture": "#0"},
				"down": {"uv": [4.5, 0, 3, 1.5], "texture": "#0"}
			}
		},
		{
			"from": [-3.43589, 11.33287, 8.25],
			"to": [1.56411, 13.33287, 10.25],
			"rotation": {"angle": -22.5, "axis": "z", "origin": [8, 10.05709, 5]},
			"faces": {
				"north": {"uv": [4, 5.875, 4.625, 6.125], "texture": "#0"},
				"east": {"uv": [3.75, 5.875, 4, 6.125], "texture": "#0"},
				"south": {"uv": [4.875, 5.875, 5.5, 6.125], "texture": "#0"},
				"west": {"uv": [4.625, 5.875, 4.875, 6.125], "texture": "#0"},
				"up": {"uv": [4.625, 5.875, 4, 5.625], "texture": "#0"},
				"down": {"uv": [5.25, 5.625, 4.625, 5.875], "texture": "#0"}
			}
		},
		{
			"from": [14.43589, 11.33287, 8.25],
			"to": [19.43589, 13.33287, 10.25],
			"rotation": {"angle": 22.5, "axis": "z", "origin": [8, 10.05709, 5]},
			"faces": {
				"north": {"uv": [2.25, 5.875, 2.875, 6.125], "texture": "#0"},
				"east": {"uv": [2, 5.875, 2.25, 6.125], "texture": "#0"},
				"south": {"uv": [3.125, 5.875, 3.75, 6.125], "texture": "#0"},
				"west": {"uv": [2.875, 5.875, 3.125, 6.125], "texture": "#0"},
				"up": {"uv": [2.875, 5.875, 2.25, 5.625], "texture": "#0"},
				"down": {"uv": [3.5, 5.625, 2.875, 5.875], "texture": "#0"}
			}
		},
		{
			"from": [17.65642, 14.72731, 7.25],
			"to": [18.65642, 18.72731, 11.25],
			"rotation": {"angle": 22.5, "axis": "y", "origin": [18.15642, 16.72731, 9.25]},
			"faces": {
				"north": {"uv": [0.5, 3.25, 0.625, 3.75], "texture": "#0"},
				"east": {"uv": [0, 3.25, 0.5, 3.75], "texture": "#0"},
				"south": {"uv": [1.125, 3.25, 1.25, 3.75], "texture": "#0"},
				"west": {"uv": [0.625, 3.25, 1.125, 3.75], "texture": "#0"},
				"up": {"uv": [0.625, 3.25, 0.5, 2.75], "texture": "#0"},
				"down": {"uv": [0.75, 2.75, 0.625, 3.25], "texture": "#0"}
			}
		},
		{
			"from": [-2.65642, 14.72731, 7.25],
			"to": [-1.65642, 18.72731, 11.25],
			"rotation": {"angle": -22.5, "axis": "y", "origin": [-2.15642, 16.72731, 9.25]},
			"faces": {
				"north": {"uv": [0.5, 0.5, 0.625, 1], "texture": "#0"},
				"east": {"uv": [0, 0.5, 0.5, 1], "texture": "#0"},
				"south": {"uv": [1.125, 0.5, 1.25, 1], "texture": "#0"},
				"west": {"uv": [0.625, 0.5, 1.125, 1], "texture": "#0"},
				"up": {"uv": [0.625, 0.5, 0.5, 0], "texture": "#0"},
				"down": {"uv": [0.75, 0, 0.625, 0.5], "texture": "#0"}
			}
		},
		{
			"from": [2, 4, 3.25],
			"to": [14, 9, 13.25],
			"rotation": {"angle": 0, "axis": "y", "origin": [8, 10.05709, 5]},
			"faces": {
				"north": {"uv": [1.25, 4, 2.75, 4.625], "texture": "#0"},
				"east": {"uv": [0, 4, 1.25, 4.625], "texture": "#0"},
				"south": {"uv": [4, 4, 5.5, 4.625], "texture": "#0"},
				"west": {"uv": [2.75, 4, 4, 4.625], "texture": "#0"},
				"up": {"uv": [2.75, 4, 1.25, 2.75], "texture": "#0"},
				"down": {"uv": [4.25, 2.75, 2.75, 4], "texture": "#0"}
			}
		},
		{
			"from": [5.5, 10, -0.75],
			"to": [10.5, 13, 2.25],
			"rotation": {"angle": 0, "axis": "y", "origin": [8, 10.05709, 5]},
			"faces": {
				"north": {"uv": [0.375, 6, 1, 6.375], "texture": "#0"},
				"east": {"uv": [0, 6, 0.375, 6.375], "texture": "#0"},
				"south": {"uv": [1.375, 6, 2, 6.375], "texture": "#0"},
				"west": {"uv": [1, 6, 1.375, 6.375], "texture": "#0"},
				"up": {"uv": [1, 6, 0.375, 5.625], "texture": "#0"},
				"down": {"uv": [1.625, 5.625, 1, 6], "texture": "#0"}
			}
		},
		{
			"from": [1.75, 4.55255, -1.05519],
			"to": [14.25, 6.55255, 3.94481],
			"rotation": {"angle": -22.5, "axis": "x", "origin": [8, 10.05709, 5]},
			"faces": {
				"north": {"uv": [4.875, 3.375, 6.375, 3.625], "texture": "#0"},
				"east": {"uv": [4.25, 3.375, 4.875, 3.625], "texture": "#0"},
				"south": {"uv": [7, 3.375, 8.5, 3.625], "texture": "#0"},
				"west": {"uv": [6.375, 3.375, 7, 3.625], "texture": "#0"},
				"up": {"uv": [6.375, 3.375, 4.875, 2.75], "texture": "#0"},
				"down": {"uv": [7.875, 2.75, 6.375, 3.375], "texture": "#0"}
			}
		},
		{
			"from": [3, 6.55255, -0.80519],
			"to": [13, 8.55255, 5.19481],
			"rotation": {"angle": -22.5, "axis": "x", "origin": [8, 10.05709, 5]},
			"faces": {
				"north": {"uv": [0.75, 5.375, 2, 5.625], "texture": "#0"},
				"east": {"uv": [0, 5.375, 0.75, 5.625], "texture": "#0"},
				"south": {"uv": [2.75, 5.375, 4, 5.625], "texture": "#0"},
				"west": {"uv": [2, 5.375, 2.75, 5.625], "texture": "#0"},
				"up": {"uv": [2, 5.375, 0.75, 4.625], "texture": "#0"},
				"down": {"uv": [3.25, 4.625, 2, 5.375], "texture": "#0"}
			}
		},
		{
			"from": [2.25, 7.24709, 1.0751],
			"to": [13.75, 10.24709, 7.0751],
			"rotation": {"angle": 22.5, "axis": "x", "origin": [8, 10.05709, 5]},
			"faces": {
				"north": {"uv": [5.25, 0.75, 6.625, 1.125], "texture": "#0"},
				"east": {"uv": [4.5, 0.75, 5.25, 1.125], "texture": "#0"},
				"south": {"uv": [7.375, 0.75, 8.75, 1.125], "texture": "#0"},
				"west": {"uv": [6.625, 0.75, 7.375, 1.125], "texture": "#0"},
				"up": {"uv": [6.625, 0.75, 5.25, 0], "texture": "#0"},
				"down": {"uv": [8, 0, 6.625, 0.75], "texture": "#0"}
			}
		}
	],
	"display": {
		"thirdperson_righthand": {
			"scale": [0.5, 0.5, 0.5]
		},
		"thirdperson_lefthand": {
			"scale": [0.5, 0.5, 0.5]
		},
		"firstperson_righthand": {
			"scale": [0.5, 0.5, 0.5]
		},
		"firstperson_lefthand": {
			"scale": [0.5, 0.5, 0.5]
		},
		"gui": {
			"rotation": [30, -135, 0],
			"translation": [0, -3.5, 0],
			"scale": [0.9, 0.9, 0.9]
		},
		"head": {
			"scale": [1.6, 1.6, 1.6]
		},
		"fixed": {
			"translation": [0, -2.75, -2]
		}
	}
}