{
	"credit": "Made with Blockbench",
	"textures": {
		"0": "block/custom/smolhat",
		"particle": "block/custom/smolhat"
	},
	"elements": [
		{
			"from": [7, 7.01, 6],
			"to": [10, 11.01, 9],
			"faces": {
				"north": {"uv": [7, 0, 10, 4], "texture": "#0"},
				"east": {"uv": [7, 4, 10, 8], "texture": "#0"},
				"south": {"uv": [7, 8, 10, 12], "texture": "#0"},
				"west": {"uv": [10, 0, 13, 4], "texture": "#0"},
				"up": {"uv": [13, 7, 10, 4], "texture": "#0"},
				"down": {"uv": [13, 7, 10, 10], "texture": "#0"}
			}
		},
		{
			"from": [5, 7, 4],
			"to": [12, 7, 11],
			"faces": {
				"north": {"uv": [0, 0, 7, 0], "texture": "#0"},
				"east": {"uv": [0, 0, 7, 0], "texture": "#0"},
				"south": {"uv": [0, 0, 7, 0], "texture": "#0"},
				"west": {"uv": [0, 0, 7, 0], "texture": "#0"},
				"up": {"uv": [7, 7, 0, 0], "texture": "#0"},
				"down": {"uv": [7, 7, 0, 14], "texture": "#0"}
			}
		}
	],
	"display": {
		"thirdperson_righthand": {
			"translation": [0, 4.25, 0],
			"scale": [3, 3, 3]
		},
		"thirdperson_lefthand": {
			"translation": [0, 4.25, 0],
			"scale": [3, 3, 3]
		},
		"firstperson_righthand": {
			"translation": [1.5, 2, 0],
			"scale": [2, 2, 2]
		},
		"firstperson_lefthand": {
			"translation": [1.5, 2, 0],
			"scale": [2, 2, 2]
		},
		"head": {
			"rotation": [30, 0, 25],
			"translation": [-6, 6.5, 7]
		}
	}
}