{
	"credit": "Made with Blockbench",
	"texture_size": [64, 64],
	"textures": {
		"1": "block/custom/smurf_cat"
	},
	"elements": [
		{
			"from": [5.75, -3.0245, 4.23284],
			"to": [7.25, -0.0245, 5.73284],
			"rotation": {"angle": 22.5, "axis": "x", "origin": [1.25, -5.0245, -2.26716]},
			"faces": {
				"north": {"uv": [3.5, 9.75, 3.875, 10.5], "texture": "#1"},
				"east": {"uv": [3.25, 11.25, 3.625, 12], "texture": "#1"},
				"south": {"uv": [3.75, 11.25, 4.125, 12], "texture": "#1"},
				"west": {"uv": [4.25, 11.25, 4.625, 12], "texture": "#1"},
				"up": {"uv": [8.375, 12.125, 8, 11.75], "texture": "#1"},
				"down": {"uv": [12.125, 8.5, 11.75, 8.875], "texture": "#1"}
			}
		},
		{
			"from": [5.75, -5.69075, 3.12493],
			"to": [7.25, -4.19075, 6.12493],
			"rotation": {"angle": -22.5, "axis": "x", "origin": [1.25, 2.80925, 1.12493]},
			"faces": {
				"north": {"uv": [11.75, 10.25, 12.125, 10.625], "texture": "#1"},
				"east": {"uv": [11.5, 0.75, 12.25, 1.125], "texture": "#1"},
				"south": {"uv": [10.5, 11.75, 10.875, 12.125], "texture": "#1"},
				"west": {"uv": [11.5, 1.25, 12.25, 1.625], "texture": "#1"},
				"up": {"uv": [11.875, 3.75, 11.5, 3], "texture": "#1"},
				"down": {"uv": [11.875, 3.75, 11.5, 4.5], "texture": "#1"}
			}
		},
		{
			"from": [5.5, -7.32268, -0.71342],
			"to": [7.5, -5.32268, 3.28658],
			"rotation": {"angle": 22.5, "axis": "x", "origin": [2, -12.32268, 2.28658]},
			"faces": {
				"north": {"uv": [11.5, 4.5, 12, 5], "texture": "#1"},
				"east": {"uv": [7.75, 10.75, 8.75, 11.25], "texture": "#1"},
				"south": {"uv": [11.5, 5, 12, 5.5], "texture": "#1"},
				"west": {"uv": [8.75, 10.75, 9.75, 11.25], "texture": "#1"},
				"up": {"uv": [10.25, 11.75, 9.75, 10.75], "texture": "#1"},
				"down": {"uv": [10.75, 10.75, 10.25, 11.75], "texture": "#1"}
			}
		},
		{
			"from": [8.5, -6.29016, 7.9591],
			"to": [10, -4.79016, 10.9591],
			"rotation": {"angle": -22.5, "axis": "x", "origin": [9.375, -4.58799, 9.50212]},
			"faces": {
				"north": {"uv": [11.75, 9, 12.125, 9.375], "texture": "#1"},
				"east": {"uv": [4.75, 11.25, 5.5, 11.625], "texture": "#1"},
				"south": {"uv": [9.5, 11.75, 9.875, 12.125], "texture": "#1"},
				"west": {"uv": [7.75, 11.25, 8.5, 11.625], "texture": "#1"},
				"up": {"uv": [11.625, 8.5, 11.25, 7.75], "texture": "#1"},
				"down": {"uv": [8.875, 11.25, 8.5, 12], "texture": "#1"}
			}
		},
		{
			"from": [8.25, -8.59305, 11.11754],
			"to": [10.25, -4.59305, 13.11754],
			"rotation": {"angle": -22.5, "axis": "x", "origin": [9.625, -4.88772, 10.07679]},
			"faces": {
				"north": {"uv": [10.75, 10.75, 11.25, 11.75], "texture": "#1"},
				"east": {"uv": [0, 11, 0.5, 12], "texture": "#1"},
				"south": {"uv": [0.5, 11, 1, 12], "texture": "#1"},
				"west": {"uv": [1, 11, 1.5, 12], "texture": "#1"},
				"up": {"uv": [12, 6, 11.5, 5.5], "texture": "#1"},
				"down": {"uv": [7.5, 11.5, 7, 12], "texture": "#1"}
			}
		},
		{
			"from": [8.5, -4.33863, 7.92654],
			"to": [10, -1.33863, 9.42654],
			"rotation": {"angle": -22.5, "axis": "x", "origin": [9.375, -4.28041, 10.62082]},
			"faces": {
				"north": {"uv": [9, 11.25, 9.375, 12], "texture": "#1"},
				"east": {"uv": [11.25, 10.25, 11.625, 11], "texture": "#1"},
				"south": {"uv": [11.25, 11, 11.625, 11.75], "texture": "#1"},
				"west": {"uv": [11.5, 0, 11.875, 0.75], "texture": "#1"},
				"up": {"uv": [12.125, 9.875, 11.75, 9.5], "texture": "#1"},
				"down": {"uv": [10.375, 11.75, 10, 12.125], "texture": "#1"}
			}
		},
		{
			"from": [5.5, -3.10328, 5.5],
			"to": [10.5, 1.89672, 10.5],
			"rotation": {"angle": 0, "axis": "y", "origin": [1.5, -8.10328, -1.5]},
			"faces": {
				"north": {"uv": [2, 6.5, 3.25, 7.75], "texture": "#1"},
				"east": {"uv": [8.25, 2, 9.5, 3.25], "texture": "#1"},
				"south": {"uv": [8.25, 3.25, 9.5, 4.5], "texture": "#1"},
				"west": {"uv": [0, 8.5, 1.25, 9.75], "texture": "#1"},
				"up": {"uv": [7, 9.75, 5.75, 8.5], "texture": "#1"},
				"down": {"uv": [8.25, 8.5, 7, 9.75], "texture": "#1"}
			}
		},
		{
			"from": [6, 1.89672, 6],
			"to": [10, 4.89672, 10],
			"rotation": {"angle": 0, "axis": "y", "origin": [1, -8.10328, -2]},
			"faces": {
				"north": {"uv": [0, 10.25, 1, 11], "texture": "#1"},
				"east": {"uv": [1, 10.25, 2, 11], "texture": "#1"},
				"south": {"uv": [10.25, 7.75, 11.25, 8.5], "texture": "#1"},
				"west": {"uv": [2, 10.5, 3, 11.25], "texture": "#1"},
				"up": {"uv": [7, 5.5, 6, 4.5], "texture": "#1"},
				"down": {"uv": [5, 9.5, 4, 10.5], "texture": "#1"}
			}
		},
		{
			"from": [4.08579, 0.2754, 7.5],
			"to": [5.08579, 5.2754, 8.5],
			"rotation": {"angle": -45, "axis": "z", "origin": [4.58579, 2.7754, 6]},
			"faces": {
				"north": {"uv": [1.75, 8.5, 2, 9.75], "texture": "#1"},
				"east": {"uv": [1.5, 11, 1.75, 12.25], "texture": "#1"},
				"south": {"uv": [1.75, 11, 2, 12.25], "texture": "#1"},
				"west": {"uv": [2, 11.25, 2.25, 12.5], "texture": "#1"},
				"up": {"uv": [11.75, 6.25, 11.5, 6], "texture": "#1"},
				"down": {"uv": [7.75, 11.5, 7.5, 11.75], "texture": "#1"}
			}
		},
		{
			"from": [10.91421, 0.2754, 7.5],
			"to": [11.91421, 5.2754, 8.5],
			"rotation": {"angle": 45, "axis": "z", "origin": [11.41421, 2.7754, 6]},
			"faces": {
				"north": {"uv": [2.25, 11.25, 2.5, 12.5], "texture": "#1"},
				"east": {"uv": [2.5, 11.25, 2.75, 12.5], "texture": "#1"},
				"south": {"uv": [2.75, 11.25, 3, 12.5], "texture": "#1"},
				"west": {"uv": [3, 11.25, 3.25, 12.5], "texture": "#1"},
				"up": {"uv": [9.75, 11.75, 9.5, 11.5], "texture": "#1"},
				"down": {"uv": [5.5, 11.75, 5.25, 12], "texture": "#1"}
			}
		},
		{
			"from": [7, 4.89672, 7],
			"to": [9, 5.89672, 9],
			"rotation": {"angle": 0, "axis": "y", "origin": [1, -8.10328, -3]},
			"faces": {
				"north": {"uv": [11.75, 10.75, 12.25, 11], "texture": "#1"},
				"east": {"uv": [11, 11.75, 11.5, 12], "texture": "#1"},
				"south": {"uv": [11.75, 11, 12.25, 11.25], "texture": "#1"},
				"west": {"uv": [11.75, 11.25, 12.25, 11.5], "texture": "#1"},
				"up": {"uv": [5.25, 12.25, 4.75, 11.75], "texture": "#1"},
				"down": {"uv": [12.25, 6, 11.75, 6.5], "texture": "#1"}
			}
		},
		{
			"from": [4, 5.89672, 4],
			"to": [12, 8.89672, 12],
			"rotation": {"angle": 0, "axis": "y", "origin": [1, -9.10328, -3]},
			"faces": {
				"north": {"uv": [9.5, 3.25, 11.5, 4], "texture": "#1"},
				"east": {"uv": [9.5, 4, 11.5, 4.75], "texture": "#1"},
				"south": {"uv": [9.5, 4.75, 11.5, 5.5], "texture": "#1"},
				"west": {"uv": [9.5, 5.5, 11.5, 6.25], "texture": "#1"},
				"up": {"uv": [2, 8.5, 0, 6.5], "texture": "#1"},
				"down": {"uv": [4, 7.75, 2, 9.75], "texture": "#1"}
			}
		},
		{
			"from": [5.5, 6.89672, 2],
			"to": [10.5, 8.89672, 4],
			"rotation": {"angle": 0, "axis": "y", "origin": [0.5, -9.10328, -3]},
			"faces": {
				"north": {"uv": [10.75, 2, 12, 2.5], "texture": "#1"},
				"east": {"uv": [11.75, 6.5, 12.25, 7], "texture": "#1"},
				"south": {"uv": [10.75, 2.5, 12, 3], "texture": "#1"},
				"west": {"uv": [11.75, 7, 12.25, 7.5], "texture": "#1"},
				"up": {"uv": [4.25, 11.25, 3, 10.75], "texture": "#1"},
				"down": {"uv": [5.5, 10.75, 4.25, 11.25], "texture": "#1"}
			}
		},
		{
			"from": [7, 7.59672, 1.4],
			"to": [9, 12.59672, 3.4],
			"rotation": {"angle": 22.5, "axis": "x", "origin": [8, 7.89672, 3]},
			"faces": {
				"north": {"uv": [1.25, 8.5, 1.75, 9.75], "texture": "#1"},
				"east": {"uv": [5.5, 10.75, 6, 12], "texture": "#1"},
				"south": {"uv": [6, 10.75, 6.5, 12], "texture": "#1"},
				"west": {"uv": [6.5, 10.75, 7, 12], "texture": "#1"},
				"up": {"uv": [8, 12.25, 7.5, 11.75], "texture": "#1"},
				"down": {"uv": [12.25, 7.5, 11.75, 8], "texture": "#1"}
			}
		},
		{
			"from": [6.5, 5.89672, 3],
			"to": [9.5, 6.89672, 4],
			"rotation": {"angle": 0, "axis": "y", "origin": [0.5, -9.10328, -3]},
			"faces": {
				"north": {"uv": [7, 5.25, 7.75, 5.5], "texture": "#1"},
				"east": {"uv": [2, 10.25, 2.25, 10.5], "texture": "#1"},
				"south": {"uv": [5, 9.5, 5.75, 9.75], "texture": "#1"},
				"west": {"uv": [9.5, 11.25, 9.75, 11.5], "texture": "#1"},
				"up": {"uv": [9.5, 10, 8.75, 9.75], "texture": "#1"},
				"down": {"uv": [11.25, 10.25, 10.5, 10.5], "texture": "#1"}
			}
		},
		{
			"from": [3.5, 8.89672, 3.5],
			"to": [12.5, 11.89672, 12.5],
			"rotation": {"angle": 0, "axis": "y", "origin": [1.5, -9.10328, -2.5]},
			"faces": {
				"north": {"uv": [5.75, 7.75, 8, 8.5], "texture": "#1"},
				"east": {"uv": [7.75, 6.25, 10, 7], "texture": "#1"},
				"south": {"uv": [7.75, 7, 10, 7.75], "texture": "#1"},
				"west": {"uv": [8, 7.75, 10.25, 8.5], "texture": "#1"},
				"up": {"uv": [5.5, 7.75, 3.25, 5.5], "texture": "#1"},
				"down": {"uv": [7.75, 5.5, 5.5, 7.75], "texture": "#1"}
			}
		},
		{
			"from": [1.5, 11.89672, 1.5],
			"to": [14.5, 13.89672, 14.5],
			"rotation": {"angle": 0, "axis": "y", "origin": [3.5, -9.10328, -0.5]},
			"faces": {
				"north": {"uv": [8.25, 0, 11.5, 0.5], "texture": "#1"},
				"east": {"uv": [8.25, 0.5, 11.5, 1], "texture": "#1"},
				"south": {"uv": [8.25, 1, 11.5, 1.5], "texture": "#1"},
				"west": {"uv": [8.25, 1.5, 11.5, 2], "texture": "#1"},
				"up": {"uv": [3.25, 3.25, 0, 0], "texture": "#1"},
				"down": {"uv": [3.25, 3.25, 0, 6.5], "texture": "#1"}
			}
		},
		{
			"from": [2.5, 13.89672, 2.5],
			"to": [13.5, 14.89672, 13.5],
			"rotation": {"angle": 0, "axis": "y", "origin": [2.5, -9.10328, -1.5]},
			"faces": {
				"north": {"uv": [3, 10.5, 5.75, 10.75], "texture": "#1"},
				"east": {"uv": [5.75, 10.5, 8.5, 10.75], "texture": "#1"},
				"south": {"uv": [8.5, 10.5, 11.25, 10.75], "texture": "#1"},
				"west": {"uv": [10.5, 10, 13.25, 10.25], "texture": "#1"},
				"up": {"uv": [6, 2.75, 3.25, 0], "texture": "#1"},
				"down": {"uv": [6, 2.75, 3.25, 5.5], "texture": "#1"}
			}
		},
		{
			"from": [3.5, 14.89672, 3.5],
			"to": [12.5, 16.89672, 12.5],
			"rotation": {"angle": 0, "axis": "y", "origin": [1.5, -9.10328, -2.5]},
			"faces": {
				"north": {"uv": [9.5, 8.5, 11.75, 9], "texture": "#1"},
				"east": {"uv": [9.5, 9, 11.75, 9.5], "texture": "#1"},
				"south": {"uv": [9.5, 9.5, 11.75, 10], "texture": "#1"},
				"west": {"uv": [0, 9.75, 2.25, 10.25], "texture": "#1"},
				"up": {"uv": [8.25, 2.25, 6, 0], "texture": "#1"},
				"down": {"uv": [8.25, 2.25, 6, 4.5], "texture": "#1"}
			}
		},
		{
			"from": [4.5, 16.89672, 4.5],
			"to": [11.5, 18.89672, 11.5],
			"rotation": {"angle": 0, "axis": "y", "origin": [0.5, -9.10328, -3.5]},
			"faces": {
				"north": {"uv": [10, 6.25, 11.75, 6.75], "texture": "#1"},
				"east": {"uv": [10, 6.75, 11.75, 7.25], "texture": "#1"},
				"south": {"uv": [10, 7.25, 11.75, 7.75], "texture": "#1"},
				"west": {"uv": [8.75, 10, 10.5, 10.5], "texture": "#1"},
				"up": {"uv": [5.75, 9.5, 4, 7.75], "texture": "#1"},
				"down": {"uv": [9.5, 4.5, 7.75, 6.25], "texture": "#1"}
			}
		},
		{
			"from": [5.5, 18.89672, 5.5],
			"to": [10.5, 21.89672, 10.5],
			"rotation": {"angle": 0, "axis": "y", "origin": [1.5, -9.10328, -4.5]},
			"faces": {
				"north": {"uv": [2.25, 9.75, 3.5, 10.5], "texture": "#1"},
				"east": {"uv": [5, 9.75, 6.25, 10.5], "texture": "#1"},
				"south": {"uv": [6.25, 9.75, 7.5, 10.5], "texture": "#1"},
				"west": {"uv": [7.5, 9.75, 8.75, 10.5], "texture": "#1"},
				"up": {"uv": [9.5, 9.75, 8.25, 8.5], "texture": "#1"},
				"down": {"uv": [10.75, 2, 9.5, 3.25], "texture": "#1"}
			}
		},
		{
			"from": [6.5, 21.89672, 6.5],
			"to": [9.5, 22.89672, 9.5],
			"rotation": {"angle": 0, "axis": "y", "origin": [1.5, -9.10328, -4.5]},
			"faces": {
				"north": {"uv": [10.75, 3, 11.5, 3.25], "texture": "#1"},
				"east": {"uv": [11.5, 1.75, 12.25, 2], "texture": "#1"},
				"south": {"uv": [11.75, 8, 12.5, 8.25], "texture": "#1"},
				"west": {"uv": [11.75, 8.25, 12.5, 8.5], "texture": "#1"},
				"up": {"uv": [7.75, 5.25, 7, 4.5], "texture": "#1"},
				"down": {"uv": [7.75, 10.75, 7, 11.5], "texture": "#1"}
			}
		}
	],
	"display": {
		"thirdperson_righthand": {
			"translation": [0, 1, -0.5],
			"scale": [0.5, 0.5, 0.5]
		},
		"thirdperson_lefthand": {
			"translation": [0, 1, -0.5],
			"scale": [0.5, 0.5, 0.5]
		},
		"firstperson_righthand": {
			"rotation": [-28, 120, 17],
			"translation": [2.25, 4.75, 0],
			"scale": [0.3, 0.3, 0.3]
		},
		"firstperson_lefthand": {
			"rotation": [-28, 120, 17],
			"translation": [2.25, 4.75, 0],
			"scale": [0.3, 0.3, 0.3]
		},
		"ground": {
			"translation": [0, 12.75, 0]
		},
		"gui": {
			"rotation": [-9, 150, 0],
			"translation": [0, 0.25, 0],
			"scale": [0.5, 0.5, 0.5]
		},
		"head": {
			"translation": [0, -0.25, 0],
			"scale": [3, 3, 3]
		},
		"fixed": {
			"scale": [0.65, 0.65, 0.65]
		}
	}
}