{
	"credit": "Made with Blockbench",
	"texture_size": [64, 64],
	"textures": {
		"0": "block/custom/sombrero",
		"particle": "block/custom/sombrero"
	},
	"elements": [
		{
			"from": [5.01, 16.1, 5.01],
			"to": [11, 16.1, 11],
			"rotation": {"angle": 0, "axis": "y", "origin": [0, 0.1, 0]},
			"faces": {
				"north": {"uv": [4, 0, 5.5, 2.5], "texture": "#0"},
				"east": {"uv": [4, 2.5, 5.5, 5], "texture": "#0"},
				"south": {"uv": [4, 5, 5.5, 7.5], "texture": "#0"},
				"west": {"uv": [5.5, 0, 7, 2.5], "texture": "#0"},
				"up": {"uv": [5.5, 11, 4, 9.5], "texture": "#0"},
				"down": {"uv": [11.5, 3, 10, 4.5], "texture": "#0"}
			}
		},
		{
			"from": [11.5, 9, 5],
			"to": [17.5, 16.8, 11],
			"rotation": {"angle": 22.5, "axis": "z", "origin": [16, 0.1, 0]},
			"faces": {
				"north": {"uv": [5.5, 2.5, 7, 4.5], "texture": "#0"},
				"east": {"uv": [5.5, 4.5, 7, 6.5], "texture": "#0"},
				"south": {"uv": [5.5, 6.5, 7, 8.5], "texture": "#0"},
				"up": {"uv": [11.5, 6, 10, 4.5], "texture": "#0"}
			}
		},
		{
			"from": [-1.5, 9, 5],
			"to": [4.5, 16.8, 11],
			"rotation": {"angle": -22.5, "axis": "z", "origin": [0, 0.1, 0]},
			"faces": {
				"north": {"uv": [7, 2, 8.5, 4], "texture": "#0"},
				"south": {"uv": [7, 6, 8.5, 8], "texture": "#0"},
				"west": {"uv": [4, 7.5, 5.5, 9.5], "texture": "#0"},
				"up": {"uv": [8.5, 11.5, 7, 10], "texture": "#0"}
			}
		},
		{
			"from": [5, 9, -1.5],
			"to": [11, 16.8, 4.5],
			"rotation": {"angle": 22.5, "axis": "x", "origin": [0, 0.1, 0]},
			"faces": {
				"north": {"uv": [0, 8, 1.5, 10], "texture": "#0"},
				"east": {"uv": [1.5, 8, 3, 10], "texture": "#0"},
				"west": {"uv": [8.5, 0, 10, 2], "texture": "#0"},
				"up": {"uv": [11.5, 11.75, 10, 10.25], "texture": "#0"}
			}
		},
		{
			"from": [5, 9, 11.5],
			"to": [11, 16.8, 17.5],
			"rotation": {"angle": -22.5, "axis": "x", "origin": [0, 0.1, 16]},
			"faces": {
				"east": {"uv": [8.5, 4, 10, 6], "texture": "#0"},
				"south": {"uv": [5.5, 8.5, 7, 10.5], "texture": "#0"},
				"west": {"uv": [8.5, 6, 10, 8], "texture": "#0"},
				"up": {"uv": [1.5, 12.25, 0, 10.75], "texture": "#0"}
			}
		},
		{
			"from": [0, 8, 0],
			"to": [16, 9, 16],
			"rotation": {"angle": 0, "axis": "y", "origin": [-0.02, 0, -0.02]},
			"faces": {
				"up": {"uv": [4, 4, 0, 0], "texture": "#0"},
				"down": {"uv": [4, 4, 0, 8], "texture": "#0"}
			}
		},
		{
			"from": [0, 8, 0],
			"to": [16, 11, 0],
			"faces": {
				"north": {"uv": [8.5, 8, 12.5, 8.75], "texture": "#0"},
				"east": {"uv": [0, 0, 0, 0.75], "texture": "#0"},
				"south": {"uv": [8.5, 8.75, 12.5, 9.5], "texture": "#0"},
				"west": {"uv": [0, 0, 0, 0.75], "texture": "#0"},
				"up": {"uv": [4, 0, 0, 0], "texture": "#0"},
				"down": {"uv": [4, 0, 0, 0], "texture": "#0"}
			}
		},
		{
			"from": [0, 8, 16],
			"to": [16, 11, 16],
			"rotation": {"angle": 0, "axis": "y", "origin": [0, 0, 16]},
			"faces": {
				"north": {"uv": [8.5, 9.5, 12.5, 10.25], "texture": "#0"},
				"east": {"uv": [0, 0, 0, 0.75], "texture": "#0"},
				"south": {"uv": [0, 10, 4, 10.75], "texture": "#0"},
				"west": {"uv": [0, 0, 0, 0.75], "texture": "#0"},
				"up": {"uv": [4, 0, 0, 0], "texture": "#0"},
				"down": {"uv": [4, 0, 0, 0], "texture": "#0"}
			}
		},
		{
			"from": [16, 8, 0],
			"to": [16, 11, 16],
			"rotation": {"angle": 0, "axis": "y", "origin": [16, 0, 16]},
			"faces": {
				"north": {"uv": [0, 0, 0, 0.75], "texture": "#0"},
				"east": {"uv": [10, 0, 14, 0.75], "texture": "#0"},
				"south": {"uv": [0, 0, 0, 0.75], "texture": "#0"},
				"west": {"uv": [10, 0.75, 14, 1.5], "texture": "#0"},
				"up": {"uv": [0, 4, 0, 0], "texture": "#0"},
				"down": {"uv": [0, 0, 0, 4], "texture": "#0"}
			}
		},
		{
			"from": [0, 8, 0],
			"to": [0, 11, 16],
			"rotation": {"angle": 0, "axis": "y", "origin": [0, 0, 16]},
			"faces": {
				"north": {"uv": [0, 0, 0, 0.75], "texture": "#0"},
				"east": {"uv": [10, 1.5, 14, 2.25], "texture": "#0"},
				"south": {"uv": [0, 0, 0, 0.75], "texture": "#0"},
				"west": {"uv": [10, 2.25, 14, 3], "texture": "#0"},
				"up": {"uv": [0, 4, 0, 0], "texture": "#0"},
				"down": {"uv": [0, 0, 0, 4], "texture": "#0"}
			}
		}
	],
	"gui_light": "front",
	"display": {
		"firstperson_righthand": {
			"scale": [0.7, 0.7, 0.7]
		},
		"firstperson_lefthand": {
			"scale": [0.7, 0.7, 0.7]
		},
		"ground": {
			"translation": [0, -2, 0]
		},
		"gui": {
			"rotation": [25, -20, 0],
			"translation": [0, -2, 0],
			"scale": [0.7, 0.7, 0.7]
		},
		"head": {
			"rotation": [16, 0, 0],
			"translation": [0, 3.25, 0.75],
			"scale": [1.8, 1.8, 1.8]
		},
		"fixed": {
			"rotation": [-90, 0, 0],
			"scale": [1.6, 1.6, 1.6]
		}
	}
}