{
	"credit": "Made with Blockbench",
	"texture_size": [32, 32],
	"textures": {
		"0": "block/custom/squidward",
		"particle": "block/custom/squidward"
	},
	"elements": [
		{
			"from": [5.5, 8, 5.5],
			"to": [10.5, 11.75, 10.5],
			"faces": {
				"north": {"uv": [2.5, 0, 5, 1.875], "texture": "#0"},
				"east": {"uv": [2.5, 2, 5, 3.875], "texture": "#0"},
				"south": {"uv": [2.5, 4, 5, 5.875], "texture": "#0"},
				"west": {"uv": [0, 5, 2.5, 6.875], "texture": "#0"},
				"up": {"uv": [2.5, 2.5, 0, 0], "texture": "#0"},
				"down": {"uv": [2.5, 2.5, 0, 5], "texture": "#0"}
			}
		},
		{
			"from": [5.25, 7.5, 5.5],
			"to": [10.75, 8, 7.5],
			"faces": {
				"north": {"uv": [5.5, 7.5, 8.25, 7.75], "texture": "#0"},
				"east": {"uv": [6.5, 8.5, 7.5, 8.75], "texture": "#0"},
				"south": {"uv": [7.5, 6, 10.25, 6.25], "texture": "#0"},
				"west": {"uv": [8.5, 6.5, 9.5, 6.75], "texture": "#0"},
				"up": {"uv": [7.75, 5, 5, 4], "texture": "#0"},
				"down": {"uv": [7.75, 5, 5, 6], "texture": "#0"}
			}
		},
		{
			"from": [6.05, 6.2, 5.5],
			"to": [6.85, 7.5, 7.3],
			"faces": {
				"north": {"uv": [9, 3.5, 9.375, 4.125], "texture": "#0"},
				"east": {"uv": [8, 3, 8.875, 3.625], "texture": "#0"},
				"south": {"uv": [4.5, 9, 4.875, 9.625], "texture": "#0"},
				"west": {"uv": [4, 8, 4.875, 8.625], "texture": "#0"},
				"up": {"uv": [8.875, 4.875, 8.5, 4], "texture": "#0"},
				"down": {"uv": [8.875, 5, 8.5, 5.875], "texture": "#0"}
			}
		},
		{
			"from": [9.15, 6.2, 5.5],
			"to": [9.95, 7.5, 7.3],
			"rotation": {"angle": 0, "axis": "y", "origin": [16, 0, 0]},
			"faces": {
				"north": {"uv": [9, 1.5, 9.375, 2.125], "texture": "#0"},
				"east": {"uv": [7.5, 6.5, 8.375, 7.125], "texture": "#0"},
				"south": {"uv": [2, 9, 2.375, 9.625], "texture": "#0"},
				"west": {"uv": [8, 0, 8.875, 0.625], "texture": "#0"},
				"up": {"uv": [5.875, 8.875, 5.5, 8], "texture": "#0"},
				"down": {"uv": [6.375, 8, 6, 8.875], "texture": "#0"}
			}
		},
		{
			"from": [10.5, 8, 5.5],
			"to": [10.75, 8.5, 7.5],
			"rotation": {"angle": 0, "axis": "y", "origin": [16, 0, 0]},
			"faces": {
				"north": {"uv": [10, 3, 10.125, 3.25], "texture": "#0"},
				"east": {"uv": [8.5, 8, 9.5, 8.25], "texture": "#0"},
				"south": {"uv": [10, 3.5, 10.125, 3.75], "texture": "#0"},
				"west": {"uv": [0, 9, 1, 9.25], "texture": "#0"},
				"up": {"uv": [3.625, 10.5, 3.5, 9.5], "texture": "#0"},
				"down": {"uv": [9.625, 3.5, 9.5, 4.5], "texture": "#0"}
			}
		},
		{
			"from": [5.25, 8, 5.5],
			"to": [5.5, 8.5, 7.5],
			"rotation": {"angle": 0, "axis": "y", "origin": [16, 0, 0]},
			"faces": {
				"north": {"uv": [10, 3, 10.125, 3.25], "texture": "#0"},
				"east": {"uv": [8.5, 8, 9.5, 8.25], "texture": "#0"},
				"south": {"uv": [10, 3.5, 10.125, 3.75], "texture": "#0"},
				"west": {"uv": [0, 9, 1, 9.25], "texture": "#0"},
				"up": {"uv": [3.625, 10.5, 3.5, 9.5], "texture": "#0"},
				"down": {"uv": [9.625, 3.5, 9.5, 4.5], "texture": "#0"}
			}
		},
		{
			"from": [6.25, 4.5, 5.75],
			"to": [9.75, 8, 9],
			"faces": {
				"north": {"uv": [5, 0, 6.75, 1.75], "texture": "#0"},
				"east": {"uv": [2.5, 6, 3.75, 7.75], "texture": "#0"},
				"south": {"uv": [5, 2, 6.75, 3.75], "texture": "#0"},
				"west": {"uv": [4, 6, 5.25, 7.75], "texture": "#0"},
				"up": {"uv": [7.25, 7.25, 5.5, 6], "texture": "#0"},
				"down": {"uv": [1.75, 7, 0, 8.25], "texture": "#0"}
			}
		},
		{
			"from": [8.15, 4.5, 5],
			"to": [9.15, 5.5, 5.75],
			"faces": {
				"north": {"uv": [8.5, 7, 9, 7.5], "texture": "#0"},
				"east": {"uv": [9, 5, 9.375, 5.5], "texture": "#0"},
				"south": {"uv": [7.5, 8.5, 8, 9], "texture": "#0"},
				"west": {"uv": [9, 5.5, 9.375, 6], "texture": "#0"},
				"up": {"uv": [6.5, 9.375, 6, 9], "texture": "#0"},
				"down": {"uv": [7, 9, 6.5, 9.375], "texture": "#0"}
			}
		},
		{
			"from": [6.9, 4.5, 5],
			"to": [7.9, 5.5, 5.75],
			"faces": {
				"north": {"uv": [9, 0, 9.5, 0.5], "texture": "#0"},
				"east": {"uv": [8.5, 9, 8.875, 9.5], "texture": "#0"},
				"south": {"uv": [9, 0.5, 9.5, 1], "texture": "#0"},
				"west": {"uv": [9, 8.5, 9.375, 9], "texture": "#0"},
				"up": {"uv": [9.5, 9.375, 9, 9], "texture": "#0"},
				"down": {"uv": [0.5, 9.5, 0, 9.875], "texture": "#0"}
			}
		},
		{
			"from": [6.25, 8.9, 5.25],
			"to": [7.5, 9.65, 7],
			"faces": {
				"north": {"uv": [2.5, 9, 3.125, 9.375], "texture": "#0"},
				"east": {"uv": [6.5, 8, 7.375, 8.375], "texture": "#0"},
				"south": {"uv": [9, 2.5, 9.625, 2.875], "texture": "#0"},
				"west": {"uv": [7.5, 8, 8.375, 8.375], "texture": "#0"},
				"up": {"uv": [8.625, 1.875, 8, 1], "texture": "#0"},
				"down": {"uv": [2.625, 8, 2, 8.875], "texture": "#0"}
			}
		},
		{
			"from": [7.5, 8, 5],
			"to": [8.5, 9.65, 6.75],
			"faces": {
				"north": {"uv": [2, 7, 2.5, 7.875], "texture": "#0"},
				"east": {"uv": [7, 2, 7.875, 2.875], "texture": "#0"},
				"south": {"uv": [8, 4, 8.5, 4.875], "texture": "#0"},
				"west": {"uv": [7, 3, 7.875, 3.875], "texture": "#0"},
				"up": {"uv": [5.5, 8.875, 5, 8], "texture": "#0"},
				"down": {"uv": [8.5, 5, 8, 5.875], "texture": "#0"}
			}
		},
		{
			"from": [7, 9.6, 5.1],
			"to": [9.1, 10.05, 6.75],
			"faces": {
				"north": {"uv": [1, 9, 2, 9.25], "texture": "#0"},
				"east": {"uv": [9, 4.5, 9.875, 4.75], "texture": "#0"},
				"south": {"uv": [9, 1, 10, 1.25], "texture": "#0"},
				"west": {"uv": [5, 9, 5.875, 9.25], "texture": "#0"},
				"up": {"uv": [8, 0.875, 7, 0], "texture": "#0"},
				"down": {"uv": [8, 1, 7, 1.875], "texture": "#0"}
			}
		},
		{
			"from": [7.5, 8, 4.75],
			"to": [8.5, 8.5, 5],
			"faces": {
				"north": {"uv": [4, 9.5, 4.5, 9.75], "texture": "#0"},
				"east": {"uv": [4, 10, 4.125, 10.25], "texture": "#0"},
				"south": {"uv": [5, 9.5, 5.5, 9.75], "texture": "#0"},
				"west": {"uv": [10, 4, 10.125, 4.25], "texture": "#0"},
				"up": {"uv": [10, 9.125, 9.5, 9], "texture": "#0"},
				"down": {"uv": [10, 9.5, 9.5, 9.625], "texture": "#0"}
			}
		},
		{
			"from": [7.5, 7.25, 4.75],
			"to": [8.5, 8, 5.5],
			"faces": {
				"north": {"uv": [7, 9, 7.5, 9.375], "texture": "#0"},
				"east": {"uv": [9.5, 1.5, 9.875, 1.875], "texture": "#0"},
				"south": {"uv": [9, 7, 9.5, 7.375], "texture": "#0"},
				"west": {"uv": [9.5, 2, 9.875, 2.375], "texture": "#0"},
				"up": {"uv": [8, 9.375, 7.5, 9], "texture": "#0"},
				"down": {"uv": [8.5, 9, 8, 9.375], "texture": "#0"}
			}
		},
		{
			"from": [7.65, 5.8, 5.5],
			"to": [8.35, 6.4, 5.75],
			"faces": {
				"north": {"uv": [7.5, 9.5, 7.875, 9.75], "texture": "#0"},
				"east": {"uv": [4.5, 10, 4.625, 10.25], "texture": "#0"},
				"south": {"uv": [9.5, 7.5, 9.875, 7.75], "texture": "#0"},
				"west": {"uv": [10, 4.5, 10.125, 4.75], "texture": "#0"},
				"up": {"uv": [10.375, 1.625, 10, 1.5], "texture": "#0"},
				"down": {"uv": [2.375, 10, 2, 10.125], "texture": "#0"}
			}
		},
		{
			"from": [9.25, 6.15, 5.1],
			"to": [10.35, 6.6, 5.55],
			"rotation": {"angle": 22.5, "axis": "z", "origin": [0, 0, 0]},
			"faces": {
				"north": {"uv": [9.5, 5, 10, 5.25], "texture": "#0"},
				"east": {"uv": [0, 10, 0.25, 10.25], "texture": "#0"},
				"south": {"uv": [5.5, 9.5, 6, 9.75], "texture": "#0"},
				"west": {"uv": [10, 0, 10.25, 0.25], "texture": "#0"},
				"up": {"uv": [10, 5.75, 9.5, 5.5], "texture": "#0"},
				"down": {"uv": [6.5, 9.5, 6, 9.75], "texture": "#0"}
			}
		},
		{
			"from": [5.65, 6.15, 5.1],
			"to": [6.75, 6.6, 5.55],
			"rotation": {"angle": -22.5, "axis": "z", "origin": [16, 0, 0]},
			"faces": {
				"north": {"uv": [6.5, 9.5, 7, 9.75], "texture": "#0"},
				"east": {"uv": [10, 0.5, 10.25, 0.75], "texture": "#0"},
				"south": {"uv": [9.5, 6.5, 10, 6.75], "texture": "#0"},
				"west": {"uv": [10, 1, 10.25, 1.25], "texture": "#0"},
				"up": {"uv": [7.5, 9.75, 7, 9.5], "texture": "#0"},
				"down": {"uv": [10, 7, 9.5, 7.25], "texture": "#0"}
			}
		},
		{
			"from": [4.6, 2.45, 5.5],
			"to": [5.05, 3.85, 5.75],
			"rotation": {"angle": -22.5, "axis": "z", "origin": [16, 0, 0]},
			"faces": {
				"north": {"uv": [9.5, 0, 9.75, 0.75], "texture": "#0"},
				"east": {"uv": [8, 9.5, 8.125, 10.25], "texture": "#0"},
				"south": {"uv": [0.5, 9.5, 0.75, 10.25], "texture": "#0"},
				"west": {"uv": [9.5, 8, 9.625, 8.75], "texture": "#0"},
				"up": {"uv": [10.25, 10.125, 10, 10], "texture": "#0"},
				"down": {"uv": [0.25, 10.5, 0, 10.625], "texture": "#0"}
			}
		},
		{
			"from": [10.95, 2.45, 5.5],
			"to": [11.4, 3.6, 5.75],
			"rotation": {"angle": 22.5, "axis": "z", "origin": [0, 0, 0]},
			"faces": {
				"north": {"uv": [1, 9.5, 1.25, 10.125], "texture": "#0"},
				"east": {"uv": [8.5, 9.5, 8.625, 10.125], "texture": "#0"},
				"south": {"uv": [1.5, 9.5, 1.75, 10.125], "texture": "#0"},
				"west": {"uv": [9, 9.5, 9.125, 10.125], "texture": "#0"},
				"up": {"uv": [10.75, 0.125, 10.5, 0], "texture": "#0"},
				"down": {"uv": [0.75, 10.5, 0.5, 10.625], "texture": "#0"}
			}
		},
		{
			"from": [9.25, 2.5, 5.499],
			"to": [9.5, 3, 5.849],
			"rotation": {"angle": 22.5, "axis": "z", "origin": [0, 0, 0]},
			"faces": {
				"north": {"uv": [10, 7, 10.125, 7.25], "texture": "#0"},
				"east": {"uv": [7.5, 10, 7.625, 10.25], "texture": "#0"},
				"south": {"uv": [10, 7.5, 10.125, 7.75], "texture": "#0"},
				"west": {"uv": [10, 8, 10.125, 8.25], "texture": "#0"},
				"up": {"uv": [10.625, 1.625, 10.5, 1.5], "texture": "#0"},
				"down": {"uv": [2.125, 10.5, 2, 10.625], "texture": "#0"}
			}
		},
		{
			"from": [6.5, 2.5, 5.499],
			"to": [6.75, 3, 5.849],
			"rotation": {"angle": -22.5, "axis": "z", "origin": [16, 0, 0]},
			"faces": {
				"north": {"uv": [6, 10, 6.125, 10.25], "texture": "#0"},
				"east": {"uv": [6.5, 10, 6.625, 10.25], "texture": "#0"},
				"south": {"uv": [10, 6.5, 10.125, 6.75], "texture": "#0"},
				"west": {"uv": [7, 10, 7.125, 10.25], "texture": "#0"},
				"up": {"uv": [10.625, 1.125, 10.5, 1], "texture": "#0"},
				"down": {"uv": [1.625, 10.5, 1.5, 10.625], "texture": "#0"}
			}
		},
		{
			"from": [6.25, 2.75, 5.5],
			"to": [6.75, 3, 5.75],
			"rotation": {"angle": -22.5, "axis": "z", "origin": [16, 0, 0]},
			"faces": {
				"north": {"uv": [5, 10, 5.25, 10.125], "texture": "#0"},
				"east": {"uv": [10.5, 0.5, 10.625, 0.625], "texture": "#0"},
				"south": {"uv": [10, 5, 10.25, 5.125], "texture": "#0"},
				"west": {"uv": [1, 10.5, 1.125, 10.625], "texture": "#0"},
				"up": {"uv": [5.75, 10.125, 5.5, 10], "texture": "#0"},
				"down": {"uv": [10.25, 5.5, 10, 5.625], "texture": "#0"}
			}
		},
		{
			"from": [9.25, 2.75, 5.5],
			"to": [9.75, 3, 5.75],
			"rotation": {"angle": 22.5, "axis": "z", "origin": [0, 0, 0]},
			"faces": {
				"north": {"uv": [10, 8.5, 10.25, 8.625], "texture": "#0"},
				"east": {"uv": [10.5, 2, 10.625, 2.125], "texture": "#0"},
				"south": {"uv": [10, 9, 10.25, 9.125], "texture": "#0"},
				"west": {"uv": [2.5, 10.5, 2.625, 10.625], "texture": "#0"},
				"up": {"uv": [9.75, 10.125, 9.5, 10], "texture": "#0"},
				"down": {"uv": [10.25, 9.5, 10, 9.625], "texture": "#0"}
			}
		},
		{
			"from": [8.5, 8.9, 5.25],
			"to": [9.75, 9.65, 7],
			"rotation": {"angle": 0, "axis": "y", "origin": [16, 0, 0]},
			"faces": {
				"north": {"uv": [9, 3, 9.625, 3.375], "texture": "#0"},
				"east": {"uv": [0, 8.5, 0.875, 8.875], "texture": "#0"},
				"south": {"uv": [3.5, 9, 4.125, 9.375], "texture": "#0"},
				"west": {"uv": [1, 8.5, 1.875, 8.875], "texture": "#0"},
				"up": {"uv": [8.625, 2.875, 8, 2], "texture": "#0"},
				"down": {"uv": [3.625, 8, 3, 8.875], "texture": "#0"}
			}
		}
	],
	"display": {
		"thirdperson_righthand": {
			"scale": [1.7, 1.7, 1.7]
		},
		"thirdperson_lefthand": {
			"scale": [1.7, 1.7, 1.7]
		},
		"firstperson_righthand": {
			"rotation": [0, 115, 0]
		},
		"firstperson_lefthand": {
			"rotation": [0, 115, 0]
		},
		"ground": {
			"translation": [0, 4, 0],
			"scale": [1.7, 1.7, 1.7]
		},
		"gui": {
			"rotation": [25, -135, 0],
			"translation": [0, -0.25, 0],
			"scale": [1.7, 1.7, 1.7]
		},
		"head": {
			"translation": [0, -1.25, -0.5],
			"scale": [3, 3, 3]
		},
		"fixed": {
			"rotation": [-90, 0, 0],
			"translation": [0, 0, -13],
			"scale": [3.66, 3.66, 3.66]
		}
	}
}