{
	"credit": "Made with Blockbench",
	"texture_size": [32, 32],
	"textures": {
		"3": "block/custom/steampunk_mask",
		"particle": "block/custom/clockhat"
	},
	"elements": [
		{
			"from": [4.5, 2.9, 4.5],
			"to": [11.5, 10.9, 11.5],
			"rotation": {"angle": 0, "axis": "y", "origin": [8, 6, 8]},
			"faces": {
				"north": {"uv": [3.5, 3.5, 7, 7.5], "texture": "#3"},
				"east": {"uv": [0, 3.5, 3.5, 7.5], "texture": "#3"},
				"south": {"uv": [10.5, 3.5, 14, 7.5], "texture": "#3"},
				"west": {"uv": [7, 3.5, 10.5, 7.5], "texture": "#3"},
				"up": {"uv": [7, 3.5, 3.5, 0], "texture": "#3"},
				"down": {"uv": [10.5, 0, 7, 3.5], "texture": "#3"}
			}
		},
		{
			"from": [6.5, 5.9, 3.5],
			"to": [9.5, 8.9, 4.5],
			"rotation": {"angle": 0, "axis": "y", "origin": [7.5, 9, 7]},
			"faces": {
				"north": {"uv": [8.5, 8, 10, 9.5], "texture": "#3"},
				"east": {"uv": [8, 8, 8.5, 9.5], "texture": "#3"},
				"south": {"uv": [10.5, 8, 12, 9.5], "texture": "#3"},
				"west": {"uv": [10, 8, 10.5, 9.5], "texture": "#3"},
				"up": {"uv": [10, 8, 8.5, 7.5], "texture": "#3"},
				"down": {"uv": [11.5, 7.5, 10, 8], "texture": "#3"}
			}
		},
		{
			"from": [11.5, 3.9, 6],
			"to": [12.5, 6.9, 9],
			"rotation": {"angle": 0, "axis": "y", "origin": [7.5, 9, 7]},
			"faces": {
				"north": {"uv": [5.5, 9, 6, 10.5], "texture": "#3"},
				"east": {"uv": [4, 9, 5.5, 10.5], "texture": "#3"},
				"south": {"uv": [7.5, 9, 8, 10.5], "texture": "#3"},
				"west": {"uv": [6, 9, 7.5, 10.5], "texture": "#3"},
				"up": {"uv": [6, 9, 5.5, 7.5], "texture": "#3"},
				"down": {"uv": [6.5, 7.5, 6, 9], "texture": "#3"}
			}
		},
		{
			"from": [3.5, 3.9, 6.35248],
			"to": [4.5, 6.9, 9.35248],
			"rotation": {"angle": 0, "axis": "y", "origin": [7.5, 9, 7]},
			"faces": {
				"north": {"uv": [1.5, 9, 2, 10.5], "texture": "#3"},
				"east": {"uv": [0, 9, 1.5, 10.5], "texture": "#3"},
				"south": {"uv": [3.5, 9, 4, 10.5], "texture": "#3"},
				"west": {"uv": [2, 9, 3.5, 10.5], "texture": "#3"},
				"up": {"uv": [2, 9, 1.5, 7.5], "texture": "#3"},
				"down": {"uv": [2.5, 7.5, 2, 9], "texture": "#3"}
			}
		},
		{
			"from": [5, 2.9, 4],
			"to": [7, 4.9, 5],
			"faces": {
				"north": {"uv": [0.5, 0.5, 1.5, 1.5], "texture": "#3"},
				"east": {"uv": [0, 0.5, 0.5, 1.5], "texture": "#3"},
				"south": {"uv": [2, 0.5, 3, 1.5], "texture": "#3"},
				"west": {"uv": [1.5, 0.5, 2, 1.5], "texture": "#3"},
				"up": {"uv": [1.5, 0.5, 0.5, 0], "texture": "#3"},
				"down": {"uv": [2.5, 0, 1.5, 0.5], "texture": "#3"}
			}
		},
		{
			"from": [9, 2.9, 4],
			"to": [11, 4.9, 5],
			"faces": {
				"north": {"uv": [0.5, 0.5, 1.5, 1.5], "texture": "#3"},
				"east": {"uv": [0, 0.5, 0.5, 1.5], "texture": "#3"},
				"south": {"uv": [2, 0.5, 3, 1.5], "texture": "#3"},
				"west": {"uv": [1.5, 0.5, 2, 1.5], "texture": "#3"},
				"up": {"uv": [1.5, 0.5, 0.5, 0], "texture": "#3"},
				"down": {"uv": [2.5, 0, 1.5, 0.5], "texture": "#3"}
			}
		}
	],
	"display": {
		"thirdperson_righthand": {
			"rotation": [90, 0, 0]
		},
		"thirdperson_lefthand": {
			"rotation": [90, 0, 0]
		},
		"ground": {
			"translation": [0, 2.5, 0]
		},
		"gui": {
			"rotation": [30, -135, 0]
		},
		"head": {
			"translation": [0, 3.75, 0],
			"scale": [2.1, 2.1, 2.1]
		},
		"fixed": {
			"translation": [0, 0, 0.25],
			"scale": [1.6, 1.6, 1.6]
		}
	}
}