{
	"credit": "Made with Blockbench",
	"texture_size": [64, 64],
	"textures": {
		"0": "block/custom/tadokihat",
		"particle": "block/custom/tadokihat"
	},
	"elements": [
		{
			"from": [4, 8.01, 3],
			"to": [12, 12.01, 13],
			"faces": {
				"north": {"uv": [5, 7.75, 7, 8.75], "texture": "#0"},
				"east": {"uv": [12, 1, 14.5, 2], "texture": "#0"},
				"south": {"uv": [7.5, 11.75, 9.5, 12.75], "texture": "#0"},
				"west": {"uv": [12, 2, 14.5, 3], "texture": "#0"},
				"up": {"uv": [12, 5.25, 10, 2.75], "texture": "#0"},
				"down": {"uv": [2, 10.75, 0, 13.25], "texture": "#0"}
			}
		},
		{
			"from": [3, 8, 2],
			"to": [13, 8, 14],
			"faces": {
				"north": {"uv": [0, 0, 2.5, 0], "texture": "#0"},
				"east": {"uv": [0, 0, 3, 0], "texture": "#0"},
				"south": {"uv": [0, 0, 2.5, 0], "texture": "#0"},
				"west": {"uv": [0, 0, 3, 0], "texture": "#0"},
				"up": {"uv": [9.5, 9, 7, 6], "texture": "#0"},
				"down": {"uv": [2.5, 7.75, 0, 10.75], "texture": "#0"}
			}
		},
		{
			"from": [2, 12.01, 2],
			"to": [14, 16.01, 14],
			"faces": {
				"north": {"uv": [11.5, 7.25, 14.5, 8.25], "texture": "#0"},
				"east": {"uv": [11.5, 8.25, 14.5, 9.25], "texture": "#0"},
				"south": {"uv": [11.5, 9.25, 14.5, 10.25], "texture": "#0"},
				"west": {"uv": [9.5, 11.5, 12.5, 12.5], "texture": "#0"},
				"up": {"uv": [10, 3, 7, 0], "texture": "#0"},
				"down": {"uv": [10, 3, 7, 6], "texture": "#0"}
			}
		},
		{
			"from": [1, 12, 1],
			"to": [15, 12, 15],
			"faces": {
				"north": {"uv": [0, 0, 3.5, 0], "texture": "#0"},
				"east": {"uv": [0, 0, 3.5, 0], "texture": "#0"},
				"south": {"uv": [0, 0, 3.5, 0], "texture": "#0"},
				"west": {"uv": [0, 0, 3.5, 0], "texture": "#0"},
				"up": {"uv": [3.5, 7.75, 0, 4.25], "texture": "#0"},
				"down": {"uv": [7, 4.25, 3.5, 7.75], "texture": "#0"}
			}
		},
		{
			"from": [-7, 26.01, 2.5],
			"to": [3, 30.01, 14.5],
			"rotation": {"angle": -22.5, "axis": "z", "origin": [0, 0, 0]},
			"faces": {
				"north": {"uv": [12, 3, 14.5, 4], "texture": "#0"},
				"east": {"uv": [11.5, 10.25, 14.5, 11.25], "texture": "#0"},
				"south": {"uv": [4, 12, 6.5, 13], "texture": "#0"},
				"west": {"uv": [12, 0, 15, 1], "texture": "#0"},
				"up": {"uv": [5, 10.75, 2.5, 7.75], "texture": "#0"},
				"down": {"uv": [7.5, 9, 5, 12], "texture": "#0"}
			}
		},
		{
			"from": [-9, 26, 0],
			"to": [5, 26, 17],
			"rotation": {"angle": -22.5, "axis": "z", "origin": [0, 0, 0]},
			"faces": {
				"north": {"uv": [0, 0, 3.5, 0], "texture": "#0"},
				"east": {"uv": [0, 0, 4.25, 0], "texture": "#0"},
				"south": {"uv": [0, 0, 3.5, 0], "texture": "#0"},
				"west": {"uv": [0, 0, 4.25, 0], "texture": "#0"},
				"up": {"uv": [3.5, 4.25, 0, 0], "texture": "#0"},
				"down": {"uv": [7, 0, 3.5, 4.25], "texture": "#0"}
			}
		},
		{
			"from": [3.99, 15.99, 3.99],
			"to": [12.01, 27.01, 12.01],
			"faces": {
				"north": {"uv": [7.5, 9, 9.5, 11.75], "texture": "#0"},
				"east": {"uv": [9.5, 6, 11.5, 8.75], "texture": "#0"},
				"south": {"uv": [9.5, 8.75, 11.5, 11.5], "texture": "#0"},
				"west": {"uv": [10, 0, 12, 2.75], "texture": "#0"},
				"up": {"uv": [4, 12.75, 2, 10.75], "texture": "#0"},
				"down": {"uv": [13.5, 5.25, 11.5, 7.25], "texture": "#0"}
			}
		}
	],
	"display": {
		"head": {
			"rotation": [8, 0, 5],
			"translation": [0, 0.25, 0],
			"scale": [1.85, 1.6, 1.6]
		}
	}
}