{
	"credit": "Made with Blockbench",
	"texture_size": [64, 64],
	"textures": {
		"0": "block/custom/testube",
		"particle": "block/custom/testube"
	},
	"elements": [
		{
			"from": [6, 0, 10],
			"to": [10, 1, 11],
			"faces": {
				"north": {"uv": [7.5, 5.5, 8.5, 5.75], "texture": "#0"},
				"east": {"uv": [9.25, 1.25, 9.5, 1.5], "texture": "#0"},
				"south": {"uv": [7.5, 5.75, 8.5, 6], "texture": "#0"},
				"west": {"uv": [9.25, 1.5, 9.5, 1.75], "texture": "#0"},
				"up": {"uv": [8.5, 6.25, 7.5, 6], "texture": "#0"},
				"down": {"uv": [8.5, 6.25, 7.5, 6.5], "texture": "#0"}
			}
		},
		{
			"from": [6, 0, 5],
			"to": [10, 1, 6],
			"faces": {
				"north": {"uv": [0.75, 7.75, 1.75, 8], "texture": "#0"},
				"east": {"uv": [9.25, 1.75, 9.5, 2], "texture": "#0"},
				"south": {"uv": [1.75, 7.75, 2.75, 8], "texture": "#0"},
				"west": {"uv": [9.25, 2, 9.5, 2.25], "texture": "#0"},
				"up": {"uv": [3.75, 8, 2.75, 7.75], "texture": "#0"},
				"down": {"uv": [5, 7.75, 4, 8], "texture": "#0"}
			}
		},
		{
			"from": [6, 0, 6],
			"to": [10, 1, 10],
			"faces": {
				"north": {"uv": [7.5, 6.5, 8.5, 6.75], "texture": "#0"},
				"east": {"uv": [7.5, 6.75, 8.5, 7], "texture": "#0"},
				"south": {"uv": [7.5, 7.25, 8.5, 7.5], "texture": "#0"},
				"west": {"uv": [7.5, 7.5, 8.5, 7.75], "texture": "#0"},
				"up": {"uv": [7, 1, 6, 0], "texture": "#0"},
				"down": {"uv": [7, 1, 6, 2], "texture": "#0"}
			}
		},
		{
			"from": [5, 1, 5],
			"to": [11, 2, 11],
			"faces": {
				"north": {"uv": [0.75, 7, 2.25, 7.25], "texture": "#0"},
				"east": {"uv": [2.25, 7, 3.75, 7.25], "texture": "#0"},
				"south": {"uv": [7, 2.75, 8.5, 3], "texture": "#0"},
				"west": {"uv": [7, 3, 8.5, 3.25], "texture": "#0"},
				"up": {"uv": [1.5, 7, 0, 5.5], "texture": "#0"},
				"down": {"uv": [3, 5.5, 1.5, 7], "texture": "#0"}
			}
		},
		{
			"from": [6, 2, 6],
			"to": [10, 13, 10],
			"faces": {
				"north": {"uv": [0, 0, 1, 2.75], "texture": "#0"},
				"east": {"uv": [1, 0, 2, 2.75], "texture": "#0"},
				"south": {"uv": [2, 0, 3, 2.75], "texture": "#0"},
				"west": {"uv": [0, 2.75, 1, 5.5], "texture": "#0"},
				"up": {"uv": [7, 3, 6, 2], "texture": "#0"},
				"down": {"uv": [7, 3, 6, 4], "texture": "#0"}
			}
		},
		{
			"from": [6, 2, 5],
			"to": [10, 13, 6],
			"faces": {
				"north": {"uv": [4, 0, 5, 2.75], "texture": "#0"},
				"east": {"uv": [0, 7, 0.25, 9.75], "texture": "#0"},
				"south": {"uv": [4, 2.75, 5, 5.5], "texture": "#0"},
				"west": {"uv": [7, 0, 7.25, 2.75], "texture": "#0"},
				"up": {"uv": [9, 8.25, 8, 8], "texture": "#0"},
				"down": {"uv": [1.75, 8.25, 0.75, 8.5], "texture": "#0"}
			}
		},
		{
			"from": [6, 2, 10],
			"to": [10, 13, 11],
			"faces": {
				"north": {"uv": [5, 0, 6, 2.75], "texture": "#0"},
				"east": {"uv": [0.25, 7, 0.5, 9.75], "texture": "#0"},
				"south": {"uv": [5, 2.75, 6, 5.5], "texture": "#0"},
				"west": {"uv": [0.5, 7, 0.75, 9.75], "texture": "#0"},
				"up": {"uv": [2.75, 8.5, 1.75, 8.25], "texture": "#0"},
				"down": {"uv": [3.75, 8.25, 2.75, 8.5], "texture": "#0"}
			}
		},
		{
			"from": [10, 2, 6],
			"to": [11, 13, 10],
			"faces": {
				"north": {"uv": [6, 6, 6.25, 8.75], "texture": "#0"},
				"east": {"uv": [1, 2.75, 2, 5.5], "texture": "#0"},
				"south": {"uv": [6.25, 6, 6.5, 8.75], "texture": "#0"},
				"west": {"uv": [2, 2.75, 3, 5.5], "texture": "#0"},
				"up": {"uv": [4.75, 9, 4.5, 8], "texture": "#0"},
				"down": {"uv": [5, 8, 4.75, 9], "texture": "#0"}
			}
		},
		{
			"from": [5, 2, 6],
			"to": [6, 13, 10],
			"faces": {
				"north": {"uv": [6.5, 6, 6.75, 8.75], "texture": "#0"},
				"east": {"uv": [3, 0, 4, 2.75], "texture": "#0"},
				"south": {"uv": [6.75, 6, 7, 8.75], "texture": "#0"},
				"west": {"uv": [3, 2.75, 4, 5.5], "texture": "#0"},
				"up": {"uv": [7.75, 9, 7.5, 8], "texture": "#0"},
				"down": {"uv": [8, 8, 7.75, 9], "texture": "#0"}
			}
		},
		{
			"from": [4, 1, 5],
			"to": [5, 2, 11],
			"faces": {
				"north": {"uv": [2.75, 9.25, 3, 9.5], "texture": "#0"},
				"east": {"uv": [7, 3.25, 8.5, 3.5], "texture": "#0"},
				"south": {"uv": [3, 9.25, 3.25, 9.5], "texture": "#0"},
				"west": {"uv": [7, 3.5, 8.5, 3.75], "texture": "#0"},
				"up": {"uv": [4, 8.5, 3.75, 7], "texture": "#0"},
				"down": {"uv": [7.25, 3.75, 7, 5.25], "texture": "#0"}
			}
		},
		{
			"from": [4, 2, 9],
			"to": [5, 3, 11],
			"faces": {
				"north": {"uv": [6, 9.25, 6.25, 9.5], "texture": "#0"},
				"east": {"uv": [2.25, 8.75, 2.75, 9], "texture": "#0"},
				"south": {"uv": [6.25, 9.25, 6.5, 9.5], "texture": "#0"},
				"west": {"uv": [8.75, 2.25, 9.25, 2.5], "texture": "#0"},
				"up": {"uv": [4, 9, 3.75, 8.5], "texture": "#0"},
				"down": {"uv": [3, 8.75, 2.75, 9.25], "texture": "#0"}
			}
		},
		{
			"from": [4, 2, 5],
			"to": [5, 3, 7],
			"faces": {
				"north": {"uv": [7, 9.25, 7.25, 9.5], "texture": "#0"},
				"east": {"uv": [8.75, 2.5, 9.25, 2.75], "texture": "#0"},
				"south": {"uv": [7.25, 9.25, 7.5, 9.5], "texture": "#0"},
				"west": {"uv": [8.75, 3.75, 9.25, 4], "texture": "#0"},
				"up": {"uv": [3.25, 9.25, 3, 8.75], "texture": "#0"},
				"down": {"uv": [9, 4, 8.75, 4.5], "texture": "#0"}
			}
		},
		{
			"from": [11, 2, 5],
			"to": [12, 3, 7],
			"faces": {
				"north": {"uv": [8, 9.25, 8.25, 9.5], "texture": "#0"},
				"east": {"uv": [8.75, 5, 9.25, 5.25], "texture": "#0"},
				"south": {"uv": [8.25, 9.25, 8.5, 9.5], "texture": "#0"},
				"west": {"uv": [5.5, 8.75, 6, 9], "texture": "#0"},
				"up": {"uv": [6.25, 9.25, 6, 8.75], "texture": "#0"},
				"down": {"uv": [6.5, 8.75, 6.25, 9.25], "texture": "#0"}
			}
		},
		{
			"from": [11, 2, 9],
			"to": [12, 3, 11],
			"faces": {
				"north": {"uv": [7.5, 9.25, 7.75, 9.5], "texture": "#0"},
				"east": {"uv": [8.75, 4.5, 9.25, 4.75], "texture": "#0"},
				"south": {"uv": [7.75, 9.25, 8, 9.5], "texture": "#0"},
				"west": {"uv": [8.75, 4.75, 9.25, 5], "texture": "#0"},
				"up": {"uv": [5.25, 9.25, 5, 8.75], "texture": "#0"},
				"down": {"uv": [5.5, 8.75, 5.25, 9.25], "texture": "#0"}
			}
		},
		{
			"from": [11, 1, 5],
			"to": [12, 2, 11],
			"faces": {
				"north": {"uv": [3.75, 9.25, 4, 9.5], "texture": "#0"},
				"east": {"uv": [4, 7, 5.5, 7.25], "texture": "#0"},
				"south": {"uv": [9.25, 3.75, 9.5, 4], "texture": "#0"},
				"west": {"uv": [7, 5.25, 8.5, 5.5], "texture": "#0"},
				"up": {"uv": [5.75, 8.5, 5.5, 7], "texture": "#0"},
				"down": {"uv": [7.25, 5.5, 7, 7], "texture": "#0"}
			}
		},
		{
			"from": [5, 1, 4],
			"to": [11, 2, 5],
			"rotation": {"angle": 0, "axis": "y", "origin": [11.5, 1.5, 8]},
			"faces": {
				"north": {"uv": [7, 7, 8.5, 7.25], "texture": "#0"},
				"east": {"uv": [4, 9.25, 4.25, 9.5], "texture": "#0"},
				"south": {"uv": [7.25, 0, 8.75, 0.25], "texture": "#0"},
				"west": {"uv": [9.25, 4, 9.5, 4.25], "texture": "#0"},
				"up": {"uv": [8.75, 0.5, 7.25, 0.25], "texture": "#0"},
				"down": {"uv": [8.75, 0.5, 7.25, 0.75], "texture": "#0"}
			}
		},
		{
			"from": [5, 2, 4],
			"to": [7, 3, 5],
			"rotation": {"angle": 0, "axis": "y", "origin": [11.5, 1.5, 8]},
			"faces": {
				"north": {"uv": [5.5, 8.5, 6, 8.75], "texture": "#0"},
				"east": {"uv": [9.25, 4.5, 9.5, 4.75], "texture": "#0"},
				"south": {"uv": [8.5, 7.5, 9, 7.75], "texture": "#0"},
				"west": {"uv": [4.75, 9.25, 5, 9.5], "texture": "#0"},
				"up": {"uv": [9, 8, 8.5, 7.75], "texture": "#0"},
				"down": {"uv": [8.5, 8.5, 8, 8.75], "texture": "#0"}
			}
		},
		{
			"from": [5, 2, 5],
			"to": [6, 3, 6],
			"rotation": {"angle": 0, "axis": "y", "origin": [11.5, 1.5, 8]},
			"faces": {
				"north": {"uv": [8.5, 9.25, 8.75, 9.5], "texture": "#0"},
				"east": {"uv": [8.75, 9.25, 9, 9.5], "texture": "#0"},
				"south": {"uv": [9, 9.25, 9.25, 9.5], "texture": "#0"},
				"west": {"uv": [9.25, 9.25, 9.5, 9.5], "texture": "#0"},
				"up": {"uv": [1, 9.75, 0.75, 9.5], "texture": "#0"},
				"down": {"uv": [1.25, 9.5, 1, 9.75], "texture": "#0"}
			}
		},
		{
			"from": [5, 2, 10],
			"to": [6, 3, 11],
			"rotation": {"angle": 0, "axis": "y", "origin": [11.5, 1.5, 8]},
			"faces": {
				"north": {"uv": [1.25, 9.5, 1.5, 9.75], "texture": "#0"},
				"east": {"uv": [9.5, 1.25, 9.75, 1.5], "texture": "#0"},
				"south": {"uv": [1.5, 9.5, 1.75, 9.75], "texture": "#0"},
				"west": {"uv": [9.5, 1.5, 9.75, 1.75], "texture": "#0"},
				"up": {"uv": [2, 9.75, 1.75, 9.5], "texture": "#0"},
				"down": {"uv": [9.75, 1.75, 9.5, 2], "texture": "#0"}
			}
		},
		{
			"from": [10, 2, 10],
			"to": [11, 3, 11],
			"rotation": {"angle": 0, "axis": "y", "origin": [11.5, 1.5, 8]},
			"faces": {
				"north": {"uv": [2, 9.5, 2.25, 9.75], "texture": "#0"},
				"east": {"uv": [9.5, 2, 9.75, 2.25], "texture": "#0"},
				"south": {"uv": [2.25, 9.5, 2.5, 9.75], "texture": "#0"},
				"west": {"uv": [9.5, 2.25, 9.75, 2.5], "texture": "#0"},
				"up": {"uv": [2.75, 9.75, 2.5, 9.5], "texture": "#0"},
				"down": {"uv": [9.75, 2.5, 9.5, 2.75], "texture": "#0"}
			}
		},
		{
			"from": [10, 2, 5],
			"to": [11, 3, 6],
			"rotation": {"angle": 0, "axis": "y", "origin": [11.5, 1.5, 8]},
			"faces": {
				"north": {"uv": [2.75, 9.5, 3, 9.75], "texture": "#0"},
				"east": {"uv": [9.5, 2.75, 9.75, 3], "texture": "#0"},
				"south": {"uv": [3, 9.5, 3.25, 9.75], "texture": "#0"},
				"west": {"uv": [9.5, 3, 9.75, 3.25], "texture": "#0"},
				"up": {"uv": [3.5, 9.75, 3.25, 9.5], "texture": "#0"},
				"down": {"uv": [9.75, 3.25, 9.5, 3.5], "texture": "#0"}
			}
		},
		{
			"from": [9, 2, 4],
			"to": [11, 3, 5],
			"rotation": {"angle": 0, "axis": "y", "origin": [11.5, 1.5, 8]},
			"faces": {
				"north": {"uv": [8.5, 8.5, 9, 8.75], "texture": "#0"},
				"east": {"uv": [9.25, 4.75, 9.5, 5], "texture": "#0"},
				"south": {"uv": [8.75, 0, 9.25, 0.25], "texture": "#0"},
				"west": {"uv": [5, 9.25, 5.25, 9.5], "texture": "#0"},
				"up": {"uv": [9.25, 0.5, 8.75, 0.25], "texture": "#0"},
				"down": {"uv": [9.25, 0.5, 8.75, 0.75], "texture": "#0"}
			}
		},
		{
			"from": [9, 2, 11],
			"to": [11, 3, 12],
			"rotation": {"angle": 0, "axis": "y", "origin": [11.5, 1.5, 8]},
			"faces": {
				"north": {"uv": [8.75, 1.25, 9.25, 1.5], "texture": "#0"},
				"east": {"uv": [5.5, 9.25, 5.75, 9.5], "texture": "#0"},
				"south": {"uv": [8.75, 1.5, 9.25, 1.75], "texture": "#0"},
				"west": {"uv": [5.75, 9.25, 6, 9.5], "texture": "#0"},
				"up": {"uv": [9.25, 2, 8.75, 1.75], "texture": "#0"},
				"down": {"uv": [9.25, 2, 8.75, 2.25], "texture": "#0"}
			}
		},
		{
			"from": [5, 2, 11],
			"to": [7, 3, 12],
			"rotation": {"angle": 0, "axis": "y", "origin": [11.5, 1.5, 8]},
			"faces": {
				"north": {"uv": [0.75, 8.75, 1.25, 9], "texture": "#0"},
				"east": {"uv": [9.25, 5, 9.5, 5.25], "texture": "#0"},
				"south": {"uv": [8.75, 0.75, 9.25, 1], "texture": "#0"},
				"west": {"uv": [5.25, 9.25, 5.5, 9.5], "texture": "#0"},
				"up": {"uv": [9.25, 1.25, 8.75, 1], "texture": "#0"},
				"down": {"uv": [1.75, 8.75, 1.25, 9], "texture": "#0"}
			}
		},
		{
			"from": [5, 1, 11],
			"to": [11, 2, 12],
			"rotation": {"angle": 0, "axis": "y", "origin": [11.5, 1.5, 8]},
			"faces": {
				"north": {"uv": [0.75, 7.25, 2.25, 7.5], "texture": "#0"},
				"east": {"uv": [9.25, 4.25, 9.5, 4.5], "texture": "#0"},
				"south": {"uv": [7.25, 0.75, 8.75, 1], "texture": "#0"},
				"west": {"uv": [4.5, 9.25, 4.75, 9.5], "texture": "#0"},
				"up": {"uv": [8.75, 1.25, 7.25, 1], "texture": "#0"},
				"down": {"uv": [8.75, 1.25, 7.25, 1.5], "texture": "#0"}
			}
		},
		{
			"from": [10, 0, 6],
			"to": [11, 1, 10],
			"faces": {
				"north": {"uv": [2.25, 9.25, 2.5, 9.5], "texture": "#0"},
				"east": {"uv": [7.5, 7.75, 8.5, 8], "texture": "#0"},
				"south": {"uv": [9.25, 2.25, 9.5, 2.5], "texture": "#0"},
				"west": {"uv": [0.75, 8, 1.75, 8.25], "texture": "#0"},
				"up": {"uv": [5.25, 8.75, 5, 7.75], "texture": "#0"},
				"down": {"uv": [5.5, 7.75, 5.25, 8.75], "texture": "#0"}
			}
		},
		{
			"from": [5, 0, 6],
			"to": [6, 1, 10],
			"faces": {
				"north": {"uv": [2.5, 9.25, 2.75, 9.5], "texture": "#0"},
				"east": {"uv": [1.75, 8, 2.75, 8.25], "texture": "#0"},
				"south": {"uv": [9.25, 2.5, 9.5, 2.75], "texture": "#0"},
				"west": {"uv": [2.75, 8, 3.75, 8.25], "texture": "#0"},
				"up": {"uv": [4.25, 9, 4, 8], "texture": "#0"},
				"down": {"uv": [4.5, 8, 4.25, 9], "texture": "#0"}
			}
		},
		{
			"from": [6, 14, 10],
			"to": [10, 15, 11],
			"rotation": {"angle": 0, "axis": "y", "origin": [8, 9.5, 8]},
			"faces": {
				"north": {"uv": [8.5, 6.5, 9.5, 6.75], "texture": "#0"},
				"east": {"uv": [9.75, 0.5, 10, 0.75], "texture": "#0"},
				"south": {"uv": [8.5, 6.75, 9.5, 7], "texture": "#0"},
				"west": {"uv": [0.75, 9.75, 1, 10], "texture": "#0"},
				"up": {"uv": [9.5, 7.25, 8.5, 7], "texture": "#0"},
				"down": {"uv": [9.5, 7.25, 8.5, 7.5], "texture": "#0"}
			}
		},
		{
			"from": [6, 14, 6],
			"to": [10, 15, 10],
			"rotation": {"angle": 0, "axis": "y", "origin": [8, 9.5, 8]},
			"faces": {
				"north": {"uv": [8.5, 5.5, 9.5, 5.75], "texture": "#0"},
				"east": {"uv": [8.5, 5.75, 9.5, 6], "texture": "#0"},
				"south": {"uv": [8.5, 6, 9.5, 6.25], "texture": "#0"},
				"west": {"uv": [8.5, 6.25, 9.5, 6.5], "texture": "#0"},
				"up": {"uv": [7, 5, 6, 4], "texture": "#0"},
				"down": {"uv": [7, 5, 6, 6], "texture": "#0"}
			}
		},
		{
			"from": [6, 14, 5],
			"to": [10, 15, 6],
			"rotation": {"angle": 0, "axis": "y", "origin": [8, 9.5, 8]},
			"faces": {
				"north": {"uv": [8.5, 3, 9.5, 3.25], "texture": "#0"},
				"east": {"uv": [9.75, 0.25, 10, 0.5], "texture": "#0"},
				"south": {"uv": [8.5, 3.25, 9.5, 3.5], "texture": "#0"},
				"west": {"uv": [0.5, 9.75, 0.75, 10], "texture": "#0"},
				"up": {"uv": [9.5, 3.75, 8.5, 3.5], "texture": "#0"},
				"down": {"uv": [9.5, 5.25, 8.5, 5.5], "texture": "#0"}
			}
		},
		{
			"from": [5, 14, 6],
			"to": [6, 15, 10],
			"rotation": {"angle": 0, "axis": "y", "origin": [8, 9.5, 8]},
			"faces": {
				"north": {"uv": [9.75, 0, 10, 0.25], "texture": "#0"},
				"east": {"uv": [2.25, 8.5, 3.25, 8.75], "texture": "#0"},
				"south": {"uv": [0.25, 9.75, 0.5, 10], "texture": "#0"},
				"west": {"uv": [8.5, 2.75, 9.5, 3], "texture": "#0"},
				"up": {"uv": [3.5, 9.5, 3.25, 8.5], "texture": "#0"},
				"down": {"uv": [3.75, 8.5, 3.5, 9.5], "texture": "#0"}
			}
		},
		{
			"from": [10, 14, 6],
			"to": [11, 15, 10],
			"rotation": {"angle": 0, "axis": "y", "origin": [8, 9.5, 8]},
			"faces": {
				"north": {"uv": [9.5, 9.5, 9.75, 9.75], "texture": "#0"},
				"east": {"uv": [8, 8.25, 9, 8.5], "texture": "#0"},
				"south": {"uv": [0, 9.75, 0.25, 10], "texture": "#0"},
				"west": {"uv": [0.75, 8.5, 1.75, 8.75], "texture": "#0"},
				"up": {"uv": [2, 9.5, 1.75, 8.5], "texture": "#0"},
				"down": {"uv": [2.25, 8.5, 2, 9.5], "texture": "#0"}
			}
		},
		{
			"from": [5, 13, 5],
			"to": [11, 14, 11],
			"rotation": {"angle": 0, "axis": "y", "origin": [8, 9.5, 8]},
			"faces": {
				"north": {"uv": [7.25, 5, 8.75, 5.25], "texture": "#0"},
				"east": {"uv": [0.75, 7.5, 2.25, 7.75], "texture": "#0"},
				"south": {"uv": [2.25, 7.5, 3.75, 7.75], "texture": "#0"},
				"west": {"uv": [4, 7.5, 5.5, 7.75], "texture": "#0"},
				"up": {"uv": [4.5, 7, 3, 5.5], "texture": "#0"},
				"down": {"uv": [6, 5.5, 4.5, 7], "texture": "#0"}
			}
		},
		{
			"from": [11, 13, 5],
			"to": [12, 14, 11],
			"rotation": {"angle": 0, "axis": "y", "origin": [8, 9.5, 8]},
			"faces": {
				"north": {"uv": [9.25, 9.5, 9.5, 9.75], "texture": "#0"},
				"east": {"uv": [7.25, 4.5, 8.75, 4.75], "texture": "#0"},
				"south": {"uv": [9.5, 9.25, 9.75, 9.5], "texture": "#0"},
				"west": {"uv": [7.25, 4.75, 8.75, 5], "texture": "#0"},
				"up": {"uv": [7.25, 8.75, 7, 7.25], "texture": "#0"},
				"down": {"uv": [7.5, 7.25, 7.25, 8.75], "texture": "#0"}
			}
		},
		{
			"from": [4, 13, 5],
			"to": [5, 14, 11],
			"rotation": {"angle": 0, "axis": "y", "origin": [8, 9.5, 8]},
			"faces": {
				"north": {"uv": [9, 9.5, 9.25, 9.75], "texture": "#0"},
				"east": {"uv": [7.25, 4, 8.75, 4.25], "texture": "#0"},
				"south": {"uv": [9.5, 9, 9.75, 9.25], "texture": "#0"},
				"west": {"uv": [7.25, 4.25, 8.75, 4.5], "texture": "#0"},
				"up": {"uv": [6, 8.5, 5.75, 7], "texture": "#0"},
				"down": {"uv": [7.5, 5.5, 7.25, 7], "texture": "#0"}
			}
		},
		{
			"from": [5, 13, 4],
			"to": [11, 14, 5],
			"rotation": {"angle": 0, "axis": "y", "origin": [8, 9.5, 8]},
			"faces": {
				"north": {"uv": [7.25, 2.25, 8.75, 2.5], "texture": "#0"},
				"east": {"uv": [8.75, 9.5, 9, 9.75], "texture": "#0"},
				"south": {"uv": [7.25, 2.5, 8.75, 2.75], "texture": "#0"},
				"west": {"uv": [9.5, 8.75, 9.75, 9], "texture": "#0"},
				"up": {"uv": [8.75, 4, 7.25, 3.75], "texture": "#0"},
				"down": {"uv": [5.5, 7.25, 4, 7.5], "texture": "#0"}
			}
		},
		{
			"from": [5, 13, 11],
			"to": [11, 14, 12],
			"rotation": {"angle": 0, "axis": "y", "origin": [8, 9.5, 8]},
			"faces": {
				"north": {"uv": [7.25, 1.5, 8.75, 1.75], "texture": "#0"},
				"east": {"uv": [8.5, 9.5, 8.75, 9.75], "texture": "#0"},
				"south": {"uv": [7.25, 1.75, 8.75, 2], "texture": "#0"},
				"west": {"uv": [9.5, 8.5, 9.75, 8.75], "texture": "#0"},
				"up": {"uv": [8.75, 2.25, 7.25, 2], "texture": "#0"},
				"down": {"uv": [3.75, 7.25, 2.25, 7.5], "texture": "#0"}
			}
		},
		{
			"from": [9, 12, 4],
			"to": [11, 13, 5],
			"rotation": {"angle": 0, "axis": "y", "origin": [8, 9.5, 8]},
			"faces": {
				"north": {"uv": [9.25, 0.5, 9.75, 0.75], "texture": "#0"},
				"east": {"uv": [8.25, 9.5, 8.5, 9.75], "texture": "#0"},
				"south": {"uv": [0.75, 9.25, 1.25, 9.5], "texture": "#0"},
				"west": {"uv": [9.5, 8.25, 9.75, 8.5], "texture": "#0"},
				"up": {"uv": [9.75, 1, 9.25, 0.75], "texture": "#0"},
				"down": {"uv": [9.75, 1, 9.25, 1.25], "texture": "#0"}
			}
		},
		{
			"from": [5, 12, 4],
			"to": [7, 13, 5],
			"rotation": {"angle": 0, "axis": "y", "origin": [8, 9.5, 8]},
			"faces": {
				"north": {"uv": [9, 8.75, 9.5, 9], "texture": "#0"},
				"east": {"uv": [8, 9.5, 8.25, 9.75], "texture": "#0"},
				"south": {"uv": [9, 9, 9.5, 9.25], "texture": "#0"},
				"west": {"uv": [9.5, 8, 9.75, 8.25], "texture": "#0"},
				"up": {"uv": [9.75, 0.25, 9.25, 0], "texture": "#0"},
				"down": {"uv": [9.75, 0.25, 9.25, 0.5], "texture": "#0"}
			}
		},
		{
			"from": [9, 12, 11],
			"to": [11, 13, 12],
			"rotation": {"angle": 0, "axis": "y", "origin": [8, 9.5, 8]},
			"faces": {
				"north": {"uv": [9, 8, 9.5, 8.25], "texture": "#0"},
				"east": {"uv": [7.75, 9.5, 8, 9.75], "texture": "#0"},
				"south": {"uv": [9, 8.25, 9.5, 8.5], "texture": "#0"},
				"west": {"uv": [9.5, 7.75, 9.75, 8], "texture": "#0"},
				"up": {"uv": [9, 9.25, 8.5, 9], "texture": "#0"},
				"down": {"uv": [9.5, 8.5, 9, 8.75], "texture": "#0"}
			}
		},
		{
			"from": [5, 12, 11],
			"to": [7, 13, 12],
			"rotation": {"angle": 0, "axis": "y", "origin": [8, 9.5, 8]},
			"faces": {
				"north": {"uv": [7, 9, 7.5, 9.25], "texture": "#0"},
				"east": {"uv": [7.5, 9.5, 7.75, 9.75], "texture": "#0"},
				"south": {"uv": [7.5, 9, 8, 9.25], "texture": "#0"},
				"west": {"uv": [9.5, 7.5, 9.75, 7.75], "texture": "#0"},
				"up": {"uv": [9.5, 7.75, 9, 7.5], "texture": "#0"},
				"down": {"uv": [9.5, 7.75, 9, 8], "texture": "#0"}
			}
		},
		{
			"from": [11, 12, 9],
			"to": [12, 13, 11],
			"rotation": {"angle": 0, "axis": "y", "origin": [8, 9.5, 8]},
			"faces": {
				"north": {"uv": [7.25, 9.5, 7.5, 9.75], "texture": "#0"},
				"east": {"uv": [4.5, 9, 5, 9.25], "texture": "#0"},
				"south": {"uv": [9.5, 7.25, 9.75, 7.5], "texture": "#0"},
				"west": {"uv": [5.5, 9, 6, 9.25], "texture": "#0"},
				"up": {"uv": [6.75, 9.5, 6.5, 9], "texture": "#0"},
				"down": {"uv": [7, 9, 6.75, 9.5], "texture": "#0"}
			}
		},
		{
			"from": [11, 12, 5],
			"to": [12, 13, 7],
			"rotation": {"angle": 0, "axis": "y", "origin": [8, 9.5, 8]},
			"faces": {
				"north": {"uv": [7, 9.5, 7.25, 9.75], "texture": "#0"},
				"east": {"uv": [2.25, 9, 2.75, 9.25], "texture": "#0"},
				"south": {"uv": [9.5, 7, 9.75, 7.25], "texture": "#0"},
				"west": {"uv": [3.75, 9, 4.25, 9.25], "texture": "#0"},
				"up": {"uv": [9.25, 4.5, 9, 4], "texture": "#0"},
				"down": {"uv": [4.5, 9, 4.25, 9.5], "texture": "#0"}
			}
		},
		{
			"from": [4, 12, 9],
			"to": [5, 13, 11],
			"rotation": {"angle": 0, "axis": "y", "origin": [8, 9.5, 8]},
			"faces": {
				"north": {"uv": [6.75, 9.5, 7, 9.75], "texture": "#0"},
				"east": {"uv": [8.5, 8.75, 9, 9], "texture": "#0"},
				"south": {"uv": [9.5, 6.75, 9.75, 7], "texture": "#0"},
				"west": {"uv": [0.75, 9, 1.25, 9.25], "texture": "#0"},
				"up": {"uv": [1.5, 9.5, 1.25, 9], "texture": "#0"},
				"down": {"uv": [1.75, 9, 1.5, 9.5], "texture": "#0"}
			}
		},
		{
			"from": [4, 12, 5],
			"to": [5, 13, 7],
			"rotation": {"angle": 0, "axis": "y", "origin": [8, 9.5, 8]},
			"faces": {
				"north": {"uv": [6.5, 9.5, 6.75, 9.75], "texture": "#0"},
				"east": {"uv": [6.5, 8.75, 7, 9], "texture": "#0"},
				"south": {"uv": [9.5, 6.5, 9.75, 6.75], "texture": "#0"},
				"west": {"uv": [7, 8.75, 7.5, 9], "texture": "#0"},
				"up": {"uv": [8.25, 9.25, 8, 8.75], "texture": "#0"},
				"down": {"uv": [8.5, 8.75, 8.25, 9.25], "texture": "#0"}
			}
		},
		{
			"from": [10, 12, 5],
			"to": [11, 13, 6],
			"rotation": {"angle": 0, "axis": "y", "origin": [8, 9.5, 8]},
			"faces": {
				"north": {"uv": [5.75, 9.5, 6, 9.75], "texture": "#0"},
				"east": {"uv": [9.5, 5.75, 9.75, 6], "texture": "#0"},
				"south": {"uv": [6, 9.5, 6.25, 9.75], "texture": "#0"},
				"west": {"uv": [9.5, 6, 9.75, 6.25], "texture": "#0"},
				"up": {"uv": [6.5, 9.75, 6.25, 9.5], "texture": "#0"},
				"down": {"uv": [9.75, 6.25, 9.5, 6.5], "texture": "#0"}
			}
		},
		{
			"from": [10, 12, 10],
			"to": [11, 13, 11],
			"rotation": {"angle": 0, "axis": "y", "origin": [8, 9.5, 8]},
			"faces": {
				"north": {"uv": [5, 9.5, 5.25, 9.75], "texture": "#0"},
				"east": {"uv": [9.5, 5, 9.75, 5.25], "texture": "#0"},
				"south": {"uv": [5.25, 9.5, 5.5, 9.75], "texture": "#0"},
				"west": {"uv": [9.5, 5.25, 9.75, 5.5], "texture": "#0"},
				"up": {"uv": [5.75, 9.75, 5.5, 9.5], "texture": "#0"},
				"down": {"uv": [9.75, 5.5, 9.5, 5.75], "texture": "#0"}
			}
		},
		{
			"from": [5, 12, 10],
			"to": [6, 13, 11],
			"rotation": {"angle": 0, "axis": "y", "origin": [8, 9.5, 8]},
			"faces": {
				"north": {"uv": [4.25, 9.5, 4.5, 9.75], "texture": "#0"},
				"east": {"uv": [9.5, 4.25, 9.75, 4.5], "texture": "#0"},
				"south": {"uv": [4.5, 9.5, 4.75, 9.75], "texture": "#0"},
				"west": {"uv": [9.5, 4.5, 9.75, 4.75], "texture": "#0"},
				"up": {"uv": [5, 9.75, 4.75, 9.5], "texture": "#0"},
				"down": {"uv": [9.75, 4.75, 9.5, 5], "texture": "#0"}
			}
		},
		{
			"from": [5, 12, 5],
			"to": [6, 13, 6],
			"rotation": {"angle": 0, "axis": "y", "origin": [8, 9.5, 8]},
			"faces": {
				"north": {"uv": [3.5, 9.5, 3.75, 9.75], "texture": "#0"},
				"east": {"uv": [9.5, 3.5, 9.75, 3.75], "texture": "#0"},
				"south": {"uv": [3.75, 9.5, 4, 9.75], "texture": "#0"},
				"west": {"uv": [9.5, 3.75, 9.75, 4], "texture": "#0"},
				"up": {"uv": [4.25, 9.75, 4, 9.5], "texture": "#0"},
				"down": {"uv": [9.75, 4, 9.5, 4.25], "texture": "#0"}
			}
		}
	],
	"display": {
		"thirdperson_righthand": {
			"translation": [0, -1.75, -2],
			"scale": [0.5, 0.5, 0.5]
		},
		"thirdperson_lefthand": {
			"translation": [0, -1.75, -2],
			"scale": [0.5, 0.5, 0.5]
		},
		"firstperson_righthand": {
			"rotation": [15, 180, 0],
			"translation": [1.75, 1.75, 1],
			"scale": [0.5, 0.5, 0.5]
		},
		"firstperson_lefthand": {
			"translation": [1.75, 3, 1],
			"scale": [0.5, 0.5, 0.5]
		},
		"ground": {
			"translation": [0, 3.75, 0]
		},
		"gui": {
			"translation": [0, 0.5, 0]
		},
		"head": {
			"translation": [0, 14.25, 0]
		},
		"fixed": {
			"rotation": [-90, 0, 0],
			"translation": [0, 0, -15],
			"scale": [2, 2, 2]
		}
	}
}