{
	"credit": "Made with Blockbench",
	"texture_size": [64, 64],
	"textures": {
		"1": "block/custom/thunder_cloud",
		"2": "block/custom/thunder_cloud_thunder",
		"particle": "block/custom/thunder_cloud_thunder"
	},
	"elements": [
		{
			"from": [5, 18, 4],
			"to": [12, 25, 12],
			"faces": {
				"north": {"uv": [2, 2, 3.75, 3.75], "texture": "#1"},
				"east": {"uv": [0, 2, 2, 3.75], "texture": "#1"},
				"south": {"uv": [5.75, 2, 7.5, 3.75], "texture": "#1"},
				"west": {"uv": [3.75, 2, 5.75, 3.75], "texture": "#1"},
				"up": {"uv": [3.75, 2, 2, 0], "texture": "#1"},
				"down": {"uv": [5.5, 0, 3.75, 2], "texture": "#1"}
			}
		},
		{
			"from": [2, 23, 6],
			"to": [8, 28, 11],
			"faces": {
				"north": {"uv": [1.25, 5, 2.75, 6.25], "texture": "#1"},
				"east": {"uv": [0, 5, 1.25, 6.25], "texture": "#1"},
				"south": {"uv": [4, 5, 5.5, 6.25], "texture": "#1"},
				"west": {"uv": [2.75, 5, 4, 6.25], "texture": "#1"},
				"up": {"uv": [2.75, 5, 1.25, 3.75], "texture": "#1"},
				"down": {"uv": [4.25, 3.75, 2.75, 5], "texture": "#1"}
			}
		},
		{
			"from": [0, 18, 5],
			"to": [5, 23, 10],
			"faces": {
				"north": {"uv": [5.5, 6.25, 6.75, 7.5], "texture": "#1"},
				"east": {"uv": [4.25, 6.25, 5.5, 7.5], "texture": "#1"},
				"south": {"uv": [8, 6.25, 9.25, 7.5], "texture": "#1"},
				"west": {"uv": [6.75, 6.25, 8, 7.5], "texture": "#1"},
				"up": {"uv": [6.75, 6.25, 5.5, 5], "texture": "#1"},
				"down": {"uv": [8, 5, 6.75, 6.25], "texture": "#1"}
			}
		},
		{
			"from": [12, 18, 5],
			"to": [15, 22, 10],
			"faces": {
				"north": {"uv": [1.25, 7.5, 2, 8.5], "texture": "#1"},
				"east": {"uv": [0, 7.5, 1.25, 8.5], "texture": "#1"},
				"south": {"uv": [3.25, 7.5, 4, 8.5], "texture": "#1"},
				"west": {"uv": [2, 7.5, 3.25, 8.5], "texture": "#1"},
				"up": {"uv": [2, 7.5, 1.25, 6.25], "texture": "#1"},
				"down": {"uv": [2.75, 6.25, 2, 7.5], "texture": "#1"}
			}
		},
		{
			"from": [0, 10, 8],
			"to": [16, 18, 8],
			"faces": {
				"north": {"uv": [0, 0, 16, 8], "texture": "#2"},
				"east": {"uv": [0.5, 0.5, 0.5, 2], "texture": "#2"},
				"south": {"uv": [16, 0, 0, 8], "texture": "#2"},
				"west": {"uv": [4.25, 0.5, 4.25, 2], "texture": "#2"},
				"up": {"uv": [4.25, 0.5, 0.5, 0.5], "texture": "#2"},
				"down": {"uv": [8, 0.5, 4.25, 0.5], "texture": "#2"}
			}
		}
	],
	"display": {
		"thirdperson_righthand": {
			"rotation": [180, 0, 0],
			"translation": [0, 8, 0],
			"scale": [0.5, 0.5, 0.5]
		},
		"thirdperson_lefthand": {
			"rotation": [180, 0, 0],
			"translation": [0, 8, 0],
			"scale": [0.5, 0.5, 0.5]
		},
		"firstperson_righthand": {
			"rotation": [0, 180, 0],
			"translation": [3, -2, 0],
			"scale": [0.5, 0.5, 0.5]
		},
		"firstperson_lefthand": {
			"rotation": [0, 180, 0],
			"translation": [3, -2, 0],
			"scale": [0.5, 0.5, 0.5]
		},
		"ground": {
			"translation": [0, -7.25, 0]
		},
		"gui": {
			"rotation": [20, 180, 0],
			"translation": [-0.5, -11.5, 0]
		},
		"head": {
			"translation": [0, 6.5, 0],
			"scale": [1.7, 1.7, 1.7]
		},
		"fixed": {
			"translation": [0, -12, -0.5]
		}
	}
}