{
	"credit": "Made with Blockbench",
	"texture_size": [32, 32],
	"textures": {
		"0": "block/custom/wizardhatp",
		"particle": "block/custom/wizardhatp"
	},
	"elements": [
		{
			"from": [2, 8, 2],
			"to": [14, 10, 14],
			"faces": {
				"north": {"uv": [10, 0, 16, 1], "texture": "#0"},
				"east": {"uv": [10, 1, 16, 2], "texture": "#0"},
				"south": {"uv": [10, 2, 16, 3], "texture": "#0"},
				"west": {"uv": [10, 3, 16, 4], "texture": "#0"},
				"up": {"uv": [6, 6, 0, 0], "texture": "#0"},
				"down": {"uv": [6, 6, 0, 12], "texture": "#0"}
			}
		},
		{
			"from": [5, 13, 5],
			"to": [11, 16, 11],
			"faces": {
				"north": {"uv": [12, 9.5, 15, 11], "texture": "#0"},
				"east": {"uv": [6, 12.5, 9, 14], "texture": "#0"},
				"south": {"uv": [9, 12.5, 12, 14], "texture": "#0"},
				"west": {"uv": [12, 12.5, 15, 14], "texture": "#0"},
				"up": {"uv": [9, 11, 6, 8], "texture": "#0"},
				"down": {"uv": [12, 8, 9, 11], "texture": "#0"}
			}
		},
		{
			"from": [4, 10, 4],
			"to": [12, 13, 12],
			"faces": {
				"north": {"uv": [10, 4, 14, 5.5], "texture": "#0"},
				"east": {"uv": [10, 5.5, 14, 7], "texture": "#0"},
				"south": {"uv": [6, 11, 10, 12.5], "texture": "#0"},
				"west": {"uv": [10, 11, 14, 12.5], "texture": "#0"},
				"up": {"uv": [10, 4, 6, 0], "texture": "#0"},
				"down": {"uv": [10, 4, 6, 8], "texture": "#0"}
			}
		},
		{
			"from": [6.01, 17.31, -6.59],
			"to": [9.99, 22.29, -2.61],
			"rotation": {"angle": 45, "axis": "x", "origin": [0, 0.3, -1.6]},
			"faces": {
				"north": {"uv": [0, 12, 2, 14.5], "texture": "#0"},
				"east": {"uv": [2, 12, 4, 14.5], "texture": "#0"},
				"south": {"uv": [4, 12, 6, 14.5], "texture": "#0"},
				"west": {"uv": [12, 7, 14, 9.5], "texture": "#0"},
				"up": {"uv": [16, 6, 14, 4], "texture": "#0"},
				"down": {"uv": [8, 14, 6, 16], "texture": "#0"}
			}
		},
		{
			"from": [7.01, 10.31, 17.01],
			"to": [8.99, 12.29, 19.99],
			"rotation": {"angle": -22.5, "axis": "x", "origin": [0, 0.3, -1.6]},
			"faces": {
				"north": {"uv": [14, 8.5, 15, 9.5], "texture": "#0"},
				"east": {"uv": [10, 7, 11.5, 8], "texture": "#0"},
				"south": {"uv": [9, 14, 10, 15], "texture": "#0"},
				"west": {"uv": [14, 6, 15.5, 7], "texture": "#0"},
				"up": {"uv": [15, 8.5, 14, 7], "texture": "#0"},
				"down": {"uv": [9, 14, 8, 15.5], "texture": "#0"}
			}
		}
	],
	"gui_light": "front",
	"display": {
		"thirdperson_lefthand": {
			"rotation": [69, 0, 0]
		},
		"firstperson_righthand": {
			"rotation": [-180, -10.25, -180],
			"translation": [2.25, 2, 0.25],
			"scale": [0.5, 0.5, 0.5]
		},
		"firstperson_lefthand": {
			"rotation": [-180, -10.25, -180],
			"translation": [2.25, 2, 0.25],
			"scale": [0.5, 0.5, 0.5]
		},
		"ground": {
			"scale": [1.6, 1.6, 1.6]
		},
		"gui": {
			"rotation": [-157.5, -24, -180],
			"translation": [0, -5.25, 0]
		},
		"head": {
			"rotation": [12.05, 3.01, -5.17],
			"translation": [-0.25, 2.5, -0.5],
			"scale": [1.725, 1.75, 1.7]
		},
		"fixed": {
			"rotation": [-90, 0, 0],
			"scale": [1.6, 1.6, 1.6]
		}
	}
}