{
	"credit": "Made with Blockbench",
	"parent": "minecraft:block/pressure_plate_up",
	"textures": {
		"texture": "block/polished_blackstone"
	},
	"elements": [
		{
			"from": [0, 0, 0],
			"to": [16, 1, 16],
			"faces": {
				"north": {"uv": [0, 0, 16, 1], "texture": "#texture"},
				"east": {"uv": [0, 0, 16, 1], "texture": "#texture"},
				"south": {"uv": [0, 0, 16, 1], "texture": "#texture"},
				"west": {"uv": [0, 0, 16, 1], "texture": "#texture"},
				"up": {"uv": [0, 0, 16, 16], "texture": "#texture"},
				"down": {"uv": [0, 0, 16, 16], "texture": "#texture"}
			}
		}
	]
}