{
 "parent": "block/carved_pumpkin",
 "textures": {
  "layer0": "item/carved_pumpkin"
 },
 
 "overrides": [
  {"predicate": {"custom_model_data":1}, "model": "block/custom/catinthehat"},
  {"predicate": {"custom_model_data":2}, "model": "block/custom/mallard"},
  {"predicate": {"custom_model_data":3}, "model": "block/custom/ppdragon"},
  {"predicate": {"custom_model_data":4}, "model": "block/custom/ppdragonblue"},
  {"predicate": {"custom_model_data":5}, "model": "block/custom/ppdragonorange"},
  {"predicate": {"custom_model_data":6}, "model": "block/custom/piratehat"},
  {"predicate": {"custom_model_data":7}, "model": "block/custom/sunglasseshigh"},
  {"predicate": {"custom_model_data":8}, "model": "block/custom/sunglasseslow"},
  {"predicate": {"custom_model_data":9}, "model": "block/custom/scamhat"},
  {"predicate": {"custom_model_data":10}, "model": "block/custom/robinhood"},
  {"predicate": {"custom_model_data":11}, "model": "block/custom/khonsuhat"},
  {"predicate": {"custom_model_data":12}, "model": "block/custom/davetheredeemer"},
  {"predicate": {"custom_model_data":13}, "model": "block/custom/bucket"},
  {"predicate": {"custom_model_data":14}, "model": "block/custom/pharaoh"},
  {"predicate": {"custom_model_data":15}, "model": "block/custom/mayor"},
  {"predicate": {"custom_model_data":16}, "model": "block/custom/antenna"},
  {"predicate": {"custom_model_data":17}, "model": "block/custom/antennatwo"},
  {"predicate": {"custom_model_data":18}, "model": "block/custom/flowercrownpink"},
  {"predicate": {"custom_model_data":19}, "model": "block/custom/flowercrownblue"},
  {"predicate": {"custom_model_data":20}, "model": "block/custom/flowercrownyellow"},
  {"predicate": {"custom_model_data":21}, "model": "block/custom/daisycrown"},
  {"predicate": {"custom_model_data":22}, "model": "block/custom/buildhat"},
  {"predicate": {"custom_model_data":23}, "model": "block/custom/horsehead"},
  {"predicate": {"custom_model_data":24}, "model": "block/custom/moustachehigh"},
  {"predicate": {"custom_model_data":25}, "model": "block/custom/moustachelow"},
  {"predicate": {"custom_model_data":26}, "model": "block/custom/sombrero"},
  {"predicate": {"custom_model_data":27}, "model": "block/custom/smolhat"},
  {"predicate": {"custom_model_data":28}, "model": "block/custom/maid"},
  {"predicate": {"custom_model_data":29}, "model": "block/custom/hollow"},
  {"predicate": {"custom_model_data":30}, "model": "block/custom/wardan"},
  {"predicate": {"custom_model_data":31}, "model": "block/custom/warden"},
  {"predicate": {"custom_model_data":32}, "model": "block/custom/tadokihat"},
  {"predicate": {"custom_model_data":33}, "model": "block/custom/clockhat"},
  {"predicate": {"custom_model_data":34}, "model": "block/custom/rustycrown"},
  {"predicate": {"custom_model_data":35}, "model": "block/custom/books"},
  {"predicate": {"custom_model_data":36}, "model": "block/custom/redbowler"},
  {"predicate": {"custom_model_data":37}, "model": "block/custom/tree"},
  {"predicate": {"custom_model_data":38}, "model": "block/custom/creeperskin"},
  {"predicate": {"custom_model_data":39}, "model": "block/custom/carne"},
  {"predicate": {"custom_model_data":40}, "model": "block/custom/testube"},
  {"predicate": {"custom_model_data":41}, "model": "block/custom/miniongeorge"},
  {"predicate": {"custom_model_data":42}, "model": "block/custom/miniondave"},
  {"predicate": {"custom_model_data":43}, "model": "block/custom/shrek"},
  {"predicate": {"custom_model_data":44}, "model": "block/custom/capybara_hat"},
  {"predicate": {"custom_model_data":45}, "model": "block/custom/steampunk_mask"},
  {"predicate": {"custom_model_data":46}, "model": "block/custom/steampunk_mask_clockhat"},
  {"predicate": {"custom_model_data":47}, "model": "block/custom/propeller_hat"},
  {"predicate": {"custom_model_data":48}, "model": "block/custom/thunder_cloud"},
  {"predicate": {"custom_model_data":49}, "model": "block/custom/chair"},
  {"predicate": {"custom_model_data":50}, "model": "block/custom/miniontadoki"},
  {"predicate": {"custom_model_data":51}, "model": "block/custom/crown_cape"},
  {"predicate": {"custom_model_data":52}, "model": "block/custom/minion_deborn"},
  {"predicate": {"custom_model_data":53}, "model": "block/custom/laptop"},
  {"predicate": {"custom_model_data":54}, "model": "block/custom/bongo_cat"},
  {"predicate": {"custom_model_data":55}, "model": "block/custom/mossy_crown"},
  {"predicate": {"custom_model_data":56}, "model": "block/custom/peter_griffin"},
  {"predicate": {"custom_model_data":57}, "model": "block/custom/burger"},
  {"predicate": {"custom_model_data":58}, "model": "block/custom/magikarp"},
  {"predicate": {"custom_model_data":59}, "model": "block/custom/squidward"},
  {"predicate": {"custom_model_data":60}, "model": "block/custom/dave_mob_boss"},
  {"predicate": {"custom_model_data":61}, "model": "block/custom/hipi"},
  {"predicate": {"custom_model_data":62}, "model": "block/custom/wizardhat"}
 ]
}