{
 "parent": "item/generated",
 "textures": {
  "layer0": "item/golden_carrot"
 },
 
 "overrides": [
  {"predicate": {"custom_model_data":1}, "model": "item/custom/pink_donut"},
  {"predicate": {"custom_model_data":2}, "model": "item/custom/blue_donut"},
  {"predicate": {"custom_model_data":3}, "model": "item/custom/chocolate_donut"},
  {"predicate": {"custom_model_data":4}, "model": "item/custom/duck_cookie"},
  {"predicate": {"custom_model_data":5}, "model": "item/custom/nodenium_cookie"},
  {"predicate": {"custom_model_data":6}, "model": "item/custom/grimace_shake"},
  {"predicate": {"custom_model_data":7}, "model": "item/custom/burger"}
 ]
}