{
  "textures": {
    "layer0": "item/netherite_axe"
  },
  "parent": "item/handheld",
  "overrides": [
  {"predicate": {"custom_model_data": 1},"model": "item/custom/foxaxe"},
  {"predicate": {"custom_model_data": 2},"model": "item/custom/leviathan_axe"},
  {"predicate": {"custom_model_data": 3},"model": "item/custom/kyle_axe"},
  {"predicate": {"custom_model_data": 4},"model": "item/custom/pizzacutter"},
  {"predicate": {"custom_model_data": 17},"model": "item/custom/beast_cutter"}

  ]
}