{
  "parent": "minecraft:item/handheld",
  "textures": {
    "layer0": "minecraft:item/netherite_sword"
  },
  
  "overrides": [
  {"predicate": {"custom_model_data": 1},"model": "item/custom/dek_wand"},
  {"predicate": {"custom_model_data": 2},"model": "item/custom/blue_lightsaber"},
  {"predicate": {"custom_model_data": 3},"model": "item/custom/green_lightsaber"},
  {"predicate": {"custom_model_data": 4},"model": "item/custom/red_lightsaber"},
  {"predicate": {"custom_model_data": 5},"model": "item/custom/platypus_sword"},
  {"predicate": {"custom_model_data": 6},"model": "item/custom/steampunk_katana"},
  {"predicate": {"custom_model_data": 7},"model": "item/custom/duck_sword"},
  {"predicate": {"custom_model_data": 8},"model": "item/custom/royal_claymore"},
  {"predicate": {"custom_model_data": 9},"model": "item/custom/moonlight_greatsword"},
  {"predicate": {"custom_model_data": 10},"model": "item/custom/master_sword"},
  {"predicate": {"custom_model_data": 11},"model": "item/custom/stick_sword"},
  {"predicate": {"custom_model_data": 12},"model": "item/custom/crucible"},
  {"predicate": {"custom_model_data": 13},"model": "item/custom/kyle_sword"},
  {"predicate": {"custom_model_data": 14},"model": "item/custom/steampunk_sword"},
  {"predicate": {"custom_model_data": 15},"model": "item/custom/frost_sword"},
  {"predicate": {"custom_model_data": 16},"model": "item/custom/trondisc"}
  
  ]
}