{
	"credit": "Made with Blockbench",
	"texture_size": [32, 32],
	"textures": {
		"0": "block/custom/moonlight_greatsword/moonlight_greatsword_blade",
		"3": "block/custom/moonlight_greatsword/moonlight_greatsword",
		"particle": "block/custom/moonlight_greatsword/moonlight_greatsword_blade"
	},
	"elements": [
		{
			"from": [7.6875, 0.925, 7.6875],
			"to": [8.3125, 8.425, 8.3125],
			"rotation": {"angle": 0, "axis": "x", "origin": [8.3125, 5.25, 8.3125]},
			"faces": {
				"north": {"uv": [1.25, 4, 1.5, 7.75], "texture": "#3"},
				"east": {"uv": [4, 1, 4.25, 4.75], "texture": "#3"},
				"south": {"uv": [1.5, 4, 1.75, 7.75], "texture": "#3"},
				"west": {"uv": [2, 4, 2.25, 7.75], "texture": "#3"},
				"up": {"uv": [5.75, 7.75, 5.5, 7.5], "texture": "#3"},
				"down": {"uv": [7.75, 5.5, 7.5, 5.75], "texture": "#3"}
			}
		},
		{
			"from": [6.5, 7.44905, 6.3125],
			"to": [8.125, 9.07405, 9.6875],
			"rotation": {"angle": 45, "axis": "z", "origin": [8, 8.94905, 7.5625]},
			"faces": {
				"north": {"uv": [5.5, 4, 6.25, 4.75], "texture": "#3"},
				"east": {"uv": [3, 0, 4.75, 0.75], "texture": "#3"},
				"south": {"uv": [4.5, 5.5, 5.25, 6.25], "texture": "#3"},
				"up": {"uv": [3.75, 2.75, 3, 1], "texture": "#3"}
			}
		},
		{
			"from": [7.89905, 7.88655, 7.375],
			"to": [8.89905, 8.88655, 8.625],
			"rotation": {"angle": 45, "axis": "z", "origin": [9.14905, 7.51155, 8.375]},
			"faces": {
				"north": {"uv": [0, 7, 0.5, 7.5], "texture": "#3"},
				"east": {"uv": [6, 5, 6.75, 5.5], "texture": "#3"},
				"south": {"uv": [0.5, 7, 1, 7.5], "texture": "#3"},
				"west": {"uv": [5.5, 6, 6.25, 6.5], "texture": "#3"},
				"up": {"uv": [4, 6.75, 3.5, 6], "texture": "#3"},
				"down": {"uv": [7, 0, 6.5, 0.75], "texture": "#3"}
			}
		},
		{
			"from": [7.89905, 1.44905, 7.375],
			"to": [8.89905, 2.44905, 8.625],
			"rotation": {"angle": 45, "axis": "z", "origin": [9.14905, 1.07405, 8.375]},
			"faces": {
				"north": {"uv": [3.5, 7, 4, 7.5], "texture": "#3"},
				"east": {"uv": [6, 5.5, 6.75, 6], "texture": "#3"},
				"south": {"uv": [4, 7, 4.5, 7.5], "texture": "#3"},
				"west": {"uv": [6.5, 1, 7.25, 1.5], "texture": "#3"},
				"up": {"uv": [7, 4.75, 6.5, 4], "texture": "#3"},
				"down": {"uv": [5, 6.5, 4.5, 7.25], "texture": "#3"}
			}
		},
		{
			"from": [7.375, 8.00893, 9.08178],
			"to": [8.625, 8.63393, 11.58178],
			"rotation": {"angle": -22.5, "axis": "x", "origin": [7.6875, 7.94643, 10.33178]},
			"faces": {
				"north": {"uv": [6, 7, 6.75, 7.25], "texture": "#3"},
				"east": {"uv": [6.5, 1.5, 7.75, 1.75], "texture": "#3"},
				"south": {"uv": [7, 7, 7.75, 7.25], "texture": "#3"},
				"west": {"uv": [5, 6.5, 6.25, 6.75], "texture": "#3"},
				"up": {"uv": [3.25, 5.25, 2.5, 4], "texture": "#3"},
				"down": {"uv": [5.25, 1, 4.5, 2.25], "texture": "#3"}
			}
		},
		{
			"from": [7.375, 8.00893, 4.41822],
			"to": [8.625, 8.63393, 6.91823],
			"rotation": {"angle": 22.5, "axis": "x", "origin": [7.6875, 7.94643, 5.66823]},
			"faces": {
				"north": {"uv": [0, 7.5, 0.75, 7.75], "texture": "#3"},
				"east": {"uv": [6.5, 6, 7.75, 6.25], "texture": "#3"},
				"south": {"uv": [7.5, 1, 8.25, 1.25], "texture": "#3"},
				"west": {"uv": [6.5, 6.5, 7.75, 6.75], "texture": "#3"},
				"up": {"uv": [5.25, 3.75, 4.5, 2.5], "texture": "#3"},
				"down": {"uv": [5.25, 4, 4.5, 5.25], "texture": "#3"}
			}
		},
		{
			"from": [6.75, 7.5, 6.125],
			"to": [9.25, 8.125, 9.875],
			"rotation": {"angle": 0, "axis": "y", "origin": [-2, -1, -1.375]},
			"faces": {
				"north": {"uv": [7, 4, 8.25, 4.25], "texture": "#3"},
				"east": {"uv": [6, 3, 8, 3.25], "texture": "#3"},
				"south": {"uv": [7, 4.5, 8.25, 4.75], "texture": "#3"},
				"west": {"uv": [6, 3.5, 8, 3.75], "texture": "#3"},
				"up": {"uv": [1.25, 4, 0, 2], "texture": "#3"},
				"down": {"uv": [2.75, 2, 1.5, 4], "texture": "#3"}
			}
		},
		{
			"from": [7.37812, 26.06886, 9.57745],
			"to": [8.62188, 29.56886, 10.57745],
			"rotation": {"angle": -22.5, "axis": "x", "origin": [7.99687, 24.42951, 7.94884]},
			"faces": {
				"north": {"uv": [3.5, 4, 4, 5.75], "texture": "#3"},
				"east": {"uv": [0, 5, 0.5, 6.75], "texture": "#3"},
				"south": {"uv": [0.5, 5, 1.25, 6.75], "texture": "#3"},
				"west": {"uv": [4, 5, 4.5, 6.75], "texture": "#3"},
				"up": {"uv": [5.5, 7.5, 5, 7], "texture": "#3"},
				"down": {"uv": [7.5, 5, 7, 5.5], "texture": "#3"}
			}
		},
		{
			"from": [7.38125, 26.09006, 5.42677],
			"to": [8.61875, 29.59006, 6.42677],
			"rotation": {"angle": 22.5, "axis": "x", "origin": [7.99375, 24.4507, 8]},
			"faces": {
				"north": {"uv": [5.25, 0, 6, 1.75], "texture": "#3"},
				"east": {"uv": [5.5, 2, 6, 3.75], "texture": "#3"},
				"south": {"uv": [2.5, 5.5, 3, 7.25], "texture": "#3"},
				"west": {"uv": [3, 5.5, 3.5, 7.25], "texture": "#3"},
				"up": {"uv": [6, 7.5, 5.5, 7], "texture": "#3"},
				"down": {"uv": [7.5, 5.5, 7, 6], "texture": "#3"}
			}
		},
		{
			"from": [7.37344, 28.07606, 3.42514],
			"to": [8.62656, 28.65675, 4.00583],
			"rotation": {"angle": 45, "axis": "x", "origin": [7.99844, 24.10312, 8.05126]},
			"faces": {
				"north": {"uv": [2.5, 7.5, 3.25, 7.75], "texture": "#3"},
				"east": {"uv": [6, 7.5, 6.25, 7.75], "texture": "#3"},
				"south": {"uv": [3.5, 7.5, 4.25, 7.75], "texture": "#3"},
				"west": {"uv": [6.5, 7.5, 6.75, 7.75], "texture": "#3"},
				"up": {"uv": [5.25, 7.75, 4.5, 7.5], "texture": "#3"},
				"down": {"uv": [8.25, 5, 7.5, 5.25], "texture": "#3"}
			}
		},
		{
			"from": [7.375, 7.95, 6.25],
			"to": [8.625, 26.95, 9.75],
			"rotation": {"angle": 0, "axis": "y", "origin": [8, 24.4507, 7.76425]},
			"faces": {
				"north": {"uv": [2.79, 0.8, 4, 16], "texture": "#0"},
				"east": {"uv": [0, 0.8, 2.79, 16], "texture": "#0"},
				"south": {"uv": [2.79, 0.8, 4.00263, 16], "texture": "#0"},
				"west": {"uv": [0, 0.8, 2.79, 16], "texture": "#0"},
				"up": {"uv": [6.75, 1.75, 6, 0], "texture": "#0"}
			}
		},
		{
			"from": [7.39375, 26.8, 7.075],
			"to": [8.60625, 28.74049, 8.925],
			"rotation": {"angle": 0, "axis": "y", "origin": [8, 24.4507, 7.8]},
			"faces": {
				"north": {"uv": [5, 0, 5.5, 1], "texture": "#3"},
				"east": {"uv": [3, 3, 4, 4], "texture": "#3"},
				"south": {"uv": [5.5, 5, 6, 6], "texture": "#3"},
				"west": {"uv": [0, 4, 1, 5], "texture": "#3"},
				"up": {"uv": [6.5, 1, 6, 0], "texture": "#3"},
				"down": {"uv": [6.5, 1, 6, 2], "texture": "#3"}
			}
		}
	],
	"gui_light": "front",
	"display": {
		"thirdperson_righthand": {
			"translation": [0, 2, 0.75],
			"scale": [1.4, 1.4, 1.4]
		},
		"thirdperson_lefthand": {
			"translation": [0, 2, 0.75],
			"scale": [1.4, 1.4, 1.4]
		},
		"firstperson_righthand": {
			"rotation": [20, 180, 0],
			"translation": [3, -0.25, -2],
			"scale": [0.55, 0.55, 0.55]
		},
		"firstperson_lefthand": {
			"rotation": [25, 180, 0],
			"translation": [3, -0.25, -2],
			"scale": [0.55, 0.55, 0.55]
		},
		"ground": {
			"rotation": [90, 135, -90],
			"translation": [5.5, 5.5, 0]
		},
		"gui": {
			"rotation": [60, 35, -60],
			"translation": [-4, -4, 0],
			"scale": [0.8, 0.8, 0.8]
		},
		"fixed": {
			"rotation": [90, 135, -90],
			"translation": [5, -5, 0]
		}
	}
}