{
	"credit": "Made with Blockbench",
	"textures": {
		"0": "item/custom/pekka_sword",
		"particle": "item/custom/pekka_sword"
	},
	"elements": [
		{
			"from": [7, 0, 7.5],
			"to": [9, 3, 8.5],
			"rotation": {"angle": 0, "axis": "y", "origin": [8, 6, 8]},
			"faces": {
				"north": {"uv": [8, 0, 10, 3], "texture": "#0"},
				"east": {"uv": [9, 8, 10, 11], "texture": "#0"},
				"south": {"uv": [8, 3, 10, 6], "texture": "#0"},
				"west": {"uv": [8, 8, 9, 11], "texture": "#0"},
				"up": {"uv": [11, 2, 10, 0], "rotation": 270, "texture": "#0"},
				"down": {"uv": [11, 2, 10, 4], "rotation": 90, "texture": "#0"}
			}
		},
		{
			"from": [6.5, 4, 8],
			"to": [9.5, 17, 8],
			"rotation": {"angle": 0, "axis": "y", "origin": [8, 6, 8]},
			"faces": {
				"north": {"uv": [3, 0, 0, 13], "texture": "#0"},
				"east": {"uv": [0, 0, 0, 13], "texture": "#0"},
				"south": {"uv": [0, 0, 3, 13], "texture": "#0"},
				"west": {"uv": [0, 0, 0, 13], "texture": "#0"},
				"up": {"uv": [0, 3, 0, 0], "rotation": 270, "texture": "#0"},
				"down": {"uv": [0, 0, 0, 3], "rotation": 90, "texture": "#0"}
			}
		},
		{
			"from": [5.5, 3, 7],
			"to": [10.5, 4, 9],
			"rotation": {"angle": 0, "axis": "y", "origin": [8, 6, 8]},
			"faces": {
				"north": {"uv": [8, 6, 13, 7], "texture": "#0"},
				"east": {"uv": [10, 5, 12, 6], "texture": "#0"},
				"south": {"uv": [8, 7, 13, 8], "texture": "#0"},
				"west": {"uv": [10, 4, 12, 5], "texture": "#0"},
				"up": {"uv": [8, 5, 6, 0], "rotation": 270, "texture": "#0"},
				"down": {"uv": [8, 5, 6, 10], "rotation": 90, "texture": "#0"}
			}
		}
	],
	"gui_light": "front",
	"display": {
		"thirdperson_righthand": {
			"rotation": [-5.75, -90, 0],
			"translation": [0, 6, 0.5],
			"scale": [1.1, 1.1, 1.1]
		},
		"thirdperson_lefthand": {
			"rotation": [-5.75, 90, 0],
			"translation": [0, 6, 0.5],
			"scale": [1.1, 1.1, 1.1]
		},
		"firstperson_righthand": {
			"rotation": [0, -90, -25],
			"translation": [1, 3.25, 0.8],
			"scale": [0.68, 0.68, 0.68]
		},
		"firstperson_lefthand": {
			"rotation": [0, 90, 25],
			"translation": [1, 3.25, 0.8],
			"scale": [0.68, 0.68, 0.68]
		},
		"ground": {
			"rotation": [0, 0, 45],
			"translation": [0, 2, 0],
			"scale": [0.6, 0.6, 0.6]
		},
		"gui": {
			"rotation": [0, 180, 45],
			"translation": [-0.25, -0.25, 0]
		},
		"fixed": {
			"rotation": [0, 0, 45]
		}
	}
}