{
	"credit": "Made with Blockbench",
	"texture_size": [64, 64],
	"textures": {
		"2": "block/custom/portal_gun",
		"particle": "block/custom/portal_gun"
	},
	"elements": [
		{
			"from": [4.5, 4, 10.1617],
			"to": [11.5, 6, 19.1617],
			"rotation": {"angle": 0, "axis": "y", "origin": [5.5, 0, 6.6617]},
			"faces": {
				"north": {"uv": [1.25, 6.75, 3, 7.25], "texture": "#2"},
				"east": {"uv": [5.25, 4, 7.5, 4.5], "texture": "#2"},
				"south": {"uv": [6.75, 1.5, 8.5, 2], "texture": "#2"},
				"west": {"uv": [6, 1, 8.25, 1.5], "texture": "#2"},
				"up": {"uv": [1.75, 2.25, 0, 0], "texture": "#2"},
				"down": {"uv": [3.5, 0, 1.75, 2.25], "texture": "#2"}
			}
		},
		{
			"from": [4.5, -1, 13.1617],
			"to": [11.5, 4, 19.1617],
			"rotation": {"angle": 0, "axis": "y", "origin": [5.5, 0, 5.1617]},
			"faces": {
				"north": {"uv": [3.5, 3.5, 5.25, 4.75], "texture": "#2"},
				"east": {"uv": [1.75, 3.75, 3.25, 5], "texture": "#2"},
				"south": {"uv": [0, 3.75, 1.75, 5], "texture": "#2"},
				"west": {"uv": [3.25, 4.75, 4.75, 6], "texture": "#2"},
				"up": {"uv": [1.75, 3.75, 0, 2.25], "texture": "#2"},
				"down": {"uv": [3.5, 2.25, 1.75, 3.75], "texture": "#2"}
			}
		},
		{
			"from": [5.5, -1, 10.1617],
			"to": [10.5, 4, 13.1617],
			"rotation": {"angle": 0, "axis": "y", "origin": [5, 0, 12.1617]},
			"faces": {
				"north": {"uv": [4.75, 4.75, 6, 6], "texture": "#2"},
				"east": {"uv": [6, 4.5, 6.75, 5.75], "texture": "#2"},
				"south": {"uv": [0, 5, 1.25, 6.25], "texture": "#2"},
				"west": {"uv": [5.25, 6, 6, 7.25], "texture": "#2"},
				"up": {"uv": [7.25, 6.5, 6, 5.75], "texture": "#2"},
				"down": {"uv": [1.25, 6.25, 0, 7], "texture": "#2"}
			}
		},
		{
			"from": [5.5, 0.5, 1.1617],
			"to": [10.5, 4.5, 4.1617],
			"rotation": {"angle": 0, "axis": "y", "origin": [5, 0, 12.1617]},
			"faces": {
				"north": {"uv": [5.25, 3, 6.5, 4], "texture": "#2"},
				"east": {"uv": [2.25, 5, 3, 6], "texture": "#2"},
				"south": {"uv": [6, 0, 7.25, 1], "texture": "#2"},
				"west": {"uv": [4.5, 6.75, 5.25, 7.75], "texture": "#2"},
				"up": {"uv": [7.75, 3.75, 6.5, 3], "texture": "#2"},
				"down": {"uv": [7.25, 6.5, 6, 7.25], "texture": "#2"}
			}
		},
		{
			"from": [5, -0.8, -1.2383],
			"to": [11, 2.2, 5.7617],
			"rotation": {"angle": -22.5, "axis": "x", "origin": [8, 1, 2.1617]},
			"faces": {
				"north": {"uv": [2.25, 6, 3.75, 6.75], "texture": "#2"},
				"east": {"uv": [5, 1.5, 6.75, 2.25], "texture": "#2"},
				"south": {"uv": [3.75, 6, 5.25, 6.75], "texture": "#2"},
				"west": {"uv": [5, 2.25, 6.75, 3], "texture": "#2"},
				"up": {"uv": [5, 1.75, 3.5, 0], "texture": "#2"},
				"down": {"uv": [5, 1.75, 3.5, 3.5], "texture": "#2"}
			}
		},
		{
			"from": [8, 5.5, 0.9617],
			"to": [8, 9.5, 1.9617],
			"rotation": {"angle": -45, "axis": "x", "origin": [8, 7, 4.1617]},
			"faces": {
				"east": {"uv": [3.25, 3.75, 3.5, 4.75], "texture": "#2"},
				"west": {"uv": [3, 5, 3.25, 6], "texture": "#2"}
			}
		},
		{
			"from": [1.32913, -0.28787, 3.66702],
			"to": [5.32913, 0.71213, 3.66702],
			"rotation": {"angle": -45, "axis": "y", "origin": [5.32913, 0.21213, 3.66702]},
			"faces": {
				"north": {"uv": [1.25, 6.5, 2.25, 6.75], "texture": "#2"},
				"south": {"uv": [6.25, 7.5, 7.25, 7.75], "texture": "#2"}
			}
		},
		{
			"from": [2.5, -0.28787, -4.1607],
			"to": [2.5, 0.71213, 0.8393],
			"rotation": {"angle": 0, "axis": "y", "origin": [2.5, 0.21213, -3.1607]},
			"faces": {
				"east": {"uv": [7.25, 6.75, 8.5, 7], "texture": "#2"},
				"west": {"uv": [7.25, 7, 8.5, 7.25], "texture": "#2"}
			}
		},
		{
			"from": [8, 6.21213, -4.1617],
			"to": [8, 7.21213, 0.8383],
			"rotation": {"angle": 0, "axis": "x", "origin": [8, 7.41213, 4.3383]},
			"faces": {
				"east": {"uv": [7.25, 6.25, 8.5, 6.5], "texture": "#2"},
				"west": {"uv": [7.25, 6.5, 8.5, 6.75], "texture": "#2"}
			}
		},
		{
			"from": [7.5, 4.71213, -4.1617],
			"to": [8.5, 7.71213, -4.1617],
			"rotation": {"angle": 0, "axis": "x", "origin": [8, 7.41213, 4.3383]},
			"faces": {
				"north": {"uv": [4.25, 7.25, 4.5, 8], "texture": "#2"},
				"south": {"uv": [7.75, 3, 8, 3.75], "texture": "#2"}
			}
		},
		{
			"from": [1.59719, -0.80428, -4.1607],
			"to": [4.59719, 0.19572, -4.1607],
			"rotation": {"angle": -22.5, "axis": "z", "origin": [3.84719, -0.30428, -4.1607]},
			"faces": {
				"north": {"uv": [5.25, 4.5, 6, 4.75], "texture": "#2"},
				"south": {"uv": [4.5, 7.75, 5.25, 8], "texture": "#2"}
			}
		},
		{
			"from": [13.5, -0.28787, -4.1607],
			"to": [13.5, 0.71213, 0.8393],
			"rotation": {"angle": 0, "axis": "y", "origin": [13.5, 0.21213, -3.1607]},
			"faces": {
				"east": {"uv": [7.5, 4, 8.75, 4.25], "texture": "#2"},
				"west": {"uv": [7.5, 4.25, 8.75, 4.5], "texture": "#2"}
			}
		},
		{
			"from": [11.40481, -0.80428, -4.1607],
			"to": [14.40481, 0.19572, -4.1607],
			"rotation": {"angle": 22.5, "axis": "z", "origin": [12.15481, -0.30428, -4.1607]},
			"faces": {
				"north": {"uv": [7.75, 4.5, 8.5, 4.75], "texture": "#2"},
				"south": {"uv": [7.75, 4.75, 8.5, 5], "texture": "#2"}
			}
		},
		{
			"from": [10.67087, -0.28787, 3.66702],
			"to": [14.67087, 0.71213, 3.66702],
			"rotation": {"angle": 45, "axis": "y", "origin": [10.67087, 0.21213, 3.66702]},
			"faces": {
				"north": {"uv": [7.25, 7.5, 8.25, 7.75], "texture": "#2"},
				"south": {"uv": [0, 7.75, 1, 8], "texture": "#2"}
			}
		},
		{
			"from": [6.5, 0.5, -2.8383],
			"to": [9.5, 3.5, 1.1617],
			"rotation": {"angle": 0, "axis": "y", "origin": [5, 0, 12.1617]},
			"faces": {
				"north": {"uv": [2.25, 7.25, 3, 8], "texture": "#2"},
				"east": {"uv": [6.75, 4.5, 7.75, 5.25], "texture": "#2"},
				"south": {"uv": [3, 7.25, 3.75, 8], "texture": "#2"},
				"west": {"uv": [0, 7, 1, 7.75], "texture": "#2"},
				"up": {"uv": [8, 1, 7.25, 0], "texture": "#2"},
				"down": {"uv": [1.75, 7.25, 1, 8.25], "texture": "#2"}
			}
		},
		{
			"from": [9, 2, 4.1617],
			"to": [9, 4, 10.1617],
			"rotation": {"angle": 0, "axis": "y", "origin": [5, 0, 15.1617]},
			"faces": {
				"north": {"uv": [0, 0, 0, 0.5], "texture": "#2"},
				"south": {"uv": [0, 0, 0, 0.5], "texture": "#2"},
				"west": {"uv": [6.75, 2, 8.25, 2.5], "texture": "#2"},
				"up": {"uv": [0, 1.5, 0, 0], "texture": "#2"},
				"down": {"uv": [0, 0, 0, 1.5], "texture": "#2"}
			}
		},
		{
			"from": [7, 4, 4.1617],
			"to": [9, 4, 10.1617],
			"rotation": {"angle": 0, "axis": "y", "origin": [5, 0, 15.1617]},
			"faces": {
				"north": {"uv": [0, 0, 0.5, 0], "texture": "#2"},
				"east": {"uv": [0, 0, 1.5, 0], "texture": "#2"},
				"south": {"uv": [0, 0, 0.5, 0], "texture": "#2"},
				"west": {"uv": [0, 0, 1.5, 0], "texture": "#2"},
				"down": {"uv": [2.25, 7.25, 1.75, 8.75], "texture": "#2"}
			}
		},
		{
			"from": [6, 0, 4.1617],
			"to": [10, 2, 10.1617],
			"rotation": {"angle": 0, "axis": "y", "origin": [5, 0, 15.1617]},
			"faces": {
				"north": {"uv": [5.25, 7.25, 6.25, 7.75], "texture": "#2"},
				"east": {"uv": [6.75, 2.5, 8.25, 3], "texture": "#2"},
				"south": {"uv": [7.25, 5.75, 8.25, 6.25], "texture": "#2"},
				"west": {"uv": [3, 6.75, 4.5, 7.25], "texture": "#2"},
				"up": {"uv": [6, 1.5, 5, 0], "texture": "#2"},
				"down": {"uv": [2.25, 5, 1.25, 6.5], "texture": "#2"}
			}
		},
		{
			"from": [7, 2, 4.1617],
			"to": [7, 4, 10.1617],
			"rotation": {"angle": 0, "axis": "y", "origin": [5, 0, 15.1617]},
			"faces": {
				"north": {"uv": [0, 0, 0, 0.5], "texture": "#2"},
				"east": {"uv": [6.75, 5.25, 8.25, 5.75], "texture": "#2"},
				"south": {"uv": [0, 0, 0, 0.5], "texture": "#2"},
				"up": {"uv": [0, 1.5, 0, 0], "texture": "#2"}
			}
		},
		{
			"from": [7.5, 2.5, 4.1617],
			"to": [8.5, 3.5, 10.1617],
			"rotation": {"angle": 0, "axis": "y", "origin": [0.5, 0, 10.6617]},
			"faces": {
				"north": {"uv": [5, 3, 5.25, 3.25], "texture": "#2"},
				"east": {"uv": [6.5, 3.75, 8, 4], "texture": "#2"},
				"south": {"uv": [5, 3.25, 5.25, 3.5], "texture": "#2"},
				"west": {"uv": [6.25, 7.25, 7.75, 7.5], "texture": "#2"},
				"up": {"uv": [4, 8.75, 3.75, 7.25], "texture": "#2"},
				"down": {"uv": [4.25, 7.25, 4, 8.75], "texture": "#2"}
			}
		}
	],
	"display": {
		"thirdperson_righthand": {
			"translation": [0, 5.75, 1],
			"scale": [0.8, 0.8, 0.8]
		},
		"thirdperson_lefthand": {
			"translation": [0, 5.75, 1],
			"scale": [0.8, 0.8, 0.8]
		},
		"firstperson_righthand": {
			"translation": [-1.5, 6.5, 1.5],
			"scale": [0.5, 0.5, 0.5]
		},
		"firstperson_lefthand": {
			"translation": [-1.75, 7.25, 0],
			"scale": [0.7, 0.7, 0.7]
		},
		"ground": {
			"translation": [0, 6.75, 0],
			"scale": [0.64, 0.64, 0.64]
		},
		"gui": {
			"rotation": [-79, -132, -99],
			"translation": [-2.75, 2.25, 0],
			"scale": [0.7, 0.7, 0.7]
		}
	}
}