{
	"credit": "Made with Blockbench",
	"texture_size": [64, 64],
	"textures": {
		"1": "item/custom/models/afro"
	},
	"elements": [
		{
			"from": [2, -1.25, 3.5],
			"to": [14, 7.75, 15.5],
			"rotation": {"angle": 22.5, "axis": "x", "origin": [8, 3.25, 9.5]},
			"faces": {
				"north": {"uv": [0, 9.5, 3, 11.75], "texture": "#1"},
				"east": {"uv": [9.75, 5, 12.75, 7.25], "texture": "#1"},
				"south": {"uv": [6.25, 10.5, 9.25, 12.75], "texture": "#1"},
				"west": {"uv": [9.25, 10.5, 12.25, 12.75], "texture": "#1"},
				"up": {"uv": [3, 9.5, 0, 6.5], "texture": "#1"},
				"down": {"uv": [9.5, 0, 6.5, 3], "texture": "#1"}
			}
		},
		{
			"from": [1.5, 8.25, 3],
			"to": [14.5, 8.25, 16],
			"rotation": {"angle": 22.5, "axis": "x", "origin": [8, 3.25, 9.5]},
			"faces": {
				"north": {"uv": [0, 0, 3.25, 0], "texture": "#1"},
				"east": {"uv": [0, 0, 3.25, 0], "texture": "#1"},
				"south": {"uv": [0, 0, 3.25, 0], "texture": "#1"},
				"west": {"uv": [0, 0, 3.25, 0], "texture": "#1"},
				"up": {"uv": [9.5, 10.5, 6.25, 7.25], "texture": "#1"},
				"down": {"uv": [3.25, 3.25, 0, 6.5], "texture": "#1"}
			}
		},
		{
			"from": [1.5, -1.75, 3],
			"to": [14.5, -1.75, 16],
			"rotation": {"angle": 22.5, "axis": "x", "origin": [8, 3.25, 9.5]},
			"faces": {
				"north": {"uv": [0, 0, 3.25, 0], "texture": "#1"},
				"east": {"uv": [0, 0, 3.25, 0], "texture": "#1"},
				"south": {"uv": [0, 0, 3.25, 0], "texture": "#1"},
				"west": {"uv": [0, 0, 3.25, 0], "texture": "#1"},
				"up": {"uv": [6.5, 3.25, 3.25, 0], "texture": "#1"},
				"down": {"uv": [6.5, 3.25, 3.25, 6.5], "texture": "#1"}
			}
		},
		{
			"from": [1.5, -1.75, 16],
			"to": [14.5, 8.25, 16],
			"rotation": {"angle": 22.5, "axis": "x", "origin": [8, 3.25, 9.5]},
			"faces": {
				"north": {"uv": [6.5, 5.5, 9.75, 8], "texture": "#1"},
				"east": {"uv": [0, 0, 0, 2.5], "texture": "#1"},
				"south": {"uv": [6.25, 8, 9.5, 10.5], "texture": "#1"},
				"west": {"uv": [0, 0, 0, 2.5], "texture": "#1"},
				"up": {"uv": [3.25, 0, 0, 0], "texture": "#1"},
				"down": {"uv": [3.25, 0, 0, 0], "texture": "#1"}
			}
		},
		{
			"from": [1.5, -1.75, 3],
			"to": [14.5, 8.25, 3],
			"rotation": {"angle": 22.5, "axis": "x", "origin": [8, 3.25, 9.5]},
			"faces": {
				"north": {"uv": [3, 9, 6.25, 11.5], "texture": "#1"},
				"east": {"uv": [0, 0, 0, 2.5], "texture": "#1"},
				"south": {"uv": [9.5, 0, 12.75, 2.5], "texture": "#1"},
				"west": {"uv": [0, 0, 0, 2.5], "texture": "#1"},
				"up": {"uv": [3.25, 0, 0, 0], "texture": "#1"},
				"down": {"uv": [3.25, 0, 0, 0], "texture": "#1"}
			}
		},
		{
			"from": [1.5, -1.75, 3],
			"to": [1.5, 8.25, 16],
			"rotation": {"angle": 22.5, "axis": "x", "origin": [8, 3.25, 9.5]},
			"faces": {
				"north": {"uv": [0, 0, 0, 2.5], "texture": "#1"},
				"east": {"uv": [9.5, 8, 12.75, 10.5], "texture": "#1"},
				"south": {"uv": [0, 0, 0, 2.5], "texture": "#1"},
				"west": {"uv": [6.5, 5.5, 9.75, 8], "texture": "#1"},
				"up": {"uv": [0, 3.25, 0, 0], "texture": "#1"},
				"down": {"uv": [0, 0, 0, 3.25], "texture": "#1"}
			}
		},
		{
			"from": [14.5, -1.75, 3],
			"to": [14.5, 8.25, 16],
			"rotation": {"angle": 22.5, "axis": "x", "origin": [8, 3.25, 9.5]},
			"faces": {
				"north": {"uv": [0, 0, 0, 2.5], "texture": "#1"},
				"east": {"uv": [6.5, 5.5, 9.75, 8], "texture": "#1"},
				"south": {"uv": [0, 0, 0, 2.5], "texture": "#1"},
				"west": {"uv": [6.5, 3, 9.75, 5.5], "texture": "#1"},
				"up": {"uv": [0, 3.25, 0, 0], "texture": "#1"},
				"down": {"uv": [0, 0, 0, 3.25], "texture": "#1"}
			}
		}
	],
	"display": {
		"thirdperson_righthand": {
			"rotation": [75, 45, 0],
			"translation": [0, 2.5, 0],
			"scale": [0.375, 0.375, 0.375]
		},
		"thirdperson_lefthand": {
			"rotation": [75, 45, 0],
			"translation": [0, 2.5, 0],
			"scale": [0.375, 0.375, 0.375]
		},
		"firstperson_righthand": {
			"rotation": [0, 45, 0],
			"scale": [0.4, 0.4, 0.4]
		},
		"firstperson_lefthand": {
			"rotation": [0, 225, 0],
			"scale": [0.4, 0.4, 0.4]
		},
		"ground": {
			"translation": [0, 3, 0],
			"scale": [0.25, 0.25, 0.25]
		},
		"gui": {
			"rotation": [30, 144, 0],
			"translation": [-0.5, 4, 0],
			"scale": [0.625, 0.625, 0.625]
		},
		"head": {
			"translation": [0, 14.75, 0],
			"scale": [1.6, 1.6, 1.6]
		},
		"fixed": {
			"scale": [0.5, 0.5, 0.5]
		}
	}
}