{
	"credit": "Made with Blockbench",
	"texture_size": [32, 32],
	"textures": {
		"4": "item/custom/models/carrot"
	},
	"elements": [
		{
			"from": [1, 0, 8],
			"to": [5, 4, 12],
			"rotation": {"angle": 0, "axis": "y", "origin": [3, 0, 10]},
			"faces": {
				"north": {"uv": [4, 0, 6, 2], "texture": "#4"},
				"east": {"uv": [4, 2, 6, 4], "texture": "#4"},
				"south": {"uv": [4, 4, 6, 6], "texture": "#4"},
				"west": {"uv": [0, 5, 2, 7], "texture": "#4"},
				"up": {"uv": [4, 7, 2, 5], "texture": "#4"},
				"down": {"uv": [8, 0, 6, 2], "texture": "#4"}
			}
		},
		{
			"from": [1.5, -4, 8.5],
			"to": [4.5, 0, 11.5],
			"rotation": {"angle": 0, "axis": "y", "origin": [2.5, -4, 10.5]},
			"faces": {
				"north": {"uv": [6, 2, 7.5, 4], "texture": "#4"},
				"east": {"uv": [4, 6, 5.5, 8], "texture": "#4"},
				"south": {"uv": [6, 4, 7.5, 6], "texture": "#4"},
				"west": {"uv": [5.5, 6, 7, 8], "texture": "#4"},
				"up": {"uv": [1.5, 8.5, 0, 7], "texture": "#4"},
				"down": {"uv": [3, 7, 1.5, 8.5], "texture": "#4"}
			}
		},
		{
			"from": [2, -8, 9],
			"to": [4, -4, 11],
			"rotation": {"angle": 0, "axis": "y", "origin": [2, -8, 10]},
			"faces": {
				"north": {"uv": [3, 7, 4, 9], "texture": "#4"},
				"east": {"uv": [7, 6, 8, 8], "texture": "#4"},
				"south": {"uv": [7.5, 2, 8.5, 4], "texture": "#4"},
				"west": {"uv": [7.5, 4, 8.5, 6], "texture": "#4"},
				"up": {"uv": [9, 1, 8, 0], "texture": "#4"},
				"down": {"uv": [9, 1, 8, 2], "texture": "#4"}
			}
		},
		{
			"from": [3, 4, 6],
			"to": [3, 14, 14],
			"rotation": {"angle": -45, "axis": "y", "origin": [3, 7.5, 10]},
			"faces": {
				"east": {"uv": [0, 0, 4, 5], "texture": "#4"},
				"west": {"uv": [0, 0, 4, 5], "texture": "#4"}
			}
		},
		{
			"from": [-1, 4, 10],
			"to": [7, 14, 10],
			"rotation": {"angle": -45, "axis": "y", "origin": [3, 7.5, 10]},
			"faces": {
				"north": {"uv": [0, 0, 4, 5], "texture": "#4"},
				"south": {"uv": [0, 0, 4, 5], "texture": "#4"}
			}
		},
		{
			"from": [7, -1, 2],
			"to": [11, 3, 6],
			"rotation": {"angle": 0, "axis": "y", "origin": [9, -1, 4]},
			"faces": {
				"north": {"uv": [4, 0, 6, 2], "texture": "#4"},
				"east": {"uv": [4, 2, 6, 4], "texture": "#4"},
				"south": {"uv": [4, 4, 6, 6], "texture": "#4"},
				"west": {"uv": [0, 5, 2, 7], "texture": "#4"},
				"up": {"uv": [4, 7, 2, 5], "texture": "#4"},
				"down": {"uv": [8, 0, 6, 2], "texture": "#4"}
			}
		},
		{
			"from": [7.5, -5, 2.5],
			"to": [10.5, -1, 5.5],
			"rotation": {"angle": 0, "axis": "y", "origin": [8.5, -5, 4.5]},
			"faces": {
				"north": {"uv": [6, 2, 7.5, 4], "texture": "#4"},
				"east": {"uv": [4, 6, 5.5, 8], "texture": "#4"},
				"south": {"uv": [6, 4, 7.5, 6], "texture": "#4"},
				"west": {"uv": [5.5, 6, 7, 8], "texture": "#4"},
				"up": {"uv": [1.5, 8.5, 0, 7], "texture": "#4"},
				"down": {"uv": [3, 7, 1.5, 8.5], "texture": "#4"}
			}
		},
		{
			"from": [8, -9, 3],
			"to": [10, -5, 5],
			"rotation": {"angle": 0, "axis": "y", "origin": [8, -9, 4]},
			"faces": {
				"north": {"uv": [3, 7, 4, 9], "texture": "#4"},
				"east": {"uv": [7, 6, 8, 8], "texture": "#4"},
				"south": {"uv": [7.5, 2, 8.5, 4], "texture": "#4"},
				"west": {"uv": [7.5, 4, 8.5, 6], "texture": "#4"},
				"up": {"uv": [9, 1, 8, 0], "texture": "#4"},
				"down": {"uv": [9, 1, 8, 2], "texture": "#4"}
			}
		},
		{
			"from": [9, 3, 0],
			"to": [9, 13, 8],
			"rotation": {"angle": -45, "axis": "y", "origin": [9, 6.5, 4]},
			"faces": {
				"east": {"uv": [0, 0, 4, 5], "texture": "#4"},
				"west": {"uv": [0, 0, 4, 5], "texture": "#4"}
			}
		},
		{
			"from": [5, 3, 4],
			"to": [13, 13, 4],
			"rotation": {"angle": -45, "axis": "y", "origin": [9, 6.5, 4]},
			"faces": {
				"north": {"uv": [0, 0, 4, 5], "texture": "#4"},
				"south": {"uv": [0, 0, 4, 5], "texture": "#4"}
			}
		},
		{
			"from": [10, -1, 10],
			"to": [14, 3, 14],
			"rotation": {"angle": 0, "axis": "y", "origin": [12, -1, 12]},
			"faces": {
				"north": {"uv": [4, 0, 6, 2], "texture": "#4"},
				"east": {"uv": [4, 2, 6, 4], "texture": "#4"},
				"south": {"uv": [4, 4, 6, 6], "texture": "#4"},
				"west": {"uv": [0, 5, 2, 7], "texture": "#4"},
				"up": {"uv": [4, 7, 2, 5], "texture": "#4"},
				"down": {"uv": [8, 0, 6, 2], "texture": "#4"}
			}
		},
		{
			"from": [10.5, -5, 10.5],
			"to": [13.5, -1, 13.5],
			"rotation": {"angle": 0, "axis": "y", "origin": [11.5, -5, 12.5]},
			"faces": {
				"north": {"uv": [6, 2, 7.5, 4], "texture": "#4"},
				"east": {"uv": [4, 6, 5.5, 8], "texture": "#4"},
				"south": {"uv": [6, 4, 7.5, 6], "texture": "#4"},
				"west": {"uv": [5.5, 6, 7, 8], "texture": "#4"},
				"up": {"uv": [1.5, 8.5, 0, 7], "texture": "#4"},
				"down": {"uv": [3, 7, 1.5, 8.5], "texture": "#4"}
			}
		},
		{
			"from": [11, -9, 11],
			"to": [13, -5, 13],
			"rotation": {"angle": 0, "axis": "y", "origin": [11, -9, 12]},
			"faces": {
				"north": {"uv": [3, 7, 4, 9], "texture": "#4"},
				"east": {"uv": [7, 6, 8, 8], "texture": "#4"},
				"south": {"uv": [7.5, 2, 8.5, 4], "texture": "#4"},
				"west": {"uv": [7.5, 4, 8.5, 6], "texture": "#4"},
				"up": {"uv": [9, 1, 8, 0], "texture": "#4"},
				"down": {"uv": [9, 1, 8, 2], "texture": "#4"}
			}
		},
		{
			"from": [12, 3, 8],
			"to": [12, 13, 16],
			"rotation": {"angle": -45, "axis": "y", "origin": [12, 6.5, 12]},
			"faces": {
				"east": {"uv": [0, 0, 4, 5], "texture": "#4"},
				"west": {"uv": [0, 0, 4, 5], "texture": "#4"}
			}
		},
		{
			"from": [8, 3, 12],
			"to": [16, 13, 12],
			"rotation": {"angle": -45, "axis": "y", "origin": [12, 6.5, 12]},
			"faces": {
				"north": {"uv": [0, 0, 4, 5], "texture": "#4"},
				"south": {"uv": [0, 0, 4, 5], "texture": "#4"}
			}
		}
	],
	"display": {
		"thirdperson_righthand": {
			"rotation": [75, 45, 0],
			"translation": [0, 2.5, 0],
			"scale": [0.375, 0.375, 0.375]
		},
		"thirdperson_lefthand": {
			"rotation": [75, 45, 0],
			"translation": [0, 2.5, 0],
			"scale": [0.375, 0.375, 0.375]
		},
		"firstperson_righthand": {
			"rotation": [0, 45, 0],
			"translation": [0, 3.5, 0],
			"scale": [0.4, 0.4, 0.4]
		},
		"firstperson_lefthand": {
			"rotation": [0, 225, 0],
			"translation": [0, 3.5, 0],
			"scale": [0.4, 0.4, 0.4]
		},
		"ground": {
			"translation": [0, 3, 0],
			"scale": [0.25, 0.25, 0.25]
		},
		"gui": {
			"rotation": [30, 135, 0],
			"translation": [0, 3.25, 0],
			"scale": [0.65, 0.65, 0.65]
		},
		"fixed": {
			"rotation": [-90, 0, 0],
			"translation": [0, 0, -16],
			"scale": [2, 2, 2]
		}
	},
	"groups": [
		{
			"name": "group",
			"origin": [8, 8.5, 8],
			"color": 0,
			"children": [0, 1, 2, 3, 4]
		},
		{
			"name": "group",
			"origin": [8, 8.5, 8],
			"color": 0,
			"children": [5, 6, 7, 8, 9]
		},
		{
			"name": "group",
			"origin": [8, 8.5, 8],
			"color": 0,
			"children": [10, 11, 12, 13, 14]
		}
	]
}