{
	"credit": "Made with Blockbench",
	"texture_size": [128, 128],
	"textures": {
		"2": "item/custom/models/corn_costume"
	},
	"elements": [
		{
			"from": [2.5, 3, 2.5],
			"to": [13.5, 14, 13.5],
			"rotation": {"angle": 0, "axis": "y", "origin": [6.5, 3, 6.5]},
			"faces": {
				"north": {"uv": [0, 3.25, 1.375, 4.625], "texture": "#2"},
				"east": {"uv": [0, 3.25, 1.375, 4.625], "texture": "#2"},
				"south": {"uv": [0, 3.25, 1.375, 4.625], "texture": "#2"},
				"west": {"uv": [0, 3.25, 1.375, 4.625], "texture": "#2"},
				"up": {"uv": [2.75, 4.625, 1.375, 3.25], "texture": "#2"},
				"down": {"uv": [4.125, 3.25, 2.75, 4.625], "texture": "#2"}
			}
		},
		{
			"from": [11.5, 14, 2.5],
			"to": [13.5, 22, 13.5],
			"rotation": {"angle": 0, "axis": "y", "origin": [7.5, 14, 6.5]},
			"faces": {
				"north": {"uv": [6.375, 1.75, 6.625, 2.75], "texture": "#2"},
				"east": {"uv": [0, 4.625, 1.375, 5.625], "texture": "#2"},
				"south": {"uv": [2.5, 6.375, 2.75, 7.375], "texture": "#2"},
				"west": {"uv": [1.375, 4.625, 2.75, 5.625], "texture": "#2"},
				"up": {"uv": [6.625, 1.375, 6.375, 0], "texture": "#2"},
				"down": {"uv": [1.125, 6.375, 0.875, 7.75], "texture": "#2"}
			}
		},
		{
			"from": [2.5, 14, 2.5],
			"to": [4.5, 22, 13.5],
			"rotation": {"angle": 0, "axis": "y", "origin": [-1.5, 14, 6.5]},
			"faces": {
				"north": {"uv": [2.75, 6.375, 3, 7.375], "texture": "#2"},
				"east": {"uv": [2.75, 4.625, 4.125, 5.625], "texture": "#2"},
				"south": {"uv": [6.375, 2.75, 6.625, 3.75], "texture": "#2"},
				"west": {"uv": [4.125, 5, 5.5, 6], "texture": "#2"},
				"up": {"uv": [1.375, 7.75, 1.125, 6.375], "texture": "#2"},
				"down": {"uv": [1.625, 6.375, 1.375, 7.75], "texture": "#2"}
			}
		},
		{
			"from": [4.5, 14, 10.5],
			"to": [11.5, 22, 13.5],
			"rotation": {"angle": 0, "axis": "y", "origin": [-1.5, 14, 7.5]},
			"faces": {
				"north": {"uv": [5.5, 0, 6.375, 1], "texture": "#2"},
				"east": {"uv": [5.875, 6.125, 6.25, 7.125], "texture": "#2"},
				"south": {"uv": [5.5, 1, 6.375, 2], "texture": "#2"},
				"west": {"uv": [6.25, 6.125, 6.625, 7.125], "texture": "#2"},
				"up": {"uv": [7.25, 1.75, 6.375, 1.375], "texture": "#2"},
				"down": {"uv": [2.5, 6.375, 1.625, 6.75], "texture": "#2"}
			}
		},
		{
			"from": [4.5, 22, 4.5],
			"to": [11.5, 24, 11.5],
			"rotation": {"angle": 0, "axis": "y", "origin": [6.5, 6, 6.5]},
			"faces": {
				"north": {"uv": [6.375, 5.5, 7.25, 5.75], "texture": "#2"},
				"east": {"uv": [6.375, 5.75, 7.25, 6], "texture": "#2"},
				"south": {"uv": [0, 6.5, 0.875, 6.75], "texture": "#2"},
				"west": {"uv": [6.625, 0, 7.5, 0.25], "texture": "#2"},
				"up": {"uv": [6.375, 6.125, 5.5, 5.25], "texture": "#2"},
				"down": {"uv": [0.875, 5.625, 0, 6.5], "texture": "#2"}
			}
		},
		{
			"from": [4.5, 20, 2.5],
			"to": [11.5, 22, 10.5],
			"rotation": {"angle": 0, "axis": "y", "origin": [6.5, 4, 6.5]},
			"faces": {
				"north": {"uv": [6.625, 0.25, 7.5, 0.5], "texture": "#2"},
				"east": {"uv": [6.375, 3.75, 7.375, 4], "texture": "#2"},
				"south": {"uv": [6.625, 0.5, 7.5, 0.75], "texture": "#2"},
				"west": {"uv": [6.375, 5.25, 7.375, 5.5], "texture": "#2"},
				"up": {"uv": [6.375, 3, 5.5, 2], "texture": "#2"},
				"down": {"uv": [6.375, 3, 5.5, 4], "texture": "#2"}
			}
		},
		{
			"from": [2.5, 0, 2.5],
			"to": [13.5, 3, 13.5],
			"rotation": {"angle": 0, "axis": "z", "origin": [6.5, 0, 6.5]},
			"faces": {
				"north": {"uv": [0.875, 5.625, 2.25, 6], "texture": "#2"},
				"east": {"uv": [2.25, 5.625, 3.625, 6], "texture": "#2"},
				"south": {"uv": [0.875, 6, 2.25, 6.375], "texture": "#2"},
				"west": {"uv": [2.25, 6, 3.625, 6.375], "texture": "#2"},
				"up": {"uv": [5.5, 1.375, 4.125, 0], "texture": "#2"},
				"down": {"uv": [5.5, 1.375, 4.125, 2.75], "texture": "#2"}
			}
		},
		{
			"from": [10.5, 4.8373, 1.73671],
			"to": [13.5, 13.8373, 2.73671],
			"rotation": {"angle": -22.5, "axis": "x", "origin": [6.5, 5.8373, 6.73671]},
			"faces": {
				"north": {"uv": [5.125, 6, 5.5, 7.125], "texture": "#2"},
				"east": {"uv": [0.625, 6.75, 0.75, 7.875], "texture": "#2"},
				"south": {"uv": [5.5, 6.125, 5.875, 7.25], "texture": "#2"},
				"west": {"uv": [0.75, 6.75, 0.875, 7.875], "texture": "#2"},
				"up": {"uv": [7, 3.5, 6.625, 3.375], "texture": "#2"},
				"down": {"uv": [7, 3.5, 6.625, 3.625], "texture": "#2"}
			}
		},
		{
			"from": [2.5, 4.8373, 1.73671],
			"to": [5.5, 14.8373, 2.73671],
			"rotation": {"angle": -22.5, "axis": "x", "origin": [0.5, 5.8373, 6.73671]},
			"faces": {
				"north": {"uv": [4.375, 6, 4.75, 7.25], "texture": "#2"},
				"east": {"uv": [0.375, 6.75, 0.5, 8], "texture": "#2"},
				"south": {"uv": [4.75, 6, 5.125, 7.25], "texture": "#2"},
				"west": {"uv": [0.5, 6.75, 0.625, 8], "texture": "#2"},
				"up": {"uv": [7, 3.75, 6.625, 3.625], "texture": "#2"},
				"down": {"uv": [2.375, 6.75, 2, 6.875], "texture": "#2"}
			}
		},
		{
			"from": [2.5, 6.24264, 0.32843],
			"to": [13.5, 11.24264, 1.32843],
			"rotation": {"angle": -45, "axis": "x", "origin": [0.5, 7.24264, 5.32843]},
			"faces": {
				"north": {"uv": [5.5, 4, 6.875, 4.625], "texture": "#2"},
				"east": {"uv": [6.75, 1.75, 6.875, 2.375], "texture": "#2"},
				"south": {"uv": [5.5, 4.625, 6.875, 5.25], "texture": "#2"},
				"west": {"uv": [1.875, 6.75, 2, 7.375], "texture": "#2"},
				"up": {"uv": [7.75, 6.125, 6.375, 6], "texture": "#2"},
				"down": {"uv": [8, 0.75, 6.625, 0.875], "texture": "#2"}
			}
		},
		{
			"from": [2.5, 6.24264, 14.67157],
			"to": [13.5, 15.24264, 15.67157],
			"rotation": {"angle": 45, "axis": "x", "origin": [0.5, 7.24264, 10.67157]},
			"faces": {
				"north": {"uv": [4.125, 2.75, 5.5, 3.875], "texture": "#2"},
				"east": {"uv": [1.625, 6.75, 1.75, 7.875], "texture": "#2"},
				"south": {"uv": [4.125, 3.875, 5.5, 5], "texture": "#2"},
				"west": {"uv": [1.75, 6.75, 1.875, 7.875], "texture": "#2"},
				"up": {"uv": [8, 1.25, 6.625, 1.125], "texture": "#2"},
				"down": {"uv": [8, 1.25, 6.625, 1.375], "texture": "#2"}
			}
		},
		{
			"from": [-8.01042, 12.13175, 2.5],
			"to": [-5.01042, 13.13175, 13.5],
			"rotation": {"angle": 45, "axis": "z", "origin": [-6.01042, 17.13175, 0.5]},
			"faces": {
				"north": {"uv": [1.75, 6.75, 1.875, 7.875], "texture": "#2"},
				"east": {"uv": [6.625, 1.25, 8, 1.375], "texture": "#2"},
				"south": {"uv": [1.625, 6.75, 1.75, 7.875], "texture": "#2"},
				"west": {"uv": [6.625, 1.125, 8, 1.25], "texture": "#2"},
				"up": {"uv": [5.5, 3.875, 4.125, 2.75], "texture": "#2"},
				"down": {"uv": [5.5, 3.875, 4.125, 5], "texture": "#2"}
			}
		},
		{
			"from": [21.01042, 12.13175, 2.5],
			"to": [24.01042, 13.13175, 13.5],
			"rotation": {"angle": -45, "axis": "z", "origin": [22.01042, 17.13175, 15.5]},
			"faces": {
				"north": {"uv": [1.625, 6.75, 1.75, 7.875], "texture": "#2"},
				"east": {"uv": [6.625, 1.125, 8, 1.25], "texture": "#2"},
				"south": {"uv": [1.75, 6.75, 1.875, 7.875], "texture": "#2"},
				"west": {"uv": [6.625, 1.25, 8, 1.375], "texture": "#2"},
				"up": {"uv": [4, 7, 3.625, 5.625], "texture": "#2"},
				"down": {"uv": [4.375, 6, 4, 7.375], "texture": "#2"}
			}
		},
		{
			"from": [2.5, 4.8373, 13.26329],
			"to": [13.5, 17.8373, 14.26329],
			"rotation": {"angle": 22.5, "axis": "x", "origin": [7.5, 5.8373, 9.26329]},
			"faces": {
				"north": {"uv": [0, 0, 1.375, 1.625], "texture": "#2"},
				"east": {"uv": [3, 6.375, 3.125, 8], "texture": "#2"},
				"south": {"uv": [1.375, 0, 2.75, 1.625], "texture": "#2"},
				"west": {"uv": [3.125, 6.375, 3.25, 8], "texture": "#2"},
				"up": {"uv": [8, 1, 6.625, 0.875], "texture": "#2"},
				"down": {"uv": [8, 1, 6.625, 1.125], "texture": "#2"}
			}
		},
		{
			"from": [1.73671, 4.8373, 2.5],
			"to": [2.73671, 17.8373, 13.5],
			"rotation": {"angle": 22.5, "axis": "z", "origin": [6.73671, 5.8373, 6.5]},
			"faces": {
				"north": {"uv": [3.25, 6.375, 3.375, 8], "texture": "#2"},
				"east": {"uv": [0, 1.625, 1.375, 3.25], "texture": "#2"},
				"south": {"uv": [3.375, 6.375, 3.5, 8], "texture": "#2"},
				"west": {"uv": [1.375, 1.625, 2.75, 3.25], "texture": "#2"},
				"up": {"uv": [6.75, 7.5, 6.625, 6.125], "texture": "#2"},
				"down": {"uv": [0.125, 6.75, 0, 8.125], "texture": "#2"}
			}
		},
		{
			"from": [13.26329, 4.8373, 2.5],
			"to": [14.26329, 17.8373, 13.5],
			"rotation": {"angle": -22.5, "axis": "z", "origin": [9.26329, 5.8373, 7.5]},
			"faces": {
				"north": {"uv": [3.5, 6.375, 3.625, 8], "texture": "#2"},
				"east": {"uv": [2.75, 0, 4.125, 1.625], "texture": "#2"},
				"south": {"uv": [6.625, 1.75, 6.75, 3.375], "texture": "#2"},
				"west": {"uv": [2.75, 1.625, 4.125, 3.25], "texture": "#2"},
				"up": {"uv": [0.25, 8.125, 0.125, 6.75], "texture": "#2"},
				"down": {"uv": [0.375, 6.75, 0.25, 8.125], "texture": "#2"}
			}
		}
	],
	"display": {
		"thirdperson_righthand": {
			"rotation": [75, 45, 0],
			"translation": [0, 2.5, 0],
			"scale": [0.375, 0.375, 0.375]
		},
		"thirdperson_lefthand": {
			"rotation": [75, 45, 0],
			"translation": [0, 2.5, 0],
			"scale": [0.375, 0.375, 0.375]
		},
		"firstperson_righthand": {
			"rotation": [0, 45, 0],
			"scale": [0.4, 0.4, 0.4]
		},
		"firstperson_lefthand": {
			"rotation": [0, 225, 0],
			"scale": [0.4, 0.4, 0.4]
		},
		"ground": {
			"translation": [0, 3, 0],
			"scale": [0.25, 0.25, 0.25]
		},
		"gui": {
			"rotation": [30, 225, 0],
			"scale": [0.45, 0.45, 0.45]
		},
		"head": {
			"translation": [0, -16.75, 0],
			"scale": [1.8, 1.8, 1.8]
		},
		"fixed": {
			"scale": [0.5, 0.5, 0.5]
		}
	}
}