{
	"credit": "Made with Blockbench",
	"textures": {
		"1": "item/custom/cupid_wing",
		"particle": "item/custom/cupid_wing"
	},
	"elements": [
		{
			"from": [-7, 3, 6],
			"to": [3, 11, 6],
			"rotation": {"angle": 45, "axis": "y", "origin": [3, 5, 6]},
			"faces": {
				"north": {"uv": [0, 0, 10, 8], "texture": "#1"},
				"south": {"uv": [0, 8, 10, 16], "texture": "#1"}
			}
		},
		{
			"from": [13, 3, 6],
			"to": [23, 11, 6],
			"rotation": {"angle": -45, "axis": "y", "origin": [13, 5, 6]},
			"faces": {
				"north": {"uv": [0, 8, 10, 16], "texture": "#1"},
				"south": {"uv": [0, 0, 10, 8], "texture": "#1"}
			}
		}
	],
	"display": {
		"thirdperson_righthand": {
			"translation": [0, 2.5, 0],
			"scale": [0.375, 0.375, 0.375]
		},
		"thirdperson_lefthand": {
			"translation": [0, 2.5, 0],
			"scale": [0.375, 0.375, 0.375]
		},
		"firstperson_righthand": {
			"translation": [0, 2.5, 0],
			"scale": [0.4, 0.4, 0.4]
		},
		"firstperson_lefthand": {
			"translation": [0, 2.5, 0],
			"scale": [0.4, 0.4, 0.4]
		},
		"ground": {
			"translation": [0, 3, 0],
			"scale": [0.25, 0.25, 0.25]
		},
		"gui": {
			"rotation": [30, 180, 0],
			"scale": [0.66, 0.66, 0.66]
		},
		"head": {
			"translation": [0, 6, 0],
			"scale": [1.3, 1.3, 1.3]
		},
		"fixed": {
			"scale": [0.5, 0.5, 0.5]
		}
	}
}