{
	"credit": "Made with Blockbench",
	"texture_size": [64, 64],
	"textures": {
		"0": "item/custom/models/goggles",
		"particle": "item/custom/models/goggles"
	},
	"elements": [
		{
			"from": [10, 3, -2],
			"to": [15, 8, 0],
			"rotation": {"angle": 0, "axis": "y", "origin": [10, 3, -2]},
			"faces": {
				"north": {"uv": [3.25, 0.75, 4.5, 2], "texture": "#0"},
				"east": {"uv": [5.5, 2, 6, 3.25], "texture": "#0"},
				"south": {"uv": [3.25, 2, 4.5, 3.25], "texture": "#0"},
				"west": {"uv": [4.75, 5.5, 5.25, 6.75], "texture": "#0"},
				"up": {"uv": [6.5, 6, 5.25, 5.5], "texture": "#0"},
				"down": {"uv": [1.25, 5.75, 0, 6.25], "texture": "#0"}
			}
		},
		{
			"from": [2, 3, -2],
			"to": [7, 8, 0],
			"rotation": {"angle": 0, "axis": "y", "origin": [2, 3, -2]},
			"faces": {
				"north": {"uv": [3.25, 3.25, 4.5, 4.5], "texture": "#0"},
				"east": {"uv": [1.25, 5.75, 1.75, 7], "texture": "#0"},
				"south": {"uv": [0, 3.75, 1.25, 5], "texture": "#0"},
				"west": {"uv": [1.75, 5.75, 2.25, 7], "texture": "#0"},
				"up": {"uv": [7, 3.75, 5.75, 3.25], "texture": "#0"},
				"down": {"uv": [7, 3.75, 5.75, 4.25], "texture": "#0"}
			}
		},
		{
			"from": [8, 4, -1],
			"to": [9, 7, 1],
			"rotation": {"angle": 0, "axis": "y", "origin": [8, 4, -1]},
			"faces": {
				"north": {"uv": [5.75, 4.25, 6.5, 5], "texture": "#0"},
				"east": {"uv": [2.25, 6, 2.75, 6.75], "texture": "#0"},
				"south": {"uv": [6, 2, 6.75, 2.75], "texture": "#0"},
				"west": {"uv": [2.75, 6, 3.25, 6.75], "texture": "#0"},
				"up": {"uv": [6.5, 5.5, 5.75, 5], "texture": "#0"},
				"down": {"uv": [6.75, 2.75, 6, 3.25], "texture": "#0"}
			}
		},
		{
			"from": [15, 4, 3],
			"to": [16, 7, 16],
			"rotation": {"angle": 0, "axis": "y", "origin": [15, 4, 3]},
			"faces": {
				"north": {"uv": [0.75, 6.75, 1, 7.5], "texture": "#0"},
				"east": {"uv": [0, 0, 3.25, 0.75], "texture": "#0"},
				"south": {"uv": [1, 6.75, 1.25, 7.5], "texture": "#0"},
				"west": {"uv": [0, 0.75, 3.25, 1.5], "texture": "#0"},
				"up": {"uv": [4, 8.5, 3.75, 5.25], "texture": "#0"},
				"down": {"uv": [4.25, 5.25, 4, 8.5], "texture": "#0"}
			}
		},
		{
			"from": [1, 4, 3],
			"to": [2, 7, 16],
			"rotation": {"angle": 0, "axis": "y", "origin": [1, 4, 3]},
			"faces": {
				"north": {"uv": [4.75, 6.75, 5, 7.5], "texture": "#0"},
				"east": {"uv": [0, 3, 3.25, 3.75], "texture": "#0"},
				"south": {"uv": [5, 6.75, 5.25, 7.5], "texture": "#0"},
				"west": {"uv": [3.25, 0, 6.5, 0.75], "texture": "#0"},
				"up": {"uv": [4.5, 8.5, 4.25, 5.25], "texture": "#0"},
				"down": {"uv": [4.75, 5.5, 4.5, 8.75], "texture": "#0"}
			}
		},
		{
			"from": [2, 4.22836, 16.14805],
			"to": [15, 7.22836, 17.14805],
			"rotation": {"angle": -22.5, "axis": "x", "origin": [2, 4.22836, 17.14805]},
			"faces": {
				"north": {"uv": [0, 1.5, 3.25, 2.25], "texture": "#0"},
				"east": {"uv": [3, 6.75, 3.25, 7.5], "texture": "#0"},
				"south": {"uv": [0, 2.25, 3.25, 3], "texture": "#0"},
				"west": {"uv": [6.75, 4.25, 7, 5], "texture": "#0"},
				"up": {"uv": [8.75, 1.75, 5.5, 1.5], "texture": "#0"},
				"down": {"uv": [8.75, 1.75, 5.5, 2], "texture": "#0"}
			}
		},
		{
			"from": [2, 2, -1],
			"to": [7, 3, 2],
			"rotation": {"angle": 0, "axis": "y", "origin": [2, 2, -1]},
			"faces": {
				"north": {"uv": [5.25, 6, 6.5, 6.25], "texture": "#0"},
				"east": {"uv": [2.5, 5, 3.25, 5.25], "texture": "#0"},
				"south": {"uv": [0, 6.25, 1.25, 6.5], "texture": "#0"},
				"west": {"uv": [6.75, 0.75, 7.5, 1], "texture": "#0"},
				"up": {"uv": [4.5, 5.25, 3.25, 4.5], "texture": "#0"},
				"down": {"uv": [5.75, 3.25, 4.5, 4], "texture": "#0"}
			}
		},
		{
			"from": [10, 2, -1],
			"to": [15, 3, 2],
			"rotation": {"angle": 0, "axis": "y", "origin": [10, 2, -1]},
			"faces": {
				"north": {"uv": [6.5, 0.5, 7.75, 0.75], "texture": "#0"},
				"east": {"uv": [6.75, 2.25, 7.5, 2.5], "texture": "#0"},
				"south": {"uv": [5.5, 6.5, 6.75, 6.75], "texture": "#0"},
				"west": {"uv": [6.75, 2.5, 7.5, 2.75], "texture": "#0"},
				"up": {"uv": [3.75, 6, 2.5, 5.25], "texture": "#0"},
				"down": {"uv": [6.75, 0.75, 5.5, 1.5], "texture": "#0"}
			}
		},
		{
			"from": [2, 8, -1],
			"to": [7, 9, 2],
			"rotation": {"angle": 0, "axis": "y", "origin": [2, 8, -1]},
			"faces": {
				"north": {"uv": [5.25, 6.25, 6.5, 6.5], "texture": "#0"},
				"east": {"uv": [6.75, 1, 7.5, 1.25], "texture": "#0"},
				"south": {"uv": [0, 6.5, 1.25, 6.75], "texture": "#0"},
				"west": {"uv": [6.75, 1.25, 7.5, 1.5], "texture": "#0"},
				"up": {"uv": [5.75, 4.75, 4.5, 4], "texture": "#0"},
				"down": {"uv": [5.75, 4.75, 4.5, 5.5], "texture": "#0"}
			}
		},
		{
			"from": [10, 8, -1],
			"to": [15, 9, 2],
			"rotation": {"angle": 0, "axis": "y", "origin": [10, 8, -1]},
			"faces": {
				"north": {"uv": [6.5, 0, 7.75, 0.25], "texture": "#0"},
				"east": {"uv": [6.75, 2, 7.5, 2.25], "texture": "#0"},
				"south": {"uv": [6.5, 0.25, 7.75, 0.5], "texture": "#0"},
				"west": {"uv": [2.25, 6.75, 3, 7], "texture": "#0"},
				"up": {"uv": [1.25, 5.75, 0, 5], "texture": "#0"},
				"down": {"uv": [2.5, 5, 1.25, 5.75], "texture": "#0"}
			}
		},
		{
			"from": [1, 3, -1],
			"to": [2, 8, 3],
			"rotation": {"angle": 0, "axis": "y", "origin": [2, 3, -1]},
			"faces": {
				"north": {"uv": [3.25, 6, 3.5, 7.25], "texture": "#0"},
				"east": {"uv": [1.25, 3.75, 2.25, 5], "texture": "#0"},
				"south": {"uv": [3.5, 6, 3.75, 7.25], "texture": "#0"},
				"west": {"uv": [2.25, 3.75, 3.25, 5], "texture": "#0"},
				"up": {"uv": [6.75, 6.5, 6.5, 5.5], "texture": "#0"},
				"down": {"uv": [0.25, 6.75, 0, 7.75], "texture": "#0"}
			}
		},
		{
			"from": [15, 3, -1],
			"to": [16, 8, 3],
			"rotation": {"angle": 0, "axis": "y", "origin": [16, 3, -1]},
			"faces": {
				"north": {"uv": [6.5, 4.25, 6.75, 5.5], "texture": "#0"},
				"east": {"uv": [4.5, 0.75, 5.5, 2], "texture": "#0"},
				"south": {"uv": [5.25, 6.5, 5.5, 7.75], "texture": "#0"},
				"west": {"uv": [4.5, 2, 5.5, 3.25], "texture": "#0"},
				"up": {"uv": [0.5, 7.75, 0.25, 6.75], "texture": "#0"},
				"down": {"uv": [0.75, 6.75, 0.5, 7.75], "texture": "#0"}
			}
		},
		{
			"from": [7, 3, -1],
			"to": [8, 8, 1],
			"rotation": {"angle": 0, "axis": "y", "origin": [7, 3, -1]},
			"faces": {
				"north": {"uv": [7, 3.25, 7.25, 3.5], "texture": "#0"},
				"east": {"uv": [6.75, 5.5, 7.25, 5.75], "texture": "#0"},
				"south": {"uv": [7, 3.5, 7.25, 3.75], "texture": "#0"},
				"west": {"uv": [5.75, 6.75, 6.25, 7], "texture": "#0"},
				"up": {"uv": [7, 6.25, 6.75, 5.75], "texture": "#0"},
				"down": {"uv": [6.5, 6.75, 6.25, 7.25], "texture": "#0"}
			}
		},
		{
			"from": [9, 3, -1],
			"to": [10, 8, 1],
			"rotation": {"angle": 0, "axis": "y", "origin": [9, 3, -1]},
			"faces": {
				"north": {"uv": [7, 3.75, 7.25, 4], "texture": "#0"},
				"east": {"uv": [6.75, 6.25, 7.25, 6.5], "texture": "#0"},
				"south": {"uv": [7, 4, 7.25, 4.25], "texture": "#0"},
				"west": {"uv": [6.5, 6.75, 7, 7], "texture": "#0"},
				"up": {"uv": [1.5, 7.5, 1.25, 7], "texture": "#0"},
				"down": {"uv": [1.75, 7, 1.5, 7.5], "texture": "#0"}
			}
		}
	],
	"display": {
		"thirdperson_righthand": {
			"rotation": [75, 45, 0],
			"translation": [0, 2.5, 0],
			"scale": [0.375, 0.375, 0.375]
		},
		"thirdperson_lefthand": {
			"rotation": [75, 45, 0],
			"translation": [0, 2.5, 0],
			"scale": [0.375, 0.375, 0.375]
		},
		"firstperson_righthand": {
			"rotation": [0, 45, 0],
			"scale": [0.4, 0.4, 0.4]
		},
		"firstperson_lefthand": {
			"rotation": [0, 225, 0],
			"scale": [0.4, 0.4, 0.4]
		},
		"ground": {
			"translation": [0, 3, 0],
			"scale": [0.25, 0.25, 0.25]
		},
		"gui": {
			"rotation": [30, 225, 0],
			"scale": [0.625, 0.625, 0.625]
		},
		"head": {
			"rotation": [19, 0, 0],
			"translation": [-0.5, 4.75, 0.75]
		}
	}
}