{
	"credit": "Made with Blockbench",
	"texture_size": [32, 32],
	"textures": {
		"3": "item/custom/models/mace_trophy"
	},
	"elements": [
		{
			"from": [5, 0, 5],
			"to": [11, 1, 11],
			"rotation": {"angle": -45, "axis": "y", "origin": [8, 5.5, 8]},
			"faces": {
				"north": {"uv": [3.5, 6, 6.5, 6.5], "texture": "#3"},
				"east": {"uv": [6, 4.5, 9, 5], "texture": "#3"},
				"south": {"uv": [6, 5, 9, 5.5], "texture": "#3"},
				"west": {"uv": [6, 5.5, 9, 6], "texture": "#3"},
				"up": {"uv": [3, 3, 0, 0], "texture": "#3"},
				"down": {"uv": [3, 3, 0, 6], "texture": "#3"}
			}
		},
		{
			"from": [5, 10, 5],
			"to": [11, 11, 11],
			"rotation": {"angle": -45, "axis": "y", "origin": [8, 5.5, 8]},
			"faces": {
				"north": {"uv": [3.5, 6, 6.5, 6.5], "texture": "#3"},
				"east": {"uv": [6, 4.5, 9, 5], "texture": "#3"},
				"south": {"uv": [6, 5, 9, 5.5], "texture": "#3"},
				"west": {"uv": [6, 5.5, 9, 6], "texture": "#3"},
				"up": {"uv": [3, 3, 0, 0], "texture": "#3"},
				"down": {"uv": [3, 3, 0, 6], "texture": "#3"}
			}
		},
		{
			"from": [9.5, 1, 5.5],
			"to": [10.5, 10, 6.5],
			"rotation": {"angle": -45, "axis": "y", "origin": [8, 5.5, 8]},
			"faces": {
				"north": {"uv": [3, 0, 3.5, 4.5], "texture": "#3"},
				"east": {"uv": [3.5, 0, 4, 4.5], "texture": "#3"},
				"south": {"uv": [4, 0, 4.5, 4.5], "texture": "#3"},
				"west": {"uv": [4.5, 0, 5, 4.5], "texture": "#3"},
				"up": {"uv": [7, 2.5, 6.5, 2], "texture": "#3"},
				"down": {"uv": [7, 2.5, 6.5, 3], "texture": "#3"}
			}
		},
		{
			"from": [9.5, 1, 9.5],
			"to": [10.5, 10, 10.5],
			"rotation": {"angle": -45, "axis": "y", "origin": [8, 5.5, 8]},
			"faces": {
				"north": {"uv": [3, 0, 3.5, 4.5], "texture": "#3"},
				"east": {"uv": [3.5, 0, 4, 4.5], "texture": "#3"},
				"south": {"uv": [4, 0, 4.5, 4.5], "texture": "#3"},
				"west": {"uv": [4.5, 0, 5, 4.5], "texture": "#3"},
				"up": {"uv": [7, 2.5, 6.5, 2], "texture": "#3"},
				"down": {"uv": [7, 2.5, 6.5, 3], "texture": "#3"}
			}
		},
		{
			"from": [5.5, 1, 5.5],
			"to": [6.5, 10, 6.5],
			"rotation": {"angle": -45, "axis": "y", "origin": [8, 5.5, 8]},
			"faces": {
				"north": {"uv": [3, 0, 3.5, 4.5], "texture": "#3"},
				"east": {"uv": [3.5, 0, 4, 4.5], "texture": "#3"},
				"south": {"uv": [4, 0, 4.5, 4.5], "texture": "#3"},
				"west": {"uv": [4.5, 0, 5, 4.5], "texture": "#3"},
				"up": {"uv": [7, 2.5, 6.5, 2], "texture": "#3"},
				"down": {"uv": [7, 2.5, 6.5, 3], "texture": "#3"}
			}
		},
		{
			"from": [5.5, 1, 9.5],
			"to": [6.5, 10, 10.5],
			"rotation": {"angle": -45, "axis": "y", "origin": [8, 5.5, 8]},
			"faces": {
				"north": {"uv": [3, 0, 3.5, 4.5], "texture": "#3"},
				"east": {"uv": [3.5, 0, 4, 4.5], "texture": "#3"},
				"south": {"uv": [4, 0, 4.5, 4.5], "texture": "#3"},
				"west": {"uv": [4.5, 0, 5, 4.5], "texture": "#3"},
				"up": {"uv": [7, 2.5, 6.5, 2], "texture": "#3"},
				"down": {"uv": [7, 2.5, 6.5, 3], "texture": "#3"}
			}
		},
		{
			"from": [7.82843, 10.35, 6.5],
			"to": [10.82843, 13.35, 9.5],
			"rotation": {"angle": -45, "axis": "z", "origin": [10.82843, 14.35, 6.5]},
			"faces": {
				"north": {"uv": [3, 4.5, 4.5, 6], "texture": "#3"},
				"east": {"uv": [3, 4.5, 4.5, 6], "texture": "#3"},
				"south": {"uv": [3, 4.5, 4.5, 6], "texture": "#3"},
				"west": {"uv": [3, 4.5, 4.5, 6], "texture": "#3"},
				"up": {"uv": [6.5, 1.5, 5, 0], "texture": "#3"},
				"down": {"uv": [6.5, 1.5, 5, 3], "texture": "#3"}
			}
		},
		{
			"from": [5.45962, 13.87157, 7.5],
			"to": [12.45962, 14.87157, 8.5],
			"rotation": {"angle": 45, "axis": "z", "origin": [8.60962, 14.62157, 8]},
			"faces": {
				"north": {"uv": [5, 3, 8.5, 3.5], "texture": "#3"},
				"east": {"uv": [3, 6.5, 3.5, 7], "texture": "#3"},
				"south": {"uv": [5, 3.5, 8.5, 4], "texture": "#3"},
				"west": {"uv": [3, 6.5, 3.5, 7], "texture": "#3"},
				"up": {"uv": [8.5, 4.5, 5, 4], "texture": "#3"},
				"down": {"uv": [3.5, 6, 0, 6.5], "texture": "#3"}
			}
		},
		{
			"from": [7, 11, 7],
			"to": [9, 12, 9],
			"rotation": {"angle": 45, "axis": "y", "origin": [8, 11.5, 8]},
			"faces": {
				"north": {"uv": [1, 6.5, 2, 7], "texture": "#3"},
				"east": {"uv": [6.5, 1, 7.5, 1.5], "texture": "#3"},
				"south": {"uv": [6.5, 1.5, 7.5, 2], "texture": "#3"},
				"west": {"uv": [2, 6.5, 3, 7], "texture": "#3"},
				"up": {"uv": [1, 7.5, 0, 6.5], "texture": "#3"},
				"down": {"uv": [7.5, 0, 6.5, 1], "texture": "#3"}
			}
		}
	],
	"gui_light": "front",
	"display": {
		"thirdperson_righthand": {
			"rotation": [0, 45, 0]
		},
		"thirdperson_lefthand": {
			"rotation": [0, 45, 0]
		},
		"firstperson_righthand": {
			"rotation": [0, 146, 0],
			"scale": [0.75, 0.75, 0.75]
		},
		"firstperson_lefthand": {
			"rotation": [0, 146, 0],
			"scale": [0.75, 0.75, 0.75]
		},
		"ground": {
			"translation": [0, 5.5, 0]
		},
		"gui": {
			"rotation": [25, 0, 0],
			"translation": [0, -0.5, 0],
			"scale": [0.8, 0.8, 0.8]
		},
		"head": {
			"rotation": [0, 45, 0],
			"translation": [0, 19.25, 0],
			"scale": [1.6, 1.6, 1.6]
		},
		"fixed": {
			"rotation": [-90, 45, 0],
			"translation": [0, 0, -31.25],
			"scale": [4, 4, 4]
		}
	}
}