{
	"credit": "Made with Blockbench",
	"textures": {
		"0": "item/custom/models/mic",
		"particle": "item/custom/models/mic"
	},
	"elements": [
		{
			"from": [7, 0, 7],
			"to": [9, 7, 9],
			"rotation": {"angle": 0, "axis": "y", "origin": [7, 0, 7]},
			"faces": {
				"north": {"uv": [0, 0, 2, 7], "texture": "#0"},
				"east": {"uv": [2, 0, 4, 7], "texture": "#0"},
				"south": {"uv": [4, 0, 6, 7], "texture": "#0"},
				"west": {"uv": [6, 0, 8, 7], "texture": "#0"},
				"up": {"uv": [11, 11, 9, 9], "texture": "#0"},
				"down": {"uv": [2, 10, 0, 12], "texture": "#0"}
			}
		},
		{
			"from": [6.5, 7, 6.5],
			"to": [9.5, 10, 9.5],
			"rotation": {"angle": 0, "axis": "y", "origin": [7.5, 7, 7.5]},
			"faces": {
				"north": {"uv": [0, 7, 3, 10], "texture": "#0"},
				"east": {"uv": [3, 7, 6, 10], "texture": "#0"},
				"south": {"uv": [6, 7, 9, 10], "texture": "#0"},
				"west": {"uv": [8, 0, 11, 3], "texture": "#0"},
				"up": {"uv": [11, 6, 8, 3], "texture": "#0"},
				"down": {"uv": [12, 6, 9, 9], "texture": "#0"}
			}
		}
	],
	"gui_light": "front",
	"display": {
		"thirdperson_righthand": {
			"translation": [0, 5.25, 1.25]
		},
		"thirdperson_lefthand": {
			"translation": [0, 5.25, 1.25]
		},
		"firstperson_righthand": {
			"rotation": [0, 45, 0],
			"translation": [0, 1.5, 0],
			"scale": [0.4, 0.4, 0.4]
		},
		"firstperson_lefthand": {
			"rotation": [0, 225, 0],
			"translation": [0, 1.5, 0],
			"scale": [0.4, 0.4, 0.4]
		},
		"ground": {
			"translation": [0, 3, 0],
			"scale": [0.25, 0.25, 0.25]
		},
		"gui": {
			"rotation": [30, 225, 0]
		}
	}
}