{
	"credit": "Made with Blockbench",
	"texture_size": [32, 32],
	"textures": {
		"1": "item/custom/models/survivor_trophy",
		"particle": "item/custom/models/survivor_trophy"
	},
	"elements": [
		{
			"from": [5, 0, 5],
			"to": [11, 1, 11],
			"rotation": {"angle": 0, "axis": "y", "origin": [7, 0, 7]},
			"faces": {
				"north": {"uv": [5.5, 4.5, 8.5, 5], "texture": "#1"},
				"east": {"uv": [7, 5, 10, 5.5], "texture": "#1"},
				"south": {"uv": [5.5, 7, 8.5, 7.5], "texture": "#1"},
				"west": {"uv": [7, 5.5, 10, 6], "texture": "#1"},
				"up": {"uv": [3, 3, 0, 0], "texture": "#1"},
				"down": {"uv": [3, 3, 0, 6], "texture": "#1"}
			}
		},
		{
			"from": [7, 15.5, 7],
			"to": [9, 17.5, 9],
			"rotation": {"angle": 0, "axis": "y", "origin": [4, 8.75, 4]},
			"faces": {
				"north": {"uv": [7, 6, 8, 7], "texture": "#1"},
				"east": {"uv": [1, 7.5, 2, 8.5], "texture": "#1"},
				"south": {"uv": [5.5, 7.5, 6.5, 8.5], "texture": "#1"},
				"west": {"uv": [6.5, 7.5, 7.5, 8.5], "texture": "#1"},
				"up": {"uv": [8.5, 8.5, 7.5, 7.5], "texture": "#1"},
				"down": {"uv": [9, 0, 8, 1], "texture": "#1"}
			}
		},
		{
			"from": [7.5, 17.5, 7.5],
			"to": [8.5, 19, 8.5],
			"rotation": {"angle": 0, "axis": "y", "origin": [4, 8.75, 4]},
			"faces": {
				"north": {"uv": [2.5, 6, 3, 6.75], "texture": "#1"},
				"east": {"uv": [2, 7.5, 2.5, 8.25], "texture": "#1"},
				"south": {"uv": [8.5, 7.5, 9, 8.25], "texture": "#1"},
				"west": {"uv": [8, 8.5, 8.5, 9.25], "texture": "#1"},
				"up": {"uv": [9.5, 1, 9, 0.5], "texture": "#1"},
				"down": {"uv": [1.5, 9, 1, 9.5], "texture": "#1"}
			}
		},
		{
			"from": [6.5, 13, 6.5],
			"to": [9.5, 15.5, 9.5],
			"rotation": {"angle": 0, "axis": "y", "origin": [4, 8.25, 4]},
			"faces": {
				"north": {"uv": [6.5, 1.5, 8, 2.75], "texture": "#1"},
				"east": {"uv": [6.5, 3, 8, 4.25], "texture": "#1"},
				"south": {"uv": [2.5, 7, 4, 8.25], "texture": "#1"},
				"west": {"uv": [4, 7, 5.5, 8.25], "texture": "#1"},
				"up": {"uv": [2.5, 7.5, 1, 6], "texture": "#1"},
				"down": {"uv": [8, 0, 6.5, 1.5], "texture": "#1"}
			}
		},
		{
			"from": [5.5, 12, 5.5],
			"to": [10.5, 12.5, 10.5],
			"rotation": {"angle": 0, "axis": "y", "origin": [4, 8, 4]},
			"faces": {
				"north": {"uv": [8, 3, 10.5, 3.25], "texture": "#1"},
				"east": {"uv": [8, 3.5, 10.5, 3.75], "texture": "#1"},
				"south": {"uv": [8, 4, 10.5, 4.25], "texture": "#1"},
				"west": {"uv": [8, 6, 10.5, 6.25], "texture": "#1"},
				"up": {"uv": [5.5, 2.5, 3, 0], "texture": "#1"},
				"down": {"uv": [5.5, 2.5, 3, 5], "texture": "#1"}
			}
		},
		{
			"from": [6, 12.5, 6],
			"to": [10, 13, 10],
			"rotation": {"angle": 0, "axis": "y", "origin": [4, 8, 4]},
			"faces": {
				"north": {"uv": [8, 6.5, 10, 6.75], "texture": "#1"},
				"east": {"uv": [1, 8.5, 3, 8.75], "texture": "#1"},
				"south": {"uv": [3, 8.5, 5, 8.75], "texture": "#1"},
				"west": {"uv": [8.5, 4.5, 10.5, 4.75], "texture": "#1"},
				"up": {"uv": [5, 7, 3, 5], "texture": "#1"},
				"down": {"uv": [7, 5, 5, 7], "texture": "#1"}
			}
		},
		{
			"from": [5, 10, 5],
			"to": [11, 11, 11],
			"rotation": {"angle": 0, "axis": "y", "origin": [7, 10, 7]},
			"faces": {
				"north": {"uv": [5.5, 4.5, 8.5, 5], "texture": "#1"},
				"east": {"uv": [7, 5, 10, 5.5], "texture": "#1"},
				"south": {"uv": [5.5, 7, 8.5, 7.5], "texture": "#1"},
				"west": {"uv": [7, 5.5, 10, 6], "texture": "#1"},
				"up": {"uv": [3, 3, 0, 0], "texture": "#1"},
				"down": {"uv": [3, 3, 0, 6], "texture": "#1"}
			}
		},
		{
			"from": [9.5, 1, 5.5],
			"to": [10.5, 10, 6.5],
			"rotation": {"angle": 0, "axis": "y", "origin": [8.5, 1, 5.5]},
			"faces": {
				"north": {"uv": [5.5, 0, 6, 4.5], "texture": "#1"},
				"east": {"uv": [0, 6, 0.5, 10.5], "texture": "#1"},
				"south": {"uv": [6, 0, 6.5, 4.5], "texture": "#1"},
				"west": {"uv": [0.5, 6, 1, 10.5], "texture": "#1"},
				"up": {"uv": [9, 9, 8.5, 8.5], "texture": "#1"},
				"down": {"uv": [9.5, 0, 9, 0.5], "texture": "#1"}
			}
		},
		{
			"from": [9.5, 1, 9.5],
			"to": [10.5, 10, 10.5],
			"rotation": {"angle": 0, "axis": "y", "origin": [8.5, 1, 9.5]},
			"faces": {
				"north": {"uv": [5.5, 0, 6, 4.5], "texture": "#1"},
				"east": {"uv": [0, 6, 0.5, 10.5], "texture": "#1"},
				"south": {"uv": [6, 0, 6.5, 4.5], "texture": "#1"},
				"west": {"uv": [0.5, 6, 1, 10.5], "texture": "#1"},
				"up": {"uv": [9, 9, 8.5, 8.5], "texture": "#1"},
				"down": {"uv": [9.5, 0, 9, 0.5], "texture": "#1"}
			}
		},
		{
			"from": [5.5, 1, 5.5],
			"to": [6.5, 10, 6.5],
			"rotation": {"angle": 0, "axis": "y", "origin": [4.5, 1, 5.5]},
			"faces": {
				"north": {"uv": [5.5, 0, 6, 4.5], "texture": "#1"},
				"east": {"uv": [0, 6, 0.5, 10.5], "texture": "#1"},
				"south": {"uv": [6, 0, 6.5, 4.5], "texture": "#1"},
				"west": {"uv": [0.5, 6, 1, 10.5], "texture": "#1"},
				"up": {"uv": [9, 9, 8.5, 8.5], "texture": "#1"},
				"down": {"uv": [9.5, 0, 9, 0.5], "texture": "#1"}
			}
		},
		{
			"from": [5.5, 1, 9.5],
			"to": [6.5, 10, 10.5],
			"rotation": {"angle": 0, "axis": "y", "origin": [4.5, 1, 9.5]},
			"faces": {
				"north": {"uv": [5.5, 0, 6, 4.5], "texture": "#1"},
				"east": {"uv": [0, 6, 0.5, 10.5], "texture": "#1"},
				"south": {"uv": [6, 0, 6.5, 4.5], "texture": "#1"},
				"west": {"uv": [0.5, 6, 1, 10.5], "texture": "#1"},
				"up": {"uv": [9, 9, 8.5, 8.5], "texture": "#1"},
				"down": {"uv": [9.5, 0, 9, 0.5], "texture": "#1"}
			}
		},
		{
			"from": [7, 11, 7],
			"to": [9, 12, 9],
			"rotation": {"angle": 0, "axis": "y", "origin": [7, 11, 7]},
			"faces": {
				"north": {"uv": [5, 8.5, 6, 9], "texture": "#1"},
				"east": {"uv": [6, 8.5, 7, 9], "texture": "#1"},
				"south": {"uv": [7, 8.5, 8, 9], "texture": "#1"},
				"west": {"uv": [8.5, 7, 9.5, 7.5], "texture": "#1"},
				"up": {"uv": [9, 2, 8, 1], "texture": "#1"},
				"down": {"uv": [9, 2, 8, 3], "texture": "#1"}
			}
		}
	],
	"gui_light": "front",
	"display": {
		"firstperson_righthand": {
			"rotation": [0, 101, 0],
			"scale": [0.75, 0.75, 0.75]
		},
		"firstperson_lefthand": {
			"rotation": [0, 101, 0],
			"scale": [0.75, 0.75, 0.75]
		},
		"gui": {
			"rotation": [25, -45, 0],
			"translation": [0, -0.5, 0],
			"scale": [0.8, 0.8, 0.8]
		},
		"head": {
			"translation": [0, 19.25, 0],
			"scale": [1.6, 1.6, 1.6]
		},
		"fixed": {
			"rotation": [-90, 0, 0],
			"translation": [0, 0, -31.25],
			"scale": [4, 4, 4]
		}
	}
}