{
	"credit": "Made with Blockbench",
	"texture_size": [32, 32],
	"textures": {
		"0": "item/custom/afoxtotem",
		"particle": "item/custom/afoxtotem"
	},
	"elements": [
		{
			"from": [4, 9.75, 5],
			"to": [12, 15.75, 11],
			"rotation": {"angle": 0, "axis": "y", "origin": [0, 4.75, -2]},
			"faces": {
				"north": {"uv": [0, 0, 4, 3], "texture": "#0"},
				"east": {"uv": [6, 6, 9, 9], "texture": "#0"},
				"south": {"uv": [0, 3, 4, 6], "texture": "#0"},
				"west": {"uv": [8, 0, 11, 3], "texture": "#0"},
				"up": {"uv": [8, 3, 4, 0], "texture": "#0"},
				"down": {"uv": [8, 3, 4, 6], "texture": "#0"}
			}
		},
		{
			"from": [5, 1.75, 6],
			"to": [11, 9.75, 10],
			"rotation": {"angle": 0, "axis": "y", "origin": [0, 4.75, -2]},
			"faces": {
				"north": {"uv": [0, 6, 3, 10], "texture": "#0"},
				"east": {"uv": [9, 3, 11, 7], "texture": "#0"},
				"south": {"uv": [3, 6, 6, 10], "texture": "#0"},
				"west": {"uv": [6, 9, 8, 13], "texture": "#0"},
				"up": {"uv": [14, 2, 11, 0], "texture": "#0"},
				"down": {"uv": [14, 2, 11, 4], "texture": "#0"}
			}
		},
		{
			"from": [10, 15.75, 6],
			"to": [12, 17.75, 7],
			"rotation": {"angle": 0, "axis": "y", "origin": [0, 4.75, -2]},
			"faces": {
				"north": {"uv": [3, 13.5, 4, 14.5], "texture": "#0"},
				"east": {"uv": [10, 13.5, 10.5, 14.5], "texture": "#0"},
				"south": {"uv": [13.5, 6, 14.5, 7], "texture": "#0"},
				"west": {"uv": [0, 14.5, 0.5, 15.5], "texture": "#0"},
				"up": {"uv": [9, 6, 8, 5.5], "texture": "#0"},
				"down": {"uv": [1.5, 14.5, 0.5, 15], "texture": "#0"}
			}
		},
		{
			"from": [4, 15.75, 6],
			"to": [6, 17.75, 7],
			"rotation": {"angle": 0, "axis": "y", "origin": [0, 4.75, -2]},
			"faces": {
				"north": {"uv": [8, 13.5, 9, 14.5], "texture": "#0"},
				"east": {"uv": [1.5, 14.5, 2, 15.5], "texture": "#0"},
				"south": {"uv": [9, 13.5, 10, 14.5], "texture": "#0"},
				"west": {"uv": [2, 14.5, 2.5, 15.5], "texture": "#0"},
				"up": {"uv": [3.5, 15, 2.5, 14.5], "texture": "#0"},
				"down": {"uv": [4.5, 14.5, 3.5, 15], "texture": "#0"}
			}
		},
		{
			"from": [6, 9.75, 2],
			"to": [10, 11.75, 5],
			"rotation": {"angle": 0, "axis": "y", "origin": [0, 4.75, -2]},
			"faces": {
				"north": {"uv": [13, 4, 15, 5], "texture": "#0"},
				"east": {"uv": [0, 13.5, 1.5, 14.5], "texture": "#0"},
				"south": {"uv": [13, 5, 15, 6], "texture": "#0"},
				"west": {"uv": [1.5, 13.5, 3, 14.5], "texture": "#0"},
				"up": {"uv": [10, 12.5, 8, 11], "texture": "#0"},
				"down": {"uv": [12, 11, 10, 12.5], "texture": "#0"}
			}
		},
		{
			"from": [0, 6.75, 7],
			"to": [5, 8.75, 9],
			"rotation": {"angle": 0, "axis": "y", "origin": [0, 4.75, -2]},
			"faces": {
				"north": {"uv": [11, 6, 13.5, 7], "texture": "#0"},
				"east": {"uv": [13.5, 13, 14.5, 14], "texture": "#0"},
				"south": {"uv": [11.5, 9, 14, 10], "texture": "#0"},
				"west": {"uv": [14, 0, 15, 1], "texture": "#0"},
				"up": {"uv": [14, 11, 11.5, 10], "texture": "#0"},
				"down": {"uv": [14.5, 11, 12, 12], "texture": "#0"}
			}
		},
		{
			"from": [11, 6.75, 9],
			"to": [16, 8.75, 11],
			"rotation": {"angle": 0, "axis": "y", "origin": [0, 4.75, 0]},
			"faces": {
				"north": {"uv": [12, 12, 14.5, 13], "texture": "#0"},
				"east": {"uv": [14, 1, 15, 2], "texture": "#0"},
				"south": {"uv": [12.5, 7, 15, 8], "texture": "#0"},
				"west": {"uv": [14, 2, 15, 3], "texture": "#0"},
				"up": {"uv": [10.5, 13.5, 8, 12.5], "texture": "#0"},
				"down": {"uv": [15, 8, 12.5, 9], "texture": "#0"}
			}
		},
		{
			"from": [8.5, -3.25, 7],
			"to": [10.5, 1.75, 9],
			"rotation": {"angle": 0, "axis": "y", "origin": [0, 4.75, -2]},
			"faces": {
				"north": {"uv": [8, 3, 9, 5.5], "texture": "#0"},
				"east": {"uv": [4, 12, 5, 14.5], "texture": "#0"},
				"south": {"uv": [5, 12, 6, 14.5], "texture": "#0"},
				"west": {"uv": [10.5, 12.5, 11.5, 15], "texture": "#0"},
				"up": {"uv": [15, 4, 14, 3], "texture": "#0"},
				"down": {"uv": [15, 9, 14, 10], "texture": "#0"}
			}
		},
		{
			"from": [5.5, -3.25, 7],
			"to": [7.5, 1.75, 9],
			"rotation": {"angle": 0, "axis": "y", "origin": [0, 4.75, -2]},
			"faces": {
				"north": {"uv": [6, 13, 7, 15.5], "texture": "#0"},
				"east": {"uv": [7, 13, 8, 15.5], "texture": "#0"},
				"south": {"uv": [11.5, 13, 12.5, 15.5], "texture": "#0"},
				"west": {"uv": [12.5, 13, 13.5, 15.5], "texture": "#0"},
				"up": {"uv": [15, 11, 14, 10], "texture": "#0"},
				"down": {"uv": [14.5, 14, 13.5, 15], "texture": "#0"}
			}
		},
		{
			"from": [6, 6.75, 8],
			"to": [10, 10.75, 15],
			"rotation": {"angle": 22.5, "axis": "x", "origin": [0, 4.75, -2]},
			"faces": {
				"north": {"uv": [4, 10, 6, 12], "texture": "#0"},
				"east": {"uv": [9, 7, 12.5, 9], "texture": "#0"},
				"south": {"uv": [11, 4, 13, 6], "texture": "#0"},
				"west": {"uv": [8, 9, 11.5, 11], "texture": "#0"},
				"up": {"uv": [2, 13.5, 0, 10], "texture": "#0"},
				"down": {"uv": [4, 10, 2, 13.5], "texture": "#0"}
			}
		}
	],
	"gui_light": "front",
	"display": {
		"thirdperson_righthand": {
			"scale": [0.67, 0.67, 0.67]
		},
		"thirdperson_lefthand": {
			"scale": [0.67, 0.67, 0.67]
		},
		"firstperson_righthand": {
			"rotation": [150, 41.24, -150],
			"translation": [0.75, 5.5, 0.75],
			"scale": [0.5, 0.5, 0.5]
		},
		"firstperson_lefthand": {
			"rotation": [150, 41.24, -150],
			"translation": [0.75, 5.5, 0.75],
			"scale": [0.5, 0.5, 0.5]
		},
		"ground": {
			"translation": [0, 4.5, 0],
			"scale": [0.67, 0.67, 0.67]
		},
		"gui": {
			"rotation": [170.7, 10.81, 177.96],
			"translation": [0, 0.5, 0],
			"scale": [0.7, 0.7, 0.7]
		}
	}
}