{
	"credit": "Made with Blockbench",
	"texture_size": [32, 32],
	"textures": {
		"1": "item/custom/anchor",
		"particle": "item/custom/anchor"
	},
	"elements": [
		{
			"from": [7, -2.25, 6.7],
			"to": [9, 18.75, 8.7],
			"rotation": {"angle": 0, "axis": "y", "origin": [0, -4.25, 6.7]},
			"faces": {
				"north": {"uv": [0, 0, 1, 10.5], "texture": "#1"},
				"east": {"uv": [1, 0, 2, 10.5], "texture": "#1"},
				"south": {"uv": [2, 0, 3, 10.5], "texture": "#1"},
				"west": {"uv": [3, 0, 4, 10.5], "texture": "#1"},
				"up": {"uv": [8, 4, 7, 3], "texture": "#1"},
				"down": {"uv": [10.5, 7.5, 9.5, 8.5], "texture": "#1"}
			}
		},
		{
			"from": [3, 13.75, 6.9],
			"to": [13, 15.75, 8.5],
			"rotation": {"angle": 0, "axis": "y", "origin": [0, -4.25, 6.7]},
			"faces": {
				"north": {"uv": [4, 6.5, 9, 7.5], "texture": "#1"},
				"east": {"uv": [10, 8.5, 11, 9.5], "texture": "#1"},
				"south": {"uv": [7, 0, 12, 1], "texture": "#1"},
				"west": {"uv": [10, 9.5, 11, 10.5], "texture": "#1"},
				"up": {"uv": [12, 2, 7, 1], "texture": "#1"},
				"down": {"uv": [12, 2, 7, 3], "texture": "#1"}
			}
		},
		{
			"from": [7, -4.25, 7.7],
			"to": [9, -3.25, 7.7],
			"rotation": {"angle": 0, "axis": "y", "origin": [0, -4.25, 6.7]},
			"faces": {
				"north": {"uv": [8, 6, 9, 6.5], "texture": "#1"},
				"east": {"uv": [0, 0, 0, 0.5], "texture": "#1"},
				"south": {"uv": [10.5, 8, 11.5, 8.5], "texture": "#1"},
				"west": {"uv": [0, 0, 0, 0.5], "texture": "#1"},
				"up": {"uv": [1, 0, 0, 0], "texture": "#1"},
				"down": {"uv": [1, 0, 0, 0], "texture": "#1"}
			}
		},
		{
			"from": [6, 0.75, 7.7],
			"to": [10, 1.75, 7.7],
			"rotation": {"angle": 0, "axis": "y", "origin": [0, -4.25, 6.7]},
			"faces": {
				"north": {"uv": [0, 10.5, 2, 11], "texture": "#1"},
				"east": {"uv": [0, 0, 0, 0.5], "texture": "#1"},
				"south": {"uv": [2, 10.5, 4, 11], "texture": "#1"},
				"west": {"uv": [0, 0, 0, 0.5], "texture": "#1"},
				"up": {"uv": [2, 0, 0, 0], "texture": "#1"},
				"down": {"uv": [2, 0, 0, 0], "texture": "#1"}
			}
		},
		{
			"from": [5, -3.25, 7.7],
			"to": [11, 0.75, 7.7],
			"rotation": {"angle": 0, "axis": "y", "origin": [0, -4.25, 6.7]},
			"faces": {
				"north": {"uv": [4, 0, 7, 2], "texture": "#1"},
				"east": {"uv": [0, 0, 0, 2], "texture": "#1"},
				"south": {"uv": [4, 2, 7, 4], "texture": "#1"},
				"west": {"uv": [0, 0, 0, 2], "texture": "#1"},
				"up": {"uv": [3, 0, 0, 0], "texture": "#1"},
				"down": {"uv": [3, 0, 0, 0], "texture": "#1"}
			}
		},
		{
			"from": [6, 17.75, 7.7],
			"to": [10, 21.75, 7.7],
			"rotation": {"angle": 0, "axis": "y", "origin": [0, -4.25, 6.7]},
			"faces": {
				"north": {"uv": [4, 7.5, 6, 9.5], "texture": "#1"},
				"east": {"uv": [0, 0, 0, 2], "texture": "#1"},
				"south": {"uv": [6, 7.5, 8, 9.5], "texture": "#1"},
				"west": {"uv": [0, 0, 0, 2], "texture": "#1"},
				"up": {"uv": [2, 0, 0, 0], "texture": "#1"},
				"down": {"uv": [2, 0, 0, 0], "texture": "#1"}
			}
		},
		{
			"from": [11, -2.25, 7.7],
			"to": [14, 0.75, 7.7],
			"rotation": {"angle": 0, "axis": "y", "origin": [0, -4.25, 6.7]},
			"faces": {
				"north": {"uv": [8, 3, 9.5, 4.5], "texture": "#1"},
				"east": {"uv": [0, 0, 0, 1.5], "texture": "#1"},
				"south": {"uv": [8, 4.5, 9.5, 6], "texture": "#1"},
				"west": {"uv": [0, 0, 0, 1.5], "texture": "#1"},
				"up": {"uv": [1.5, 0, 0, 0], "texture": "#1"},
				"down": {"uv": [1.5, 0, 0, 0], "texture": "#1"}
			}
		},
		{
			"from": [14, -1.25, 7.7],
			"to": [16, 1.75, 7.7],
			"rotation": {"angle": 0, "axis": "y", "origin": [0, -4.25, 6.7]},
			"faces": {
				"north": {"uv": [8, 9, 9, 10.5], "texture": "#1"},
				"east": {"uv": [0, 0, 0, 1.5], "texture": "#1"},
				"south": {"uv": [9, 9, 10, 10.5], "texture": "#1"},
				"west": {"uv": [0, 0, 0, 1.5], "texture": "#1"},
				"up": {"uv": [1, 0, 0, 0], "texture": "#1"},
				"down": {"uv": [1, 0, 0, 0], "texture": "#1"}
			}
		},
		{
			"from": [16, 0.75, 7.7],
			"to": [18, 3.75, 7.7],
			"rotation": {"angle": 0, "axis": "y", "origin": [0, -4.25, 6.7]},
			"faces": {
				"north": {"uv": [9.5, 3, 10.5, 4.5], "texture": "#1"},
				"east": {"uv": [0, 0, 0, 1.5], "texture": "#1"},
				"south": {"uv": [4, 9.5, 5, 11], "texture": "#1"},
				"west": {"uv": [0, 0, 0, 1.5], "texture": "#1"},
				"up": {"uv": [1, 0, 0, 0], "texture": "#1"},
				"down": {"uv": [1, 0, 0, 0], "texture": "#1"}
			}
		},
		{
			"from": [-2, 0.75, 7.7],
			"to": [0, 3.75, 7.7],
			"rotation": {"angle": 0, "axis": "y", "origin": [16, -4.25, 6.7]},
			"faces": {
				"north": {"uv": [6, 9.5, 7, 11], "texture": "#1"},
				"east": {"uv": [0, 0, 0, 1.5], "texture": "#1"},
				"south": {"uv": [7, 9.5, 8, 11], "texture": "#1"},
				"west": {"uv": [0, 0, 0, 1.5], "texture": "#1"},
				"up": {"uv": [1, 0, 0, 0], "texture": "#1"},
				"down": {"uv": [1, 0, 0, 0], "texture": "#1"}
			}
		},
		{
			"from": [-3, 3.75, 7.7],
			"to": [-1, 5.75, 7.7],
			"rotation": {"angle": 0, "axis": "y", "origin": [16, -4.25, 6.7]},
			"faces": {
				"north": {"uv": [10.5, 5, 11.5, 6], "texture": "#1"},
				"east": {"uv": [0, 0, 0, 1], "texture": "#1"},
				"south": {"uv": [10.5, 6, 11.5, 7], "texture": "#1"},
				"west": {"uv": [0, 0, 0, 1], "texture": "#1"},
				"up": {"uv": [1, 0, 0, 0], "texture": "#1"},
				"down": {"uv": [1, 0, 0, 0], "texture": "#1"}
			}
		},
		{
			"from": [17, 3.75, 7.7],
			"to": [19, 5.75, 7.7],
			"rotation": {"angle": 0, "axis": "y", "origin": [0, -4.25, 6.7]},
			"faces": {
				"north": {"uv": [10.5, 3, 11.5, 4], "texture": "#1"},
				"east": {"uv": [0, 0, 0, 1], "texture": "#1"},
				"south": {"uv": [10.5, 4, 11.5, 5], "texture": "#1"},
				"west": {"uv": [0, 0, 0, 1], "texture": "#1"},
				"up": {"uv": [1, 0, 0, 0], "texture": "#1"},
				"down": {"uv": [1, 0, 0, 0], "texture": "#1"}
			}
		},
		{
			"from": [2, -2.25, 7.7],
			"to": [5, 0.75, 7.7],
			"rotation": {"angle": 0, "axis": "y", "origin": [16, -4.25, 6.7]},
			"faces": {
				"north": {"uv": [8, 7.5, 9.5, 9], "texture": "#1"},
				"east": {"uv": [0, 0, 0, 1.5], "texture": "#1"},
				"south": {"uv": [9, 6, 10.5, 7.5], "texture": "#1"},
				"west": {"uv": [0, 0, 0, 1.5], "texture": "#1"},
				"up": {"uv": [1.5, 0, 0, 0], "texture": "#1"},
				"down": {"uv": [1.5, 0, 0, 0], "texture": "#1"}
			}
		},
		{
			"from": [8, 10.75, 7.7],
			"to": [10, 10.75, 9.7],
			"rotation": {"angle": 0, "axis": "y", "origin": [16, -4.25, 6.7]},
			"faces": {
				"north": {"uv": [0, 0, 1, 0], "texture": "#1"},
				"east": {"uv": [0, 0, 1, 0], "texture": "#1"},
				"south": {"uv": [0, 0, 1, 0], "texture": "#1"},
				"west": {"uv": [0, 0, 1, 0], "texture": "#1"},
				"up": {"uv": [11.5, 8, 10.5, 7], "texture": "#1"},
				"down": {"uv": [9, 10.5, 8, 11.5], "texture": "#1"}
			}
		},
		{
			"from": [6, 7.75, 7.6],
			"to": [8, 7.75, 9.6],
			"rotation": {"angle": 0, "axis": "y", "origin": [16, -4.25, 6.7]},
			"faces": {
				"north": {"uv": [0, 0, 1, 0], "texture": "#1"},
				"east": {"uv": [0, 0, 1, 0], "texture": "#1"},
				"south": {"uv": [0, 0, 1, 0], "texture": "#1"},
				"west": {"uv": [0, 0, 1, 0], "texture": "#1"},
				"up": {"uv": [10, 11.5, 9, 10.5], "texture": "#1"},
				"down": {"uv": [11, 10.5, 10, 11.5], "texture": "#1"}
			}
		},
		{
			"from": [8, 8.75, 6.3],
			"to": [10, 8.75, 8.3],
			"rotation": {"angle": 0, "axis": "y", "origin": [16, -4.25, 6.7]},
			"faces": {
				"north": {"uv": [0, 0, 1, 0], "texture": "#1"},
				"east": {"uv": [0, 0, 1, 0], "texture": "#1"},
				"south": {"uv": [0, 0, 1, 0], "texture": "#1"},
				"west": {"uv": [0, 0, 1, 0], "texture": "#1"},
				"up": {"uv": [1, 12, 0, 11], "texture": "#1"},
				"down": {"uv": [2, 11, 1, 12], "texture": "#1"}
			}
		},
		{
			"from": [0, -1.25, 7.7],
			"to": [2, 1.75, 7.7],
			"rotation": {"angle": 0, "axis": "y", "origin": [16, -4.25, 6.7]},
			"faces": {
				"north": {"uv": [9.5, 4.5, 10.5, 6], "texture": "#1"},
				"east": {"uv": [0, 0, 0, 1.5], "texture": "#1"},
				"south": {"uv": [5, 9.5, 6, 11], "texture": "#1"},
				"west": {"uv": [0, 0, 0, 1.5], "texture": "#1"},
				"up": {"uv": [1, 0, 0, 0], "texture": "#1"},
				"down": {"uv": [1, 0, 0, 0], "texture": "#1"}
			}
		},
		{
			"from": [10, 8.75, 7.7],
			"to": [14, 13.75, 7.7],
			"rotation": {"angle": 0, "axis": "y", "origin": [0, -4.25, 6.7]},
			"faces": {
				"north": {"uv": [4, 4, 6, 6.5], "texture": "#1"},
				"east": {"uv": [0, 0, 0, 2.5], "texture": "#1"},
				"south": {"uv": [6, 4, 4, 6.5], "texture": "#1"},
				"west": {"uv": [0, 0, 0, 2.5], "texture": "#1"},
				"up": {"uv": [2, 0, 0, 0], "texture": "#1"},
				"down": {"uv": [2, 0, 0, 0], "texture": "#1"}
			}
		}
	],
	"gui_light": "front",
	"display": {
		"thirdperson_righthand": {
			"rotation": [180, 90, 0],
			"translation": [0, 7.75, 0.75]
		},
		"thirdperson_lefthand": {
			"rotation": [180, 90, 0],
			"translation": [0, 7.75, 0.75]
		},
		"firstperson_righthand": {
			"rotation": [180, 90, 20],
			"translation": [0, 4.25, 0.75],
			"scale": [0.5, 0.5, 0.5]
		},
		"firstperson_lefthand": {
			"rotation": [180, 90, 20],
			"translation": [0, 4.25, 0.75],
			"scale": [0.5, 0.5, 0.5]
		},
		"ground": {
			"translation": [0, 10, 0]
		},
		"gui": {
			"rotation": [25, 20, 0],
			"translation": [0, -0.75, 0],
			"scale": [0.65, 0.65, 0.65]
		},
		"head": {
			"rotation": [0, 0, -45],
			"translation": [0.75, -16.75, 4.5]
		},
		"fixed": {
			"rotation": [0, 0, 45]
		}
	}
}