{
	"credit": "Made with Blockbench",
	"textures": {
		"0": "block/custom/bananabow",
		"particle": "block/custom/bananabow"
	},
	"elements": [
		{
			"from": [8, 1, 7.5],
			"to": [15, 2, 8.5],
			"rotation": {"angle": 0, "axis": "y", "origin": [16, 0, 0]},
			"faces": {
				"north": {"uv": [0, 0, 7, 1], "texture": "#0"},
				"east": {"uv": [2, 14, 3, 15], "texture": "#0"},
				"south": {"uv": [0, 1, 7, 2], "texture": "#0"},
				"west": {"uv": [3, 14, 4, 15], "texture": "#0"},
				"up": {"uv": [7, 3, 0, 2], "texture": "#0"},
				"down": {"uv": [7, 3, 0, 4], "texture": "#0"}
			}
		},
		{
			"from": [10, 0, 7.5],
			"to": [14, 1, 8.5],
			"rotation": {"angle": 0, "axis": "y", "origin": [16, 0, 0]},
			"faces": {
				"north": {"uv": [7, 1, 11, 2], "texture": "#0"},
				"east": {"uv": [4, 14, 5, 15], "texture": "#0"},
				"south": {"uv": [7, 2, 11, 3], "texture": "#0"},
				"west": {"uv": [5, 14, 6, 15], "texture": "#0"},
				"up": {"uv": [11, 4, 7, 3], "texture": "#0"},
				"down": {"uv": [9, 7, 5, 8], "texture": "#0"}
			}
		},
		{
			"from": [8, 12, 7.5],
			"to": [10, 14, 8.5],
			"rotation": {"angle": 0, "axis": "y", "origin": [16, 0, 0]},
			"faces": {
				"north": {"uv": [0, 8, 2, 10], "texture": "#0"},
				"east": {"uv": [12, 13, 13, 15], "texture": "#0"},
				"south": {"uv": [2, 8, 4, 10], "texture": "#0"},
				"west": {"uv": [13, 13, 14, 15], "texture": "#0"},
				"up": {"uv": [15, 12, 13, 11], "texture": "#0"},
				"down": {"uv": [2, 14, 0, 15], "texture": "#0"}
			}
		},
		{
			"from": [7, 2, 7.5],
			"to": [13, 3, 8.5],
			"rotation": {"angle": 0, "axis": "y", "origin": [16, 0, 0]},
			"faces": {
				"north": {"uv": [0, 4, 6, 5], "texture": "#0"},
				"east": {"uv": [14, 5, 15, 6], "texture": "#0"},
				"south": {"uv": [0, 5, 6, 6], "texture": "#0"},
				"west": {"uv": [6, 14, 7, 15], "texture": "#0"},
				"up": {"uv": [6, 7, 0, 6], "texture": "#0"},
				"down": {"uv": [12, 4, 6, 5], "texture": "#0"}
			}
		},
		{
			"from": [6, 3, 7.5],
			"to": [11, 4, 8.5],
			"rotation": {"angle": 0, "axis": "y", "origin": [16, 0, 0]},
			"faces": {
				"north": {"uv": [6, 5, 11, 6], "texture": "#0"},
				"east": {"uv": [14, 6, 15, 7], "texture": "#0"},
				"south": {"uv": [6, 6, 11, 7], "texture": "#0"},
				"west": {"uv": [7, 14, 8, 15], "texture": "#0"},
				"up": {"uv": [5, 8, 0, 7], "texture": "#0"},
				"down": {"uv": [12, 0, 7, 1], "texture": "#0"}
			}
		},
		{
			"from": [6, 4, 7.5],
			"to": [10, 5, 8.5],
			"rotation": {"angle": 0, "axis": "y", "origin": [16, 0, 0]},
			"faces": {
				"north": {"uv": [4, 8, 8, 9], "texture": "#0"},
				"east": {"uv": [8, 14, 9, 15], "texture": "#0"},
				"south": {"uv": [8, 8, 12, 9], "texture": "#0"},
				"west": {"uv": [9, 14, 10, 15], "texture": "#0"},
				"up": {"uv": [8, 10, 4, 9], "texture": "#0"},
				"down": {"uv": [13, 7, 9, 8], "texture": "#0"}
			}
		},
		{
			"from": [5, 5, 7.5],
			"to": [9, 6, 8.5],
			"rotation": {"angle": 0, "axis": "y", "origin": [16, 0, 0]},
			"faces": {
				"north": {"uv": [8, 9, 12, 10], "texture": "#0"},
				"east": {"uv": [10, 14, 11, 15], "texture": "#0"},
				"south": {"uv": [0, 10, 4, 11], "texture": "#0"},
				"west": {"uv": [11, 14, 12, 15], "texture": "#0"},
				"up": {"uv": [8, 11, 4, 10], "texture": "#0"},
				"down": {"uv": [12, 10, 8, 11], "texture": "#0"}
			}
		},
		{
			"from": [5, 6, 7.5],
			"to": [8, 7, 8.5],
			"rotation": {"angle": 0, "axis": "y", "origin": [16, 0, 0]},
			"faces": {
				"north": {"uv": [4, 11, 7, 12], "texture": "#0"},
				"east": {"uv": [14, 13, 15, 14], "texture": "#0"},
				"south": {"uv": [11, 5, 14, 6], "texture": "#0"},
				"west": {"uv": [14, 14, 15, 15], "texture": "#0"},
				"up": {"uv": [14, 7, 11, 6], "texture": "#0"},
				"down": {"uv": [10, 11, 7, 12], "texture": "#0"}
			}
		},
		{
			"from": [5, 7, 7.5],
			"to": [8, 8, 8.5],
			"rotation": {"angle": 0, "axis": "y", "origin": [16, 0, 0]},
			"faces": {
				"north": {"uv": [10, 11, 13, 12], "texture": "#0"},
				"east": {"uv": [0, 15, 1, 16], "texture": "#0"},
				"south": {"uv": [0, 12, 3, 13], "texture": "#0"},
				"west": {"uv": [15, 0, 16, 1], "texture": "#0"},
				"up": {"uv": [15, 1, 12, 0], "texture": "#0"},
				"down": {"uv": [6, 12, 3, 13], "texture": "#0"}
			}
		},
		{
			"from": [5, 8, 7.5],
			"to": [8, 9, 8.5],
			"rotation": {"angle": 0, "axis": "y", "origin": [16, 0, 0]},
			"faces": {
				"north": {"uv": [12, 4, 15, 5], "texture": "#0"},
				"east": {"uv": [1, 15, 2, 16], "texture": "#0"},
				"south": {"uv": [6, 12, 9, 13], "texture": "#0"},
				"west": {"uv": [15, 1, 16, 2], "texture": "#0"},
				"up": {"uv": [15, 9, 12, 8], "texture": "#0"},
				"down": {"uv": [12, 12, 9, 13], "texture": "#0"}
			}
		},
		{
			"from": [5, 9, 7.5],
			"to": [9, 10, 8.5],
			"rotation": {"angle": 0, "axis": "y", "origin": [16, 0, 0]},
			"faces": {
				"north": {"uv": [0, 11, 4, 12], "texture": "#0"},
				"east": {"uv": [2, 15, 3, 16], "texture": "#0"},
				"south": {"uv": [11, 1, 15, 2], "texture": "#0"},
				"west": {"uv": [15, 2, 16, 3], "texture": "#0"},
				"up": {"uv": [15, 3, 11, 2], "texture": "#0"},
				"down": {"uv": [15, 3, 11, 4], "texture": "#0"}
			}
		},
		{
			"from": [6, 10, 7.5],
			"to": [9, 11, 8.5],
			"rotation": {"angle": 0, "axis": "y", "origin": [16, 0, 0]},
			"faces": {
				"north": {"uv": [12, 9, 15, 10], "texture": "#0"},
				"east": {"uv": [3, 15, 4, 16], "texture": "#0"},
				"south": {"uv": [12, 10, 15, 11], "texture": "#0"},
				"west": {"uv": [15, 3, 16, 4], "texture": "#0"},
				"up": {"uv": [15, 13, 12, 12], "texture": "#0"},
				"down": {"uv": [3, 13, 0, 14], "texture": "#0"}
			}
		},
		{
			"from": [6, 11, 7.5],
			"to": [9, 12, 8.5],
			"rotation": {"angle": 0, "axis": "y", "origin": [16, 0, 0]},
			"faces": {
				"north": {"uv": [3, 13, 6, 14], "texture": "#0"},
				"east": {"uv": [4, 15, 5, 16], "texture": "#0"},
				"south": {"uv": [6, 13, 9, 14], "texture": "#0"},
				"west": {"uv": [15, 4, 16, 5], "texture": "#0"},
				"up": {"uv": [16, 8, 13, 7], "texture": "#0"},
				"down": {"uv": [12, 13, 9, 14], "texture": "#0"}
			}
		},
		{
			"from": [7, 12, 7.5],
			"to": [8, 13, 8.5],
			"rotation": {"angle": 0, "axis": "y", "origin": [16, 0, 0]},
			"faces": {
				"north": {"uv": [5, 15, 6, 16], "texture": "#0"},
				"east": {"uv": [15, 5, 16, 6], "texture": "#0"},
				"south": {"uv": [6, 15, 7, 16], "texture": "#0"},
				"west": {"uv": [15, 6, 16, 7], "texture": "#0"},
				"up": {"uv": [8, 16, 7, 15], "texture": "#0"},
				"down": {"uv": [9, 15, 8, 16], "texture": "#0"}
			}
		}
	],
	"gui_light": "front",
	"display": {
		"thirdperson_righthand": {
			"rotation": [0, 90, 0],
			"translation": [0, 5.75, 2.25]
		},
		"thirdperson_lefthand": {
			"rotation": [0, -90, 0],
			"translation": [0, 5.75, 2.25]
		},
		"firstperson_righthand": {
			"rotation": [0, 90, 0],
			"translation": [0, 2.5, 0]
		},
		"firstperson_lefthand": {
			"rotation": [0, -90, 0],
			"translation": [0, 2.5, 0]
		},
		"ground": {
			"translation": [0, 4.5, 0]
		},
		"gui": {
			"translation": [-2, 0.5, 0]
		}
	}
}