{
	"credit": "Made with Blockbench",
	"textures": {
		"0": "block/custom/bananabow",
		"particle": "block/custom/bananabow"
	},
	"elements": [
		{
			"from": [1, 1, 7.5],
			"to": [8, 2, 8.5],
			"faces": {
				"north": {"uv": [7, 0, 0, 1], "texture": "#0"},
				"east": {"uv": [4, 14, 3, 15], "texture": "#0"},
				"south": {"uv": [7, 1, 0, 2], "texture": "#0"},
				"west": {"uv": [3, 14, 2, 15], "texture": "#0"},
				"up": {"uv": [0, 3, 7, 2], "texture": "#0"},
				"down": {"uv": [0, 3, 7, 4], "texture": "#0"}
			}
		},
		{
			"from": [2, 0, 7.5],
			"to": [6, 1, 8.5],
			"faces": {
				"north": {"uv": [11, 1, 7, 2], "texture": "#0"},
				"east": {"uv": [6, 14, 5, 15], "texture": "#0"},
				"south": {"uv": [11, 2, 7, 3], "texture": "#0"},
				"west": {"uv": [5, 14, 4, 15], "texture": "#0"},
				"up": {"uv": [7, 4, 11, 3], "texture": "#0"},
				"down": {"uv": [5, 7, 9, 8], "texture": "#0"}
			}
		},
		{
			"from": [6, 12, 7.5],
			"to": [8, 14, 8.5],
			"faces": {
				"north": {"uv": [2, 8, 0, 10], "texture": "#0"},
				"east": {"uv": [14, 13, 13, 15], "texture": "#0"},
				"south": {"uv": [4, 8, 2, 10], "texture": "#0"},
				"west": {"uv": [13, 13, 12, 15], "texture": "#0"},
				"up": {"uv": [13, 12, 15, 11], "texture": "#0"},
				"down": {"uv": [0, 14, 2, 15], "texture": "#0"}
			}
		},
		{
			"from": [3, 2, 7.5],
			"to": [9, 3, 8.5],
			"faces": {
				"north": {"uv": [6, 4, 0, 5], "texture": "#0"},
				"east": {"uv": [7, 14, 6, 15], "texture": "#0"},
				"south": {"uv": [6, 5, 0, 6], "texture": "#0"},
				"west": {"uv": [15, 5, 14, 6], "texture": "#0"},
				"up": {"uv": [0, 7, 6, 6], "texture": "#0"},
				"down": {"uv": [6, 4, 12, 5], "texture": "#0"}
			}
		},
		{
			"from": [5, 3, 7.5],
			"to": [10, 4, 8.5],
			"faces": {
				"north": {"uv": [11, 5, 6, 6], "texture": "#0"},
				"east": {"uv": [8, 14, 7, 15], "texture": "#0"},
				"south": {"uv": [11, 6, 6, 7], "texture": "#0"},
				"west": {"uv": [15, 6, 14, 7], "texture": "#0"},
				"up": {"uv": [0, 8, 5, 7], "texture": "#0"},
				"down": {"uv": [7, 0, 12, 1], "texture": "#0"}
			}
		},
		{
			"from": [6, 4, 7.5],
			"to": [10, 5, 8.5],
			"faces": {
				"north": {"uv": [8, 8, 4, 9], "texture": "#0"},
				"east": {"uv": [10, 14, 9, 15], "texture": "#0"},
				"south": {"uv": [12, 8, 8, 9], "texture": "#0"},
				"west": {"uv": [9, 14, 8, 15], "texture": "#0"},
				"up": {"uv": [4, 10, 8, 9], "texture": "#0"},
				"down": {"uv": [9, 7, 13, 8], "texture": "#0"}
			}
		},
		{
			"from": [7, 5, 7.5],
			"to": [11, 6, 8.5],
			"faces": {
				"north": {"uv": [12, 9, 8, 10], "texture": "#0"},
				"east": {"uv": [12, 14, 11, 15], "texture": "#0"},
				"south": {"uv": [4, 10, 0, 11], "texture": "#0"},
				"west": {"uv": [11, 14, 10, 15], "texture": "#0"},
				"up": {"uv": [4, 11, 8, 10], "texture": "#0"},
				"down": {"uv": [8, 10, 12, 11], "texture": "#0"}
			}
		},
		{
			"from": [8, 6, 7.5],
			"to": [11, 7, 8.5],
			"faces": {
				"north": {"uv": [7, 11, 4, 12], "texture": "#0"},
				"east": {"uv": [15, 14, 14, 15], "texture": "#0"},
				"south": {"uv": [14, 5, 11, 6], "texture": "#0"},
				"west": {"uv": [15, 13, 14, 14], "texture": "#0"},
				"up": {"uv": [11, 7, 14, 6], "texture": "#0"},
				"down": {"uv": [7, 11, 10, 12], "texture": "#0"}
			}
		},
		{
			"from": [8, 7, 7.5],
			"to": [11, 8, 8.5],
			"faces": {
				"north": {"uv": [13, 11, 10, 12], "texture": "#0"},
				"east": {"uv": [16, 0, 15, 1], "texture": "#0"},
				"south": {"uv": [3, 12, 0, 13], "texture": "#0"},
				"west": {"uv": [1, 15, 0, 16], "texture": "#0"},
				"up": {"uv": [12, 1, 15, 0], "texture": "#0"},
				"down": {"uv": [3, 12, 6, 13], "texture": "#0"}
			}
		},
		{
			"from": [8, 8, 7.5],
			"to": [11, 9, 8.5],
			"faces": {
				"north": {"uv": [15, 4, 12, 5], "texture": "#0"},
				"east": {"uv": [16, 1, 15, 2], "texture": "#0"},
				"south": {"uv": [9, 12, 6, 13], "texture": "#0"},
				"west": {"uv": [2, 15, 1, 16], "texture": "#0"},
				"up": {"uv": [12, 9, 15, 8], "texture": "#0"},
				"down": {"uv": [9, 12, 12, 13], "texture": "#0"}
			}
		},
		{
			"from": [7, 9, 7.5],
			"to": [11, 10, 8.5],
			"faces": {
				"north": {"uv": [4, 11, 0, 12], "texture": "#0"},
				"east": {"uv": [16, 2, 15, 3], "texture": "#0"},
				"south": {"uv": [15, 1, 11, 2], "texture": "#0"},
				"west": {"uv": [3, 15, 2, 16], "texture": "#0"},
				"up": {"uv": [11, 3, 15, 2], "texture": "#0"},
				"down": {"uv": [11, 3, 15, 4], "texture": "#0"}
			}
		},
		{
			"from": [7, 10, 7.5],
			"to": [10, 11, 8.5],
			"faces": {
				"north": {"uv": [15, 9, 12, 10], "texture": "#0"},
				"east": {"uv": [16, 3, 15, 4], "texture": "#0"},
				"south": {"uv": [15, 10, 12, 11], "texture": "#0"},
				"west": {"uv": [4, 15, 3, 16], "texture": "#0"},
				"up": {"uv": [12, 13, 15, 12], "texture": "#0"},
				"down": {"uv": [0, 13, 3, 14], "texture": "#0"}
			}
		},
		{
			"from": [7, 11, 7.5],
			"to": [10, 12, 8.5],
			"faces": {
				"north": {"uv": [6, 13, 3, 14], "texture": "#0"},
				"east": {"uv": [16, 4, 15, 5], "texture": "#0"},
				"south": {"uv": [9, 13, 6, 14], "texture": "#0"},
				"west": {"uv": [5, 15, 4, 16], "texture": "#0"},
				"up": {"uv": [13, 8, 16, 7], "texture": "#0"},
				"down": {"uv": [9, 13, 12, 14], "texture": "#0"}
			}
		},
		{
			"from": [7, 12, 7.5],
			"to": [8, 13, 8.5],
			"rotation": {"angle": 0, "axis": "y", "origin": [16, 0, 0]},
			"faces": {
				"north": {"uv": [5, 15, 6, 16], "texture": "#0"},
				"east": {"uv": [15, 5, 16, 6], "texture": "#0"},
				"south": {"uv": [6, 15, 7, 16], "texture": "#0"},
				"west": {"uv": [15, 6, 16, 7], "texture": "#0"},
				"up": {"uv": [8, 16, 7, 15], "texture": "#0"},
				"down": {"uv": [9, 15, 8, 16], "texture": "#0"}
			}
		}
	],
	"gui_light": "front",
	"display": {
		"thirdperson_righthand": {
			"rotation": [-145, 90, 0],
			"translation": [0, 2, 2.25]
		},
		"thirdperson_lefthand": {
			"rotation": [-145, -90, 0],
			"translation": [0, 2, 2.25]
		},
		"firstperson_righthand": {
			"rotation": [148, 90, 0],
			"translation": [1.25, 6.25, 0]
		},
		"firstperson_lefthand": {
			"rotation": [148, -90, 0],
			"translation": [1.25, 4.5, 0]
		},
		"ground": {
			"rotation": [180, 0, 160],
			"translation": [0, 4.5, 0]
		},
		"gui": {
			"translation": [1.5, 0.5, 0]
		}
	}
}