{
	"credit": "Made with Blockbench",
	"texture_size": [64, 64],
	"textures": {
		"1": "item/custom/beast_cutter"
	},
	"elements": [
		{
			"from": [9.59732, -10.6, 7.525],
			"to": [10.59732, -8.6, 8.525],
			"rotation": {"angle": 22.5, "axis": "z", "origin": [10.09732, -9.6, 8.025]},
			"faces": {
				"north": {"uv": [3.25, 4.5, 3.5, 5], "texture": "#1"},
				"east": {"uv": [3.75, 5, 4, 5.5], "texture": "#1"},
				"south": {"uv": [2.75, 6, 3, 6.5], "texture": "#1"},
				"west": {"uv": [6, 6, 6.25, 6.5], "texture": "#1"},
				"up": {"uv": [1.25, 2.25, 1, 2], "texture": "#1"},
				"down": {"uv": [3.75, 3.75, 3.5, 4], "texture": "#1"}
			}
		},
		{
			"from": [9.2527, -8.86746, 7.525],
			"to": [10.2527, -4.86746, 8.525],
			"rotation": {"angle": 0, "axis": "z", "origin": [9.7527, -7.86746, 8.025]},
			"faces": {
				"north": {"uv": [3, 5.25, 3.25, 6.25], "texture": "#1"},
				"east": {"uv": [4.75, 5.5, 5, 6.5], "texture": "#1"},
				"south": {"uv": [5.75, 1.25, 6, 2.25], "texture": "#1"},
				"west": {"uv": [3.25, 5.75, 3.5, 6.75], "texture": "#1"},
				"up": {"uv": [4.5, 4, 4.25, 3.75], "texture": "#1"},
				"down": {"uv": [4.75, 3.75, 4.5, 4], "texture": "#1"}
			}
		},
		{
			"from": [8.52539, -5.21104, 7.525],
			"to": [9.52539, -1.21104, 8.525],
			"rotation": {"angle": 22.5, "axis": "z", "origin": [9.02539, -3.21104, 8.025]},
			"faces": {
				"north": {"uv": [3.5, 5.75, 3.75, 6.75], "texture": "#1"},
				"east": {"uv": [6, 1.25, 6.25, 2.25], "texture": "#1"},
				"south": {"uv": [2, 6, 2.25, 7], "texture": "#1"},
				"west": {"uv": [2.25, 6, 2.5, 7], "texture": "#1"},
				"up": {"uv": [5, 4.75, 4.75, 4.5], "texture": "#1"},
				"down": {"uv": [5.75, 1.25, 5.5, 1.5], "texture": "#1"}
			}
		},
		{
			"from": [8.02539, -4.61104, 7.025],
			"to": [10.02539, -4.11104, 9.025],
			"rotation": {"angle": 22.5, "axis": "z", "origin": [9.02539, -3.21104, 8.025]},
			"faces": {
				"north": {"uv": [6.75, 0.75, 7.25, 0.875], "texture": "#1"},
				"east": {"uv": [6.75, 1, 7.25, 1.125], "texture": "#1"},
				"south": {"uv": [7.75, 6.5, 8.25, 6.625], "texture": "#1"},
				"west": {"uv": [7.75, 6.75, 8.25, 6.875], "texture": "#1"},
				"up": {"uv": [6.25, 4.25, 5.75, 3.75], "texture": "#1"},
				"down": {"uv": [6.5, 0, 6, 0.5], "texture": "#1"}
			}
		},
		{
			"from": [8.32539, -4.11104, 7.325],
			"to": [9.72539, -2.31104, 8.725],
			"rotation": {"angle": 22.5, "axis": "z", "origin": [9.02539, -3.21104, 8.025]},
			"faces": {
				"north": {"uv": [6, 3.25, 6.375, 3.75], "texture": "#1"},
				"east": {"uv": [6, 4.25, 6.375, 4.75], "texture": "#1"},
				"south": {"uv": [6, 4.75, 6.375, 5.25], "texture": "#1"},
				"west": {"uv": [5, 6, 5.375, 6.5], "texture": "#1"},
				"up": {"uv": [6.375, 5.625, 6, 5.25], "texture": "#1"},
				"down": {"uv": [5.875, 6, 5.5, 6.375], "texture": "#1"}
			}
		},
		{
			"from": [9.72539, -4.91104, 8],
			"to": [10.72539, -2.91104, 8],
			"rotation": {"angle": 22.5, "axis": "z", "origin": [9.02539, -3.21104, 7.7]},
			"faces": {
				"north": {"uv": [6.25, 2.75, 6.5, 3.25], "texture": "#1"},
				"east": {"uv": [0, 0, 0, 0.5], "texture": "#1"},
				"south": {"uv": [6.25, 3.75, 6.5, 4.25], "texture": "#1"},
				"west": {"uv": [0, 0, 0, 0.5], "texture": "#1"},
				"up": {"uv": [0.25, 0, 0, 0], "texture": "#1"},
				"down": {"uv": [0.25, 0, 0, 0], "texture": "#1"}
			}
		},
		{
			"from": [5.79808, 2.14537, 7.425],
			"to": [8.79808, 5.14537, 7.925],
			"rotation": {"angle": 0, "axis": "z", "origin": [8.29808, 0.14537, 8.025]},
			"faces": {
				"north": {"uv": [3.25, 1.5, 4, 2.25], "texture": "#1"},
				"east": {"uv": [2.75, 6.5, 2.875, 7.25], "texture": "#1"},
				"south": {"uv": [3.5, 0, 4.25, 0.75], "texture": "#1"},
				"west": {"uv": [6.5, 2.75, 6.625, 3.5], "texture": "#1"},
				"up": {"uv": [7.25, 3.625, 6.5, 3.5], "texture": "#1"},
				"down": {"uv": [7.25, 3.75, 6.5, 3.875], "texture": "#1"}
			}
		},
		{
			"from": [5.79808, 6.44537, 7.425],
			"to": [8.79808, 8.94537, 7.925],
			"rotation": {"angle": 0, "axis": "z", "origin": [8.29808, 0.44537, 8.025]},
			"faces": {
				"north": {"uv": [4, 1.5, 4.75, 2.125], "texture": "#1"},
				"east": {"uv": [5.25, 7.5, 5.375, 8.125], "texture": "#1"},
				"south": {"uv": [4, 4, 4.75, 4.625], "texture": "#1"},
				"west": {"uv": [5.5, 7.5, 5.625, 8.125], "texture": "#1"},
				"up": {"uv": [7.25, 4.125, 6.5, 4], "texture": "#1"},
				"down": {"uv": [7.25, 4.25, 6.5, 4.375], "texture": "#1"}
			}
		},
		{
			"from": [5.79808, 9.94537, 7.425],
			"to": [8.79808, 12.94537, 7.925],
			"rotation": {"angle": 0, "axis": "z", "origin": [8.29808, 0.44537, 8.025]},
			"faces": {
				"north": {"uv": [3.5, 0.75, 4.25, 1.5], "texture": "#1"},
				"east": {"uv": [6.5, 4.5, 6.625, 5.25], "texture": "#1"},
				"south": {"uv": [2, 3.75, 2.75, 4.5], "texture": "#1"},
				"west": {"uv": [4.75, 6.5, 4.875, 7.25], "texture": "#1"},
				"up": {"uv": [5.75, 6.625, 5, 6.5], "texture": "#1"},
				"down": {"uv": [7.25, 5.25, 6.5, 5.375], "texture": "#1"}
			}
		},
		{
			"from": [5.59808, 13.94537, 7.425],
			"to": [9.09808, 16.94537, 7.925],
			"rotation": {"angle": 0, "axis": "z", "origin": [8.29808, 0.44537, 8.025]},
			"faces": {
				"north": {"uv": [2, 2.25, 2.875, 3], "texture": "#1"},
				"east": {"uv": [5.75, 6.5, 5.875, 7.25], "texture": "#1"},
				"south": {"uv": [2.5, 0, 3.375, 0.75], "texture": "#1"},
				"west": {"uv": [6, 6.5, 6.125, 7.25], "texture": "#1"},
				"up": {"uv": [7.375, 0.125, 6.5, 0], "texture": "#1"},
				"down": {"uv": [7.375, 0.25, 6.5, 0.375], "texture": "#1"}
			}
		},
		{
			"from": [5.29808, 17.94537, 7.425],
			"to": [9.29808, 20.94537, 7.925],
			"rotation": {"angle": 0, "axis": "z", "origin": [8.29808, 0.44537, 8.025]},
			"faces": {
				"north": {"uv": [1.25, 1.5, 2.25, 2.25], "texture": "#1"},
				"east": {"uv": [6.25, 6.5, 6.375, 7.25], "texture": "#1"},
				"south": {"uv": [0, 2, 1, 2.75], "texture": "#1"},
				"west": {"uv": [6.5, 6.5, 6.625, 7.25], "texture": "#1"},
				"up": {"uv": [7.25, 1.375, 6.25, 1.25], "texture": "#1"},
				"down": {"uv": [7.25, 1.5, 6.25, 1.625], "texture": "#1"}
			}
		},
		{
			"from": [4.59808, 22, 7.525],
			"to": [9.59808, 26, 8.525],
			"rotation": {"angle": 0, "axis": "z", "origin": [6.59808, 24, 8.0125]},
			"faces": {
				"north": {"uv": [0, 0, 1.25, 1], "texture": "#1"},
				"east": {"uv": [6, 2.25, 6.25, 3.25], "texture": "#1"},
				"south": {"uv": [0, 1, 1.25, 2], "texture": "#1"},
				"west": {"uv": [2.5, 6, 2.75, 7], "texture": "#1"},
				"up": {"uv": [6.75, 1, 5.5, 0.75], "texture": "#1"},
				"down": {"uv": [6.75, 1, 5.5, 1.25], "texture": "#1"}
			}
		},
		{
			"from": [8.37469, 22, 5.54647],
			"to": [9.0818, 26, 6.25357],
			"rotation": {"angle": -45, "axis": "y", "origin": [6.59808, 24, 8.0125]},
			"faces": {
				"north": {"uv": [6.25, 1.75, 6.375, 2.75], "texture": "#1"},
				"east": {"uv": [3, 6.25, 3.125, 7.25], "texture": "#1"},
				"south": {"uv": [3.75, 6.25, 3.875, 7.25], "texture": "#1"},
				"west": {"uv": [4, 6.25, 4.125, 7.25], "texture": "#1"},
				"up": {"uv": [7.875, 7.375, 7.75, 7.25], "texture": "#1"},
				"down": {"uv": [7.875, 7.5, 7.75, 7.625], "texture": "#1"}
			}
		},
		{
			"from": [8.79808, 17.94537, 7.63211],
			"to": [9.15164, 20.94537, 7.98566],
			"rotation": {"angle": -45, "axis": "y", "origin": [9.29808, 19.44537, 8.13211]},
			"faces": {
				"north": {"uv": [6.75, 2.75, 6.875, 3.5], "texture": "#1"},
				"east": {"uv": [3.25, 6.75, 3.375, 7.5], "texture": "#1"},
				"south": {"uv": [3.5, 6.75, 3.625, 7.5], "texture": "#1"},
				"west": {"uv": [6.75, 4.5, 6.875, 5.25], "texture": "#1"},
				"up": {"uv": [7.875, 7.875, 7.75, 7.75], "texture": "#1"},
				"down": {"uv": [0.125, 8, 0, 8.125], "texture": "#1"}
			}
		},
		{
			"from": [8.29808, 6.44537, 7.63211],
			"to": [8.65164, 8.94537, 7.98566],
			"rotation": {"angle": -45, "axis": "y", "origin": [8.79808, 7.44537, 8.13211]},
			"faces": {
				"north": {"uv": [7.5, 5.75, 7.625, 6.375], "texture": "#1"},
				"east": {"uv": [7.5, 6.5, 7.625, 7.125], "texture": "#1"},
				"south": {"uv": [7.25, 7.5, 7.375, 8.125], "texture": "#1"},
				"west": {"uv": [7.5, 7.25, 7.625, 7.875], "texture": "#1"},
				"up": {"uv": [8.125, 0.125, 8, 0], "texture": "#1"},
				"down": {"uv": [0.375, 8, 0.25, 8.125], "texture": "#1"}
			}
		},
		{
			"from": [8.29808, 2.14537, 7.63211],
			"to": [8.65164, 5.14537, 7.98566],
			"rotation": {"angle": -45, "axis": "y", "origin": [8.79808, 7.14537, 8.13211]},
			"faces": {
				"north": {"uv": [4.25, 7, 4.375, 7.75], "texture": "#1"},
				"east": {"uv": [4.5, 7, 4.625, 7.75], "texture": "#1"},
				"south": {"uv": [7, 4.5, 7.125, 5.25], "texture": "#1"},
				"west": {"uv": [7, 6.5, 7.125, 7.25], "texture": "#1"},
				"up": {"uv": [8.125, 0.875, 8, 0.75], "texture": "#1"},
				"down": {"uv": [8.125, 1, 8, 1.125], "texture": "#1"}
			}
		},
		{
			"from": [8.29808, 9.94537, 7.63211],
			"to": [8.65164, 12.94537, 7.98566],
			"rotation": {"angle": -45, "axis": "y", "origin": [8.79808, 11.44537, 8.13211]},
			"faces": {
				"north": {"uv": [2, 7, 2.125, 7.75], "texture": "#1"},
				"east": {"uv": [2.25, 7, 2.375, 7.75], "texture": "#1"},
				"south": {"uv": [2.5, 7, 2.625, 7.75], "texture": "#1"},
				"west": {"uv": [7, 2.75, 7.125, 3.5], "texture": "#1"},
				"up": {"uv": [8.125, 0.625, 8, 0.5], "texture": "#1"},
				"down": {"uv": [0.875, 8, 0.75, 8.125], "texture": "#1"}
			}
		},
		{
			"from": [8.59808, 13.94537, 7.63211],
			"to": [8.95164, 16.94537, 7.98566],
			"rotation": {"angle": -45, "axis": "y", "origin": [9.09808, 15.44537, 8.13211]},
			"faces": {
				"north": {"uv": [5, 6.75, 5.125, 7.5], "texture": "#1"},
				"east": {"uv": [5.25, 6.75, 5.375, 7.5], "texture": "#1"},
				"south": {"uv": [5.5, 6.75, 5.625, 7.5], "texture": "#1"},
				"west": {"uv": [6.75, 6.5, 6.875, 7.25], "texture": "#1"},
				"up": {"uv": [8.125, 0.375, 8, 0.25], "texture": "#1"},
				"down": {"uv": [0.625, 8, 0.5, 8.125], "texture": "#1"}
			}
		},
		{
			"from": [3.79808, 2.14537, 7.675],
			"to": [5.79808, 5.14537, 7.675],
			"rotation": {"angle": 0, "axis": "z", "origin": [8.29808, 0.14537, 7.525]},
			"faces": {
				"north": {"uv": [5, 0, 5.5, 0.75], "texture": "#1"},
				"east": {"uv": [0, 0, 0, 0.75], "texture": "#1"},
				"south": {"uv": [5, 0.75, 5.5, 1.5], "texture": "#1"},
				"west": {"uv": [0, 0, 0, 0.75], "texture": "#1"},
				"up": {"uv": [0.5, 0, 0, 0], "texture": "#1"},
				"down": {"uv": [0.5, 0, 0, 0], "texture": "#1"}
			}
		},
		{
			"from": [3.79808, 6.44537, 7.675],
			"to": [5.79808, 8.94537, 7.675],
			"rotation": {"angle": 0, "axis": "z", "origin": [8.29808, 0.44537, 7.525]},
			"faces": {
				"north": {"uv": [5.5, 2.25, 6, 2.875], "texture": "#1"},
				"east": {"uv": [0, 0, 0, 0.625], "texture": "#1"},
				"south": {"uv": [5.5, 3, 6, 3.625], "texture": "#1"},
				"west": {"uv": [0, 0, 0, 0.625], "texture": "#1"},
				"up": {"uv": [0.5, 0, 0, 0], "texture": "#1"},
				"down": {"uv": [0.5, 0, 0, 0], "texture": "#1"}
			}
		},
		{
			"from": [3.79808, 9.94537, 7.675],
			"to": [5.79808, 12.94537, 7.675],
			"rotation": {"angle": 0, "axis": "z", "origin": [8.29808, 0.44537, 7.525]},
			"faces": {
				"north": {"uv": [4, 4.75, 4.5, 5.5], "texture": "#1"},
				"east": {"uv": [0, 0, 0, 0.75], "texture": "#1"},
				"south": {"uv": [4.5, 4.75, 5, 5.5], "texture": "#1"},
				"west": {"uv": [0, 0, 0, 0.75], "texture": "#1"},
				"up": {"uv": [0.5, 0, 0, 0], "texture": "#1"},
				"down": {"uv": [0.5, 0, 0, 0], "texture": "#1"}
			}
		},
		{
			"from": [3.59808, 13.94537, 7.675],
			"to": [5.59808, 16.94537, 7.675],
			"rotation": {"angle": 0, "axis": "z", "origin": [8.29808, 0.44537, 7.525]},
			"faces": {
				"north": {"uv": [4.75, 1.5, 5.25, 2.25], "texture": "#1"},
				"east": {"uv": [0, 0, 0, 0.75], "texture": "#1"},
				"south": {"uv": [4.75, 3.75, 5.25, 4.5], "texture": "#1"},
				"west": {"uv": [0, 0, 0, 0.75], "texture": "#1"},
				"up": {"uv": [0.5, 0, 0, 0], "texture": "#1"},
				"down": {"uv": [0.5, 0, 0, 0], "texture": "#1"}
			}
		},
		{
			"from": [3.29808, 17.94537, 7.675],
			"to": [5.29808, 20.94537, 7.675],
			"rotation": {"angle": 0, "axis": "z", "origin": [8.29808, 0.44537, 7.525]},
			"faces": {
				"north": {"uv": [4.5, 2.25, 5, 3], "texture": "#1"},
				"east": {"uv": [0, 0, 0, 0.75], "texture": "#1"},
				"south": {"uv": [2.75, 4.5, 3.25, 5.25], "texture": "#1"},
				"west": {"uv": [0, 0, 0, 0.75], "texture": "#1"},
				"up": {"uv": [0.5, 0, 0, 0], "texture": "#1"},
				"down": {"uv": [0.5, 0, 0, 0], "texture": "#1"}
			}
		},
		{
			"from": [2.59808, 22, 8],
			"to": [4.59808, 26, 8],
			"rotation": {"angle": 0, "axis": "z", "origin": [6.59808, 24, 8.0125]},
			"faces": {
				"north": {"uv": [3.75, 3, 4.25, 4], "texture": "#1"},
				"east": {"uv": [0, 0, 0, 1], "texture": "#1"},
				"south": {"uv": [3.5, 4, 4, 5], "texture": "#1"},
				"west": {"uv": [0, 0, 0, 1], "texture": "#1"},
				"up": {"uv": [0.5, 0, 0, 0], "texture": "#1"},
				"down": {"uv": [0.5, 0, 0, 0], "texture": "#1"}
			}
		},
		{
			"from": [5.79808, -1.55463, 7.65],
			"to": [8.79808, 1.44537, 8.35],
			"rotation": {"angle": 0, "axis": "z", "origin": [8.29808, 0.44537, 7.65]},
			"faces": {
				"north": {"uv": [3.75, 3, 3, 3.75], "texture": "#1"},
				"east": {"uv": [4.375, 6.25, 4.25, 7], "texture": "#1"},
				"south": {"uv": [3.75, 2.25, 3, 3], "texture": "#1"},
				"west": {"uv": [4.625, 6.25, 4.5, 7], "texture": "#1"},
				"up": {"uv": [7.25, 2.25, 6.5, 2.375], "texture": "#1"},
				"down": {"uv": [7.25, 2.625, 6.5, 2.5], "texture": "#1"}
			}
		},
		{
			"from": [5.79808, 3.74537, 8.075],
			"to": [8.79808, 6.74537, 8.575],
			"rotation": {"angle": 0, "axis": "z", "origin": [8.29808, 1.74537, 7.975]},
			"faces": {
				"north": {"uv": [4.25, 0, 3.5, 0.75], "texture": "#1"},
				"east": {"uv": [2.875, 6.5, 2.75, 7.25], "texture": "#1"},
				"south": {"uv": [4, 1.5, 3.25, 2.25], "texture": "#1"},
				"west": {"uv": [6.625, 2.75, 6.5, 3.5], "texture": "#1"},
				"up": {"uv": [7.25, 3.5, 6.5, 3.625], "texture": "#1"},
				"down": {"uv": [7.25, 3.875, 6.5, 3.75], "texture": "#1"}
			}
		},
		{
			"from": [5.79808, 7.74537, 8.075],
			"to": [8.79808, 10.24537, 8.575],
			"rotation": {"angle": 0, "axis": "z", "origin": [8.29808, 1.74537, 7.975]},
			"faces": {
				"north": {"uv": [4.75, 4, 4, 4.625], "texture": "#1"},
				"east": {"uv": [5.375, 7.5, 5.25, 8.125], "texture": "#1"},
				"south": {"uv": [4.75, 1.5, 4, 2.125], "texture": "#1"},
				"west": {"uv": [5.625, 7.5, 5.5, 8.125], "texture": "#1"},
				"up": {"uv": [7.25, 4, 6.5, 4.125], "texture": "#1"},
				"down": {"uv": [7.25, 4.375, 6.5, 4.25], "texture": "#1"}
			}
		},
		{
			"from": [5.79808, 11.24537, 8.075],
			"to": [8.79808, 14.24537, 8.575],
			"rotation": {"angle": 0, "axis": "z", "origin": [8.29808, 1.74537, 7.975]},
			"faces": {
				"north": {"uv": [2.75, 3.75, 2, 4.5], "texture": "#1"},
				"east": {"uv": [6.625, 4.5, 6.5, 5.25], "texture": "#1"},
				"south": {"uv": [4.25, 0.75, 3.5, 1.5], "texture": "#1"},
				"west": {"uv": [4.875, 6.5, 4.75, 7.25], "texture": "#1"},
				"up": {"uv": [5.75, 6.5, 5, 6.625], "texture": "#1"},
				"down": {"uv": [7.25, 5.375, 6.5, 5.25], "texture": "#1"}
			}
		},
		{
			"from": [5.59808, 15.24537, 8.075],
			"to": [9.09808, 18.24537, 8.575],
			"rotation": {"angle": 0, "axis": "z", "origin": [8.29808, 1.74537, 7.975]},
			"faces": {
				"north": {"uv": [3.375, 0, 2.5, 0.75], "texture": "#1"},
				"east": {"uv": [5.875, 6.5, 5.75, 7.25], "texture": "#1"},
				"south": {"uv": [2.875, 2.25, 2, 3], "texture": "#1"},
				"west": {"uv": [6.125, 6.5, 6, 7.25], "texture": "#1"},
				"up": {"uv": [7.375, 0, 6.5, 0.125], "texture": "#1"},
				"down": {"uv": [7.375, 0.375, 6.5, 0.25], "texture": "#1"}
			}
		},
		{
			"from": [5.29808, 18.74537, 8.075],
			"to": [9.29808, 21.74537, 8.575],
			"rotation": {"angle": 0, "axis": "z", "origin": [8.29808, 1.24537, 7.975]},
			"faces": {
				"north": {"uv": [1, 2, 0, 2.75], "texture": "#1"},
				"east": {"uv": [6.375, 6.5, 6.25, 7.25], "texture": "#1"},
				"south": {"uv": [2.25, 1.5, 1.25, 2.25], "texture": "#1"},
				"west": {"uv": [6.625, 6.5, 6.5, 7.25], "texture": "#1"},
				"up": {"uv": [7.25, 1.25, 6.25, 1.375], "texture": "#1"},
				"down": {"uv": [7.25, 1.625, 6.25, 1.5], "texture": "#1"}
			}
		},
		{
			"from": [8.79808, 18.74537, 8.01434],
			"to": [9.15164, 21.74537, 8.36789],
			"rotation": {"angle": 45, "axis": "y", "origin": [9.29808, 20.24537, 7.86789]},
			"faces": {
				"north": {"uv": [3.625, 6.75, 3.5, 7.5], "texture": "#1"},
				"east": {"uv": [3.375, 6.75, 3.25, 7.5], "texture": "#1"},
				"south": {"uv": [6.875, 2.75, 6.75, 3.5], "texture": "#1"},
				"west": {"uv": [6.875, 4.5, 6.75, 5.25], "texture": "#1"},
				"up": {"uv": [7.875, 7.75, 7.75, 7.875], "texture": "#1"},
				"down": {"uv": [0.125, 8.125, 0, 8], "texture": "#1"}
			}
		},
		{
			"from": [8.29808, 7.74537, 8.01434],
			"to": [8.65164, 10.24537, 8.36789],
			"rotation": {"angle": 45, "axis": "y", "origin": [8.79808, 8.74537, 7.86789]},
			"faces": {
				"north": {"uv": [7.375, 7.5, 7.25, 8.125], "texture": "#1"},
				"east": {"uv": [7.625, 6.5, 7.5, 7.125], "texture": "#1"},
				"south": {"uv": [7.625, 5.75, 7.5, 6.375], "texture": "#1"},
				"west": {"uv": [7.625, 7.25, 7.5, 7.875], "texture": "#1"},
				"up": {"uv": [8.125, 0, 8, 0.125], "texture": "#1"},
				"down": {"uv": [0.375, 8.125, 0.25, 8], "texture": "#1"}
			}
		},
		{
			"from": [8.29808, 3.74537, 8.01434],
			"to": [8.65164, 6.74537, 8.36789],
			"rotation": {"angle": 45, "axis": "y", "origin": [8.79808, 8.74537, 7.86789]},
			"faces": {
				"north": {"uv": [7.125, 4.5, 7, 5.25], "texture": "#1"},
				"east": {"uv": [4.625, 7, 4.5, 7.75], "texture": "#1"},
				"south": {"uv": [4.375, 7, 4.25, 7.75], "texture": "#1"},
				"west": {"uv": [7.125, 6.5, 7, 7.25], "texture": "#1"},
				"up": {"uv": [8.125, 0.75, 8, 0.875], "texture": "#1"},
				"down": {"uv": [8.125, 1.125, 8, 1], "texture": "#1"}
			}
		},
		{
			"from": [8.15666, -1.55463, 7.58935],
			"to": [8.65163, 1.44537, 8.08432],
			"rotation": {"angle": 45, "axis": "y", "origin": [8.79807, 7.44537, 7.4429]},
			"faces": {
				"north": {"uv": [2.875, 7.25, 2.75, 8], "texture": "#1"},
				"east": {"uv": [7.375, 2.25, 7.25, 3], "texture": "#1"},
				"south": {"uv": [7.375, 0.5, 7.25, 1.25], "texture": "#1"},
				"west": {"uv": [3.125, 7.25, 3, 8], "texture": "#1"},
				"up": {"uv": [8.125, 1.25, 8, 1.375], "texture": "#1"},
				"down": {"uv": [8.125, 1.625, 8, 1.5], "texture": "#1"}
			}
		},
		{
			"from": [8.29808, 11.24537, 8.01434],
			"to": [8.65164, 14.24537, 8.36789],
			"rotation": {"angle": 45, "axis": "y", "origin": [8.79808, 12.74537, 7.86789]},
			"faces": {
				"north": {"uv": [2.625, 7, 2.5, 7.75], "texture": "#1"},
				"east": {"uv": [2.375, 7, 2.25, 7.75], "texture": "#1"},
				"south": {"uv": [2.125, 7, 2, 7.75], "texture": "#1"},
				"west": {"uv": [7.125, 2.75, 7, 3.5], "texture": "#1"},
				"up": {"uv": [8.125, 0.5, 8, 0.625], "texture": "#1"},
				"down": {"uv": [0.875, 8.125, 0.75, 8], "texture": "#1"}
			}
		},
		{
			"from": [8.59808, 15.24537, 8.01434],
			"to": [8.95164, 18.24537, 8.36789],
			"rotation": {"angle": 45, "axis": "y", "origin": [9.09808, 16.74537, 7.86789]},
			"faces": {
				"north": {"uv": [5.625, 6.75, 5.5, 7.5], "texture": "#1"},
				"east": {"uv": [5.375, 6.75, 5.25, 7.5], "texture": "#1"},
				"south": {"uv": [5.125, 6.75, 5, 7.5], "texture": "#1"},
				"west": {"uv": [6.875, 6.5, 6.75, 7.25], "texture": "#1"},
				"up": {"uv": [8.125, 0.25, 8, 0.375], "texture": "#1"},
				"down": {"uv": [0.625, 8.125, 0.5, 8], "texture": "#1"}
			}
		},
		{
			"from": [3.79808, -1.55463, 8],
			"to": [5.79808, 1.44537, 8],
			"rotation": {"angle": 0, "axis": "z", "origin": [8.29808, 0.44537, 8.15]},
			"faces": {
				"north": {"uv": [5.5, 3, 5, 3.75], "texture": "#1"},
				"east": {"uv": [0, 0, 0, 0.75], "texture": "#1"},
				"south": {"uv": [5.5, 2.25, 5, 3], "texture": "#1"},
				"west": {"uv": [0, 0, 0, 0.75], "texture": "#1"},
				"up": {"uv": [0.5, 0, 0, 0], "texture": "#1"},
				"down": {"uv": [0.5, 0, 0, 0], "texture": "#1"}
			}
		},
		{
			"from": [3.79808, 3.74537, 8.325],
			"to": [5.79808, 6.74537, 8.325],
			"rotation": {"angle": 0, "axis": "z", "origin": [8.29808, 1.74537, 8.475]},
			"faces": {
				"north": {"uv": [5.5, 0.75, 5, 1.5], "texture": "#1"},
				"east": {"uv": [0, 0, 0, 0.75], "texture": "#1"},
				"south": {"uv": [5.5, 0, 5, 0.75], "texture": "#1"},
				"west": {"uv": [0, 0, 0, 0.75], "texture": "#1"},
				"up": {"uv": [0.5, 0, 0, 0], "texture": "#1"},
				"down": {"uv": [0.5, 0, 0, 0], "texture": "#1"}
			}
		},
		{
			"from": [3.79808, 7.74537, 8.325],
			"to": [5.79808, 10.24537, 8.325],
			"rotation": {"angle": 0, "axis": "z", "origin": [8.29808, 1.74537, 8.475]},
			"faces": {
				"north": {"uv": [6, 3, 5.5, 3.625], "texture": "#1"},
				"east": {"uv": [0, 0, 0, 0.625], "texture": "#1"},
				"south": {"uv": [6, 2.25, 5.5, 2.875], "texture": "#1"},
				"west": {"uv": [0, 0, 0, 0.625], "texture": "#1"},
				"up": {"uv": [0.5, 0, 0, 0], "texture": "#1"},
				"down": {"uv": [0.5, 0, 0, 0], "texture": "#1"}
			}
		},
		{
			"from": [3.79808, 0.74537, 8.325],
			"to": [5.79808, 3.24537, 8.325],
			"rotation": {"angle": 0, "axis": "z", "origin": [8.29808, -5.25463, 8.475]},
			"faces": {
				"north": {"uv": [6, 3, 5.5, 3.625], "texture": "#1"},
				"east": {"uv": [0, 0, 0, 0.625], "texture": "#1"},
				"south": {"uv": [6, 2.25, 5.5, 2.875], "texture": "#1"},
				"west": {"uv": [0, 0, 0, 0.625], "texture": "#1"},
				"up": {"uv": [0.5, 0, 0, 0], "texture": "#1"},
				"down": {"uv": [0.5, 0, 0, 0], "texture": "#1"}
			}
		},
		{
			"from": [8.29808, 0.74537, 8.01434],
			"to": [8.65164, 3.24537, 8.36789],
			"rotation": {"angle": 45, "axis": "y", "origin": [8.79808, 1.74537, 7.86789]},
			"faces": {
				"north": {"uv": [7.375, 7.5, 7.25, 8.125], "texture": "#1"},
				"east": {"uv": [7.625, 6.5, 7.5, 7.125], "texture": "#1"},
				"south": {"uv": [7.625, 5.75, 7.5, 6.375], "texture": "#1"},
				"west": {"uv": [7.625, 7.25, 7.5, 7.875], "texture": "#1"},
				"up": {"uv": [8.125, 0, 8, 0.125], "texture": "#1"},
				"down": {"uv": [0.375, 8.125, 0.25, 8], "texture": "#1"}
			}
		},
		{
			"from": [5.79808, 0.74537, 8.075],
			"to": [8.79808, 3.24537, 8.575],
			"rotation": {"angle": 0, "axis": "z", "origin": [8.29808, -5.25463, 7.975]},
			"faces": {
				"north": {"uv": [4.75, 4, 4, 4.625], "texture": "#1"},
				"east": {"uv": [5.375, 7.5, 5.25, 8.125], "texture": "#1"},
				"south": {"uv": [4.75, 1.5, 4, 2.125], "texture": "#1"},
				"west": {"uv": [5.625, 7.5, 5.5, 8.125], "texture": "#1"},
				"up": {"uv": [7.25, 4, 6.5, 4.125], "texture": "#1"},
				"down": {"uv": [7.25, 4.375, 6.5, 4.25], "texture": "#1"}
			}
		},
		{
			"from": [3.79808, 11.24537, 8.325],
			"to": [5.79808, 14.24537, 8.325],
			"rotation": {"angle": 0, "axis": "z", "origin": [8.29808, 1.74537, 8.475]},
			"faces": {
				"north": {"uv": [5, 4.75, 4.5, 5.5], "texture": "#1"},
				"east": {"uv": [0, 0, 0, 0.75], "texture": "#1"},
				"south": {"uv": [4.5, 4.75, 4, 5.5], "texture": "#1"},
				"west": {"uv": [0, 0, 0, 0.75], "texture": "#1"},
				"up": {"uv": [0.5, 0, 0, 0], "texture": "#1"},
				"down": {"uv": [0.5, 0, 0, 0], "texture": "#1"}
			}
		},
		{
			"from": [3.59808, 15.24537, 8.325],
			"to": [5.59808, 18.24537, 8.325],
			"rotation": {"angle": 0, "axis": "z", "origin": [8.29808, 1.74537, 8.475]},
			"faces": {
				"north": {"uv": [5.25, 3.75, 4.75, 4.5], "texture": "#1"},
				"east": {"uv": [0, 0, 0, 0.75], "texture": "#1"},
				"south": {"uv": [5.25, 1.5, 4.75, 2.25], "texture": "#1"},
				"west": {"uv": [0, 0, 0, 0.75], "texture": "#1"},
				"up": {"uv": [0.5, 0, 0, 0], "texture": "#1"},
				"down": {"uv": [0.5, 0, 0, 0], "texture": "#1"}
			}
		},
		{
			"from": [3.29808, 18.74537, 8.325],
			"to": [5.29808, 21.74537, 8.325],
			"rotation": {"angle": 0, "axis": "z", "origin": [8.29808, 1.24537, 8.475]},
			"faces": {
				"north": {"uv": [3.25, 4.5, 2.75, 5.25], "texture": "#1"},
				"east": {"uv": [0, 0, 0, 0.75], "texture": "#1"},
				"south": {"uv": [5, 2.25, 4.5, 3], "texture": "#1"},
				"west": {"uv": [0, 0, 0, 0.75], "texture": "#1"},
				"up": {"uv": [0.5, 0, 0, 0], "texture": "#1"},
				"down": {"uv": [0.5, 0, 0, 0], "texture": "#1"}
			}
		},
		{
			"from": [7.69808, 1, 7.75],
			"to": [8.19808, 22, 8.25],
			"rotation": {"angle": 0, "axis": "z", "origin": [8.29808, 4.04537, 8.05]},
			"faces": {
				"north": {"uv": [0, 2.75, 0.125, 8], "texture": "#1"},
				"east": {"uv": [0.25, 2.75, 0.375, 8], "texture": "#1"},
				"south": {"uv": [0.5, 2.75, 0.625, 8], "texture": "#1"},
				"west": {"uv": [0.75, 2.75, 0.875, 8], "texture": "#1"},
				"up": {"uv": [5.875, 4.375, 5.75, 4.25], "texture": "#1"},
				"down": {"uv": [7.375, 1.25, 7.25, 1.375], "texture": "#1"}
			}
		},
		{
			"from": [6.69808, 1, 7.75],
			"to": [7.19808, 22, 8.25],
			"rotation": {"angle": 0, "axis": "z", "origin": [8.29808, 4.04537, 8.05]},
			"faces": {
				"north": {"uv": [1, 3, 1.125, 8.25], "texture": "#1"},
				"east": {"uv": [1.25, 3, 1.375, 8.25], "texture": "#1"},
				"south": {"uv": [1.5, 3, 1.625, 8.25], "texture": "#1"},
				"west": {"uv": [1.75, 3, 1.875, 8.25], "texture": "#1"},
				"up": {"uv": [7.375, 1.625, 7.25, 1.5], "texture": "#1"},
				"down": {"uv": [7.875, 7, 7.75, 7.125], "texture": "#1"}
			}
		}
	],
	"gui_light": "front",
	"display": {
		"thirdperson_righthand": {
			"rotation": [0, -90, 0],
			"translation": [0, 13.25, -1.75]
		},
		"thirdperson_lefthand": {
			"rotation": [0, 90, 0],
			"translation": [0, 13.25, -1.75]
		},
		"firstperson_righthand": {
			"rotation": [20, -90, 0],
			"translation": [2.75, 2.75, 0],
			"scale": [0.5, 0.5, 0.5]
		},
		"firstperson_lefthand": {
			"rotation": [20, 90, 0],
			"translation": [2.75, 2.75, 0],
			"scale": [0.45, 0.45, 0.45]
		},
		"ground": {
			"rotation": [0, 0, -45],
			"translation": [0, 10, 0],
			"scale": [0.69, 0.69, 0.69]
		},
		"gui": {
			"rotation": [0, 0, -52],
			"scale": [0.59, 0.59, 0.59]
		},
		"fixed": {
			"rotation": [0, 180, -45],
			"scale": [0.78, 0.78, 0.78]
		}
	}
}