{
	"credit": "Made with Blockbench",
	"texture_size": [32, 32],
	"elements": [
		{
			"from": [0, 0, 7.5],
			"to": [3, 3, 8.5],
			"rotation": {"angle": 0, "axis": "y", "origin": [16, 0, 0]},
			"color": 6,
			"faces": {
				"north": {"uv": [0, 0, 1.5, 1.5], "texture": "#missing"},
				"east": {"uv": [2, 8, 2.5, 9.5], "texture": "#missing"},
				"south": {"uv": [0, 1.5, 1.5, 3], "texture": "#missing"},
				"west": {"uv": [2.5, 8, 3, 9.5], "texture": "#missing"},
				"up": {"uv": [9, 7.5, 7.5, 7], "texture": "#missing"},
				"down": {"uv": [4.5, 8, 3, 8.5], "texture": "#missing"}
			}
		},
		{
			"from": [13, 20, 7.5],
			"to": [16, 21, 8.5],
			"rotation": {"angle": 0, "axis": "y", "origin": [16, 0, 0]},
			"color": 0,
			"faces": {
				"north": {"uv": [4.5, 8, 6, 8.5], "texture": "#missing"},
				"east": {"uv": [9, 3.5, 9.5, 4], "texture": "#missing"},
				"south": {"uv": [6, 8, 7.5, 8.5], "texture": "#missing"},
				"west": {"uv": [4.5, 9, 5, 9.5], "texture": "#missing"},
				"up": {"uv": [9, 8.5, 7.5, 8], "texture": "#missing"},
				"down": {"uv": [4.5, 8.5, 3, 9], "texture": "#missing"}
			}
		},
		{
			"from": [3, 2, 7.5],
			"to": [4, 3, 8.5],
			"rotation": {"angle": 0, "axis": "y", "origin": [16, 0, 0]},
			"color": 0,
			"faces": {
				"north": {"uv": [5, 9, 5.5, 9.5], "texture": "#missing"},
				"east": {"uv": [5.5, 9, 6, 9.5], "texture": "#missing"},
				"south": {"uv": [6, 9, 6.5, 9.5], "texture": "#missing"},
				"west": {"uv": [6.5, 9, 7, 9.5], "texture": "#missing"},
				"up": {"uv": [7.5, 9.5, 7, 9], "texture": "#missing"},
				"down": {"uv": [9.5, 7, 9, 7.5], "texture": "#missing"}
			}
		},
		{
			"from": [2, 3, 7.5],
			"to": [5, 4, 8.5],
			"rotation": {"angle": 0, "axis": "y", "origin": [16, 0, 0]},
			"color": 5,
			"faces": {
				"north": {"uv": [8.5, 4, 10, 4.5], "texture": "#missing"},
				"east": {"uv": [7.5, 9, 8, 9.5], "texture": "#missing"},
				"south": {"uv": [4.5, 8.5, 6, 9], "texture": "#missing"},
				"west": {"uv": [8, 9, 8.5, 9.5], "texture": "#missing"},
				"up": {"uv": [7.5, 9, 6, 8.5], "texture": "#missing"},
				"down": {"uv": [9, 8.5, 7.5, 9], "texture": "#missing"}
			}
		},
		{
			"from": [7, 3, 7.5],
			"to": [9, 4, 8.5],
			"rotation": {"angle": 0, "axis": "y", "origin": [16, 0, 0]},
			"color": 2,
			"faces": {
				"north": {"uv": [7.5, 2.5, 9.5, 3], "texture": "#missing"},
				"east": {"uv": [9, 8, 9.5, 8.5], "texture": "#missing"},
				"south": {"uv": [4.5, 7.5, 6.5, 8], "texture": "#missing"},
				"west": {"uv": [8.5, 9, 9, 9.5], "texture": "#missing"},
				"up": {"uv": [9.5, 5, 7.5, 4.5], "texture": "#missing"},
				"down": {"uv": [9.5, 5, 7.5, 5.5], "texture": "#missing"}
			}
		},
		{
			"from": [2, 4, 7.5],
			"to": [9, 5, 8.5],
			"rotation": {"angle": 0, "axis": "y", "origin": [16, 0, 0]},
			"color": 2,
			"faces": {
				"north": {"uv": [3.5, 0, 6.5, 0.5], "texture": "#missing"},
				"east": {"uv": [9.5, 0, 10, 0.5], "texture": "#missing"},
				"south": {"uv": [3.5, 0.5, 6.5, 1], "texture": "#missing"},
				"west": {"uv": [0.5, 9.5, 1, 10], "texture": "#missing"},
				"up": {"uv": [6.5, 1.5, 3.5, 1], "texture": "#missing"},
				"down": {"uv": [6.5, 1.5, 3.5, 2], "texture": "#missing"}
			}
		},
		{
			"from": [3, 5, 7.5],
			"to": [8, 6, 8.5],
			"rotation": {"angle": 0, "axis": "y", "origin": [16, 0, 0]},
			"color": 9,
			"faces": {
				"north": {"uv": [7.5, 5.5, 9.5, 6], "texture": "#missing"},
				"east": {"uv": [9.5, 0.5, 10, 1], "texture": "#missing"},
				"south": {"uv": [7.5, 6, 9.5, 6.5], "texture": "#missing"},
				"west": {"uv": [1, 9.5, 1.5, 10], "texture": "#missing"},
				"up": {"uv": [8.5, 8, 6.5, 7.5], "texture": "#missing"},
				"down": {"uv": [9.5, 6.5, 7.5, 7], "texture": "#missing"}
			}
		},
		{
			"from": [3, 6, 7.5],
			"to": [9, 7, 8.5],
			"rotation": {"angle": 0, "axis": "y", "origin": [16, 0, 0]},
			"color": 4,
			"faces": {
				"north": {"uv": [3.5, 3, 6.5, 3.5], "texture": "#missing"},
				"east": {"uv": [2, 9.5, 2.5, 10], "texture": "#missing"},
				"south": {"uv": [3.5, 3.5, 6.5, 4], "texture": "#missing"},
				"west": {"uv": [9.5, 2, 10, 2.5], "texture": "#missing"},
				"up": {"uv": [3, 4.5, 0, 4], "texture": "#missing"},
				"down": {"uv": [6, 4, 3, 4.5], "texture": "#missing"}
			}
		},
		{
			"from": [4, 7, 7.5],
			"to": [9, 8, 8.5],
			"rotation": {"angle": 0, "axis": "y", "origin": [16, 0, 0]},
			"color": 0,
			"faces": {
				"north": {"uv": [1.5, 2, 5, 2.5], "texture": "#missing"},
				"east": {"uv": [2.5, 9.5, 3, 10], "texture": "#missing"},
				"south": {"uv": [1.5, 2.5, 5, 3], "texture": "#missing"},
				"west": {"uv": [9.5, 2.5, 10, 3], "texture": "#missing"},
				"up": {"uv": [3.5, 3.5, 0, 3], "texture": "#missing"},
				"down": {"uv": [3.5, 3.5, 0, 4], "texture": "#missing"}
			}
		},
		{
			"from": [4, 8, 7.5],
			"to": [5, 9, 8.5],
			"rotation": {"angle": 0, "axis": "y", "origin": [16, 0, 0]},
			"color": 0,
			"faces": {
				"north": {"uv": [0, 8, 1, 9], "texture": "#missing"},
				"east": {"uv": [1.5, 9, 2, 10], "texture": "#missing"},
				"south": {"uv": [1, 8, 2, 9], "texture": "#missing"},
				"west": {"uv": [3, 9, 3.5, 10], "texture": "#missing"},
				"up": {"uv": [10, 3.5, 9, 3], "texture": "#missing"},
				"down": {"uv": [4.5, 9, 3.5, 9.5], "texture": "#missing"}
			}
		},
		{
			"from": [6, 8, 7.5],
			"to": [10, 9, 8.5],
			"rotation": {"angle": 0, "axis": "y", "origin": [16, 0, 0]},
			"color": 5,
			"faces": {
				"north": {"uv": [0, 4.5, 2.5, 5], "texture": "#missing"},
				"east": {"uv": [9.5, 5, 10, 5.5], "texture": "#missing"},
				"south": {"uv": [2.5, 4.5, 5, 5], "texture": "#missing"},
				"west": {"uv": [5.5, 9.5, 6, 10], "texture": "#missing"},
				"up": {"uv": [2.5, 5.5, 0, 5], "texture": "#missing"},
				"down": {"uv": [7.5, 2, 5, 2.5], "texture": "#missing"}
			}
		},
		{
			"from": [7, 9, 7.5],
			"to": [11, 10, 8.5],
			"rotation": {"angle": 0, "axis": "y", "origin": [16, 0, 0]},
			"color": 5,
			"faces": {
				"north": {"uv": [2.5, 5, 5, 5.5], "texture": "#missing"},
				"east": {"uv": [9.5, 5.5, 10, 6], "texture": "#missing"},
				"south": {"uv": [5, 2.5, 7.5, 3], "texture": "#missing"},
				"west": {"uv": [6, 9.5, 6.5, 10], "texture": "#missing"},
				"up": {"uv": [7.5, 5, 5, 4.5], "texture": "#missing"},
				"down": {"uv": [7.5, 5, 5, 5.5], "texture": "#missing"}
			}
		},
		{
			"from": [8, 10, 7.5],
			"to": [12, 11, 8.5],
			"rotation": {"angle": 0, "axis": "y", "origin": [16, 0, 0]},
			"color": 1,
			"faces": {
				"north": {"uv": [0, 5.5, 2.5, 6], "texture": "#missing"},
				"east": {"uv": [9.5, 6, 10, 6.5], "texture": "#missing"},
				"south": {"uv": [2.5, 5.5, 5, 6], "texture": "#missing"},
				"west": {"uv": [6.5, 9.5, 7, 10], "texture": "#missing"},
				"up": {"uv": [7.5, 6, 5, 5.5], "texture": "#missing"},
				"down": {"uv": [2.5, 6, 0, 6.5], "texture": "#missing"}
			}
		},
		{
			"from": [9, 11, 7.5],
			"to": [13, 12, 8.5],
			"rotation": {"angle": 0, "axis": "y", "origin": [16, 0, 0]},
			"color": 5,
			"faces": {
				"north": {"uv": [2.5, 6, 5, 6.5], "texture": "#missing"},
				"east": {"uv": [9.5, 6.5, 10, 7], "texture": "#missing"},
				"south": {"uv": [6, 4, 8.5, 4.5], "texture": "#missing"},
				"west": {"uv": [7, 9.5, 7.5, 10], "texture": "#missing"},
				"up": {"uv": [7.5, 6.5, 5, 6], "texture": "#missing"},
				"down": {"uv": [2.5, 6.5, 0, 7], "texture": "#missing"}
			}
		},
		{
			"from": [10, 12, 7.5],
			"to": [14, 14, 8.5],
			"rotation": {"angle": 0, "axis": "y", "origin": [16, 0, 0]},
			"color": 5,
			"faces": {
				"north": {"uv": [6.5, 0, 9, 0.5], "texture": "#missing"},
				"east": {"uv": [9.5, 7, 10, 7.5], "texture": "#missing"},
				"south": {"uv": [6.5, 0.5, 9, 1], "texture": "#missing"},
				"west": {"uv": [7.5, 9.5, 8, 10], "texture": "#missing"},
				"up": {"uv": [9, 1.5, 6.5, 1], "texture": "#missing"},
				"down": {"uv": [9, 1.5, 6.5, 2], "texture": "#missing"}
			}
		},
		{
			"from": [11, 14, 7.5],
			"to": [15, 18, 8.5],
			"rotation": {"angle": 0, "axis": "y", "origin": [16, 0, 0]},
			"color": 9,
			"faces": {
				"north": {"uv": [2.5, 6.5, 5, 7], "texture": "#missing"},
				"east": {"uv": [9.5, 7.5, 10, 8], "texture": "#missing"},
				"south": {"uv": [6.5, 3, 9, 3.5], "texture": "#missing"},
				"west": {"uv": [8, 9.5, 8.5, 10], "texture": "#missing"},
				"up": {"uv": [9, 4, 6.5, 3.5], "texture": "#missing"},
				"down": {"uv": [7.5, 6.5, 5, 7], "texture": "#missing"}
			}
		},
		{
			"from": [12, 18, 7.5],
			"to": [16, 20, 8.5],
			"rotation": {"angle": 0, "axis": "y", "origin": [16, 0, 0]},
			"color": 5,
			"faces": {
				"north": {"uv": [1.5, 0, 3.5, 1], "texture": "#missing"},
				"east": {"uv": [0, 9, 0.5, 10], "texture": "#missing"},
				"south": {"uv": [1.5, 1, 3.5, 2], "texture": "#missing"},
				"west": {"uv": [9, 0, 9.5, 1], "texture": "#missing"},
				"up": {"uv": [9.5, 2.5, 7.5, 2], "texture": "#missing"},
				"down": {"uv": [4.5, 7.5, 2.5, 8], "texture": "#missing"}
			}
		}
	],
	"gui_light": "front"
}