{
	"credit": "Made with Blockbench",
	"elements": [
		{
			"from": [1, 1, 7.5],
			"to": [3, 3, 8.5],
			"rotation": {"angle": 0, "axis": "y", "origin": [16, 0, 0]},
			"color": 1,
			"faces": {
				"north": {"uv": [2, 0, 4, 2], "texture": "#missing"},
				"east": {"uv": [1, 0, 2, 2], "texture": "#missing"},
				"south": {"uv": [2, 0, 4, 2], "texture": "#missing"},
				"west": {"uv": [1, 0, 2, 2], "texture": "#missing"},
				"up": {"uv": [0, 2, 1, 4], "rotation": 90, "texture": "#missing"},
				"down": {"uv": [0, 2, 1, 4], "rotation": 270, "texture": "#missing"}
			}
		},
		{
			"from": [9, 12, 7.5],
			"to": [14, 14, 8.5],
			"rotation": {"angle": 0, "axis": "y", "origin": [16, 0, 0]},
			"color": 1,
			"faces": {
				"north": {"uv": [2, 0, 4, 2], "texture": "#missing"},
				"east": {"uv": [1, 0, 2, 2], "texture": "#missing"},
				"south": {"uv": [2, 0, 4, 2], "texture": "#missing"},
				"west": {"uv": [1, 0, 2, 2], "texture": "#missing"},
				"up": {"uv": [0, 2, 1, 4], "rotation": 90, "texture": "#missing"},
				"down": {"uv": [0, 2, 1, 4], "rotation": 270, "texture": "#missing"}
			}
		},
		{
			"from": [6, 14, 7.5],
			"to": [11, 15, 8.5],
			"rotation": {"angle": 0, "axis": "y", "origin": [16, 0, 0]},
			"color": 1,
			"faces": {
				"north": {"uv": [2, 0, 4, 2], "texture": "#missing"},
				"east": {"uv": [1, 0, 2, 2], "texture": "#missing"},
				"south": {"uv": [2, 0, 4, 2], "texture": "#missing"},
				"west": {"uv": [1, 0, 2, 2], "texture": "#missing"},
				"up": {"uv": [0, 2, 1, 4], "rotation": 90, "texture": "#missing"},
				"down": {"uv": [0, 2, 1, 4], "rotation": 270, "texture": "#missing"}
			}
		},
		{
			"from": [7, 15, 7.5],
			"to": [10, 16, 8.5],
			"rotation": {"angle": 0, "axis": "y", "origin": [16, 0, 0]},
			"color": 1,
			"faces": {
				"north": {"uv": [2, 0, 4, 2], "texture": "#missing"},
				"east": {"uv": [1, 0, 2, 2], "texture": "#missing"},
				"south": {"uv": [2, 0, 4, 2], "texture": "#missing"},
				"west": {"uv": [1, 0, 2, 2], "texture": "#missing"},
				"up": {"uv": [0, 2, 1, 4], "rotation": 90, "texture": "#missing"},
				"down": {"uv": [0, 2, 1, 4], "rotation": 270, "texture": "#missing"}
			}
		},
		{
			"from": [7, 13, 7.5],
			"to": [9, 14, 8.5],
			"rotation": {"angle": 0, "axis": "y", "origin": [16, 0, 0]},
			"color": 1,
			"faces": {
				"north": {"uv": [2, 0, 4, 2], "texture": "#missing"},
				"east": {"uv": [1, 0, 2, 2], "texture": "#missing"},
				"south": {"uv": [2, 0, 4, 2], "texture": "#missing"},
				"west": {"uv": [1, 0, 2, 2], "texture": "#missing"},
				"up": {"uv": [0, 2, 1, 4], "rotation": 90, "texture": "#missing"},
				"down": {"uv": [0, 2, 1, 4], "rotation": 270, "texture": "#missing"}
			}
		},
		{
			"from": [3, 2, 7.5],
			"to": [4, 3, 8.5],
			"rotation": {"angle": 0, "axis": "y", "origin": [16, 0, 0]},
			"color": 1,
			"faces": {
				"north": {"uv": [1, 0, 2, 1], "texture": "#missing"},
				"east": {"uv": [1, 0, 2, 1], "texture": "#missing"},
				"south": {"uv": [1, 0, 2, 1], "texture": "#missing"},
				"west": {"uv": [1, 0, 2, 1], "texture": "#missing"},
				"up": {"uv": [0, 1, 1, 2], "rotation": 90, "texture": "#missing"},
				"down": {"uv": [0, 1, 1, 2], "rotation": 270, "texture": "#missing"}
			}
		},
		{
			"from": [2, 3, 7.5],
			"to": [5, 4, 8.5],
			"rotation": {"angle": 0, "axis": "y", "origin": [16, 0, 0]},
			"color": 1,
			"faces": {
				"north": {"uv": [3, 0, 0, 1], "texture": "#missing"},
				"east": {"uv": [1, 0, 0, 1], "texture": "#missing"},
				"south": {"uv": [3, 0, 0, 1], "texture": "#missing"},
				"west": {"uv": [1, 0, 0, 1], "texture": "#missing"},
				"up": {"uv": [0, 3, 1, 0], "rotation": 90, "texture": "#missing"},
				"down": {"uv": [0, 3, 1, 0], "rotation": 270, "texture": "#missing"}
			}
		},
		{
			"from": [3, 4, 7.5],
			"to": [6, 5, 8.5],
			"rotation": {"angle": 0, "axis": "y", "origin": [16, 0, 0]},
			"color": 1,
			"faces": {
				"north": {"uv": [3, 0, 0, 1], "texture": "#missing"},
				"east": {"uv": [1, 0, 0, 1], "texture": "#missing"},
				"south": {"uv": [3, 0, 0, 1], "texture": "#missing"},
				"west": {"uv": [1, 0, 0, 1], "texture": "#missing"},
				"up": {"uv": [0, 3, 1, 0], "rotation": 90, "texture": "#missing"},
				"down": {"uv": [0, 3, 1, 0], "rotation": 270, "texture": "#missing"}
			}
		},
		{
			"from": [4, 5, 7.5],
			"to": [7, 6, 8.5],
			"rotation": {"angle": 0, "axis": "y", "origin": [16, 0, 0]},
			"color": 1,
			"faces": {
				"north": {"uv": [3, 0, 0, 1], "texture": "#missing"},
				"east": {"uv": [1, 0, 0, 1], "texture": "#missing"},
				"south": {"uv": [3, 0, 0, 1], "texture": "#missing"},
				"west": {"uv": [1, 0, 0, 1], "texture": "#missing"},
				"up": {"uv": [0, 3, 1, 0], "rotation": 90, "texture": "#missing"},
				"down": {"uv": [0, 3, 1, 0], "rotation": 270, "texture": "#missing"}
			}
		},
		{
			"from": [5, 6, 7.5],
			"to": [8, 7, 8.5],
			"rotation": {"angle": 0, "axis": "y", "origin": [16, 0, 0]},
			"color": 1,
			"faces": {
				"north": {"uv": [3, 0, 0, 1], "texture": "#missing"},
				"east": {"uv": [1, 0, 0, 1], "texture": "#missing"},
				"south": {"uv": [3, 0, 0, 1], "texture": "#missing"},
				"west": {"uv": [1, 0, 0, 1], "texture": "#missing"},
				"up": {"uv": [0, 3, 1, 0], "rotation": 90, "texture": "#missing"},
				"down": {"uv": [0, 3, 1, 0], "rotation": 270, "texture": "#missing"}
			}
		},
		{
			"from": [6, 7, 7.5],
			"to": [9, 8, 8.5],
			"rotation": {"angle": 0, "axis": "y", "origin": [16, 0, 0]},
			"color": 1,
			"faces": {
				"north": {"uv": [3, 0, 0, 1], "texture": "#missing"},
				"east": {"uv": [1, 0, 0, 1], "texture": "#missing"},
				"south": {"uv": [3, 0, 0, 1], "texture": "#missing"},
				"west": {"uv": [1, 0, 0, 1], "texture": "#missing"},
				"up": {"uv": [0, 3, 1, 0], "rotation": 90, "texture": "#missing"},
				"down": {"uv": [0, 3, 1, 0], "rotation": 270, "texture": "#missing"}
			}
		},
		{
			"from": [7, 8, 7.5],
			"to": [10, 9, 8.5],
			"rotation": {"angle": 0, "axis": "y", "origin": [16, 0, 0]},
			"color": 1,
			"faces": {
				"north": {"uv": [3, 0, 0, 1], "texture": "#missing"},
				"east": {"uv": [1, 0, 0, 1], "texture": "#missing"},
				"south": {"uv": [3, 0, 0, 1], "texture": "#missing"},
				"west": {"uv": [1, 0, 0, 1], "texture": "#missing"},
				"up": {"uv": [0, 3, 1, 0], "rotation": 90, "texture": "#missing"},
				"down": {"uv": [0, 3, 1, 0], "rotation": 270, "texture": "#missing"}
			}
		},
		{
			"from": [8, 9, 7.5],
			"to": [11, 10, 8.5],
			"rotation": {"angle": 0, "axis": "y", "origin": [16, 0, 0]},
			"color": 1,
			"faces": {
				"north": {"uv": [3, 0, 0, 1], "texture": "#missing"},
				"east": {"uv": [1, 0, 0, 1], "texture": "#missing"},
				"south": {"uv": [3, 0, 0, 1], "texture": "#missing"},
				"west": {"uv": [1, 0, 0, 1], "texture": "#missing"},
				"up": {"uv": [0, 3, 1, 0], "rotation": 90, "texture": "#missing"},
				"down": {"uv": [0, 3, 1, 0], "rotation": 270, "texture": "#missing"}
			}
		},
		{
			"from": [9, 10, 7.5],
			"to": [13, 11, 8.5],
			"rotation": {"angle": 0, "axis": "y", "origin": [16, 0, 0]},
			"color": 1,
			"faces": {
				"north": {"uv": [3, 0, 6, 1], "texture": "#missing"},
				"east": {"uv": [1, 0, 2, 1], "texture": "#missing"},
				"south": {"uv": [3, 0, 6, 1], "texture": "#missing"},
				"west": {"uv": [1, 0, 2, 1], "texture": "#missing"},
				"up": {"uv": [0, 3, 1, 6], "rotation": 90, "texture": "#missing"},
				"down": {"uv": [0, 3, 1, 6], "rotation": 270, "texture": "#missing"}
			}
		},
		{
			"from": [10, 11, 7.5],
			"to": [14, 12, 8.5],
			"rotation": {"angle": 0, "axis": "y", "origin": [16, 0, 0]},
			"color": 1,
			"faces": {
				"north": {"uv": [3, 0, 6, 1], "texture": "#missing"},
				"east": {"uv": [1, 0, 2, 1], "texture": "#missing"},
				"south": {"uv": [3, 0, 6, 1], "texture": "#missing"},
				"west": {"uv": [1, 0, 2, 1], "texture": "#missing"},
				"up": {"uv": [0, 3, 1, 6], "rotation": 90, "texture": "#missing"},
				"down": {"uv": [0, 3, 1, 6], "rotation": 270, "texture": "#missing"}
			}
		}
	],
	"gui_light": "front"
}