{
	"credit": "Made with Blockbench",
	"texture_size": [32, 32],
	"textures": {
		"1": "item/custom/blue_lightsaber",
		"2": "item/custom/lightsaber_base",
		"particle": "item/custom/lightsaber_base"
	},
	"elements": [
		{
			"from": [7.6, 1, 7.6],
			"to": [8.4, 25.8, 8.4],
			"rotation": {"angle": 0, "axis": "y", "origin": [0.6, 0, -0.4]},
			"faces": {
				"north": {"uv": [0, 0, 0.5, 16], "texture": "#2"},
				"east": {"uv": [0, 0, 0.5, 16], "texture": "#2"},
				"south": {"uv": [0, 0, 0.5, 16], "texture": "#2"},
				"west": {"uv": [0, 0, 0.5, 16], "texture": "#2"},
				"up": {"uv": [0.5, 0.5, 0, 0], "texture": "#2"}
			}
		},
		{
			"from": [7.25, -0.2, 7.25],
			"to": [8.75, 1.8, 8.75],
			"rotation": {"angle": 0, "axis": "y", "origin": [0.25, 0, -0.75]},
			"faces": {
				"north": {"uv": [0.5, 0, 1.25, 1], "texture": "#2"},
				"east": {"uv": [1.25, 0, 0.5, 1], "texture": "#2"},
				"south": {"uv": [0.5, 0, 1.25, 1], "texture": "#2"},
				"west": {"uv": [1.25, 0, 0.5, 1], "texture": "#2"},
				"up": {"uv": [1.25, 6.25, 0.5, 5.5], "texture": "#2"},
				"down": {"uv": [1.25, 5.5, 0.5, 6.25], "texture": "#2"}
			}
		},
		{
			"from": [7.25, -9.2, 7.25],
			"to": [8.75, -2.2, 8.75],
			"rotation": {"angle": 0, "axis": "y", "origin": [0.25, 0, -0.75]},
			"faces": {
				"north": {"uv": [0.5, 2, 1.25, 5.5], "texture": "#2"},
				"east": {"uv": [1.25, 2, 0.5, 5.5], "texture": "#2"},
				"south": {"uv": [0.5, 2, 1.25, 5.5], "texture": "#2"},
				"west": {"uv": [1.25, 2, 0.5, 5.5], "texture": "#2"},
				"up": {"uv": [1.25, 6.25, 0.5, 5.5], "texture": "#2"},
				"down": {"uv": [1.25, 5.5, 0.5, 6.25], "texture": "#2"}
			}
		},
		{
			"from": [7.4, -2.2, 7.4],
			"to": [8.6, -0.2, 8.6],
			"rotation": {"angle": 0, "axis": "y", "origin": [0.4, 0, -0.6]},
			"faces": {
				"north": {"uv": [0.5, 1, 1.25, 2], "texture": "#2"},
				"east": {"uv": [0.5, 1, 1.25, 2], "texture": "#2"},
				"south": {"uv": [0.5, 1, 1.25, 2], "texture": "#2"},
				"west": {"uv": [0.5, 1, 1.25, 2], "texture": "#2"},
				"up": {"uv": [1.25, 6.25, 0.5, 5.5], "texture": "#missing"},
				"down": {"uv": [1.25, 5.5, 0.5, 6.25], "texture": "#missing"}
			}
		},
		{
			"from": [8.7, 1, 7.3],
			"to": [8.7, 26, 8.7],
			"rotation": {"angle": 0, "axis": "y", "origin": [0.3, 0, -0.7]},
			"faces": {
				"west": {"uv": [0, 0, 16, 16], "texture": "#1"}
			}
		},
		{
			"from": [7.3, 1, 8.7],
			"to": [8.7, 26, 8.7],
			"rotation": {"angle": 0, "axis": "y", "origin": [0.3, 0, -0.7]},
			"faces": {
				"north": {"uv": [0, 0, 16, 16], "texture": "#1"}
			}
		},
		{
			"from": [7.3, 1, 7.3],
			"to": [8.7, 26, 7.3],
			"rotation": {"angle": 0, "axis": "y", "origin": [7.65, 16, 7.65]},
			"faces": {
				"south": {"uv": [0, 0, 16, 16], "texture": "#1"}
			}
		},
		{
			"from": [7.3, 1, 7.3],
			"to": [7.3, 26, 8.7],
			"rotation": {"angle": 0, "axis": "y", "origin": [7.65, 16, 7.65]},
			"faces": {
				"east": {"uv": [0, 0, 16, 16], "texture": "#1"}
			}
		},
		{
			"from": [7.3, 26, 7.3],
			"to": [8.7, 26, 8.7],
			"rotation": {"angle": 0, "axis": "y", "origin": [7.65, 16, 7.65]},
			"faces": {
				"down": {"uv": [0, 0, 16, 16], "texture": "#1"}
			}
		}
	],
	"gui_light": "front",
	"display": {
		"thirdperson_righthand": {
			"translation": [0, 11, 1]
		},
		"thirdperson_lefthand": {
			"translation": [0, 11, 1]
		},
		"firstperson_righthand": {
			"rotation": [17, 180, 0],
			"translation": [3, 2, -2],
			"scale": [0.6, 0.6, 0.6]
		},
		"firstperson_lefthand": {
			"rotation": [17, 180, 0],
			"translation": [3, 2, -2],
			"scale": [0.6, 0.6, 0.6]
		},
		"ground": {
			"translation": [0, 15, 0]
		},
		"gui": {
			"rotation": [0, 0, -45],
			"scale": [0.7, 0.7, 0.7]
		},
		"fixed": {
			"rotation": [0, 0, 45]
		}
	}
}