{
	"credit": "Made with Blockbench",
	"texture_size": [32, 32],
	"textures": {
		"1": "item/custom/crucible_hilt",
		"2": "item/custom/crucible",
		"particle": "item/custom/crucible_hilt"
	},
	"elements": [
		{
			"from": [6.5, 2.41777, 7.75],
			"to": [7.7, 8.81777, 8.25],
			"rotation": {"angle": 0, "axis": "y", "origin": [15.5, -9.58223, 6.75]},
			"faces": {
				"north": {"uv": [3, 0, 3.625, 3.25], "texture": "#2"},
				"east": {"uv": [0, 5.5, 0.25, 8.75], "texture": "#2"},
				"south": {"uv": [2, 0, 2.625, 3.25], "texture": "#2"},
				"west": {"uv": [0.5, 5.5, 0.75, 8.75], "texture": "#2"},
				"up": {"uv": [7.75, 2.125, 7.5, 1.5], "rotation": 90, "texture": "#2"},
				"down": {"uv": [7.75, 5.5, 7.5, 6.125], "rotation": 270, "texture": "#2"}
			}
		},
		{
			"from": [7.7, 7.41777, 7.75],
			"to": [8.3, 8.81777, 8.25],
			"rotation": {"angle": 0, "axis": "y", "origin": [15.5, -9.58223, 6.75]},
			"faces": {
				"north": {"uv": [7.5, 0, 7.75, 0.75], "texture": "#2"},
				"east": {"uv": [6, 7, 6.25, 7.75], "texture": "#2"},
				"south": {"uv": [6.5, 7, 6.75, 7.75], "texture": "#2"},
				"west": {"uv": [7, 6.5, 7.25, 7.25], "texture": "#2"},
				"up": {"uv": [3.75, 9.25, 3.5, 9], "rotation": 90, "texture": "#2"},
				"down": {"uv": [9.25, 3.5, 9, 3.75], "rotation": 270, "texture": "#2"}
			}
		},
		{
			"from": [8.53806, 8.62643, 7.74],
			"to": [9.53806, 10.02643, 8.26],
			"rotation": {"angle": 22.5, "axis": "z", "origin": [9.03806, 8.62643, 7.99]},
			"faces": {
				"north": {"uv": [6, 2, 6.5, 2.75], "texture": "#2"},
				"east": {"uv": [2.5, 7, 2.75, 7.75], "texture": "#2"},
				"south": {"uv": [6, 1, 6.5, 1.75], "texture": "#2"},
				"west": {"uv": [3, 7, 3.25, 7.75], "texture": "#2"},
				"up": {"uv": [6.75, 8.5, 6.5, 8], "rotation": 90, "texture": "#2"},
				"down": {"uv": [8.25, 6.5, 8, 7], "rotation": 270, "texture": "#2"}
			}
		},
		{
			"from": [6.46194, 8.62643, 7.74],
			"to": [7.46194, 10.02643, 8.26],
			"rotation": {"angle": -22.5, "axis": "z", "origin": [6.96194, 8.62643, 7.99]},
			"faces": {
				"north": {"uv": [6, 5.5, 6.5, 6.25], "texture": "#2"},
				"east": {"uv": [3.5, 7, 3.75, 7.75], "texture": "#2"},
				"south": {"uv": [6, 3, 6.5, 3.75], "texture": "#2"},
				"west": {"uv": [7, 5.5, 7.25, 6.25], "texture": "#2"},
				"up": {"uv": [8.25, 7.5, 8, 7], "rotation": 90, "texture": "#2"},
				"down": {"uv": [7.75, 8, 7.5, 8.5], "rotation": 270, "texture": "#2"}
			}
		},
		{
			"from": [7.7, 2.41777, 7.75],
			"to": [8.3, 3.41777, 8.25],
			"rotation": {"angle": 0, "axis": "y", "origin": [15.5, -9.58223, 6.75]},
			"faces": {
				"north": {"uv": [8, 6, 8.25, 6.5], "texture": "#2"},
				"east": {"uv": [5.5, 8, 5.75, 8.5], "texture": "#2"},
				"south": {"uv": [8, 5.5, 8.25, 6], "texture": "#2"},
				"west": {"uv": [6, 8, 6.25, 8.5], "texture": "#2"},
				"up": {"uv": [2.75, 9.25, 2.5, 9], "rotation": 90, "texture": "#2"},
				"down": {"uv": [9.25, 2.5, 9, 2.75], "rotation": 270, "texture": "#2"}
			}
		},
		{
			"from": [6.62633, 6.8015, 7.745],
			"to": [7.1189, 7.60977, 8.255],
			"rotation": {"angle": -22.5, "axis": "z", "origin": [7.07633, 5.3015, 7.995]},
			"faces": {
				"north": {"uv": [2, 8.5, 2.25, 8.875], "texture": "#2"},
				"east": {"uv": [8.5, 1, 8.75, 1.375], "texture": "#2"},
				"south": {"uv": [1.5, 8.5, 1.75, 8.875], "texture": "#2"},
				"west": {"uv": [8.5, 1.5, 8.75, 1.875], "texture": "#2"},
				"up": {"uv": [1.75, 9.25, 1.5, 9], "rotation": 90, "texture": "#2"},
				"down": {"uv": [9.25, 1.5, 9, 1.75], "rotation": 270, "texture": "#2"}
			}
		},
		{
			"from": [8.8811, 6.8015, 7.745],
			"to": [9.37367, 7.60977, 8.255],
			"rotation": {"angle": 22.5, "axis": "z", "origin": [8.92367, 5.3015, 7.995]},
			"faces": {
				"north": {"uv": [3, 8.5, 3.25, 8.875], "texture": "#2"},
				"east": {"uv": [8.5, 2, 8.75, 2.375], "texture": "#2"},
				"south": {"uv": [2.5, 8.5, 2.75, 8.875], "texture": "#2"},
				"west": {"uv": [8.5, 2.5, 8.75, 2.875], "texture": "#2"},
				"up": {"uv": [2.25, 9.25, 2, 9], "rotation": 90, "texture": "#2"},
				"down": {"uv": [9.25, 2, 9, 2.25], "rotation": 270, "texture": "#2"}
			}
		},
		{
			"from": [8.3, 2.41777, 7.75],
			"to": [9.5, 8.81777, 8.25],
			"rotation": {"angle": 0, "axis": "y", "origin": [15.5, -9.58223, 6.75]},
			"faces": {
				"north": {"uv": [3, 3.5, 3.625, 6.75], "texture": "#2"},
				"east": {"uv": [1, 5.5, 1.25, 8.75], "texture": "#2"},
				"south": {"uv": [2, 3.5, 2.625, 6.75], "texture": "#2"},
				"west": {"uv": [5.5, 1, 5.75, 4.25], "texture": "#2"},
				"up": {"uv": [7.75, 7.125, 7.5, 6.5], "rotation": 90, "texture": "#2"},
				"down": {"uv": [7.25, 7.5, 7, 8.125], "rotation": 270, "texture": "#2"}
			}
		},
		{
			"from": [7, 8.81777, 7.75],
			"to": [9, 19.91777, 8.25],
			"rotation": {"angle": 0, "axis": "y", "origin": [15, -9.58223, 6.75]},
			"faces": {
				"north": {"uv": [1, 0, 2, 5.5], "texture": "#2"},
				"east": {"uv": [4, 1, 4.25, 6.5], "texture": "#2"},
				"south": {"uv": [0, 0, 1, 5.5], "texture": "#2"},
				"west": {"uv": [4.5, 1, 4.75, 6.5], "texture": "#2"},
				"up": {"uv": [2.25, 8, 2, 7], "rotation": 90, "texture": "#2"},
				"down": {"uv": [7.25, 2, 7, 3], "rotation": 270, "texture": "#2"}
			}
		},
		{
			"from": [4.5, 20.41777, 7.75],
			"to": [11.5, 21.41777, 8.25],
			"rotation": {"angle": 0, "axis": "y", "origin": [15.5, -9.48223, 6.75]},
			"faces": {
				"north": {"uv": [4, 0.5, 7.5, 1], "texture": "#2"},
				"east": {"uv": [4, 8, 4.25, 8.5], "texture": "#2"},
				"south": {"uv": [4, 0, 7.5, 0.5], "texture": "#2"},
				"west": {"uv": [8, 4, 8.25, 4.5], "texture": "#2"},
				"up": {"uv": [5.25, 4.5, 5, 1], "rotation": 90, "texture": "#2"},
				"down": {"uv": [5.25, 4.5, 5, 8], "rotation": 270, "texture": "#2"}
			}
		},
		{
			"from": [5.8, 19.91777, 7.75],
			"to": [10.2, 20.41777, 8.25],
			"rotation": {"angle": 0, "axis": "y", "origin": [15.4, -9.48223, 6.75]},
			"faces": {
				"north": {"uv": [5.5, 5, 7.75, 5.25], "texture": "#2"},
				"east": {"uv": [4, 9, 4.25, 9.25], "texture": "#2"},
				"south": {"uv": [5.5, 4.5, 7.75, 4.75], "texture": "#2"},
				"west": {"uv": [9, 4, 9.25, 4.25], "texture": "#2"},
				"up": {"uv": [1.75, 7.75, 1.5, 5.5], "rotation": 90, "texture": "#2"},
				"down": {"uv": [5.75, 5.5, 5.5, 7.75], "rotation": 270, "texture": "#2"}
			}
		},
		{
			"from": [8.10711, 20.51777, 7.745],
			"to": [9.10711, 21.51777, 8.255],
			"rotation": {"angle": -45, "axis": "z", "origin": [8.70711, 21.91777, 7.995]},
			"faces": {
				"north": {"uv": [7, 1.5, 7.5, 2], "texture": "#2"},
				"east": {"uv": [4.5, 8, 4.75, 8.5], "texture": "#2"},
				"south": {"uv": [6, 6.5, 6.5, 7], "texture": "#2"},
				"west": {"uv": [8, 4.5, 8.25, 5], "texture": "#2"},
				"up": {"uv": [5.25, 8.5, 5, 8], "rotation": 90, "texture": "#2"},
				"down": {"uv": [8.25, 5, 8, 5.5], "rotation": 270, "texture": "#2"}
			}
		},
		{
			"from": [0.85808, 21.72589, 7.745],
			"to": [1.56519, 22.433, 8.255],
			"rotation": {"angle": 45, "axis": "z", "origin": [4.25808, 25.46801, 7.995]},
			"faces": {
				"north": {"uv": [8, 0, 8.375, 0.375], "texture": "#2"},
				"east": {"uv": [8.5, 3, 8.75, 3.375], "texture": "#2"},
				"south": {"uv": [7.5, 7.5, 7.875, 7.875], "texture": "#2"},
				"west": {"uv": [3.5, 8.5, 3.75, 8.875], "texture": "#2"},
				"up": {"uv": [8.75, 3.875, 8.5, 3.5], "rotation": 90, "texture": "#2"},
				"down": {"uv": [4.25, 8.5, 4, 8.875], "rotation": 270, "texture": "#2"}
			}
		},
		{
			"from": [6.19289, 7.88777, 7.745],
			"to": [7, 8.67334, 8.255],
			"rotation": {"angle": 45, "axis": "z", "origin": [6.50761, 8.26016, 7.995]},
			"faces": {
				"north": {"uv": [7.5, 4, 7.875, 4.375], "texture": "#2"},
				"east": {"uv": [8, 7.5, 8.25, 7.875], "texture": "#2"},
				"south": {"uv": [7.5, 2.5, 7.875, 2.875], "texture": "#2"},
				"west": {"uv": [8, 8, 8.25, 8.375], "texture": "#2"},
				"up": {"uv": [8.75, 0.375, 8.5, 0], "rotation": 90, "texture": "#2"},
				"down": {"uv": [8.75, 0.5, 8.5, 0.875], "rotation": 270, "texture": "#2"}
			}
		},
		{
			"from": [6.19289, 5.88777, 7.745],
			"to": [7, 6.67334, 8.255],
			"rotation": {"angle": 45, "axis": "z", "origin": [6.50761, 6.26016, 7.995]},
			"faces": {
				"north": {"uv": [8, 2, 8.375, 2.375], "texture": "#2"},
				"east": {"uv": [8.5, 6, 8.75, 6.375], "texture": "#2"},
				"south": {"uv": [2, 8, 2.375, 8.375], "texture": "#2"},
				"west": {"uv": [6.5, 8.5, 6.75, 8.875], "texture": "#2"},
				"up": {"uv": [8.75, 6.875, 8.5, 6.5], "rotation": 90, "texture": "#2"},
				"down": {"uv": [7.25, 8.5, 7, 8.875], "rotation": 270, "texture": "#2"}
			}
		},
		{
			"from": [6.19289, 3.88777, 7.745],
			"to": [7, 4.67334, 8.255],
			"rotation": {"angle": 45, "axis": "z", "origin": [6.50761, 4.26016, 7.995]},
			"faces": {
				"north": {"uv": [8, 1.5, 8.375, 1.875], "texture": "#2"},
				"east": {"uv": [8.5, 5, 8.75, 5.375], "texture": "#2"},
				"south": {"uv": [1.5, 8, 1.875, 8.375], "texture": "#2"},
				"west": {"uv": [5.5, 8.5, 5.75, 8.875], "texture": "#2"},
				"up": {"uv": [8.75, 5.875, 8.5, 5.5], "rotation": 90, "texture": "#2"},
				"down": {"uv": [6.25, 8.5, 6, 8.875], "rotation": 270, "texture": "#2"}
			}
		},
		{
			"from": [9, 7.88777, 7.745],
			"to": [9.80711, 8.67334, 8.255],
			"rotation": {"angle": -45, "axis": "z", "origin": [9.49239, 8.26016, 7.995]},
			"faces": {
				"north": {"uv": [8, 3.5, 8.375, 3.875], "texture": "#2"},
				"east": {"uv": [0.5, 9, 0.75, 9.375], "texture": "#2"},
				"south": {"uv": [3.5, 8, 3.875, 8.375], "texture": "#2"},
				"west": {"uv": [9, 0.5, 9.25, 0.875], "texture": "#2"},
				"up": {"uv": [1.25, 9.375, 1, 9], "rotation": 90, "texture": "#2"},
				"down": {"uv": [9.25, 1, 9, 1.375], "rotation": 270, "texture": "#2"}
			}
		},
		{
			"from": [9, 3.88777, 7.745],
			"to": [9.80711, 4.67334, 8.255],
			"rotation": {"angle": -45, "axis": "z", "origin": [9.49239, 4.26016, 7.995]},
			"faces": {
				"north": {"uv": [8, 3, 8.375, 3.375], "texture": "#2"},
				"east": {"uv": [8.5, 8, 8.75, 8.375], "texture": "#2"},
				"south": {"uv": [3, 8, 3.375, 8.375], "texture": "#2"},
				"west": {"uv": [8.5, 8.5, 8.75, 8.875], "texture": "#2"},
				"up": {"uv": [0.25, 9.375, 0, 9], "rotation": 90, "texture": "#2"},
				"down": {"uv": [9.25, 0, 9, 0.375], "rotation": 270, "texture": "#2"}
			}
		},
		{
			"from": [9, 5.88777, 7.745],
			"to": [9.80711, 6.67334, 8.255],
			"rotation": {"angle": -45, "axis": "z", "origin": [9.49239, 6.26016, 7.995]},
			"faces": {
				"north": {"uv": [8, 2.5, 8.375, 2.875], "texture": "#2"},
				"east": {"uv": [8.5, 7, 8.75, 7.375], "texture": "#2"},
				"south": {"uv": [2.5, 8, 2.875, 8.375], "texture": "#2"},
				"west": {"uv": [7.5, 8.5, 7.75, 8.875], "texture": "#2"},
				"up": {"uv": [8.75, 7.875, 8.5, 7.5], "rotation": 90, "texture": "#2"},
				"down": {"uv": [8.25, 8.5, 8, 8.875], "rotation": 270, "texture": "#2"}
			}
		},
		{
			"from": [14.43481, 21.72589, 7.745],
			"to": [15.14192, 22.433, 8.255],
			"rotation": {"angle": -45, "axis": "z", "origin": [11.74192, 25.46801, 7.995]},
			"faces": {
				"north": {"uv": [8, 1, 8.375, 1.375], "texture": "#2"},
				"east": {"uv": [8.5, 4, 8.75, 4.375], "texture": "#2"},
				"south": {"uv": [8, 0.5, 8.375, 0.875], "texture": "#2"},
				"west": {"uv": [4.5, 8.5, 4.75, 8.875], "texture": "#2"},
				"up": {"uv": [8.75, 4.875, 8.5, 4.5], "rotation": 90, "texture": "#2"},
				"down": {"uv": [5.25, 8.5, 5, 8.875], "rotation": 270, "texture": "#2"}
			}
		},
		{
			"from": [8.36656, 20.34655, 7.745],
			"to": [11.34156, 20.84655, 8.255],
			"rotation": {"angle": 22.5, "axis": "z", "origin": [11.24177, 20.78043, 7.995]},
			"faces": {
				"north": {"uv": [6.5, 1, 8, 1.25], "texture": "#2"},
				"east": {"uv": [3, 9, 3.25, 9.25], "texture": "#2"},
				"south": {"uv": [6, 4, 7.5, 4.25], "texture": "#2"},
				"west": {"uv": [9, 3, 9.25, 3.25], "texture": "#2"},
				"up": {"uv": [6.75, 3, 6.5, 1.5], "rotation": 90, "texture": "#2"},
				"down": {"uv": [4.25, 6.5, 4, 8], "rotation": 270, "texture": "#2"}
			}
		},
		{
			"from": [4.65844, 20.34655, 7.745],
			"to": [7.63344, 20.84655, 8.255],
			"rotation": {"angle": -22.5, "axis": "z", "origin": [4.75823, 20.78043, 8.005]},
			"faces": {
				"north": {"uv": [6.5, 3.5, 8, 3.75], "texture": "#2"},
				"east": {"uv": [4.5, 9, 4.75, 9.25], "texture": "#2"},
				"south": {"uv": [6.5, 3, 8, 3.25], "texture": "#2"},
				"west": {"uv": [9, 4.5, 9.25, 4.75], "texture": "#2"},
				"up": {"uv": [4.75, 8, 4.5, 6.5], "rotation": 90, "texture": "#2"},
				"down": {"uv": [6.75, 5.5, 6.5, 7], "rotation": 270, "texture": "#2"}
			}
		},
		{
			"from": [7.08579, 2.81777, 7.5],
			"to": [7.59289, 3.72488, 8.5],
			"rotation": {"angle": 45, "axis": "z", "origin": [7.79289, 3.11777, 8.5]},
			"faces": {
				"north": {"uv": [4.5, 6.5, 4.75, 7], "texture": "#1"},
				"east": {"uv": [5.5, 4, 6, 4.5], "texture": "#1"},
				"south": {"uv": [6.5, 4, 6.75, 4.5], "texture": "#1"},
				"west": {"uv": [4.5, 5.5, 5, 6], "texture": "#1"},
				"up": {"uv": [7, 4.75, 6.5, 4.5], "rotation": 90, "texture": "#1"},
				"down": {"uv": [5.5, 6.5, 5, 6.75], "rotation": 270, "texture": "#1"}
			}
		},
		{
			"from": [8.40711, 2.81777, 7.5],
			"to": [8.91421, 3.72488, 8.5],
			"rotation": {"angle": -45, "axis": "z", "origin": [8.20711, 3.11777, 8.5]},
			"faces": {
				"north": {"uv": [6.5, 5.5, 6.75, 6], "texture": "#1"},
				"east": {"uv": [5.5, 4.5, 6, 5], "texture": "#1"},
				"south": {"uv": [6.5, 5, 6.75, 5.5], "texture": "#1"},
				"west": {"uv": [5, 5.5, 5.5, 6], "texture": "#1"},
				"up": {"uv": [6.5, 6.75, 6, 6.5], "rotation": 90, "texture": "#1"},
				"down": {"uv": [7, 6, 6.5, 6.25], "rotation": 270, "texture": "#1"}
			}
		},
		{
			"from": [10.65331, 0.92578, 7.5],
			"to": [10.85331, 2.12578, 8.5],
			"rotation": {"angle": 22.5, "axis": "z", "origin": [10.60331, 1.67578, 8.5]},
			"faces": {
				"north": {"uv": [7.5, 0, 7.625, 0.625], "texture": "#1"},
				"east": {"uv": [2, 5, 2.5, 5.625], "texture": "#1"},
				"south": {"uv": [0, 7.5, 0.125, 8.125], "texture": "#1"},
				"west": {"uv": [5, 2, 5.5, 2.625], "texture": "#1"},
				"up": {"uv": [8, 5.625, 7.5, 5.5], "rotation": 90, "texture": "#1"},
				"down": {"uv": [8, 6, 7.5, 6.125], "rotation": 270, "texture": "#1"}
			}
		},
		{
			"from": [9.84676, 2.87664, 7.495],
			"to": [10.04676, 4.07664, 8.505],
			"rotation": {"angle": -22.5, "axis": "z", "origin": [5.39676, 1.62664, 8.495]},
			"faces": {
				"north": {"uv": [1, 7.5, 1.125, 8.125], "texture": "#1"},
				"east": {"uv": [2.5, 5, 3, 5.625], "texture": "#1"},
				"south": {"uv": [0.5, 7.5, 0.625, 8.125], "texture": "#1"},
				"west": {"uv": [3, 5, 3.5, 5.625], "texture": "#1"},
				"up": {"uv": [7, 7.625, 6.5, 7.5], "rotation": 90, "texture": "#1"},
				"down": {"uv": [7.5, 7.5, 7, 7.625], "rotation": 270, "texture": "#1"}
			}
		},
		{
			"from": [5.1, 1.31777, 7.5],
			"to": [7.6, 1.81777, 8.5],
			"rotation": {"angle": 22.5, "axis": "z", "origin": [6, 1.96777, 8.5]},
			"faces": {
				"north": {"uv": [3.5, 5, 4.75, 5.25], "texture": "#1"},
				"east": {"uv": [6.5, 6.5, 7, 6.75], "texture": "#1"},
				"south": {"uv": [5, 3, 6.25, 3.25], "texture": "#1"},
				"west": {"uv": [7, 0, 7.5, 0.25], "texture": "#1"},
				"up": {"uv": [2.5, 1.25, 2, 0], "rotation": 90, "texture": "#1"},
				"down": {"uv": [2.5, 1.5, 2, 2.75], "rotation": 270, "texture": "#1"}
			}
		},
		{
			"from": [5.14669, 0.92578, 7.5],
			"to": [5.34669, 2.12578, 8.5],
			"rotation": {"angle": -22.5, "axis": "z", "origin": [5.39669, 1.67578, 8.5]},
			"faces": {
				"north": {"uv": [1.5, 7.5, 1.625, 8.125], "texture": "#1"},
				"east": {"uv": [5, 3.5, 5.5, 4.125], "texture": "#1"},
				"south": {"uv": [7.5, 1, 7.625, 1.625], "texture": "#1"},
				"west": {"uv": [5, 4.5, 5.5, 5.125], "texture": "#1"},
				"up": {"uv": [8, 7.625, 7.5, 7.5], "rotation": 90, "texture": "#1"},
				"down": {"uv": [8.5, 0, 8, 0.125], "rotation": 270, "texture": "#1"}
			}
		},
		{
			"from": [5.06348, 1.00201, 7.49],
			"to": [6.56348, 1.50201, 8.51],
			"rotation": {"angle": 0, "axis": "x", "origin": [6.06348, 1.95201, 8.49]},
			"faces": {
				"north": {"uv": [6, 1.5, 6.75, 1.75], "texture": "#1"},
				"east": {"uv": [7, 0.5, 7.5, 0.75], "texture": "#1"},
				"south": {"uv": [6, 1, 6.75, 1.25], "texture": "#1"},
				"west": {"uv": [7, 1, 7.5, 1.25], "texture": "#1"},
				"up": {"uv": [4.5, 3.75, 4, 3], "rotation": 90, "texture": "#1"},
				"down": {"uv": [4.5, 4, 4, 4.75], "rotation": 270, "texture": "#1"}
			}
		},
		{
			"from": [5.95324, 2.87664, 7.495],
			"to": [6.15324, 4.07664, 8.505],
			"rotation": {"angle": 22.5, "axis": "z", "origin": [10.60324, 1.62664, 8.495]},
			"faces": {
				"north": {"uv": [7.5, 2, 7.625, 2.625], "texture": "#1"},
				"east": {"uv": [0, 5.5, 0.5, 6.125], "texture": "#1"},
				"south": {"uv": [2, 7.5, 2.125, 8.125], "texture": "#1"},
				"west": {"uv": [5.5, 0, 6, 0.625], "texture": "#1"},
				"up": {"uv": [8.5, 0.625, 8, 0.5], "rotation": 90, "texture": "#1"},
				"down": {"uv": [8.5, 1, 8, 1.125], "rotation": 270, "texture": "#1"}
			}
		},
		{
			"from": [5.39896, 4.04261, 7.495],
			"to": [5.55203, 4.19568, 8.505],
			"rotation": {"angle": 45, "axis": "z", "origin": [7.79289, 3.11777, 8.495]},
			"faces": {
				"north": {"uv": [7, 8.5, 7.125, 8.625], "texture": "#1"},
				"east": {"uv": [8, 1.5, 8.5, 1.625], "texture": "#1"},
				"south": {"uv": [8.5, 6.5, 8.625, 6.625], "texture": "#1"},
				"west": {"uv": [8, 2, 8.5, 2.125], "texture": "#1"},
				"up": {"uv": [3, 8.125, 2.5, 8], "rotation": 90, "texture": "#1"},
				"down": {"uv": [8.5, 2.5, 8, 2.625], "rotation": 270, "texture": "#1"}
			}
		},
		{
			"from": [5.26963, 1.3864, 7.505],
			"to": [5.6227, 1.93947, 8.495],
			"rotation": {"angle": 0, "axis": "x", "origin": [5.44616, 1.76294, 8.505]},
			"faces": {
				"north": {"uv": [0, 8.5, 0.125, 8.75], "texture": "#1"},
				"east": {"uv": [7, 1.5, 7.5, 1.75], "texture": "#1"},
				"south": {"uv": [8, 8, 8.125, 8.25], "texture": "#1"},
				"west": {"uv": [7, 2, 7.5, 2.25], "texture": "#1"},
				"up": {"uv": [3.5, 8.125, 3, 8], "rotation": 90, "texture": "#1"},
				"down": {"uv": [4, 8, 3.5, 8.125], "rotation": 270, "texture": "#1"}
			}
		},
		{
			"from": [6.1, 1.11777, 7.5],
			"to": [7.6, 1.31777, 8.5],
			"rotation": {"angle": 22.5, "axis": "z", "origin": [6, 1.96777, 8.5]},
			"faces": {
				"north": {"uv": [7, 4, 7.75, 4.125], "texture": "#1"},
				"east": {"uv": [4, 8, 4.5, 8.125], "texture": "#1"},
				"south": {"uv": [4, 7, 4.75, 7.125], "texture": "#1"},
				"west": {"uv": [8, 4, 8.5, 4.125], "texture": "#1"},
				"up": {"uv": [0.5, 5.25, 0, 4.5], "rotation": 90, "texture": "#1"},
				"down": {"uv": [1, 4.5, 0.5, 5.25], "rotation": 270, "texture": "#1"}
			}
		},
		{
			"from": [8.38616, 0.27752, 7.75],
			"to": [9.58616, 0.47752, 8.25],
			"rotation": {"angle": 22.5, "axis": "z", "origin": [9.35384, 0.4909, 8.75]},
			"faces": {
				"north": {"uv": [7.5, 3, 8.125, 3.125], "texture": "#1"},
				"east": {"uv": [8.5, 0, 8.75, 0.125], "texture": "#1"},
				"south": {"uv": [2.5, 7.5, 3.125, 7.625], "texture": "#1"},
				"west": {"uv": [0.5, 8.5, 0.75, 8.625], "texture": "#1"},
				"up": {"uv": [5.75, 6.625, 5.5, 6], "rotation": 90, "texture": "#1"},
				"down": {"uv": [6.25, 5.5, 6, 6.125], "rotation": 270, "texture": "#1"}
			}
		},
		{
			"from": [8.38616, 0.50429, 7.745],
			"to": [9.58616, 0.70429, 8.255],
			"rotation": {"angle": -22.5, "axis": "z", "origin": [9.35384, 0.4909, 8.745]},
			"faces": {
				"north": {"uv": [7.5, 3.5, 8.125, 3.625], "texture": "#1"},
				"east": {"uv": [8.5, 0.5, 8.75, 0.625], "texture": "#1"},
				"south": {"uv": [3.5, 7.5, 4.125, 7.625], "texture": "#1"},
				"west": {"uv": [1, 8.5, 1.25, 8.625], "texture": "#1"},
				"up": {"uv": [0.25, 7.125, 0, 6.5], "rotation": 90, "texture": "#1"},
				"down": {"uv": [6.75, 0, 6.5, 0.625], "rotation": 270, "texture": "#1"}
			}
		},
		{
			"from": [9.48681, 0.62388, 7.745],
			"to": [9.63989, 0.77695, 8.255],
			"rotation": {"angle": -45, "axis": "z", "origin": [9.35384, 0.4909, 8.745]},
			"faces": {
				"north": {"uv": [7.5, 8.5, 7.625, 8.625], "texture": "#1"},
				"east": {"uv": [8.5, 1, 8.75, 1.125], "texture": "#1"},
				"south": {"uv": [8.5, 7, 8.625, 7.125], "texture": "#1"},
				"west": {"uv": [1.5, 8.5, 1.75, 8.625], "texture": "#1"},
				"up": {"uv": [8.75, 1.625, 8.5, 1.5], "rotation": 90, "texture": "#1"},
				"down": {"uv": [2.25, 8.5, 2, 8.625], "rotation": 270, "texture": "#1"}
			}
		},
		{
			"from": [9.00241, 0.31437, 7.75],
			"to": [9.45241, 0.66744, 8.25],
			"rotation": {"angle": 0, "axis": "x", "origin": [9.35384, 0.4909, 8.75]},
			"faces": {
				"north": {"uv": [3, 8.5, 3.25, 8.625], "texture": "#1"},
				"east": {"uv": [8.5, 2, 8.75, 2.125], "texture": "#1"},
				"south": {"uv": [2.5, 8.5, 2.75, 8.625], "texture": "#1"},
				"west": {"uv": [8.5, 2.5, 8.75, 2.625], "texture": "#1"},
				"up": {"uv": [4.75, 8.25, 4.5, 8], "rotation": 90, "texture": "#1"},
				"down": {"uv": [5.25, 8, 5, 8.25], "rotation": 270, "texture": "#1"}
			}
		},
		{
			"from": [8.35241, 0.11437, 7.75],
			"to": [9.00241, 0.86744, 8.25],
			"rotation": {"angle": 0, "axis": "x", "origin": [9.35384, 0.4909, 8.75]},
			"faces": {
				"north": {"uv": [3, 6.5, 3.375, 6.875], "texture": "#1"},
				"east": {"uv": [7, 4.5, 7.25, 4.875], "texture": "#1"},
				"south": {"uv": [2.5, 6.5, 2.875, 6.875], "texture": "#1"},
				"west": {"uv": [5, 7, 5.25, 7.375], "texture": "#1"},
				"up": {"uv": [7.25, 5.375, 7, 5], "rotation": 90, "texture": "#1"},
				"down": {"uv": [5.75, 7, 5.5, 7.375], "rotation": 270, "texture": "#1"}
			}
		},
		{
			"from": [6.36011, 0.62388, 7.745],
			"to": [6.51319, 0.77695, 8.255],
			"rotation": {"angle": 45, "axis": "z", "origin": [6.64616, 0.4909, 8.745]},
			"faces": {
				"north": {"uv": [8, 8.5, 8.125, 8.625], "texture": "#1"},
				"east": {"uv": [8.5, 3, 8.75, 3.125], "texture": "#1"},
				"south": {"uv": [8.5, 7.5, 8.625, 7.625], "texture": "#1"},
				"west": {"uv": [3.5, 8.5, 3.75, 8.625], "texture": "#1"},
				"up": {"uv": [8.75, 3.625, 8.5, 3.5], "rotation": 90, "texture": "#1"},
				"down": {"uv": [4.25, 8.5, 4, 8.625], "rotation": 270, "texture": "#1"}
			}
		},
		{
			"from": [6.41384, 0.50429, 7.745],
			"to": [7.61384, 0.70429, 8.255],
			"rotation": {"angle": 22.5, "axis": "z", "origin": [6.64616, 0.4909, 8.745]},
			"faces": {
				"north": {"uv": [7.5, 4.5, 8.125, 4.625], "texture": "#1"},
				"east": {"uv": [8.5, 4, 8.75, 4.125], "texture": "#1"},
				"south": {"uv": [4.5, 7.5, 5.125, 7.625], "texture": "#1"},
				"west": {"uv": [4.5, 8.5, 4.75, 8.625], "texture": "#1"},
				"up": {"uv": [0.75, 7.125, 0.5, 6.5], "rotation": 90, "texture": "#1"},
				"down": {"uv": [1.25, 6.5, 1, 7.125], "rotation": 270, "texture": "#1"}
			}
		},
		{
			"from": [6.41384, 0.27752, 7.75],
			"to": [7.61384, 0.47752, 8.25],
			"rotation": {"angle": -22.5, "axis": "z", "origin": [6.64616, 0.4909, 8.75]},
			"faces": {
				"north": {"uv": [5.5, 7.5, 6.125, 7.625], "texture": "#1"},
				"east": {"uv": [8.5, 4.5, 8.75, 4.625], "texture": "#1"},
				"south": {"uv": [7.5, 5, 8.125, 5.125], "texture": "#1"},
				"west": {"uv": [5, 8.5, 5.25, 8.625], "texture": "#1"},
				"up": {"uv": [1.75, 7.125, 1.5, 6.5], "rotation": 90, "texture": "#1"},
				"down": {"uv": [2.25, 6.5, 2, 7.125], "rotation": 270, "texture": "#1"}
			}
		},
		{
			"from": [6.54759, 0.31437, 7.75],
			"to": [6.99759, 0.66744, 8.25],
			"rotation": {"angle": 0, "axis": "x", "origin": [6.64616, 0.4909, 8.75]},
			"faces": {
				"north": {"uv": [6, 8.5, 6.25, 8.625], "texture": "#1"},
				"east": {"uv": [8.5, 5, 8.75, 5.125], "texture": "#1"},
				"south": {"uv": [5.5, 8.5, 5.75, 8.625], "texture": "#1"},
				"west": {"uv": [8.5, 5.5, 8.75, 5.625], "texture": "#1"},
				"up": {"uv": [5.75, 8.25, 5.5, 8], "rotation": 90, "texture": "#1"},
				"down": {"uv": [8.25, 5.5, 8, 5.75], "rotation": 270, "texture": "#1"}
			}
		},
		{
			"from": [6.99759, 0.11437, 7.75],
			"to": [7.64759, 0.86744, 8.25],
			"rotation": {"angle": 0, "axis": "x", "origin": [6.64616, 0.4909, 8.75]},
			"faces": {
				"north": {"uv": [3.5, 6.5, 3.875, 6.875], "texture": "#1"},
				"east": {"uv": [7, 5.5, 7.25, 5.875], "texture": "#1"},
				"south": {"uv": [6.5, 3, 6.875, 3.375], "texture": "#1"},
				"west": {"uv": [6, 7, 6.25, 7.375], "texture": "#1"},
				"up": {"uv": [7.25, 6.375, 7, 6], "rotation": 90, "texture": "#1"},
				"down": {"uv": [6.75, 7, 6.5, 7.375], "rotation": 270, "texture": "#1"}
			}
		},
		{
			"from": [7.5, -7.10208, 7.5],
			"to": [8.5, -0.10208, 8.5],
			"rotation": {"angle": 0, "axis": "x", "origin": [7.89645, 0.50147, 8.5]},
			"faces": {
				"north": {"uv": [1.5, 0, 2, 3.5], "texture": "#1"},
				"east": {"uv": [0, 0, 0.5, 3.5], "texture": "#1"},
				"south": {"uv": [0.5, 0, 1, 3.5], "texture": "#1"},
				"west": {"uv": [1, 0, 1.5, 3.5], "texture": "#1"},
				"up": {"uv": [6, 5.5, 5.5, 5], "rotation": 90, "texture": "#1"},
				"down": {"uv": [6, 5.5, 5.5, 6], "rotation": 270, "texture": "#1"}
			}
		},
		{
			"from": [7.5, 1.81777, 7.495],
			"to": [8.5, 3.11777, 8.505],
			"rotation": {"angle": 0, "axis": "y", "origin": [8.5, -8.58223, 7.495]},
			"faces": {
				"north": {"uv": [1.5, 5.5, 2, 6.125], "texture": "#1"},
				"east": {"uv": [0.5, 5.5, 1, 6.125], "texture": "#1"},
				"south": {"uv": [1, 5.5, 1.5, 6.125], "texture": "#1"},
				"west": {"uv": [5.5, 1, 6, 1.625], "texture": "#1"},
				"up": {"uv": [6.5, 0.5, 6, 0], "rotation": 90, "texture": "#1"},
				"down": {"uv": [6.5, 0.5, 6, 1], "rotation": 270, "texture": "#1"}
			}
		},
		{
			"from": [7.25, 1.01777, 7.5],
			"to": [8.75, 1.81777, 8.5],
			"rotation": {"angle": 0, "axis": "y", "origin": [8.45, -8.58223, 7.5]},
			"faces": {
				"north": {"uv": [5.5, 3.5, 6.25, 3.875], "texture": "#1"},
				"east": {"uv": [2, 6, 2.5, 6.375], "texture": "#1"},
				"south": {"uv": [3.5, 5.5, 4.25, 5.875], "texture": "#1"},
				"west": {"uv": [2.5, 6, 3, 6.375], "texture": "#1"},
				"up": {"uv": [1.5, 5.25, 1, 4.5], "rotation": 90, "texture": "#1"},
				"down": {"uv": [2, 4.5, 1.5, 5.25], "rotation": 270, "texture": "#1"}
			}
		},
		{
			"from": [8.4, 1.31777, 7.5],
			"to": [10.9, 1.81777, 8.5],
			"rotation": {"angle": -22.5, "axis": "z", "origin": [10, 1.96777, 8.5]},
			"faces": {
				"north": {"uv": [5.5, 2.5, 6.75, 2.75], "texture": "#1"},
				"east": {"uv": [2.5, 7, 3, 7.25], "texture": "#1"},
				"south": {"uv": [5.5, 2, 6.75, 2.25], "texture": "#1"},
				"west": {"uv": [7, 2.5, 7.5, 2.75], "texture": "#1"},
				"up": {"uv": [3, 1.25, 2.5, 0], "rotation": 90, "texture": "#1"},
				"down": {"uv": [3, 1.5, 2.5, 2.75], "rotation": 270, "texture": "#1"}
			}
		},
		{
			"from": [8.4, 1.11777, 7.5],
			"to": [9.9, 1.31777, 8.5],
			"rotation": {"angle": -22.5, "axis": "z", "origin": [10, 1.96777, 8.5]},
			"faces": {
				"north": {"uv": [7, 7, 7.75, 7.125], "texture": "#1"},
				"east": {"uv": [6, 8, 6.5, 8.125], "texture": "#1"},
				"south": {"uv": [7, 6.5, 7.75, 6.625], "texture": "#1"},
				"west": {"uv": [8, 6, 8.5, 6.125], "texture": "#1"},
				"up": {"uv": [5, 3.75, 4.5, 3], "rotation": 90, "texture": "#1"},
				"down": {"uv": [5, 4, 4.5, 4.75], "rotation": 270, "texture": "#1"}
			}
		},
		{
			"from": [9.43652, 1.00201, 7.49],
			"to": [10.93652, 1.50201, 8.51],
			"rotation": {"angle": 0, "axis": "x", "origin": [9.93652, 1.95201, 8.49]},
			"faces": {
				"north": {"uv": [4, 6, 4.75, 6.25], "texture": "#1"},
				"east": {"uv": [3, 7, 3.5, 7.25], "texture": "#1"},
				"south": {"uv": [3, 6, 3.75, 6.25], "texture": "#1"},
				"west": {"uv": [7, 3, 7.5, 3.25], "texture": "#1"},
				"up": {"uv": [5.5, 0.75, 5, 0], "rotation": 90, "texture": "#1"},
				"down": {"uv": [5.5, 1, 5, 1.75], "rotation": 270, "texture": "#1"}
			}
		},
		{
			"from": [7.70711, 2.61777, 7.5],
			"to": [8.41421, 3.32488, 8.5],
			"rotation": {"angle": -45, "axis": "z", "origin": [8.20711, 3.11777, 8.5]},
			"faces": {
				"north": {"uv": [4, 6.5, 4.375, 6.875], "texture": "#1"},
				"east": {"uv": [6, 4, 6.5, 4.375], "texture": "#1"},
				"south": {"uv": [6.5, 3.5, 6.875, 3.875], "texture": "#1"},
				"west": {"uv": [6, 4.5, 6.5, 4.875], "texture": "#1"},
				"up": {"uv": [5.5, 6.375, 5, 6], "rotation": 90, "texture": "#1"},
				"down": {"uv": [6.5, 5, 6, 5.375], "rotation": 270, "texture": "#1"}
			}
		},
		{
			"from": [10.44797, 4.04261, 7.495],
			"to": [10.60104, 4.19568, 8.505],
			"rotation": {"angle": -45, "axis": "z", "origin": [8.20711, 3.11777, 8.495]},
			"faces": {
				"north": {"uv": [8.5, 8.5, 8.625, 8.625], "texture": "#1"},
				"east": {"uv": [6.5, 8, 7, 8.125], "texture": "#1"},
				"south": {"uv": [8.5, 8, 8.625, 8.125], "texture": "#1"},
				"west": {"uv": [8, 6.5, 8.5, 6.625], "texture": "#1"},
				"up": {"uv": [7.5, 8.125, 7, 8], "rotation": 90, "texture": "#1"},
				"down": {"uv": [8.5, 7, 8, 7.125], "rotation": 270, "texture": "#1"}
			}
		},
		{
			"from": [10.3773, 1.0864, 7.505],
			"to": [10.73037, 1.93947, 8.495],
			"rotation": {"angle": 0, "axis": "x", "origin": [10.55384, 1.76294, 8.505]},
			"faces": {
				"north": {"uv": [6.5, 8.5, 6.625, 8.75], "texture": "#1"},
				"east": {"uv": [3.5, 7, 4, 7.25], "texture": "#1"},
				"south": {"uv": [8.5, 6, 8.625, 6.25], "texture": "#1"},
				"west": {"uv": [7, 3.5, 7.5, 3.75], "texture": "#1"},
				"up": {"uv": [8, 8.125, 7.5, 8], "rotation": 90, "texture": "#1"},
				"down": {"uv": [8.5, 7.5, 8, 7.625], "rotation": 270, "texture": "#1"}
			}
		},
		{
			"from": [10.3773, 1.0864, 7.505],
			"to": [10.83037, 1.53947, 8.495],
			"rotation": {"angle": 0, "axis": "x", "origin": [10.55384, 1.76294, 8.505]},
			"faces": {
				"north": {"uv": [6.5, 8.5, 6.625, 8.75], "texture": "#1"},
				"east": {"uv": [3.5, 7, 4, 7.25], "texture": "#1"},
				"south": {"uv": [8.5, 6, 8.625, 6.25], "texture": "#1"},
				"west": {"uv": [7, 3.5, 7.5, 3.75], "texture": "#1"},
				"up": {"uv": [8, 8.125, 7.5, 8], "rotation": 90, "texture": "#1"},
				"down": {"uv": [8.5, 7.5, 8, 7.625], "rotation": 270, "texture": "#1"}
			}
		},
		{
			"from": [5.16963, 1.0864, 7.505],
			"to": [5.6227, 1.53947, 8.495],
			"rotation": {"angle": 0, "axis": "x", "origin": [5.44616, 1.76294, 7.495]},
			"faces": {
				"north": {"uv": [8.5, 6, 8.625, 6.25], "texture": "#1"},
				"east": {"uv": [7, 3.5, 7.5, 3.75], "texture": "#1"},
				"south": {"uv": [6.5, 8.5, 6.625, 8.75], "texture": "#1"},
				"west": {"uv": [3.5, 7, 4, 7.25], "texture": "#1"},
				"up": {"uv": [7.5, 8, 8, 8.125], "rotation": 90, "texture": "#1"},
				"down": {"uv": [8, 7.625, 8.5, 7.5], "rotation": 270, "texture": "#1"}
			}
		},
		{
			"from": [7.40355, -0.10208, 7.4],
			"to": [8.60355, 1.09792, 8.6],
			"rotation": {"angle": 0, "axis": "x", "origin": [8, 0.50147, 8.4]},
			"faces": {
				"north": {"uv": [2, 4, 2.625, 4.625], "texture": "#1"},
				"east": {"uv": [1, 3.5, 1.625, 4.125], "texture": "#1"},
				"south": {"uv": [4, 0, 4.625, 0.625], "texture": "#1"},
				"west": {"uv": [4, 1, 4.625, 1.625], "texture": "#1"},
				"up": {"uv": [4.625, 2.625, 4, 2], "rotation": 90, "texture": "#1"},
				"down": {"uv": [3.625, 4, 3, 4.625], "rotation": 270, "texture": "#1"}
			}
		},
		{
			"from": [7.25, -8.10208, 7.25],
			"to": [8.75, -6.60208, 8.75],
			"rotation": {"angle": -45, "axis": "z", "origin": [8, -7.35208, 8]},
			"faces": {
				"north": {"uv": [3, 2, 3.75, 2.75], "texture": "#1"},
				"east": {"uv": [3, 0, 3.75, 0.75], "texture": "#1"},
				"south": {"uv": [3, 1, 3.75, 1.75], "texture": "#1"},
				"west": {"uv": [2, 3, 2.75, 3.75], "texture": "#1"},
				"up": {"uv": [3.75, 3.75, 3, 3], "rotation": 90, "texture": "#1"},
				"down": {"uv": [0.75, 3.5, 0, 4.25], "rotation": 270, "texture": "#1"}
			}
		}
	],
	"gui_light": "front",
	"display": {
		"thirdperson_righthand": {
			"rotation": [0, 90, 0],
			"translation": [0, 13, 0.75],
			"scale": [1.45, 1.45, 1.45]
		},
		"thirdperson_lefthand": {
			"rotation": [0, 90, 0],
			"translation": [0, 13, 0.75],
			"scale": [1.3, 1.3, 1.3]
		},
		"firstperson_righthand": {
			"rotation": [25, 90, 0],
			"translation": [0, 4.5, 0],
			"scale": [0.62, 0.62, 0.62]
		},
		"firstperson_lefthand": {
			"rotation": [25, 90, 0],
			"translation": [0, 4.5, 0],
			"scale": [0.62, 0.62, 0.62]
		},
		"ground": {
			"rotation": [0, 0, 45],
			"translation": [0, 8.5, 0]
		},
		"gui": {
			"rotation": [0, 0, -45],
			"scale": [0.8, 0.8, 0.8]
		},
		"fixed": {
			"rotation": [0, 0, 45],
			"scale": [1.33, 1.33, 1.33]
		}
	},
	"groups": [
		{
			"name": "blade",
			"origin": [8.005, 29.36266, 11.24177],
			"color": 0,
			"children": [0, 1, 2, 3, 4, 5, 6, 7, 8, 9, 10, 11, 12, 13, 14, 15, 16, 17, 18, 19, 20, 21]
		},
		{
			"name": "hilt",
			"origin": [8, 1.23015, 8],
			"color": 0,
			"children": [22, 23, 24, 25, 26, 27, 28, 29, 30, 31, 32, 33, 34, 35, 36, 37, 38, 39, 40, 41, 42, 43, 44, 45, 46, 47, 48, 49, 50, 51, 52, 53, 54, 55]
		}
	]
}