{
	"credit": "Made with Blockbench",
	"texture_size": [32, 32],
	"textures": {
		"0": "item/custom/dek_wand",
		"particle": "item/custom/dek_wand"
	},
	"elements": [
		{
			"from": [7.47525, 10, 0.75],
			"to": [8.47525, 13, 3.75],
			"rotation": {"angle": 45, "axis": "x", "origin": [-0.52475, 0, -2.25]},
			"faces": {
				"north": {"uv": [6, 7, 6.5, 8.5], "texture": "#0"},
				"east": {"uv": [0, 0, 1.5, 1.5], "texture": "#0"},
				"south": {"uv": [6.5, 7.5, 7, 9], "texture": "#0"},
				"west": {"uv": [0, 1.5, 1.5, 3], "texture": "#0"},
				"up": {"uv": [7.5, 9, 7, 7.5], "texture": "#0"},
				"down": {"uv": [8, 7.5, 7.5, 9], "texture": "#0"}
			}
		},
		{
			"from": [7.37525, 11.9, -0.35],
			"to": [8.57525, 14.1, 1.85],
			"rotation": {"angle": 45, "axis": "x", "origin": [-0.52475, 0, -2.25]},
			"faces": {
				"north": {"uv": [3, 8.5, 3.5, 9.5], "texture": "#0"},
				"east": {"uv": [3.5, 4, 4.5, 5], "texture": "#0"},
				"south": {"uv": [8.5, 3, 9, 4], "texture": "#0"},
				"west": {"uv": [4.5, 1, 5.5, 2], "texture": "#0"},
				"up": {"uv": [6.5, 9.5, 6, 8.5], "texture": "#0"},
				"down": {"uv": [9, 7, 8.5, 8], "texture": "#0"}
			}
		},
		{
			"from": [7.47525, 13, -1.25],
			"to": [8.47515, 15, 0.75],
			"rotation": {"angle": 45, "axis": "x", "origin": [-0.52475, 0, -2.25]},
			"faces": {
				"north": {"uv": [8, 8.5, 8.5, 9.5], "texture": "#0"},
				"east": {"uv": [4.5, 2, 5.5, 3], "texture": "#0"},
				"south": {"uv": [8.5, 8, 9, 9], "texture": "#0"},
				"west": {"uv": [4.5, 3, 5.5, 4], "texture": "#0"},
				"up": {"uv": [1.5, 10, 1, 9], "texture": "#0"},
				"down": {"uv": [2, 9, 1.5, 10], "texture": "#0"}
			}
		},
		{
			"from": [7.37525, 13.9, -2.35],
			"to": [8.57525, 16.1, -0.15],
			"rotation": {"angle": 45, "axis": "x", "origin": [-0.52475, 0, -2.25]},
			"faces": {
				"north": {"uv": [3.5, 9, 4, 10], "texture": "#0"},
				"east": {"uv": [4.5, 5, 5.5, 6], "texture": "#0"},
				"south": {"uv": [9, 3.5, 9.5, 4.5], "texture": "#0"},
				"west": {"uv": [5.5, 1, 6.5, 2], "texture": "#0"},
				"up": {"uv": [9.5, 5.5, 9, 4.5], "texture": "#0"},
				"down": {"uv": [7, 9, 6.5, 10], "texture": "#0"}
			}
		},
		{
			"from": [7.47525, 15, -3.25],
			"to": [8.47525, 17, -1.25],
			"rotation": {"angle": 45, "axis": "x", "origin": [-0.52475, 0, -2.25]},
			"faces": {
				"north": {"uv": [7, 9, 7.5, 10], "texture": "#0"},
				"east": {"uv": [5.5, 2, 6.5, 3], "texture": "#0"},
				"south": {"uv": [9, 7, 9.5, 8], "texture": "#0"},
				"west": {"uv": [5.5, 3, 6.5, 4], "texture": "#0"},
				"up": {"uv": [8, 10, 7.5, 9], "texture": "#0"},
				"down": {"uv": [9.5, 8, 9, 9], "texture": "#0"}
			}
		},
		{
			"from": [7.37525, 15.9, -4.35],
			"to": [8.57525, 18.1, -2.15],
			"rotation": {"angle": 45, "axis": "x", "origin": [-0.52475, 0, -2.25]},
			"faces": {
				"north": {"uv": [8.5, 9, 9, 10], "texture": "#0"},
				"east": {"uv": [5.5, 4, 6.5, 5], "texture": "#0"},
				"south": {"uv": [9, 9, 9.5, 10], "texture": "#0"},
				"west": {"uv": [5.5, 5, 6.5, 6], "texture": "#0"},
				"up": {"uv": [10, 1, 9.5, 0], "texture": "#0"},
				"down": {"uv": [10, 1.5, 9.5, 2.5], "texture": "#0"}
			}
		},
		{
			"from": [7.47525, 17, -5.25],
			"to": [8.47525, 19, -3.25],
			"rotation": {"angle": 45, "axis": "x", "origin": [-0.52475, 0, -2.25]},
			"faces": {
				"north": {"uv": [9.5, 2.5, 10, 3.5], "texture": "#0"},
				"east": {"uv": [3.5, 6, 4.5, 7], "texture": "#0"},
				"south": {"uv": [3, 9.5, 3.5, 10.5], "texture": "#0"},
				"west": {"uv": [4.5, 6, 5.5, 7], "texture": "#0"},
				"up": {"uv": [10, 4.5, 9.5, 3.5], "texture": "#0"},
				"down": {"uv": [4.5, 9.5, 4, 10.5], "texture": "#0"}
			}
		},
		{
			"from": [7.37525, 17.9, -6.35],
			"to": [8.57525, 20.1, -4.15],
			"rotation": {"angle": 45, "axis": "x", "origin": [-0.52475, 0, -2.25]},
			"faces": {
				"north": {"uv": [4.5, 9.5, 5, 10.5], "texture": "#0"},
				"east": {"uv": [5.5, 6, 6.5, 7], "texture": "#0"},
				"south": {"uv": [9.5, 4.5, 10, 5.5], "texture": "#0"},
				"west": {"uv": [0, 6.5, 1, 7.5], "texture": "#0"},
				"up": {"uv": [5.5, 10.5, 5, 9.5], "texture": "#0"},
				"down": {"uv": [6, 9.5, 5.5, 10.5], "texture": "#0"}
			}
		},
		{
			"from": [7.47525, 19, -7.25],
			"to": [8.47525, 21, -5.25],
			"rotation": {"angle": 45, "axis": "x", "origin": [-0.52475, 0, -2.25]},
			"faces": {
				"north": {"uv": [9.5, 5.5, 10, 6.5], "texture": "#0"},
				"east": {"uv": [6.5, 1, 7.5, 2], "texture": "#0"},
				"south": {"uv": [6, 9.5, 6.5, 10.5], "texture": "#0"},
				"west": {"uv": [6.5, 2, 7.5, 3], "texture": "#0"},
				"up": {"uv": [10, 7.5, 9.5, 6.5], "texture": "#0"},
				"down": {"uv": [10, 7.5, 9.5, 8.5], "texture": "#0"}
			}
		},
		{
			"from": [7.47525, 20.56676, 8.06371],
			"to": [8.47525, 22.56676, 10.06371],
			"rotation": {"angle": 45, "axis": "x", "origin": [7.97525, 21.56676, 9.06371]},
			"faces": {
				"north": {"uv": [1, 10, 1.5, 11], "texture": "#0"},
				"east": {"uv": [4, 7, 5, 8], "texture": "#0"},
				"south": {"uv": [10, 1, 10.5, 2], "texture": "#0"},
				"west": {"uv": [5, 7, 6, 8], "texture": "#0"},
				"up": {"uv": [2, 11, 1.5, 10], "texture": "#0"},
				"down": {"uv": [2.5, 10, 2, 11], "texture": "#0"}
			}
		},
		{
			"from": [6.97525, 20.56676, 8.56371],
			"to": [8.97525, 22.56676, 9.56371],
			"rotation": {"angle": 0, "axis": "y", "origin": [7.97525, 21.56676, 9.06371]},
			"faces": {
				"north": {"uv": [1.5, 7.5, 2.5, 8.5], "texture": "#0"},
				"east": {"uv": [2.5, 10, 3, 11], "texture": "#0"},
				"south": {"uv": [7.5, 2, 8.5, 3], "texture": "#0"},
				"west": {"uv": [3.5, 10, 4, 11], "texture": "#0"},
				"up": {"uv": [11, 6.5, 10, 6], "texture": "#0"},
				"down": {"uv": [7.5, 10, 6.5, 10.5], "texture": "#0"}
			}
		},
		{
			"from": [7.47525, 20.56676, 8.06371],
			"to": [8.47525, 22.56676, 10.06371],
			"rotation": {"angle": 0, "axis": "y", "origin": [7.97525, 21.56676, 9.06371]},
			"faces": {
				"north": {"uv": [10, 6.5, 10.5, 7.5], "texture": "#0"},
				"east": {"uv": [2.5, 7.5, 3.5, 8.5], "texture": "#0"},
				"south": {"uv": [7.5, 10, 8, 11], "texture": "#0"},
				"west": {"uv": [7.5, 3.5, 8.5, 4.5], "texture": "#0"},
				"up": {"uv": [10.5, 8.5, 10, 7.5], "texture": "#0"},
				"down": {"uv": [9, 10, 8.5, 11], "texture": "#0"}
			}
		},
		{
			"from": [7.47525, 18.56676, 6.06371],
			"to": [8.47525, 19.31676, 11.81371],
			"rotation": {"angle": 0, "axis": "y", "origin": [7.97525, 21.56676, 9.06371]},
			"faces": {
				"north": {"uv": [10.5, 1.5, 11, 2], "texture": "#0"},
				"east": {"uv": [3, 0, 6, 0.5], "texture": "#0"},
				"south": {"uv": [3, 10.5, 3.5, 11], "texture": "#0"},
				"west": {"uv": [0.5, 3, 3.5, 3.5], "texture": "#0"},
				"up": {"uv": [1, 6.5, 0.5, 3.5], "texture": "#0"},
				"down": {"uv": [4, 0.5, 3.5, 3.5], "texture": "#0"}
			}
		},
		{
			"from": [7.47525, 19.06676, 5.06371],
			"to": [8.47525, 24.56676, 5.81371],
			"rotation": {"angle": 0, "axis": "y", "origin": [7.97525, 18.94176, 8.93871]},
			"faces": {
				"north": {"uv": [1.5, 4, 2, 7], "texture": "#0"},
				"east": {"uv": [2, 4, 2.5, 7], "texture": "#0"},
				"south": {"uv": [2.5, 4, 3, 7], "texture": "#0"},
				"west": {"uv": [3, 4, 3.5, 7], "texture": "#0"},
				"up": {"uv": [5.5, 11, 5, 10.5], "texture": "#0"},
				"down": {"uv": [6, 10.5, 5.5, 11], "texture": "#0"}
			}
		},
		{
			"from": [7.37525, 22.34176, 5.58871],
			"to": [8.57525, 23.29176, 8.28871],
			"rotation": {"angle": -45, "axis": "x", "origin": [7.97525, 21.81676, 5.43871]},
			"faces": {
				"north": {"uv": [6, 10.5, 6.5, 11], "texture": "#0"},
				"east": {"uv": [7.5, 4.5, 9, 5], "texture": "#0"},
				"south": {"uv": [6.5, 10.5, 7, 11], "texture": "#0"},
				"west": {"uv": [7.5, 5, 9, 5.5], "texture": "#0"},
				"up": {"uv": [4.5, 9.5, 4, 8], "texture": "#0"},
				"down": {"uv": [5, 8, 4.5, 9.5], "texture": "#0"}
			}
		},
		{
			"from": [7.37525, 20.60952, 7.44226],
			"to": [8.57525, 21.55952, 10.14226],
			"rotation": {"angle": 45, "axis": "x", "origin": [7.97525, 23.58452, 5.79226]},
			"faces": {
				"north": {"uv": [10.5, 6.5, 11, 7], "texture": "#0"},
				"east": {"uv": [8, 0, 9.5, 0.5], "texture": "#0"},
				"south": {"uv": [7, 10.5, 7.5, 11], "texture": "#0"},
				"west": {"uv": [8, 5.5, 9.5, 6], "texture": "#0"},
				"up": {"uv": [5.5, 9.5, 5, 8], "texture": "#0"},
				"down": {"uv": [6, 8, 5.5, 9.5], "texture": "#0"}
			}
		},
		{
			"from": [7.37525, 16.72044, 8.79582],
			"to": [8.57525, 17.67044, 11.49582],
			"rotation": {"angle": -22.5, "axis": "x", "origin": [7.97525, 19.69544, 6.14582]},
			"faces": {
				"north": {"uv": [10.5, 7, 11, 7.5], "texture": "#0"},
				"east": {"uv": [8, 6, 9.5, 6.5], "texture": "#0"},
				"south": {"uv": [10.5, 7.5, 11, 8], "texture": "#0"},
				"west": {"uv": [8, 6.5, 9.5, 7], "texture": "#0"},
				"up": {"uv": [8.5, 8.5, 8, 7], "texture": "#0"},
				"down": {"uv": [0.5, 8.5, 0, 10], "texture": "#0"}
			}
		},
		{
			"from": [7.37525, 23.86535, 7.56536],
			"to": [8.57525, 24.81535, 10.26536],
			"rotation": {"angle": 22.5, "axis": "x", "origin": [7.97525, 19.84035, 10.41536]},
			"faces": {
				"north": {"uv": [8, 10.5, 8.5, 11], "texture": "#0"},
				"east": {"uv": [8.5, 1, 10, 1.5], "texture": "#0"},
				"south": {"uv": [10.5, 8, 11, 8.5], "texture": "#0"},
				"west": {"uv": [1.5, 8.5, 3, 9], "texture": "#0"},
				"up": {"uv": [1, 10, 0.5, 8.5], "texture": "#0"},
				"down": {"uv": [9, 1.5, 8.5, 3], "texture": "#0"}
			}
		},
		{
			"from": [7.47525, 24.06676, 6.06371],
			"to": [8.47525, 25.06676, 11.81371],
			"rotation": {"angle": 0, "axis": "y", "origin": [7.97525, 21.56676, 9.06371]},
			"faces": {
				"north": {"uv": [4, 10.5, 4.5, 11], "texture": "#0"},
				"east": {"uv": [1, 3.5, 4, 4], "texture": "#0"},
				"south": {"uv": [4.5, 10.5, 5, 11], "texture": "#0"},
				"west": {"uv": [4, 0.5, 7, 1], "texture": "#0"},
				"up": {"uv": [1.5, 7, 1, 4], "texture": "#0"},
				"down": {"uv": [4.5, 1, 4, 4], "texture": "#0"}
			}
		},
		{
			"from": [6.97525, 21.06676, 8.06371],
			"to": [8.97525, 22.06676, 10.06371],
			"rotation": {"angle": 0, "axis": "y", "origin": [7.97525, 21.56676, 9.06371]},
			"faces": {
				"north": {"uv": [10, 2, 11, 2.5], "texture": "#0"},
				"east": {"uv": [10, 2.5, 11, 3], "texture": "#0"},
				"south": {"uv": [10, 3, 11, 3.5], "texture": "#0"},
				"west": {"uv": [10, 3.5, 11, 4], "texture": "#0"},
				"up": {"uv": [8, 6.5, 7, 5.5], "texture": "#0"},
				"down": {"uv": [8, 6.5, 7, 7.5], "texture": "#0"}
			}
		},
		{
			"from": [6.97525, 21.06676, 8.06371],
			"to": [8.97525, 22.06676, 10.06371],
			"rotation": {"angle": 45, "axis": "y", "origin": [7.97525, 21.56676, 9.06371]},
			"faces": {
				"north": {"uv": [10, 4, 11, 4.5], "texture": "#0"},
				"east": {"uv": [10, 4.5, 11, 5], "texture": "#0"},
				"south": {"uv": [10, 5, 11, 5.5], "texture": "#0"},
				"west": {"uv": [10, 5.5, 11, 6], "texture": "#0"},
				"up": {"uv": [1, 8.5, 0, 7.5], "texture": "#0"},
				"down": {"uv": [8.5, 1, 7.5, 2], "texture": "#0"}
			}
		},
		{
			"from": [7.47525, 13, -1.25],
			"to": [8.47525, 15, 0.75],
			"rotation": {"angle": 45, "axis": "x", "origin": [-0.52475, 0, -2.25]},
			"faces": {
				"north": {"uv": [9, 1.5, 9.5, 2.5], "texture": "#0"},
				"east": {"uv": [4.5, 4, 5.5, 5], "texture": "#0"},
				"south": {"uv": [2, 9, 2.5, 10], "texture": "#0"},
				"west": {"uv": [3.5, 5, 4.5, 6], "texture": "#0"},
				"up": {"uv": [3, 10, 2.5, 9], "texture": "#0"},
				"down": {"uv": [9.5, 2.5, 9, 3.5], "texture": "#0"}
			}
		},
		{
			"from": [7.37525, 17.15, 6.9],
			"to": [8.57525, 18.35, 11.1],
			"rotation": {"angle": 0, "axis": "y", "origin": [-0.52475, 0, -2.25]},
			"faces": {
				"north": {"uv": [3, 2.5, 3.5, 3], "texture": "#0"},
				"east": {"uv": [6, 0, 8, 0.5], "texture": "#0"},
				"south": {"uv": [0, 6, 0.5, 6.5], "texture": "#0"},
				"west": {"uv": [6.5, 3, 8.5, 3.5], "texture": "#0"},
				"up": {"uv": [3.5, 2.5, 3, 0.5], "texture": "#0"},
				"down": {"uv": [7, 3.5, 6.5, 5.5], "texture": "#0"}
			}
		},
		{
			"from": [7.37525, 25.15, 6.9],
			"to": [8.57525, 26.35, 11.1],
			"rotation": {"angle": 0, "axis": "y", "origin": [-0.52475, 0, -2.25]},
			"faces": {
				"north": {"uv": [10.5, 0.5, 11, 1], "texture": "#0"},
				"east": {"uv": [7, 0.5, 9, 1], "texture": "#0"},
				"south": {"uv": [10.5, 1, 11, 1.5], "texture": "#0"},
				"west": {"uv": [1.5, 7, 3.5, 7.5], "texture": "#0"},
				"up": {"uv": [4, 9, 3.5, 7], "texture": "#0"},
				"down": {"uv": [7.5, 3.5, 7, 5.5], "texture": "#0"}
			}
		},
		{
			"from": [7.17525, 17.95, 5.7],
			"to": [8.77425, 18.55, 12.3],
			"rotation": {"angle": 0, "axis": "y", "origin": [-0.52475, 0, -2.25]},
			"faces": {
				"north": {"uv": [0, 0, 0.5, 0.5], "texture": "#0"},
				"east": {"uv": [0, 0, 3, 0.5], "texture": "#0"},
				"south": {"uv": [0, 0, 0.5, 0.5], "texture": "#0"},
				"west": {"uv": [0, 0, 3, 0.5], "texture": "#0"},
				"up": {"uv": [2, 3, 1.5, 0], "texture": "#0"},
				"down": {"uv": [2.5, 0, 2, 3], "texture": "#0"}
			}
		},
		{
			"from": [7.17525, 24.95, 5.7],
			"to": [8.77525, 25.55, 12.3],
			"rotation": {"angle": 0, "axis": "y", "origin": [-0.52475, 0, -2.25]},
			"faces": {
				"north": {"uv": [0, 0, 0.5, 0.5], "texture": "#0"},
				"east": {"uv": [0, 0, 3, 0.5], "texture": "#0"},
				"south": {"uv": [0, 0, 0.5, 0.5], "texture": "#0"},
				"west": {"uv": [0, 0, 3, 0.5], "texture": "#0"},
				"up": {"uv": [3, 3, 2.5, 0], "texture": "#0"},
				"down": {"uv": [0.5, 3, 0, 6], "texture": "#0"}
			}
		},
		{
			"from": [7.12525, 18.4, 10.65],
			"to": [8.92525, 19.1, 12.35],
			"rotation": {"angle": 0, "axis": "y", "origin": [-0.52475, 0, -2.25]},
			"faces": {
				"north": {"uv": [0, 0, 0.5, 0.5], "texture": "#0"},
				"east": {"uv": [0, 0, 0.5, 0.5], "texture": "#0"},
				"south": {"uv": [0, 0, 0.5, 0.5], "texture": "#0"},
				"west": {"uv": [0, 0, 0.5, 0.5], "texture": "#0"},
				"up": {"uv": [9, 4.5, 8.5, 4], "texture": "#0"},
				"down": {"uv": [9.5, 0.5, 9, 1], "texture": "#0"}
			}
		},
		{
			"from": [7.07525, 24.35, 10.6],
			"to": [8.87525, 25.15, 12.4],
			"rotation": {"angle": 0, "axis": "y", "origin": [-0.52475, 0, -2.25]},
			"faces": {
				"north": {"uv": [0, 0, 0.5, 0.5], "texture": "#0"},
				"east": {"uv": [0, 0, 0.5, 0.5], "texture": "#0"},
				"south": {"uv": [0, 0, 0.5, 0.5], "texture": "#0"},
				"west": {"uv": [0, 0, 0.5, 0.5], "texture": "#0"},
				"up": {"uv": [10.5, 10.5, 10, 10], "texture": "#0"},
				"down": {"uv": [11, 0, 10.5, 0.5], "texture": "#0"}
			}
		},
		{
			"from": [7.07525, 18.35, 5.1],
			"to": [8.87525, 19.15, 7.4],
			"rotation": {"angle": 0, "axis": "y", "origin": [-0.52475, 0, -2.25]},
			"faces": {
				"north": {"uv": [0, 0, 0.5, 0.5], "texture": "#0"},
				"east": {"uv": [0, 0, 1, 0.5], "texture": "#0"},
				"south": {"uv": [0, 0, 0.5, 0.5], "texture": "#0"},
				"west": {"uv": [0, 0, 1, 0.5], "texture": "#0"},
				"up": {"uv": [8.5, 10.5, 8, 9.5], "texture": "#0"},
				"down": {"uv": [10, 8.5, 9.5, 9.5], "texture": "#0"}
			}
		},
		{
			"from": [7.07525, 24.35, 5.1],
			"to": [8.87525, 25.15, 7.4],
			"rotation": {"angle": 0, "axis": "y", "origin": [-0.52475, 0, -2.25]},
			"faces": {
				"north": {"uv": [0, 0, 0.5, 0.5], "texture": "#0"},
				"east": {"uv": [0, 0, 1, 0.5], "texture": "#0"},
				"south": {"uv": [0, 0, 0.5, 0.5], "texture": "#0"},
				"west": {"uv": [0, 0, 1, 0.5], "texture": "#0"},
				"up": {"uv": [10, 10.5, 9.5, 9.5], "texture": "#0"},
				"down": {"uv": [0.5, 10, 0, 11], "texture": "#0"}
			}
		},
		{
			"from": [7.17525, 18.95, 4.7],
			"to": [8.77525, 19.55, 6.3],
			"rotation": {"angle": 0, "axis": "y", "origin": [-0.52475, 0, -2.25]},
			"faces": {
				"north": {"uv": [0, 0, 0.5, 0.5], "texture": "#0"},
				"east": {"uv": [0, 0, 0.5, 0.5], "texture": "#0"},
				"south": {"uv": [0, 0, 0.5, 0.5], "texture": "#0"},
				"west": {"uv": [0, 0, 0.5, 0.5], "texture": "#0"},
				"up": {"uv": [10.5, 9, 10, 8.5], "texture": "#0"},
				"down": {"uv": [9.5, 10, 9, 10.5], "texture": "#0"}
			}
		},
		{
			"from": [7.17525, 23.95, 4.7],
			"to": [8.77525, 24.55, 6.3],
			"rotation": {"angle": 0, "axis": "y", "origin": [-0.52475, 0, -2.25]},
			"faces": {
				"north": {"uv": [0, 0, 0.5, 0.5], "texture": "#0"},
				"east": {"uv": [0, 0, 0.5, 0.5], "texture": "#0"},
				"south": {"uv": [0, 0, 0.5, 0.5], "texture": "#0"},
				"west": {"uv": [0, 0, 0.5, 0.5], "texture": "#0"},
				"up": {"uv": [10.5, 9.5, 10, 9], "texture": "#0"},
				"down": {"uv": [10.5, 9.5, 10, 10], "texture": "#0"}
			}
		},
		{
			"from": [7.07525, 19.45, 4.6],
			"to": [8.87525, 24.25, 5.4],
			"rotation": {"angle": 0, "axis": "y", "origin": [-0.52475, 0, -2.25]},
			"faces": {
				"north": {"uv": [6.5, 5.5, 7, 7.5], "texture": "#0"},
				"east": {"uv": [0.5, 0, 0, 2], "texture": "#0"},
				"south": {"uv": [1, 7, 1.5, 9], "texture": "#0"},
				"west": {"uv": [0.5, 0, 0, 2], "texture": "#0"},
				"up": {"uv": [0.5, 0, 0, 0.5], "texture": "#0"},
				"down": {"uv": [0.5, 0, 0, 0.5], "texture": "#0"}
			}
		},
		{
			"from": [7.17525, 20.55, 4.2],
			"to": [8.77525, 23.15, 4.8],
			"rotation": {"angle": 0, "axis": "y", "origin": [-0.52475, 0, -2.25]},
			"faces": {
				"north": {"uv": [10, 0, 10.5, 1], "texture": "#0"},
				"east": {"uv": [0, 0, 0.5, 1], "texture": "#0"},
				"south": {"uv": [0.5, 10, 1, 11], "texture": "#0"},
				"west": {"uv": [0, 0, 0.5, 1], "texture": "#0"},
				"up": {"uv": [0.5, 0, 0, 0.5], "texture": "#0"},
				"down": {"uv": [0.5, 0, 0, 0.5], "texture": "#0"}
			}
		}
	],
	"gui_light": "front",
	"display": {
		"thirdperson_righthand": {
			"rotation": [0, 180, 0],
			"translation": [0, 2.25, 2.75],
			"scale": [1, 1, 1.04]
		},
		"thirdperson_lefthand": {
			"rotation": [0, 180, 0],
			"translation": [0, 2.25, 2.75],
			"scale": [1, 1, 1.04]
		},
		"firstperson_righthand": {
			"rotation": [0, 180, 0],
			"translation": [0, -4.5, 2.75]
		},
		"firstperson_lefthand": {
			"rotation": [0, 180, 0],
			"translation": [0, -4.5, 2.75]
		},
		"ground": {
			"rotation": [45, 0, 0],
			"translation": [0, 3, -5.75]
		},
		"gui": {
			"rotation": [-3, -91, 4],
			"translation": [0.5, -5, 0],
			"scale": [0.7, 0.7, 0.7]
		},
		"fixed": {
			"rotation": [-90, 180, 0],
			"translation": [0, 1, -3.25]
		}
	}
}