{
	"credit": "Made with Blockbench",
	"texture_size": [128, 128],
	"textures": {
		"0": "item/custom/drill",
		"1": "item/custom/drill_drill",
		"particle": "item/custom/drill"
	},
	"elements": [
		{
			"from": [1.9905, 4.75, 5.38618],
			"to": [14.00078, 10, 10.34646],
			"rotation": {"angle": -22.5, "axis": "y", "origin": [7.9905, 5.5, 7.86118]},
			"faces": {
				"north": {"uv": [3, 0, 4.5, 0.6875], "texture": "#0"},
				"east": {"uv": [6.875, 3.75, 7.5, 4.4375], "texture": "#0"},
				"south": {"uv": [3, 0.75, 4.5, 1.4375], "texture": "#0"},
				"west": {"uv": [7, 4.5, 7.625, 5.1875], "texture": "#0"},
				"up": {"uv": [5.375, 2.875, 3.875, 2.25], "texture": "#0"},
				"down": {"uv": [4.5, 3.875, 3, 4.5], "texture": "#0"}
			}
		},
		{
			"from": [5.5345, 4.75, 1.86118],
			"to": [10.4845, 10, 13.86118],
			"rotation": {"angle": 22.5, "axis": "y", "origin": [8.0095, 5.5, 7.86118]},
			"faces": {
				"north": {"uv": [0, 0, 9.875, 10.9375], "texture": "#1"},
				"east": {"uv": [0, 3.125, 1.5, 3.8125], "texture": "#0"},
				"south": {"uv": [0, 0, 10, 10.9375], "texture": "#1"},
				"west": {"uv": [1.5, 3.125, 3, 3.8125], "texture": "#0"},
				"up": {"uv": [2.25, 1.5, 1.625, 0], "texture": "#0"},
				"down": {"uv": [5.125, 0, 4.5, 1.5], "texture": "#0"}
			}
		},
		{
			"from": [5.5155, 4.75, 1.86118],
			"to": [10.5006, 10, 13.84664],
			"rotation": {"angle": -22.5, "axis": "y", "origin": [7.9905, 5.5, 7.86118]},
			"faces": {
				"north": {"uv": [10, 0, 0, 10.9875], "texture": "#1"},
				"east": {"uv": [3, 3.125, 4.5, 3.8125], "texture": "#0"},
				"south": {"uv": [9.875, 0, 0, 10.9375], "texture": "#1"},
				"west": {"uv": [0, 3.875, 1.5, 4.5625], "texture": "#0"},
				"up": {"uv": [5.125, 4.375, 4.5, 2.875], "texture": "#0"},
				"down": {"uv": [3.625, 4.5, 3, 6], "texture": "#0"}
			}
		},
		{
			"from": [1.9905, 4.75, 5.38618],
			"to": [13.9905, 10, 10.36101],
			"rotation": {"angle": 22.5, "axis": "y", "origin": [7.9905, 5.5, 7.86118]},
			"faces": {
				"north": {"uv": [1.5, 3.875, 3, 4.5625], "texture": "#0"},
				"east": {"uv": [7.125, 7, 7.75, 7.6875], "texture": "#0"},
				"south": {"uv": [3.875, 1.5, 5.375, 2.1875], "texture": "#0"},
				"west": {"uv": [0, 7.25, 0.625, 7.9375], "texture": "#0"},
				"up": {"uv": [5.125, 5.125, 3.625, 4.5], "texture": "#0"},
				"down": {"uv": [1.5, 4.625, 0, 5.25], "texture": "#0"}
			}
		},
		{
			"from": [1.3905, 3.025, 5.10118],
			"to": [14.5905, 4.775, 10.54618],
			"rotation": {"angle": -22.5, "axis": "y", "origin": [7.9905, 1.6, 7.82368]},
			"faces": {
				"north": {"uv": [0.625, 7.25, 2.25, 7.5], "texture": "#0"},
				"east": {"uv": [8.625, 2.875, 9.3125, 3.125], "texture": "#0"},
				"south": {"uv": [7.25, 0.75, 8.875, 1], "texture": "#0"},
				"west": {"uv": [8.625, 3.125, 9.3125, 3.375], "texture": "#0"},
				"up": {"uv": [3.875, 2.3125, 2.25, 1.625], "texture": "#0"},
				"down": {"uv": [3.875, 2.375, 2.25, 3.0625], "texture": "#0"}
			}
		},
		{
			"from": [5.268, 3.025, 1.22368],
			"to": [10.713, 4.775, 14.42368],
			"rotation": {"angle": 22.5, "axis": "y", "origin": [7.9905, 1.6, 7.82368]},
			"faces": {
				"north": {"uv": [8.375, 8.5, 9.0625, 8.75], "texture": "#0"},
				"east": {"uv": [7.25, 0.25, 8.875, 0.5], "texture": "#0"},
				"south": {"uv": [8.625, 2.625, 9.3125, 2.875], "texture": "#0"},
				"west": {"uv": [7.25, 0.5, 8.875, 0.75], "texture": "#0"},
				"up": {"uv": [2.1875, 3.125, 1.5, 1.5], "texture": "#0"},
				"down": {"uv": [2.9375, 0, 2.25, 1.625], "texture": "#0"}
			}
		},
		{
			"from": [5.268, 3.025, 1.22368],
			"to": [10.713, 4.775, 14.42368],
			"rotation": {"angle": -22.5, "axis": "y", "origin": [7.9905, 1.6, 7.82368]},
			"faces": {
				"north": {"uv": [8.5, 5.625, 9.1875, 5.875], "texture": "#0"},
				"east": {"uv": [7, 6.25, 8.625, 6.5], "texture": "#0"},
				"south": {"uv": [6.375, 8.5, 7.0625, 8.75], "texture": "#0"},
				"west": {"uv": [7.25, 0, 8.875, 0.25], "texture": "#0"},
				"up": {"uv": [0.6875, 3.125, 0, 1.5], "texture": "#0"},
				"down": {"uv": [1.4375, 1.5, 0.75, 3.125], "texture": "#0"}
			}
		},
		{
			"from": [1.3905, 3.025, 5.10118],
			"to": [14.5905, 4.775, 10.54618],
			"rotation": {"angle": 22.5, "axis": "y", "origin": [7.9905, 1.6, 7.82368]},
			"faces": {
				"north": {"uv": [6.875, 2, 8.5, 2.25], "texture": "#0"},
				"east": {"uv": [8.5, 1.75, 9.1875, 2], "texture": "#0"},
				"south": {"uv": [7, 6, 8.625, 6.25], "texture": "#0"},
				"west": {"uv": [8.5, 2, 9.1875, 2.25], "texture": "#0"},
				"up": {"uv": [1.625, 0.6875, 0, 0], "texture": "#0"},
				"down": {"uv": [1.625, 0.75, 0, 1.4375], "texture": "#0"}
			}
		},
		{
			"from": [2.72, 1.78, 5.822],
			"to": [13.28, 3.18, 10.178],
			"rotation": {"angle": 22.5, "axis": "y", "origin": [8, 0.64, 8]},
			"faces": {
				"north": {"uv": [8.5, 1.25, 9.8125, 1.4375], "texture": "#0"},
				"east": {"uv": [7.625, 8.875, 8.1875, 9.0625], "texture": "#0"},
				"south": {"uv": [8.5, 1.5, 9.8125, 1.6875], "texture": "#0"},
				"west": {"uv": [8.875, 8.75, 9.4375, 8.9375], "texture": "#0"},
				"up": {"uv": [5.5625, 6.4375, 4.25, 5.875], "texture": "#0"},
				"down": {"uv": [6.9375, 5.875, 5.625, 6.4375], "texture": "#0"}
			}
		},
		{
			"from": [5.822, 1.77, 2.72],
			"to": [10.178, 3.17, 13.28],
			"rotation": {"angle": -22.5, "axis": "y", "origin": [8, 0.64, 8]},
			"faces": {
				"north": {"uv": [8.875, 6.625, 9.4375, 6.8125], "texture": "#0"},
				"east": {"uv": [8.375, 8.25, 9.6875, 8.4375], "texture": "#0"},
				"south": {"uv": [8.875, 6.875, 9.4375, 7.0625], "texture": "#0"},
				"west": {"uv": [8.5, 1, 9.8125, 1.1875], "texture": "#0"},
				"up": {"uv": [1.1875, 7.1875, 0.625, 5.875], "texture": "#0"},
				"down": {"uv": [4.1875, 5.875, 3.625, 7.1875], "texture": "#0"}
			}
		},
		{
			"from": [5.822, 1.78, 2.72],
			"to": [10.178, 3.18, 13.28],
			"rotation": {"angle": 22.5, "axis": "y", "origin": [8, 0.64, 8]},
			"faces": {
				"north": {"uv": [8.875, 6.125, 9.4375, 6.3125], "texture": "#0"},
				"east": {"uv": [8.25, 7.75, 9.5625, 7.9375], "texture": "#0"},
				"south": {"uv": [8.875, 6.375, 9.4375, 6.5625], "texture": "#0"},
				"west": {"uv": [8.375, 8, 9.6875, 8.1875], "texture": "#0"},
				"up": {"uv": [5.9375, 2.8125, 5.375, 1.5], "texture": "#0"},
				"down": {"uv": [0.5625, 5.875, 0, 7.1875], "texture": "#0"}
			}
		},
		{
			"from": [2.72, 1.77, 5.822],
			"to": [13.28, 3.17, 10.178],
			"rotation": {"angle": -22.5, "axis": "y", "origin": [8, 0.64, 8]},
			"faces": {
				"north": {"uv": [8.25, 7.25, 9.5625, 7.4375], "texture": "#0"},
				"east": {"uv": [8.875, 0.75, 9.4375, 0.9375], "texture": "#0"},
				"south": {"uv": [8.25, 7.5, 9.5625, 7.6875], "texture": "#0"},
				"west": {"uv": [8.875, 5.875, 9.4375, 6.0625], "texture": "#0"},
				"up": {"uv": [1.3125, 5.8125, 0, 5.25], "texture": "#0"},
				"down": {"uv": [2.6875, 5.375, 1.375, 5.9375], "texture": "#0"}
			}
		},
		{
			"from": [3.1905, 10, 5.95618],
			"to": [12.78468, 15.25, 9.93022],
			"rotation": {"angle": 22.5, "axis": "y", "origin": [7.9905, 12.1, 7.93618]},
			"faces": {
				"north": {"uv": [5.125, 4.375, 6.3125, 5.0625], "texture": "#0"},
				"east": {"uv": [7.125, 7.75, 7.625, 8.4375], "texture": "#0"},
				"south": {"uv": [4.875, 5.125, 6.0625, 5.8125], "texture": "#0"},
				"west": {"uv": [7.75, 7.25, 8.25, 7.9375], "texture": "#0"},
				"up": {"uv": [2.4375, 7.25, 1.25, 6.75], "texture": "#0"},
				"down": {"uv": [8.0625, 1.5, 6.875, 2], "texture": "#0"}
			}
		},
		{
			"from": [3.1905, 10, 5.95618],
			"to": [12.7905, 15.25, 9.91618],
			"rotation": {"angle": -22.5, "axis": "y", "origin": [7.9905, 12.1, 7.93618]},
			"faces": {
				"north": {"uv": [3.625, 5.125, 4.8125, 5.8125], "texture": "#0"},
				"east": {"uv": [7.75, 6.5, 8.25, 7.1875], "texture": "#0"},
				"south": {"uv": [5.125, 3.625, 6.3125, 4.3125], "texture": "#0"},
				"west": {"uv": [6.625, 7.75, 7.125, 8.4375], "texture": "#0"},
				"up": {"uv": [6.4375, 7, 5.25, 6.5], "texture": "#0"},
				"down": {"uv": [7.6875, 6.5, 6.5, 7], "texture": "#0"}
			}
		},
		{
			"from": [5.99762, 10, 3.13618],
			"to": [9.9857, 15.25, 12.72455],
			"rotation": {"angle": 22.5, "axis": "y", "origin": [8.0057, 12.1, 7.93618]},
			"faces": {
				"north": {"uv": [0, 0, 9.875, 10.9375], "texture": "#1"},
				"east": {"uv": [5.125, 0.75, 6.3125, 1.4375], "texture": "#0"},
				"south": {"uv": [0, 0, 9.875, 10.9375], "texture": "#1"},
				"west": {"uv": [5.125, 2.875, 6.3125, 3.5625], "texture": "#0"},
				"up": {"uv": [4.75, 7.6875, 4.25, 6.5], "texture": "#0"},
				"down": {"uv": [5.25, 6.5, 4.75, 7.6875], "texture": "#0"}
			}
		},
		{
			"from": [6.0105, 10, 3.13618],
			"to": [9.9705, 15.25, 12.73618],
			"rotation": {"angle": -22.5, "axis": "y", "origin": [7.9905, 12.1, 7.93618]},
			"faces": {
				"north": {"uv": [9.875, 0, 0, 10.9375], "texture": "#1"},
				"east": {"uv": [1.5, 4.625, 2.6875, 5.3125], "texture": "#0"},
				"south": {"uv": [9.875, 0, 0, 10.9375], "texture": "#1"},
				"west": {"uv": [5.125, 0, 6.3125, 0.6875], "texture": "#0"},
				"up": {"uv": [3.5, 7.1875, 3, 6], "texture": "#0"},
				"down": {"uv": [6.875, 3.75, 6.375, 4.9375], "texture": "#0"}
			}
		},
		{
			"from": [6.5055, 15.25, 4.41118],
			"to": [9.4755, 20.5, 11.61118],
			"rotation": {"angle": -22.5, "axis": "y", "origin": [7.9905, 17.1625, 8.01118]},
			"faces": {
				"north": {"uv": [9.875, 0, 0, 10.8125], "texture": "#1"},
				"east": {"uv": [6.375, 2.25, 7.25, 2.9375], "texture": "#0"},
				"south": {"uv": [9.875, 0, 0, 10.8125], "texture": "#1"},
				"west": {"uv": [6.375, 3, 7.25, 3.6875], "texture": "#0"},
				"up": {"uv": [3.75, 8.75, 3.375, 7.875], "texture": "#0"},
				"down": {"uv": [4.125, 7.875, 3.75, 8.75], "texture": "#0"}
			}
		},
		{
			"from": [6.49584, 15.25, 4.41118],
			"to": [9.4869, 20.5, 11.60246],
			"rotation": {"angle": 22.5, "axis": "y", "origin": [8.0019, 17.1625, 8.01118]},
			"faces": {
				"north": {"uv": [0, 0, 9.875, 10.8125], "texture": "#1"},
				"east": {"uv": [6.375, 0, 7.25, 0.6875], "texture": "#0"},
				"south": {"uv": [0, 0, 9.875, 10.8125], "texture": "#1"},
				"west": {"uv": [6.375, 0.75, 7.25, 1.4375], "texture": "#0"},
				"up": {"uv": [8.25, 3.5, 7.875, 2.625], "texture": "#0"},
				"down": {"uv": [3.375, 7.875, 3, 8.75], "texture": "#0"}
			}
		},
		{
			"from": [4.3905, 15.25, 6.52618],
			"to": [11.5905, 20.5, 9.49618],
			"rotation": {"angle": -22.5, "axis": "y", "origin": [7.9905, 17.1625, 8.01118]},
			"faces": {
				"north": {"uv": [2.125, 6, 3, 6.6875], "texture": "#0"},
				"east": {"uv": [2.5, 8.25, 2.875, 8.9375], "texture": "#0"},
				"south": {"uv": [6.125, 5.125, 7, 5.8125], "texture": "#0"},
				"west": {"uv": [8.25, 2.625, 8.625, 3.3125], "texture": "#0"},
				"up": {"uv": [3, 8.25, 2.125, 7.875], "texture": "#0"},
				"down": {"uv": [8.75, 2.25, 7.875, 2.625], "texture": "#0"}
			}
		},
		{
			"from": [4.3905, 15.25, 6.52618],
			"to": [11.58614, 20.5, 9.50671],
			"rotation": {"angle": 22.5, "axis": "y", "origin": [7.9905, 17.1625, 8.01118]},
			"faces": {
				"north": {"uv": [1.25, 6, 2.125, 6.6875], "texture": "#0"},
				"east": {"uv": [1.5, 8.125, 1.875, 8.8125], "texture": "#0"},
				"south": {"uv": [6, 1.5, 6.875, 2.1875], "texture": "#0"},
				"west": {"uv": [2.125, 8.25, 2.5, 8.9375], "texture": "#0"},
				"up": {"uv": [8.125, 1.375, 7.25, 1], "texture": "#0"},
				"down": {"uv": [8.5, 5.625, 7.625, 6], "texture": "#0"}
			}
		},
		{
			"from": [5.4705, 20.5, 7.03918],
			"to": [10.50745, 25.25, 9.12556],
			"rotation": {"angle": 22.5, "axis": "y", "origin": [7.9905, 21.16375, 8.07868]},
			"faces": {
				"north": {"uv": [1.25, 7.5, 1.875, 8.125], "texture": "#0"},
				"east": {"uv": [3.125, 8.75, 3.375, 9.375], "texture": "#0"},
				"south": {"uv": [7.5, 3.5, 8.125, 4.125], "texture": "#0"},
				"west": {"uv": [3.375, 8.75, 3.625, 9.375], "texture": "#0"},
				"up": {"uv": [9.375, 2.5, 8.75, 2.25], "texture": "#0"},
				"down": {"uv": [7, 8.75, 6.375, 9], "texture": "#0"}
			}
		},
		{
			"from": [5.4705, 20.5, 7.03918],
			"to": [10.5105, 25.25, 9.11818],
			"rotation": {"angle": -22.5, "axis": "y", "origin": [7.9905, 21.16375, 8.07868]},
			"faces": {
				"north": {"uv": [3.5, 7.25, 4.125, 7.875], "texture": "#0"},
				"east": {"uv": [8.625, 6.5, 8.875, 7.125], "texture": "#0"},
				"south": {"uv": [0.625, 7.5, 1.25, 8.125], "texture": "#0"},
				"west": {"uv": [2.875, 8.75, 3.125, 9.375], "texture": "#0"},
				"up": {"uv": [4.5, 3.125, 3.875, 2.875], "texture": "#0"},
				"down": {"uv": [9.25, 5.25, 8.625, 5.5], "texture": "#0"}
			}
		},
		{
			"from": [6.94424, 20.5, 5.55868],
			"to": [9.03798, 25.25, 10.59258],
			"rotation": {"angle": 22.5, "axis": "y", "origin": [7.99848, 21.16375, 8.07868]},
			"faces": {
				"north": {"uv": [0, 0, 9.875, 10.75], "texture": "#1"},
				"east": {"uv": [2.875, 7.25, 3.5, 7.875], "texture": "#0"},
				"south": {"uv": [0, 0, 9.875, 10.875], "texture": "#1"},
				"west": {"uv": [7.25, 2.875, 7.875, 3.5], "texture": "#0"},
				"up": {"uv": [8.875, 5.25, 8.625, 4.625], "texture": "#0"},
				"down": {"uv": [8.875, 5.875, 8.625, 6.5], "texture": "#0"}
			}
		},
		{
			"from": [6.951, 20.5, 5.55868],
			"to": [9.03, 25.25, 10.59868],
			"rotation": {"angle": -22.5, "axis": "y", "origin": [7.9905, 21.16375, 8.07868]},
			"faces": {
				"north": {"uv": [9.75, 0, 0, 10.875], "texture": "#1"},
				"east": {"uv": [2.25, 7.25, 2.875, 7.875], "texture": "#0"},
				"south": {"uv": [9.875, 0, 0, 10.875], "texture": "#1"},
				"west": {"uv": [7.25, 2.25, 7.875, 2.875], "texture": "#0"},
				"up": {"uv": [7.375, 9.125, 7.125, 8.5], "texture": "#0"},
				"down": {"uv": [7.625, 8.5, 7.375, 9.125], "texture": "#0"}
			}
		},
		{
			"from": [6.3525, 25.25, 7.45813],
			"to": [9.62652, 27.5, 8.81428],
			"rotation": {"angle": 22.5, "axis": "y", "origin": [7.9905, 25.68144, 8.13381]},
			"faces": {
				"north": {"uv": [8.875, 3.75, 9.3125, 4.0625], "texture": "#0"},
				"east": {"uv": [9.25, 4.5, 9.4375, 4.8125], "texture": "#0"},
				"south": {"uv": [8.875, 4.125, 9.3125, 4.4375], "texture": "#0"},
				"west": {"uv": [9.25, 4.875, 9.4375, 5.1875], "texture": "#0"},
				"up": {"uv": [9.3125, 9.1875, 8.875, 9], "texture": "#0"},
				"down": {"uv": [4.0625, 9.125, 3.625, 9.3125], "texture": "#0"}
			}
		},
		{
			"from": [6.3525, 25.25, 7.45813],
			"to": [9.62851, 27.5, 8.80949],
			"rotation": {"angle": -22.5, "axis": "y", "origin": [7.9905, 25.68144, 8.13381]},
			"faces": {
				"north": {"uv": [8.875, 0.375, 9.3125, 0.6875], "texture": "#0"},
				"east": {"uv": [4.125, 9.25, 4.3125, 9.5625], "texture": "#0"},
				"south": {"uv": [8.875, 3.375, 9.3125, 3.6875], "texture": "#0"},
				"west": {"uv": [4.375, 9.25, 4.5625, 9.5625], "texture": "#0"},
				"up": {"uv": [2.8125, 9.1875, 2.375, 9], "texture": "#0"},
				"down": {"uv": [6.8125, 9, 6.375, 9.1875], "texture": "#0"}
			}
		},
		{
			"from": [7.31043, 25.25, 6.49582],
			"to": [8.67137, 27.5, 9.76785],
			"rotation": {"angle": 22.5, "axis": "y", "origin": [7.99569, 25.68144, 8.13382]},
			"faces": {
				"north": {"uv": [0, 10.75, 9.875, 0], "texture": "#1"},
				"east": {"uv": [8.375, 8.75, 8.8125, 9.0625], "texture": "#0"},
				"south": {"uv": [0, 0, 10, 11], "texture": "#1"},
				"west": {"uv": [8.875, 0, 9.3125, 0.3125], "texture": "#0"},
				"up": {"uv": [2.0625, 9.4375, 1.875, 9], "texture": "#0"},
				"down": {"uv": [2.3125, 9, 2.125, 9.4375], "texture": "#0"}
			}
		},
		{
			"from": [7.31483, 25.25, 6.49581],
			"to": [8.66618, 27.5, 9.77181],
			"rotation": {"angle": -22.5, "axis": "y", "origin": [7.9905, 25.68144, 8.13381]},
			"faces": {
				"north": {"uv": [9.8125, 0, 0, 10.8125], "texture": "#1"},
				"east": {"uv": [2.5, 6.75, 2.9375, 7.0625], "texture": "#0"},
				"south": {"uv": [10, 0, 0, 11], "texture": "#1"},
				"west": {"uv": [3.625, 8.75, 4.0625, 9.0625], "texture": "#0"},
				"up": {"uv": [2.9375, 5.9375, 2.75, 5.5], "texture": "#0"},
				"down": {"uv": [1.3125, 9, 1.125, 9.4375], "texture": "#0"}
			}
		},
		{
			"from": [7.5851, 27.5, 7.19195],
			"to": [8.39591, 29, 9.15756],
			"rotation": {"angle": -22.5, "axis": "y", "origin": [7.9905, 27.30886, 8.17476]},
			"faces": {
				"north": {"uv": [10, 10.875, 0, 0], "texture": "#1"},
				"east": {"uv": [9.375, 0, 9.625, 0.1875], "texture": "#0"},
				"south": {"uv": [9.125, 0, 0, 10.5625], "texture": "#1"},
				"west": {"uv": [0.25, 9.375, 0.5, 9.5625], "texture": "#0"},
				"up": {"uv": [2.25, 7.75, 2.125, 7.5], "texture": "#0"},
				"down": {"uv": [4.25, 7.5, 4.125, 7.75], "texture": "#0"}
			}
		},
		{
			"from": [7.58246, 27.5, 7.19196],
			"to": [8.39903, 29, 9.15518],
			"rotation": {"angle": 22.5, "axis": "y", "origin": [7.99362, 27.30886, 8.17477]},
			"faces": {
				"north": {"uv": [0, 9, 1.5, 0], "texture": "#1"},
				"east": {"uv": [8.875, 9.25, 9.125, 9.4375], "texture": "#0"},
				"south": {"uv": [0, 0, 9.5, 10.6875], "texture": "#1"},
				"west": {"uv": [9.125, 9.25, 9.375, 9.4375], "texture": "#0"},
				"up": {"uv": [6.375, 2.875, 6.25, 2.625], "texture": "#0"},
				"down": {"uv": [4.25, 7.25, 4.125, 7.5], "texture": "#0"}
			}
		},
		{
			"from": [7.0077, 27.5, 7.76935],
			"to": [8.97331, 29, 8.58016],
			"rotation": {"angle": -22.5, "axis": "y", "origin": [7.9905, 27.30886, 8.17476]},
			"faces": {
				"north": {"uv": [6.375, 9.25, 6.625, 9.4375], "texture": "#0"},
				"east": {"uv": [7, 8.75, 7.125, 8.9375], "texture": "#0"},
				"south": {"uv": [6.625, 9.25, 6.875, 9.4375], "texture": "#0"},
				"west": {"uv": [8.25, 8.875, 8.375, 9.0625], "texture": "#0"},
				"up": {"uv": [7.75, 1.5, 7.5, 1.375], "texture": "#0"},
				"down": {"uv": [8, 1.375, 7.75, 1.5], "texture": "#0"}
			}
		},
		{
			"from": [7.0077, 27.5, 7.76935],
			"to": [8.97212, 29, 8.58305],
			"rotation": {"angle": 22.5, "axis": "y", "origin": [7.9905, 27.30886, 8.17476]},
			"faces": {
				"north": {"uv": [9.25, 5.25, 9.5, 5.4375], "texture": "#0"},
				"east": {"uv": [2.875, 8.25, 3, 8.4375], "texture": "#0"},
				"south": {"uv": [9.25, 5.5, 9.5, 5.6875], "texture": "#0"},
				"west": {"uv": [2.875, 8.5, 3, 8.6875], "texture": "#0"},
				"up": {"uv": [3.75, 1.625, 3.5, 1.5], "texture": "#0"},
				"down": {"uv": [7.5, 1.375, 7.25, 1.5], "texture": "#0"}
			}
		},
		{
			"from": [7, -9, 7],
			"to": [9, 3, 9],
			"rotation": {"angle": 0, "axis": "y", "origin": [1, 4, 7]},
			"faces": {
				"north": {"uv": [1.875, 7.5, 2.125, 9], "texture": "#0"},
				"east": {"uv": [7.625, 4.125, 7.875, 5.625], "texture": "#0"},
				"south": {"uv": [4.125, 7.75, 4.375, 9.25], "texture": "#0"},
				"west": {"uv": [4.375, 7.75, 4.625, 9.25], "texture": "#0"},
				"up": {"uv": [7.5, 3.75, 7.25, 3.5], "texture": "#0"},
				"down": {"uv": [9.375, 8.5, 9.125, 8.75], "texture": "#0"}
			}
		},
		{
			"from": [6.75, -12, 6.75],
			"to": [9.25, -9, 9.25],
			"rotation": {"angle": 0, "axis": "y", "origin": [0.95, 4, 6.75]},
			"faces": {
				"north": {"uv": [0, 8.875, 0.3125, 9.25], "texture": "#0"},
				"east": {"uv": [1.5, 8.875, 1.8125, 9.25], "texture": "#0"},
				"south": {"uv": [8.875, 4.5, 9.1875, 4.875], "texture": "#0"},
				"west": {"uv": [8.875, 4.875, 9.1875, 5.25], "texture": "#0"},
				"up": {"uv": [0.6875, 9.3125, 0.375, 9], "texture": "#0"},
				"down": {"uv": [1.0625, 9, 0.75, 9.3125], "texture": "#0"}
			}
		},
		{
			"from": [6.38478, -3.57926, 7],
			"to": [8.88478, 3.42074, 9],
			"rotation": {"angle": -22.5, "axis": "z", "origin": [7.88478, -4.07926, 8]},
			"faces": {
				"north": {"uv": [7.875, 4.125, 8.1875, 5], "texture": "#0"},
				"east": {"uv": [2.75, 4.625, 3, 5.5], "texture": "#0"},
				"south": {"uv": [0, 8, 0.3125, 8.875], "texture": "#0"},
				"west": {"uv": [4.625, 8.5, 4.875, 9.375], "texture": "#0"},
				"up": {"uv": [7.1875, 9.375, 6.875, 9.125], "texture": "#0"},
				"down": {"uv": [7.5625, 9.125, 7.25, 9.375], "texture": "#0"}
			}
		},
		{
			"from": [7.11522, -3.57926, 7],
			"to": [9.61522, 3.42074, 9],
			"rotation": {"angle": 22.5, "axis": "z", "origin": [8.11522, -4.07926, 8]},
			"faces": {
				"north": {"uv": [7.625, 8, 7.9375, 8.875], "texture": "#0"},
				"east": {"uv": [4.875, 8.5, 5.125, 9.375], "texture": "#0"},
				"south": {"uv": [8, 8, 8.3125, 8.875], "texture": "#0"},
				"west": {"uv": [5.125, 8.5, 5.375, 9.375], "texture": "#0"},
				"up": {"uv": [7.9375, 9.375, 7.625, 9.125], "texture": "#0"},
				"down": {"uv": [8.3125, 9.125, 8, 9.375], "texture": "#0"}
			}
		},
		{
			"from": [7, -3.57926, 7.11522],
			"to": [9, 3.42074, 9.61522],
			"rotation": {"angle": -22.5, "axis": "x", "origin": [8.2, -4.07926, 8.11522]},
			"faces": {
				"north": {"uv": [5.375, 8.5, 5.625, 9.375], "texture": "#0"},
				"east": {"uv": [0.375, 8.125, 0.6875, 9], "texture": "#0"},
				"south": {"uv": [5.625, 8.5, 5.875, 9.375], "texture": "#0"},
				"west": {"uv": [0.75, 8.125, 1.0625, 9], "texture": "#0"},
				"up": {"uv": [8.625, 9.4375, 8.375, 9.125], "texture": "#0"},
				"down": {"uv": [8.875, 9.125, 8.625, 9.4375], "texture": "#0"}
			}
		},
		{
			"from": [7, -3.57926, 6.38478],
			"to": [9, 3.42074, 8.88478],
			"rotation": {"angle": 22.5, "axis": "x", "origin": [8, -4.07926, 7.88478]},
			"faces": {
				"north": {"uv": [5.875, 8.5, 6.125, 9.375], "texture": "#0"},
				"east": {"uv": [8.125, 1, 8.4375, 1.875], "texture": "#0"},
				"south": {"uv": [6.125, 8.5, 6.375, 9.375], "texture": "#0"},
				"west": {"uv": [1.125, 8.125, 1.4375, 9], "texture": "#0"},
				"up": {"uv": [0.25, 9.5625, 0, 9.25], "texture": "#0"},
				"down": {"uv": [1.625, 9.25, 1.375, 9.5625], "texture": "#0"}
			}
		},
		{
			"from": [9.94522, 0.28826, 9.95],
			"to": [10.94522, 0.98826, 10.95],
			"rotation": {"angle": 0, "axis": "y", "origin": [8.00514, 19.55952, 8.45]},
			"faces": {
				"north": {"uv": [0.5, 8, 0.625, 8.0625], "texture": "#0"},
				"east": {"uv": [8, 1.375, 8.125, 1.4375], "texture": "#0"},
				"south": {"uv": [8.125, 1.875, 8.25, 1.9375], "texture": "#0"},
				"west": {"uv": [8.25, 1.875, 8.375, 1.9375], "texture": "#0"},
				"up": {"uv": [3.875, 1.625, 3.75, 1.5], "texture": "#0"},
				"down": {"uv": [5.125, 4.375, 5, 4.5], "texture": "#0"}
			}
		},
		{
			"from": [10.04522, -2.21174, 10.05],
			"to": [10.84523, -1.51174, 10.85],
			"rotation": {"angle": 0, "axis": "y", "origin": [8.00514, 19.55952, 8.45]},
			"faces": {
				"north": {"uv": [8.375, 1.875, 8.5, 1.9375], "texture": "#0"},
				"east": {"uv": [8.5, 5.875, 8.625, 5.9375], "texture": "#0"},
				"south": {"uv": [8.625, 5.5, 8.75, 5.5625], "texture": "#0"},
				"west": {"uv": [8.625, 7.125, 8.75, 7.1875], "texture": "#0"},
				"up": {"uv": [1.5, 5.375, 1.375, 5.25], "texture": "#0"},
				"down": {"uv": [1.375, 5.875, 1.25, 6], "texture": "#0"}
			}
		},
		{
			"from": [10.14523, -1.91174, 10.15],
			"to": [10.74522, 2.58826, 10.75],
			"rotation": {"angle": 0, "axis": "y", "origin": [8.40514, 19.55952, 8.25]},
			"faces": {
				"north": {"uv": [6.875, 4.5, 6.9375, 5.0625], "texture": "#0"},
				"east": {"uv": [8.125, 3.5, 8.1875, 4.0625], "texture": "#0"},
				"south": {"uv": [8.125, 5, 8.1875, 5.5625], "texture": "#0"},
				"west": {"uv": [0.75, 9.375, 0.8125, 9.9375], "texture": "#0"},
				"up": {"uv": [8.8125, 2.5625, 8.75, 2.5], "texture": "#0"},
				"down": {"uv": [8.8125, 5.5, 8.75, 5.5625], "texture": "#0"}
			}
		},
		{
			"from": [3.42157, -2.14038, 7.5],
			"to": [6.92157, -1.14038, 8.5],
			"rotation": {"angle": -22.5, "axis": "z", "origin": [6.37157, -1.64038, 8]},
			"faces": {
				"north": {"uv": [3, 1.5, 3.4375, 1.625], "texture": "#0"},
				"east": {"uv": [3.5, 7.125, 3.625, 7.25], "texture": "#0"},
				"south": {"uv": [4.5, 4.375, 4.9375, 4.5], "texture": "#0"},
				"west": {"uv": [7.5, 4.375, 7.625, 4.5], "texture": "#0"},
				"up": {"uv": [6.8125, 5.125, 6.375, 5], "texture": "#0"},
				"down": {"uv": [2.9375, 7.125, 2.5, 7.25], "texture": "#0"}
			}
		},
		{
			"from": [3.45478, -0.9734, 7.5],
			"to": [4.45477, 2.0266, 8.5],
			"rotation": {"angle": 0, "axis": "z", "origin": [3.95478, 1.2766, 8]},
			"faces": {
				"north": {"uv": [3.5, 6, 3.625, 6.375], "texture": "#0"},
				"east": {"uv": [6.25, 2.25, 6.375, 2.625], "texture": "#0"},
				"south": {"uv": [3.5, 6.375, 3.625, 6.75], "texture": "#0"},
				"west": {"uv": [3.5, 6.75, 3.625, 7.125], "texture": "#0"},
				"up": {"uv": [2.25, 7.875, 2.125, 7.75], "texture": "#0"},
				"down": {"uv": [0.5, 8, 0.375, 8.125], "texture": "#0"}
			}
		},
		{
			"from": [3.83382, 0.43632, 4.15],
			"to": [4.83382, 2.43632, 5.75],
			"rotation": {"angle": -45, "axis": "z", "origin": [4.75558, 0.1585, 4.95]},
			"faces": {
				"north": {"uv": [7.5, 4.125, 7.625, 4.375], "texture": "#0"},
				"east": {"uv": [9.375, 0.25, 9.5625, 0.5], "texture": "#0"},
				"south": {"uv": [7.625, 7.75, 7.75, 8], "texture": "#0"},
				"west": {"uv": [0.5, 9.375, 0.6875, 9.625], "texture": "#0"},
				"up": {"uv": [9.5, 2.3125, 9.375, 2.125], "texture": "#0"},
				"down": {"uv": [9.5, 2.375, 9.375, 2.5625], "texture": "#0"}
			}
		},
		{
			"from": [4.30025, -1.29328, 4.7],
			"to": [4.80025, 1.00672, 5.2],
			"rotation": {"angle": 0, "axis": "y", "origin": [4.75558, 0.1585, 4.95]},
			"faces": {
				"north": {"uv": [9.375, 2.625, 9.4375, 2.9375], "texture": "#0"},
				"east": {"uv": [2.875, 9.375, 2.9375, 9.6875], "texture": "#0"},
				"south": {"uv": [3, 9.375, 3.0625, 9.6875], "texture": "#0"},
				"west": {"uv": [9.375, 3, 9.4375, 3.3125], "texture": "#0"},
				"up": {"uv": [8.8125, 7.1875, 8.75, 7.125], "texture": "#0"},
				"down": {"uv": [8.9375, 2.5, 8.875, 2.5625], "texture": "#0"}
			}
		},
		{
			"from": [4.00024, -1.29328, 4.7],
			"to": [4.30025, -0.79328, 5.2],
			"rotation": {"angle": 0, "axis": "y", "origin": [4.75558, 0.1585, 4.95]},
			"faces": {
				"north": {"uv": [8.875, 5.5, 8.9375, 5.5625], "texture": "#0"},
				"east": {"uv": [8.875, 7.125, 8.9375, 7.1875], "texture": "#0"},
				"south": {"uv": [9, 2.5, 9.0625, 2.5625], "texture": "#0"},
				"west": {"uv": [9, 5.5, 9.0625, 5.5625], "texture": "#0"},
				"up": {"uv": [6.9375, 9.0625, 6.875, 9], "texture": "#0"},
				"down": {"uv": [7.0625, 9, 7, 9.0625], "texture": "#0"}
			}
		}
	],
	"gui_light": "front",
	"display": {
		"thirdperson_righthand": {
			"translation": [0, 12, 0.75]
		},
		"thirdperson_lefthand": {
			"translation": [0, 11.5, 0]
		},
		"firstperson_righthand": {
			"rotation": [25, -98, 0],
			"translation": [1.5, 2, 0],
			"scale": [0.35, 0.35, 0.35]
		},
		"firstperson_lefthand": {
			"rotation": [25, -98, 0],
			"translation": [1.5, 2, 0],
			"scale": [0.35, 0.35, 0.35]
		},
		"ground": {
			"rotation": [0, 0, 45],
			"translation": [0, 8.25, 0],
			"scale": [0.68, 0.68, 0.68]
		},
		"gui": {
			"rotation": [9, -26, -45],
			"scale": [0.51, 0.51, 0.51]
		},
		"fixed": {
			"rotation": [0, 0, 45]
		}
	}
}