{
	"credit": "Made with Blockbench",
	"texture_size": [128, 128],
	"textures": {
		"0": "item/custom/drill",
		"1": "item/custom/drill_drill",
		"particle": "item/custom/drill"
	},
	"elements": [
		{
			"from": [2, 4.75, 5.15],
			"to": [14.01028, 10, 10.11028],
			"rotation": {"angle": -22.5, "axis": "y", "origin": [8, 5.5, 7.625]},
			"faces": {
				"north": {"uv": [3, 0, 4.5, 0.6875], "texture": "#0"},
				"east": {"uv": [6.875, 3.75, 7.5, 4.4375], "texture": "#0"},
				"south": {"uv": [3, 0.75, 4.5, 1.4375], "texture": "#0"},
				"west": {"uv": [7, 4.5, 7.625, 5.1875], "texture": "#0"},
				"up": {"uv": [5.375, 2.875, 3.875, 2.25], "texture": "#0"},
				"down": {"uv": [4.5, 3.875, 3, 4.5], "texture": "#0"}
			}
		},
		{
			"from": [5.544, 4.75, 1.625],
			"to": [10.494, 10, 13.625],
			"rotation": {"angle": 22.5, "axis": "y", "origin": [8.019, 5.5, 7.625]},
			"faces": {
				"north": {"uv": [0, 0, 9.875, 10.9375], "texture": "#1"},
				"east": {"uv": [0, 3.125, 1.5, 3.8125], "texture": "#0"},
				"south": {"uv": [0, 0, 10, 10.9375], "texture": "#1"},
				"west": {"uv": [1.5, 3.125, 3, 3.8125], "texture": "#0"},
				"up": {"uv": [2.25, 1.5, 1.625, 0], "texture": "#0"},
				"down": {"uv": [5.125, 0, 4.5, 1.5], "texture": "#0"}
			}
		},
		{
			"from": [5.525, 4.75, 1.625],
			"to": [10.5101, 10, 13.61046],
			"rotation": {"angle": -22.5, "axis": "y", "origin": [8, 5.5, 7.625]},
			"faces": {
				"north": {"uv": [10, 0, 0, 10.9875], "texture": "#1"},
				"east": {"uv": [3, 3.125, 4.5, 3.8125], "texture": "#0"},
				"south": {"uv": [9.875, 0, 0, 10.9375], "texture": "#1"},
				"west": {"uv": [0, 3.875, 1.5, 4.5625], "texture": "#0"},
				"up": {"uv": [5.125, 4.375, 4.5, 2.875], "texture": "#0"},
				"down": {"uv": [3.625, 4.5, 3, 6], "texture": "#0"}
			}
		},
		{
			"from": [2, 4.75, 5.15],
			"to": [14, 10, 10.12482],
			"rotation": {"angle": 22.5, "axis": "y", "origin": [8, 5.5, 7.625]},
			"faces": {
				"north": {"uv": [1.5, 3.875, 3, 4.5625], "texture": "#0"},
				"east": {"uv": [7.125, 7, 7.75, 7.6875], "texture": "#0"},
				"south": {"uv": [3.875, 1.5, 5.375, 2.1875], "texture": "#0"},
				"west": {"uv": [0, 7.25, 0.625, 7.9375], "texture": "#0"},
				"up": {"uv": [5.125, 5.125, 3.625, 4.5], "texture": "#0"},
				"down": {"uv": [1.5, 4.625, 0, 5.25], "texture": "#0"}
			}
		},
		{
			"from": [1.4, 3.025, 4.865],
			"to": [14.6, 4.775, 10.31],
			"rotation": {"angle": -22.5, "axis": "y", "origin": [8, 1.6, 7.5875]},
			"faces": {
				"north": {"uv": [0.625, 7.25, 2.25, 7.5], "texture": "#0"},
				"east": {"uv": [8.625, 2.875, 9.3125, 3.125], "texture": "#0"},
				"south": {"uv": [7.25, 0.75, 8.875, 1], "texture": "#0"},
				"west": {"uv": [8.625, 3.125, 9.3125, 3.375], "texture": "#0"},
				"up": {"uv": [3.875, 2.3125, 2.25, 1.625], "texture": "#0"},
				"down": {"uv": [3.875, 2.375, 2.25, 3.0625], "texture": "#0"}
			}
		},
		{
			"from": [5.2775, 3.025, 0.9875],
			"to": [10.7225, 4.775, 14.1875],
			"rotation": {"angle": 22.5, "axis": "y", "origin": [8, 1.6, 7.5875]},
			"faces": {
				"north": {"uv": [8.375, 8.5, 9.0625, 8.75], "texture": "#0"},
				"east": {"uv": [7.25, 0.25, 8.875, 0.5], "texture": "#0"},
				"south": {"uv": [8.625, 2.625, 9.3125, 2.875], "texture": "#0"},
				"west": {"uv": [7.25, 0.5, 8.875, 0.75], "texture": "#0"},
				"up": {"uv": [2.1875, 3.125, 1.5, 1.5], "texture": "#0"},
				"down": {"uv": [2.9375, 0, 2.25, 1.625], "texture": "#0"}
			}
		},
		{
			"from": [5.2775, 3.025, 0.9875],
			"to": [10.7225, 4.775, 14.1875],
			"rotation": {"angle": -22.5, "axis": "y", "origin": [8, 1.6, 7.5875]},
			"faces": {
				"north": {"uv": [8.5, 5.625, 9.1875, 5.875], "texture": "#0"},
				"east": {"uv": [7, 6.25, 8.625, 6.5], "texture": "#0"},
				"south": {"uv": [6.375, 8.5, 7.0625, 8.75], "texture": "#0"},
				"west": {"uv": [7.25, 0, 8.875, 0.25], "texture": "#0"},
				"up": {"uv": [0.6875, 3.125, 0, 1.5], "texture": "#0"},
				"down": {"uv": [1.4375, 1.5, 0.75, 3.125], "texture": "#0"}
			}
		},
		{
			"from": [1.4, 3.025, 4.865],
			"to": [14.6, 4.775, 10.31],
			"rotation": {"angle": 22.5, "axis": "y", "origin": [8, 1.6, 7.5875]},
			"faces": {
				"north": {"uv": [6.875, 2, 8.5, 2.25], "texture": "#0"},
				"east": {"uv": [8.5, 1.75, 9.1875, 2], "texture": "#0"},
				"south": {"uv": [7, 6, 8.625, 6.25], "texture": "#0"},
				"west": {"uv": [8.5, 2, 9.1875, 2.25], "texture": "#0"},
				"up": {"uv": [1.625, 0.6875, 0, 0], "texture": "#0"},
				"down": {"uv": [1.625, 0.75, 0, 1.4375], "texture": "#0"}
			}
		},
		{
			"from": [2.72, 1.78, 5.492],
			"to": [13.28, 3.18, 9.848],
			"rotation": {"angle": 22.5, "axis": "y", "origin": [8, 0.64, 7.67]},
			"faces": {
				"north": {"uv": [8.5, 1.25, 9.8125, 1.4375], "texture": "#0"},
				"east": {"uv": [7.625, 8.875, 8.1875, 9.0625], "texture": "#0"},
				"south": {"uv": [8.5, 1.5, 9.8125, 1.6875], "texture": "#0"},
				"west": {"uv": [8.875, 8.75, 9.4375, 8.9375], "texture": "#0"},
				"up": {"uv": [5.5625, 6.4375, 4.25, 5.875], "texture": "#0"},
				"down": {"uv": [6.9375, 5.875, 5.625, 6.4375], "texture": "#0"}
			}
		},
		{
			"from": [5.822, 1.77, 2.39],
			"to": [10.178, 3.17, 12.95],
			"rotation": {"angle": -22.5, "axis": "y", "origin": [8, 0.64, 7.67]},
			"faces": {
				"north": {"uv": [8.875, 6.625, 9.4375, 6.8125], "texture": "#0"},
				"east": {"uv": [8.375, 8.25, 9.6875, 8.4375], "texture": "#0"},
				"south": {"uv": [8.875, 6.875, 9.4375, 7.0625], "texture": "#0"},
				"west": {"uv": [8.5, 1, 9.8125, 1.1875], "texture": "#0"},
				"up": {"uv": [1.1875, 7.1875, 0.625, 5.875], "texture": "#0"},
				"down": {"uv": [4.1875, 5.875, 3.625, 7.1875], "texture": "#0"}
			}
		},
		{
			"from": [5.822, 1.78, 2.39],
			"to": [10.178, 3.18, 12.95],
			"rotation": {"angle": 22.5, "axis": "y", "origin": [8, 0.64, 7.67]},
			"faces": {
				"north": {"uv": [8.875, 6.125, 9.4375, 6.3125], "texture": "#0"},
				"east": {"uv": [8.25, 7.75, 9.5625, 7.9375], "texture": "#0"},
				"south": {"uv": [8.875, 6.375, 9.4375, 6.5625], "texture": "#0"},
				"west": {"uv": [8.375, 8, 9.6875, 8.1875], "texture": "#0"},
				"up": {"uv": [5.9375, 2.8125, 5.375, 1.5], "texture": "#0"},
				"down": {"uv": [0.5625, 5.875, 0, 7.1875], "texture": "#0"}
			}
		},
		{
			"from": [2.72, 1.77, 5.492],
			"to": [13.28, 3.17, 9.848],
			"rotation": {"angle": -22.5, "axis": "y", "origin": [8, 0.64, 7.67]},
			"faces": {
				"north": {"uv": [8.25, 7.25, 9.5625, 7.4375], "texture": "#0"},
				"east": {"uv": [8.875, 0.75, 9.4375, 0.9375], "texture": "#0"},
				"south": {"uv": [8.25, 7.5, 9.5625, 7.6875], "texture": "#0"},
				"west": {"uv": [8.875, 5.875, 9.4375, 6.0625], "texture": "#0"},
				"up": {"uv": [1.3125, 5.8125, 0, 5.25], "texture": "#0"},
				"down": {"uv": [2.6875, 5.375, 1.375, 5.9375], "texture": "#0"}
			}
		},
		{
			"from": [3.2, 10, 5.72],
			"to": [12.79418, 15.25, 9.69404],
			"rotation": {"angle": 22.5, "axis": "y", "origin": [8, 12.1, 7.7]},
			"faces": {
				"north": {"uv": [5.125, 4.375, 6.3125, 5.0625], "texture": "#0"},
				"east": {"uv": [7.125, 7.75, 7.625, 8.4375], "texture": "#0"},
				"south": {"uv": [4.875, 5.125, 6.0625, 5.8125], "texture": "#0"},
				"west": {"uv": [7.75, 7.25, 8.25, 7.9375], "texture": "#0"},
				"up": {"uv": [2.4375, 7.25, 1.25, 6.75], "texture": "#0"},
				"down": {"uv": [8.0625, 1.5, 6.875, 2], "texture": "#0"}
			}
		},
		{
			"from": [3.2, 10, 5.72],
			"to": [12.8, 15.25, 9.68],
			"rotation": {"angle": -22.5, "axis": "y", "origin": [8, 12.1, 7.7]},
			"faces": {
				"north": {"uv": [3.625, 5.125, 4.8125, 5.8125], "texture": "#0"},
				"east": {"uv": [7.75, 6.5, 8.25, 7.1875], "texture": "#0"},
				"south": {"uv": [5.125, 3.625, 6.3125, 4.3125], "texture": "#0"},
				"west": {"uv": [6.625, 7.75, 7.125, 8.4375], "texture": "#0"},
				"up": {"uv": [6.4375, 7, 5.25, 6.5], "texture": "#0"},
				"down": {"uv": [7.6875, 6.5, 6.5, 7], "texture": "#0"}
			}
		},
		{
			"from": [6.00712, 10, 2.9],
			"to": [9.9952, 15.25, 12.48837],
			"rotation": {"angle": 22.5, "axis": "y", "origin": [8.0152, 12.1, 7.7]},
			"faces": {
				"north": {"uv": [0, 0, 9.875, 10.9375], "texture": "#1"},
				"east": {"uv": [5.125, 0.75, 6.3125, 1.4375], "texture": "#0"},
				"south": {"uv": [0, 0, 9.875, 10.9375], "texture": "#1"},
				"west": {"uv": [5.125, 2.875, 6.3125, 3.5625], "texture": "#0"},
				"up": {"uv": [4.75, 7.6875, 4.25, 6.5], "texture": "#0"},
				"down": {"uv": [5.25, 6.5, 4.75, 7.6875], "texture": "#0"}
			}
		},
		{
			"from": [6.02, 10, 2.9],
			"to": [9.98, 15.25, 12.5],
			"rotation": {"angle": -22.5, "axis": "y", "origin": [8, 12.1, 7.7]},
			"faces": {
				"north": {"uv": [9.875, 0, 0, 10.9375], "texture": "#1"},
				"east": {"uv": [1.5, 4.625, 2.6875, 5.3125], "texture": "#0"},
				"south": {"uv": [9.875, 0, 0, 10.9375], "texture": "#1"},
				"west": {"uv": [5.125, 0, 6.3125, 0.6875], "texture": "#0"},
				"up": {"uv": [3.5, 7.1875, 3, 6], "texture": "#0"},
				"down": {"uv": [6.875, 3.75, 6.375, 4.9375], "texture": "#0"}
			}
		},
		{
			"from": [6.515, 15.25, 4.175],
			"to": [9.485, 20.5, 11.375],
			"rotation": {"angle": -22.5, "axis": "y", "origin": [8, 17.1625, 7.775]},
			"faces": {
				"north": {"uv": [9.875, 0, 0, 10.8125], "texture": "#1"},
				"east": {"uv": [6.375, 2.25, 7.25, 2.9375], "texture": "#0"},
				"south": {"uv": [9.875, 0, 0, 10.8125], "texture": "#1"},
				"west": {"uv": [6.375, 3, 7.25, 3.6875], "texture": "#0"},
				"up": {"uv": [3.75, 8.75, 3.375, 7.875], "texture": "#0"},
				"down": {"uv": [4.125, 7.875, 3.75, 8.75], "texture": "#0"}
			}
		},
		{
			"from": [6.50534, 15.25, 4.175],
			"to": [9.4964, 20.5, 11.36628],
			"rotation": {"angle": 22.5, "axis": "y", "origin": [8.0114, 17.1625, 7.775]},
			"faces": {
				"north": {"uv": [0, 0, 9.875, 10.8125], "texture": "#1"},
				"east": {"uv": [6.375, 0, 7.25, 0.6875], "texture": "#0"},
				"south": {"uv": [0, 0, 9.875, 10.8125], "texture": "#1"},
				"west": {"uv": [6.375, 0.75, 7.25, 1.4375], "texture": "#0"},
				"up": {"uv": [8.25, 3.5, 7.875, 2.625], "texture": "#0"},
				"down": {"uv": [3.375, 7.875, 3, 8.75], "texture": "#0"}
			}
		},
		{
			"from": [4.4, 15.25, 6.29],
			"to": [11.6, 20.5, 9.26],
			"rotation": {"angle": -22.5, "axis": "y", "origin": [8, 17.1625, 7.775]},
			"faces": {
				"north": {"uv": [2.125, 6, 3, 6.6875], "texture": "#0"},
				"east": {"uv": [2.5, 8.25, 2.875, 8.9375], "texture": "#0"},
				"south": {"uv": [6.125, 5.125, 7, 5.8125], "texture": "#0"},
				"west": {"uv": [8.25, 2.625, 8.625, 3.3125], "texture": "#0"},
				"up": {"uv": [3, 8.25, 2.125, 7.875], "texture": "#0"},
				"down": {"uv": [8.75, 2.25, 7.875, 2.625], "texture": "#0"}
			}
		},
		{
			"from": [4.4, 15.25, 6.29],
			"to": [11.59564, 20.5, 9.27053],
			"rotation": {"angle": 22.5, "axis": "y", "origin": [8, 17.1625, 7.775]},
			"faces": {
				"north": {"uv": [1.25, 6, 2.125, 6.6875], "texture": "#0"},
				"east": {"uv": [1.5, 8.125, 1.875, 8.8125], "texture": "#0"},
				"south": {"uv": [6, 1.5, 6.875, 2.1875], "texture": "#0"},
				"west": {"uv": [2.125, 8.25, 2.5, 8.9375], "texture": "#0"},
				"up": {"uv": [8.125, 1.375, 7.25, 1], "texture": "#0"},
				"down": {"uv": [8.5, 5.625, 7.625, 6], "texture": "#0"}
			}
		},
		{
			"from": [5.48, 20.5, 6.803],
			"to": [10.51695, 25.25, 8.88937],
			"rotation": {"angle": 22.5, "axis": "y", "origin": [8, 21.16375, 7.8425]},
			"faces": {
				"north": {"uv": [1.25, 7.5, 1.875, 8.125], "texture": "#0"},
				"east": {"uv": [3.125, 8.75, 3.375, 9.375], "texture": "#0"},
				"south": {"uv": [7.5, 3.5, 8.125, 4.125], "texture": "#0"},
				"west": {"uv": [3.375, 8.75, 3.625, 9.375], "texture": "#0"},
				"up": {"uv": [9.375, 2.5, 8.75, 2.25], "texture": "#0"},
				"down": {"uv": [7, 8.75, 6.375, 9], "texture": "#0"}
			}
		},
		{
			"from": [5.48, 20.5, 6.803],
			"to": [10.52, 25.25, 8.882],
			"rotation": {"angle": -22.5, "axis": "y", "origin": [8, 21.16375, 7.8425]},
			"faces": {
				"north": {"uv": [3.5, 7.25, 4.125, 7.875], "texture": "#0"},
				"east": {"uv": [8.625, 6.5, 8.875, 7.125], "texture": "#0"},
				"south": {"uv": [0.625, 7.5, 1.25, 8.125], "texture": "#0"},
				"west": {"uv": [2.875, 8.75, 3.125, 9.375], "texture": "#0"},
				"up": {"uv": [4.5, 3.125, 3.875, 2.875], "texture": "#0"},
				"down": {"uv": [9.25, 5.25, 8.625, 5.5], "texture": "#0"}
			}
		},
		{
			"from": [6.95374, 20.5, 5.3225],
			"to": [9.04748, 25.25, 10.35639],
			"rotation": {"angle": 22.5, "axis": "y", "origin": [8.00798, 21.16375, 7.8425]},
			"faces": {
				"north": {"uv": [0, 0, 9.875, 10.75], "texture": "#1"},
				"east": {"uv": [2.875, 7.25, 3.5, 7.875], "texture": "#0"},
				"south": {"uv": [0, 0, 9.875, 10.875], "texture": "#1"},
				"west": {"uv": [7.25, 2.875, 7.875, 3.5], "texture": "#0"},
				"up": {"uv": [8.875, 5.25, 8.625, 4.625], "texture": "#0"},
				"down": {"uv": [8.875, 5.875, 8.625, 6.5], "texture": "#0"}
			}
		},
		{
			"from": [6.9605, 20.5, 5.3225],
			"to": [9.0395, 25.25, 10.3625],
			"rotation": {"angle": -22.5, "axis": "y", "origin": [8, 21.16375, 7.8425]},
			"faces": {
				"north": {"uv": [9.75, 0, 0, 10.875], "texture": "#1"},
				"east": {"uv": [2.25, 7.25, 2.875, 7.875], "texture": "#0"},
				"south": {"uv": [9.875, 0, 0, 10.875], "texture": "#1"},
				"west": {"uv": [7.25, 2.25, 7.875, 2.875], "texture": "#0"},
				"up": {"uv": [7.375, 9.125, 7.125, 8.5], "texture": "#0"},
				"down": {"uv": [7.625, 8.5, 7.375, 9.125], "texture": "#0"}
			}
		},
		{
			"from": [6.362, 25.25, 7.22195],
			"to": [9.63602, 27.5, 8.5781],
			"rotation": {"angle": 22.5, "axis": "y", "origin": [8, 25.68144, 7.89763]},
			"faces": {
				"north": {"uv": [8.875, 3.75, 9.3125, 4.0625], "texture": "#0"},
				"east": {"uv": [9.25, 4.5, 9.4375, 4.8125], "texture": "#0"},
				"south": {"uv": [8.875, 4.125, 9.3125, 4.4375], "texture": "#0"},
				"west": {"uv": [9.25, 4.875, 9.4375, 5.1875], "texture": "#0"},
				"up": {"uv": [9.3125, 9.1875, 8.875, 9], "texture": "#0"},
				"down": {"uv": [4.0625, 9.125, 3.625, 9.3125], "texture": "#0"}
			}
		},
		{
			"from": [6.362, 25.25, 7.22195],
			"to": [9.638, 27.5, 8.5733],
			"rotation": {"angle": -22.5, "axis": "y", "origin": [8, 25.68144, 7.89763]},
			"faces": {
				"north": {"uv": [8.875, 0.375, 9.3125, 0.6875], "texture": "#0"},
				"east": {"uv": [4.125, 9.25, 4.3125, 9.5625], "texture": "#0"},
				"south": {"uv": [8.875, 3.375, 9.3125, 3.6875], "texture": "#0"},
				"west": {"uv": [4.375, 9.25, 4.5625, 9.5625], "texture": "#0"},
				"up": {"uv": [2.8125, 9.1875, 2.375, 9], "texture": "#0"},
				"down": {"uv": [6.8125, 9, 6.375, 9.1875], "texture": "#0"}
			}
		},
		{
			"from": [7.31993, 25.25, 6.25963],
			"to": [8.68087, 27.5, 9.53166],
			"rotation": {"angle": 22.5, "axis": "y", "origin": [8.00519, 25.68144, 7.89763]},
			"faces": {
				"north": {"uv": [0, 10.75, 9.875, 0], "texture": "#1"},
				"east": {"uv": [8.375, 8.75, 8.8125, 9.0625], "texture": "#0"},
				"south": {"uv": [0, 0, 10, 11], "texture": "#1"},
				"west": {"uv": [8.875, 0, 9.3125, 0.3125], "texture": "#0"},
				"up": {"uv": [2.0625, 9.4375, 1.875, 9], "texture": "#0"},
				"down": {"uv": [2.3125, 9, 2.125, 9.4375], "texture": "#0"}
			}
		},
		{
			"from": [7.32433, 25.25, 6.25963],
			"to": [8.67568, 27.5, 9.53563],
			"rotation": {"angle": -22.5, "axis": "y", "origin": [8, 25.68144, 7.89763]},
			"faces": {
				"north": {"uv": [9.8125, 0, 0, 10.8125], "texture": "#1"},
				"east": {"uv": [2.5, 6.75, 2.9375, 7.0625], "texture": "#0"},
				"south": {"uv": [10, 0, 0, 11], "texture": "#1"},
				"west": {"uv": [3.625, 8.75, 4.0625, 9.0625], "texture": "#0"},
				"up": {"uv": [2.9375, 5.9375, 2.75, 5.5], "texture": "#0"},
				"down": {"uv": [1.3125, 9, 1.125, 9.4375], "texture": "#0"}
			}
		},
		{
			"from": [7.5946, 27.5, 6.95577],
			"to": [8.40541, 29, 8.92138],
			"rotation": {"angle": -22.5, "axis": "y", "origin": [8, 27.30886, 7.93858]},
			"faces": {
				"north": {"uv": [10, 10.875, 0, 0], "texture": "#1"},
				"east": {"uv": [9.375, 0, 9.625, 0.1875], "texture": "#0"},
				"south": {"uv": [9.125, 0, 0, 10.5625], "texture": "#1"},
				"west": {"uv": [0.25, 9.375, 0.5, 9.5625], "texture": "#0"},
				"up": {"uv": [2.25, 7.75, 2.125, 7.5], "texture": "#0"},
				"down": {"uv": [4.25, 7.5, 4.125, 7.75], "texture": "#0"}
			}
		},
		{
			"from": [7.59196, 27.5, 6.95577],
			"to": [8.40853, 29, 8.919],
			"rotation": {"angle": 22.5, "axis": "y", "origin": [8.00312, 27.30886, 7.93858]},
			"faces": {
				"north": {"uv": [0, 9, 1.5, 0], "texture": "#1"},
				"east": {"uv": [8.875, 9.25, 9.125, 9.4375], "texture": "#0"},
				"south": {"uv": [0, 0, 9.5, 10.6875], "texture": "#1"},
				"west": {"uv": [9.125, 9.25, 9.375, 9.4375], "texture": "#0"},
				"up": {"uv": [6.375, 2.875, 6.25, 2.625], "texture": "#0"},
				"down": {"uv": [4.25, 7.25, 4.125, 7.5], "texture": "#0"}
			}
		},
		{
			"from": [7.0172, 27.5, 7.53317],
			"to": [8.98281, 29, 8.34398],
			"rotation": {"angle": -22.5, "axis": "y", "origin": [8, 27.30886, 7.93858]},
			"faces": {
				"north": {"uv": [6.375, 9.25, 6.625, 9.4375], "texture": "#0"},
				"east": {"uv": [7, 8.75, 7.125, 8.9375], "texture": "#0"},
				"south": {"uv": [6.625, 9.25, 6.875, 9.4375], "texture": "#0"},
				"west": {"uv": [8.25, 8.875, 8.375, 9.0625], "texture": "#0"},
				"up": {"uv": [7.75, 1.5, 7.5, 1.375], "texture": "#0"},
				"down": {"uv": [8, 1.375, 7.75, 1.5], "texture": "#0"}
			}
		},
		{
			"from": [7.0172, 27.5, 7.53317],
			"to": [8.98162, 29, 8.34686],
			"rotation": {"angle": 22.5, "axis": "y", "origin": [8, 27.30886, 7.93858]},
			"faces": {
				"north": {"uv": [9.25, 5.25, 9.5, 5.4375], "texture": "#0"},
				"east": {"uv": [2.875, 8.25, 3, 8.4375], "texture": "#0"},
				"south": {"uv": [9.25, 5.5, 9.5, 5.6875], "texture": "#0"},
				"west": {"uv": [2.875, 8.5, 3, 8.6875], "texture": "#0"},
				"up": {"uv": [3.75, 1.625, 3.5, 1.5], "texture": "#0"},
				"down": {"uv": [7.5, 1.375, 7.25, 1.5], "texture": "#0"}
			}
		},
		{
			"from": [7, -9, 7],
			"to": [9, 3, 9],
			"rotation": {"angle": 0, "axis": "y", "origin": [1, 4, 7]},
			"faces": {
				"north": {"uv": [1.875, 7.5, 2.125, 9], "texture": "#0"},
				"east": {"uv": [7.625, 4.125, 7.875, 5.625], "texture": "#0"},
				"south": {"uv": [4.125, 7.75, 4.375, 9.25], "texture": "#0"},
				"west": {"uv": [4.375, 7.75, 4.625, 9.25], "texture": "#0"},
				"up": {"uv": [7.5, 3.75, 7.25, 3.5], "texture": "#0"},
				"down": {"uv": [9.375, 8.5, 9.125, 8.75], "texture": "#0"}
			}
		},
		{
			"from": [6.75, -12, 6.75],
			"to": [9.25, -9, 9.25],
			"rotation": {"angle": 0, "axis": "y", "origin": [0.95, 4, 6.75]},
			"faces": {
				"north": {"uv": [0, 8.875, 0.3125, 9.25], "texture": "#0"},
				"east": {"uv": [1.5, 8.875, 1.8125, 9.25], "texture": "#0"},
				"south": {"uv": [8.875, 4.5, 9.1875, 4.875], "texture": "#0"},
				"west": {"uv": [8.875, 4.875, 9.1875, 5.25], "texture": "#0"},
				"up": {"uv": [0.6875, 9.3125, 0.375, 9], "texture": "#0"},
				"down": {"uv": [1.0625, 9, 0.75, 9.3125], "texture": "#0"}
			}
		},
		{
			"from": [6.38478, -3.57926, 7],
			"to": [8.88478, 3.42074, 9],
			"rotation": {"angle": -22.5, "axis": "z", "origin": [7.88478, -4.07926, 8]},
			"faces": {
				"north": {"uv": [7.875, 4.125, 8.1875, 5], "texture": "#0"},
				"east": {"uv": [2.75, 4.625, 3, 5.5], "texture": "#0"},
				"south": {"uv": [0, 8, 0.3125, 8.875], "texture": "#0"},
				"west": {"uv": [4.625, 8.5, 4.875, 9.375], "texture": "#0"},
				"up": {"uv": [7.1875, 9.375, 6.875, 9.125], "texture": "#0"},
				"down": {"uv": [7.5625, 9.125, 7.25, 9.375], "texture": "#0"}
			}
		},
		{
			"from": [7.11522, -3.57926, 7],
			"to": [9.61522, 3.42074, 9],
			"rotation": {"angle": 22.5, "axis": "z", "origin": [8.11522, -4.07926, 8]},
			"faces": {
				"north": {"uv": [7.625, 8, 7.9375, 8.875], "texture": "#0"},
				"east": {"uv": [4.875, 8.5, 5.125, 9.375], "texture": "#0"},
				"south": {"uv": [8, 8, 8.3125, 8.875], "texture": "#0"},
				"west": {"uv": [5.125, 8.5, 5.375, 9.375], "texture": "#0"},
				"up": {"uv": [7.9375, 9.375, 7.625, 9.125], "texture": "#0"},
				"down": {"uv": [8.3125, 9.125, 8, 9.375], "texture": "#0"}
			}
		},
		{
			"from": [7, -3.57926, 7.11522],
			"to": [9, 3.42074, 9.61522],
			"rotation": {"angle": -22.5, "axis": "x", "origin": [8.2, -4.07926, 8.11522]},
			"faces": {
				"north": {"uv": [5.375, 8.5, 5.625, 9.375], "texture": "#0"},
				"east": {"uv": [0.375, 8.125, 0.6875, 9], "texture": "#0"},
				"south": {"uv": [5.625, 8.5, 5.875, 9.375], "texture": "#0"},
				"west": {"uv": [0.75, 8.125, 1.0625, 9], "texture": "#0"},
				"up": {"uv": [8.625, 9.4375, 8.375, 9.125], "texture": "#0"},
				"down": {"uv": [8.875, 9.125, 8.625, 9.4375], "texture": "#0"}
			}
		},
		{
			"from": [7, -3.57926, 6.38478],
			"to": [9, 3.42074, 8.88478],
			"rotation": {"angle": 22.5, "axis": "x", "origin": [8, -4.07926, 7.88478]},
			"faces": {
				"north": {"uv": [5.875, 8.5, 6.125, 9.375], "texture": "#0"},
				"east": {"uv": [8.125, 1, 8.4375, 1.875], "texture": "#0"},
				"south": {"uv": [6.125, 8.5, 6.375, 9.375], "texture": "#0"},
				"west": {"uv": [1.125, 8.125, 1.4375, 9], "texture": "#0"},
				"up": {"uv": [0.25, 9.5625, 0, 9.25], "texture": "#0"},
				"down": {"uv": [1.625, 9.25, 1.375, 9.5625], "texture": "#0"}
			}
		},
		{
			"from": [11.2, 0.28826, 10.5],
			"to": [12.2, 0.98826, 11.5],
			"rotation": {"angle": 0, "axis": "y", "origin": [9.25992, 19.55952, 9]},
			"faces": {
				"north": {"uv": [0.5, 8, 0.625, 8.0625], "texture": "#0"},
				"east": {"uv": [8, 1.375, 8.125, 1.4375], "texture": "#0"},
				"south": {"uv": [8.125, 1.875, 8.25, 1.9375], "texture": "#0"},
				"west": {"uv": [8.25, 1.875, 8.375, 1.9375], "texture": "#0"},
				"up": {"uv": [3.875, 1.625, 3.75, 1.5], "texture": "#0"},
				"down": {"uv": [5.125, 4.375, 5, 4.5], "texture": "#0"}
			}
		},
		{
			"from": [11.3, -2.21174, 10.6],
			"to": [12.1, -1.51174, 11.4],
			"rotation": {"angle": 0, "axis": "y", "origin": [9.25992, 19.55952, 9]},
			"faces": {
				"north": {"uv": [8.375, 1.875, 8.5, 1.9375], "texture": "#0"},
				"east": {"uv": [8.5, 5.875, 8.625, 5.9375], "texture": "#0"},
				"south": {"uv": [8.625, 5.5, 8.75, 5.5625], "texture": "#0"},
				"west": {"uv": [8.625, 7.125, 8.75, 7.1875], "texture": "#0"},
				"up": {"uv": [1.5, 5.375, 1.375, 5.25], "texture": "#0"},
				"down": {"uv": [1.375, 5.875, 1.25, 6], "texture": "#0"}
			}
		},
		{
			"from": [11.4, -1.91174, 10.7],
			"to": [12, 2.58826, 11.3],
			"rotation": {"angle": 0, "axis": "y", "origin": [9.65992, 19.55952, 8.8]},
			"faces": {
				"north": {"uv": [6.875, 4.5, 6.9375, 5.0625], "texture": "#0"},
				"east": {"uv": [8.125, 3.5, 8.1875, 4.0625], "texture": "#0"},
				"south": {"uv": [8.125, 5, 8.1875, 5.5625], "texture": "#0"},
				"west": {"uv": [0.75, 9.375, 0.8125, 9.9375], "texture": "#0"},
				"up": {"uv": [8.8125, 2.5625, 8.75, 2.5], "texture": "#0"},
				"down": {"uv": [8.8125, 5.5, 8.75, 5.5625], "texture": "#0"}
			}
		},
		{
			"from": [3.07634, -2.14038, 7.5],
			"to": [6.57634, -1.14038, 8.5],
			"rotation": {"angle": -22.5, "axis": "z", "origin": [6.02634, -1.64038, 8]},
			"faces": {
				"north": {"uv": [3, 1.5, 3.4375, 1.625], "texture": "#0"},
				"east": {"uv": [3.5, 7.125, 3.625, 7.25], "texture": "#0"},
				"south": {"uv": [4.5, 4.375, 4.9375, 4.5], "texture": "#0"},
				"west": {"uv": [7.5, 4.375, 7.625, 4.5], "texture": "#0"},
				"up": {"uv": [6.8125, 5.125, 6.375, 5], "texture": "#0"},
				"down": {"uv": [2.9375, 7.125, 2.5, 7.25], "texture": "#0"}
			}
		},
		{
			"from": [3.10955, -0.9734, 7.5],
			"to": [4.10955, 2.0266, 8.5],
			"rotation": {"angle": 0, "axis": "z", "origin": [3.60955, 1.2766, 8]},
			"faces": {
				"north": {"uv": [3.5, 6, 3.625, 6.375], "texture": "#0"},
				"east": {"uv": [6.25, 2.25, 6.375, 2.625], "texture": "#0"},
				"south": {"uv": [3.5, 6.375, 3.625, 6.75], "texture": "#0"},
				"west": {"uv": [3.5, 6.75, 3.625, 7.125], "texture": "#0"},
				"up": {"uv": [2.25, 7.875, 2.125, 7.75], "texture": "#0"},
				"down": {"uv": [0.5, 8, 0.375, 8.125], "texture": "#0"}
			}
		},
		{
			"from": [3.48859, 0.43632, 4.1],
			"to": [4.48859, 2.43632, 5.7],
			"rotation": {"angle": -45, "axis": "z", "origin": [4.41035, 0.1585, 4.9]},
			"faces": {
				"north": {"uv": [7.5, 4.125, 7.625, 4.375], "texture": "#0"},
				"east": {"uv": [9.375, 0.25, 9.5625, 0.5], "texture": "#0"},
				"south": {"uv": [7.625, 7.75, 7.75, 8], "texture": "#0"},
				"west": {"uv": [0.5, 9.375, 0.6875, 9.625], "texture": "#0"},
				"up": {"uv": [9.5, 2.3125, 9.375, 2.125], "texture": "#0"},
				"down": {"uv": [9.5, 2.375, 9.375, 2.5625], "texture": "#0"}
			}
		},
		{
			"from": [3.95502, -1.29328, 4.65],
			"to": [4.45502, 1.00672, 5.15],
			"rotation": {"angle": 0, "axis": "y", "origin": [4.41035, 0.1585, 4.9]},
			"faces": {
				"north": {"uv": [9.375, 2.625, 9.4375, 2.9375], "texture": "#0"},
				"east": {"uv": [2.875, 9.375, 2.9375, 9.6875], "texture": "#0"},
				"south": {"uv": [3, 9.375, 3.0625, 9.6875], "texture": "#0"},
				"west": {"uv": [9.375, 3, 9.4375, 3.3125], "texture": "#0"},
				"up": {"uv": [8.8125, 7.1875, 8.75, 7.125], "texture": "#0"},
				"down": {"uv": [8.9375, 2.5, 8.875, 2.5625], "texture": "#0"}
			}
		},
		{
			"from": [3.65502, -1.29328, 4.65],
			"to": [3.95502, -0.79328, 5.15],
			"rotation": {"angle": 0, "axis": "y", "origin": [4.41035, 0.1585, 4.9]},
			"faces": {
				"north": {"uv": [8.875, 5.5, 8.9375, 5.5625], "texture": "#0"},
				"east": {"uv": [8.875, 7.125, 8.9375, 7.1875], "texture": "#0"},
				"south": {"uv": [9, 2.5, 9.0625, 2.5625], "texture": "#0"},
				"west": {"uv": [9, 5.5, 9.0625, 5.5625], "texture": "#0"},
				"up": {"uv": [6.9375, 9.0625, 6.875, 9], "texture": "#0"},
				"down": {"uv": [7.0625, 9, 7, 9.0625], "texture": "#0"}
			}
		}
	],
	"gui_light": "front",
	"display": {
		"thirdperson_righthand": {
			"translation": [0, 11.5, 0]
		},
		"thirdperson_lefthand": {
			"translation": [0, 11.5, 0]
		},
		"firstperson_righthand": {
			"rotation": [25, -98, 0],
			"translation": [0, 2.5, 0],
			"scale": [0.43, 0.43, 0.43]
		},
		"firstperson_lefthand": {
			"rotation": [25, 98, 0],
			"translation": [0, 2.5, 0],
			"scale": [0.43, 0.43, 0.43]
		},
		"ground": {
			"rotation": [0, 0, 45],
			"translation": [0, 8.25, 0],
			"scale": [0.68, 0.68, 0.68]
		},
		"gui": {
			"rotation": [9, -26, -45],
			"scale": [0.51, 0.51, 0.51]
		},
		"fixed": {
			"rotation": [0, 0, 45]
		}
	}
}