{
	"credit": "Made with Blockbench",
	"texture_size": [32, 32],
	"textures": {
		"0": "block/custom/duckcookie",
		"particle": "block/custom/duckcookie"
	},
	"elements": [
		{
			"from": [12, 5, 7],
			"to": [13, 10, 24],
			"faces": {
				"north": {"uv": [0.5, 12, 1, 14.5], "texture": "#0"},
				"east": {"uv": [0, 0, 8.5, 2.5], "texture": "#0"},
				"south": {"uv": [0, 12, 0.5, 14.5], "texture": "#0"},
				"west": {"uv": [0, 2.5, 8.5, 5], "texture": "#0"},
				"up": {"uv": [8.5, 7.5, 0, 7], "rotation": 90, "texture": "#0"},
				"down": {"uv": [8.5, 7.5, 0, 8], "rotation": 270, "texture": "#0"}
			}
		},
		{
			"from": [12, 10, 8],
			"to": [13, 11, 24],
			"faces": {
				"north": {"uv": [2.5, 12, 3, 12.5], "texture": "#0"},
				"east": {"uv": [0, 8, 8, 8.5], "texture": "#0"},
				"south": {"uv": [2, 12, 2.5, 12.5], "texture": "#0"},
				"west": {"uv": [8, 5, 16, 5.5], "texture": "#0"},
				"up": {"uv": [16, 6, 8, 5.5], "rotation": 90, "texture": "#0"},
				"down": {"uv": [16, 6, 8, 6.5], "rotation": 270, "texture": "#0"}
			}
		},
		{
			"from": [12, 11, 11],
			"to": [13, 12, 24],
			"faces": {
				"north": {"uv": [3.5, 12, 4, 12.5], "texture": "#0"},
				"east": {"uv": [8.5, 1.5, 15, 2], "texture": "#0"},
				"south": {"uv": [3, 12, 3.5, 12.5], "texture": "#0"},
				"west": {"uv": [8.5, 2, 15, 2.5], "texture": "#0"},
				"up": {"uv": [15, 3, 8.5, 2.5], "rotation": 90, "texture": "#0"},
				"down": {"uv": [15, 3, 8.5, 3.5], "rotation": 270, "texture": "#0"}
			}
		},
		{
			"from": [12, 12, 11],
			"to": [13, 13, 23],
			"faces": {
				"north": {"uv": [4.5, 12, 5, 12.5], "texture": "#0"},
				"east": {"uv": [8.5, 3.5, 14.5, 4], "texture": "#0"},
				"south": {"uv": [4, 12, 4.5, 12.5], "texture": "#0"},
				"west": {"uv": [8.5, 4, 14.5, 4.5], "texture": "#0"},
				"up": {"uv": [14.5, 5, 8.5, 4.5], "rotation": 90, "texture": "#0"},
				"down": {"uv": [13, 8.5, 7, 9], "rotation": 270, "texture": "#0"}
			}
		},
		{
			"from": [12, 13, 12],
			"to": [13, 14, 22],
			"faces": {
				"north": {"uv": [5.5, 12, 6, 12.5], "texture": "#0"},
				"east": {"uv": [0, 9.5, 5, 10], "texture": "#0"},
				"south": {"uv": [5, 12, 5.5, 12.5], "texture": "#0"},
				"west": {"uv": [5, 9.5, 10, 10], "texture": "#0"},
				"up": {"uv": [5, 10.5, 0, 10], "rotation": 90, "texture": "#0"},
				"down": {"uv": [10, 10, 5, 10.5], "rotation": 270, "texture": "#0"}
			}
		},
		{
			"from": [12, 14, 12],
			"to": [13, 15, 21],
			"faces": {
				"north": {"uv": [6.5, 12, 7, 12.5], "texture": "#0"},
				"east": {"uv": [10, 10.5, 14.5, 11], "texture": "#0"},
				"south": {"uv": [6, 12, 6.5, 12.5], "texture": "#0"},
				"west": {"uv": [0, 11, 4.5, 11.5], "texture": "#0"},
				"up": {"uv": [9, 11.5, 4.5, 11], "rotation": 90, "texture": "#0"},
				"down": {"uv": [13.5, 11, 9, 11.5], "rotation": 270, "texture": "#0"}
			}
		},
		{
			"from": [12, 15, 13],
			"to": [13, 16, 20],
			"faces": {
				"north": {"uv": [7.5, 12, 8, 12.5], "texture": "#0"},
				"east": {"uv": [0, 11.5, 3.5, 12], "texture": "#0"},
				"south": {"uv": [7, 12, 7.5, 12.5], "texture": "#0"},
				"west": {"uv": [3.5, 11.5, 7, 12], "texture": "#0"},
				"up": {"uv": [10.5, 12, 7, 11.5], "rotation": 90, "texture": "#0"},
				"down": {"uv": [14, 11.5, 10.5, 12], "rotation": 270, "texture": "#0"}
			}
		},
		{
			"from": [12, 2, 9],
			"to": [13, 3, 23],
			"faces": {
				"north": {"uv": [8.5, 12, 9, 12.5], "texture": "#0"},
				"east": {"uv": [0, 8.5, 7, 9], "texture": "#0"},
				"south": {"uv": [8, 12, 8.5, 12.5], "texture": "#0"},
				"west": {"uv": [8.5, 0, 15.5, 0.5], "texture": "#0"},
				"up": {"uv": [15.5, 1, 8.5, 0.5], "rotation": 90, "texture": "#0"},
				"down": {"uv": [15.5, 1, 8.5, 1.5], "rotation": 270, "texture": "#0"}
			}
		},
		{
			"from": [12, 1, 10],
			"to": [13, 2, 22],
			"faces": {
				"north": {"uv": [12, 9, 12.5, 9.5], "texture": "#0"},
				"east": {"uv": [8.5, 7, 14.5, 7.5], "texture": "#0"},
				"south": {"uv": [9, 12, 9.5, 12.5], "texture": "#0"},
				"west": {"uv": [8.5, 7.5, 14.5, 8], "texture": "#0"},
				"up": {"uv": [6, 9.5, 0, 9], "rotation": 90, "texture": "#0"},
				"down": {"uv": [12, 9, 6, 9.5], "rotation": 270, "texture": "#0"}
			}
		},
		{
			"from": [12, 0, 11],
			"to": [13, 1, 21],
			"faces": {
				"north": {"uv": [10, 12, 10.5, 12.5], "texture": "#0"},
				"east": {"uv": [10, 9.5, 15, 10], "texture": "#0"},
				"south": {"uv": [9.5, 12, 10, 12.5], "texture": "#0"},
				"west": {"uv": [10, 10, 15, 10.5], "texture": "#0"},
				"up": {"uv": [5, 11, 0, 10.5], "rotation": 90, "texture": "#0"},
				"down": {"uv": [10, 10.5, 5, 11], "rotation": 270, "texture": "#0"}
			}
		},
		{
			"from": [12, 3, 8],
			"to": [13, 5, 24],
			"faces": {
				"north": {"uv": [1.5, 12, 2, 13], "texture": "#0"},
				"east": {"uv": [0, 5, 8, 6], "texture": "#0"},
				"south": {"uv": [1, 12, 1.5, 13], "texture": "#0"},
				"west": {"uv": [0, 6, 8, 7], "texture": "#0"},
				"up": {"uv": [16, 7, 8, 6.5], "rotation": 90, "texture": "#0"},
				"down": {"uv": [16, 8, 8, 8.5], "rotation": 270, "texture": "#0"}
			}
		}
	],
	"gui_light": "front",
	"display": {
		"thirdperson_righthand": {
			"rotation": [0, 180, 0],
			"translation": [2, 0, 1.25],
			"scale": [0.4, 0.4, 0.4]
		},
		"thirdperson_lefthand": {
			"rotation": [0, 180, 0],
			"translation": [-1.5, 0, 1.25],
			"scale": [0.4, 0.4, 0.4]
		},
		"firstperson_righthand": {
			"rotation": [0, 180, 0],
			"translation": [2.75, 3, 4.25],
			"scale": [0.4, 0.4, 0.4]
		},
		"firstperson_lefthand": {
			"rotation": [0, 180, 0],
			"translation": [-1, 3, 4.25],
			"scale": [0.4, 0.4, 0.4]
		},
		"ground": {
			"translation": [-1.75, 0, -2.75],
			"scale": [0.4, 0.4, 0.4]
		},
		"gui": {
			"rotation": [0, 90, 0],
			"translation": [-7, 0, 0],
			"scale": [1, 1, 0.95]
		},
		"head": {
			"translation": [0, 0, -6.25]
		},
		"fixed": {
			"rotation": [0, -90, 0],
			"translation": [8, 0, -4]
		}
	}
}