{
	"credit": "Made with Blockbench",
	"texture_size": [32, 32],
	"textures": {
		"0": "block/custom/duckpickaxe",
		"particle": "block/custom/duckpickaxe"
	},
	"elements": [
		{
			"from": [1, 1, 7.5],
			"to": [3, 3, 8.5],
			"rotation": {"angle": 0, "axis": "y", "origin": [15, -1, 0]},
			"faces": {
				"north": {"uv": [5, 5.5, 6, 6.5], "texture": "#0"},
				"east": {"uv": [4.5, 8, 5, 9], "texture": "#0"},
				"south": {"uv": [0, 6, 1, 7], "texture": "#0"},
				"west": {"uv": [8, 4.5, 8.5, 5.5], "texture": "#0"},
				"up": {"uv": [3, 6.5, 2, 6], "texture": "#0"},
				"down": {"uv": [6, 8, 5, 8.5], "texture": "#0"}
			}
		},
		{
			"from": [11, 11, 7.5],
			"to": [13, 13, 8.5],
			"rotation": {"angle": 0, "axis": "y", "origin": [15, -1, 0]},
			"faces": {
				"north": {"uv": [6, 0, 7, 1], "texture": "#0"},
				"east": {"uv": [8, 5.5, 8.5, 6.5], "texture": "#0"},
				"south": {"uv": [1, 6, 2, 7], "texture": "#0"},
				"west": {"uv": [6, 8, 6.5, 9], "texture": "#0"},
				"up": {"uv": [7.5, 8.5, 6.5, 8], "texture": "#0"},
				"down": {"uv": [9, 6.5, 8, 7], "texture": "#0"}
			}
		},
		{
			"from": [3, 2, 7.5],
			"to": [4, 3, 8.5],
			"rotation": {"angle": 0, "axis": "y", "origin": [15, -1, 0]},
			"faces": {
				"north": {"uv": [1.5, 8.5, 2, 9], "texture": "#0"},
				"east": {"uv": [8.5, 1.5, 9, 2], "texture": "#0"},
				"south": {"uv": [2, 8.5, 2.5, 9], "texture": "#0"},
				"west": {"uv": [2.5, 8.5, 3, 9], "texture": "#0"},
				"up": {"uv": [3.5, 9, 3, 8.5], "texture": "#0"},
				"down": {"uv": [4, 8.5, 3.5, 9], "texture": "#0"}
			}
		},
		{
			"from": [2, 3, 7.5],
			"to": [5, 4, 8.5],
			"rotation": {"angle": 0, "axis": "y", "origin": [15, -1, 0]},
			"faces": {
				"north": {"uv": [6.5, 3, 8, 3.5], "texture": "#0"},
				"east": {"uv": [5, 8.5, 5.5, 9], "texture": "#0"},
				"south": {"uv": [3.5, 6.5, 5, 7], "texture": "#0"},
				"west": {"uv": [8.5, 5, 9, 5.5], "texture": "#0"},
				"up": {"uv": [8, 4, 6.5, 3.5], "texture": "#0"},
				"down": {"uv": [8, 4, 6.5, 4.5], "texture": "#0"}
			}
		},
		{
			"from": [3, 4, 7.5],
			"to": [6, 5, 8.5],
			"rotation": {"angle": 0, "axis": "y", "origin": [15, -1, 0]},
			"faces": {
				"north": {"uv": [5, 6.5, 6.5, 7], "texture": "#0"},
				"east": {"uv": [5.5, 8.5, 6, 9], "texture": "#0"},
				"south": {"uv": [6.5, 6.5, 8, 7], "texture": "#0"},
				"west": {"uv": [8.5, 5.5, 9, 6], "texture": "#0"},
				"up": {"uv": [1.5, 7.5, 0, 7], "texture": "#0"},
				"down": {"uv": [8.5, 0, 7, 0.5], "texture": "#0"}
			}
		},
		{
			"from": [4, 5, 7.5],
			"to": [7, 6, 8.5],
			"rotation": {"angle": 0, "axis": "y", "origin": [15, -1, 0]},
			"faces": {
				"north": {"uv": [7, 0.5, 8.5, 1], "texture": "#0"},
				"east": {"uv": [8.5, 6, 9, 6.5], "texture": "#0"},
				"south": {"uv": [7, 1, 8.5, 1.5], "texture": "#0"},
				"west": {"uv": [6.5, 8.5, 7, 9], "texture": "#0"},
				"up": {"uv": [3, 7.5, 1.5, 7], "texture": "#0"},
				"down": {"uv": [8.5, 1.5, 7, 2], "texture": "#0"}
			}
		},
		{
			"from": [5, 6, 7.5],
			"to": [8, 7, 8.5],
			"rotation": {"angle": 0, "axis": "y", "origin": [15, -1, 0]},
			"faces": {
				"north": {"uv": [3, 7, 4.5, 7.5], "texture": "#0"},
				"east": {"uv": [7, 8.5, 7.5, 9], "texture": "#0"},
				"south": {"uv": [4.5, 7, 6, 7.5], "texture": "#0"},
				"west": {"uv": [8.5, 8, 9, 8.5], "texture": "#0"},
				"up": {"uv": [7.5, 7.5, 6, 7], "texture": "#0"},
				"down": {"uv": [1.5, 7.5, 0, 8], "texture": "#0"}
			}
		},
		{
			"from": [6, 7, 7.5],
			"to": [9, 8, 8.5],
			"rotation": {"angle": 0, "axis": "y", "origin": [15, -1, 0]},
			"faces": {
				"north": {"uv": [1.5, 7.5, 3, 8], "texture": "#0"},
				"east": {"uv": [8.5, 8.5, 9, 9], "texture": "#0"},
				"south": {"uv": [3, 7.5, 4.5, 8], "texture": "#0"},
				"west": {"uv": [0, 9, 0.5, 9.5], "texture": "#0"},
				"up": {"uv": [6, 8, 4.5, 7.5], "texture": "#0"},
				"down": {"uv": [7.5, 7.5, 6, 8], "texture": "#0"}
			}
		},
		{
			"from": [7, 8, 7.5],
			"to": [10, 9, 8.5],
			"rotation": {"angle": 0, "axis": "y", "origin": [15, -1, 0]},
			"faces": {
				"north": {"uv": [7.5, 7, 9, 7.5], "texture": "#0"},
				"east": {"uv": [9, 0, 9.5, 0.5], "texture": "#0"},
				"south": {"uv": [7.5, 7.5, 9, 8], "texture": "#0"},
				"west": {"uv": [0.5, 9, 1, 9.5], "texture": "#0"},
				"up": {"uv": [1.5, 8.5, 0, 8], "texture": "#0"},
				"down": {"uv": [3, 8, 1.5, 8.5], "texture": "#0"}
			}
		},
		{
			"from": [8, 9, 7.5],
			"to": [11, 10, 8.5],
			"rotation": {"angle": 0, "axis": "y", "origin": [15, -1, 0]},
			"faces": {
				"north": {"uv": [8, 2, 9.5, 2.5], "texture": "#0"},
				"east": {"uv": [9, 0.5, 9.5, 1], "texture": "#0"},
				"south": {"uv": [8, 2.5, 9.5, 3], "texture": "#0"},
				"west": {"uv": [1, 9, 1.5, 9.5], "texture": "#0"},
				"up": {"uv": [4.5, 8.5, 3, 8], "texture": "#0"},
				"down": {"uv": [9.5, 3, 8, 3.5], "texture": "#0"}
			}
		},
		{
			"from": [11, 5, 7.5],
			"to": [14, 10, 8.5],
			"rotation": {"angle": 0, "axis": "y", "origin": [15, -1, 0]},
			"faces": {
				"north": {"uv": [0, 0, 1.5, 2.5], "texture": "#0"},
				"east": {"uv": [2, 3.5, 2.5, 6], "texture": "#0"},
				"south": {"uv": [1.5, 0, 3, 2.5], "texture": "#0"},
				"west": {"uv": [2.5, 3.5, 3, 6], "texture": "#0"},
				"up": {"uv": [9.5, 4, 8, 3.5], "texture": "#0"},
				"down": {"uv": [9.5, 4, 8, 4.5], "texture": "#0"}
			}
		},
		{
			"from": [12, 4, 7.5],
			"to": [13, 5, 8.5],
			"rotation": {"angle": 0, "axis": "y", "origin": [15, -1, 0]},
			"faces": {
				"north": {"uv": [9, 1, 9.5, 1.5], "texture": "#0"},
				"east": {"uv": [1.5, 9, 2, 9.5], "texture": "#0"},
				"south": {"uv": [9, 1.5, 9.5, 2], "texture": "#0"},
				"west": {"uv": [2, 9, 2.5, 9.5], "texture": "#0"},
				"up": {"uv": [3, 9.5, 2.5, 9], "texture": "#0"},
				"down": {"uv": [3.5, 9, 3, 9.5], "texture": "#0"}
			}
		},
		{
			"from": [9, 10, 7.5],
			"to": [13, 11, 8.5],
			"rotation": {"angle": 0, "axis": "y", "origin": [15, -1, 0]},
			"faces": {
				"north": {"uv": [6, 4.5, 8, 5], "texture": "#0"},
				"east": {"uv": [3.5, 9, 4, 9.5], "texture": "#0"},
				"south": {"uv": [6, 5, 8, 5.5], "texture": "#0"},
				"west": {"uv": [4, 9, 4.5, 9.5], "texture": "#0"},
				"up": {"uv": [8, 6, 6, 5.5], "texture": "#0"},
				"down": {"uv": [8, 6, 6, 6.5], "texture": "#0"}
			}
		},
		{
			"from": [5, 11, 7.5],
			"to": [11, 13, 8.5],
			"rotation": {"angle": 0, "axis": "y", "origin": [15, -1, 0]},
			"faces": {
				"north": {"uv": [0, 2.5, 3, 3.5], "texture": "#0"},
				"east": {"uv": [7.5, 8, 8, 9], "texture": "#0"},
				"south": {"uv": [3, 0, 6, 1], "texture": "#0"},
				"west": {"uv": [8, 8, 8.5, 9], "texture": "#0"},
				"up": {"uv": [7, 1.5, 4, 1], "texture": "#0"},
				"down": {"uv": [7, 1.5, 4, 2], "texture": "#0"}
			}
		},
		{
			"from": [5, 13, 7.5],
			"to": [10, 14, 8.5],
			"rotation": {"angle": 0, "axis": "y", "origin": [15, -1, 0]},
			"faces": {
				"north": {"uv": [4, 2, 6.5, 2.5], "texture": "#0"},
				"east": {"uv": [4.5, 9, 5, 9.5], "texture": "#0"},
				"south": {"uv": [4, 2.5, 6.5, 3], "texture": "#0"},
				"west": {"uv": [9, 4.5, 9.5, 5], "texture": "#0"},
				"up": {"uv": [5.5, 4.5, 3, 4], "texture": "#0"},
				"down": {"uv": [6.5, 3, 4, 3.5], "texture": "#0"}
			}
		},
		{
			"from": [4, 12, 7.5],
			"to": [5, 13, 8.5],
			"rotation": {"angle": 0, "axis": "y", "origin": [15, -1, 0]},
			"faces": {
				"north": {"uv": [5, 9, 5.5, 9.5], "texture": "#0"},
				"east": {"uv": [9, 5, 9.5, 5.5], "texture": "#0"},
				"south": {"uv": [5.5, 9, 6, 9.5], "texture": "#0"},
				"west": {"uv": [9, 5.5, 9.5, 6], "texture": "#0"},
				"up": {"uv": [6.5, 9.5, 6, 9], "texture": "#0"},
				"down": {"uv": [9.5, 6, 9, 6.5], "texture": "#0"}
			}
		},
		{
			"from": [17.6, -2.7, 7],
			"to": [19.6, 0.3, 9],
			"rotation": {"angle": 45, "axis": "z", "origin": [-1.4, -0.7, 0]},
			"faces": {
				"north": {"uv": [3, 1, 4, 2.5], "texture": "#0"},
				"east": {"uv": [3, 2.5, 4, 4], "texture": "#0"},
				"south": {"uv": [0, 3.5, 1, 5], "texture": "#0"},
				"west": {"uv": [1, 3.5, 2, 5], "texture": "#0"},
				"up": {"uv": [4, 5.5, 3, 4.5], "texture": "#0"},
				"down": {"uv": [5, 4.5, 4, 5.5], "texture": "#0"}
			}
		},
		{
			"from": [-3.4, 20.3, 7],
			"to": [-1.4, 22.3, 9],
			"rotation": {"angle": -45, "axis": "z", "origin": [-1.4, -0.7, 0]},
			"faces": {
				"north": {"uv": [0, 5, 1, 6], "texture": "#0"},
				"east": {"uv": [1, 5, 2, 6], "texture": "#0"},
				"south": {"uv": [5, 4.5, 6, 5.5], "texture": "#0"},
				"west": {"uv": [3, 5.5, 4, 6.5], "texture": "#0"},
				"up": {"uv": [6.5, 4.5, 5.5, 3.5], "texture": "#0"},
				"down": {"uv": [5, 5.5, 4, 6.5], "texture": "#0"}
			}
		},
		{
			"from": [-4.4, 20.3, 7.5],
			"to": [-3.4, 21.3, 8.5],
			"rotation": {"angle": -45, "axis": "z", "origin": [-1.4, -0.7, 0]},
			"faces": {
				"north": {"uv": [0, 8.5, 0.5, 9], "texture": "#0"},
				"east": {"uv": [8.5, 0, 9, 0.5], "texture": "#0"},
				"south": {"uv": [0.5, 8.5, 1, 9], "texture": "#0"},
				"west": {"uv": [8.5, 0.5, 9, 1], "texture": "#0"},
				"up": {"uv": [1.5, 9, 1, 8.5], "texture": "#0"},
				"down": {"uv": [9, 1, 8.5, 1.5], "texture": "#0"}
			}
		}
	],
	"gui_light": "front",
	"display": {
		"thirdperson_righthand": {
			"rotation": [-55, -90, 0],
			"translation": [0, 5, 0.5],
			"scale": [0.85, 0.85, 0.85]
		},
		"thirdperson_lefthand": {
			"rotation": [-55, 90, 0],
			"translation": [0, 5, 0.5],
			"scale": [0.85, 0.85, 0.85]
		},
		"firstperson_righthand": {
			"rotation": [-25, -90, 0],
			"translation": [1.13, 3.2, 1.13],
			"scale": [0.68, 0.68, 0.68]
		},
		"firstperson_lefthand": {
			"rotation": [-30, 90, 0],
			"translation": [0, 0, 0.25]
		},
		"ground": {
			"translation": [0, 5, 0]
		},
		"gui": {
			"translation": [1, 0, 0]
		},
		"fixed": {
			"rotation": [0, 180, 0]
		}
	}
}