{
	"credit": "Made with Blockbench",
	"texture_size": [32, 32],
	"textures": {
		"0": "block/custom/foxaxe",
		"particle": "block/custom/foxaxe"
	},
	"elements": [
		{
			"from": [1, 1, 7.5],
			"to": [3, 3, 8.5],
			"rotation": {"angle": 0, "axis": "y", "origin": [16, 0, 0]},
			"faces": {
				"north": {"uv": [3, 0.5, 4, 1.5], "texture": "#0"},
				"east": {"uv": [6, 6.5, 6.5, 7.5], "texture": "#0"},
				"south": {"uv": [3, 3, 4, 4], "texture": "#0"},
				"west": {"uv": [6.5, 6.5, 7, 7.5], "texture": "#0"},
				"up": {"uv": [3, 4, 2, 3.5], "texture": "#0"},
				"down": {"uv": [1, 7, 0, 7.5], "texture": "#0"}
			}
		},
		{
			"from": [6, 10, 7.5],
			"to": [12, 12, 8.5],
			"rotation": {"angle": 0, "axis": "y", "origin": [16, 0, 0]},
			"faces": {
				"north": {"uv": [0, 0, 3, 1], "texture": "#0"},
				"east": {"uv": [1, 7, 1.5, 8], "texture": "#0"},
				"south": {"uv": [0, 1, 3, 2], "texture": "#0"},
				"west": {"uv": [1.5, 7, 2, 8], "texture": "#0"},
				"up": {"uv": [3, 3.5, 0, 3], "texture": "#0"},
				"down": {"uv": [6, 0, 3, 0.5], "texture": "#0"}
			}
		},
		{
			"from": [10, 8, 7.5],
			"to": [14, 10, 8.5],
			"rotation": {"angle": 0, "axis": "y", "origin": [16, 0, 0]},
			"faces": {
				"north": {"uv": [0, 2, 2, 3], "texture": "#0"},
				"east": {"uv": [2, 7, 2.5, 8], "texture": "#0"},
				"south": {"uv": [2, 2, 4, 3], "texture": "#0"},
				"west": {"uv": [2.5, 7, 3, 8], "texture": "#0"},
				"up": {"uv": [5, 2, 3, 1.5], "texture": "#0"},
				"down": {"uv": [2, 3.5, 0, 4], "texture": "#0"}
			}
		},
		{
			"from": [6, 12, 7.5],
			"to": [10, 13, 8.5],
			"rotation": {"angle": 0, "axis": "y", "origin": [16, 0, 0]},
			"faces": {
				"north": {"uv": [0, 4, 2, 4.5], "texture": "#0"},
				"east": {"uv": [7, 4, 7.5, 4.5], "texture": "#0"},
				"south": {"uv": [4, 0.5, 6, 1], "texture": "#0"},
				"west": {"uv": [5, 7, 5.5, 7.5], "texture": "#0"},
				"up": {"uv": [6, 1.5, 4, 1], "texture": "#0"},
				"down": {"uv": [4, 4, 2, 4.5], "texture": "#0"}
			}
		},
		{
			"from": [7, 13, 7.5],
			"to": [11, 15, 8.5],
			"rotation": {"angle": 0, "axis": "y", "origin": [16, 0, 0]},
			"faces": {
				"north": {"uv": [4, 2, 6, 2.5], "texture": "#0"},
				"east": {"uv": [5.5, 7, 6, 7.5], "texture": "#0"},
				"south": {"uv": [4, 2.5, 6, 3], "texture": "#0"},
				"west": {"uv": [7, 6.5, 7.5, 7], "texture": "#0"},
				"up": {"uv": [6, 3.5, 4, 3], "texture": "#0"},
				"down": {"uv": [6, 3.5, 4, 4], "texture": "#0"}
			}
		},
		{
			"from": [8, 15, 7.5],
			"to": [10, 16, 8.5],
			"rotation": {"angle": 0, "axis": "y", "origin": [16, 0, 0]},
			"faces": {
				"north": {"uv": [4, 4, 5.5, 4.5], "texture": "#0"},
				"east": {"uv": [7, 7, 7.5, 7.5], "texture": "#0"},
				"south": {"uv": [0, 4.5, 1.5, 5], "texture": "#0"},
				"west": {"uv": [0, 7.5, 0.5, 8], "texture": "#0"},
				"up": {"uv": [3, 5, 1.5, 4.5], "texture": "#0"},
				"down": {"uv": [4.5, 4.5, 3, 5], "texture": "#0"}
			}
		},
		{
			"from": [10, 6, 7.5],
			"to": [11, 8, 8.5],
			"rotation": {"angle": 0, "axis": "y", "origin": [16, 0, 0]},
			"faces": {
				"north": {"uv": [3, 7, 3.5, 8], "texture": "#0"},
				"east": {"uv": [3.5, 7, 4, 8], "texture": "#0"},
				"south": {"uv": [4, 7, 4.5, 8], "texture": "#0"},
				"west": {"uv": [4.5, 7, 5, 8], "texture": "#0"},
				"up": {"uv": [8, 0.5, 7.5, 0], "texture": "#0"},
				"down": {"uv": [1, 7.5, 0.5, 8], "texture": "#0"}
			}
		},
		{
			"from": [11, 5, 7.5],
			"to": [12, 8, 8.5],
			"rotation": {"angle": 0, "axis": "y", "origin": [16, 0, 0]},
			"faces": {
				"north": {"uv": [4.5, 4.5, 5, 6], "texture": "#0"},
				"east": {"uv": [0, 5, 0.5, 6.5], "texture": "#0"},
				"south": {"uv": [0.5, 5, 1, 6.5], "texture": "#0"},
				"west": {"uv": [1, 5, 1.5, 6.5], "texture": "#0"},
				"up": {"uv": [8, 1, 7.5, 0.5], "texture": "#0"},
				"down": {"uv": [8, 1, 7.5, 1.5], "texture": "#0"}
			}
		},
		{
			"from": [14, 8, 7.5],
			"to": [15, 9, 8.5],
			"rotation": {"angle": 0, "axis": "y", "origin": [16, 0, 0]},
			"faces": {
				"north": {"uv": [7.5, 2, 8, 2.5], "texture": "#0"},
				"east": {"uv": [7.5, 2.5, 8, 3], "texture": "#0"},
				"south": {"uv": [7.5, 3, 8, 3.5], "texture": "#0"},
				"west": {"uv": [7.5, 3.5, 8, 4], "texture": "#0"},
				"up": {"uv": [8, 4.5, 7.5, 4], "texture": "#0"},
				"down": {"uv": [5.5, 7.5, 5, 8], "texture": "#0"}
			}
		},
		{
			"from": [13, 7, 7.5],
			"to": [14, 8, 8.5],
			"rotation": {"angle": 0, "axis": "y", "origin": [16, 0, 0]},
			"faces": {
				"north": {"uv": [7.5, 2, 8, 2.5], "texture": "#0"},
				"east": {"uv": [7.5, 2.5, 8, 3], "texture": "#0"},
				"south": {"uv": [7.5, 3, 8, 3.5], "texture": "#0"},
				"west": {"uv": [7.5, 3.5, 8, 4], "texture": "#0"},
				"up": {"uv": [8, 4.5, 7.5, 4], "texture": "#0"},
				"down": {"uv": [5.5, 7.5, 5, 8], "texture": "#0"}
			}
		},
		{
			"from": [12, 7, 7.5],
			"to": [13, 8, 8.5],
			"rotation": {"angle": 0, "axis": "y", "origin": [16, 0, 0]},
			"faces": {
				"north": {"uv": [5.5, 7.5, 6, 8], "texture": "#0"},
				"east": {"uv": [6, 7.5, 6.5, 8], "texture": "#0"},
				"south": {"uv": [7.5, 6, 8, 6.5], "texture": "#0"},
				"west": {"uv": [6.5, 7.5, 7, 8], "texture": "#0"},
				"up": {"uv": [8, 7, 7.5, 6.5], "texture": "#0"},
				"down": {"uv": [7.5, 7.5, 7, 8], "texture": "#0"}
			}
		},
		{
			"from": [10, 12, 7.5],
			"to": [11, 13, 8.5],
			"rotation": {"angle": 0, "axis": "y", "origin": [16, 0, 0]},
			"faces": {
				"north": {"uv": [5.5, 7.5, 6, 8], "texture": "#0"},
				"east": {"uv": [6, 7.5, 6.5, 8], "texture": "#0"},
				"south": {"uv": [7.5, 6, 8, 6.5], "texture": "#0"},
				"west": {"uv": [6.5, 7.5, 7, 8], "texture": "#0"},
				"up": {"uv": [8, 7, 7.5, 6.5], "texture": "#0"},
				"down": {"uv": [7.5, 7.5, 7, 8], "texture": "#0"}
			}
		},
		{
			"from": [3, 2, 7.5],
			"to": [4, 3, 8.5],
			"rotation": {"angle": 0, "axis": "y", "origin": [16, 0, 0]},
			"faces": {
				"north": {"uv": [7.5, 7, 8, 7.5], "texture": "#0"},
				"east": {"uv": [7.5, 7.5, 8, 8], "texture": "#0"},
				"south": {"uv": [0, 8, 0.5, 8.5], "texture": "#0"},
				"west": {"uv": [8, 0, 8.5, 0.5], "texture": "#0"},
				"up": {"uv": [1, 8.5, 0.5, 8], "texture": "#0"},
				"down": {"uv": [8.5, 0.5, 8, 1], "texture": "#0"}
			}
		},
		{
			"from": [2, 3, 7.5],
			"to": [5, 4, 8.5],
			"rotation": {"angle": 0, "axis": "y", "origin": [16, 0, 0]},
			"faces": {
				"north": {"uv": [1.5, 5, 3, 5.5], "texture": "#0"},
				"east": {"uv": [1, 8, 1.5, 8.5], "texture": "#0"},
				"south": {"uv": [5, 1.5, 6.5, 2], "texture": "#0"},
				"west": {"uv": [8, 1, 8.5, 1.5], "texture": "#0"},
				"up": {"uv": [4.5, 5.5, 3, 5], "texture": "#0"},
				"down": {"uv": [6.5, 4.5, 5, 5], "texture": "#0"}
			}
		},
		{
			"from": [3, 4, 7.5],
			"to": [6, 5, 8.5],
			"rotation": {"angle": 0, "axis": "y", "origin": [16, 0, 0]},
			"faces": {
				"north": {"uv": [5, 5, 6.5, 5.5], "texture": "#0"},
				"east": {"uv": [1.5, 8, 2, 8.5], "texture": "#0"},
				"south": {"uv": [1.5, 5.5, 3, 6], "texture": "#0"},
				"west": {"uv": [8, 1.5, 8.5, 2], "texture": "#0"},
				"up": {"uv": [4.5, 6, 3, 5.5], "texture": "#0"},
				"down": {"uv": [7, 4, 5.5, 4.5], "texture": "#0"}
			}
		},
		{
			"from": [4, 5, 7.5],
			"to": [7, 6, 8.5],
			"rotation": {"angle": 0, "axis": "y", "origin": [16, 0, 0]},
			"faces": {
				"north": {"uv": [5, 5.5, 6.5, 6], "texture": "#0"},
				"east": {"uv": [2, 8, 2.5, 8.5], "texture": "#0"},
				"south": {"uv": [6, 0, 7.5, 0.5], "texture": "#0"},
				"west": {"uv": [8, 2, 8.5, 2.5], "texture": "#0"},
				"up": {"uv": [7.5, 1, 6, 0.5], "texture": "#0"},
				"down": {"uv": [7.5, 1, 6, 1.5], "texture": "#0"}
			}
		},
		{
			"from": [5, 6, 7.5],
			"to": [8, 7, 8.5],
			"rotation": {"angle": 0, "axis": "y", "origin": [16, 0, 0]},
			"faces": {
				"north": {"uv": [1.5, 6, 3, 6.5], "texture": "#0"},
				"east": {"uv": [2.5, 8, 3, 8.5], "texture": "#0"},
				"south": {"uv": [6, 2, 7.5, 2.5], "texture": "#0"},
				"west": {"uv": [8, 2.5, 8.5, 3], "texture": "#0"},
				"up": {"uv": [7.5, 3, 6, 2.5], "texture": "#0"},
				"down": {"uv": [4.5, 6, 3, 6.5], "texture": "#0"}
			}
		},
		{
			"from": [6, 7, 7.5],
			"to": [9, 8, 8.5],
			"rotation": {"angle": 0, "axis": "y", "origin": [16, 0, 0]},
			"faces": {
				"north": {"uv": [6, 3, 7.5, 3.5], "texture": "#0"},
				"east": {"uv": [3, 8, 3.5, 8.5], "texture": "#0"},
				"south": {"uv": [6, 3.5, 7.5, 4], "texture": "#0"},
				"west": {"uv": [8, 3, 8.5, 3.5], "texture": "#0"},
				"up": {"uv": [6, 6.5, 4.5, 6], "texture": "#0"},
				"down": {"uv": [7.5, 6, 6, 6.5], "texture": "#0"}
			}
		},
		{
			"from": [7, 9, 7.5],
			"to": [10, 10, 8.5],
			"rotation": {"angle": 0, "axis": "y", "origin": [16, 0, 0]},
			"faces": {
				"north": {"uv": [0, 6.5, 1.5, 7], "texture": "#0"},
				"east": {"uv": [3.5, 8, 4, 8.5], "texture": "#0"},
				"south": {"uv": [1.5, 6.5, 3, 7], "texture": "#0"},
				"west": {"uv": [8, 3.5, 8.5, 4], "texture": "#0"},
				"up": {"uv": [8, 2, 6.5, 1.5], "texture": "#0"},
				"down": {"uv": [4.5, 6.5, 3, 7], "texture": "#0"}
			}
		},
		{
			"from": [7, 8, 7.5],
			"to": [10, 9, 8.5],
			"rotation": {"angle": 0, "axis": "y", "origin": [16, 0, 0]},
			"faces": {
				"north": {"uv": [4.5, 6.5, 6, 7], "texture": "#0"},
				"east": {"uv": [4, 8, 4.5, 8.5], "texture": "#0"},
				"south": {"uv": [6.5, 4.5, 8, 5], "texture": "#0"},
				"west": {"uv": [8, 4, 8.5, 4.5], "texture": "#0"},
				"up": {"uv": [8, 5.5, 6.5, 5], "texture": "#0"},
				"down": {"uv": [8, 5.5, 6.5, 6], "texture": "#0"}
			}
		}
	],
	"gui_light": "front",
	"display": {
		"thirdperson_righthand": {
			"rotation": [-30, -90, 0],
			"translation": [0, 6, 3.5]
		},
		"thirdperson_lefthand": {
			"rotation": [-30, 90, 0],
			"translation": [0, 6, 3.5]
		},
		"firstperson_righthand": {
			"rotation": [-30, -90, 0],
			"translation": [0.25, 4.25, 0.75]
		},
		"firstperson_lefthand": {
			"rotation": [-30, 90, 0],
			"translation": [0.25, 4.25, 0.75]
		},
		"ground": {
			"translation": [0, 3.75, 0]
		},
		"fixed": {
			"rotation": [0, 180, 0]
		}
	}
}