{
	"credit": "Made with Blockbench",
	"texture_size": [32, 32],
	"textures": {
		"0": "block/custom/excavator",
		"particle": "block/custom/excavator"
	},
	"elements": [
		{
			"from": [6, 3, 7],
			"to": [9, 6, 9],
			"faces": {
				"north": {"uv": [7.5, 1, 9, 2.5], "texture": "#0"},
				"east": {"uv": [1, 9, 2, 10.5], "texture": "#0"},
				"south": {"uv": [7.5, 2.5, 9, 4], "texture": "#0"},
				"west": {"uv": [9, 1, 10, 2.5], "texture": "#0"},
				"up": {"uv": [3.5, 10, 2, 9], "texture": "#0"},
				"down": {"uv": [10.5, 2.5, 9, 3.5], "texture": "#0"}
			}
		},
		{
			"from": [5, 3, 3],
			"to": [10, 5, 7],
			"faces": {
				"north": {"uv": [0, 6, 2.5, 7], "texture": "#0"},
				"east": {"uv": [7.5, 4, 9.5, 5], "texture": "#0"},
				"south": {"uv": [2.5, 6, 5, 7], "texture": "#0"},
				"west": {"uv": [7.5, 5, 9.5, 6], "texture": "#0"},
				"up": {"uv": [2.5, 6, 0, 4], "texture": "#0"},
				"down": {"uv": [5, 4, 2.5, 6], "texture": "#0"}
			}
		},
		{
			"from": [9, 0, 3.5],
			"to": [11, 2, 5.5],
			"faces": {
				"north": {"uv": [6, 9.5, 7, 10.5], "texture": "#0"},
				"east": {"uv": [7, 9.5, 8, 10.5], "texture": "#0"},
				"south": {"uv": [9.5, 7, 10.5, 8], "texture": "#0"},
				"west": {"uv": [8, 9.5, 9, 10.5], "texture": "#0"},
				"up": {"uv": [10, 10.5, 9, 9.5], "texture": "#0"},
				"down": {"uv": [11, 0, 10, 1], "texture": "#0"}
			}
		},
		{
			"from": [9, 0, 8.5],
			"to": [11, 2, 10.5],
			"faces": {
				"north": {"uv": [10, 1, 11, 2], "texture": "#0"},
				"east": {"uv": [2, 10, 3, 11], "texture": "#0"},
				"south": {"uv": [3, 10, 4, 11], "texture": "#0"},
				"west": {"uv": [4, 10, 5, 11], "texture": "#0"},
				"up": {"uv": [6, 11, 5, 10], "texture": "#0"},
				"down": {"uv": [11, 8, 10, 9], "texture": "#0"}
			}
		},
		{
			"from": [4, 0, 8.5],
			"to": [6, 2, 10.5],
			"faces": {
				"north": {"uv": [10, 9.5, 11, 10.5], "texture": "#0"},
				"east": {"uv": [1, 10.5, 2, 11.5], "texture": "#0"},
				"south": {"uv": [10.5, 2, 11.5, 3], "texture": "#0"},
				"west": {"uv": [6, 10.5, 7, 11.5], "texture": "#0"},
				"up": {"uv": [8, 11.5, 7, 10.5], "texture": "#0"},
				"down": {"uv": [11.5, 7, 10.5, 8], "texture": "#0"}
			}
		},
		{
			"from": [4, 0, 3.5],
			"to": [6, 2, 5.5],
			"faces": {
				"north": {"uv": [8, 10.5, 9, 11.5], "texture": "#0"},
				"east": {"uv": [9, 10.5, 10, 11.5], "texture": "#0"},
				"south": {"uv": [10, 10.5, 11, 11.5], "texture": "#0"},
				"west": {"uv": [11, 0, 12, 1], "texture": "#0"},
				"up": {"uv": [12, 2, 11, 1], "texture": "#0"},
				"down": {"uv": [3, 11, 2, 12], "texture": "#0"}
			}
		},
		{
			"from": [5, 1, 6],
			"to": [10, 2, 8],
			"faces": {
				"north": {"uv": [3.5, 9, 6, 9.5], "texture": "#0"},
				"east": {"uv": [11.5, 2, 12.5, 2.5], "texture": "#0"},
				"south": {"uv": [9, 3.5, 11.5, 4], "texture": "#0"},
				"west": {"uv": [11.5, 2.5, 12.5, 3], "texture": "#0"},
				"up": {"uv": [2.5, 8, 0, 7], "texture": "#0"},
				"down": {"uv": [5, 7, 2.5, 8], "texture": "#0"}
			}
		},
		{
			"from": [5, 2, 3],
			"to": [10, 3, 11],
			"faces": {
				"north": {"uv": [6, 9, 8.5, 9.5], "texture": "#0"},
				"east": {"uv": [7.5, 6, 11.5, 6.5], "texture": "#0"},
				"south": {"uv": [8.5, 9, 11, 9.5], "texture": "#0"},
				"west": {"uv": [7.5, 6.5, 11.5, 7], "texture": "#0"},
				"up": {"uv": [2.5, 4, 0, 0], "texture": "#0"},
				"down": {"uv": [5, 0, 2.5, 4], "texture": "#0"}
			}
		},
		{
			"from": [5, 0, 12],
			"to": [10, 0, 16],
			"faces": {
				"north": {"uv": [0, 0, 2.5, 0], "texture": "#0"},
				"east": {"uv": [0, 0, 2, 0], "texture": "#0"},
				"south": {"uv": [0, 0, 2.5, 0], "texture": "#0"},
				"west": {"uv": [0, 0, 2, 0], "texture": "#0"},
				"up": {"uv": [7.5, 2, 5, 0], "texture": "#0"},
				"down": {"uv": [7.5, 2, 5, 4], "texture": "#0"}
			}
		},
		{
			"from": [5, 0, 12],
			"to": [5, 2, 16],
			"faces": {
				"north": {"uv": [0, 0, 0, 1], "texture": "#0"},
				"east": {"uv": [7.5, 7, 9.5, 8], "texture": "#0"},
				"south": {"uv": [0, 0, 0, 1], "texture": "#0"},
				"west": {"uv": [0, 8, 2, 9], "texture": "#0"},
				"up": {"uv": [0, 2, 0, 0], "texture": "#0"},
				"down": {"uv": [0, 0, 0, 2], "texture": "#0"}
			}
		},
		{
			"from": [10, 0, 12],
			"to": [10, 2, 16],
			"faces": {
				"north": {"uv": [0, 0, 0, 1], "texture": "#0"},
				"east": {"uv": [2, 8, 4, 9], "texture": "#0"},
				"south": {"uv": [0, 0, 0, 1], "texture": "#0"},
				"west": {"uv": [4, 8, 6, 9], "texture": "#0"},
				"up": {"uv": [0, 2, 0, 0], "texture": "#0"},
				"down": {"uv": [0, 0, 0, 2], "texture": "#0"}
			}
		},
		{
			"from": [6, -2.2, 13.1],
			"to": [9, -2.2, 14.1],
			"rotation": {"angle": -22.5, "axis": "x", "origin": [0, 0, 0]},
			"faces": {
				"north": {"uv": [0, 0, 1.5, 0], "texture": "#0"},
				"east": {"uv": [0, 0, 0.5, 0], "texture": "#0"},
				"south": {"uv": [0, 0, 1.5, 0], "texture": "#0"},
				"west": {"uv": [0, 0, 0.5, 0], "texture": "#0"},
				"up": {"uv": [11, 6, 9.5, 5.5], "texture": "#0"},
				"down": {"uv": [12, 3, 10.5, 3.5], "texture": "#0"}
			}
		},
		{
			"from": [5, 0, 12],
			"to": [10, 3, 13],
			"faces": {
				"north": {"uv": [5, 4, 7.5, 5.5], "texture": "#0"},
				"east": {"uv": [3, 11, 3.5, 12.5], "texture": "#0"},
				"south": {"uv": [5, 5.5, 7.5, 7], "texture": "#0"},
				"west": {"uv": [3.5, 11, 4, 12.5], "texture": "#0"},
				"up": {"uv": [6, 10, 3.5, 9.5], "texture": "#0"},
				"down": {"uv": [12, 4, 9.5, 4.5], "texture": "#0"}
			}
		},
		{
			"from": [4.99, 2.5, 0.7],
			"to": [9.98, 3.5, 2.7],
			"rotation": {"angle": 22.5, "axis": "x", "origin": [0, 0, 0]},
			"faces": {
				"north": {"uv": [9.5, 4.5, 12, 5], "texture": "#0"},
				"east": {"uv": [11.5, 3.5, 12.5, 4], "texture": "#0"},
				"south": {"uv": [9.5, 5, 12, 5.5], "texture": "#0"},
				"west": {"uv": [4, 11.5, 5, 12], "texture": "#0"},
				"up": {"uv": [7.5, 8, 5, 7], "texture": "#0"},
				"down": {"uv": [10, 0, 7.5, 1], "texture": "#0"}
			}
		},
		{
			"from": [8.5, 8.6, 5.4],
			"to": [9.49, 9.6, 8.4],
			"rotation": {"angle": 45, "axis": "x", "origin": [0, 0, 0]},
			"faces": {
				"north": {"uv": [10, 2, 10.5, 2.5], "texture": "#0"},
				"east": {"uv": [4, 11, 5.5, 11.5], "texture": "#0"},
				"south": {"uv": [1.5, 11.5, 2, 12], "texture": "#0"},
				"west": {"uv": [11, 5.5, 12.5, 6], "texture": "#0"},
				"up": {"uv": [6, 12.5, 5.5, 11], "texture": "#0"},
				"down": {"uv": [11.5, 8, 11, 9.5], "texture": "#0"}
			}
		},
		{
			"from": [5.5, 8.6, 5.4],
			"to": [6.49, 9.6, 8.4],
			"rotation": {"angle": 45, "axis": "x", "origin": [0, 0, 0]},
			"faces": {
				"north": {"uv": [5, 11.5, 5.5, 12], "texture": "#0"},
				"east": {"uv": [11, 9.5, 12.5, 10], "texture": "#0"},
				"south": {"uv": [6, 11.5, 6.5, 12], "texture": "#0"},
				"west": {"uv": [11, 10, 12.5, 10.5], "texture": "#0"},
				"up": {"uv": [11.5, 12, 11, 10.5], "texture": "#0"},
				"down": {"uv": [1.5, 11.5, 1, 13], "texture": "#0"}
			}
		},
		{
			"from": [7, 3, 4],
			"to": [8, 4, 12],
			"faces": {
				"north": {"uv": [11.5, 6, 12, 6.5], "texture": "#0"},
				"east": {"uv": [6, 8, 10, 8.5], "texture": "#0"},
				"south": {"uv": [6.5, 11.5, 7, 12], "texture": "#0"},
				"west": {"uv": [6, 8.5, 10, 9], "texture": "#0"},
				"up": {"uv": [0.5, 13, 0, 9], "texture": "#0"},
				"down": {"uv": [1, 9, 0.5, 13], "texture": "#0"}
			}
		}
	],
	"gui_light": "front",
	"display": {
		"thirdperson_righthand": {
			"rotation": [45, 180, 0],
			"translation": [0, 6, 1.75],
			"scale": [1.3, 1.3, 1.3]
		},
		"thirdperson_lefthand": {
			"rotation": [45, 180, 0],
			"translation": [0, 6, 1.75],
			"scale": [1.3, 1.3, 1.3]
		},
		"firstperson_righthand": {
			"rotation": [23, 180, 0],
			"translation": [0.75, 7.25, 2.5]
		},
		"firstperson_lefthand": {
			"rotation": [23, 180, 0],
			"translation": [0.75, 7.25, 2.5]
		},
		"ground": {
			"translation": [0, 5, 0]
		},
		"gui": {
			"rotation": [24.25, 21.25, 0],
			"translation": [0.25, 8.5, 0],
			"scale": [1.5, 1.5, 1.5]
		},
		"head": {
			"rotation": [0, 180, 0],
			"translation": [0, 22.5, 0],
			"scale": [2, 2, 2]
		},
		"fixed": {
			"rotation": [-90, 0, 0],
			"translation": [0, 0, -14.75],
			"scale": [1.8, 1.8, 1.8]
		}
	}
}