{
	"credit": "Made with Blockbench",
	"texture_size": [64, 64],
	"textures": {
		"3": "item/custom/frost_sword"
	},
	"elements": [
		{
			"from": [7.5, -8.95321, 7.5],
			"to": [8.5, -0.75321, 8.5],
			"rotation": {"angle": 0, "axis": "y", "origin": [6.01433, -2.61304, 7.875]},
			"faces": {
				"north": {"uv": [1.5, 0, 1.75, 2.0625], "texture": "#3"},
				"east": {"uv": [1.75, 0, 2, 2.0625], "texture": "#3"},
				"south": {"uv": [2, 0, 2.25, 2.0625], "texture": "#3"},
				"west": {"uv": [2.25, 0, 2.5, 2.0625], "texture": "#3"},
				"up": {"uv": [3.25, 4.75, 3, 4.5], "texture": "#3"},
				"down": {"uv": [4.75, 3, 4.5, 3.25], "texture": "#3"}
			}
		},
		{
			"from": [9.2, 0.74679, 7.76],
			"to": [9.7, 3.24679, 8.24],
			"rotation": {"angle": -22.5, "axis": "z", "origin": [8, 3.49679, 7.76]},
			"faces": {
				"north": {"uv": [3.5, 1, 3.625, 1.625], "texture": "#3"},
				"east": {"uv": [1.5, 3.5, 1.625, 4.125], "texture": "#3"},
				"south": {"uv": [1.75, 3.5, 1.875, 4.125], "texture": "#3"},
				"west": {"uv": [3.5, 2.5, 3.625, 3.125], "texture": "#3"},
				"up": {"uv": [5.875, 7.875, 5.75, 7.75], "texture": "#3"},
				"down": {"uv": [6.125, 7.75, 6, 7.875], "texture": "#3"}
			}
		},
		{
			"from": [6.3, 0.74679, 7.76],
			"to": [6.8, 3.24679, 8.24],
			"rotation": {"angle": 22.5, "axis": "z", "origin": [8, 3.49679, 7.76]},
			"faces": {
				"north": {"uv": [3.25, 3.5, 3.375, 4.125], "texture": "#3"},
				"east": {"uv": [3.5, 3.5, 3.625, 4.125], "texture": "#3"},
				"south": {"uv": [3.75, 0, 3.875, 0.625], "texture": "#3"},
				"west": {"uv": [3.75, 0.75, 3.875, 1.375], "texture": "#3"},
				"up": {"uv": [7.875, 6.125, 7.75, 6], "texture": "#3"},
				"down": {"uv": [6.375, 7.75, 6.25, 7.875], "texture": "#3"}
			}
		},
		{
			"from": [6.3, 1.98373, 7.76],
			"to": [6.8, 3.98373, 8.24],
			"rotation": {"angle": -22.5, "axis": "z", "origin": [8, 1.73373, 7.76]},
			"faces": {
				"north": {"uv": [4.5, 3.25, 4.625, 3.75], "texture": "#3"},
				"east": {"uv": [3.75, 4.5, 3.875, 5], "texture": "#3"},
				"south": {"uv": [4, 4.5, 4.125, 5], "texture": "#3"},
				"west": {"uv": [4.25, 4.5, 4.375, 5], "texture": "#3"},
				"up": {"uv": [6.625, 7.875, 6.5, 7.75], "texture": "#3"},
				"down": {"uv": [6.875, 7.75, 6.75, 7.875], "texture": "#3"}
			}
		},
		{
			"from": [9.2, 1.98373, 7.76],
			"to": [9.7, 3.98373, 8.24],
			"rotation": {"angle": 22.5, "axis": "z", "origin": [8, 1.73373, 7.76]},
			"faces": {
				"north": {"uv": [4.5, 4.5, 4.625, 5], "texture": "#3"},
				"east": {"uv": [4.75, 0, 4.875, 0.5], "texture": "#3"},
				"south": {"uv": [4.75, 0.75, 4.875, 1.25], "texture": "#3"},
				"west": {"uv": [4.75, 1.25, 4.875, 1.75], "texture": "#3"},
				"up": {"uv": [7.875, 6.875, 7.75, 6.75], "texture": "#3"},
				"down": {"uv": [7.125, 7.75, 7, 7.875], "texture": "#3"}
			}
		},
		{
			"from": [6.5, 5.98373, 7.76],
			"to": [7, 7.98373, 8.24],
			"rotation": {"angle": -22.5, "axis": "z", "origin": [8.2, 5.73373, 7.76]},
			"faces": {
				"north": {"uv": [4.75, 1.75, 4.875, 2.25], "texture": "#3"},
				"east": {"uv": [2, 4.75, 2.125, 5.25], "texture": "#3"},
				"south": {"uv": [2.25, 4.75, 2.375, 5.25], "texture": "#3"},
				"west": {"uv": [4.75, 2.25, 4.875, 2.75], "texture": "#3"},
				"up": {"uv": [7.875, 7.125, 7.75, 7], "texture": "#3"},
				"down": {"uv": [7.625, 7.75, 7.5, 7.875], "texture": "#3"}
			}
		},
		{
			"from": [6.5, 4.74679, 7.76],
			"to": [7, 7.24679, 8.24],
			"rotation": {"angle": 22.5, "axis": "z", "origin": [8.2, 7.49679, 7.76]},
			"faces": {
				"north": {"uv": [3.75, 1.5, 3.875, 2.125], "texture": "#3"},
				"east": {"uv": [2, 3.75, 2.125, 4.375], "texture": "#3"},
				"south": {"uv": [2.25, 3.75, 2.375, 4.375], "texture": "#3"},
				"west": {"uv": [3.75, 2.25, 3.875, 2.875], "texture": "#3"},
				"up": {"uv": [7.875, 7.875, 7.75, 7.75], "texture": "#3"},
				"down": {"uv": [0.125, 8, 0, 8.125], "texture": "#3"}
			}
		},
		{
			"from": [9, 5.98373, 7.76],
			"to": [9.5, 7.98373, 8.24],
			"rotation": {"angle": 22.5, "axis": "z", "origin": [7.8, 5.73373, 7.76]},
			"faces": {
				"north": {"uv": [2.5, 4.75, 2.625, 5.25], "texture": "#3"},
				"east": {"uv": [2.75, 4.75, 2.875, 5.25], "texture": "#3"},
				"south": {"uv": [4.75, 2.75, 4.875, 3.25], "texture": "#3"},
				"west": {"uv": [3, 4.75, 3.125, 5.25], "texture": "#3"},
				"up": {"uv": [8.125, 0.125, 8, 0], "texture": "#3"},
				"down": {"uv": [0.375, 8, 0.25, 8.125], "texture": "#3"}
			}
		},
		{
			"from": [9, 4.74679, 7.76],
			"to": [9.5, 7.24679, 8.24],
			"rotation": {"angle": -22.5, "axis": "z", "origin": [7.8, 7.49679, 7.76]},
			"faces": {
				"north": {"uv": [2.5, 3.75, 2.625, 4.375], "texture": "#3"},
				"east": {"uv": [2.75, 3.75, 2.875, 4.375], "texture": "#3"},
				"south": {"uv": [3, 3.75, 3.125, 4.375], "texture": "#3"},
				"west": {"uv": [3.75, 3, 3.875, 3.625], "texture": "#3"},
				"up": {"uv": [8.125, 0.375, 8, 0.25], "texture": "#3"},
				"down": {"uv": [0.625, 8, 0.5, 8.125], "texture": "#3"}
			}
		},
		{
			"from": [5.66645, 0.22094, 7.3],
			"to": [8.66645, 0.52094, 8.7],
			"rotation": {"angle": -22.5, "axis": "z", "origin": [6.01433, -2.0364, 7.875]},
			"faces": {
				"north": {"uv": [5.25, 0.5, 6, 0.5625], "texture": "#3"},
				"east": {"uv": [6.5, 4, 6.875, 4.0625], "texture": "#3"},
				"south": {"uv": [5.25, 3.25, 6, 3.3125], "texture": "#3"},
				"west": {"uv": [6.5, 4.25, 6.875, 4.3125], "texture": "#3"},
				"up": {"uv": [2.25, 2.625, 1.5, 2.25], "texture": "#3"},
				"down": {"uv": [3, 2.25, 2.25, 2.625], "texture": "#3"}
			}
		},
		{
			"from": [6.54063, 0.26341, 7.3],
			"to": [6.75276, 0.47554, 8.7],
			"rotation": {"angle": 22.5, "axis": "z", "origin": [6.75276, 0.26341, 8]},
			"faces": {
				"north": {"uv": [2.75, 9.5, 2.8125, 9.5625], "texture": "#3"},
				"east": {"uv": [4.5, 6.5, 4.875, 6.5625], "texture": "#3"},
				"south": {"uv": [9.5, 2.75, 9.5625, 2.8125], "texture": "#3"},
				"west": {"uv": [6.5, 4.5, 6.875, 4.5625], "texture": "#3"},
				"up": {"uv": [6.5625, 5.125, 6.5, 4.75], "texture": "#3"},
				"down": {"uv": [5.0625, 6.5, 5, 6.875], "texture": "#3"}
			}
		},
		{
			"from": [8.35208, -0.75321, 7.3],
			"to": [8.56421, -0.54108, 8.7],
			"rotation": {"angle": 45, "axis": "z", "origin": [9.56421, -1.75321, 8]},
			"faces": {
				"north": {"uv": [3, 9.5, 3.0625, 9.5625], "texture": "#3"},
				"east": {"uv": [5.25, 6.5, 5.625, 6.5625], "texture": "#3"},
				"south": {"uv": [9.5, 3, 9.5625, 3.0625], "texture": "#3"},
				"west": {"uv": [6.5, 5.25, 6.875, 5.3125], "texture": "#3"},
				"up": {"uv": [6.5625, 5.875, 6.5, 5.5], "texture": "#3"},
				"down": {"uv": [5.8125, 6.5, 5.75, 6.875], "texture": "#3"}
			}
		},
		{
			"from": [8.64497, 1.53968, 7.3],
			"to": [8.85711, 1.75182, 8.7],
			"rotation": {"angle": 45, "axis": "z", "origin": [8.85711, 0.53968, 8]},
			"faces": {
				"north": {"uv": [3.25, 9.5, 3.3125, 9.5625], "texture": "#3"},
				"east": {"uv": [6, 6.5, 6.375, 6.5625], "texture": "#3"},
				"south": {"uv": [9.5, 3.25, 9.5625, 3.3125], "texture": "#3"},
				"west": {"uv": [6.5, 6, 6.875, 6.0625], "texture": "#3"},
				"up": {"uv": [6.5625, 6.625, 6.5, 6.25], "texture": "#3"},
				"down": {"uv": [0.0625, 6.75, 0, 7.125], "texture": "#3"}
			}
		},
		{
			"from": [6.54063, -0.98196, 7.3],
			"to": [6.75276, -0.76983, 8.7],
			"rotation": {"angle": -22.5, "axis": "z", "origin": [6.75276, -0.76983, 8]},
			"faces": {
				"north": {"uv": [3.5, 9.5, 3.5625, 9.5625], "texture": "#3"},
				"east": {"uv": [6.75, 0, 7.125, 0.0625], "texture": "#3"},
				"south": {"uv": [9.5, 3.5, 9.5625, 3.5625], "texture": "#3"},
				"west": {"uv": [0.25, 6.75, 0.625, 6.8125], "texture": "#3"},
				"up": {"uv": [6.8125, 0.625, 6.75, 0.25], "texture": "#3"},
				"down": {"uv": [0.8125, 6.75, 0.75, 7.125], "texture": "#3"}
			}
		},
		{
			"from": [9.31227, 0.16609, 7.3],
			"to": [9.5244, 0.37822, 8.7],
			"rotation": {"angle": -22.5, "axis": "z", "origin": [9.5244, 0.37822, 8]},
			"faces": {
				"north": {"uv": [3.75, 9.5, 3.8125, 9.5625], "texture": "#3"},
				"east": {"uv": [6.75, 0.75, 7.125, 0.8125], "texture": "#3"},
				"south": {"uv": [9.5, 3.75, 9.5625, 3.8125], "texture": "#3"},
				"west": {"uv": [1, 6.75, 1.375, 6.8125], "texture": "#3"},
				"up": {"uv": [6.8125, 1.375, 6.75, 1], "texture": "#3"},
				"down": {"uv": [1.5625, 6.75, 1.5, 7.125], "texture": "#3"}
			}
		},
		{
			"from": [8.5469, -1.03688, 7.3],
			"to": [8.75903, -0.82475, 8.7],
			"rotation": {"angle": 22.5, "axis": "z", "origin": [8.75903, 0.96312, 8]},
			"faces": {
				"north": {"uv": [4, 9.5, 4.0625, 9.5625], "texture": "#3"},
				"east": {"uv": [6.75, 1.5, 7.125, 1.5625], "texture": "#3"},
				"south": {"uv": [9.5, 4, 9.5625, 4.0625], "texture": "#3"},
				"west": {"uv": [1.75, 6.75, 2.125, 6.8125], "texture": "#3"},
				"up": {"uv": [6.8125, 2.125, 6.75, 1.75], "texture": "#3"},
				"down": {"uv": [2.3125, 6.75, 2.25, 7.125], "texture": "#3"}
			}
		},
		{
			"from": [7.03125, -1.29883, 7.3],
			"to": [10.03125, -0.99883, 8.7],
			"rotation": {"angle": 22.5, "axis": "z", "origin": [6.01433, -2.0364, 7.875]},
			"faces": {
				"north": {"uv": [3.5, 5.25, 4.25, 5.3125], "texture": "#3"},
				"east": {"uv": [6.75, 2.25, 7.125, 2.3125], "texture": "#3"},
				"south": {"uv": [5.25, 3.5, 6, 3.5625], "texture": "#3"},
				"west": {"uv": [2.5, 6.75, 2.875, 6.8125], "texture": "#3"},
				"up": {"uv": [3.25, 0.375, 2.5, 0], "texture": "#3"},
				"down": {"uv": [3.25, 0.5, 2.5, 0.875], "texture": "#3"}
			}
		},
		{
			"from": [7.85, -1.75321, 7.3],
			"to": [8.15, 1.24679, 8.7],
			"rotation": {"angle": 0, "axis": "z", "origin": [6.01433, -2.0364, 7.875]},
			"faces": {
				"north": {"uv": [3, 5.25, 3.0625, 6], "texture": "#3"},
				"east": {"uv": [2.5, 1, 2.875, 1.75], "texture": "#3"},
				"south": {"uv": [4.25, 5.25, 4.3125, 6], "texture": "#3"},
				"west": {"uv": [1.5, 2.75, 1.875, 3.5], "texture": "#3"},
				"up": {"uv": [6.8125, 2.875, 6.75, 2.5], "texture": "#3"},
				"down": {"uv": [3.0625, 6.75, 3, 7.125], "texture": "#3"}
			}
		},
		{
			"from": [7.35442, 2.19679, 7.3],
			"to": [7.55442, 2.89679, 8.7],
			"rotation": {"angle": -45, "axis": "z", "origin": [5.45442, 0.64679, 8]},
			"faces": {
				"north": {"uv": [8.25, 3.5, 8.3125, 3.6875], "texture": "#3"},
				"east": {"uv": [3.75, 3.75, 4.125, 3.9375], "texture": "#3"},
				"south": {"uv": [3.75, 8.25, 3.8125, 8.4375], "texture": "#3"},
				"west": {"uv": [4, 0, 4.375, 0.1875], "texture": "#3"},
				"up": {"uv": [3.5625, 7.125, 3.5, 6.75], "texture": "#3"},
				"down": {"uv": [6.8125, 3.5, 6.75, 3.875], "texture": "#3"}
			}
		},
		{
			"from": [7.05442, 2.49679, 7.3],
			"to": [7.15442, 2.99679, 8.7],
			"rotation": {"angle": -45, "axis": "z", "origin": [5.45442, 0.64679, 8]},
			"faces": {
				"north": {"uv": [8.25, 7.5, 8.3125, 7.625], "texture": "#3"},
				"east": {"uv": [4.75, 5.25, 5.125, 5.375], "texture": "#3"},
				"south": {"uv": [7.75, 8.25, 7.8125, 8.375], "texture": "#3"},
				"west": {"uv": [5.25, 5, 5.625, 5.125], "texture": "#3"},
				"up": {"uv": [3.8125, 7.125, 3.75, 6.75], "texture": "#3"},
				"down": {"uv": [4.0625, 6.75, 4, 7.125], "texture": "#3"}
			}
		},
		{
			"from": [6.70442, 2.54679, 7.3],
			"to": [7.20442, 2.64679, 8.7],
			"rotation": {"angle": -45, "axis": "z", "origin": [5.45442, 0.64679, 8]},
			"faces": {
				"north": {"uv": [8.25, 7.75, 8.375, 7.8125], "texture": "#3"},
				"east": {"uv": [4.25, 6.75, 4.625, 6.8125], "texture": "#3"},
				"south": {"uv": [8, 8.25, 8.125, 8.3125], "texture": "#3"},
				"west": {"uv": [6.75, 4.75, 7.125, 4.8125], "texture": "#3"},
				"up": {"uv": [5.375, 5.625, 5.25, 5.25], "texture": "#3"},
				"down": {"uv": [5.625, 0.75, 5.5, 1.125], "texture": "#3"}
			}
		},
		{
			"from": [6.80442, 2.14679, 7.3],
			"to": [7.50442, 2.34679, 8.7],
			"rotation": {"angle": -45, "axis": "z", "origin": [5.45442, 0.64679, 8]},
			"faces": {
				"north": {"uv": [8.25, 3.75, 8.4375, 3.8125], "texture": "#3"},
				"east": {"uv": [6.75, 5, 7.125, 5.0625], "texture": "#3"},
				"south": {"uv": [4, 8.25, 4.1875, 8.3125], "texture": "#3"},
				"west": {"uv": [5.25, 6.75, 5.625, 6.8125], "texture": "#3"},
				"up": {"uv": [4.1875, 0.625, 4, 0.25], "texture": "#3"},
				"down": {"uv": [4.1875, 0.75, 4, 1.125], "texture": "#3"}
			}
		},
		{
			"from": [6.80442, -2.89476, 7.3],
			"to": [7.50442, -2.69476, 8.7],
			"rotation": {"angle": 45, "axis": "z", "origin": [5.45442, -1.19476, 8]},
			"faces": {
				"north": {"uv": [8.25, 4, 8.4375, 4.0625], "texture": "#3"},
				"east": {"uv": [6.75, 5.5, 7.125, 5.5625], "texture": "#3"},
				"south": {"uv": [4.25, 8.25, 4.4375, 8.3125], "texture": "#3"},
				"west": {"uv": [6.75, 5.75, 7.125, 5.8125], "texture": "#3"},
				"up": {"uv": [4.1875, 1.625, 4, 1.25], "texture": "#3"},
				"down": {"uv": [4.1875, 1.75, 4, 2.125], "texture": "#3"}
			}
		},
		{
			"from": [7.35442, -3.44476, 7.3],
			"to": [7.55442, -2.74476, 8.7],
			"rotation": {"angle": 45, "axis": "z", "origin": [5.45442, -1.19476, 8]},
			"faces": {
				"north": {"uv": [8.25, 4.25, 8.3125, 4.4375], "texture": "#3"},
				"east": {"uv": [4, 2.25, 4.375, 2.4375], "texture": "#3"},
				"south": {"uv": [4.5, 8.25, 4.5625, 8.4375], "texture": "#3"},
				"west": {"uv": [4, 2.5, 4.375, 2.6875], "texture": "#3"},
				"up": {"uv": [4.8125, 7.125, 4.75, 6.75], "texture": "#3"},
				"down": {"uv": [6.0625, 6.75, 6, 7.125], "texture": "#3"}
			}
		},
		{
			"from": [7.05442, -3.54476, 7.3],
			"to": [7.15442, -3.04476, 8.7],
			"rotation": {"angle": 45, "axis": "z", "origin": [5.45442, -1.19476, 8]},
			"faces": {
				"north": {"uv": [8.25, 8, 8.3125, 8.125], "texture": "#3"},
				"east": {"uv": [5.5, 1.25, 5.875, 1.375], "texture": "#3"},
				"south": {"uv": [8.25, 8.25, 8.3125, 8.375], "texture": "#3"},
				"west": {"uv": [1.5, 5.5, 1.875, 5.625], "texture": "#3"},
				"up": {"uv": [6.3125, 7.125, 6.25, 6.75], "texture": "#3"},
				"down": {"uv": [6.8125, 6.25, 6.75, 6.625], "texture": "#3"}
			}
		},
		{
			"from": [6.70442, -3.19476, 7.3],
			"to": [7.20442, -3.09476, 8.7],
			"rotation": {"angle": 45, "axis": "z", "origin": [5.45442, -1.19476, 8]},
			"faces": {
				"north": {"uv": [0, 8.5, 0.125, 8.5625], "texture": "#3"},
				"east": {"uv": [6.5, 6.75, 6.875, 6.8125], "texture": "#3"},
				"south": {"uv": [8.5, 0, 8.625, 0.0625], "texture": "#3"},
				"west": {"uv": [0.25, 7, 0.625, 7.0625], "texture": "#3"},
				"up": {"uv": [5.625, 1.875, 5.5, 1.5], "texture": "#3"},
				"down": {"uv": [5.625, 2, 5.5, 2.375], "texture": "#3"}
			}
		},
		{
			"from": [6.9, 0.19679, 7.3],
			"to": [7, 0.69679, 8.7],
			"rotation": {"angle": 22.5, "axis": "z", "origin": [7.3, 0.34679, 8]},
			"faces": {
				"north": {"uv": [0.25, 8.5, 0.3125, 8.625], "texture": "#3"},
				"east": {"uv": [5.5, 2.5, 5.875, 2.625], "texture": "#3"},
				"south": {"uv": [8.5, 0.25, 8.5625, 0.375], "texture": "#3"},
				"west": {"uv": [5.5, 2.75, 5.875, 2.875], "texture": "#3"},
				"up": {"uv": [7.0625, 0.625, 7, 0.25], "texture": "#3"},
				"down": {"uv": [1.0625, 7, 1, 7.375], "texture": "#3"}
			}
		},
		{
			"from": [7.2, -0.10321, 7.3],
			"to": [7.4, 0.59679, 8.7],
			"rotation": {"angle": 22.5, "axis": "z", "origin": [7.3, 0.34679, 8]},
			"faces": {
				"north": {"uv": [8.25, 4.5, 8.3125, 4.6875], "texture": "#3"},
				"east": {"uv": [4, 2.75, 4.375, 2.9375], "texture": "#3"},
				"south": {"uv": [4.75, 8.25, 4.8125, 8.4375], "texture": "#3"},
				"west": {"uv": [4, 3, 4.375, 3.1875], "texture": "#3"},
				"up": {"uv": [7.0625, 1.375, 7, 1], "texture": "#3"},
				"down": {"uv": [1.3125, 7, 1.25, 7.375], "texture": "#3"}
			}
		},
		{
			"from": [6.65, -0.15321, 7.3],
			"to": [7.35, 0.04679, 8.7],
			"rotation": {"angle": 22.5, "axis": "z", "origin": [7.3, 0.34679, 8]},
			"faces": {
				"north": {"uv": [8.25, 4.75, 8.4375, 4.8125], "texture": "#3"},
				"east": {"uv": [1.75, 7, 2.125, 7.0625], "texture": "#3"},
				"south": {"uv": [5, 8.25, 5.1875, 8.3125], "texture": "#3"},
				"west": {"uv": [7, 1.75, 7.375, 1.8125], "texture": "#3"},
				"up": {"uv": [4.1875, 3.625, 4, 3.25], "texture": "#3"},
				"down": {"uv": [3.9375, 4, 3.75, 4.375], "texture": "#3"}
			}
		},
		{
			"from": [6.55, 0.24679, 7.3],
			"to": [7.05, 0.34679, 8.7],
			"rotation": {"angle": 22.5, "axis": "z", "origin": [7.3, 0.34679, 8]},
			"faces": {
				"north": {"uv": [0.5, 8.5, 0.625, 8.5625], "texture": "#3"},
				"east": {"uv": [7, 2, 7.375, 2.0625], "texture": "#3"},
				"south": {"uv": [8.5, 0.5, 8.625, 0.5625], "texture": "#3"},
				"west": {"uv": [2.5, 7, 2.875, 7.0625], "texture": "#3"},
				"up": {"uv": [3.375, 5.875, 3.25, 5.5], "texture": "#3"},
				"down": {"uv": [3.625, 5.5, 3.5, 5.875], "texture": "#3"}
			}
		},
		{
			"from": [6.55, -0.84476, 7.3],
			"to": [7.05, -0.74476, 8.7],
			"rotation": {"angle": -22.5, "axis": "z", "origin": [7.3, -0.84476, 8]},
			"faces": {
				"north": {"uv": [0.75, 8.5, 0.875, 8.5625], "texture": "#3"},
				"east": {"uv": [7, 2.5, 7.375, 2.5625], "texture": "#3"},
				"south": {"uv": [8.5, 0.75, 8.625, 0.8125], "texture": "#3"},
				"west": {"uv": [7, 2.75, 7.375, 2.8125], "texture": "#3"},
				"up": {"uv": [3.875, 5.875, 3.75, 5.5], "texture": "#3"},
				"down": {"uv": [5.625, 3.75, 5.5, 4.125], "texture": "#3"}
			}
		},
		{
			"from": [6.65, -0.54476, 7.3],
			"to": [7.35, -0.34476, 8.7],
			"rotation": {"angle": -22.5, "axis": "z", "origin": [7.3, -0.84476, 8]},
			"faces": {
				"north": {"uv": [8.25, 5, 8.4375, 5.0625], "texture": "#3"},
				"east": {"uv": [7, 3, 7.375, 3.0625], "texture": "#3"},
				"south": {"uv": [5.25, 8.25, 5.4375, 8.3125], "texture": "#3"},
				"west": {"uv": [7, 3.25, 7.375, 3.3125], "texture": "#3"},
				"up": {"uv": [4.1875, 4.375, 4, 4], "texture": "#3"},
				"down": {"uv": [4.4375, 0.25, 4.25, 0.625], "texture": "#3"}
			}
		},
		{
			"from": [7.2, -1.09476, 7.3],
			"to": [7.4, -0.39476, 8.7],
			"rotation": {"angle": -22.5, "axis": "z", "origin": [7.3, -0.84476, 8]},
			"faces": {
				"north": {"uv": [8.25, 5.25, 8.3125, 5.4375], "texture": "#3"},
				"east": {"uv": [4.25, 0.75, 4.625, 0.9375], "texture": "#3"},
				"south": {"uv": [5.5, 8.25, 5.5625, 8.4375], "texture": "#3"},
				"west": {"uv": [4.25, 1, 4.625, 1.1875], "texture": "#3"},
				"up": {"uv": [7.0625, 3.875, 7, 3.5], "texture": "#3"},
				"down": {"uv": [7.0625, 4, 7, 4.375], "texture": "#3"}
			}
		},
		{
			"from": [6.9, -1.19476, 7.3],
			"to": [7, -0.69476, 8.7],
			"rotation": {"angle": -22.5, "axis": "z", "origin": [7.3, -0.84476, 8]},
			"faces": {
				"north": {"uv": [1, 8.5, 1.0625, 8.625], "texture": "#3"},
				"east": {"uv": [5.5, 3, 5.875, 3.125], "texture": "#3"},
				"south": {"uv": [8.5, 1, 8.5625, 1.125], "texture": "#3"},
				"west": {"uv": [4.5, 5.5, 4.875, 5.625], "texture": "#3"},
				"up": {"uv": [4.3125, 7.375, 4.25, 7], "texture": "#3"},
				"down": {"uv": [4.5625, 7, 4.5, 7.375], "texture": "#3"}
			}
		},
		{
			"from": [8.6, -0.10321, 7.3],
			"to": [8.8, 0.59679, 8.7],
			"rotation": {"angle": -22.5, "axis": "z", "origin": [8.7, 0.34679, 8]},
			"faces": {
				"north": {"uv": [8.25, 5.5, 8.3125, 5.6875], "texture": "#3"},
				"east": {"uv": [4.25, 1.25, 4.625, 1.4375], "texture": "#3"},
				"south": {"uv": [5.75, 8.25, 5.8125, 8.4375], "texture": "#3"},
				"west": {"uv": [1.5, 4.25, 1.875, 4.4375], "texture": "#3"},
				"up": {"uv": [5.0625, 7.375, 5, 7], "texture": "#3"},
				"down": {"uv": [5.3125, 7, 5.25, 7.375], "texture": "#3"}
			}
		},
		{
			"from": [9, 0.19679, 7.3],
			"to": [9.1, 0.69679, 8.7],
			"rotation": {"angle": -22.5, "axis": "z", "origin": [8.7, 0.34679, 8]},
			"faces": {
				"north": {"uv": [1.25, 8.5, 1.3125, 8.625], "texture": "#3"},
				"east": {"uv": [5.5, 4.75, 5.875, 4.875], "texture": "#3"},
				"south": {"uv": [8.5, 1.25, 8.5625, 1.375], "texture": "#3"},
				"west": {"uv": [5.5, 5.25, 5.875, 5.375], "texture": "#3"},
				"up": {"uv": [5.5625, 7.375, 5.5, 7], "texture": "#3"},
				"down": {"uv": [5.8125, 7, 5.75, 7.375], "texture": "#3"}
			}
		},
		{
			"from": [8.95, 0.24679, 7.3],
			"to": [9.45, 0.34679, 8.7],
			"rotation": {"angle": -22.5, "axis": "z", "origin": [8.7, 0.34679, 8]},
			"faces": {
				"north": {"uv": [1.5, 8.5, 1.625, 8.5625], "texture": "#3"},
				"east": {"uv": [7, 4.5, 7.375, 4.5625], "texture": "#3"},
				"south": {"uv": [8.5, 1.5, 8.625, 1.5625], "texture": "#3"},
				"west": {"uv": [7, 5.25, 7.375, 5.3125], "texture": "#3"},
				"up": {"uv": [4.125, 5.875, 4, 5.5], "texture": "#3"},
				"down": {"uv": [5.125, 5.5, 5, 5.875], "texture": "#3"}
			}
		},
		{
			"from": [8.65, -0.15321, 7.3],
			"to": [9.35, 0.04679, 8.7],
			"rotation": {"angle": -22.5, "axis": "z", "origin": [8.7, 0.34679, 8]},
			"faces": {
				"north": {"uv": [8.25, 5.75, 8.4375, 5.8125], "texture": "#3"},
				"east": {"uv": [7, 6, 7.375, 6.0625], "texture": "#3"},
				"south": {"uv": [6, 8.25, 6.1875, 8.3125], "texture": "#3"},
				"west": {"uv": [7, 6.25, 7.375, 6.3125], "texture": "#3"},
				"up": {"uv": [4.4375, 1.875, 4.25, 1.5], "texture": "#3"},
				"down": {"uv": [3.4375, 4.25, 3.25, 4.625], "texture": "#3"}
			}
		},
		{
			"from": [8.65, -0.54476, 7.3],
			"to": [9.35, -0.34476, 8.7],
			"rotation": {"angle": 22.5, "axis": "z", "origin": [8.7, -0.84476, 8]},
			"faces": {
				"north": {"uv": [8.25, 6, 8.4375, 6.0625], "texture": "#3"},
				"east": {"uv": [6.5, 7, 6.875, 7.0625], "texture": "#3"},
				"south": {"uv": [6.25, 8.25, 6.4375, 8.3125], "texture": "#3"},
				"west": {"uv": [7, 6.5, 7.375, 6.5625], "texture": "#3"},
				"up": {"uv": [4.4375, 3.625, 4.25, 3.25], "texture": "#3"},
				"down": {"uv": [3.6875, 4.25, 3.5, 4.625], "texture": "#3"}
			}
		},
		{
			"from": [8.95, -0.84476, 7.3],
			"to": [9.45, -0.74476, 8.7],
			"rotation": {"angle": 22.5, "axis": "z", "origin": [8.7, -0.84476, 8]},
			"faces": {
				"north": {"uv": [1.75, 8.5, 1.875, 8.5625], "texture": "#3"},
				"east": {"uv": [7, 6.75, 7.375, 6.8125], "texture": "#3"},
				"south": {"uv": [8.5, 1.75, 8.625, 1.8125], "texture": "#3"},
				"west": {"uv": [7, 7, 7.375, 7.0625], "texture": "#3"},
				"up": {"uv": [5.625, 5.875, 5.5, 5.5], "texture": "#3"},
				"down": {"uv": [5.875, 0, 5.75, 0.375], "texture": "#3"}
			}
		},
		{
			"from": [9, -1.19476, 7.3],
			"to": [9.1, -0.69476, 8.7],
			"rotation": {"angle": 22.5, "axis": "z", "origin": [8.7, -0.84476, 8]},
			"faces": {
				"north": {"uv": [2, 8.5, 2.0625, 8.625], "texture": "#3"},
				"east": {"uv": [5.75, 0.75, 6.125, 0.875], "texture": "#3"},
				"south": {"uv": [8.5, 2, 8.5625, 2.125], "texture": "#3"},
				"west": {"uv": [5.75, 1, 6.125, 1.125], "texture": "#3"},
				"up": {"uv": [0.0625, 7.625, 0, 7.25], "texture": "#3"},
				"down": {"uv": [7.3125, 0, 7.25, 0.375], "texture": "#3"}
			}
		},
		{
			"from": [8.6, -1.09476, 7.3],
			"to": [8.8, -0.39476, 8.7],
			"rotation": {"angle": 22.5, "axis": "z", "origin": [8.7, -0.84476, 8]},
			"faces": {
				"north": {"uv": [8.25, 6.25, 8.3125, 6.4375], "texture": "#3"},
				"east": {"uv": [4.25, 2, 4.625, 2.1875], "texture": "#3"},
				"south": {"uv": [6.5, 8.25, 6.5625, 8.4375], "texture": "#3"},
				"west": {"uv": [4.25, 3.75, 4.625, 3.9375], "texture": "#3"},
				"up": {"uv": [0.3125, 7.625, 0.25, 7.25], "texture": "#3"},
				"down": {"uv": [0.5625, 7.25, 0.5, 7.625], "texture": "#3"}
			}
		},
		{
			"from": [6.87322, -1.15928, 7.45],
			"to": [8.87322, 0.84072, 8.55],
			"rotation": {"angle": -45, "axis": "z", "origin": [7.82322, -0.35928, 7.95]},
			"faces": {
				"north": {"uv": [2.5, 1.75, 3, 2.25], "texture": "#3"},
				"east": {"uv": [3, 1.5, 3.25, 2], "texture": "#3"},
				"south": {"uv": [2, 2.75, 2.5, 3.25], "texture": "#3"},
				"west": {"uv": [3, 2, 3.25, 2.5], "texture": "#3"},
				"up": {"uv": [3.5, 2.75, 3, 2.5], "texture": "#3"},
				"down": {"uv": [3.5, 2.75, 3, 3], "texture": "#3"}
			}
		},
		{
			"from": [4.53318, 0.24997, 7.75],
			"to": [6.03318, 0.39997, 8.26],
			"rotation": {"angle": 22.5, "axis": "z", "origin": [6.01433, -1.21304, 8.125]},
			"faces": {
				"north": {"uv": [7.25, 0.5, 7.625, 0.5625], "texture": "#3"},
				"east": {"uv": [2.25, 8.5, 2.375, 8.5625], "texture": "#3"},
				"south": {"uv": [7.25, 0.75, 7.625, 0.8125], "texture": "#3"},
				"west": {"uv": [8.5, 2.25, 8.625, 2.3125], "texture": "#3"},
				"up": {"uv": [1.875, 5.875, 1.5, 5.75], "texture": "#3"},
				"down": {"uv": [6.125, 1.5, 5.75, 1.625], "texture": "#3"}
			}
		},
		{
			"from": [3.87509, -1.23729, 7.75],
			"to": [5.37509, -1.08729, 8.25],
			"rotation": {"angle": -22.5, "axis": "z", "origin": [6.01433, -1.21304, 8.125]},
			"faces": {
				"north": {"uv": [7.25, 1, 7.625, 1.0625], "texture": "#3"},
				"east": {"uv": [2.5, 8.5, 2.625, 8.5625], "texture": "#3"},
				"south": {"uv": [7.25, 1.25, 7.625, 1.3125], "texture": "#3"},
				"west": {"uv": [8.5, 2.5, 8.625, 2.5625], "texture": "#3"},
				"up": {"uv": [6.125, 1.875, 5.75, 1.75], "texture": "#3"},
				"down": {"uv": [2.375, 5.75, 2, 5.875], "texture": "#3"}
			}
		},
		{
			"from": [3.95729, -2.05409, 7.75],
			"to": [4.04721, -1.96417, 8.25],
			"rotation": {"angle": -45, "axis": "z", "origin": [6.01433, -1.21304, 8.125]},
			"faces": {
				"north": {"uv": [4.25, 9.5, 4.3125, 9.5625], "texture": "#3"},
				"east": {"uv": [2.75, 8.5, 2.875, 8.5625], "texture": "#3"},
				"south": {"uv": [9.5, 4.25, 9.5625, 4.3125], "texture": "#3"},
				"west": {"uv": [8.5, 2.75, 8.625, 2.8125], "texture": "#3"},
				"up": {"uv": [3.0625, 8.625, 3, 8.5], "texture": "#3"},
				"down": {"uv": [8.5625, 3, 8.5, 3.125], "texture": "#3"}
			}
		},
		{
			"from": [4.74244, -0.70321, 7.75],
			"to": [5.49244, -0.00321, 8.25],
			"rotation": {"angle": 0, "axis": "z", "origin": [6.01433, -1.21304, 8.125]},
			"faces": {
				"north": {"uv": [6.25, 4.25, 6.4375, 4.4375], "texture": "#3"},
				"east": {"uv": [0.75, 7.25, 0.875, 7.4375], "texture": "#3"},
				"south": {"uv": [4.5, 6.25, 4.6875, 6.4375], "texture": "#3"},
				"west": {"uv": [1.5, 7.25, 1.625, 7.4375], "texture": "#3"},
				"up": {"uv": [7.4375, 1.625, 7.25, 1.5], "texture": "#3"},
				"down": {"uv": [1.9375, 7.25, 1.75, 7.375], "texture": "#3"}
			}
		},
		{
			"from": [4.24244, -0.50321, 7.75],
			"to": [4.59244, -0.20321, 8.25],
			"rotation": {"angle": 0, "axis": "z", "origin": [6.01433, -1.21304, 8.125]},
			"faces": {
				"north": {"uv": [4.5, 9.5, 4.5625, 9.5625], "texture": "#3"},
				"east": {"uv": [3.25, 8.5, 3.375, 8.5625], "texture": "#3"},
				"south": {"uv": [9.5, 4.5, 9.5625, 4.5625], "texture": "#3"},
				"west": {"uv": [8.5, 3.25, 8.625, 3.3125], "texture": "#3"},
				"up": {"uv": [3.5625, 8.625, 3.5, 8.5], "texture": "#3"},
				"down": {"uv": [8.5625, 3.5, 8.5, 3.625], "texture": "#3"}
			}
		},
		{
			"from": [4.59244, -0.55321, 7.75],
			"to": [4.74244, -0.15321, 8.25],
			"rotation": {"angle": 0, "axis": "z", "origin": [6.01433, -1.21304, 8.125]},
			"faces": {
				"north": {"uv": [3.75, 8.5, 3.8125, 8.625], "texture": "#3"},
				"east": {"uv": [8, 0.5, 8.125, 0.625], "texture": "#3"},
				"south": {"uv": [8.5, 3.75, 8.5625, 3.875], "texture": "#3"},
				"west": {"uv": [0.75, 8, 0.875, 8.125], "texture": "#3"},
				"up": {"uv": [4.0625, 8.625, 4, 8.5], "texture": "#3"},
				"down": {"uv": [8.5625, 4, 8.5, 4.125], "texture": "#3"}
			}
		},
		{
			"from": [5.09244, -0.00321, 7.75],
			"to": [5.49244, 0.14679, 8.25],
			"rotation": {"angle": 0, "axis": "z", "origin": [6.01433, -1.21304, 8.125]},
			"faces": {
				"north": {"uv": [4.25, 8.5, 4.375, 8.5625], "texture": "#3"},
				"east": {"uv": [8.5, 4.25, 8.625, 4.3125], "texture": "#3"},
				"south": {"uv": [4.5, 8.5, 4.625, 8.5625], "texture": "#3"},
				"west": {"uv": [8.5, 4.5, 8.625, 4.5625], "texture": "#3"},
				"up": {"uv": [8.125, 0.875, 8, 0.75], "texture": "#3"},
				"down": {"uv": [1.125, 8, 1, 8.125], "texture": "#3"}
			}
		},
		{
			"from": [5.09244, -0.85321, 7.75],
			"to": [5.49244, -0.70321, 8.25],
			"rotation": {"angle": 0, "axis": "z", "origin": [6.01433, -1.21304, 8.125]},
			"faces": {
				"north": {"uv": [4.75, 8.5, 4.875, 8.5625], "texture": "#3"},
				"east": {"uv": [8.5, 4.75, 8.625, 4.8125], "texture": "#3"},
				"south": {"uv": [5, 8.5, 5.125, 8.5625], "texture": "#3"},
				"west": {"uv": [8.5, 5, 8.625, 5.0625], "texture": "#3"},
				"up": {"uv": [8.125, 1.125, 8, 1], "texture": "#3"},
				"down": {"uv": [1.375, 8, 1.25, 8.125], "texture": "#3"}
			}
		},
		{
			"from": [5.3365, -0.00321, 7.75],
			"to": [5.7365, 0.14679, 8.25],
			"rotation": {"angle": 0, "axis": "z", "origin": [6.01433, -1.21304, 8.125]},
			"faces": {
				"north": {"uv": [5.25, 8.5, 5.375, 8.5625], "texture": "#3"},
				"east": {"uv": [8.5, 5.25, 8.625, 5.3125], "texture": "#3"},
				"south": {"uv": [5.5, 8.5, 5.625, 8.5625], "texture": "#3"},
				"west": {"uv": [8.5, 5.5, 8.625, 5.5625], "texture": "#3"},
				"up": {"uv": [1.625, 8.125, 1.5, 8], "texture": "#3"},
				"down": {"uv": [8.125, 1.5, 8, 1.625], "texture": "#3"}
			}
		},
		{
			"from": [5.3365, -0.85321, 7.75],
			"to": [5.7365, -0.70321, 8.25],
			"rotation": {"angle": 0, "axis": "z", "origin": [6.01433, -1.21304, 8.125]},
			"faces": {
				"north": {"uv": [5.75, 8.5, 5.875, 8.5625], "texture": "#3"},
				"east": {"uv": [8.5, 5.75, 8.625, 5.8125], "texture": "#3"},
				"south": {"uv": [6, 8.5, 6.125, 8.5625], "texture": "#3"},
				"west": {"uv": [8.5, 6, 8.625, 6.0625], "texture": "#3"},
				"up": {"uv": [8.125, 1.875, 8, 1.75], "texture": "#3"},
				"down": {"uv": [8.125, 2, 8, 2.125], "texture": "#3"}
			}
		},
		{
			"from": [6.0865, -0.55321, 7.75],
			"to": [6.2365, -0.15321, 8.25],
			"rotation": {"angle": 0, "axis": "z", "origin": [6.01433, -1.21304, 8.125]},
			"faces": {
				"north": {"uv": [6.25, 8.5, 6.3125, 8.625], "texture": "#3"},
				"east": {"uv": [8, 2.25, 8.125, 2.375], "texture": "#3"},
				"south": {"uv": [8.5, 6.25, 8.5625, 6.375], "texture": "#3"},
				"west": {"uv": [2.5, 8, 2.625, 8.125], "texture": "#3"},
				"up": {"uv": [6.5625, 8.625, 6.5, 8.5], "texture": "#3"},
				"down": {"uv": [8.5625, 6.5, 8.5, 6.625], "texture": "#3"}
			}
		},
		{
			"from": [6.2365, -0.50321, 7.75],
			"to": [6.5865, -0.20321, 8.25],
			"rotation": {"angle": 0, "axis": "z", "origin": [6.01433, -1.21304, 8.125]},
			"faces": {
				"north": {"uv": [4.75, 9.5, 4.8125, 9.5625], "texture": "#3"},
				"east": {"uv": [6.75, 8.5, 6.875, 8.5625], "texture": "#3"},
				"south": {"uv": [9.5, 4.75, 9.5625, 4.8125], "texture": "#3"},
				"west": {"uv": [8.5, 6.75, 8.625, 6.8125], "texture": "#3"},
				"up": {"uv": [7.0625, 8.625, 7, 8.5], "texture": "#3"},
				"down": {"uv": [8.5625, 7, 8.5, 7.125], "texture": "#3"}
			}
		},
		{
			"from": [5.3365, -0.70321, 7.75],
			"to": [6.0865, -0.00321, 8.25],
			"rotation": {"angle": 0, "axis": "z", "origin": [6.01433, -1.21304, 8.125]},
			"faces": {
				"north": {"uv": [6.25, 4.5, 6.4375, 4.6875], "texture": "#3"},
				"east": {"uv": [2, 7.25, 2.125, 7.4375], "texture": "#3"},
				"south": {"uv": [4.75, 6.25, 4.9375, 6.4375], "texture": "#3"},
				"west": {"uv": [2.25, 7.25, 2.375, 7.4375], "texture": "#3"},
				"up": {"uv": [7.4375, 2.375, 7.25, 2.25], "texture": "#3"},
				"down": {"uv": [2.6875, 7.25, 2.5, 7.375], "texture": "#3"}
			}
		},
		{
			"from": [5.91713, -0.09425, 7.75],
			"to": [6.00705, -0.00433, 8.25],
			"rotation": {"angle": -45, "axis": "z", "origin": [6.01433, -1.21304, 8.125]},
			"faces": {
				"north": {"uv": [5, 9.5, 5.0625, 9.5625], "texture": "#3"},
				"east": {"uv": [7.25, 8.5, 7.375, 8.5625], "texture": "#3"},
				"south": {"uv": [9.5, 5, 9.5625, 5.0625], "texture": "#3"},
				"west": {"uv": [8.5, 7.25, 8.625, 7.3125], "texture": "#3"},
				"up": {"uv": [7.5625, 8.625, 7.5, 8.5], "texture": "#3"},
				"down": {"uv": [8.5625, 7.5, 8.5, 7.625], "texture": "#3"}
			}
		},
		{
			"from": [4.88709, -0.20914, 7.75],
			"to": [6.38709, -0.05914, 8.25],
			"rotation": {"angle": -22.5, "axis": "z", "origin": [6.01433, -1.21304, 8.125]},
			"faces": {
				"north": {"uv": [2.75, 7.25, 3.125, 7.3125], "texture": "#3"},
				"east": {"uv": [7.75, 8.5, 7.875, 8.5625], "texture": "#3"},
				"south": {"uv": [3.25, 7.25, 3.625, 7.3125], "texture": "#3"},
				"west": {"uv": [8.5, 7.75, 8.625, 7.8125], "texture": "#3"},
				"up": {"uv": [6.125, 2.125, 5.75, 2], "texture": "#3"},
				"down": {"uv": [6.125, 2.25, 5.75, 2.375], "texture": "#3"}
			}
		},
		{
			"from": [5.54518, -0.77818, 7.75],
			"to": [7.04518, -0.62818, 8.25],
			"rotation": {"angle": 22.5, "axis": "z", "origin": [6.01433, -1.21304, 8.125]},
			"faces": {
				"north": {"uv": [7.25, 3.5, 7.625, 3.5625], "texture": "#3"},
				"east": {"uv": [8, 8.5, 8.125, 8.5625], "texture": "#3"},
				"south": {"uv": [3.75, 7.25, 4.125, 7.3125], "texture": "#3"},
				"west": {"uv": [8.5, 8, 8.625, 8.0625], "texture": "#3"},
				"up": {"uv": [2.875, 5.875, 2.5, 5.75], "texture": "#3"},
				"down": {"uv": [6.125, 3.75, 5.75, 3.875], "texture": "#3"}
			}
		},
		{
			"from": [9.96682, 0.24997, 7.75],
			"to": [11.46682, 0.39997, 8.26],
			"rotation": {"angle": -22.5, "axis": "z", "origin": [9.98567, -1.21304, 8.125]},
			"faces": {
				"north": {"uv": [7.25, 3.75, 7.625, 3.8125], "texture": "#3"},
				"east": {"uv": [8.25, 8.5, 8.375, 8.5625], "texture": "#3"},
				"south": {"uv": [7.25, 4, 7.625, 4.0625], "texture": "#3"},
				"west": {"uv": [8.5, 8.25, 8.625, 8.3125], "texture": "#3"},
				"up": {"uv": [6.125, 4.125, 5.75, 4], "texture": "#3"},
				"down": {"uv": [6.125, 4.25, 5.75, 4.375], "texture": "#3"}
			}
		},
		{
			"from": [10.62491, -1.23729, 7.75],
			"to": [12.12491, -1.08729, 8.25],
			"rotation": {"angle": 22.5, "axis": "z", "origin": [9.98567, -1.21304, 8.125]},
			"faces": {
				"north": {"uv": [7.25, 4.25, 7.625, 4.3125], "texture": "#3"},
				"east": {"uv": [8.5, 8.5, 8.625, 8.5625], "texture": "#3"},
				"south": {"uv": [7.25, 4.75, 7.625, 4.8125], "texture": "#3"},
				"west": {"uv": [0, 8.75, 0.125, 8.8125], "texture": "#3"},
				"up": {"uv": [4.875, 5.875, 4.5, 5.75], "texture": "#3"},
				"down": {"uv": [6.125, 4.5, 5.75, 4.625], "texture": "#3"}
			}
		},
		{
			"from": [11.95279, -2.05409, 7.75],
			"to": [12.04271, -1.96417, 8.25],
			"rotation": {"angle": 45, "axis": "z", "origin": [9.98567, -1.21304, 8.125]},
			"faces": {
				"north": {"uv": [5.25, 9.5, 5.3125, 9.5625], "texture": "#3"},
				"east": {"uv": [8.75, 0, 8.875, 0.0625], "texture": "#3"},
				"south": {"uv": [9.5, 5.25, 9.5625, 5.3125], "texture": "#3"},
				"west": {"uv": [0.25, 8.75, 0.375, 8.8125], "texture": "#3"},
				"up": {"uv": [8.8125, 0.375, 8.75, 0.25], "texture": "#3"},
				"down": {"uv": [0.5625, 8.75, 0.5, 8.875], "texture": "#3"}
			}
		},
		{
			"from": [10.50756, -0.70321, 7.75],
			"to": [11.25756, -0.00321, 8.25],
			"rotation": {"angle": 0, "axis": "z", "origin": [9.98567, -1.21304, 8.125]},
			"faces": {
				"north": {"uv": [5, 6.25, 5.1875, 6.4375], "texture": "#3"},
				"east": {"uv": [4.75, 7.25, 4.875, 7.4375], "texture": "#3"},
				"south": {"uv": [6.25, 5, 6.4375, 5.1875], "texture": "#3"},
				"west": {"uv": [7.25, 5, 7.375, 5.1875], "texture": "#3"},
				"up": {"uv": [7.4375, 5.625, 7.25, 5.5], "texture": "#3"},
				"down": {"uv": [7.4375, 5.75, 7.25, 5.875], "texture": "#3"}
			}
		},
		{
			"from": [11.40756, -0.50321, 7.75],
			"to": [11.75756, -0.20321, 8.25],
			"rotation": {"angle": 0, "axis": "z", "origin": [9.98567, -1.21304, 8.125]},
			"faces": {
				"north": {"uv": [5.5, 9.5, 5.5625, 9.5625], "texture": "#3"},
				"east": {"uv": [8.75, 0.5, 8.875, 0.5625], "texture": "#3"},
				"south": {"uv": [9.5, 5.5, 9.5625, 5.5625], "texture": "#3"},
				"west": {"uv": [0.75, 8.75, 0.875, 8.8125], "texture": "#3"},
				"up": {"uv": [8.8125, 0.875, 8.75, 0.75], "texture": "#3"},
				"down": {"uv": [1.0625, 8.75, 1, 8.875], "texture": "#3"}
			}
		},
		{
			"from": [11.25756, -0.55321, 7.75],
			"to": [11.40756, -0.15321, 8.25],
			"rotation": {"angle": 0, "axis": "z", "origin": [9.98567, -1.21304, 8.125]},
			"faces": {
				"north": {"uv": [8.75, 1, 8.8125, 1.125], "texture": "#3"},
				"east": {"uv": [2.75, 8, 2.875, 8.125], "texture": "#3"},
				"south": {"uv": [1.25, 8.75, 1.3125, 8.875], "texture": "#3"},
				"west": {"uv": [8, 2.75, 8.125, 2.875], "texture": "#3"},
				"up": {"uv": [8.8125, 1.375, 8.75, 1.25], "texture": "#3"},
				"down": {"uv": [1.5625, 8.75, 1.5, 8.875], "texture": "#3"}
			}
		},
		{
			"from": [10.50756, -0.00321, 7.75],
			"to": [10.90756, 0.14679, 8.25],
			"rotation": {"angle": 0, "axis": "z", "origin": [9.98567, -1.21304, 8.125]},
			"faces": {
				"north": {"uv": [8.75, 1.5, 8.875, 1.5625], "texture": "#3"},
				"east": {"uv": [1.75, 8.75, 1.875, 8.8125], "texture": "#3"},
				"south": {"uv": [8.75, 1.75, 8.875, 1.8125], "texture": "#3"},
				"west": {"uv": [2, 8.75, 2.125, 8.8125], "texture": "#3"},
				"up": {"uv": [3.125, 8.125, 3, 8], "texture": "#3"},
				"down": {"uv": [8.125, 3, 8, 3.125], "texture": "#3"}
			}
		},
		{
			"from": [10.50756, -0.85321, 7.75],
			"to": [10.90756, -0.70321, 8.25],
			"rotation": {"angle": 0, "axis": "z", "origin": [9.98567, -1.21304, 8.125]},
			"faces": {
				"north": {"uv": [8.75, 2, 8.875, 2.0625], "texture": "#3"},
				"east": {"uv": [2.25, 8.75, 2.375, 8.8125], "texture": "#3"},
				"south": {"uv": [8.75, 2.25, 8.875, 2.3125], "texture": "#3"},
				"west": {"uv": [2.5, 8.75, 2.625, 8.8125], "texture": "#3"},
				"up": {"uv": [3.375, 8.125, 3.25, 8], "texture": "#3"},
				"down": {"uv": [8.125, 3.25, 8, 3.375], "texture": "#3"}
			}
		},
		{
			"from": [10.2635, -0.00321, 7.75],
			"to": [10.6635, 0.14679, 8.25],
			"rotation": {"angle": 0, "axis": "z", "origin": [9.98567, -1.21304, 8.125]},
			"faces": {
				"north": {"uv": [8.75, 2.5, 8.875, 2.5625], "texture": "#3"},
				"east": {"uv": [2.75, 8.75, 2.875, 8.8125], "texture": "#3"},
				"south": {"uv": [8.75, 2.75, 8.875, 2.8125], "texture": "#3"},
				"west": {"uv": [3, 8.75, 3.125, 8.8125], "texture": "#3"},
				"up": {"uv": [3.625, 8.125, 3.5, 8], "texture": "#3"},
				"down": {"uv": [8.125, 3.5, 8, 3.625], "texture": "#3"}
			}
		},
		{
			"from": [10.2635, -0.85321, 7.75],
			"to": [10.6635, -0.70321, 8.25],
			"rotation": {"angle": 0, "axis": "z", "origin": [9.98567, -1.21304, 8.125]},
			"faces": {
				"north": {"uv": [8.75, 3, 8.875, 3.0625], "texture": "#3"},
				"east": {"uv": [3.25, 8.75, 3.375, 8.8125], "texture": "#3"},
				"south": {"uv": [8.75, 3.25, 8.875, 3.3125], "texture": "#3"},
				"west": {"uv": [3.5, 8.75, 3.625, 8.8125], "texture": "#3"},
				"up": {"uv": [3.875, 8.125, 3.75, 8], "texture": "#3"},
				"down": {"uv": [8.125, 3.75, 8, 3.875], "texture": "#3"}
			}
		},
		{
			"from": [9.7635, -0.55321, 7.75],
			"to": [9.9135, -0.15321, 8.25],
			"rotation": {"angle": 0, "axis": "z", "origin": [9.98567, -1.21304, 8.125]},
			"faces": {
				"north": {"uv": [8.75, 3.5, 8.8125, 3.625], "texture": "#3"},
				"east": {"uv": [4, 8, 4.125, 8.125], "texture": "#3"},
				"south": {"uv": [3.75, 8.75, 3.8125, 8.875], "texture": "#3"},
				"west": {"uv": [4.25, 8, 4.375, 8.125], "texture": "#3"},
				"up": {"uv": [8.8125, 3.875, 8.75, 3.75], "texture": "#3"},
				"down": {"uv": [4.0625, 8.75, 4, 8.875], "texture": "#3"}
			}
		},
		{
			"from": [9.4135, -0.50321, 7.75],
			"to": [9.7635, -0.20321, 8.25],
			"rotation": {"angle": 0, "axis": "z", "origin": [9.98567, -1.21304, 8.125]},
			"faces": {
				"north": {"uv": [5.75, 9.5, 5.8125, 9.5625], "texture": "#3"},
				"east": {"uv": [8.75, 4, 8.875, 4.0625], "texture": "#3"},
				"south": {"uv": [9.5, 5.75, 9.5625, 5.8125], "texture": "#3"},
				"west": {"uv": [4.25, 8.75, 4.375, 8.8125], "texture": "#3"},
				"up": {"uv": [8.8125, 4.375, 8.75, 4.25], "texture": "#3"},
				"down": {"uv": [4.5625, 8.75, 4.5, 8.875], "texture": "#3"}
			}
		},
		{
			"from": [9.9135, -0.70321, 7.75],
			"to": [10.6635, -0.00321, 8.25],
			"rotation": {"angle": 0, "axis": "z", "origin": [9.98567, -1.21304, 8.125]},
			"faces": {
				"north": {"uv": [5.25, 6.25, 5.4375, 6.4375], "texture": "#3"},
				"east": {"uv": [6, 7.25, 6.125, 7.4375], "texture": "#3"},
				"south": {"uv": [6.25, 5.5, 6.4375, 5.6875], "texture": "#3"},
				"west": {"uv": [6.25, 7.25, 6.375, 7.4375], "texture": "#3"},
				"up": {"uv": [6.6875, 7.375, 6.5, 7.25], "texture": "#3"},
				"down": {"uv": [6.9375, 7.25, 6.75, 7.375], "texture": "#3"}
			}
		},
		{
			"from": [9.99295, -0.09425, 7.75],
			"to": [10.08287, -0.00433, 8.25],
			"rotation": {"angle": 45, "axis": "z", "origin": [9.98567, -1.21304, 8.125]},
			"faces": {
				"north": {"uv": [6, 9.5, 6.0625, 9.5625], "texture": "#3"},
				"east": {"uv": [8.75, 4.5, 8.875, 4.5625], "texture": "#3"},
				"south": {"uv": [9.5, 6, 9.5625, 6.0625], "texture": "#3"},
				"west": {"uv": [4.75, 8.75, 4.875, 8.8125], "texture": "#3"},
				"up": {"uv": [8.8125, 4.875, 8.75, 4.75], "texture": "#3"},
				"down": {"uv": [5.0625, 8.75, 5, 8.875], "texture": "#3"}
			}
		},
		{
			"from": [9.61291, -0.20914, 7.75],
			"to": [11.11291, -0.05914, 8.25],
			"rotation": {"angle": 22.5, "axis": "z", "origin": [9.98567, -1.21304, 8.125]},
			"faces": {
				"north": {"uv": [7, 7.25, 7.375, 7.3125], "texture": "#3"},
				"east": {"uv": [8.75, 5, 8.875, 5.0625], "texture": "#3"},
				"south": {"uv": [7.5, 0, 7.875, 0.0625], "texture": "#3"},
				"west": {"uv": [5.25, 8.75, 5.375, 8.8125], "texture": "#3"},
				"up": {"uv": [6.125, 5.125, 5.75, 5], "texture": "#3"},
				"down": {"uv": [6.125, 5.5, 5.75, 5.625], "texture": "#3"}
			}
		},
		{
			"from": [8.95482, -0.77818, 7.75],
			"to": [10.45482, -0.62818, 8.25],
			"rotation": {"angle": -22.5, "axis": "z", "origin": [9.98567, -1.21304, 8.125]},
			"faces": {
				"north": {"uv": [7.5, 0.25, 7.875, 0.3125], "texture": "#3"},
				"east": {"uv": [8.75, 5.25, 8.875, 5.3125], "texture": "#3"},
				"south": {"uv": [0.75, 7.5, 1.125, 7.5625], "texture": "#3"},
				"west": {"uv": [5.5, 8.75, 5.625, 8.8125], "texture": "#3"},
				"up": {"uv": [6.125, 5.875, 5.75, 5.75], "texture": "#3"},
				"down": {"uv": [0.375, 6, 0, 6.125], "texture": "#3"}
			}
		},
		{
			"from": [9.64153, 0.78586, 7.74],
			"to": [11.14153, 0.93586, 8.26],
			"rotation": {"angle": 0, "axis": "z", "origin": [9.78567, -1.01304, 8.115]},
			"faces": {
				"north": {"uv": [1.25, 7.5, 1.625, 7.5625], "texture": "#3"},
				"east": {"uv": [8.75, 5.5, 8.875, 5.5625], "texture": "#3"},
				"south": {"uv": [7.5, 1.5, 7.875, 1.5625], "texture": "#3"},
				"west": {"uv": [5.75, 8.75, 5.875, 8.8125], "texture": "#3"},
				"up": {"uv": [6.375, 0.125, 6, 0], "texture": "#3"},
				"down": {"uv": [6.375, 0.25, 6, 0.375], "texture": "#3"}
			}
		},
		{
			"from": [10.57383, -0.71118, 7.74],
			"to": [12.07383, -0.56118, 8.26],
			"rotation": {"angle": 45, "axis": "z", "origin": [9.78567, -1.01304, 8.115]},
			"faces": {
				"north": {"uv": [1.75, 7.5, 2.125, 7.5625], "texture": "#3"},
				"east": {"uv": [8.75, 5.75, 8.875, 5.8125], "texture": "#3"},
				"south": {"uv": [7.5, 1.75, 7.875, 1.8125], "texture": "#3"},
				"west": {"uv": [6, 8.75, 6.125, 8.8125], "texture": "#3"},
				"up": {"uv": [0.875, 6.125, 0.5, 6], "texture": "#3"},
				"down": {"uv": [6.375, 0.5, 6, 0.625], "texture": "#3"}
			}
		},
		{
			"from": [10.2925, 1.21645, 7.74],
			"to": [10.38242, 1.30637, 8.26],
			"rotation": {"angle": -22.5, "axis": "z", "origin": [9.78567, -1.01304, 8.115]},
			"faces": {
				"north": {"uv": [6.25, 9.5, 6.3125, 9.5625], "texture": "#3"},
				"east": {"uv": [8.75, 6, 8.875, 6.0625], "texture": "#3"},
				"south": {"uv": [9.5, 6.25, 9.5625, 6.3125], "texture": "#3"},
				"west": {"uv": [6.25, 8.75, 6.375, 8.8125], "texture": "#3"},
				"up": {"uv": [8.8125, 6.375, 8.75, 6.25], "texture": "#3"},
				"down": {"uv": [6.5625, 8.75, 6.5, 8.875], "texture": "#3"}
			}
		},
		{
			"from": [10.32034, -0.14493, 7.74],
			"to": [11.07034, 0.55507, 8.26],
			"rotation": {"angle": 22.5, "axis": "z", "origin": [9.78567, -1.01304, 8.115]},
			"faces": {
				"north": {"uv": [6.25, 5.75, 6.4375, 5.9375], "texture": "#3"},
				"east": {"uv": [7.5, 2, 7.625, 2.1875], "texture": "#3"},
				"south": {"uv": [6.25, 6, 6.4375, 6.1875], "texture": "#3"},
				"west": {"uv": [2.25, 7.5, 2.375, 7.6875], "texture": "#3"},
				"up": {"uv": [7.6875, 2.375, 7.5, 2.25], "texture": "#3"},
				"down": {"uv": [2.6875, 7.5, 2.5, 7.625], "texture": "#3"}
			}
		},
		{
			"from": [11.22034, 0.05507, 7.74],
			"to": [11.57034, 0.35507, 8.26],
			"rotation": {"angle": 22.5, "axis": "z", "origin": [9.78567, -1.01304, 8.115]},
			"faces": {
				"north": {"uv": [6.5, 9.5, 6.5625, 9.5625], "texture": "#3"},
				"east": {"uv": [8.75, 6.5, 8.875, 6.5625], "texture": "#3"},
				"south": {"uv": [9.5, 6.5, 9.5625, 6.5625], "texture": "#3"},
				"west": {"uv": [6.75, 8.75, 6.875, 8.8125], "texture": "#3"},
				"up": {"uv": [8.8125, 6.875, 8.75, 6.75], "texture": "#3"},
				"down": {"uv": [7.0625, 8.75, 7, 8.875], "texture": "#3"}
			}
		},
		{
			"from": [11.07034, 0.00507, 7.74],
			"to": [11.22034, 0.40507, 8.26],
			"rotation": {"angle": 22.5, "axis": "z", "origin": [9.78567, -1.01304, 8.115]},
			"faces": {
				"north": {"uv": [8.75, 7, 8.8125, 7.125], "texture": "#3"},
				"east": {"uv": [8, 4.25, 8.125, 4.375], "texture": "#3"},
				"south": {"uv": [7.25, 8.75, 7.3125, 8.875], "texture": "#3"},
				"west": {"uv": [4.5, 8, 4.625, 8.125], "texture": "#3"},
				"up": {"uv": [8.8125, 7.375, 8.75, 7.25], "texture": "#3"},
				"down": {"uv": [7.5625, 8.75, 7.5, 8.875], "texture": "#3"}
			}
		},
		{
			"from": [10.32034, 0.55507, 7.74],
			"to": [10.72034, 0.70507, 8.26],
			"rotation": {"angle": 22.5, "axis": "z", "origin": [9.78567, -1.01304, 8.115]},
			"faces": {
				"north": {"uv": [8.75, 7.5, 8.875, 7.5625], "texture": "#3"},
				"east": {"uv": [7.75, 8.75, 7.875, 8.8125], "texture": "#3"},
				"south": {"uv": [8.75, 7.75, 8.875, 7.8125], "texture": "#3"},
				"west": {"uv": [8, 8.75, 8.125, 8.8125], "texture": "#3"},
				"up": {"uv": [8.125, 4.625, 8, 4.5], "texture": "#3"},
				"down": {"uv": [8.125, 4.75, 8, 4.875], "texture": "#3"}
			}
		},
		{
			"from": [10.32034, -0.29493, 7.74],
			"to": [10.72034, -0.14493, 8.26],
			"rotation": {"angle": 22.5, "axis": "z", "origin": [9.78567, -1.01304, 8.115]},
			"faces": {
				"north": {"uv": [8.75, 8, 8.875, 8.0625], "texture": "#3"},
				"east": {"uv": [8.25, 8.75, 8.375, 8.8125], "texture": "#3"},
				"south": {"uv": [8.75, 8.25, 8.875, 8.3125], "texture": "#3"},
				"west": {"uv": [8.5, 8.75, 8.625, 8.8125], "texture": "#3"},
				"up": {"uv": [8.125, 5.125, 8, 5], "texture": "#3"},
				"down": {"uv": [5.375, 8, 5.25, 8.125], "texture": "#3"}
			}
		},
		{
			"from": [10.07628, 0.55507, 7.74],
			"to": [10.47628, 0.70507, 8.26],
			"rotation": {"angle": 22.5, "axis": "z", "origin": [9.78567, -1.01304, 8.115]},
			"faces": {
				"north": {"uv": [8.75, 8.5, 8.875, 8.5625], "texture": "#3"},
				"east": {"uv": [8.75, 8.75, 8.875, 8.8125], "texture": "#3"},
				"south": {"uv": [0, 9, 0.125, 9.0625], "texture": "#3"},
				"west": {"uv": [9, 0, 9.125, 0.0625], "texture": "#3"},
				"up": {"uv": [8.125, 5.375, 8, 5.25], "texture": "#3"},
				"down": {"uv": [8.125, 5.5, 8, 5.625], "texture": "#3"}
			}
		},
		{
			"from": [10.07628, -0.29493, 7.74],
			"to": [10.47628, -0.14493, 8.26],
			"rotation": {"angle": 22.5, "axis": "z", "origin": [9.78567, -1.01304, 8.115]},
			"faces": {
				"north": {"uv": [0.25, 9, 0.375, 9.0625], "texture": "#3"},
				"east": {"uv": [9, 0.25, 9.125, 0.3125], "texture": "#3"},
				"south": {"uv": [0.5, 9, 0.625, 9.0625], "texture": "#3"},
				"west": {"uv": [9, 0.5, 9.125, 0.5625], "texture": "#3"},
				"up": {"uv": [5.875, 8.125, 5.75, 8], "texture": "#3"},
				"down": {"uv": [8.125, 5.75, 8, 5.875], "texture": "#3"}
			}
		},
		{
			"from": [9.57628, 0.00507, 7.74],
			"to": [9.72628, 0.40507, 8.26],
			"rotation": {"angle": 22.5, "axis": "z", "origin": [9.78567, -1.01304, 8.115]},
			"faces": {
				"north": {"uv": [0.75, 9, 0.8125, 9.125], "texture": "#3"},
				"east": {"uv": [6, 8, 6.125, 8.125], "texture": "#3"},
				"south": {"uv": [9, 0.75, 9.0625, 0.875], "texture": "#3"},
				"west": {"uv": [8, 6, 8.125, 6.125], "texture": "#3"},
				"up": {"uv": [1.0625, 9.125, 1, 9], "texture": "#3"},
				"down": {"uv": [9.0625, 1, 9, 1.125], "texture": "#3"}
			}
		},
		{
			"from": [9.22628, 0.05507, 7.74],
			"to": [9.57628, 0.35507, 8.26],
			"rotation": {"angle": 22.5, "axis": "z", "origin": [9.78567, -1.01304, 8.115]},
			"faces": {
				"north": {"uv": [6.75, 9.5, 6.8125, 9.5625], "texture": "#3"},
				"east": {"uv": [1.25, 9, 1.375, 9.0625], "texture": "#3"},
				"south": {"uv": [9.5, 6.75, 9.5625, 6.8125], "texture": "#3"},
				"west": {"uv": [9, 1.25, 9.125, 1.3125], "texture": "#3"},
				"up": {"uv": [1.5625, 9.125, 1.5, 9], "texture": "#3"},
				"down": {"uv": [9.0625, 1.5, 9, 1.625], "texture": "#3"}
			}
		},
		{
			"from": [9.72628, -0.14493, 7.74],
			"to": [10.47628, 0.55507, 8.26],
			"rotation": {"angle": 22.5, "axis": "z", "origin": [9.78567, -1.01304, 8.115]},
			"faces": {
				"north": {"uv": [6.25, 6.25, 6.4375, 6.4375], "texture": "#3"},
				"east": {"uv": [7.5, 2.5, 7.625, 2.6875], "texture": "#3"},
				"south": {"uv": [6.5, 0, 6.6875, 0.1875], "texture": "#3"},
				"west": {"uv": [2.75, 7.5, 2.875, 7.6875], "texture": "#3"},
				"up": {"uv": [7.6875, 2.875, 7.5, 2.75], "texture": "#3"},
				"down": {"uv": [3.1875, 7.5, 3, 7.625], "texture": "#3"}
			}
		},
		{
			"from": [8.33266, -0.74339, 7.74],
			"to": [8.42258, -0.65347, 8.26],
			"rotation": {"angle": -22.5, "axis": "z", "origin": [9.78567, -1.01304, 8.115]},
			"faces": {
				"north": {"uv": [7, 9.5, 7.0625, 9.5625], "texture": "#3"},
				"east": {"uv": [1.75, 9, 1.875, 9.0625], "texture": "#3"},
				"south": {"uv": [9.5, 7, 9.5625, 7.0625], "texture": "#3"},
				"west": {"uv": [9, 1.75, 9.125, 1.8125], "texture": "#3"},
				"up": {"uv": [2.0625, 9.125, 2, 9], "texture": "#3"},
				"down": {"uv": [9.0625, 2, 9, 2.125], "texture": "#3"}
			}
		},
		{
			"from": [9.56183, 0.31697, 7.74],
			"to": [11.06183, 0.46697, 8.26],
			"rotation": {"angle": 45, "axis": "z", "origin": [9.78567, -1.01304, 8.115]},
			"faces": {
				"north": {"uv": [7.5, 3, 7.875, 3.0625], "texture": "#3"},
				"east": {"uv": [2.25, 9, 2.375, 9.0625], "texture": "#3"},
				"south": {"uv": [3.25, 7.5, 3.625, 7.5625], "texture": "#3"},
				"west": {"uv": [9, 2.25, 9.125, 2.3125], "texture": "#3"},
				"up": {"uv": [1.375, 6.125, 1, 6], "texture": "#3"},
				"down": {"uv": [6.375, 1.25, 6, 1.375], "texture": "#3"}
			}
		},
		{
			"from": [8.62953, -0.24228, 7.74],
			"to": [10.12953, -0.09228, 8.26],
			"rotation": {"angle": 0, "axis": "z", "origin": [9.78567, -1.01304, 8.115]},
			"faces": {
				"north": {"uv": [7.5, 3.25, 7.875, 3.3125], "texture": "#3"},
				"east": {"uv": [2.5, 9, 2.625, 9.0625], "texture": "#3"},
				"south": {"uv": [3.75, 7.5, 4.125, 7.5625], "texture": "#3"},
				"west": {"uv": [9, 2.5, 9.125, 2.5625], "texture": "#3"},
				"up": {"uv": [1.875, 6.125, 1.5, 6], "texture": "#3"},
				"down": {"uv": [2.375, 6, 2, 6.125], "texture": "#3"}
			}
		},
		{
			"from": [4.85847, 0.78586, 7.74],
			"to": [6.35847, 0.93586, 8.26],
			"rotation": {"angle": 0, "axis": "z", "origin": [6.21433, -1.01304, 8.115]},
			"faces": {
				"north": {"uv": [4.25, 7.5, 4.625, 7.5625], "texture": "#3"},
				"east": {"uv": [2.75, 9, 2.875, 9.0625], "texture": "#3"},
				"south": {"uv": [7.5, 4.5, 7.875, 4.5625], "texture": "#3"},
				"west": {"uv": [9, 2.75, 9.125, 2.8125], "texture": "#3"},
				"up": {"uv": [2.875, 6.125, 2.5, 6], "texture": "#3"},
				"down": {"uv": [6.375, 2.5, 6, 2.625], "texture": "#3"}
			}
		},
		{
			"from": [3.92617, -0.71118, 7.74],
			"to": [5.42617, -0.56118, 8.26],
			"rotation": {"angle": -45, "axis": "z", "origin": [6.21433, -1.01304, 8.115]},
			"faces": {
				"north": {"uv": [4.75, 7.5, 5.125, 7.5625], "texture": "#3"},
				"east": {"uv": [3, 9, 3.125, 9.0625], "texture": "#3"},
				"south": {"uv": [7.5, 5, 7.875, 5.0625], "texture": "#3"},
				"west": {"uv": [9, 3, 9.125, 3.0625], "texture": "#3"},
				"up": {"uv": [6.375, 2.875, 6, 2.75], "texture": "#3"},
				"down": {"uv": [3.375, 6, 3, 6.125], "texture": "#3"}
			}
		},
		{
			"from": [5.61758, 1.21645, 7.74],
			"to": [5.7075, 1.30637, 8.26],
			"rotation": {"angle": 22.5, "axis": "z", "origin": [6.21433, -1.01304, 8.115]},
			"faces": {
				"north": {"uv": [7.25, 9.5, 7.3125, 9.5625], "texture": "#3"},
				"east": {"uv": [3.25, 9, 3.375, 9.0625], "texture": "#3"},
				"south": {"uv": [9.5, 7.25, 9.5625, 7.3125], "texture": "#3"},
				"west": {"uv": [9, 3.25, 9.125, 3.3125], "texture": "#3"},
				"up": {"uv": [3.5625, 9.125, 3.5, 9], "texture": "#3"},
				"down": {"uv": [9.0625, 3.5, 9, 3.625], "texture": "#3"}
			}
		},
		{
			"from": [4.92966, -0.14493, 7.74],
			"to": [5.67966, 0.55507, 8.26],
			"rotation": {"angle": -22.5, "axis": "z", "origin": [6.21433, -1.01304, 8.115]},
			"faces": {
				"north": {"uv": [0.25, 6.5, 0.4375, 6.6875], "texture": "#3"},
				"east": {"uv": [5.25, 7.5, 5.375, 7.6875], "texture": "#3"},
				"south": {"uv": [6.5, 0.25, 6.6875, 0.4375], "texture": "#3"},
				"west": {"uv": [7.5, 5.25, 7.625, 5.4375], "texture": "#3"},
				"up": {"uv": [5.6875, 7.625, 5.5, 7.5], "texture": "#3"},
				"down": {"uv": [7.6875, 5.5, 7.5, 5.625], "texture": "#3"}
			}
		},
		{
			"from": [4.42966, 0.05507, 7.74],
			"to": [4.77966, 0.35507, 8.26],
			"rotation": {"angle": -22.5, "axis": "z", "origin": [6.21433, -1.01304, 8.115]},
			"faces": {
				"north": {"uv": [7.5, 9.5, 7.5625, 9.5625], "texture": "#3"},
				"east": {"uv": [3.75, 9, 3.875, 9.0625], "texture": "#3"},
				"south": {"uv": [9.5, 7.5, 9.5625, 7.5625], "texture": "#3"},
				"west": {"uv": [9, 3.75, 9.125, 3.8125], "texture": "#3"},
				"up": {"uv": [4.0625, 9.125, 4, 9], "texture": "#3"},
				"down": {"uv": [9.0625, 4, 9, 4.125], "texture": "#3"}
			}
		},
		{
			"from": [4.77966, 0.00507, 7.74],
			"to": [4.92966, 0.40507, 8.26],
			"rotation": {"angle": -22.5, "axis": "z", "origin": [6.21433, -1.01304, 8.115]},
			"faces": {
				"north": {"uv": [4.25, 9, 4.3125, 9.125], "texture": "#3"},
				"east": {"uv": [6.25, 8, 6.375, 8.125], "texture": "#3"},
				"south": {"uv": [9, 4.25, 9.0625, 4.375], "texture": "#3"},
				"west": {"uv": [8, 6.25, 8.125, 6.375], "texture": "#3"},
				"up": {"uv": [4.5625, 9.125, 4.5, 9], "texture": "#3"},
				"down": {"uv": [9.0625, 4.5, 9, 4.625], "texture": "#3"}
			}
		},
		{
			"from": [5.27966, 0.55507, 7.74],
			"to": [5.67966, 0.70507, 8.26],
			"rotation": {"angle": -22.5, "axis": "z", "origin": [6.21433, -1.01304, 8.115]},
			"faces": {
				"north": {"uv": [4.75, 9, 4.875, 9.0625], "texture": "#3"},
				"east": {"uv": [9, 4.75, 9.125, 4.8125], "texture": "#3"},
				"south": {"uv": [5, 9, 5.125, 9.0625], "texture": "#3"},
				"west": {"uv": [9, 5, 9.125, 5.0625], "texture": "#3"},
				"up": {"uv": [6.625, 8.125, 6.5, 8], "texture": "#3"},
				"down": {"uv": [8.125, 6.5, 8, 6.625], "texture": "#3"}
			}
		},
		{
			"from": [5.27966, -0.29493, 7.74],
			"to": [5.67966, -0.14493, 8.26],
			"rotation": {"angle": -22.5, "axis": "z", "origin": [6.21433, -1.01304, 8.115]},
			"faces": {
				"north": {"uv": [5.25, 9, 5.375, 9.0625], "texture": "#3"},
				"east": {"uv": [9, 5.25, 9.125, 5.3125], "texture": "#3"},
				"south": {"uv": [5.5, 9, 5.625, 9.0625], "texture": "#3"},
				"west": {"uv": [9, 5.5, 9.125, 5.5625], "texture": "#3"},
				"up": {"uv": [6.875, 8.125, 6.75, 8], "texture": "#3"},
				"down": {"uv": [8.125, 6.75, 8, 6.875], "texture": "#3"}
			}
		},
		{
			"from": [5.52372, 0.55507, 7.74],
			"to": [5.92372, 0.70507, 8.26],
			"rotation": {"angle": -22.5, "axis": "z", "origin": [6.21433, -1.01304, 8.115]},
			"faces": {
				"north": {"uv": [5.75, 9, 5.875, 9.0625], "texture": "#3"},
				"east": {"uv": [9, 5.75, 9.125, 5.8125], "texture": "#3"},
				"south": {"uv": [6, 9, 6.125, 9.0625], "texture": "#3"},
				"west": {"uv": [9, 6, 9.125, 6.0625], "texture": "#3"},
				"up": {"uv": [7.125, 8.125, 7, 8], "texture": "#3"},
				"down": {"uv": [8.125, 7, 8, 7.125], "texture": "#3"}
			}
		},
		{
			"from": [5.52372, -0.29493, 7.74],
			"to": [5.92372, -0.14493, 8.26],
			"rotation": {"angle": -22.5, "axis": "z", "origin": [6.21433, -1.01304, 8.115]},
			"faces": {
				"north": {"uv": [6.25, 9, 6.375, 9.0625], "texture": "#3"},
				"east": {"uv": [9, 6.25, 9.125, 6.3125], "texture": "#3"},
				"south": {"uv": [6.5, 9, 6.625, 9.0625], "texture": "#3"},
				"west": {"uv": [9, 6.5, 9.125, 6.5625], "texture": "#3"},
				"up": {"uv": [7.375, 8.125, 7.25, 8], "texture": "#3"},
				"down": {"uv": [8.125, 7.25, 8, 7.375], "texture": "#3"}
			}
		},
		{
			"from": [6.27372, 0.00507, 7.74],
			"to": [6.42372, 0.40507, 8.26],
			"rotation": {"angle": -22.5, "axis": "z", "origin": [6.21433, -1.01304, 8.115]},
			"faces": {
				"north": {"uv": [6.75, 9, 6.8125, 9.125], "texture": "#3"},
				"east": {"uv": [7.5, 8, 7.625, 8.125], "texture": "#3"},
				"south": {"uv": [9, 6.75, 9.0625, 6.875], "texture": "#3"},
				"west": {"uv": [8, 7.5, 8.125, 7.625], "texture": "#3"},
				"up": {"uv": [7.0625, 9.125, 7, 9], "texture": "#3"},
				"down": {"uv": [9.0625, 7, 9, 7.125], "texture": "#3"}
			}
		},
		{
			"from": [6.42372, 0.05507, 7.74],
			"to": [6.77372, 0.35507, 8.26],
			"rotation": {"angle": -22.5, "axis": "z", "origin": [6.21433, -1.01304, 8.115]},
			"faces": {
				"north": {"uv": [7.75, 9.5, 7.8125, 9.5625], "texture": "#3"},
				"east": {"uv": [7.25, 9, 7.375, 9.0625], "texture": "#3"},
				"south": {"uv": [9.5, 7.75, 9.5625, 7.8125], "texture": "#3"},
				"west": {"uv": [9, 7.25, 9.125, 7.3125], "texture": "#3"},
				"up": {"uv": [7.5625, 9.125, 7.5, 9], "texture": "#3"},
				"down": {"uv": [9.0625, 7.5, 9, 7.625], "texture": "#3"}
			}
		},
		{
			"from": [5.52372, -0.14493, 7.74],
			"to": [6.27372, 0.55507, 8.26],
			"rotation": {"angle": -22.5, "axis": "z", "origin": [6.21433, -1.01304, 8.115]},
			"faces": {
				"north": {"uv": [0.5, 6.5, 0.6875, 6.6875], "texture": "#3"},
				"east": {"uv": [5.75, 7.5, 5.875, 7.6875], "texture": "#3"},
				"south": {"uv": [6.5, 0.5, 6.6875, 0.6875], "texture": "#3"},
				"west": {"uv": [7.5, 5.75, 7.625, 5.9375], "texture": "#3"},
				"up": {"uv": [6.1875, 7.625, 6, 7.5], "texture": "#3"},
				"down": {"uv": [7.6875, 6, 7.5, 6.125], "texture": "#3"}
			}
		},
		{
			"from": [7.57742, -0.74339, 7.74],
			"to": [7.66734, -0.65347, 8.26],
			"rotation": {"angle": 22.5, "axis": "z", "origin": [6.21433, -1.01304, 8.115]},
			"faces": {
				"north": {"uv": [8, 9.5, 8.0625, 9.5625], "texture": "#3"},
				"east": {"uv": [7.75, 9, 7.875, 9.0625], "texture": "#3"},
				"south": {"uv": [9.5, 8, 9.5625, 8.0625], "texture": "#3"},
				"west": {"uv": [9, 7.75, 9.125, 7.8125], "texture": "#3"},
				"up": {"uv": [8.0625, 9.125, 8, 9], "texture": "#3"},
				"down": {"uv": [9.0625, 8, 9, 8.125], "texture": "#3"}
			}
		},
		{
			"from": [4.93817, 0.31697, 7.74],
			"to": [6.43817, 0.46697, 8.26],
			"rotation": {"angle": -45, "axis": "z", "origin": [6.21433, -1.01304, 8.115]},
			"faces": {
				"north": {"uv": [6.25, 7.5, 6.625, 7.5625], "texture": "#3"},
				"east": {"uv": [8.25, 9, 8.375, 9.0625], "texture": "#3"},
				"south": {"uv": [7.5, 6.25, 7.875, 6.3125], "texture": "#3"},
				"west": {"uv": [9, 8.25, 9.125, 8.3125], "texture": "#3"},
				"up": {"uv": [6.375, 3.125, 6, 3], "texture": "#3"},
				"down": {"uv": [6.375, 3.25, 6, 3.375], "texture": "#3"}
			}
		},
		{
			"from": [5.87047, -0.24228, 7.74],
			"to": [7.37047, -0.09228, 8.26],
			"rotation": {"angle": 0, "axis": "z", "origin": [6.21433, -1.01304, 8.115]},
			"faces": {
				"north": {"uv": [7.5, 6.5, 7.875, 6.5625], "texture": "#3"},
				"east": {"uv": [8.5, 9, 8.625, 9.0625], "texture": "#3"},
				"south": {"uv": [6.75, 7.5, 7.125, 7.5625], "texture": "#3"},
				"west": {"uv": [9, 8.5, 9.125, 8.5625], "texture": "#3"},
				"up": {"uv": [3.875, 6.125, 3.5, 6], "texture": "#3"},
				"down": {"uv": [6.375, 3.5, 6, 3.625], "texture": "#3"}
			}
		},
		{
			"from": [5.65724, -1.98347, 7.75],
			"to": [5.80724, -0.48347, 8.25],
			"rotation": {"angle": -22.5, "axis": "z", "origin": [6.01433, -1.21304, 8.125]},
			"faces": {
				"north": {"uv": [7.5, 6.75, 7.5625, 7.125], "texture": "#3"},
				"east": {"uv": [5.25, 5.75, 5.375, 6.125], "texture": "#3"},
				"south": {"uv": [7.25, 7.5, 7.3125, 7.875], "texture": "#3"},
				"west": {"uv": [4, 6, 4.125, 6.375], "texture": "#3"},
				"up": {"uv": [8.8125, 9.125, 8.75, 9], "texture": "#3"},
				"down": {"uv": [9.0625, 8.75, 9, 8.875], "texture": "#3"}
			}
		},
		{
			"from": [5.26572, -1.6228, 7.75],
			"to": [6.76572, -1.4728, 8.25],
			"rotation": {"angle": 22.5, "axis": "z", "origin": [6.01433, -1.21304, 8.125]},
			"faces": {
				"north": {"uv": [7.5, 7.25, 7.875, 7.3125], "texture": "#3"},
				"east": {"uv": [9, 9, 9.125, 9.0625], "texture": "#3"},
				"south": {"uv": [7.5, 7.5, 7.875, 7.5625], "texture": "#3"},
				"west": {"uv": [0, 9.25, 0.125, 9.3125], "texture": "#3"},
				"up": {"uv": [4.625, 6.125, 4.25, 6], "texture": "#3"},
				"down": {"uv": [5.125, 6, 4.75, 6.125], "texture": "#3"}
			}
		},
		{
			"from": [5.38959, -1.87809, 7.75],
			"to": [5.47951, -1.78817, 8.25],
			"rotation": {"angle": 0, "axis": "z", "origin": [6.01433, -1.21304, 8.125]},
			"faces": {
				"north": {"uv": [8.25, 9.5, 8.3125, 9.5625], "texture": "#3"},
				"east": {"uv": [9.25, 0, 9.375, 0.0625], "texture": "#3"},
				"south": {"uv": [9.5, 8.25, 9.5625, 8.3125], "texture": "#3"},
				"west": {"uv": [0.25, 9.25, 0.375, 9.3125], "texture": "#3"},
				"up": {"uv": [9.3125, 0.375, 9.25, 0.25], "texture": "#3"},
				"down": {"uv": [0.5625, 9.25, 0.5, 9.375], "texture": "#3"}
			}
		},
		{
			"from": [5.87968, -1.59155, 7.75],
			"to": [6.62968, -0.89155, 8.25],
			"rotation": {"angle": 45, "axis": "z", "origin": [6.01433, -1.21304, 8.125]},
			"faces": {
				"north": {"uv": [0.75, 6.5, 0.9375, 6.6875], "texture": "#3"},
				"east": {"uv": [0, 7.75, 0.125, 7.9375], "texture": "#3"},
				"south": {"uv": [1, 6.5, 1.1875, 6.6875], "texture": "#3"},
				"west": {"uv": [0.25, 7.75, 0.375, 7.9375], "texture": "#3"},
				"up": {"uv": [0.6875, 7.875, 0.5, 7.75], "texture": "#3"},
				"down": {"uv": [7.9375, 0.5, 7.75, 0.625], "texture": "#3"}
			}
		},
		{
			"from": [5.37968, -1.39155, 7.75],
			"to": [5.72968, -1.09155, 8.25],
			"rotation": {"angle": 45, "axis": "z", "origin": [6.01433, -1.21304, 8.125]},
			"faces": {
				"north": {"uv": [8.5, 9.5, 8.5625, 9.5625], "texture": "#3"},
				"east": {"uv": [9.25, 0.5, 9.375, 0.5625], "texture": "#3"},
				"south": {"uv": [9.5, 8.5, 9.5625, 8.5625], "texture": "#3"},
				"west": {"uv": [0.75, 9.25, 0.875, 9.3125], "texture": "#3"},
				"up": {"uv": [9.3125, 0.875, 9.25, 0.75], "texture": "#3"},
				"down": {"uv": [1.0625, 9.25, 1, 9.375], "texture": "#3"}
			}
		},
		{
			"from": [5.72968, -1.44155, 7.75],
			"to": [5.87968, -1.04155, 8.25],
			"rotation": {"angle": 45, "axis": "z", "origin": [6.01433, -1.21304, 8.125]},
			"faces": {
				"north": {"uv": [9.25, 1, 9.3125, 1.125], "texture": "#3"},
				"east": {"uv": [7.75, 8, 7.875, 8.125], "texture": "#3"},
				"south": {"uv": [1.25, 9.25, 1.3125, 9.375], "texture": "#3"},
				"west": {"uv": [8, 7.75, 8.125, 7.875], "texture": "#3"},
				"up": {"uv": [9.3125, 1.375, 9.25, 1.25], "texture": "#3"},
				"down": {"uv": [1.5625, 9.25, 1.5, 9.375], "texture": "#3"}
			}
		},
		{
			"from": [6.22968, -0.89155, 7.75],
			"to": [6.62968, -0.74155, 8.25],
			"rotation": {"angle": 45, "axis": "z", "origin": [6.01433, -1.21304, 8.125]},
			"faces": {
				"north": {"uv": [9.25, 1.5, 9.375, 1.5625], "texture": "#3"},
				"east": {"uv": [1.75, 9.25, 1.875, 9.3125], "texture": "#3"},
				"south": {"uv": [9.25, 1.75, 9.375, 1.8125], "texture": "#3"},
				"west": {"uv": [2, 9.25, 2.125, 9.3125], "texture": "#3"},
				"up": {"uv": [8.125, 8.125, 8, 8], "texture": "#3"},
				"down": {"uv": [0.125, 8.25, 0, 8.375], "texture": "#3"}
			}
		},
		{
			"from": [6.22968, -1.74155, 7.75],
			"to": [6.62968, -1.59155, 8.25],
			"rotation": {"angle": 45, "axis": "z", "origin": [6.01433, -1.21304, 8.125]},
			"faces": {
				"north": {"uv": [9.25, 2, 9.375, 2.0625], "texture": "#3"},
				"east": {"uv": [2.25, 9.25, 2.375, 9.3125], "texture": "#3"},
				"south": {"uv": [9.25, 2.25, 9.375, 2.3125], "texture": "#3"},
				"west": {"uv": [2.5, 9.25, 2.625, 9.3125], "texture": "#3"},
				"up": {"uv": [8.375, 0.125, 8.25, 0], "texture": "#3"},
				"down": {"uv": [0.375, 8.25, 0.25, 8.375], "texture": "#3"}
			}
		},
		{
			"from": [6.47374, -0.89155, 7.75],
			"to": [6.87374, -0.74155, 8.25],
			"rotation": {"angle": 45, "axis": "z", "origin": [6.01433, -1.21304, 8.125]},
			"faces": {
				"north": {"uv": [9.25, 2.5, 9.375, 2.5625], "texture": "#3"},
				"east": {"uv": [2.75, 9.25, 2.875, 9.3125], "texture": "#3"},
				"south": {"uv": [9.25, 2.75, 9.375, 2.8125], "texture": "#3"},
				"west": {"uv": [3, 9.25, 3.125, 9.3125], "texture": "#3"},
				"up": {"uv": [8.375, 0.375, 8.25, 0.25], "texture": "#3"},
				"down": {"uv": [0.625, 8.25, 0.5, 8.375], "texture": "#3"}
			}
		},
		{
			"from": [6.47374, -1.74155, 7.75],
			"to": [6.87374, -1.59155, 8.25],
			"rotation": {"angle": 45, "axis": "z", "origin": [6.01433, -1.21304, 8.125]},
			"faces": {
				"north": {"uv": [9.25, 3, 9.375, 3.0625], "texture": "#3"},
				"east": {"uv": [3.25, 9.25, 3.375, 9.3125], "texture": "#3"},
				"south": {"uv": [9.25, 3.25, 9.375, 3.3125], "texture": "#3"},
				"west": {"uv": [3.5, 9.25, 3.625, 9.3125], "texture": "#3"},
				"up": {"uv": [8.375, 0.625, 8.25, 0.5], "texture": "#3"},
				"down": {"uv": [0.875, 8.25, 0.75, 8.375], "texture": "#3"}
			}
		},
		{
			"from": [7.22374, -1.44155, 7.75],
			"to": [7.37374, -1.04155, 8.25],
			"rotation": {"angle": 45, "axis": "z", "origin": [6.01433, -1.21304, 8.125]},
			"faces": {
				"north": {"uv": [9.25, 3.5, 9.3125, 3.625], "texture": "#3"},
				"east": {"uv": [8.25, 0.75, 8.375, 0.875], "texture": "#3"},
				"south": {"uv": [3.75, 9.25, 3.8125, 9.375], "texture": "#3"},
				"west": {"uv": [1, 8.25, 1.125, 8.375], "texture": "#3"},
				"up": {"uv": [9.3125, 3.875, 9.25, 3.75], "texture": "#3"},
				"down": {"uv": [4.0625, 9.25, 4, 9.375], "texture": "#3"}
			}
		},
		{
			"from": [7.37374, -1.39155, 7.75],
			"to": [7.72374, -1.09155, 8.25],
			"rotation": {"angle": 45, "axis": "z", "origin": [6.01433, -1.21304, 8.125]},
			"faces": {
				"north": {"uv": [8.75, 9.5, 8.8125, 9.5625], "texture": "#3"},
				"east": {"uv": [9.25, 4, 9.375, 4.0625], "texture": "#3"},
				"south": {"uv": [9.5, 8.75, 9.5625, 8.8125], "texture": "#3"},
				"west": {"uv": [4.25, 9.25, 4.375, 9.3125], "texture": "#3"},
				"up": {"uv": [9.3125, 4.375, 9.25, 4.25], "texture": "#3"},
				"down": {"uv": [4.5625, 9.25, 4.5, 9.375], "texture": "#3"}
			}
		},
		{
			"from": [6.47374, -1.59155, 7.75],
			"to": [7.22374, -0.89155, 8.25],
			"rotation": {"angle": 45, "axis": "z", "origin": [6.01433, -1.21304, 8.125]},
			"faces": {
				"north": {"uv": [6.5, 1.25, 6.6875, 1.4375], "texture": "#3"},
				"east": {"uv": [0.75, 7.75, 0.875, 7.9375], "texture": "#3"},
				"south": {"uv": [1.75, 6.5, 1.9375, 6.6875], "texture": "#3"},
				"west": {"uv": [7.75, 0.75, 7.875, 0.9375], "texture": "#3"},
				"up": {"uv": [1.1875, 7.875, 1, 7.75], "texture": "#3"},
				"down": {"uv": [7.9375, 1, 7.75, 1.125], "texture": "#3"}
			}
		},
		{
			"from": [7.34943, 0.08175, 7.75],
			"to": [7.43935, 0.17167, 8.25],
			"rotation": {"angle": 0, "axis": "z", "origin": [6.01433, -1.21304, 8.125]},
			"faces": {
				"north": {"uv": [9, 9.5, 9.0625, 9.5625], "texture": "#3"},
				"east": {"uv": [9.25, 4.5, 9.375, 4.5625], "texture": "#3"},
				"south": {"uv": [9.5, 9, 9.5625, 9.0625], "texture": "#3"},
				"west": {"uv": [4.75, 9.25, 4.875, 9.3125], "texture": "#3"},
				"up": {"uv": [9.3125, 4.875, 9.25, 4.75], "texture": "#3"},
				"down": {"uv": [5.0625, 9.25, 5, 9.375], "texture": "#3"}
			}
		},
		{
			"from": [6.27771, -0.59466, 7.75],
			"to": [7.77771, -0.44466, 8.25],
			"rotation": {"angle": 22.5, "axis": "z", "origin": [6.01433, -1.21304, 8.125]},
			"faces": {
				"north": {"uv": [1.25, 7.75, 1.625, 7.8125], "texture": "#3"},
				"east": {"uv": [9.25, 5, 9.375, 5.0625], "texture": "#3"},
				"south": {"uv": [7.75, 1.25, 8.125, 1.3125], "texture": "#3"},
				"west": {"uv": [5.25, 9.25, 5.375, 9.3125], "texture": "#3"},
				"up": {"uv": [6.375, 4.875, 6, 4.75], "texture": "#3"},
				"down": {"uv": [6.375, 5.25, 6, 5.375], "texture": "#3"}
			}
		},
		{
			"from": [6.68538, -0.97147, 7.75],
			"to": [6.83538, 0.52853, 8.25],
			"rotation": {"angle": -22.5, "axis": "z", "origin": [6.01433, -1.21304, 8.125]},
			"faces": {
				"north": {"uv": [1.75, 7.75, 1.8125, 8.125], "texture": "#3"},
				"east": {"uv": [5.5, 6, 5.625, 6.375], "texture": "#3"},
				"south": {"uv": [2, 7.75, 2.0625, 8.125], "texture": "#3"},
				"west": {"uv": [5.75, 6, 5.875, 6.375], "texture": "#3"},
				"up": {"uv": [9.3125, 5.375, 9.25, 5.25], "texture": "#3"},
				"down": {"uv": [5.5625, 9.25, 5.5, 9.375], "texture": "#3"}
			}
		},
		{
			"from": [10.19276, -1.98347, 7.75],
			"to": [10.34276, -0.48347, 8.25],
			"rotation": {"angle": 22.5, "axis": "z", "origin": [9.98567, -1.21304, 8.125]},
			"faces": {
				"north": {"uv": [7.75, 2, 7.8125, 2.375], "texture": "#3"},
				"east": {"uv": [6, 6, 6.125, 6.375], "texture": "#3"},
				"south": {"uv": [2.25, 7.75, 2.3125, 8.125], "texture": "#3"},
				"west": {"uv": [0, 6.25, 0.125, 6.625], "texture": "#3"},
				"up": {"uv": [9.3125, 5.625, 9.25, 5.5], "texture": "#3"},
				"down": {"uv": [5.8125, 9.25, 5.75, 9.375], "texture": "#3"}
			}
		},
		{
			"from": [9.23428, -1.6228, 7.75],
			"to": [10.73428, -1.4728, 8.25],
			"rotation": {"angle": -22.5, "axis": "z", "origin": [9.98567, -1.21304, 8.125]},
			"faces": {
				"north": {"uv": [2.5, 7.75, 2.875, 7.8125], "texture": "#3"},
				"east": {"uv": [9.25, 5.75, 9.375, 5.8125], "texture": "#3"},
				"south": {"uv": [7.75, 2.5, 8.125, 2.5625], "texture": "#3"},
				"west": {"uv": [6, 9.25, 6.125, 9.3125], "texture": "#3"},
				"up": {"uv": [0.625, 6.375, 0.25, 6.25], "texture": "#3"},
				"down": {"uv": [1.125, 6.25, 0.75, 6.375], "texture": "#3"}
			}
		},
		{
			"from": [10.52049, -1.87809, 7.75],
			"to": [10.61041, -1.78817, 8.25],
			"rotation": {"angle": 0, "axis": "z", "origin": [9.98567, -1.21304, 8.125]},
			"faces": {
				"north": {"uv": [9.25, 9.5, 9.3125, 9.5625], "texture": "#3"},
				"east": {"uv": [9.25, 6, 9.375, 6.0625], "texture": "#3"},
				"south": {"uv": [9.5, 9.25, 9.5625, 9.3125], "texture": "#3"},
				"west": {"uv": [6.25, 9.25, 6.375, 9.3125], "texture": "#3"},
				"up": {"uv": [9.3125, 6.375, 9.25, 6.25], "texture": "#3"},
				"down": {"uv": [6.5625, 9.25, 6.5, 9.375], "texture": "#3"}
			}
		},
		{
			"from": [9.37032, -1.59155, 7.75],
			"to": [10.12032, -0.89155, 8.25],
			"rotation": {"angle": -45, "axis": "z", "origin": [9.98567, -1.21304, 8.125]},
			"faces": {
				"north": {"uv": [6.5, 1.75, 6.6875, 1.9375], "texture": "#3"},
				"east": {"uv": [7.75, 2.75, 7.875, 2.9375], "texture": "#3"},
				"south": {"uv": [2, 6.5, 2.1875, 6.6875], "texture": "#3"},
				"west": {"uv": [3, 7.75, 3.125, 7.9375], "texture": "#3"},
				"up": {"uv": [3.4375, 7.875, 3.25, 7.75], "texture": "#3"},
				"down": {"uv": [3.6875, 7.75, 3.5, 7.875], "texture": "#3"}
			}
		},
		{
			"from": [10.27032, -1.39155, 7.75],
			"to": [10.62032, -1.09155, 8.25],
			"rotation": {"angle": -45, "axis": "z", "origin": [9.98567, -1.21304, 8.125]},
			"faces": {
				"north": {"uv": [9.5, 9.5, 9.5625, 9.5625], "texture": "#3"},
				"east": {"uv": [9.25, 6.5, 9.375, 6.5625], "texture": "#3"},
				"south": {"uv": [0, 9.75, 0.0625, 9.8125], "texture": "#3"},
				"west": {"uv": [6.75, 9.25, 6.875, 9.3125], "texture": "#3"},
				"up": {"uv": [9.3125, 6.875, 9.25, 6.75], "texture": "#3"},
				"down": {"uv": [7.0625, 9.25, 7, 9.375], "texture": "#3"}
			}
		},
		{
			"from": [10.12032, -1.44155, 7.75],
			"to": [10.27032, -1.04155, 8.25],
			"rotation": {"angle": -45, "axis": "z", "origin": [9.98567, -1.21304, 8.125]},
			"faces": {
				"north": {"uv": [9.25, 7, 9.3125, 7.125], "texture": "#3"},
				"east": {"uv": [8.25, 1, 8.375, 1.125], "texture": "#3"},
				"south": {"uv": [7.25, 9.25, 7.3125, 9.375], "texture": "#3"},
				"west": {"uv": [1.25, 8.25, 1.375, 8.375], "texture": "#3"},
				"up": {"uv": [9.3125, 7.375, 9.25, 7.25], "texture": "#3"},
				"down": {"uv": [7.5625, 9.25, 7.5, 9.375], "texture": "#3"}
			}
		},
		{
			"from": [9.37032, -0.89155, 7.75],
			"to": [9.77032, -0.74155, 8.25],
			"rotation": {"angle": -45, "axis": "z", "origin": [9.98567, -1.21304, 8.125]},
			"faces": {
				"north": {"uv": [9.25, 7.5, 9.375, 7.5625], "texture": "#3"},
				"east": {"uv": [7.75, 9.25, 7.875, 9.3125], "texture": "#3"},
				"south": {"uv": [9.25, 7.75, 9.375, 7.8125], "texture": "#3"},
				"west": {"uv": [8, 9.25, 8.125, 9.3125], "texture": "#3"},
				"up": {"uv": [8.375, 1.375, 8.25, 1.25], "texture": "#3"},
				"down": {"uv": [1.625, 8.25, 1.5, 8.375], "texture": "#3"}
			}
		},
		{
			"from": [9.37032, -1.74155, 7.75],
			"to": [9.77032, -1.59155, 8.25],
			"rotation": {"angle": -45, "axis": "z", "origin": [9.98567, -1.21304, 8.125]},
			"faces": {
				"north": {"uv": [9.25, 8, 9.375, 8.0625], "texture": "#3"},
				"east": {"uv": [8.25, 9.25, 8.375, 9.3125], "texture": "#3"},
				"south": {"uv": [9.25, 8.25, 9.375, 8.3125], "texture": "#3"},
				"west": {"uv": [8.5, 9.25, 8.625, 9.3125], "texture": "#3"},
				"up": {"uv": [8.375, 1.625, 8.25, 1.5], "texture": "#3"},
				"down": {"uv": [1.875, 8.25, 1.75, 8.375], "texture": "#3"}
			}
		},
		{
			"from": [9.12626, -0.89155, 7.75],
			"to": [9.52626, -0.74155, 8.25],
			"rotation": {"angle": -45, "axis": "z", "origin": [9.98567, -1.21304, 8.125]},
			"faces": {
				"north": {"uv": [9.25, 8.5, 9.375, 8.5625], "texture": "#3"},
				"east": {"uv": [8.75, 9.25, 8.875, 9.3125], "texture": "#3"},
				"south": {"uv": [9.25, 8.75, 9.375, 8.8125], "texture": "#3"},
				"west": {"uv": [9, 9.25, 9.125, 9.3125], "texture": "#3"},
				"up": {"uv": [8.375, 1.875, 8.25, 1.75], "texture": "#3"},
				"down": {"uv": [2.125, 8.25, 2, 8.375], "texture": "#3"}
			}
		},
		{
			"from": [9.12626, -1.74155, 7.75],
			"to": [9.52626, -1.59155, 8.25],
			"rotation": {"angle": -45, "axis": "z", "origin": [9.98567, -1.21304, 8.125]},
			"faces": {
				"north": {"uv": [9.25, 9, 9.375, 9.0625], "texture": "#3"},
				"east": {"uv": [9.25, 9.25, 9.375, 9.3125], "texture": "#3"},
				"south": {"uv": [0, 9.5, 0.125, 9.5625], "texture": "#3"},
				"west": {"uv": [9.5, 0, 9.625, 0.0625], "texture": "#3"},
				"up": {"uv": [8.375, 2.125, 8.25, 2], "texture": "#3"},
				"down": {"uv": [2.375, 8.25, 2.25, 8.375], "texture": "#3"}
			}
		},
		{
			"from": [8.62626, -1.44155, 7.75],
			"to": [8.77626, -1.04155, 8.25],
			"rotation": {"angle": -45, "axis": "z", "origin": [9.98567, -1.21304, 8.125]},
			"faces": {
				"north": {"uv": [0.25, 9.5, 0.3125, 9.625], "texture": "#3"},
				"east": {"uv": [8.25, 2.25, 8.375, 2.375], "texture": "#3"},
				"south": {"uv": [9.5, 0.25, 9.5625, 0.375], "texture": "#3"},
				"west": {"uv": [2.5, 8.25, 2.625, 8.375], "texture": "#3"},
				"up": {"uv": [0.5625, 9.625, 0.5, 9.5], "texture": "#3"},
				"down": {"uv": [9.5625, 0.5, 9.5, 0.625], "texture": "#3"}
			}
		},
		{
			"from": [8.27626, -1.39155, 7.75],
			"to": [8.62626, -1.09155, 8.25],
			"rotation": {"angle": -45, "axis": "z", "origin": [9.98567, -1.21304, 8.125]},
			"faces": {
				"north": {"uv": [9.75, 0, 9.8125, 0.0625], "texture": "#3"},
				"east": {"uv": [0.75, 9.5, 0.875, 9.5625], "texture": "#3"},
				"south": {"uv": [0.25, 9.75, 0.3125, 9.8125], "texture": "#3"},
				"west": {"uv": [9.5, 0.75, 9.625, 0.8125], "texture": "#3"},
				"up": {"uv": [1.0625, 9.625, 1, 9.5], "texture": "#3"},
				"down": {"uv": [9.5625, 1, 9.5, 1.125], "texture": "#3"}
			}
		},
		{
			"from": [8.77626, -1.59155, 7.75],
			"to": [9.52626, -0.89155, 8.25],
			"rotation": {"angle": -45, "axis": "z", "origin": [9.98567, -1.21304, 8.125]},
			"faces": {
				"north": {"uv": [6.5, 2, 6.6875, 2.1875], "texture": "#3"},
				"east": {"uv": [7.75, 3.5, 7.875, 3.6875], "texture": "#3"},
				"south": {"uv": [2.25, 6.5, 2.4375, 6.6875], "texture": "#3"},
				"west": {"uv": [3.75, 7.75, 3.875, 7.9375], "texture": "#3"},
				"up": {"uv": [7.9375, 3.875, 7.75, 3.75], "texture": "#3"},
				"down": {"uv": [4.1875, 7.75, 4, 7.875], "texture": "#3"}
			}
		},
		{
			"from": [8.56065, 0.08175, 7.75],
			"to": [8.65057, 0.17167, 8.25],
			"rotation": {"angle": 0, "axis": "z", "origin": [9.98567, -1.21304, 8.125]},
			"faces": {
				"north": {"uv": [9.75, 0.25, 9.8125, 0.3125], "texture": "#3"},
				"east": {"uv": [1.25, 9.5, 1.375, 9.5625], "texture": "#3"},
				"south": {"uv": [0.5, 9.75, 0.5625, 9.8125], "texture": "#3"},
				"west": {"uv": [9.5, 1.25, 9.625, 1.3125], "texture": "#3"},
				"up": {"uv": [1.5625, 9.625, 1.5, 9.5], "texture": "#3"},
				"down": {"uv": [9.5625, 1.5, 9.5, 1.625], "texture": "#3"}
			}
		},
		{
			"from": [8.22229, -0.59466, 7.75],
			"to": [9.72229, -0.44466, 8.25],
			"rotation": {"angle": -22.5, "axis": "z", "origin": [9.98567, -1.21304, 8.125]},
			"faces": {
				"north": {"uv": [7.75, 4, 8.125, 4.0625], "texture": "#3"},
				"east": {"uv": [1.75, 9.5, 1.875, 9.5625], "texture": "#3"},
				"south": {"uv": [4.25, 7.75, 4.625, 7.8125], "texture": "#3"},
				"west": {"uv": [9.5, 1.75, 9.625, 1.8125], "texture": "#3"},
				"up": {"uv": [6.625, 0.875, 6.25, 0.75], "texture": "#3"},
				"down": {"uv": [6.625, 1, 6.25, 1.125], "texture": "#3"}
			}
		},
		{
			"from": [9.16462, -0.97147, 7.75],
			"to": [9.31462, 0.52853, 8.25],
			"rotation": {"angle": 22.5, "axis": "z", "origin": [9.98567, -1.21304, 8.125]},
			"faces": {
				"north": {"uv": [4.75, 7.75, 4.8125, 8.125], "texture": "#3"},
				"east": {"uv": [1.25, 6.25, 1.375, 6.625], "texture": "#3"},
				"south": {"uv": [5, 7.75, 5.0625, 8.125], "texture": "#3"},
				"west": {"uv": [1.5, 6.25, 1.625, 6.625], "texture": "#3"},
				"up": {"uv": [2.0625, 9.625, 2, 9.5], "texture": "#3"},
				"down": {"uv": [9.5625, 2, 9.5, 2.125], "texture": "#3"}
			}
		},
		{
			"from": [7.25, -0.11627, 7.755],
			"to": [8.75, 23.48373, 8.245],
			"rotation": {"angle": 0, "axis": "z", "origin": [9.45, 8.73373, 7.755]},
			"faces": {
				"north": {"uv": [0, 0, 0.375, 5.875], "texture": "#3"},
				"east": {"uv": [1, 0, 1.125, 5.875], "texture": "#3"},
				"south": {"uv": [0.5, 0, 0.875, 5.875], "texture": "#3"},
				"west": {"uv": [1.25, 0, 1.375, 5.875], "texture": "#3"},
				"up": {"uv": [6.625, 1.625, 6.25, 1.5], "texture": "#3"},
				"down": {"uv": [2.125, 6.25, 1.75, 6.375], "texture": "#3"}
			}
		},
		{
			"from": [7.60688, 23.41179, 7.79234],
			"to": [8.39313, 24.2365, 8.20766],
			"rotation": {"angle": 0, "axis": "y", "origin": [8, 24.33698, 8.05]},
			"faces": {
				"north": {"uv": [6.5, 2.25, 6.6875, 2.4375], "texture": "#3"},
				"east": {"uv": [7.75, 4.25, 7.875, 4.4375], "texture": "#3"},
				"south": {"uv": [6.5, 2.5, 6.6875, 2.6875], "texture": "#3"},
				"west": {"uv": [7.75, 4.75, 7.875, 4.9375], "texture": "#3"},
				"up": {"uv": [5.4375, 7.875, 5.25, 7.75], "texture": "#3"},
				"down": {"uv": [7.9375, 5.25, 7.75, 5.375], "texture": "#3"}
			}
		},
		{
			"from": [8.23582, 24.5728, 7.75],
			"to": [8.49425, 24.83123, 8.26629],
			"rotation": {"angle": 45, "axis": "z", "origin": [8, 24.33698, 8]},
			"faces": {
				"north": {"uv": [9.75, 0.5, 9.8125, 0.5625], "texture": "#3"},
				"east": {"uv": [2.25, 9.5, 2.375, 9.5625], "texture": "#3"},
				"south": {"uv": [0.75, 9.75, 0.8125, 9.8125], "texture": "#3"},
				"west": {"uv": [9.5, 2.25, 9.625, 2.3125], "texture": "#3"},
				"up": {"uv": [2.5625, 9.625, 2.5, 9.5], "texture": "#3"},
				"down": {"uv": [9.5625, 2.5, 9.5, 2.625], "texture": "#3"}
			}
		},
		{
			"from": [7.93248, 23.26166, 7.75],
			"to": [8.36639, 24.74399, 8.26297],
			"rotation": {"angle": 22.5, "axis": "z", "origin": [8, 24.33698, 8]},
			"faces": {
				"north": {"uv": [2.5, 6.25, 2.625, 6.625], "texture": "#3"},
				"east": {"uv": [2.75, 6.25, 2.875, 6.625], "texture": "#3"},
				"south": {"uv": [3, 6.25, 3.125, 6.625], "texture": "#3"},
				"west": {"uv": [3.25, 6.25, 3.375, 6.625], "texture": "#3"},
				"up": {"uv": [8.375, 3.125, 8.25, 3], "texture": "#3"},
				"down": {"uv": [3.375, 8.25, 3.25, 8.375], "texture": "#3"}
			}
		},
		{
			"from": [7.63361, 23.26166, 7.75],
			"to": [8.06752, 24.74399, 8.2643],
			"rotation": {"angle": -22.5, "axis": "z", "origin": [8, 24.33698, 8]},
			"faces": {
				"north": {"uv": [3.5, 6.25, 3.625, 6.625], "texture": "#3"},
				"east": {"uv": [3.75, 6.25, 3.875, 6.625], "texture": "#3"},
				"south": {"uv": [6.25, 3.75, 6.375, 4.125], "texture": "#3"},
				"west": {"uv": [4.25, 6.25, 4.375, 6.625], "texture": "#3"},
				"up": {"uv": [8.375, 3.375, 8.25, 3.25], "texture": "#3"},
				"down": {"uv": [3.625, 8.25, 3.5, 8.375], "texture": "#3"}
			}
		},
		{
			"from": [7.05, 2.18373, 7.765],
			"to": [8.95, 3.08373, 8.235],
			"rotation": {"angle": 0, "axis": "z", "origin": [9.45, 1.73373, 7.765]},
			"faces": {
				"north": {"uv": [3, 3, 3.5, 3.25], "texture": "#3"},
				"east": {"uv": [6.5, 3.75, 6.625, 4], "texture": "#3"},
				"south": {"uv": [3.25, 0, 3.75, 0.25], "texture": "#3"},
				"west": {"uv": [4, 6.5, 4.125, 6.75], "texture": "#3"},
				"up": {"uv": [5.5, 0.875, 5, 0.75], "texture": "#3"},
				"down": {"uv": [5.5, 1, 5, 1.125], "texture": "#3"}
			}
		}
	],
	"display": {
		"thirdperson_righthand": {
			"rotation": [0, 90, 0],
			"translation": [0, 12, 0.75],
			"scale": [1.2, 1.2, 1.2]
		},
		"thirdperson_lefthand": {
			"rotation": [0, 90, 0],
			"translation": [0, 12, 0.75],
			"scale": [1.2, 1.2, 1.2]
		},
		"firstperson_righthand": {
			"rotation": [0, 90, 25],
			"translation": [0, 3, 0],
			"scale": [0.67, 0.67, 0.67]
		},
		"firstperson_lefthand": {
			"rotation": [0, 90, 25],
			"translation": [0, 3, 0],
			"scale": [0.67, 0.67, 0.67]
		},
		"ground": {
			"rotation": [0, 0, 45],
			"translation": [0, 5, 0],
			"scale": [0.67, 0.67, 0.67]
		},
		"gui": {
			"rotation": [0, 0, -45],
			"scale": [0.74, 0.74, 0.74]
		},
		"fixed": {
			"rotation": [0, 0, 45]
		}
	},
	"groups": [
		0,
		1,
		2,
		3,
		4,
		5,
		6,
		7,
		8,
		{
			"name": "snowflake",
			"origin": [6.01433, 4.21681, 7.875],
			"color": 0,
			"children": [9, 10, 11, 12, 13, 14, 15, 16, 17, 18, 19, 20, 21, 22, 23, 24, 25, 26, 27, 28, 29, 30, 31, 32, 33, 34, 35, 36, 37, 38, 39, 40, 41, 42]
		},
		{
			"name": "crystal_1",
			"origin": [4.33679, 8, 7.5],
			"color": 0,
			"children": [43, 44, 45, 46, 47, 48, 49, 50, 51, 52, 53, 54, 55, 56, 57, 58, 59, 60, 61, 62, 63, 64, 65, 66, 67, 68, 69, 70, 71, 72, 73, 74]
		},
		{
			"name": "crystal_2",
			"origin": [3.82894, 9, 7.49],
			"color": 0,
			"children": [75, 76, 77, 78, 79, 80, 81, 82, 83, 84, 85, 86, 87, 88, 89, 90]
		},
		{
			"name": "crystal_2",
			"origin": [3.82894, 9, 7.5],
			"color": 0,
			"children": [91, 92, 93, 94, 95, 96, 97, 98, 99, 100, 101, 102, 103, 104, 105, 106]
		},
		{
			"name": "crystal_3",
			"origin": [3.82894, 9, 7.75],
			"color": 0,
			"children": [107, 108, 109, 110, 111, 112, 113, 114, 115, 116, 117, 118, 119, 120, 121, 122, 123, 124, 125, 126, 127, 128, 129, 130, 131, 132, 133, 134, 135, 136, 137, 138]
		},
		139,
		{
			"name": "roses",
			"origin": [7.4, 25.58694, 8],
			"color": 0,
			"children": []
		},
		140,
		141,
		142,
		143,
		144
	]
}