{
	"credit": "Made with Blockbench",
	"elements": [
		{
			"from": [7.5, -2.7, 7.5],
			"to": [8.5, 5.5, 8.5],
			"rotation": {"angle": 0, "axis": "y", "origin": [6.01433, 3.64017, 7.875]},
			"color": 0,
			"faces": {
				"north": {"uv": [0, 0, 2, 7], "texture": "#missing"},
				"east": {"uv": [0, 0, 2, 7], "texture": "#missing"},
				"south": {"uv": [0, 0, 2, 7], "texture": "#missing"},
				"west": {"uv": [0, 0, 2, 7], "texture": "#missing"},
				"up": {"uv": [0, 0, 2, 2], "texture": "#missing"},
				"down": {"uv": [0, 0, 2, 2], "texture": "#missing"}
			}
		},
		{
			"from": [9.2, 7, 7.75],
			"to": [9.7, 9.5, 8.25],
			"rotation": {"angle": -22.5, "axis": "z", "origin": [8, 9.75, 7.75]},
			"color": 0,
			"faces": {
				"north": {"uv": [0, 0, 2, 7], "texture": "#missing"},
				"east": {"uv": [0, 0, 2, 7], "texture": "#missing"},
				"south": {"uv": [0, 0, 2, 7], "texture": "#missing"},
				"west": {"uv": [0, 0, 2, 7], "texture": "#missing"},
				"up": {"uv": [0, 0, 2, 2], "texture": "#missing"},
				"down": {"uv": [0, 0, 2, 2], "texture": "#missing"}
			}
		},
		{
			"from": [6.3, 7, 7.75],
			"to": [6.8, 9.5, 8.25],
			"rotation": {"angle": 22.5, "axis": "z", "origin": [8, 9.75, 7.75]},
			"color": 0,
			"faces": {
				"north": {"uv": [2, 0, 0, 7], "texture": "#missing"},
				"east": {"uv": [2, 0, 0, 7], "texture": "#missing"},
				"south": {"uv": [2, 0, 0, 7], "texture": "#missing"},
				"west": {"uv": [2, 0, 0, 7], "texture": "#missing"},
				"up": {"uv": [2, 0, 0, 2], "texture": "#missing"},
				"down": {"uv": [2, 0, 0, 2], "texture": "#missing"}
			}
		},
		{
			"from": [6.3, 8.23694, 7.75],
			"to": [6.8, 10.23694, 8.25],
			"rotation": {"angle": -22.5, "axis": "z", "origin": [8, 7.98694, 7.75]},
			"color": 0,
			"faces": {
				"north": {"uv": [2, 7, 0, 0], "texture": "#missing"},
				"east": {"uv": [2, 7, 0, 0], "texture": "#missing"},
				"south": {"uv": [2, 7, 0, 0], "texture": "#missing"},
				"west": {"uv": [2, 7, 0, 0], "texture": "#missing"},
				"up": {"uv": [2, 2, 0, 0], "texture": "#missing"},
				"down": {"uv": [2, 2, 0, 0], "texture": "#missing"}
			}
		},
		{
			"from": [9.2, 8.23694, 7.75],
			"to": [9.7, 10.23694, 8.25],
			"rotation": {"angle": 22.5, "axis": "z", "origin": [8, 7.98694, 7.75]},
			"color": 0,
			"faces": {
				"north": {"uv": [0, 7, 2, 0], "texture": "#missing"},
				"east": {"uv": [0, 7, 2, 0], "texture": "#missing"},
				"south": {"uv": [0, 7, 2, 0], "texture": "#missing"},
				"west": {"uv": [0, 7, 2, 0], "texture": "#missing"},
				"up": {"uv": [0, 2, 2, 0], "texture": "#missing"},
				"down": {"uv": [0, 2, 2, 0], "texture": "#missing"}
			}
		},
		{
			"from": [6.5, 12.23694, 7.75],
			"to": [7, 14.23694, 8.25],
			"rotation": {"angle": -22.5, "axis": "z", "origin": [8.2, 11.98694, 7.75]},
			"color": 0,
			"faces": {
				"north": {"uv": [2, 7, 0, 0], "texture": "#missing"},
				"east": {"uv": [2, 7, 0, 0], "texture": "#missing"},
				"south": {"uv": [2, 7, 0, 0], "texture": "#missing"},
				"west": {"uv": [2, 7, 0, 0], "texture": "#missing"},
				"up": {"uv": [2, 2, 0, 0], "texture": "#missing"},
				"down": {"uv": [2, 2, 0, 0], "texture": "#missing"}
			}
		},
		{
			"from": [6.5, 11, 7.75],
			"to": [7, 13.5, 8.25],
			"rotation": {"angle": 22.5, "axis": "z", "origin": [8.2, 13.75, 7.75]},
			"color": 0,
			"faces": {
				"north": {"uv": [2, 0, 0, 7], "texture": "#missing"},
				"east": {"uv": [2, 0, 0, 7], "texture": "#missing"},
				"south": {"uv": [2, 0, 0, 7], "texture": "#missing"},
				"west": {"uv": [2, 0, 0, 7], "texture": "#missing"},
				"up": {"uv": [2, 0, 0, 2], "texture": "#missing"},
				"down": {"uv": [2, 0, 0, 2], "texture": "#missing"}
			}
		},
		{
			"from": [9, 12.23694, 7.75],
			"to": [9.5, 14.23694, 8.25],
			"rotation": {"angle": 22.5, "axis": "z", "origin": [7.8, 11.98694, 7.75]},
			"color": 0,
			"faces": {
				"north": {"uv": [0, 7, 2, 0], "texture": "#missing"},
				"east": {"uv": [0, 7, 2, 0], "texture": "#missing"},
				"south": {"uv": [0, 7, 2, 0], "texture": "#missing"},
				"west": {"uv": [0, 7, 2, 0], "texture": "#missing"},
				"up": {"uv": [0, 2, 2, 0], "texture": "#missing"},
				"down": {"uv": [0, 2, 2, 0], "texture": "#missing"}
			}
		},
		{
			"from": [9, 11, 7.75],
			"to": [9.5, 13.5, 8.25],
			"rotation": {"angle": -22.5, "axis": "z", "origin": [7.8, 13.75, 7.75]},
			"color": 0,
			"faces": {
				"north": {"uv": [0, 0, 2, 7], "texture": "#missing"},
				"east": {"uv": [0, 0, 2, 7], "texture": "#missing"},
				"south": {"uv": [0, 0, 2, 7], "texture": "#missing"},
				"west": {"uv": [0, 0, 2, 7], "texture": "#missing"},
				"up": {"uv": [0, 0, 2, 2], "texture": "#missing"},
				"down": {"uv": [0, 0, 2, 2], "texture": "#missing"}
			}
		},
		{
			"from": [6.87322, 5.09393, 7.5],
			"to": [8.87322, 7.09393, 8.5],
			"rotation": {"angle": -45, "axis": "z", "origin": [7.82322, 5.89393, 8]},
			"color": 5,
			"faces": {
				"north": {"uv": [0, 0, 2, 7], "rotation": 90, "texture": "#missing"},
				"east": {"uv": [0, 0, 2, 2], "rotation": 270, "texture": "#missing"},
				"south": {"uv": [0, 0, 2, 7], "rotation": 270, "texture": "#missing"},
				"west": {"uv": [0, 0, 2, 2], "rotation": 270, "texture": "#missing"},
				"up": {"uv": [0, 0, 2, 7], "rotation": 270, "texture": "#missing"},
				"down": {"uv": [0, 0, 2, 7], "rotation": 270, "texture": "#missing"}
			}
		},
		{
			"from": [5.66645, 6.47415, 7.3],
			"to": [8.66645, 6.77415, 8.7],
			"rotation": {"angle": -22.5, "axis": "z", "origin": [6.01433, 4.21681, 7.875]},
			"color": 1,
			"faces": {
				"north": {"uv": [0, 0, 1, 8], "rotation": 270, "texture": "#missing"},
				"east": {"uv": [0, 0, 1, 2], "rotation": 90, "texture": "#missing"},
				"south": {"uv": [0, 0, 1, 8], "rotation": 90, "texture": "#missing"},
				"west": {"uv": [0, 0, 1, 2], "rotation": 90, "texture": "#missing"},
				"up": {"uv": [0, 0, 2, 8], "rotation": 90, "texture": "#missing"},
				"down": {"uv": [0, 0, 2, 8], "rotation": 90, "texture": "#missing"}
			}
		},
		{
			"from": [6.54063, 6.51662, 7.3],
			"to": [6.75276, 6.72875, 8.7],
			"rotation": {"angle": 22.5, "axis": "z", "origin": [6.75276, 6.51662, 8]},
			"color": 1,
			"faces": {
				"north": {"uv": [0, 0, 1, 8], "rotation": 270, "texture": "#missing"},
				"east": {"uv": [0, 0, 1, 2], "rotation": 90, "texture": "#missing"},
				"south": {"uv": [0, 0, 1, 8], "rotation": 90, "texture": "#missing"},
				"west": {"uv": [0, 0, 1, 2], "rotation": 90, "texture": "#missing"},
				"up": {"uv": [0, 0, 2, 8], "rotation": 90, "texture": "#missing"},
				"down": {"uv": [0, 0, 2, 8], "rotation": 90, "texture": "#missing"}
			}
		},
		{
			"from": [8.35208, 5.5, 7.3],
			"to": [8.56421, 5.71213, 8.7],
			"rotation": {"angle": 45, "axis": "z", "origin": [9.56421, 4.5, 8]},
			"color": 1,
			"faces": {
				"north": {"uv": [0, 0, 1, 8], "rotation": 270, "texture": "#missing"},
				"east": {"uv": [0, 0, 1, 2], "rotation": 90, "texture": "#missing"},
				"south": {"uv": [0, 0, 1, 8], "rotation": 90, "texture": "#missing"},
				"west": {"uv": [0, 0, 1, 2], "rotation": 90, "texture": "#missing"},
				"up": {"uv": [0, 0, 2, 8], "rotation": 90, "texture": "#missing"},
				"down": {"uv": [0, 0, 2, 8], "rotation": 90, "texture": "#missing"}
			}
		},
		{
			"from": [8.64497, 7.79289, 7.3],
			"to": [8.85711, 8.00503, 8.7],
			"rotation": {"angle": 45, "axis": "z", "origin": [8.85711, 6.79289, 8]},
			"color": 1,
			"faces": {
				"north": {"uv": [0, 0, 1, 8], "rotation": 270, "texture": "#missing"},
				"east": {"uv": [0, 0, 1, 2], "rotation": 90, "texture": "#missing"},
				"south": {"uv": [0, 0, 1, 8], "rotation": 90, "texture": "#missing"},
				"west": {"uv": [0, 0, 1, 2], "rotation": 90, "texture": "#missing"},
				"up": {"uv": [0, 0, 2, 8], "rotation": 90, "texture": "#missing"},
				"down": {"uv": [0, 0, 2, 8], "rotation": 90, "texture": "#missing"}
			}
		},
		{
			"from": [6.54063, 5.27125, 7.3],
			"to": [6.75276, 5.48338, 8.7],
			"rotation": {"angle": -22.5, "axis": "z", "origin": [6.75276, 5.48338, 8]},
			"color": 1,
			"faces": {
				"north": {"uv": [0, 0, 1, 8], "texture": "#missing"},
				"east": {"uv": [0, 0, 2, 8], "texture": "#missing"},
				"south": {"uv": [0, 0, 1, 8], "texture": "#missing"},
				"west": {"uv": [0, 0, 2, 8], "texture": "#missing"},
				"up": {"uv": [0, 0, 1, 2], "texture": "#missing"},
				"down": {"uv": [0, 0, 1, 2], "texture": "#missing"}
			}
		},
		{
			"from": [9.31227, 6.4193, 7.3],
			"to": [9.5244, 6.63143, 8.7],
			"rotation": {"angle": -22.5, "axis": "z", "origin": [9.5244, 6.63143, 8]},
			"color": 1,
			"faces": {
				"north": {"uv": [0, 0, 1, 8], "texture": "#missing"},
				"east": {"uv": [0, 0, 2, 8], "texture": "#missing"},
				"south": {"uv": [0, 0, 1, 8], "texture": "#missing"},
				"west": {"uv": [0, 0, 2, 8], "texture": "#missing"},
				"up": {"uv": [0, 0, 1, 2], "texture": "#missing"},
				"down": {"uv": [0, 0, 1, 2], "texture": "#missing"}
			}
		},
		{
			"from": [8.5469, 5.21633, 7.3],
			"to": [8.75903, 5.42846, 8.7],
			"rotation": {"angle": 22.5, "axis": "z", "origin": [8.75903, 7.21633, 8]},
			"color": 1,
			"faces": {
				"north": {"uv": [0, 0, 1, 8], "rotation": 270, "texture": "#missing"},
				"east": {"uv": [0, 0, 1, 2], "rotation": 90, "texture": "#missing"},
				"south": {"uv": [0, 0, 1, 8], "rotation": 90, "texture": "#missing"},
				"west": {"uv": [0, 0, 1, 2], "rotation": 90, "texture": "#missing"},
				"up": {"uv": [0, 0, 2, 8], "rotation": 90, "texture": "#missing"},
				"down": {"uv": [0, 0, 2, 8], "rotation": 90, "texture": "#missing"}
			}
		},
		{
			"from": [7.03125, 4.95438, 7.3],
			"to": [10.03125, 5.25438, 8.7],
			"rotation": {"angle": 22.5, "axis": "z", "origin": [6.01433, 4.21681, 7.875]},
			"color": 1,
			"faces": {
				"north": {"uv": [0, 0, 1, 8], "rotation": 270, "texture": "#missing"},
				"east": {"uv": [0, 0, 1, 2], "rotation": 90, "texture": "#missing"},
				"south": {"uv": [0, 0, 1, 8], "rotation": 90, "texture": "#missing"},
				"west": {"uv": [0, 0, 1, 2], "rotation": 90, "texture": "#missing"},
				"up": {"uv": [0, 0, 2, 8], "rotation": 90, "texture": "#missing"},
				"down": {"uv": [0, 0, 2, 8], "rotation": 90, "texture": "#missing"}
			}
		},
		{
			"from": [7.85, 4.5, 7.3],
			"to": [8.15, 7.5, 8.7],
			"rotation": {"angle": 0, "axis": "z", "origin": [6.01433, 4.21681, 7.875]},
			"color": 1,
			"faces": {
				"north": {"uv": [0, 0, 1, 8], "rotation": 180, "texture": "#missing"},
				"east": {"uv": [0, 0, 2, 8], "rotation": 180, "texture": "#missing"},
				"south": {"uv": [0, 0, 1, 8], "rotation": 180, "texture": "#missing"},
				"west": {"uv": [0, 0, 2, 8], "rotation": 180, "texture": "#missing"},
				"up": {"uv": [0, 0, 1, 2], "rotation": 180, "texture": "#missing"},
				"down": {"uv": [0, 0, 1, 2], "rotation": 180, "texture": "#missing"}
			}
		},
		{
			"from": [7.2, 6.15, 7.3],
			"to": [7.4, 6.85, 8.7],
			"rotation": {"angle": 22.5, "axis": "z", "origin": [7.3, 6.6, 8]},
			"color": 1,
			"faces": {
				"north": {"uv": [0, 0, 1, 8], "rotation": 180, "texture": "#missing"},
				"east": {"uv": [0, 0, 2, 8], "rotation": 180, "texture": "#missing"},
				"south": {"uv": [0, 0, 1, 8], "rotation": 180, "texture": "#missing"},
				"west": {"uv": [0, 0, 2, 8], "rotation": 180, "texture": "#missing"},
				"up": {"uv": [0, 0, 1, 2], "rotation": 180, "texture": "#missing"},
				"down": {"uv": [0, 0, 1, 2], "rotation": 180, "texture": "#missing"}
			}
		},
		{
			"from": [6.65, 6.1, 7.3],
			"to": [7.35, 6.3, 8.7],
			"rotation": {"angle": 22.5, "axis": "z", "origin": [7.3, 6.6, 8]},
			"color": 1,
			"faces": {
				"north": {"uv": [0, 0, 1, 8], "rotation": 270, "texture": "#missing"},
				"east": {"uv": [0, 0, 1, 2], "rotation": 90, "texture": "#missing"},
				"south": {"uv": [0, 0, 1, 8], "rotation": 90, "texture": "#missing"},
				"west": {"uv": [0, 0, 1, 2], "rotation": 90, "texture": "#missing"},
				"up": {"uv": [0, 0, 2, 8], "rotation": 90, "texture": "#missing"},
				"down": {"uv": [0, 0, 2, 8], "rotation": 90, "texture": "#missing"}
			}
		},
		{
			"from": [6.55, 6.5, 7.3],
			"to": [7.05, 6.6, 8.7],
			"rotation": {"angle": 22.5, "axis": "z", "origin": [7.3, 6.6, 8]},
			"color": 1,
			"faces": {
				"north": {"uv": [0, 0, 1, 8], "rotation": 270, "texture": "#missing"},
				"east": {"uv": [0, 0, 1, 2], "rotation": 90, "texture": "#missing"},
				"south": {"uv": [0, 0, 1, 8], "rotation": 90, "texture": "#missing"},
				"west": {"uv": [0, 0, 1, 2], "rotation": 90, "texture": "#missing"},
				"up": {"uv": [0, 0, 2, 8], "rotation": 90, "texture": "#missing"},
				"down": {"uv": [0, 0, 2, 8], "rotation": 90, "texture": "#missing"}
			}
		},
		{
			"from": [6.9, 6.45, 7.3],
			"to": [7, 6.95, 8.7],
			"rotation": {"angle": 22.5, "axis": "z", "origin": [7.3, 6.6, 8]},
			"color": 1,
			"faces": {
				"north": {"uv": [0, 0, 1, 8], "rotation": 180, "texture": "#missing"},
				"east": {"uv": [0, 0, 2, 8], "rotation": 180, "texture": "#missing"},
				"south": {"uv": [0, 0, 1, 8], "rotation": 180, "texture": "#missing"},
				"west": {"uv": [0, 0, 2, 8], "rotation": 180, "texture": "#missing"},
				"up": {"uv": [0, 0, 1, 2], "rotation": 180, "texture": "#missing"},
				"down": {"uv": [0, 0, 1, 2], "rotation": 180, "texture": "#missing"}
			}
		},
		{
			"from": [7.35442, 8.45, 7.3],
			"to": [7.55442, 9.15, 8.7],
			"rotation": {"angle": -45, "axis": "z", "origin": [5.45442, 6.9, 8]},
			"color": 1,
			"faces": {
				"north": {"uv": [0, 0, 1, 8], "rotation": 180, "texture": "#missing"},
				"east": {"uv": [0, 0, 2, 8], "rotation": 180, "texture": "#missing"},
				"south": {"uv": [0, 0, 1, 8], "rotation": 180, "texture": "#missing"},
				"west": {"uv": [0, 0, 2, 8], "rotation": 180, "texture": "#missing"},
				"up": {"uv": [0, 0, 1, 2], "rotation": 180, "texture": "#missing"},
				"down": {"uv": [0, 0, 1, 2], "rotation": 180, "texture": "#missing"}
			}
		},
		{
			"from": [7.05442, 8.75, 7.3],
			"to": [7.15442, 9.25, 8.7],
			"rotation": {"angle": -45, "axis": "z", "origin": [5.45442, 6.9, 8]},
			"color": 1,
			"faces": {
				"north": {"uv": [0, 0, 1, 8], "rotation": 180, "texture": "#missing"},
				"east": {"uv": [0, 0, 2, 8], "rotation": 180, "texture": "#missing"},
				"south": {"uv": [0, 0, 1, 8], "rotation": 180, "texture": "#missing"},
				"west": {"uv": [0, 0, 2, 8], "rotation": 180, "texture": "#missing"},
				"up": {"uv": [0, 0, 1, 2], "rotation": 180, "texture": "#missing"},
				"down": {"uv": [0, 0, 1, 2], "rotation": 180, "texture": "#missing"}
			}
		},
		{
			"from": [6.70442, 8.8, 7.3],
			"to": [7.20442, 8.9, 8.7],
			"rotation": {"angle": -45, "axis": "z", "origin": [5.45442, 6.9, 8]},
			"color": 1,
			"faces": {
				"north": {"uv": [0, 0, 1, 8], "rotation": 270, "texture": "#missing"},
				"east": {"uv": [0, 0, 1, 2], "rotation": 90, "texture": "#missing"},
				"south": {"uv": [0, 0, 1, 8], "rotation": 90, "texture": "#missing"},
				"west": {"uv": [0, 0, 1, 2], "rotation": 90, "texture": "#missing"},
				"up": {"uv": [0, 0, 2, 8], "rotation": 90, "texture": "#missing"},
				"down": {"uv": [0, 0, 2, 8], "rotation": 90, "texture": "#missing"}
			}
		},
		{
			"from": [6.80442, 8.4, 7.3],
			"to": [7.50442, 8.6, 8.7],
			"rotation": {"angle": -45, "axis": "z", "origin": [5.45442, 6.9, 8]},
			"color": 1,
			"faces": {
				"north": {"uv": [0, 0, 1, 8], "rotation": 270, "texture": "#missing"},
				"east": {"uv": [0, 0, 1, 2], "rotation": 90, "texture": "#missing"},
				"south": {"uv": [0, 0, 1, 8], "rotation": 90, "texture": "#missing"},
				"west": {"uv": [0, 0, 1, 2], "rotation": 90, "texture": "#missing"},
				"up": {"uv": [0, 0, 2, 8], "rotation": 90, "texture": "#missing"},
				"down": {"uv": [0, 0, 2, 8], "rotation": 90, "texture": "#missing"}
			}
		},
		{
			"from": [6.80442, 3.35845, 7.3],
			"to": [7.50442, 3.55845, 8.7],
			"rotation": {"angle": 45, "axis": "z", "origin": [5.45442, 5.05845, 8]},
			"color": 1,
			"faces": {
				"north": {"uv": [1, 0, 0, 8], "rotation": 270, "texture": "#missing"},
				"east": {"uv": [1, 0, 0, 2], "rotation": 90, "texture": "#missing"},
				"south": {"uv": [1, 0, 0, 8], "rotation": 90, "texture": "#missing"},
				"west": {"uv": [1, 0, 0, 2], "rotation": 90, "texture": "#missing"},
				"up": {"uv": [2, 0, 0, 8], "rotation": 90, "texture": "#missing"},
				"down": {"uv": [2, 0, 0, 8], "rotation": 90, "texture": "#missing"}
			}
		},
		{
			"from": [7.35442, 2.80845, 7.3],
			"to": [7.55442, 3.50845, 8.7],
			"rotation": {"angle": 45, "axis": "z", "origin": [5.45442, 5.05845, 8]},
			"color": 1,
			"faces": {
				"north": {"uv": [0, 8, 1, 0], "rotation": 180, "texture": "#missing"},
				"east": {"uv": [0, 8, 2, 0], "rotation": 180, "texture": "#missing"},
				"south": {"uv": [0, 8, 1, 0], "rotation": 180, "texture": "#missing"},
				"west": {"uv": [0, 8, 2, 0], "rotation": 180, "texture": "#missing"},
				"up": {"uv": [0, 2, 1, 0], "rotation": 180, "texture": "#missing"},
				"down": {"uv": [0, 2, 1, 0], "rotation": 180, "texture": "#missing"}
			}
		},
		{
			"from": [7.05442, 2.70845, 7.3],
			"to": [7.15442, 3.20845, 8.7],
			"rotation": {"angle": 45, "axis": "z", "origin": [5.45442, 5.05845, 8]},
			"color": 1,
			"faces": {
				"north": {"uv": [0, 8, 1, 0], "rotation": 180, "texture": "#missing"},
				"east": {"uv": [0, 8, 2, 0], "rotation": 180, "texture": "#missing"},
				"south": {"uv": [0, 8, 1, 0], "rotation": 180, "texture": "#missing"},
				"west": {"uv": [0, 8, 2, 0], "rotation": 180, "texture": "#missing"},
				"up": {"uv": [0, 2, 1, 0], "rotation": 180, "texture": "#missing"},
				"down": {"uv": [0, 2, 1, 0], "rotation": 180, "texture": "#missing"}
			}
		},
		{
			"from": [6.70442, 3.05845, 7.3],
			"to": [7.20442, 3.15845, 8.7],
			"rotation": {"angle": 45, "axis": "z", "origin": [5.45442, 5.05845, 8]},
			"color": 1,
			"faces": {
				"north": {"uv": [1, 0, 0, 8], "rotation": 270, "texture": "#missing"},
				"east": {"uv": [1, 0, 0, 2], "rotation": 90, "texture": "#missing"},
				"south": {"uv": [1, 0, 0, 8], "rotation": 90, "texture": "#missing"},
				"west": {"uv": [1, 0, 0, 2], "rotation": 90, "texture": "#missing"},
				"up": {"uv": [2, 0, 0, 8], "rotation": 90, "texture": "#missing"},
				"down": {"uv": [2, 0, 0, 8], "rotation": 90, "texture": "#missing"}
			}
		},
		{
			"from": [6.9, 6.45, 7.3],
			"to": [7, 6.95, 8.7],
			"rotation": {"angle": 22.5, "axis": "z", "origin": [7.3, 6.6, 8]},
			"color": 1,
			"faces": {
				"north": {"uv": [0, 0, 1, 8], "rotation": 180, "texture": "#missing"},
				"east": {"uv": [0, 0, 2, 8], "rotation": 180, "texture": "#missing"},
				"south": {"uv": [0, 0, 1, 8], "rotation": 180, "texture": "#missing"},
				"west": {"uv": [0, 0, 2, 8], "rotation": 180, "texture": "#missing"},
				"up": {"uv": [0, 0, 1, 2], "rotation": 180, "texture": "#missing"},
				"down": {"uv": [0, 0, 1, 2], "rotation": 180, "texture": "#missing"}
			}
		},
		{
			"from": [7.2, 6.15, 7.3],
			"to": [7.4, 6.85, 8.7],
			"rotation": {"angle": 22.5, "axis": "z", "origin": [7.3, 6.6, 8]},
			"color": 1,
			"faces": {
				"north": {"uv": [0, 0, 1, 8], "rotation": 180, "texture": "#missing"},
				"east": {"uv": [0, 0, 2, 8], "rotation": 180, "texture": "#missing"},
				"south": {"uv": [0, 0, 1, 8], "rotation": 180, "texture": "#missing"},
				"west": {"uv": [0, 0, 2, 8], "rotation": 180, "texture": "#missing"},
				"up": {"uv": [0, 0, 1, 2], "rotation": 180, "texture": "#missing"},
				"down": {"uv": [0, 0, 1, 2], "rotation": 180, "texture": "#missing"}
			}
		},
		{
			"from": [6.65, 6.1, 7.3],
			"to": [7.35, 6.3, 8.7],
			"rotation": {"angle": 22.5, "axis": "z", "origin": [7.3, 6.6, 8]},
			"color": 1,
			"faces": {
				"north": {"uv": [0, 0, 1, 8], "rotation": 270, "texture": "#missing"},
				"east": {"uv": [0, 0, 1, 2], "rotation": 90, "texture": "#missing"},
				"south": {"uv": [0, 0, 1, 8], "rotation": 90, "texture": "#missing"},
				"west": {"uv": [0, 0, 1, 2], "rotation": 90, "texture": "#missing"},
				"up": {"uv": [0, 0, 2, 8], "rotation": 90, "texture": "#missing"},
				"down": {"uv": [0, 0, 2, 8], "rotation": 90, "texture": "#missing"}
			}
		},
		{
			"from": [6.55, 6.5, 7.3],
			"to": [7.05, 6.6, 8.7],
			"rotation": {"angle": 22.5, "axis": "z", "origin": [7.3, 6.6, 8]},
			"color": 1,
			"faces": {
				"north": {"uv": [0, 0, 1, 8], "rotation": 270, "texture": "#missing"},
				"east": {"uv": [0, 0, 1, 2], "rotation": 90, "texture": "#missing"},
				"south": {"uv": [0, 0, 1, 8], "rotation": 90, "texture": "#missing"},
				"west": {"uv": [0, 0, 1, 2], "rotation": 90, "texture": "#missing"},
				"up": {"uv": [0, 0, 2, 8], "rotation": 90, "texture": "#missing"},
				"down": {"uv": [0, 0, 2, 8], "rotation": 90, "texture": "#missing"}
			}
		},
		{
			"from": [6.55, 5.40845, 7.3],
			"to": [7.05, 5.50845, 8.7],
			"rotation": {"angle": -22.5, "axis": "z", "origin": [7.3, 5.40845, 8]},
			"color": 1,
			"faces": {
				"north": {"uv": [1, 0, 0, 8], "rotation": 270, "texture": "#missing"},
				"east": {"uv": [1, 0, 0, 2], "rotation": 90, "texture": "#missing"},
				"south": {"uv": [1, 0, 0, 8], "rotation": 90, "texture": "#missing"},
				"west": {"uv": [1, 0, 0, 2], "rotation": 90, "texture": "#missing"},
				"up": {"uv": [2, 0, 0, 8], "rotation": 90, "texture": "#missing"},
				"down": {"uv": [2, 0, 0, 8], "rotation": 90, "texture": "#missing"}
			}
		},
		{
			"from": [6.65, 5.70845, 7.3],
			"to": [7.35, 5.90845, 8.7],
			"rotation": {"angle": -22.5, "axis": "z", "origin": [7.3, 5.40845, 8]},
			"color": 1,
			"faces": {
				"north": {"uv": [1, 0, 0, 8], "rotation": 270, "texture": "#missing"},
				"east": {"uv": [1, 0, 0, 2], "rotation": 90, "texture": "#missing"},
				"south": {"uv": [1, 0, 0, 8], "rotation": 90, "texture": "#missing"},
				"west": {"uv": [1, 0, 0, 2], "rotation": 90, "texture": "#missing"},
				"up": {"uv": [2, 0, 0, 8], "rotation": 90, "texture": "#missing"},
				"down": {"uv": [2, 0, 0, 8], "rotation": 90, "texture": "#missing"}
			}
		},
		{
			"from": [7.2, 5.15845, 7.3],
			"to": [7.4, 5.85845, 8.7],
			"rotation": {"angle": -22.5, "axis": "z", "origin": [7.3, 5.40845, 8]},
			"color": 1,
			"faces": {
				"north": {"uv": [0, 8, 1, 0], "rotation": 180, "texture": "#missing"},
				"east": {"uv": [0, 8, 2, 0], "rotation": 180, "texture": "#missing"},
				"south": {"uv": [0, 8, 1, 0], "rotation": 180, "texture": "#missing"},
				"west": {"uv": [0, 8, 2, 0], "rotation": 180, "texture": "#missing"},
				"up": {"uv": [0, 2, 1, 0], "rotation": 180, "texture": "#missing"},
				"down": {"uv": [0, 2, 1, 0], "rotation": 180, "texture": "#missing"}
			}
		},
		{
			"from": [6.9, 5.05845, 7.3],
			"to": [7, 5.55845, 8.7],
			"rotation": {"angle": -22.5, "axis": "z", "origin": [7.3, 5.40845, 8]},
			"color": 1,
			"faces": {
				"north": {"uv": [0, 8, 1, 0], "rotation": 180, "texture": "#missing"},
				"east": {"uv": [0, 8, 2, 0], "rotation": 180, "texture": "#missing"},
				"south": {"uv": [0, 8, 1, 0], "rotation": 180, "texture": "#missing"},
				"west": {"uv": [0, 8, 2, 0], "rotation": 180, "texture": "#missing"},
				"up": {"uv": [0, 2, 1, 0], "rotation": 180, "texture": "#missing"},
				"down": {"uv": [0, 2, 1, 0], "rotation": 180, "texture": "#missing"}
			}
		},
		{
			"from": [8.6, 6.15, 7.3],
			"to": [8.8, 6.85, 8.7],
			"rotation": {"angle": -22.5, "axis": "z", "origin": [8.7, 6.6, 8]},
			"color": 1,
			"faces": {
				"north": {"uv": [1, 0, 0, 8], "rotation": 180, "texture": "#missing"},
				"east": {"uv": [2, 0, 0, 8], "rotation": 180, "texture": "#missing"},
				"south": {"uv": [1, 0, 0, 8], "rotation": 180, "texture": "#missing"},
				"west": {"uv": [2, 0, 0, 8], "rotation": 180, "texture": "#missing"},
				"up": {"uv": [1, 0, 0, 2], "rotation": 180, "texture": "#missing"},
				"down": {"uv": [1, 0, 0, 2], "rotation": 180, "texture": "#missing"}
			}
		},
		{
			"from": [9, 6.45, 7.3],
			"to": [9.1, 6.95, 8.7],
			"rotation": {"angle": -22.5, "axis": "z", "origin": [8.7, 6.6, 8]},
			"color": 1,
			"faces": {
				"north": {"uv": [1, 0, 0, 8], "rotation": 180, "texture": "#missing"},
				"east": {"uv": [2, 0, 0, 8], "rotation": 180, "texture": "#missing"},
				"south": {"uv": [1, 0, 0, 8], "rotation": 180, "texture": "#missing"},
				"west": {"uv": [2, 0, 0, 8], "rotation": 180, "texture": "#missing"},
				"up": {"uv": [1, 0, 0, 2], "rotation": 180, "texture": "#missing"},
				"down": {"uv": [1, 0, 0, 2], "rotation": 180, "texture": "#missing"}
			}
		},
		{
			"from": [8.95, 6.5, 7.3],
			"to": [9.45, 6.6, 8.7],
			"rotation": {"angle": -22.5, "axis": "z", "origin": [8.7, 6.6, 8]},
			"color": 1,
			"faces": {
				"north": {"uv": [0, 8, 1, 0], "rotation": 270, "texture": "#missing"},
				"east": {"uv": [0, 2, 1, 0], "rotation": 90, "texture": "#missing"},
				"south": {"uv": [0, 8, 1, 0], "rotation": 90, "texture": "#missing"},
				"west": {"uv": [0, 2, 1, 0], "rotation": 90, "texture": "#missing"},
				"up": {"uv": [0, 8, 2, 0], "rotation": 90, "texture": "#missing"},
				"down": {"uv": [0, 8, 2, 0], "rotation": 90, "texture": "#missing"}
			}
		},
		{
			"from": [8.65, 6.1, 7.3],
			"to": [9.35, 6.3, 8.7],
			"rotation": {"angle": -22.5, "axis": "z", "origin": [8.7, 6.6, 8]},
			"color": 1,
			"faces": {
				"north": {"uv": [0, 8, 1, 0], "rotation": 270, "texture": "#missing"},
				"east": {"uv": [0, 2, 1, 0], "rotation": 90, "texture": "#missing"},
				"south": {"uv": [0, 8, 1, 0], "rotation": 90, "texture": "#missing"},
				"west": {"uv": [0, 2, 1, 0], "rotation": 90, "texture": "#missing"},
				"up": {"uv": [0, 8, 2, 0], "rotation": 90, "texture": "#missing"},
				"down": {"uv": [0, 8, 2, 0], "rotation": 90, "texture": "#missing"}
			}
		},
		{
			"from": [8.65, 5.70845, 7.3],
			"to": [9.35, 5.90845, 8.7],
			"rotation": {"angle": 22.5, "axis": "z", "origin": [8.7, 5.40845, 8]},
			"color": 1,
			"faces": {
				"north": {"uv": [1, 8, 0, 0], "rotation": 270, "texture": "#missing"},
				"east": {"uv": [1, 2, 0, 0], "rotation": 90, "texture": "#missing"},
				"south": {"uv": [1, 8, 0, 0], "rotation": 90, "texture": "#missing"},
				"west": {"uv": [1, 2, 0, 0], "rotation": 90, "texture": "#missing"},
				"up": {"uv": [2, 8, 0, 0], "rotation": 90, "texture": "#missing"},
				"down": {"uv": [2, 8, 0, 0], "rotation": 90, "texture": "#missing"}
			}
		},
		{
			"from": [8.95, 5.40845, 7.3],
			"to": [9.45, 5.50845, 8.7],
			"rotation": {"angle": 22.5, "axis": "z", "origin": [8.7, 5.40845, 8]},
			"color": 1,
			"faces": {
				"north": {"uv": [1, 8, 0, 0], "rotation": 270, "texture": "#missing"},
				"east": {"uv": [1, 2, 0, 0], "rotation": 90, "texture": "#missing"},
				"south": {"uv": [1, 8, 0, 0], "rotation": 90, "texture": "#missing"},
				"west": {"uv": [1, 2, 0, 0], "rotation": 90, "texture": "#missing"},
				"up": {"uv": [2, 8, 0, 0], "rotation": 90, "texture": "#missing"},
				"down": {"uv": [2, 8, 0, 0], "rotation": 90, "texture": "#missing"}
			}
		},
		{
			"from": [9, 5.05845, 7.3],
			"to": [9.1, 5.55845, 8.7],
			"rotation": {"angle": 22.5, "axis": "z", "origin": [8.7, 5.40845, 8]},
			"color": 1,
			"faces": {
				"north": {"uv": [1, 8, 0, 0], "rotation": 180, "texture": "#missing"},
				"east": {"uv": [2, 8, 0, 0], "rotation": 180, "texture": "#missing"},
				"south": {"uv": [1, 8, 0, 0], "rotation": 180, "texture": "#missing"},
				"west": {"uv": [2, 8, 0, 0], "rotation": 180, "texture": "#missing"},
				"up": {"uv": [1, 2, 0, 0], "rotation": 180, "texture": "#missing"},
				"down": {"uv": [1, 2, 0, 0], "rotation": 180, "texture": "#missing"}
			}
		},
		{
			"from": [8.6, 5.15845, 7.3],
			"to": [8.8, 5.85845, 8.7],
			"rotation": {"angle": 22.5, "axis": "z", "origin": [8.7, 5.40845, 8]},
			"color": 1,
			"faces": {
				"north": {"uv": [1, 8, 0, 0], "rotation": 180, "texture": "#missing"},
				"east": {"uv": [2, 8, 0, 0], "rotation": 180, "texture": "#missing"},
				"south": {"uv": [1, 8, 0, 0], "rotation": 180, "texture": "#missing"},
				"west": {"uv": [2, 8, 0, 0], "rotation": 180, "texture": "#missing"},
				"up": {"uv": [1, 2, 0, 0], "rotation": 180, "texture": "#missing"},
				"down": {"uv": [1, 2, 0, 0], "rotation": 180, "texture": "#missing"}
			}
		},
		{
			"from": [4.53318, 6.50318, 7.75],
			"to": [6.03318, 6.65318, 8.25],
			"rotation": {"angle": 22.5, "axis": "z", "origin": [6.01433, 5.04017, 8.125]},
			"color": 0,
			"faces": {
				"north": {"uv": [0, 0, 3, 0.3], "texture": "#missing"},
				"east": {"uv": [0, 0, 1, 0.3], "texture": "#missing"},
				"south": {"uv": [0, 0, 3, 0.3], "texture": "#missing"},
				"west": {"uv": [0, 0, 1, 0.3], "texture": "#missing"},
				"up": {"uv": [0, 0, 3, 1], "texture": "#missing"},
				"down": {"uv": [0, 0, 3, 1], "texture": "#missing"}
			}
		},
		{
			"from": [3.87509, 5.01592, 7.75],
			"to": [5.37509, 5.16592, 8.25],
			"rotation": {"angle": -22.5, "axis": "z", "origin": [6.01433, 5.04017, 8.125]},
			"color": 0,
			"faces": {
				"north": {"uv": [0, 0, 3, 0.3], "texture": "#missing"},
				"east": {"uv": [0, 0, 1, 0.3], "texture": "#missing"},
				"south": {"uv": [0, 0, 3, 0.3], "texture": "#missing"},
				"west": {"uv": [0, 0, 1, 0.3], "texture": "#missing"},
				"up": {"uv": [0, 0, 3, 1], "texture": "#missing"},
				"down": {"uv": [0, 0, 3, 1], "texture": "#missing"}
			}
		},
		{
			"from": [3.95729, 4.19912, 7.75],
			"to": [4.04721, 4.28904, 8.25],
			"rotation": {"angle": -45, "axis": "z", "origin": [6.01433, 5.04017, 8.125]},
			"color": 0,
			"faces": {
				"north": {"uv": [0, 0, 0.17984, 0.17984], "texture": "#missing"},
				"east": {"uv": [0, 0, 1, 0.17984], "texture": "#missing"},
				"south": {"uv": [0, 0, 0.17984, 0.17984], "texture": "#missing"},
				"west": {"uv": [0, 0, 1, 0.17984], "texture": "#missing"},
				"up": {"uv": [0, 0, 0.17984, 1], "texture": "#missing"},
				"down": {"uv": [0, 0, 0.17984, 1], "texture": "#missing"}
			}
		},
		{
			"from": [4.74244, 5.55, 7.75],
			"to": [5.49244, 6.25, 8.25],
			"rotation": {"angle": 0, "axis": "z", "origin": [6.01433, 5.04017, 8.125]},
			"color": 0,
			"faces": {
				"north": {"uv": [0, 0, 1.5, 1.4], "texture": "#missing"},
				"east": {"uv": [0, 0, 1, 1.4], "texture": "#missing"},
				"south": {"uv": [0, 0, 1.5, 1.4], "texture": "#missing"},
				"west": {"uv": [0, 0, 1, 1.4], "texture": "#missing"},
				"up": {"uv": [0, 0, 1.5, 1], "texture": "#missing"},
				"down": {"uv": [0, 0, 1.5, 1], "texture": "#missing"}
			}
		},
		{
			"from": [4.24244, 5.75, 7.75],
			"to": [4.59244, 6.05, 8.25],
			"rotation": {"angle": 0, "axis": "z", "origin": [6.01433, 5.04017, 8.125]},
			"color": 0,
			"faces": {
				"north": {"uv": [0, 0, 0.7, 0.6], "texture": "#missing"},
				"east": {"uv": [0, 0, 1, 0.6], "texture": "#missing"},
				"south": {"uv": [0, 0, 0.7, 0.6], "texture": "#missing"},
				"west": {"uv": [0, 0, 1, 0.6], "texture": "#missing"},
				"up": {"uv": [0, 0, 0.7, 1], "texture": "#missing"},
				"down": {"uv": [0, 0, 0.7, 1], "texture": "#missing"}
			}
		},
		{
			"from": [4.59244, 5.7, 7.75],
			"to": [4.74244, 6.1, 8.25],
			"rotation": {"angle": 0, "axis": "z", "origin": [6.01433, 5.04017, 8.125]},
			"color": 0,
			"faces": {
				"north": {"uv": [0, 0, 0.3, 0.8], "texture": "#missing"},
				"east": {"uv": [0, 0, 1, 0.8], "texture": "#missing"},
				"south": {"uv": [0, 0, 0.3, 0.8], "texture": "#missing"},
				"west": {"uv": [0, 0, 1, 0.8], "texture": "#missing"},
				"up": {"uv": [0, 0, 0.3, 1], "texture": "#missing"},
				"down": {"uv": [0, 0, 0.3, 1], "texture": "#missing"}
			}
		},
		{
			"from": [5.09244, 6.25, 7.75],
			"to": [5.49244, 6.4, 8.25],
			"rotation": {"angle": 0, "axis": "z", "origin": [6.01433, 5.04017, 8.125]},
			"color": 0,
			"faces": {
				"north": {"uv": [0, 0, 0.8, 0.3], "texture": "#missing"},
				"east": {"uv": [0, 0, 1, 0.3], "texture": "#missing"},
				"south": {"uv": [0, 0, 0.8, 0.3], "texture": "#missing"},
				"west": {"uv": [0, 0, 1, 0.3], "texture": "#missing"},
				"up": {"uv": [0, 0, 0.8, 1], "texture": "#missing"},
				"down": {"uv": [0, 0, 0.8, 1], "texture": "#missing"}
			}
		},
		{
			"from": [5.09244, 5.4, 7.75],
			"to": [5.49244, 5.55, 8.25],
			"rotation": {"angle": 0, "axis": "z", "origin": [6.01433, 5.04017, 8.125]},
			"color": 0,
			"faces": {
				"north": {"uv": [0, 0, 0.8, 0.3], "texture": "#missing"},
				"east": {"uv": [0, 0, 1, 0.3], "texture": "#missing"},
				"south": {"uv": [0, 0, 0.8, 0.3], "texture": "#missing"},
				"west": {"uv": [0, 0, 1, 0.3], "texture": "#missing"},
				"up": {"uv": [0, 0, 0.8, 1], "texture": "#missing"},
				"down": {"uv": [0, 0, 0.8, 1], "texture": "#missing"}
			}
		},
		{
			"from": [5.3365, 6.25, 7.75],
			"to": [5.7365, 6.4, 8.25],
			"rotation": {"angle": 0, "axis": "z", "origin": [6.01433, 5.04017, 8.125]},
			"color": 0,
			"faces": {
				"north": {"uv": [0, 0, 0.8, 0.3], "rotation": 180, "texture": "#missing"},
				"east": {"uv": [0, 0, 1, 0.3], "rotation": 180, "texture": "#missing"},
				"south": {"uv": [0, 0, 0.8, 0.3], "rotation": 180, "texture": "#missing"},
				"west": {"uv": [0, 0, 1, 0.3], "rotation": 180, "texture": "#missing"},
				"up": {"uv": [0, 0, 0.8, 1], "rotation": 180, "texture": "#missing"},
				"down": {"uv": [0, 0, 0.8, 1], "rotation": 180, "texture": "#missing"}
			}
		},
		{
			"from": [5.3365, 5.4, 7.75],
			"to": [5.7365, 5.55, 8.25],
			"rotation": {"angle": 0, "axis": "z", "origin": [6.01433, 5.04017, 8.125]},
			"color": 0,
			"faces": {
				"north": {"uv": [0, 0, 0.8, 0.3], "rotation": 180, "texture": "#missing"},
				"east": {"uv": [0, 0, 1, 0.3], "rotation": 180, "texture": "#missing"},
				"south": {"uv": [0, 0, 0.8, 0.3], "rotation": 180, "texture": "#missing"},
				"west": {"uv": [0, 0, 1, 0.3], "rotation": 180, "texture": "#missing"},
				"up": {"uv": [0, 0, 0.8, 1], "rotation": 180, "texture": "#missing"},
				"down": {"uv": [0, 0, 0.8, 1], "rotation": 180, "texture": "#missing"}
			}
		},
		{
			"from": [6.0865, 5.7, 7.75],
			"to": [6.2365, 6.1, 8.25],
			"rotation": {"angle": 0, "axis": "z", "origin": [6.01433, 5.04017, 8.125]},
			"color": 0,
			"faces": {
				"north": {"uv": [0, 0, 0.3, 0.8], "rotation": 180, "texture": "#missing"},
				"east": {"uv": [0, 0, 1, 0.8], "rotation": 180, "texture": "#missing"},
				"south": {"uv": [0, 0, 0.3, 0.8], "rotation": 180, "texture": "#missing"},
				"west": {"uv": [0, 0, 1, 0.8], "rotation": 180, "texture": "#missing"},
				"up": {"uv": [0, 0, 0.3, 1], "rotation": 180, "texture": "#missing"},
				"down": {"uv": [0, 0, 0.3, 1], "rotation": 180, "texture": "#missing"}
			}
		},
		{
			"from": [6.2365, 5.75, 7.75],
			"to": [6.5865, 6.05, 8.25],
			"rotation": {"angle": 0, "axis": "z", "origin": [6.01433, 5.04017, 8.125]},
			"color": 0,
			"faces": {
				"north": {"uv": [0, 0, 0.7, 0.6], "rotation": 180, "texture": "#missing"},
				"east": {"uv": [0, 0, 1, 0.6], "rotation": 180, "texture": "#missing"},
				"south": {"uv": [0, 0, 0.7, 0.6], "rotation": 180, "texture": "#missing"},
				"west": {"uv": [0, 0, 1, 0.6], "rotation": 180, "texture": "#missing"},
				"up": {"uv": [0, 0, 0.7, 1], "rotation": 180, "texture": "#missing"},
				"down": {"uv": [0, 0, 0.7, 1], "rotation": 180, "texture": "#missing"}
			}
		},
		{
			"from": [5.3365, 5.55, 7.75],
			"to": [6.0865, 6.25, 8.25],
			"rotation": {"angle": 0, "axis": "z", "origin": [6.01433, 5.04017, 8.125]},
			"color": 0,
			"faces": {
				"north": {"uv": [0, 0, 1.5, 1.4], "rotation": 180, "texture": "#missing"},
				"east": {"uv": [0, 0, 1, 1.4], "rotation": 180, "texture": "#missing"},
				"south": {"uv": [0, 0, 1.5, 1.4], "rotation": 180, "texture": "#missing"},
				"west": {"uv": [0, 0, 1, 1.4], "rotation": 180, "texture": "#missing"},
				"up": {"uv": [0, 0, 1.5, 1], "rotation": 180, "texture": "#missing"},
				"down": {"uv": [0, 0, 1.5, 1], "rotation": 180, "texture": "#missing"}
			}
		},
		{
			"from": [5.91713, 6.15896, 7.75],
			"to": [6.00705, 6.24888, 8.25],
			"rotation": {"angle": -45, "axis": "z", "origin": [6.01433, 5.04017, 8.125]},
			"color": 0,
			"faces": {
				"north": {"uv": [0, 0, 0.17984, 0.17984], "rotation": 180, "texture": "#missing"},
				"east": {"uv": [0, 0, 1, 0.17984], "rotation": 180, "texture": "#missing"},
				"south": {"uv": [0, 0, 0.17984, 0.17984], "rotation": 180, "texture": "#missing"},
				"west": {"uv": [0, 0, 1, 0.17984], "rotation": 180, "texture": "#missing"},
				"up": {"uv": [0, 0, 0.17984, 1], "rotation": 180, "texture": "#missing"},
				"down": {"uv": [0, 0, 0.17984, 1], "rotation": 180, "texture": "#missing"}
			}
		},
		{
			"from": [4.88709, 6.04407, 7.75],
			"to": [6.38709, 6.19407, 8.25],
			"rotation": {"angle": -22.5, "axis": "z", "origin": [6.01433, 5.04017, 8.125]},
			"color": 0,
			"faces": {
				"north": {"uv": [0, 0, 3, 0.3], "rotation": 180, "texture": "#missing"},
				"east": {"uv": [0, 0, 1, 0.3], "rotation": 180, "texture": "#missing"},
				"south": {"uv": [0, 0, 3, 0.3], "rotation": 180, "texture": "#missing"},
				"west": {"uv": [0, 0, 1, 0.3], "rotation": 180, "texture": "#missing"},
				"up": {"uv": [0, 0, 3, 1], "rotation": 180, "texture": "#missing"},
				"down": {"uv": [0, 0, 3, 1], "rotation": 180, "texture": "#missing"}
			}
		},
		{
			"from": [5.54518, 5.47503, 7.75],
			"to": [7.04518, 5.62503, 8.25],
			"rotation": {"angle": 22.5, "axis": "z", "origin": [6.01433, 5.04017, 8.125]},
			"color": 0,
			"faces": {
				"north": {"uv": [0, 0, 3, 0.3], "rotation": 180, "texture": "#missing"},
				"east": {"uv": [0, 0, 1, 0.3], "rotation": 180, "texture": "#missing"},
				"south": {"uv": [0, 0, 3, 0.3], "rotation": 180, "texture": "#missing"},
				"west": {"uv": [0, 0, 1, 0.3], "rotation": 180, "texture": "#missing"},
				"up": {"uv": [0, 0, 3, 1], "rotation": 180, "texture": "#missing"},
				"down": {"uv": [0, 0, 3, 1], "rotation": 180, "texture": "#missing"}
			}
		},
		{
			"from": [9.96682, 6.50318, 7.75],
			"to": [11.46682, 6.65318, 8.25],
			"rotation": {"angle": -22.5, "axis": "z", "origin": [9.98567, 5.04017, 8.125]},
			"color": 0,
			"faces": {
				"north": {"uv": [3, 0, 0, 0.3], "texture": "#missing"},
				"east": {"uv": [1, 0, 0, 0.3], "texture": "#missing"},
				"south": {"uv": [3, 0, 0, 0.3], "texture": "#missing"},
				"west": {"uv": [1, 0, 0, 0.3], "texture": "#missing"},
				"up": {"uv": [3, 0, 0, 1], "texture": "#missing"},
				"down": {"uv": [3, 0, 0, 1], "texture": "#missing"}
			}
		},
		{
			"from": [10.62491, 5.01592, 7.75],
			"to": [12.12491, 5.16592, 8.25],
			"rotation": {"angle": 22.5, "axis": "z", "origin": [9.98567, 5.04017, 8.125]},
			"color": 0,
			"faces": {
				"north": {"uv": [3, 0, 0, 0.3], "texture": "#missing"},
				"east": {"uv": [1, 0, 0, 0.3], "texture": "#missing"},
				"south": {"uv": [3, 0, 0, 0.3], "texture": "#missing"},
				"west": {"uv": [1, 0, 0, 0.3], "texture": "#missing"},
				"up": {"uv": [3, 0, 0, 1], "texture": "#missing"},
				"down": {"uv": [3, 0, 0, 1], "texture": "#missing"}
			}
		},
		{
			"from": [11.95279, 4.19912, 7.75],
			"to": [12.04271, 4.28904, 8.25],
			"rotation": {"angle": 45, "axis": "z", "origin": [9.98567, 5.04017, 8.125]},
			"color": 0,
			"faces": {
				"north": {"uv": [0.17984, 0, 0, 0.17984], "texture": "#missing"},
				"east": {"uv": [1, 0, 0, 0.17984], "texture": "#missing"},
				"south": {"uv": [0.17984, 0, 0, 0.17984], "texture": "#missing"},
				"west": {"uv": [1, 0, 0, 0.17984], "texture": "#missing"},
				"up": {"uv": [0.17984, 0, 0, 1], "texture": "#missing"},
				"down": {"uv": [0.17984, 0, 0, 1], "texture": "#missing"}
			}
		},
		{
			"from": [10.50756, 5.55, 7.75],
			"to": [11.25756, 6.25, 8.25],
			"rotation": {"angle": 0, "axis": "z", "origin": [9.98567, 5.04017, 8.125]},
			"color": 0,
			"faces": {
				"north": {"uv": [1.5, 0, 0, 1.4], "texture": "#missing"},
				"east": {"uv": [1, 0, 0, 1.4], "texture": "#missing"},
				"south": {"uv": [1.5, 0, 0, 1.4], "texture": "#missing"},
				"west": {"uv": [1, 0, 0, 1.4], "texture": "#missing"},
				"up": {"uv": [1.5, 0, 0, 1], "texture": "#missing"},
				"down": {"uv": [1.5, 0, 0, 1], "texture": "#missing"}
			}
		},
		{
			"from": [11.40756, 5.75, 7.75],
			"to": [11.75756, 6.05, 8.25],
			"rotation": {"angle": 0, "axis": "z", "origin": [9.98567, 5.04017, 8.125]},
			"color": 0,
			"faces": {
				"north": {"uv": [0.7, 0, 0, 0.6], "texture": "#missing"},
				"east": {"uv": [1, 0, 0, 0.6], "texture": "#missing"},
				"south": {"uv": [0.7, 0, 0, 0.6], "texture": "#missing"},
				"west": {"uv": [1, 0, 0, 0.6], "texture": "#missing"},
				"up": {"uv": [0.7, 0, 0, 1], "texture": "#missing"},
				"down": {"uv": [0.7, 0, 0, 1], "texture": "#missing"}
			}
		},
		{
			"from": [11.25756, 5.7, 7.75],
			"to": [11.40756, 6.1, 8.25],
			"rotation": {"angle": 0, "axis": "z", "origin": [9.98567, 5.04017, 8.125]},
			"color": 0,
			"faces": {
				"north": {"uv": [0.3, 0, 0, 0.8], "texture": "#missing"},
				"east": {"uv": [1, 0, 0, 0.8], "texture": "#missing"},
				"south": {"uv": [0.3, 0, 0, 0.8], "texture": "#missing"},
				"west": {"uv": [1, 0, 0, 0.8], "texture": "#missing"},
				"up": {"uv": [0.3, 0, 0, 1], "texture": "#missing"},
				"down": {"uv": [0.3, 0, 0, 1], "texture": "#missing"}
			}
		},
		{
			"from": [10.50756, 6.25, 7.75],
			"to": [10.90756, 6.4, 8.25],
			"rotation": {"angle": 0, "axis": "z", "origin": [9.98567, 5.04017, 8.125]},
			"color": 0,
			"faces": {
				"north": {"uv": [0.8, 0, 0, 0.3], "texture": "#missing"},
				"east": {"uv": [1, 0, 0, 0.3], "texture": "#missing"},
				"south": {"uv": [0.8, 0, 0, 0.3], "texture": "#missing"},
				"west": {"uv": [1, 0, 0, 0.3], "texture": "#missing"},
				"up": {"uv": [0.8, 0, 0, 1], "texture": "#missing"},
				"down": {"uv": [0.8, 0, 0, 1], "texture": "#missing"}
			}
		},
		{
			"from": [10.50756, 5.4, 7.75],
			"to": [10.90756, 5.55, 8.25],
			"rotation": {"angle": 0, "axis": "z", "origin": [9.98567, 5.04017, 8.125]},
			"color": 0,
			"faces": {
				"north": {"uv": [0.8, 0, 0, 0.3], "texture": "#missing"},
				"east": {"uv": [1, 0, 0, 0.3], "texture": "#missing"},
				"south": {"uv": [0.8, 0, 0, 0.3], "texture": "#missing"},
				"west": {"uv": [1, 0, 0, 0.3], "texture": "#missing"},
				"up": {"uv": [0.8, 0, 0, 1], "texture": "#missing"},
				"down": {"uv": [0.8, 0, 0, 1], "texture": "#missing"}
			}
		},
		{
			"from": [10.2635, 6.25, 7.75],
			"to": [10.6635, 6.4, 8.25],
			"rotation": {"angle": 0, "axis": "z", "origin": [9.98567, 5.04017, 8.125]},
			"color": 0,
			"faces": {
				"north": {"uv": [0.8, 0, 0, 0.3], "rotation": 180, "texture": "#missing"},
				"east": {"uv": [1, 0, 0, 0.3], "rotation": 180, "texture": "#missing"},
				"south": {"uv": [0.8, 0, 0, 0.3], "rotation": 180, "texture": "#missing"},
				"west": {"uv": [1, 0, 0, 0.3], "rotation": 180, "texture": "#missing"},
				"up": {"uv": [0.8, 0, 0, 1], "rotation": 180, "texture": "#missing"},
				"down": {"uv": [0.8, 0, 0, 1], "rotation": 180, "texture": "#missing"}
			}
		},
		{
			"from": [10.2635, 5.4, 7.75],
			"to": [10.6635, 5.55, 8.25],
			"rotation": {"angle": 0, "axis": "z", "origin": [9.98567, 5.04017, 8.125]},
			"color": 0,
			"faces": {
				"north": {"uv": [0.8, 0, 0, 0.3], "rotation": 180, "texture": "#missing"},
				"east": {"uv": [1, 0, 0, 0.3], "rotation": 180, "texture": "#missing"},
				"south": {"uv": [0.8, 0, 0, 0.3], "rotation": 180, "texture": "#missing"},
				"west": {"uv": [1, 0, 0, 0.3], "rotation": 180, "texture": "#missing"},
				"up": {"uv": [0.8, 0, 0, 1], "rotation": 180, "texture": "#missing"},
				"down": {"uv": [0.8, 0, 0, 1], "rotation": 180, "texture": "#missing"}
			}
		},
		{
			"from": [9.7635, 5.7, 7.75],
			"to": [9.9135, 6.1, 8.25],
			"rotation": {"angle": 0, "axis": "z", "origin": [9.98567, 5.04017, 8.125]},
			"color": 0,
			"faces": {
				"north": {"uv": [0.3, 0, 0, 0.8], "rotation": 180, "texture": "#missing"},
				"east": {"uv": [1, 0, 0, 0.8], "rotation": 180, "texture": "#missing"},
				"south": {"uv": [0.3, 0, 0, 0.8], "rotation": 180, "texture": "#missing"},
				"west": {"uv": [1, 0, 0, 0.8], "rotation": 180, "texture": "#missing"},
				"up": {"uv": [0.3, 0, 0, 1], "rotation": 180, "texture": "#missing"},
				"down": {"uv": [0.3, 0, 0, 1], "rotation": 180, "texture": "#missing"}
			}
		},
		{
			"from": [9.4135, 5.75, 7.75],
			"to": [9.7635, 6.05, 8.25],
			"rotation": {"angle": 0, "axis": "z", "origin": [9.98567, 5.04017, 8.125]},
			"color": 0,
			"faces": {
				"north": {"uv": [0.7, 0, 0, 0.6], "rotation": 180, "texture": "#missing"},
				"east": {"uv": [1, 0, 0, 0.6], "rotation": 180, "texture": "#missing"},
				"south": {"uv": [0.7, 0, 0, 0.6], "rotation": 180, "texture": "#missing"},
				"west": {"uv": [1, 0, 0, 0.6], "rotation": 180, "texture": "#missing"},
				"up": {"uv": [0.7, 0, 0, 1], "rotation": 180, "texture": "#missing"},
				"down": {"uv": [0.7, 0, 0, 1], "rotation": 180, "texture": "#missing"}
			}
		},
		{
			"from": [9.9135, 5.55, 7.75],
			"to": [10.6635, 6.25, 8.25],
			"rotation": {"angle": 0, "axis": "z", "origin": [9.98567, 5.04017, 8.125]},
			"color": 0,
			"faces": {
				"north": {"uv": [1.5, 0, 0, 1.4], "rotation": 180, "texture": "#missing"},
				"east": {"uv": [1, 0, 0, 1.4], "rotation": 180, "texture": "#missing"},
				"south": {"uv": [1.5, 0, 0, 1.4], "rotation": 180, "texture": "#missing"},
				"west": {"uv": [1, 0, 0, 1.4], "rotation": 180, "texture": "#missing"},
				"up": {"uv": [1.5, 0, 0, 1], "rotation": 180, "texture": "#missing"},
				"down": {"uv": [1.5, 0, 0, 1], "rotation": 180, "texture": "#missing"}
			}
		},
		{
			"from": [9.99295, 6.15896, 7.75],
			"to": [10.08287, 6.24888, 8.25],
			"rotation": {"angle": 45, "axis": "z", "origin": [9.98567, 5.04017, 8.125]},
			"color": 0,
			"faces": {
				"north": {"uv": [0.17984, 0, 0, 0.17984], "rotation": 180, "texture": "#missing"},
				"east": {"uv": [1, 0, 0, 0.17984], "rotation": 180, "texture": "#missing"},
				"south": {"uv": [0.17984, 0, 0, 0.17984], "rotation": 180, "texture": "#missing"},
				"west": {"uv": [1, 0, 0, 0.17984], "rotation": 180, "texture": "#missing"},
				"up": {"uv": [0.17984, 0, 0, 1], "rotation": 180, "texture": "#missing"},
				"down": {"uv": [0.17984, 0, 0, 1], "rotation": 180, "texture": "#missing"}
			}
		},
		{
			"from": [9.61291, 6.04407, 7.75],
			"to": [11.11291, 6.19407, 8.25],
			"rotation": {"angle": 22.5, "axis": "z", "origin": [9.98567, 5.04017, 8.125]},
			"color": 0,
			"faces": {
				"north": {"uv": [3, 0, 0, 0.3], "rotation": 180, "texture": "#missing"},
				"east": {"uv": [1, 0, 0, 0.3], "rotation": 180, "texture": "#missing"},
				"south": {"uv": [3, 0, 0, 0.3], "rotation": 180, "texture": "#missing"},
				"west": {"uv": [1, 0, 0, 0.3], "rotation": 180, "texture": "#missing"},
				"up": {"uv": [3, 0, 0, 1], "rotation": 180, "texture": "#missing"},
				"down": {"uv": [3, 0, 0, 1], "rotation": 180, "texture": "#missing"}
			}
		},
		{
			"from": [8.95482, 5.47503, 7.75],
			"to": [10.45482, 5.62503, 8.25],
			"rotation": {"angle": -22.5, "axis": "z", "origin": [9.98567, 5.04017, 8.125]},
			"color": 0,
			"faces": {
				"north": {"uv": [3, 0, 0, 0.3], "rotation": 180, "texture": "#missing"},
				"east": {"uv": [1, 0, 0, 0.3], "rotation": 180, "texture": "#missing"},
				"south": {"uv": [3, 0, 0, 0.3], "rotation": 180, "texture": "#missing"},
				"west": {"uv": [1, 0, 0, 0.3], "rotation": 180, "texture": "#missing"},
				"up": {"uv": [3, 0, 0, 1], "rotation": 180, "texture": "#missing"},
				"down": {"uv": [3, 0, 0, 1], "rotation": 180, "texture": "#missing"}
			}
		},
		{
			"from": [9.64153, 7.03907, 7.75],
			"to": [11.14153, 7.18907, 8.25],
			"rotation": {"angle": 0, "axis": "z", "origin": [9.78567, 5.24017, 8.125]},
			"color": 0,
			"faces": {
				"north": {"uv": [3, 0, 0, 0.3], "texture": "#missing"},
				"east": {"uv": [1, 0, 0, 0.3], "texture": "#missing"},
				"south": {"uv": [3, 0, 0, 0.3], "texture": "#missing"},
				"west": {"uv": [1, 0, 0, 0.3], "texture": "#missing"},
				"up": {"uv": [3, 0, 0, 1], "texture": "#missing"},
				"down": {"uv": [3, 0, 0, 1], "texture": "#missing"}
			}
		},
		{
			"from": [10.57383, 5.54203, 7.75],
			"to": [12.07383, 5.69203, 8.25],
			"rotation": {"angle": 45, "axis": "z", "origin": [9.78567, 5.24017, 8.125]},
			"color": 0,
			"faces": {
				"north": {"uv": [3, 0, 0, 0.3], "texture": "#missing"},
				"east": {"uv": [1, 0, 0, 0.3], "texture": "#missing"},
				"south": {"uv": [3, 0, 0, 0.3], "texture": "#missing"},
				"west": {"uv": [1, 0, 0, 0.3], "texture": "#missing"},
				"up": {"uv": [3, 0, 0, 1], "texture": "#missing"},
				"down": {"uv": [3, 0, 0, 1], "texture": "#missing"}
			}
		},
		{
			"from": [10.2925, 7.46966, 7.75],
			"to": [10.38242, 7.55958, 8.25],
			"rotation": {"angle": -22.5, "axis": "z", "origin": [9.78567, 5.24017, 8.125]},
			"color": 0,
			"faces": {
				"north": {"uv": [0, 0.17984, 0.17984, 0], "rotation": 270, "texture": "#missing"},
				"east": {"uv": [0, 1, 0.17984, 0], "rotation": 90, "texture": "#missing"},
				"south": {"uv": [0, 0.17984, 0.17984, 0], "rotation": 90, "texture": "#missing"},
				"west": {"uv": [0, 1, 0.17984, 0], "rotation": 90, "texture": "#missing"},
				"up": {"uv": [0, 0.17984, 1, 0], "rotation": 90, "texture": "#missing"},
				"down": {"uv": [0, 0.17984, 1, 0], "rotation": 90, "texture": "#missing"}
			}
		},
		{
			"from": [10.32034, 6.10828, 7.75],
			"to": [11.07034, 6.80828, 8.25],
			"rotation": {"angle": 22.5, "axis": "z", "origin": [9.78567, 5.24017, 8.125]},
			"color": 0,
			"faces": {
				"north": {"uv": [1.5, 0, 0, 1.4], "texture": "#missing"},
				"east": {"uv": [1, 0, 0, 1.4], "texture": "#missing"},
				"south": {"uv": [1.5, 0, 0, 1.4], "texture": "#missing"},
				"west": {"uv": [1, 0, 0, 1.4], "texture": "#missing"},
				"up": {"uv": [1.5, 0, 0, 1], "texture": "#missing"},
				"down": {"uv": [1.5, 0, 0, 1], "texture": "#missing"}
			}
		},
		{
			"from": [11.22034, 6.30828, 7.75],
			"to": [11.57034, 6.60828, 8.25],
			"rotation": {"angle": 22.5, "axis": "z", "origin": [9.78567, 5.24017, 8.125]},
			"color": 0,
			"faces": {
				"north": {"uv": [0.7, 0, 0, 0.6], "texture": "#missing"},
				"east": {"uv": [1, 0, 0, 0.6], "texture": "#missing"},
				"south": {"uv": [0.7, 0, 0, 0.6], "texture": "#missing"},
				"west": {"uv": [1, 0, 0, 0.6], "texture": "#missing"},
				"up": {"uv": [0.7, 0, 0, 1], "texture": "#missing"},
				"down": {"uv": [0.7, 0, 0, 1], "texture": "#missing"}
			}
		},
		{
			"from": [11.07034, 6.25828, 7.75],
			"to": [11.22034, 6.65828, 8.25],
			"rotation": {"angle": 22.5, "axis": "z", "origin": [9.78567, 5.24017, 8.125]},
			"color": 0,
			"faces": {
				"north": {"uv": [0.3, 0, 0, 0.8], "texture": "#missing"},
				"east": {"uv": [1, 0, 0, 0.8], "texture": "#missing"},
				"south": {"uv": [0.3, 0, 0, 0.8], "texture": "#missing"},
				"west": {"uv": [1, 0, 0, 0.8], "texture": "#missing"},
				"up": {"uv": [0.3, 0, 0, 1], "texture": "#missing"},
				"down": {"uv": [0.3, 0, 0, 1], "texture": "#missing"}
			}
		},
		{
			"from": [10.32034, 6.80828, 7.75],
			"to": [10.72034, 6.95828, 8.25],
			"rotation": {"angle": 22.5, "axis": "z", "origin": [9.78567, 5.24017, 8.125]},
			"color": 0,
			"faces": {
				"north": {"uv": [0.8, 0, 0, 0.3], "texture": "#missing"},
				"east": {"uv": [1, 0, 0, 0.3], "texture": "#missing"},
				"south": {"uv": [0.8, 0, 0, 0.3], "texture": "#missing"},
				"west": {"uv": [1, 0, 0, 0.3], "texture": "#missing"},
				"up": {"uv": [0.8, 0, 0, 1], "texture": "#missing"},
				"down": {"uv": [0.8, 0, 0, 1], "texture": "#missing"}
			}
		},
		{
			"from": [10.32034, 5.95828, 7.75],
			"to": [10.72034, 6.10828, 8.25],
			"rotation": {"angle": 22.5, "axis": "z", "origin": [9.78567, 5.24017, 8.125]},
			"color": 0,
			"faces": {
				"north": {"uv": [0.8, 0, 0, 0.3], "texture": "#missing"},
				"east": {"uv": [1, 0, 0, 0.3], "texture": "#missing"},
				"south": {"uv": [0.8, 0, 0, 0.3], "texture": "#missing"},
				"west": {"uv": [1, 0, 0, 0.3], "texture": "#missing"},
				"up": {"uv": [0.8, 0, 0, 1], "texture": "#missing"},
				"down": {"uv": [0.8, 0, 0, 1], "texture": "#missing"}
			}
		},
		{
			"from": [10.07628, 6.80828, 7.75],
			"to": [10.47628, 6.95828, 8.25],
			"rotation": {"angle": 22.5, "axis": "z", "origin": [9.78567, 5.24017, 8.125]},
			"color": 0,
			"faces": {
				"north": {"uv": [0.8, 0, 0, 0.3], "rotation": 180, "texture": "#missing"},
				"east": {"uv": [1, 0, 0, 0.3], "rotation": 180, "texture": "#missing"},
				"south": {"uv": [0.8, 0, 0, 0.3], "rotation": 180, "texture": "#missing"},
				"west": {"uv": [1, 0, 0, 0.3], "rotation": 180, "texture": "#missing"},
				"up": {"uv": [0.8, 0, 0, 1], "rotation": 180, "texture": "#missing"},
				"down": {"uv": [0.8, 0, 0, 1], "rotation": 180, "texture": "#missing"}
			}
		},
		{
			"from": [10.07628, 5.95828, 7.75],
			"to": [10.47628, 6.10828, 8.25],
			"rotation": {"angle": 22.5, "axis": "z", "origin": [9.78567, 5.24017, 8.125]},
			"color": 0,
			"faces": {
				"north": {"uv": [0.8, 0, 0, 0.3], "rotation": 180, "texture": "#missing"},
				"east": {"uv": [1, 0, 0, 0.3], "rotation": 180, "texture": "#missing"},
				"south": {"uv": [0.8, 0, 0, 0.3], "rotation": 180, "texture": "#missing"},
				"west": {"uv": [1, 0, 0, 0.3], "rotation": 180, "texture": "#missing"},
				"up": {"uv": [0.8, 0, 0, 1], "rotation": 180, "texture": "#missing"},
				"down": {"uv": [0.8, 0, 0, 1], "rotation": 180, "texture": "#missing"}
			}
		},
		{
			"from": [9.57628, 6.25828, 7.75],
			"to": [9.72628, 6.65828, 8.25],
			"rotation": {"angle": 22.5, "axis": "z", "origin": [9.78567, 5.24017, 8.125]},
			"color": 0,
			"faces": {
				"north": {"uv": [0.3, 0, 0, 0.8], "rotation": 180, "texture": "#missing"},
				"east": {"uv": [1, 0, 0, 0.8], "rotation": 180, "texture": "#missing"},
				"south": {"uv": [0.3, 0, 0, 0.8], "rotation": 180, "texture": "#missing"},
				"west": {"uv": [1, 0, 0, 0.8], "rotation": 180, "texture": "#missing"},
				"up": {"uv": [0.3, 0, 0, 1], "rotation": 180, "texture": "#missing"},
				"down": {"uv": [0.3, 0, 0, 1], "rotation": 180, "texture": "#missing"}
			}
		},
		{
			"from": [9.22628, 6.30828, 7.75],
			"to": [9.57628, 6.60828, 8.25],
			"rotation": {"angle": 22.5, "axis": "z", "origin": [9.78567, 5.24017, 8.125]},
			"color": 0,
			"faces": {
				"north": {"uv": [0.7, 0, 0, 0.6], "rotation": 180, "texture": "#missing"},
				"east": {"uv": [1, 0, 0, 0.6], "rotation": 180, "texture": "#missing"},
				"south": {"uv": [0.7, 0, 0, 0.6], "rotation": 180, "texture": "#missing"},
				"west": {"uv": [1, 0, 0, 0.6], "rotation": 180, "texture": "#missing"},
				"up": {"uv": [0.7, 0, 0, 1], "rotation": 180, "texture": "#missing"},
				"down": {"uv": [0.7, 0, 0, 1], "rotation": 180, "texture": "#missing"}
			}
		},
		{
			"from": [9.72628, 6.10828, 7.75],
			"to": [10.47628, 6.80828, 8.25],
			"rotation": {"angle": 22.5, "axis": "z", "origin": [9.78567, 5.24017, 8.125]},
			"color": 0,
			"faces": {
				"north": {"uv": [1.5, 0, 0, 1.4], "rotation": 180, "texture": "#missing"},
				"east": {"uv": [1, 0, 0, 1.4], "rotation": 180, "texture": "#missing"},
				"south": {"uv": [1.5, 0, 0, 1.4], "rotation": 180, "texture": "#missing"},
				"west": {"uv": [1, 0, 0, 1.4], "rotation": 180, "texture": "#missing"},
				"up": {"uv": [1.5, 0, 0, 1], "rotation": 180, "texture": "#missing"},
				"down": {"uv": [1.5, 0, 0, 1], "rotation": 180, "texture": "#missing"}
			}
		},
		{
			"from": [8.33266, 5.50982, 7.75],
			"to": [8.42258, 5.59974, 8.25],
			"rotation": {"angle": -22.5, "axis": "z", "origin": [9.78567, 5.24017, 8.125]},
			"color": 0,
			"faces": {
				"north": {"uv": [0, 0.17984, 0.17984, 0], "rotation": 90, "texture": "#missing"},
				"east": {"uv": [0, 1, 0.17984, 0], "rotation": 270, "texture": "#missing"},
				"south": {"uv": [0, 0.17984, 0.17984, 0], "rotation": 270, "texture": "#missing"},
				"west": {"uv": [0, 1, 0.17984, 0], "rotation": 270, "texture": "#missing"},
				"up": {"uv": [0, 0.17984, 1, 0], "rotation": 270, "texture": "#missing"},
				"down": {"uv": [0, 0.17984, 1, 0], "rotation": 270, "texture": "#missing"}
			}
		},
		{
			"from": [9.56183, 6.57018, 7.75],
			"to": [11.06183, 6.72018, 8.25],
			"rotation": {"angle": 45, "axis": "z", "origin": [9.78567, 5.24017, 8.125]},
			"color": 0,
			"faces": {
				"north": {"uv": [3, 0, 0, 0.3], "rotation": 180, "texture": "#missing"},
				"east": {"uv": [1, 0, 0, 0.3], "rotation": 180, "texture": "#missing"},
				"south": {"uv": [3, 0, 0, 0.3], "rotation": 180, "texture": "#missing"},
				"west": {"uv": [1, 0, 0, 0.3], "rotation": 180, "texture": "#missing"},
				"up": {"uv": [3, 0, 0, 1], "rotation": 180, "texture": "#missing"},
				"down": {"uv": [3, 0, 0, 1], "rotation": 180, "texture": "#missing"}
			}
		},
		{
			"from": [8.62953, 6.01093, 7.75],
			"to": [10.12953, 6.16093, 8.25],
			"rotation": {"angle": 0, "axis": "z", "origin": [9.78567, 5.24017, 8.125]},
			"color": 0,
			"faces": {
				"north": {"uv": [3, 0, 0, 0.3], "rotation": 180, "texture": "#missing"},
				"east": {"uv": [1, 0, 0, 0.3], "rotation": 180, "texture": "#missing"},
				"south": {"uv": [3, 0, 0, 0.3], "rotation": 180, "texture": "#missing"},
				"west": {"uv": [1, 0, 0, 0.3], "rotation": 180, "texture": "#missing"},
				"up": {"uv": [3, 0, 0, 1], "rotation": 180, "texture": "#missing"},
				"down": {"uv": [3, 0, 0, 1], "rotation": 180, "texture": "#missing"}
			}
		},
		{
			"from": [4.85847, 7.03907, 7.75],
			"to": [6.35847, 7.18907, 8.25],
			"rotation": {"angle": 0, "axis": "z", "origin": [6.21433, 5.24017, 8.125]},
			"color": 0,
			"faces": {
				"north": {"uv": [0, 0, 3, 0.3], "texture": "#missing"},
				"east": {"uv": [0, 0, 1, 0.3], "texture": "#missing"},
				"south": {"uv": [0, 0, 3, 0.3], "texture": "#missing"},
				"west": {"uv": [0, 0, 1, 0.3], "texture": "#missing"},
				"up": {"uv": [0, 0, 3, 1], "texture": "#missing"},
				"down": {"uv": [0, 0, 3, 1], "texture": "#missing"}
			}
		},
		{
			"from": [3.92617, 5.54203, 7.75],
			"to": [5.42617, 5.69203, 8.25],
			"rotation": {"angle": -45, "axis": "z", "origin": [6.21433, 5.24017, 8.125]},
			"color": 0,
			"faces": {
				"north": {"uv": [0, 0, 3, 0.3], "texture": "#missing"},
				"east": {"uv": [0, 0, 1, 0.3], "texture": "#missing"},
				"south": {"uv": [0, 0, 3, 0.3], "texture": "#missing"},
				"west": {"uv": [0, 0, 1, 0.3], "texture": "#missing"},
				"up": {"uv": [0, 0, 3, 1], "texture": "#missing"},
				"down": {"uv": [0, 0, 3, 1], "texture": "#missing"}
			}
		},
		{
			"from": [5.61758, 7.46966, 7.75],
			"to": [5.7075, 7.55958, 8.25],
			"rotation": {"angle": 22.5, "axis": "z", "origin": [6.21433, 5.24017, 8.125]},
			"color": 0,
			"faces": {
				"north": {"uv": [0, 0, 0.17984, 0.17984], "rotation": 270, "texture": "#missing"},
				"east": {"uv": [0, 0, 0.17984, 1], "rotation": 90, "texture": "#missing"},
				"south": {"uv": [0, 0, 0.17984, 0.17984], "rotation": 90, "texture": "#missing"},
				"west": {"uv": [0, 0, 0.17984, 1], "rotation": 90, "texture": "#missing"},
				"up": {"uv": [0, 0, 1, 0.17984], "rotation": 90, "texture": "#missing"},
				"down": {"uv": [0, 0, 1, 0.17984], "rotation": 90, "texture": "#missing"}
			}
		},
		{
			"from": [4.92966, 6.10828, 7.75],
			"to": [5.67966, 6.80828, 8.25],
			"rotation": {"angle": -22.5, "axis": "z", "origin": [6.21433, 5.24017, 8.125]},
			"color": 0,
			"faces": {
				"north": {"uv": [0, 0, 1.5, 1.4], "texture": "#missing"},
				"east": {"uv": [0, 0, 1, 1.4], "texture": "#missing"},
				"south": {"uv": [0, 0, 1.5, 1.4], "texture": "#missing"},
				"west": {"uv": [0, 0, 1, 1.4], "texture": "#missing"},
				"up": {"uv": [0, 0, 1.5, 1], "texture": "#missing"},
				"down": {"uv": [0, 0, 1.5, 1], "texture": "#missing"}
			}
		},
		{
			"from": [4.42966, 6.30828, 7.75],
			"to": [4.77966, 6.60828, 8.25],
			"rotation": {"angle": -22.5, "axis": "z", "origin": [6.21433, 5.24017, 8.125]},
			"color": 0,
			"faces": {
				"north": {"uv": [0, 0, 0.7, 0.6], "texture": "#missing"},
				"east": {"uv": [0, 0, 1, 0.6], "texture": "#missing"},
				"south": {"uv": [0, 0, 0.7, 0.6], "texture": "#missing"},
				"west": {"uv": [0, 0, 1, 0.6], "texture": "#missing"},
				"up": {"uv": [0, 0, 0.7, 1], "texture": "#missing"},
				"down": {"uv": [0, 0, 0.7, 1], "texture": "#missing"}
			}
		},
		{
			"from": [4.77966, 6.25828, 7.75],
			"to": [4.92966, 6.65828, 8.25],
			"rotation": {"angle": -22.5, "axis": "z", "origin": [6.21433, 5.24017, 8.125]},
			"color": 0,
			"faces": {
				"north": {"uv": [0, 0, 0.3, 0.8], "texture": "#missing"},
				"east": {"uv": [0, 0, 1, 0.8], "texture": "#missing"},
				"south": {"uv": [0, 0, 0.3, 0.8], "texture": "#missing"},
				"west": {"uv": [0, 0, 1, 0.8], "texture": "#missing"},
				"up": {"uv": [0, 0, 0.3, 1], "texture": "#missing"},
				"down": {"uv": [0, 0, 0.3, 1], "texture": "#missing"}
			}
		},
		{
			"from": [5.27966, 6.80828, 7.75],
			"to": [5.67966, 6.95828, 8.25],
			"rotation": {"angle": -22.5, "axis": "z", "origin": [6.21433, 5.24017, 8.125]},
			"color": 0,
			"faces": {
				"north": {"uv": [0, 0, 0.8, 0.3], "texture": "#missing"},
				"east": {"uv": [0, 0, 1, 0.3], "texture": "#missing"},
				"south": {"uv": [0, 0, 0.8, 0.3], "texture": "#missing"},
				"west": {"uv": [0, 0, 1, 0.3], "texture": "#missing"},
				"up": {"uv": [0, 0, 0.8, 1], "texture": "#missing"},
				"down": {"uv": [0, 0, 0.8, 1], "texture": "#missing"}
			}
		},
		{
			"from": [5.27966, 5.95828, 7.75],
			"to": [5.67966, 6.10828, 8.25],
			"rotation": {"angle": -22.5, "axis": "z", "origin": [6.21433, 5.24017, 8.125]},
			"color": 0,
			"faces": {
				"north": {"uv": [0, 0, 0.8, 0.3], "texture": "#missing"},
				"east": {"uv": [0, 0, 1, 0.3], "texture": "#missing"},
				"south": {"uv": [0, 0, 0.8, 0.3], "texture": "#missing"},
				"west": {"uv": [0, 0, 1, 0.3], "texture": "#missing"},
				"up": {"uv": [0, 0, 0.8, 1], "texture": "#missing"},
				"down": {"uv": [0, 0, 0.8, 1], "texture": "#missing"}
			}
		},
		{
			"from": [5.52372, 6.80828, 7.75],
			"to": [5.92372, 6.95828, 8.25],
			"rotation": {"angle": -22.5, "axis": "z", "origin": [6.21433, 5.24017, 8.125]},
			"color": 0,
			"faces": {
				"north": {"uv": [0, 0, 0.8, 0.3], "rotation": 180, "texture": "#missing"},
				"east": {"uv": [0, 0, 1, 0.3], "rotation": 180, "texture": "#missing"},
				"south": {"uv": [0, 0, 0.8, 0.3], "rotation": 180, "texture": "#missing"},
				"west": {"uv": [0, 0, 1, 0.3], "rotation": 180, "texture": "#missing"},
				"up": {"uv": [0, 0, 0.8, 1], "rotation": 180, "texture": "#missing"},
				"down": {"uv": [0, 0, 0.8, 1], "rotation": 180, "texture": "#missing"}
			}
		},
		{
			"from": [5.52372, 5.95828, 7.75],
			"to": [5.92372, 6.10828, 8.25],
			"rotation": {"angle": -22.5, "axis": "z", "origin": [6.21433, 5.24017, 8.125]},
			"color": 0,
			"faces": {
				"north": {"uv": [0, 0, 0.8, 0.3], "rotation": 180, "texture": "#missing"},
				"east": {"uv": [0, 0, 1, 0.3], "rotation": 180, "texture": "#missing"},
				"south": {"uv": [0, 0, 0.8, 0.3], "rotation": 180, "texture": "#missing"},
				"west": {"uv": [0, 0, 1, 0.3], "rotation": 180, "texture": "#missing"},
				"up": {"uv": [0, 0, 0.8, 1], "rotation": 180, "texture": "#missing"},
				"down": {"uv": [0, 0, 0.8, 1], "rotation": 180, "texture": "#missing"}
			}
		},
		{
			"from": [6.27372, 6.25828, 7.75],
			"to": [6.42372, 6.65828, 8.25],
			"rotation": {"angle": -22.5, "axis": "z", "origin": [6.21433, 5.24017, 8.125]},
			"color": 0,
			"faces": {
				"north": {"uv": [0, 0, 0.3, 0.8], "rotation": 180, "texture": "#missing"},
				"east": {"uv": [0, 0, 1, 0.8], "rotation": 180, "texture": "#missing"},
				"south": {"uv": [0, 0, 0.3, 0.8], "rotation": 180, "texture": "#missing"},
				"west": {"uv": [0, 0, 1, 0.8], "rotation": 180, "texture": "#missing"},
				"up": {"uv": [0, 0, 0.3, 1], "rotation": 180, "texture": "#missing"},
				"down": {"uv": [0, 0, 0.3, 1], "rotation": 180, "texture": "#missing"}
			}
		},
		{
			"from": [6.42372, 6.30828, 7.75],
			"to": [6.77372, 6.60828, 8.25],
			"rotation": {"angle": -22.5, "axis": "z", "origin": [6.21433, 5.24017, 8.125]},
			"color": 0,
			"faces": {
				"north": {"uv": [0, 0, 0.7, 0.6], "rotation": 180, "texture": "#missing"},
				"east": {"uv": [0, 0, 1, 0.6], "rotation": 180, "texture": "#missing"},
				"south": {"uv": [0, 0, 0.7, 0.6], "rotation": 180, "texture": "#missing"},
				"west": {"uv": [0, 0, 1, 0.6], "rotation": 180, "texture": "#missing"},
				"up": {"uv": [0, 0, 0.7, 1], "rotation": 180, "texture": "#missing"},
				"down": {"uv": [0, 0, 0.7, 1], "rotation": 180, "texture": "#missing"}
			}
		},
		{
			"from": [5.52372, 6.10828, 7.75],
			"to": [6.27372, 6.80828, 8.25],
			"rotation": {"angle": -22.5, "axis": "z", "origin": [6.21433, 5.24017, 8.125]},
			"color": 0,
			"faces": {
				"north": {"uv": [0, 0, 1.5, 1.4], "rotation": 180, "texture": "#missing"},
				"east": {"uv": [0, 0, 1, 1.4], "rotation": 180, "texture": "#missing"},
				"south": {"uv": [0, 0, 1.5, 1.4], "rotation": 180, "texture": "#missing"},
				"west": {"uv": [0, 0, 1, 1.4], "rotation": 180, "texture": "#missing"},
				"up": {"uv": [0, 0, 1.5, 1], "rotation": 180, "texture": "#missing"},
				"down": {"uv": [0, 0, 1.5, 1], "rotation": 180, "texture": "#missing"}
			}
		},
		{
			"from": [7.57742, 5.50982, 7.75],
			"to": [7.66734, 5.59974, 8.25],
			"rotation": {"angle": 22.5, "axis": "z", "origin": [6.21433, 5.24017, 8.125]},
			"color": 0,
			"faces": {
				"north": {"uv": [0, 0, 0.17984, 0.17984], "rotation": 90, "texture": "#missing"},
				"east": {"uv": [0, 0, 0.17984, 1], "rotation": 270, "texture": "#missing"},
				"south": {"uv": [0, 0, 0.17984, 0.17984], "rotation": 270, "texture": "#missing"},
				"west": {"uv": [0, 0, 0.17984, 1], "rotation": 270, "texture": "#missing"},
				"up": {"uv": [0, 0, 1, 0.17984], "rotation": 270, "texture": "#missing"},
				"down": {"uv": [0, 0, 1, 0.17984], "rotation": 270, "texture": "#missing"}
			}
		},
		{
			"from": [4.93817, 6.57018, 7.75],
			"to": [6.43817, 6.72018, 8.25],
			"rotation": {"angle": -45, "axis": "z", "origin": [6.21433, 5.24017, 8.125]},
			"color": 0,
			"faces": {
				"north": {"uv": [0, 0, 3, 0.3], "rotation": 180, "texture": "#missing"},
				"east": {"uv": [0, 0, 1, 0.3], "rotation": 180, "texture": "#missing"},
				"south": {"uv": [0, 0, 3, 0.3], "rotation": 180, "texture": "#missing"},
				"west": {"uv": [0, 0, 1, 0.3], "rotation": 180, "texture": "#missing"},
				"up": {"uv": [0, 0, 3, 1], "rotation": 180, "texture": "#missing"},
				"down": {"uv": [0, 0, 3, 1], "rotation": 180, "texture": "#missing"}
			}
		},
		{
			"from": [5.87047, 6.01093, 7.75],
			"to": [7.37047, 6.16093, 8.25],
			"rotation": {"angle": 0, "axis": "z", "origin": [6.21433, 5.24017, 8.125]},
			"color": 0,
			"faces": {
				"north": {"uv": [0, 0, 3, 0.3], "rotation": 180, "texture": "#missing"},
				"east": {"uv": [0, 0, 1, 0.3], "rotation": 180, "texture": "#missing"},
				"south": {"uv": [0, 0, 3, 0.3], "rotation": 180, "texture": "#missing"},
				"west": {"uv": [0, 0, 1, 0.3], "rotation": 180, "texture": "#missing"},
				"up": {"uv": [0, 0, 3, 1], "rotation": 180, "texture": "#missing"},
				"down": {"uv": [0, 0, 3, 1], "rotation": 180, "texture": "#missing"}
			}
		},
		{
			"from": [5.65724, 4.26974, 7.75],
			"to": [5.80724, 5.76974, 8.25],
			"rotation": {"angle": -22.5, "axis": "z", "origin": [6.01433, 5.04017, 8.125]},
			"color": 0,
			"faces": {
				"north": {"uv": [0, 0, 3, 0.3], "rotation": 90, "texture": "#missing"},
				"east": {"uv": [0, 0, 3, 1], "rotation": 270, "texture": "#missing"},
				"south": {"uv": [0, 0, 3, 0.3], "rotation": 270, "texture": "#missing"},
				"west": {"uv": [0, 0, 3, 1], "rotation": 270, "texture": "#missing"},
				"up": {"uv": [0, 0, 1, 0.3], "rotation": 270, "texture": "#missing"},
				"down": {"uv": [0, 0, 1, 0.3], "rotation": 270, "texture": "#missing"}
			}
		},
		{
			"from": [5.26572, 4.63041, 7.75],
			"to": [6.76572, 4.78041, 8.25],
			"rotation": {"angle": 22.5, "axis": "z", "origin": [6.01433, 5.04017, 8.125]},
			"color": 0,
			"faces": {
				"north": {"uv": [0, 0, 3, 0.3], "texture": "#missing"},
				"east": {"uv": [0, 0, 1, 0.3], "texture": "#missing"},
				"south": {"uv": [0, 0, 3, 0.3], "texture": "#missing"},
				"west": {"uv": [0, 0, 1, 0.3], "texture": "#missing"},
				"up": {"uv": [0, 0, 3, 1], "texture": "#missing"},
				"down": {"uv": [0, 0, 3, 1], "texture": "#missing"}
			}
		},
		{
			"from": [5.38959, 4.37512, 7.75],
			"to": [5.47951, 4.46504, 8.25],
			"rotation": {"angle": 0, "axis": "z", "origin": [6.01433, 5.04017, 8.125]},
			"color": 0,
			"faces": {
				"north": {"uv": [0, 0, 0.17984, 0.17984], "texture": "#missing"},
				"east": {"uv": [0, 0, 1, 0.17984], "texture": "#missing"},
				"south": {"uv": [0, 0, 0.17984, 0.17984], "texture": "#missing"},
				"west": {"uv": [0, 0, 1, 0.17984], "texture": "#missing"},
				"up": {"uv": [0, 0, 0.17984, 1], "texture": "#missing"},
				"down": {"uv": [0, 0, 0.17984, 1], "texture": "#missing"}
			}
		},
		{
			"from": [5.87968, 4.66166, 7.75],
			"to": [6.62968, 5.36166, 8.25],
			"rotation": {"angle": 45, "axis": "z", "origin": [6.01433, 5.04017, 8.125]},
			"color": 0,
			"faces": {
				"north": {"uv": [0, 0, 1.5, 1.4], "texture": "#missing"},
				"east": {"uv": [0, 0, 1, 1.4], "texture": "#missing"},
				"south": {"uv": [0, 0, 1.5, 1.4], "texture": "#missing"},
				"west": {"uv": [0, 0, 1, 1.4], "texture": "#missing"},
				"up": {"uv": [0, 0, 1.5, 1], "texture": "#missing"},
				"down": {"uv": [0, 0, 1.5, 1], "texture": "#missing"}
			}
		},
		{
			"from": [5.37968, 4.86166, 7.75],
			"to": [5.72968, 5.16166, 8.25],
			"rotation": {"angle": 45, "axis": "z", "origin": [6.01433, 5.04017, 8.125]},
			"color": 0,
			"faces": {
				"north": {"uv": [0, 0, 0.7, 0.6], "texture": "#missing"},
				"east": {"uv": [0, 0, 1, 0.6], "texture": "#missing"},
				"south": {"uv": [0, 0, 0.7, 0.6], "texture": "#missing"},
				"west": {"uv": [0, 0, 1, 0.6], "texture": "#missing"},
				"up": {"uv": [0, 0, 0.7, 1], "texture": "#missing"},
				"down": {"uv": [0, 0, 0.7, 1], "texture": "#missing"}
			}
		},
		{
			"from": [5.72968, 4.81166, 7.75],
			"to": [5.87968, 5.21166, 8.25],
			"rotation": {"angle": 45, "axis": "z", "origin": [6.01433, 5.04017, 8.125]},
			"color": 0,
			"faces": {
				"north": {"uv": [0, 0, 0.3, 0.8], "texture": "#missing"},
				"east": {"uv": [0, 0, 1, 0.8], "texture": "#missing"},
				"south": {"uv": [0, 0, 0.3, 0.8], "texture": "#missing"},
				"west": {"uv": [0, 0, 1, 0.8], "texture": "#missing"},
				"up": {"uv": [0, 0, 0.3, 1], "texture": "#missing"},
				"down": {"uv": [0, 0, 0.3, 1], "texture": "#missing"}
			}
		},
		{
			"from": [6.22968, 5.36166, 7.75],
			"to": [6.62968, 5.51166, 8.25],
			"rotation": {"angle": 45, "axis": "z", "origin": [6.01433, 5.04017, 8.125]},
			"color": 0,
			"faces": {
				"north": {"uv": [0, 0, 0.8, 0.3], "texture": "#missing"},
				"east": {"uv": [0, 0, 1, 0.3], "texture": "#missing"},
				"south": {"uv": [0, 0, 0.8, 0.3], "texture": "#missing"},
				"west": {"uv": [0, 0, 1, 0.3], "texture": "#missing"},
				"up": {"uv": [0, 0, 0.8, 1], "texture": "#missing"},
				"down": {"uv": [0, 0, 0.8, 1], "texture": "#missing"}
			}
		},
		{
			"from": [6.22968, 4.51166, 7.75],
			"to": [6.62968, 4.66166, 8.25],
			"rotation": {"angle": 45, "axis": "z", "origin": [6.01433, 5.04017, 8.125]},
			"color": 0,
			"faces": {
				"north": {"uv": [0, 0, 0.8, 0.3], "texture": "#missing"},
				"east": {"uv": [0, 0, 1, 0.3], "texture": "#missing"},
				"south": {"uv": [0, 0, 0.8, 0.3], "texture": "#missing"},
				"west": {"uv": [0, 0, 1, 0.3], "texture": "#missing"},
				"up": {"uv": [0, 0, 0.8, 1], "texture": "#missing"},
				"down": {"uv": [0, 0, 0.8, 1], "texture": "#missing"}
			}
		},
		{
			"from": [6.47374, 5.36166, 7.75],
			"to": [6.87374, 5.51166, 8.25],
			"rotation": {"angle": 45, "axis": "z", "origin": [6.01433, 5.04017, 8.125]},
			"color": 0,
			"faces": {
				"north": {"uv": [0, 0, 0.8, 0.3], "rotation": 180, "texture": "#missing"},
				"east": {"uv": [0, 0, 1, 0.3], "rotation": 180, "texture": "#missing"},
				"south": {"uv": [0, 0, 0.8, 0.3], "rotation": 180, "texture": "#missing"},
				"west": {"uv": [0, 0, 1, 0.3], "rotation": 180, "texture": "#missing"},
				"up": {"uv": [0, 0, 0.8, 1], "rotation": 180, "texture": "#missing"},
				"down": {"uv": [0, 0, 0.8, 1], "rotation": 180, "texture": "#missing"}
			}
		},
		{
			"from": [6.47374, 4.51166, 7.75],
			"to": [6.87374, 4.66166, 8.25],
			"rotation": {"angle": 45, "axis": "z", "origin": [6.01433, 5.04017, 8.125]},
			"color": 0,
			"faces": {
				"north": {"uv": [0, 0, 0.8, 0.3], "rotation": 180, "texture": "#missing"},
				"east": {"uv": [0, 0, 1, 0.3], "rotation": 180, "texture": "#missing"},
				"south": {"uv": [0, 0, 0.8, 0.3], "rotation": 180, "texture": "#missing"},
				"west": {"uv": [0, 0, 1, 0.3], "rotation": 180, "texture": "#missing"},
				"up": {"uv": [0, 0, 0.8, 1], "rotation": 180, "texture": "#missing"},
				"down": {"uv": [0, 0, 0.8, 1], "rotation": 180, "texture": "#missing"}
			}
		},
		{
			"from": [7.22374, 4.81166, 7.75],
			"to": [7.37374, 5.21166, 8.25],
			"rotation": {"angle": 45, "axis": "z", "origin": [6.01433, 5.04017, 8.125]},
			"color": 0,
			"faces": {
				"north": {"uv": [0, 0, 0.3, 0.8], "rotation": 180, "texture": "#missing"},
				"east": {"uv": [0, 0, 1, 0.8], "rotation": 180, "texture": "#missing"},
				"south": {"uv": [0, 0, 0.3, 0.8], "rotation": 180, "texture": "#missing"},
				"west": {"uv": [0, 0, 1, 0.8], "rotation": 180, "texture": "#missing"},
				"up": {"uv": [0, 0, 0.3, 1], "rotation": 180, "texture": "#missing"},
				"down": {"uv": [0, 0, 0.3, 1], "rotation": 180, "texture": "#missing"}
			}
		},
		{
			"from": [7.37374, 4.86166, 7.75],
			"to": [7.72374, 5.16166, 8.25],
			"rotation": {"angle": 45, "axis": "z", "origin": [6.01433, 5.04017, 8.125]},
			"color": 0,
			"faces": {
				"north": {"uv": [0, 0, 0.7, 0.6], "rotation": 180, "texture": "#missing"},
				"east": {"uv": [0, 0, 1, 0.6], "rotation": 180, "texture": "#missing"},
				"south": {"uv": [0, 0, 0.7, 0.6], "rotation": 180, "texture": "#missing"},
				"west": {"uv": [0, 0, 1, 0.6], "rotation": 180, "texture": "#missing"},
				"up": {"uv": [0, 0, 0.7, 1], "rotation": 180, "texture": "#missing"},
				"down": {"uv": [0, 0, 0.7, 1], "rotation": 180, "texture": "#missing"}
			}
		},
		{
			"from": [6.47374, 4.66166, 7.75],
			"to": [7.22374, 5.36166, 8.25],
			"rotation": {"angle": 45, "axis": "z", "origin": [6.01433, 5.04017, 8.125]},
			"color": 0,
			"faces": {
				"north": {"uv": [0, 0, 1.5, 1.4], "rotation": 180, "texture": "#missing"},
				"east": {"uv": [0, 0, 1, 1.4], "rotation": 180, "texture": "#missing"},
				"south": {"uv": [0, 0, 1.5, 1.4], "rotation": 180, "texture": "#missing"},
				"west": {"uv": [0, 0, 1, 1.4], "rotation": 180, "texture": "#missing"},
				"up": {"uv": [0, 0, 1.5, 1], "rotation": 180, "texture": "#missing"},
				"down": {"uv": [0, 0, 1.5, 1], "rotation": 180, "texture": "#missing"}
			}
		},
		{
			"from": [7.34943, 6.33496, 7.75],
			"to": [7.43935, 6.42488, 8.25],
			"rotation": {"angle": 0, "axis": "z", "origin": [6.01433, 5.04017, 8.125]},
			"color": 0,
			"faces": {
				"north": {"uv": [0, 0, 0.17984, 0.17984], "rotation": 180, "texture": "#missing"},
				"east": {"uv": [0, 0, 1, 0.17984], "rotation": 180, "texture": "#missing"},
				"south": {"uv": [0, 0, 0.17984, 0.17984], "rotation": 180, "texture": "#missing"},
				"west": {"uv": [0, 0, 1, 0.17984], "rotation": 180, "texture": "#missing"},
				"up": {"uv": [0, 0, 0.17984, 1], "rotation": 180, "texture": "#missing"},
				"down": {"uv": [0, 0, 0.17984, 1], "rotation": 180, "texture": "#missing"}
			}
		},
		{
			"from": [6.27771, 5.65855, 7.75],
			"to": [7.77771, 5.80855, 8.25],
			"rotation": {"angle": 22.5, "axis": "z", "origin": [6.01433, 5.04017, 8.125]},
			"color": 0,
			"faces": {
				"north": {"uv": [0, 0, 3, 0.3], "rotation": 180, "texture": "#missing"},
				"east": {"uv": [0, 0, 1, 0.3], "rotation": 180, "texture": "#missing"},
				"south": {"uv": [0, 0, 3, 0.3], "rotation": 180, "texture": "#missing"},
				"west": {"uv": [0, 0, 1, 0.3], "rotation": 180, "texture": "#missing"},
				"up": {"uv": [0, 0, 3, 1], "rotation": 180, "texture": "#missing"},
				"down": {"uv": [0, 0, 3, 1], "rotation": 180, "texture": "#missing"}
			}
		},
		{
			"from": [6.68538, 5.28174, 7.75],
			"to": [6.83538, 6.78174, 8.25],
			"rotation": {"angle": -22.5, "axis": "z", "origin": [6.01433, 5.04017, 8.125]},
			"color": 0,
			"faces": {
				"north": {"uv": [0, 0, 3, 0.3], "rotation": 270, "texture": "#missing"},
				"east": {"uv": [0, 0, 3, 1], "rotation": 90, "texture": "#missing"},
				"south": {"uv": [0, 0, 3, 0.3], "rotation": 90, "texture": "#missing"},
				"west": {"uv": [0, 0, 3, 1], "rotation": 90, "texture": "#missing"},
				"up": {"uv": [0, 0, 1, 0.3], "rotation": 90, "texture": "#missing"},
				"down": {"uv": [0, 0, 1, 0.3], "rotation": 90, "texture": "#missing"}
			}
		},
		{
			"from": [10.19276, 4.26974, 7.75],
			"to": [10.34276, 5.76974, 8.25],
			"rotation": {"angle": 22.5, "axis": "z", "origin": [9.98567, 5.04017, 8.125]},
			"color": 0,
			"faces": {
				"north": {"uv": [0, 0.3, 3, 0], "rotation": 90, "texture": "#missing"},
				"east": {"uv": [0, 1, 3, 0], "rotation": 270, "texture": "#missing"},
				"south": {"uv": [0, 0.3, 3, 0], "rotation": 270, "texture": "#missing"},
				"west": {"uv": [0, 1, 3, 0], "rotation": 270, "texture": "#missing"},
				"up": {"uv": [0, 0.3, 1, 0], "rotation": 270, "texture": "#missing"},
				"down": {"uv": [0, 0.3, 1, 0], "rotation": 270, "texture": "#missing"}
			}
		},
		{
			"from": [9.23428, 4.63041, 7.75],
			"to": [10.73428, 4.78041, 8.25],
			"rotation": {"angle": -22.5, "axis": "z", "origin": [9.98567, 5.04017, 8.125]},
			"color": 0,
			"faces": {
				"north": {"uv": [3, 0, 0, 0.3], "texture": "#missing"},
				"east": {"uv": [1, 0, 0, 0.3], "texture": "#missing"},
				"south": {"uv": [3, 0, 0, 0.3], "texture": "#missing"},
				"west": {"uv": [1, 0, 0, 0.3], "texture": "#missing"},
				"up": {"uv": [3, 0, 0, 1], "texture": "#missing"},
				"down": {"uv": [3, 0, 0, 1], "texture": "#missing"}
			}
		},
		{
			"from": [10.52049, 4.37512, 7.75],
			"to": [10.61041, 4.46504, 8.25],
			"rotation": {"angle": 0, "axis": "z", "origin": [9.98567, 5.04017, 8.125]},
			"color": 0,
			"faces": {
				"north": {"uv": [0.17984, 0, 0, 0.17984], "texture": "#missing"},
				"east": {"uv": [1, 0, 0, 0.17984], "texture": "#missing"},
				"south": {"uv": [0.17984, 0, 0, 0.17984], "texture": "#missing"},
				"west": {"uv": [1, 0, 0, 0.17984], "texture": "#missing"},
				"up": {"uv": [0.17984, 0, 0, 1], "texture": "#missing"},
				"down": {"uv": [0.17984, 0, 0, 1], "texture": "#missing"}
			}
		},
		{
			"from": [9.37032, 4.66166, 7.75],
			"to": [10.12032, 5.36166, 8.25],
			"rotation": {"angle": -45, "axis": "z", "origin": [9.98567, 5.04017, 8.125]},
			"color": 0,
			"faces": {
				"north": {"uv": [1.5, 0, 0, 1.4], "texture": "#missing"},
				"east": {"uv": [1, 0, 0, 1.4], "texture": "#missing"},
				"south": {"uv": [1.5, 0, 0, 1.4], "texture": "#missing"},
				"west": {"uv": [1, 0, 0, 1.4], "texture": "#missing"},
				"up": {"uv": [1.5, 0, 0, 1], "texture": "#missing"},
				"down": {"uv": [1.5, 0, 0, 1], "texture": "#missing"}
			}
		},
		{
			"from": [10.27032, 4.86166, 7.75],
			"to": [10.62032, 5.16166, 8.25],
			"rotation": {"angle": -45, "axis": "z", "origin": [9.98567, 5.04017, 8.125]},
			"color": 0,
			"faces": {
				"north": {"uv": [0.7, 0, 0, 0.6], "texture": "#missing"},
				"east": {"uv": [1, 0, 0, 0.6], "texture": "#missing"},
				"south": {"uv": [0.7, 0, 0, 0.6], "texture": "#missing"},
				"west": {"uv": [1, 0, 0, 0.6], "texture": "#missing"},
				"up": {"uv": [0.7, 0, 0, 1], "texture": "#missing"},
				"down": {"uv": [0.7, 0, 0, 1], "texture": "#missing"}
			}
		},
		{
			"from": [10.12032, 4.81166, 7.75],
			"to": [10.27032, 5.21166, 8.25],
			"rotation": {"angle": -45, "axis": "z", "origin": [9.98567, 5.04017, 8.125]},
			"color": 0,
			"faces": {
				"north": {"uv": [0.3, 0, 0, 0.8], "texture": "#missing"},
				"east": {"uv": [1, 0, 0, 0.8], "texture": "#missing"},
				"south": {"uv": [0.3, 0, 0, 0.8], "texture": "#missing"},
				"west": {"uv": [1, 0, 0, 0.8], "texture": "#missing"},
				"up": {"uv": [0.3, 0, 0, 1], "texture": "#missing"},
				"down": {"uv": [0.3, 0, 0, 1], "texture": "#missing"}
			}
		},
		{
			"from": [9.37032, 5.36166, 7.75],
			"to": [9.77032, 5.51166, 8.25],
			"rotation": {"angle": -45, "axis": "z", "origin": [9.98567, 5.04017, 8.125]},
			"color": 0,
			"faces": {
				"north": {"uv": [0.8, 0, 0, 0.3], "texture": "#missing"},
				"east": {"uv": [1, 0, 0, 0.3], "texture": "#missing"},
				"south": {"uv": [0.8, 0, 0, 0.3], "texture": "#missing"},
				"west": {"uv": [1, 0, 0, 0.3], "texture": "#missing"},
				"up": {"uv": [0.8, 0, 0, 1], "texture": "#missing"},
				"down": {"uv": [0.8, 0, 0, 1], "texture": "#missing"}
			}
		},
		{
			"from": [9.37032, 4.51166, 7.75],
			"to": [9.77032, 4.66166, 8.25],
			"rotation": {"angle": -45, "axis": "z", "origin": [9.98567, 5.04017, 8.125]},
			"color": 0,
			"faces": {
				"north": {"uv": [0.8, 0, 0, 0.3], "texture": "#missing"},
				"east": {"uv": [1, 0, 0, 0.3], "texture": "#missing"},
				"south": {"uv": [0.8, 0, 0, 0.3], "texture": "#missing"},
				"west": {"uv": [1, 0, 0, 0.3], "texture": "#missing"},
				"up": {"uv": [0.8, 0, 0, 1], "texture": "#missing"},
				"down": {"uv": [0.8, 0, 0, 1], "texture": "#missing"}
			}
		},
		{
			"from": [9.12626, 5.36166, 7.75],
			"to": [9.52626, 5.51166, 8.25],
			"rotation": {"angle": -45, "axis": "z", "origin": [9.98567, 5.04017, 8.125]},
			"color": 0,
			"faces": {
				"north": {"uv": [0.8, 0, 0, 0.3], "rotation": 180, "texture": "#missing"},
				"east": {"uv": [1, 0, 0, 0.3], "rotation": 180, "texture": "#missing"},
				"south": {"uv": [0.8, 0, 0, 0.3], "rotation": 180, "texture": "#missing"},
				"west": {"uv": [1, 0, 0, 0.3], "rotation": 180, "texture": "#missing"},
				"up": {"uv": [0.8, 0, 0, 1], "rotation": 180, "texture": "#missing"},
				"down": {"uv": [0.8, 0, 0, 1], "rotation": 180, "texture": "#missing"}
			}
		},
		{
			"from": [9.12626, 4.51166, 7.75],
			"to": [9.52626, 4.66166, 8.25],
			"rotation": {"angle": -45, "axis": "z", "origin": [9.98567, 5.04017, 8.125]},
			"color": 0,
			"faces": {
				"north": {"uv": [0.8, 0, 0, 0.3], "rotation": 180, "texture": "#missing"},
				"east": {"uv": [1, 0, 0, 0.3], "rotation": 180, "texture": "#missing"},
				"south": {"uv": [0.8, 0, 0, 0.3], "rotation": 180, "texture": "#missing"},
				"west": {"uv": [1, 0, 0, 0.3], "rotation": 180, "texture": "#missing"},
				"up": {"uv": [0.8, 0, 0, 1], "rotation": 180, "texture": "#missing"},
				"down": {"uv": [0.8, 0, 0, 1], "rotation": 180, "texture": "#missing"}
			}
		},
		{
			"from": [8.62626, 4.81166, 7.75],
			"to": [8.77626, 5.21166, 8.25],
			"rotation": {"angle": -45, "axis": "z", "origin": [9.98567, 5.04017, 8.125]},
			"color": 0,
			"faces": {
				"north": {"uv": [0.3, 0, 0, 0.8], "rotation": 180, "texture": "#missing"},
				"east": {"uv": [1, 0, 0, 0.8], "rotation": 180, "texture": "#missing"},
				"south": {"uv": [0.3, 0, 0, 0.8], "rotation": 180, "texture": "#missing"},
				"west": {"uv": [1, 0, 0, 0.8], "rotation": 180, "texture": "#missing"},
				"up": {"uv": [0.3, 0, 0, 1], "rotation": 180, "texture": "#missing"},
				"down": {"uv": [0.3, 0, 0, 1], "rotation": 180, "texture": "#missing"}
			}
		},
		{
			"from": [8.27626, 4.86166, 7.75],
			"to": [8.62626, 5.16166, 8.25],
			"rotation": {"angle": -45, "axis": "z", "origin": [9.98567, 5.04017, 8.125]},
			"color": 0,
			"faces": {
				"north": {"uv": [0.7, 0, 0, 0.6], "rotation": 180, "texture": "#missing"},
				"east": {"uv": [1, 0, 0, 0.6], "rotation": 180, "texture": "#missing"},
				"south": {"uv": [0.7, 0, 0, 0.6], "rotation": 180, "texture": "#missing"},
				"west": {"uv": [1, 0, 0, 0.6], "rotation": 180, "texture": "#missing"},
				"up": {"uv": [0.7, 0, 0, 1], "rotation": 180, "texture": "#missing"},
				"down": {"uv": [0.7, 0, 0, 1], "rotation": 180, "texture": "#missing"}
			}
		},
		{
			"from": [8.77626, 4.66166, 7.75],
			"to": [9.52626, 5.36166, 8.25],
			"rotation": {"angle": -45, "axis": "z", "origin": [9.98567, 5.04017, 8.125]},
			"color": 0,
			"faces": {
				"north": {"uv": [1.5, 0, 0, 1.4], "rotation": 180, "texture": "#missing"},
				"east": {"uv": [1, 0, 0, 1.4], "rotation": 180, "texture": "#missing"},
				"south": {"uv": [1.5, 0, 0, 1.4], "rotation": 180, "texture": "#missing"},
				"west": {"uv": [1, 0, 0, 1.4], "rotation": 180, "texture": "#missing"},
				"up": {"uv": [1.5, 0, 0, 1], "rotation": 180, "texture": "#missing"},
				"down": {"uv": [1.5, 0, 0, 1], "rotation": 180, "texture": "#missing"}
			}
		},
		{
			"from": [8.56065, 6.33496, 7.75],
			"to": [8.65057, 6.42488, 8.25],
			"rotation": {"angle": 0, "axis": "z", "origin": [9.98567, 5.04017, 8.125]},
			"color": 0,
			"faces": {
				"north": {"uv": [0.17984, 0, 0, 0.17984], "rotation": 180, "texture": "#missing"},
				"east": {"uv": [1, 0, 0, 0.17984], "rotation": 180, "texture": "#missing"},
				"south": {"uv": [0.17984, 0, 0, 0.17984], "rotation": 180, "texture": "#missing"},
				"west": {"uv": [1, 0, 0, 0.17984], "rotation": 180, "texture": "#missing"},
				"up": {"uv": [0.17984, 0, 0, 1], "rotation": 180, "texture": "#missing"},
				"down": {"uv": [0.17984, 0, 0, 1], "rotation": 180, "texture": "#missing"}
			}
		},
		{
			"from": [8.22229, 5.65855, 7.75],
			"to": [9.72229, 5.80855, 8.25],
			"rotation": {"angle": -22.5, "axis": "z", "origin": [9.98567, 5.04017, 8.125]},
			"color": 0,
			"faces": {
				"north": {"uv": [3, 0, 0, 0.3], "rotation": 180, "texture": "#missing"},
				"east": {"uv": [1, 0, 0, 0.3], "rotation": 180, "texture": "#missing"},
				"south": {"uv": [3, 0, 0, 0.3], "rotation": 180, "texture": "#missing"},
				"west": {"uv": [1, 0, 0, 0.3], "rotation": 180, "texture": "#missing"},
				"up": {"uv": [3, 0, 0, 1], "rotation": 180, "texture": "#missing"},
				"down": {"uv": [3, 0, 0, 1], "rotation": 180, "texture": "#missing"}
			}
		},
		{
			"from": [9.16462, 5.28174, 7.75],
			"to": [9.31462, 6.78174, 8.25],
			"rotation": {"angle": 22.5, "axis": "z", "origin": [9.98567, 5.04017, 8.125]},
			"color": 0,
			"faces": {
				"north": {"uv": [0, 0.3, 3, 0], "rotation": 270, "texture": "#missing"},
				"east": {"uv": [0, 1, 3, 0], "rotation": 90, "texture": "#missing"},
				"south": {"uv": [0, 0.3, 3, 0], "rotation": 90, "texture": "#missing"},
				"west": {"uv": [0, 1, 3, 0], "rotation": 90, "texture": "#missing"},
				"up": {"uv": [0, 0.3, 1, 0], "rotation": 90, "texture": "#missing"},
				"down": {"uv": [0, 0.3, 1, 0], "rotation": 90, "texture": "#missing"}
			}
		},
		{
			"from": [7.25, 6.13694, 7.75],
			"to": [8.75, 29.73694, 8.25],
			"rotation": {"angle": 0, "axis": "z", "origin": [9.45, 14.98694, 7.75]},
			"color": 0,
			"faces": {
				"north": {"uv": [2, 7, 0, 0], "texture": "#missing"},
				"east": {"uv": [2, 7, 0, 0], "texture": "#missing"},
				"south": {"uv": [2, 7, 0, 0], "texture": "#missing"},
				"west": {"uv": [2, 7, 0, 0], "texture": "#missing"},
				"up": {"uv": [2, 2, 0, 0], "texture": "#missing"},
				"down": {"uv": [2, 2, 0, 0], "texture": "#missing"}
			}
		},
		{
			"from": [7.60688, 29.665, 7.74234],
			"to": [8.39313, 30.48971, 8.25766],
			"rotation": {"angle": 0, "axis": "y", "origin": [8, 30.59019, 8]},
			"faces": {
				"north": {"uv": [0, 8, 2, 10], "texture": "#missing"},
				"east": {"uv": [10, 0, 11, 2], "texture": "#missing"},
				"south": {"uv": [6, 6, 8, 8], "texture": "#missing"},
				"west": {"uv": [11, 10, 12, 12], "texture": "#missing"},
				"up": {"uv": [13, 2, 12, 0], "rotation": 90, "texture": "#missing"},
				"down": {"uv": [13, 2, 12, 4], "rotation": 270, "texture": "#missing"}
			}
		},
		{
			"from": [8.23582, 30.82601, 7.75],
			"to": [8.49425, 31.08444, 8.26629],
			"rotation": {"angle": 45, "axis": "z", "origin": [8, 30.59019, 8]},
			"faces": {
				"north": {"uv": [13, 15, 13.5, 15.5], "texture": "#missing"},
				"east": {"uv": [5, 15, 6.5, 15.5], "texture": "#missing"},
				"south": {"uv": [12, 15, 12.5, 15.5], "texture": "#missing"},
				"west": {"uv": [7, 15, 8.5, 15.5], "texture": "#missing"},
				"up": {"uv": [10.5, 15.5, 9, 15], "rotation": 90, "texture": "#missing"},
				"down": {"uv": [16.5, 10, 15, 10.5], "rotation": 270, "texture": "#missing"}
			}
		},
		{
			"from": [7.93248, 29.51487, 7.75],
			"to": [8.36639, 30.9972, 8.26297],
			"rotation": {"angle": 22.5, "axis": "z", "origin": [8, 30.59019, 8]},
			"faces": {
				"north": {"uv": [6, 11, 7, 14.5], "texture": "#missing"},
				"east": {"uv": [10.5, 0, 12, 3.5], "texture": "#missing"},
				"south": {"uv": [11, 4, 12, 7.5], "texture": "#missing"},
				"west": {"uv": [5, 11, 6, 14.5], "texture": "#missing"},
				"up": {"uv": [12, 15, 11, 14], "rotation": 90, "texture": "#missing"},
				"down": {"uv": [15, 11, 14, 12], "rotation": 270, "texture": "#missing"}
			}
		},
		{
			"from": [7.63361, 29.51487, 7.75],
			"to": [8.06752, 30.9972, 8.2643],
			"rotation": {"angle": -22.5, "axis": "z", "origin": [8, 30.59019, 8]},
			"faces": {
				"north": {"uv": [8, 10, 9, 13.5], "texture": "#missing"},
				"east": {"uv": [7, 8, 8, 11.5], "texture": "#missing"},
				"south": {"uv": [0, 10, 1, 13.5], "texture": "#missing"},
				"west": {"uv": [1, 10, 2.5, 13.5], "texture": "#missing"},
				"up": {"uv": [11, 15, 10, 14], "rotation": 90, "texture": "#missing"},
				"down": {"uv": [15, 10, 14, 11], "rotation": 270, "texture": "#missing"}
			}
		},
		{
			"from": [7.05, 8.43694, 7.75],
			"to": [8.95, 9.33694, 8.25],
			"rotation": {"angle": 0, "axis": "z", "origin": [9.45, 7.98694, 7.75]},
			"color": 0,
			"faces": {
				"north": {"uv": [2, 7, 0, 0], "texture": "#missing"},
				"east": {"uv": [2, 7, 0, 0], "texture": "#missing"},
				"south": {"uv": [2, 7, 0, 0], "texture": "#missing"},
				"west": {"uv": [2, 7, 0, 0], "texture": "#missing"},
				"up": {"uv": [2, 2, 0, 0], "texture": "#missing"},
				"down": {"uv": [2, 2, 0, 0], "texture": "#missing"}
			}
		}
	],
	"display": {},
	"groups": [
		0,
		1,
		2,
		3,
		4,
		5,
		6,
		7,
		8,
		9,
		{
			"name": "snowflake",
			"origin": [6.01433, 4.21681, 7.875],
			"color": 0,
			"children": [10, 11, 12, 13, 14, 15, 16, 17, 18, 19, 20, 21, 22, 23, 24, 25, 26, 27, 28, 29, 30, 31, 32, 33, 34, 35, 36, 37, 38, 39, 40, 41, 42, 43, 44, 45, 46]
		},
		{
			"name": "crystal_1",
			"origin": [4.33679, 8, 7.5],
			"color": 0,
			"children": [47, 48, 49, 50, 51, 52, 53, 54, 55, 56, 57, 58, 59, 60, 61, 62, 63, 64, 65, 66, 67, 68, 69, 70, 71, 72, 73, 74, 75, 76, 77, 78]
		},
		{
			"name": "crystal_2",
			"origin": [3.82894, 9, 7.5],
			"color": 0,
			"children": [79, 80, 81, 82, 83, 84, 85, 86, 87, 88, 89, 90, 91, 92, 93, 94]
		},
		{
			"name": "crystal_2",
			"origin": [3.82894, 9, 7.5],
			"color": 0,
			"children": [95, 96, 97, 98, 99, 100, 101, 102, 103, 104, 105, 106, 107, 108, 109, 110]
		},
		{
			"name": "crystal_3",
			"origin": [3.82894, 9, 7.75],
			"color": 0,
			"children": [111, 112, 113, 114, 115, 116, 117, 118, 119, 120, 121, 122, 123, 124, 125, 126, 127, 128, 129, 130, 131, 132, 133, 134, 135, 136, 137, 138, 139, 140, 141, 142]
		},
		143,
		144,
		145,
		146,
		147,
		148
	]
}