{
	"credit": "Made with Blockbench",
	"texture_size": [32, 32],
	"textures": {
		"2": "item/custom/gaels_greatsword",
		"particle": "item/custom/gaels_greatsword"
	},
	"elements": [
		{
			"from": [7.5, -7, 7.5],
			"to": [8.5, 0, 8.5],
			"rotation": {"angle": 0, "axis": "y", "origin": [0.5, -1, 0.5]},
			"faces": {
				"north": {"uv": [4.5, 0.5, 5, 4], "texture": "#2"},
				"east": {"uv": [4, 4.5, 4.5, 8], "texture": "#2"},
				"south": {"uv": [4.5, 4.5, 5, 8], "texture": "#2"},
				"west": {"uv": [0, 5, 0.5, 8.5], "texture": "#2"},
				"up": {"uv": [1.5, 9, 1, 8.5], "texture": "#2"},
				"down": {"uv": [2, 8.5, 1.5, 9], "texture": "#2"}
			}
		},
		{
			"from": [5.43482, -15.9, 7.5],
			"to": [6.43482, -14.9, 8.5],
			"rotation": {"angle": 45, "axis": "z", "origin": [-2.96518, -8.79289, 0.5]},
			"faces": {
				"north": {"uv": [8.5, 6.5, 9, 7], "texture": "#2"},
				"east": {"uv": [7, 8.5, 7.5, 9], "texture": "#2"},
				"south": {"uv": [8.5, 7, 9, 7.5], "texture": "#2"},
				"west": {"uv": [8.5, 7.5, 9, 8], "texture": "#2"},
				"up": {"uv": [8.5, 9, 8, 8.5], "texture": "#2"},
				"down": {"uv": [9, 8, 8.5, 8.5], "texture": "#2"}
			}
		},
		{
			"from": [6.5, 14.5, 7.75],
			"to": [9.5, 18.5, 8.25],
			"rotation": {"angle": 0, "axis": "y", "origin": [0.5, -1, 0.75]},
			"faces": {
				"north": {"uv": [3, 0, 4.5, 2], "texture": "#2"},
				"east": {"uv": [7.5, 4, 7.75, 6], "texture": "#2"},
				"south": {"uv": [4.5, 0, 3, 2], "texture": "#2"},
				"west": {"uv": [7.5, 6, 7.75, 8], "texture": "#2"},
				"up": {"uv": [7.5, 3.25, 6, 3], "texture": "#2"},
				"down": {"uv": [9, 3, 7.5, 3.25], "texture": "#2"}
			}
		},
		{
			"from": [6.5, 1.5, 7.75],
			"to": [9.5, 11.5, 8.25],
			"rotation": {"angle": 0, "axis": "y", "origin": [0.5, -1, 0.75]},
			"faces": {
				"north": {"uv": [0, 0, 1.5, 5], "texture": "#2"},
				"east": {"uv": [2.5, 5, 2.75, 10], "texture": "#2"},
				"south": {"uv": [1.5, 0, 3, 5], "texture": "#2"},
				"west": {"uv": [6, 4.5, 6.25, 9.5], "texture": "#2"},
				"up": {"uv": [2, 8.25, 0.5, 8], "texture": "#2"},
				"down": {"uv": [9.5, 1, 8, 1.25], "texture": "#2"}
			}
		},
		{
			"from": [6.3, 0.5, 7.5],
			"to": [9.7, 1.5, 8.5],
			"rotation": {"angle": 0, "axis": "y", "origin": [0.5, -1, 0.7]},
			"faces": {
				"north": {"uv": [6, 1, 7.75, 1.5], "texture": "#2"},
				"east": {"uv": [8.5, 6, 9, 6.5], "texture": "#2"},
				"south": {"uv": [6, 1.5, 7.75, 2], "texture": "#2"},
				"west": {"uv": [6.5, 8.5, 7, 9], "texture": "#2"},
				"up": {"uv": [7.75, 2.5, 6, 2], "texture": "#2"},
				"down": {"uv": [7.75, 2.5, 6, 3], "texture": "#2"}
			}
		},
		{
			"from": [6.5, 11.5, 7.75],
			"to": [8.5, 14.5, 8.25],
			"rotation": {"angle": 0, "axis": "y", "origin": [0.5, -1, 0.75]},
			"faces": {
				"north": {"uv": [0.5, 5, 1.5, 6.5], "texture": "#2"},
				"east": {"uv": [8, 1.5, 8.25, 3], "texture": "#2"},
				"south": {"uv": [1.5, 5, 0.5, 6.5], "texture": "#2"},
				"west": {"uv": [2, 8, 2.25, 9.5], "texture": "#2"},
				"up": {"uv": [9.5, 2.75, 8.5, 2.5], "texture": "#2"},
				"down": {"uv": [4, 8.5, 3, 8.75], "texture": "#2"}
			}
		},
		{
			"from": [7.73223, 14.14645, 7.755],
			"to": [8.73223, 15.64645, 8.245],
			"rotation": {"angle": -45, "axis": "z", "origin": [7.73223, 14.14645, 8.255]},
			"faces": {
				"north": {"uv": [6.5, 7.5, 7, 8.5], "texture": "#2"},
				"east": {"uv": [8.5, 4, 8.75, 5], "texture": "#2"},
				"south": {"uv": [7, 7.5, 7.5, 8.5], "texture": "#2"},
				"west": {"uv": [8.5, 5, 8.75, 6], "texture": "#2"},
				"up": {"uv": [4.5, 9.75, 4, 9.5], "texture": "#2"},
				"down": {"uv": [10, 4, 9.5, 4.25], "texture": "#2"}
			}
		},
		{
			"from": [8.0021, 11.00314, 7.755],
			"to": [9.0021, 13.50314, 8.245],
			"rotation": {"angle": 22.5, "axis": "z", "origin": [8.0021, 12.50314, 8.255]},
			"faces": {
				"north": {"uv": [0.5, 6.5, 1, 8], "texture": "#2"},
				"east": {"uv": [4, 8, 4.25, 9.5], "texture": "#2"},
				"south": {"uv": [1, 6.5, 1.5, 8], "texture": "#2"},
				"west": {"uv": [8, 4, 8.25, 5.5], "texture": "#2"},
				"up": {"uv": [5, 9.75, 4.5, 9.5], "texture": "#2"},
				"down": {"uv": [10, 4.5, 9.5, 4.75], "texture": "#2"}
			}
		},
		{
			"from": [6.5, 20.8, 7.75],
			"to": [7.5, 28.5, 8.25],
			"rotation": {"angle": 0, "axis": "y", "origin": [0.5, -1, 0.75]},
			"faces": {
				"north": {"uv": [3, 4.5, 3.5, 8.25], "texture": "#2"},
				"east": {"uv": [5, 6, 5.25, 9.75], "texture": "#2"},
				"south": {"uv": [3.5, 4.5, 4, 8.25], "texture": "#2"},
				"west": {"uv": [5.5, 6, 5.75, 9.75], "texture": "#2"},
				"up": {"uv": [9.5, 4.75, 9, 4.5], "texture": "#2"},
				"down": {"uv": [9.5, 5, 9, 5.25], "texture": "#2"}
			}
		},
		{
			"from": [6.5, 18.5, 7.75],
			"to": [8.5, 20.8, 8.25],
			"rotation": {"angle": 0, "axis": "y", "origin": [0.5, -1, 0.75]},
			"faces": {
				"north": {"uv": [5, 2, 6, 3.25], "texture": "#2"},
				"east": {"uv": [4.5, 8, 4.75, 9.25], "texture": "#2"},
				"south": {"uv": [6, 2, 5, 3.25], "texture": "#2"},
				"west": {"uv": [8, 5.5, 8.25, 6.75], "texture": "#2"},
				"up": {"uv": [9.5, 1.75, 8.5, 1.5], "texture": "#2"},
				"down": {"uv": [9.5, 2, 8.5, 2.25], "texture": "#2"}
			}
		},
		{
			"from": [6.31808, 17.46925, 7.755],
			"to": [7.31808, 22.86925, 8.245],
			"rotation": {"angle": 22.5, "axis": "z", "origin": [5.81808, 23.46925, 8.255]},
			"faces": {
				"north": {"uv": [1.5, 5, 2, 7.75], "texture": "#2"},
				"east": {"uv": [6.5, 4.5, 6.75, 7.25], "texture": "#2"},
				"south": {"uv": [2, 5, 1.5, 7.75], "texture": "#2"},
				"west": {"uv": [7, 4.5, 7.25, 7.25], "texture": "#2"},
				"up": {"uv": [4, 9.25, 3.5, 9], "texture": "#2"},
				"down": {"uv": [9.5, 4, 9, 4.25], "texture": "#2"}
			}
		},
		{
			"from": [3.5, 0, 7.5],
			"to": [12.5, 0.5, 8.5],
			"rotation": {"angle": 0, "axis": "y", "origin": [0.5, -1, 0.5]},
			"faces": {
				"north": {"uv": [5, 3.5, 9.5, 3.75], "texture": "#2"},
				"east": {"uv": [9, 0, 9.5, 0.25], "texture": "#2"},
				"south": {"uv": [6, 0.5, 10.5, 0.75], "texture": "#2"},
				"west": {"uv": [9, 3, 9.5, 3.25], "texture": "#2"},
				"up": {"uv": [7.5, 4.5, 3, 4], "texture": "#2"},
				"down": {"uv": [9, 0, 4.5, 0.5], "texture": "#2"}
			}
		},
		{
			"from": [6.5, 28.5, 7.75],
			"to": [7, 30.9, 8.25],
			"rotation": {"angle": 0, "axis": "y", "origin": [6, 11.35749, 8.25]},
			"faces": {
				"north": {"uv": [8, 7, 8.25, 8.25], "texture": "#2"},
				"east": {"uv": [7.5, 8, 7.75, 9.25], "texture": "#2"},
				"south": {"uv": [0, 8.5, 0.25, 9.75], "texture": "#2"},
				"west": {"uv": [0.5, 8.5, 0.75, 9.75], "texture": "#2"},
				"up": {"uv": [9.75, 5.25, 9.5, 5], "texture": "#2"},
				"down": {"uv": [9.75, 5.5, 9.5, 5.75], "texture": "#2"}
			}
		},
		{
			"from": [6.55, 30.9, 7.75],
			"to": [6.6, 31.87001, 8.25],
			"rotation": {"angle": 0, "axis": "y", "origin": [6, 11.35749, 8.25]},
			"faces": {
				"north": {"uv": [9, 5.5, 9.25, 6], "texture": "#2"},
				"east": {"uv": [9, 6, 9.25, 6.5], "texture": "#2"},
				"south": {"uv": [6.5, 9, 6.75, 9.5], "texture": "#2"},
				"west": {"uv": [9, 6.5, 9.25, 7], "texture": "#2"},
				"up": {"uv": [6.25, 9.75, 6, 9.5], "texture": "#2"},
				"down": {"uv": [9.75, 6, 9.5, 6.25], "texture": "#2"}
			}
		},
		{
			"from": [6.6, 30.9, 7.75],
			"to": [6.65, 31.75001, 8.25],
			"rotation": {"angle": 0, "axis": "y", "origin": [6, 11.35749, 8.25]},
			"faces": {
				"north": {"uv": [7, 9, 7.25, 9.5], "texture": "#2"},
				"east": {"uv": [9, 7, 9.25, 7.5], "texture": "#2"},
				"south": {"uv": [9, 7.5, 9.25, 8], "texture": "#2"},
				"west": {"uv": [8, 9, 8.25, 9.5], "texture": "#2"},
				"up": {"uv": [6.75, 9.75, 6.5, 9.5], "texture": "#2"},
				"down": {"uv": [9.75, 6.5, 9.5, 6.75], "texture": "#2"}
			}
		},
		{
			"from": [6.5, 30.9, 7.75],
			"to": [6.55, 31.97, 8.25],
			"rotation": {"angle": 0, "axis": "y", "origin": [6, 11.35749, 8.25]},
			"faces": {
				"north": {"uv": [9, 8, 9.25, 8.5], "texture": "#2"},
				"east": {"uv": [9, 8.5, 9.25, 9], "texture": "#2"},
				"south": {"uv": [9, 9, 9.25, 9.5], "texture": "#2"},
				"west": {"uv": [9.5, 0, 9.75, 0.5], "texture": "#2"},
				"up": {"uv": [7.25, 9.75, 7, 9.5], "texture": "#2"},
				"down": {"uv": [9.75, 7, 9.5, 7.25], "texture": "#2"}
			}
		},
		{
			"from": [7, 28.5, 7.75],
			"to": [7.5, 29.7, 8.25],
			"rotation": {"angle": 0, "axis": "y", "origin": [6, 11.35749, 8.25]},
			"faces": {
				"north": {"uv": [9.5, 1, 9.75, 1.5], "texture": "#2"},
				"east": {"uv": [9.5, 1.5, 9.75, 2], "texture": "#2"},
				"south": {"uv": [2, 9.5, 2.25, 10], "texture": "#2"},
				"west": {"uv": [9.5, 2, 9.75, 2.5], "texture": "#2"},
				"up": {"uv": [7.75, 9.75, 7.5, 9.5], "texture": "#2"},
				"down": {"uv": [9.75, 7.5, 9.5, 7.75], "texture": "#2"}
			}
		},
		{
			"from": [6.21519, 29.24552, 7.75],
			"to": [6.71519, 30.64552, 8.25],
			"rotation": {"angle": 22.5, "axis": "z", "origin": [5.96519, 31.44552, 8]},
			"faces": {
				"north": {"uv": [8.5, 8.5, 8.75, 9.25], "texture": "#2"},
				"east": {"uv": [1, 9, 1.25, 9.75], "texture": "#2"},
				"south": {"uv": [1.5, 9, 1.75, 9.75], "texture": "#2"},
				"west": {"uv": [3, 9, 3.25, 9.75], "texture": "#2"},
				"up": {"uv": [8.25, 9.75, 8, 9.5], "texture": "#2"},
				"down": {"uv": [9.75, 8, 9.5, 8.25], "texture": "#2"}
			}
		},
		{
			"from": [6.66138, 30.66466, 7.75],
			"to": [6.71138, 31.73466, 8.25],
			"rotation": {"angle": 22.5, "axis": "z", "origin": [6.01138, 31.46466, 8]},
			"faces": {
				"north": {"uv": [9.5, 2.5, 9.75, 3], "texture": "#2"},
				"east": {"uv": [9.5, 3, 9.75, 3.5], "texture": "#2"},
				"south": {"uv": [3.5, 9.5, 3.75, 10], "texture": "#2"},
				"west": {"uv": [9.5, 3.5, 9.75, 4], "texture": "#2"},
				"up": {"uv": [8.75, 9.75, 8.5, 9.5], "texture": "#2"},
				"down": {"uv": [9.75, 8.5, 9.5, 8.75], "texture": "#2"}
			}
		},
		{
			"from": [6.51389, 30.6657, 7.75],
			"to": [6.66389, 31.3857, 8.25],
			"rotation": {"angle": 22.5, "axis": "z", "origin": [6.01389, 31.4657, 8]},
			"faces": {
				"north": {"uv": [9, 9.5, 9.25, 9.75], "texture": "#2"},
				"east": {"uv": [9.5, 9, 9.75, 9.25], "texture": "#2"},
				"south": {"uv": [9.5, 9.5, 9.75, 9.75], "texture": "#2"},
				"west": {"uv": [0, 10, 0.25, 10.25], "texture": "#2"},
				"up": {"uv": [10.25, 0.25, 10, 0], "texture": "#2"},
				"down": {"uv": [0.75, 10, 0.5, 10.25], "texture": "#2"}
			}
		},
		{
			"from": [6.36389, 30.6657, 7.75],
			"to": [6.51389, 31.0357, 8.25],
			"rotation": {"angle": 22.5, "axis": "z", "origin": [6.01389, 31.4657, 8]},
			"faces": {
				"north": {"uv": [1, 10, 1.25, 10.25], "texture": "#2"},
				"east": {"uv": [10, 1, 10.25, 1.25], "texture": "#2"},
				"south": {"uv": [1.5, 10, 1.75, 10.25], "texture": "#2"},
				"west": {"uv": [10, 1.5, 10.25, 1.75], "texture": "#2"},
				"up": {"uv": [2.25, 10.25, 2, 10], "texture": "#2"},
				"down": {"uv": [10.25, 2, 10, 2.25], "texture": "#2"}
			}
		},
		{
			"from": [6.7833, 31.51734, 7.75],
			"to": [6.83302, 31.54864, 8.25],
			"rotation": {"angle": 45, "axis": "z", "origin": [6.13302, 31.41734, 8]},
			"faces": {
				"north": {"uv": [2.5, 10, 2.75, 10.25], "texture": "#2"},
				"east": {"uv": [10, 2.5, 10.25, 2.75], "texture": "#2"},
				"south": {"uv": [3, 10, 3.25, 10.25], "texture": "#2"},
				"west": {"uv": [10, 3, 10.25, 3.25], "texture": "#2"},
				"up": {"uv": [3.75, 10.25, 3.5, 10], "texture": "#2"},
				"down": {"uv": [10.25, 3.5, 10, 3.75], "texture": "#2"}
			}
		}
	],
	"gui_light": "front",
	"display": {
		"thirdperson_righthand": {
			"rotation": [0, 90, 0],
			"translation": [0, 9, 0.25]
		},
		"thirdperson_lefthand": {
			"rotation": [0, -90, 0],
			"translation": [0, 9, 0.25]
		},
		"firstperson_righthand": {
			"rotation": [0, 90, 20],
			"translation": [2, 2.5, 0],
			"scale": [0.4, 0.4, 0.4]
		},
		"firstperson_lefthand": {
			"rotation": [0, -90, -19],
			"translation": [2, 2.5, 0],
			"scale": [0.4, 0.4, 0.4]
		},
		"ground": {
			"rotation": [0, 0, 45],
			"translation": [3.5, 9.5, 0]
		},
		"gui": {
			"rotation": [0, -180, 45],
			"translation": [-2, -1.5, 0],
			"scale": [0.6, 0.6, 0.6]
		},
		"fixed": {
			"rotation": [0, 0, 45],
			"translation": [2.75, -2.75, 0]
		}
	}
}