{
	"credit": "Made with Blockbench",
	"texture_size": [32, 32],
	"textures": {
		"0": "item/custom/genericwand",
		"particle": "item/custom/genericwand"
	},
	"elements": [
		{
			"from": [7, 5, 7],
			"to": [9, 7, 9],
			"faces": {
				"north": {"uv": [4.5, 0, 5.5, 1], "texture": "#0"},
				"east": {"uv": [0.5, 4.5, 1.5, 5.5], "texture": "#0"},
				"south": {"uv": [4.5, 1, 5.5, 2], "texture": "#0"},
				"west": {"uv": [1.5, 4.5, 2.5, 5.5], "texture": "#0"},
				"up": {"uv": [5.5, 3, 4.5, 2], "texture": "#0"},
				"down": {"uv": [5.5, 3, 4.5, 4], "texture": "#0"}
			}
		},
		{
			"from": [7.5, 6, 7.5],
			"to": [8.5, 14, 8.5],
			"faces": {
				"north": {"uv": [3, 3, 3.5, 7], "texture": "#0"},
				"east": {"uv": [3.5, 3, 4, 7], "texture": "#0"},
				"south": {"uv": [4, 3, 4.5, 7], "texture": "#0"},
				"west": {"uv": [0, 4.5, 0.5, 8.5], "texture": "#0"},
				"up": {"uv": [3, 5, 2.5, 4.5], "texture": "#0"},
				"down": {"uv": [3, 5, 2.5, 5.5], "texture": "#0"}
			}
		},
		{
			"from": [6.6, 4, 6.6],
			"to": [9.4, 5, 9.4],
			"faces": {
				"north": {"uv": [5.5, 0, 7, 0.5], "texture": "#0"},
				"east": {"uv": [0.5, 5.5, 2, 6], "texture": "#0"},
				"south": {"uv": [5.5, 0.5, 7, 1], "texture": "#0"},
				"west": {"uv": [5.5, 1, 7, 1.5], "texture": "#0"},
				"up": {"uv": [1.5, 1.5, 0, 0], "texture": "#0"},
				"down": {"uv": [1.5, 1.5, 0, 3], "texture": "#0"}
			}
		},
		{
			"from": [6.6, 0, 6.6],
			"to": [9.4, 3, 9.4],
			"faces": {
				"north": {"uv": [1.5, 0, 3, 1.5], "texture": "#0"},
				"east": {"uv": [1.5, 1.5, 3, 3], "texture": "#0"},
				"south": {"uv": [0, 3, 1.5, 4.5], "texture": "#0"},
				"west": {"uv": [3, 0, 4.5, 1.5], "texture": "#0"},
				"up": {"uv": [3, 4.5, 1.5, 3], "texture": "#0"},
				"down": {"uv": [4.5, 1.5, 3, 3], "texture": "#0"}
			}
		},
		{
			"from": [7, 3, 7],
			"to": [9, 4, 9],
			"faces": {
				"north": {"uv": [5.5, 1.5, 6.5, 2], "texture": "#0"},
				"east": {"uv": [2, 5.5, 3, 6], "texture": "#0"},
				"south": {"uv": [5.5, 2, 6.5, 2.5], "texture": "#0"},
				"west": {"uv": [5.5, 2.5, 6.5, 3], "texture": "#0"},
				"up": {"uv": [5.5, 5, 4.5, 4], "texture": "#0"},
				"down": {"uv": [5.5, 5, 4.5, 6], "texture": "#0"}
			}
		}
	],
	"display": {
		"thirdperson_righthand": {
			"rotation": [18.23, 0.35, 15.41],
			"translation": [-2.25, 6.25, 2.5],
			"scale": [1.2, 1.2, 1.2]
		},
		"thirdperson_lefthand": {
			"rotation": [18.23, 0.35, 15.41],
			"translation": [-2.25, 6.25, 2.5],
			"scale": [1.2, 1.2, 1.2]
		},
		"firstperson_righthand": {
			"rotation": [-35.57, -15.94, -21.45],
			"translation": [0.5, 6.25, 0.25]
		},
		"firstperson_lefthand": {
			"rotation": [-35.57, -15.94, -21.45],
			"translation": [0.5, 6.25, 0.25]
		},
		"ground": {
			"rotation": [-44.86, -11.88, 28.28],
			"translation": [0, 5.25, 0]
		},
		"gui": {
			"rotation": [26.02, -51.91, 53.93],
			"translation": [-1, 1, 0]
		},
		"fixed": {
			"translation": [0, 0, -2.75],
			"scale": [1.6, 1.6, 1.6]
		}
	}
}