{
	"credit": "Made with Blockbench",
	"texture_size": [64, 64],
	"textures": {
		"0": "item/custom/grimace_shake",
		"particle": "item/custom/grimace_shake_particle"
	},
	"elements": [
		{
			"from": [5, 0, 4],
			"to": [11, 10, 12],
			"rotation": {"angle": 0, "axis": "y", "origin": [0, 0, -1]},
			"faces": {
				"north": {"uv": [4.25, 0, 5.75, 2.5], "texture": "#0"},
				"east": {"uv": [2.25, 0, 4.25, 2.5], "texture": "#0"},
				"south": {"uv": [4.25, 2.5, 5.75, 5], "texture": "#0"},
				"west": {"uv": [2.25, 2.5, 4.25, 5], "texture": "#0"},
				"up": {"uv": [7.25, 2, 5.75, 0], "texture": "#0"},
				"down": {"uv": [7.25, 2, 5.75, 4], "texture": "#0"}
			}
		},
		{
			"from": [4, 11, 5],
			"to": [12, 12, 11],
			"rotation": {"angle": 0, "axis": "y", "origin": [0, 0, -1]},
			"faces": {
				"north": {"uv": [8, 2.25, 10, 2.5], "texture": "#0"},
				"east": {"uv": [8, 7, 9.5, 7.25], "texture": "#0"},
				"south": {"uv": [8, 2.5, 10, 2.75], "texture": "#0"},
				"west": {"uv": [7.25, 8, 8.75, 8.25], "texture": "#0"},
				"up": {"uv": [8, 5.5, 6, 4], "texture": "#0"},
				"down": {"uv": [8, 5.5, 6, 7], "texture": "#0"}
			}
		},
		{
			"from": [5, 11, 4],
			"to": [11, 12, 5],
			"rotation": {"angle": 0, "axis": "y", "origin": [8, 11.5, 4.5]},
			"faces": {
				"north": {"uv": [8, 7.25, 9.5, 7.5], "texture": "#0"},
				"east": {"uv": [1, 7, 1.25, 7.25], "texture": "#0"},
				"south": {"uv": [8, 7.5, 9.5, 7.75], "texture": "#0"},
				"west": {"uv": [1.25, 7, 1.5, 7.25], "texture": "#0"},
				"up": {"uv": [9.75, 0.25, 8.25, 0], "texture": "#0"},
				"down": {"uv": [9.75, 0.25, 8.25, 0.5], "texture": "#0"}
			}
		},
		{
			"from": [5, 11, 11],
			"to": [11, 12, 12],
			"rotation": {"angle": 0, "axis": "y", "origin": [0, 0, -1]},
			"faces": {
				"north": {"uv": [8.25, 0.5, 9.75, 0.75], "texture": "#0"},
				"east": {"uv": [1, 7.25, 1.25, 7.5], "texture": "#0"},
				"south": {"uv": [8.25, 0.75, 9.75, 1], "texture": "#0"},
				"west": {"uv": [1.25, 7.25, 1.5, 7.5], "texture": "#0"},
				"up": {"uv": [9.75, 1.25, 8.25, 1], "texture": "#0"},
				"down": {"uv": [9.75, 1.25, 8.25, 1.5], "texture": "#0"}
			}
		},
		{
			"from": [3.5, 10, 3.5],
			"to": [12.5, 11, 12.5],
			"rotation": {"angle": 0, "axis": "y", "origin": [0, 0, -1]},
			"faces": {
				"north": {"uv": [7.25, 3.25, 9.5, 3.5], "texture": "#0"},
				"east": {"uv": [7.25, 3.5, 9.5, 3.75], "texture": "#0"},
				"south": {"uv": [7.25, 3.75, 9.5, 4], "texture": "#0"},
				"west": {"uv": [7, 7.75, 9.25, 8], "texture": "#0"},
				"up": {"uv": [2.25, 2.25, 0, 0], "texture": "#0"},
				"down": {"uv": [2.25, 2.25, 0, 4.5], "texture": "#0"}
			}
		},
		{
			"from": [7.5, 13, 7.5],
			"to": [8.5, 17, 8.5],
			"rotation": {"angle": 0, "axis": "y", "origin": [0, 0, -1]},
			"faces": {
				"north": {"uv": [5.75, 4, 6, 5], "texture": "#0"},
				"east": {"uv": [3, 8.5, 3.25, 9.5], "texture": "#0"},
				"south": {"uv": [4.25, 8.5, 4.5, 9.5], "texture": "#0"},
				"west": {"uv": [4.5, 8.5, 4.75, 9.5], "texture": "#0"},
				"up": {"uv": [8.5, 2.25, 8.25, 2], "texture": "#0"},
				"down": {"uv": [8.75, 2, 8.5, 2.25], "texture": "#0"}
			}
		},
		{
			"from": [11, 0, 5],
			"to": [12, 10, 11],
			"rotation": {"angle": 0, "axis": "y", "origin": [0, 0, -1]},
			"faces": {
				"north": {"uv": [3.25, 7.5, 3.5, 10], "texture": "#0"},
				"east": {"uv": [0, 4.5, 1.5, 7], "texture": "#0"},
				"south": {"uv": [3.5, 7.5, 3.75, 10], "texture": "#0"},
				"west": {"uv": [1.5, 5, 3, 7.5], "texture": "#0"},
				"up": {"uv": [7.5, 9.75, 7.25, 8.25], "texture": "#0"},
				"down": {"uv": [7.75, 8.25, 7.5, 9.75], "texture": "#0"}
			}
		},
		{
			"from": [4, 0, 5],
			"to": [5, 10, 11],
			"rotation": {"angle": 0, "axis": "y", "origin": [0, 0, -1]},
			"faces": {
				"north": {"uv": [3.75, 7.5, 4, 10], "texture": "#0"},
				"east": {"uv": [3, 5, 4.5, 7.5], "texture": "#0"},
				"south": {"uv": [4, 7.5, 4.25, 10], "texture": "#0"},
				"west": {"uv": [4.5, 5, 6, 7.5], "texture": "#0"},
				"up": {"uv": [8, 9.75, 7.75, 8.25], "texture": "#0"},
				"down": {"uv": [8.25, 8.25, 8, 9.75], "texture": "#0"}
			}
		},
		{
			"from": [6, 12, 6],
			"to": [10, 14, 10],
			"rotation": {"angle": 0, "axis": "y", "origin": [8, 13, 8]},
			"faces": {
				"north": {"uv": [4.25, 7.5, 5.25, 8], "texture": "#0"},
				"east": {"uv": [0, 8, 1, 8.5], "texture": "#0"},
				"south": {"uv": [8, 2.75, 9, 3.25], "texture": "#0"},
				"west": {"uv": [8, 4, 9, 4.5], "texture": "#0"},
				"up": {"uv": [1, 8, 0, 7], "texture": "#0"},
				"down": {"uv": [7, 7, 6, 8], "texture": "#0"}
			}
		},
		{
			"from": [6, 15.93985, 15.54005],
			"to": [10, 17.93985, 18.36848],
			"rotation": {"angle": -45, "axis": "x", "origin": [15, 1.03985, 16.94005]},
			"faces": {
				"north": {"uv": [8, 5, 9, 5.5], "texture": "#0"},
				"east": {"uv": [8.25, 1.5, 8.9375, 2], "texture": "#0"},
				"south": {"uv": [5.25, 8, 6.25, 8.5], "texture": "#0"},
				"west": {"uv": [8.25, 8.25, 8.9375, 8.75], "texture": "#0"},
				"up": {"uv": [8.25, 1.4375, 7.25, 0.75], "texture": "#0"},
				"down": {"uv": [8.25, 1.5, 7.25, 2.1875], "texture": "#0"}
			}
		},
		{
			"from": [6, 9.92284, -5.72224],
			"to": [10, 11.92284, -2.89382],
			"rotation": {"angle": 45, "axis": "x", "origin": [8, -6.01701, 4.64624]},
			"faces": {
				"north": {"uv": [6.25, 8, 5.25, 8.5], "texture": "#0"},
				"east": {"uv": [8.9375, 1.5, 8.25, 2], "texture": "#0"},
				"south": {"uv": [9, 5, 8, 5.5], "texture": "#0"},
				"west": {"uv": [8.9375, 8.25, 8.25, 8.75], "texture": "#0"},
				"up": {"uv": [8.25, 0.75, 7.25, 1.4375], "texture": "#0"},
				"down": {"uv": [8.25, 2.1875, 7.25, 1.5], "texture": "#0"}
			}
		},
		{
			"from": [18.89382, 9.92284, 6],
			"to": [21.72224, 11.92284, 10],
			"rotation": {"angle": 45, "axis": "z", "origin": [11.35376, -6.01701, 8]},
			"faces": {
				"north": {"uv": [8.9375, 8.25, 8.25, 8.75], "texture": "#0"},
				"east": {"uv": [6.25, 8, 5.25, 8.5], "texture": "#0"},
				"south": {"uv": [8.9375, 1.5, 8.25, 2], "texture": "#0"},
				"west": {"uv": [9, 5, 8, 5.5], "texture": "#0"},
				"up": {"uv": [8.25, 0.75, 7.25, 1.4375], "rotation": 90, "texture": "#0"},
				"down": {"uv": [8.25, 2.1875, 7.25, 1.5], "rotation": 270, "texture": "#0"}
			}
		},
		{
			"from": [-5.72224, 9.92284, 6],
			"to": [-2.89382, 11.92284, 10],
			"rotation": {"angle": -45, "axis": "z", "origin": [4.64624, -6.01701, 8]},
			"faces": {
				"north": {"uv": [8.25, 8.25, 8.9375, 8.75], "texture": "#0"},
				"east": {"uv": [8, 5, 9, 5.5], "texture": "#0"},
				"south": {"uv": [8.25, 1.5, 8.9375, 2], "texture": "#0"},
				"west": {"uv": [5.25, 8, 6.25, 8.5], "texture": "#0"},
				"up": {"uv": [8.25, 1.4375, 7.25, 0.75], "rotation": 90, "texture": "#0"},
				"down": {"uv": [8.25, 1.5, 7.25, 2.1875], "rotation": 270, "texture": "#0"}
			}
		}
	],
	"gui_light": "front",
	"display": {
		"thirdperson_righthand": {
			"rotation": [70, -45, 0],
			"scale": [0.6, 0.6, 0.6]
		},
		"thirdperson_lefthand": {
			"rotation": [70, 45, 0],
			"scale": [0.6, 0.6, 0.6]
		},
		"firstperson_righthand": {
			"rotation": [0, 90, 0],
			"translation": [2.5, 4.5, 2],
			"scale": [0.5, 0.5, 0.5]
		},
		"firstperson_lefthand": {
			"rotation": [0, 90, 0],
			"translation": [2.5, 4.5, 2],
			"scale": [0.5, 0.5, 0.5]
		},
		"ground": {
			"translation": [0, 5.25, 0]
		},
		"gui": {
			"rotation": [20, 135, 0],
			"translation": [0, 0.75, 0]
		},
		"head": {
			"translation": [0, -13.25, 0],
			"scale": [4, 4, 4]
		},
		"fixed": {
			"rotation": [-90, 45, 0],
			"translation": [-0.5, -0.25, -7.25],
			"scale": [1.2, 1.2, 1.2]
		}
	}
}