{
	"credit": "Made with Blockbench",
	"texture_size": [32, 32],
	"textures": {
		"0": "block/custom/hedgehog",
		"particle": "block/custom/hedgehog"
	},
	"elements": [
		{
			"from": [10, 0, 7.5],
			"to": [13, 0, 8.5],
			"rotation": {"angle": -45, "axis": "z", "origin": [13, 0, 0]},
			"faces": {
				"north": {"uv": [1.5, 0, 0, 0], "texture": "#0"},
				"east": {"uv": [0.5, 0, 0, 0], "texture": "#0"},
				"south": {"uv": [1.5, 0, 0, 0], "texture": "#0"},
				"west": {"uv": [0.5, 0, 0, 0], "texture": "#0"},
				"up": {"uv": [3, 7.5, 4.5, 7], "texture": "#0"},
				"down": {"uv": [4.5, 7, 6, 7.5], "texture": "#0"}
			}
		},
		{
			"from": [4, -1, 5.5],
			"to": [10, 1, 10.5],
			"rotation": {"angle": -45, "axis": "z", "origin": [13, 0, 0]},
			"faces": {
				"north": {"uv": [3, 5, 0, 6], "texture": "#0"},
				"east": {"uv": [8, 4, 5.5, 5], "texture": "#0"},
				"south": {"uv": [6, 5, 3, 6], "texture": "#0"},
				"west": {"uv": [8, 3, 5.5, 4], "texture": "#0"},
				"up": {"uv": [0, 2.5, 3, 0], "texture": "#0"},
				"down": {"uv": [0, 2.5, 3, 5], "texture": "#0"}
			}
		},
		{
			"from": [9, 1, 6.5],
			"to": [10, 2, 9.5],
			"rotation": {"angle": -45, "axis": "z", "origin": [13, 0, 0]},
			"faces": {
				"north": {"uv": [8, 2, 7.5, 2.5], "texture": "#0"},
				"east": {"uv": [8.5, 6.5, 7, 7], "texture": "#0"},
				"south": {"uv": [8, 2.5, 7.5, 3], "texture": "#0"},
				"west": {"uv": [7.5, 7, 6, 7.5], "texture": "#0"},
				"up": {"uv": [0, 9, 0.5, 7.5], "texture": "#0"},
				"down": {"uv": [7.5, 0, 8, 1.5], "texture": "#0"}
			}
		},
		{
			"from": [4, 1, 5.5],
			"to": [9, 2, 10.5],
			"rotation": {"angle": -45, "axis": "z", "origin": [13, 0, 0]},
			"faces": {
				"north": {"uv": [5.5, 6, 3, 6.5], "texture": "#0"},
				"east": {"uv": [8.5, 5.5, 6, 6], "texture": "#0"},
				"south": {"uv": [8, 6, 5.5, 6.5], "texture": "#0"},
				"west": {"uv": [8.5, 5, 6, 5.5], "texture": "#0"},
				"up": {"uv": [3, 2.5, 5.5, 0], "texture": "#0"},
				"down": {"uv": [3, 2.5, 5.5, 5], "texture": "#0"}
			}
		},
		{
			"from": [4, 2, 6.5],
			"to": [8, 3, 9.5],
			"rotation": {"angle": -45, "axis": "z", "origin": [13, 0, 0]},
			"faces": {
				"north": {"uv": [5, 6.5, 3, 7], "texture": "#0"},
				"east": {"uv": [9, 1.5, 7.5, 2], "texture": "#0"},
				"south": {"uv": [7, 6.5, 5, 7], "texture": "#0"},
				"west": {"uv": [2, 7.5, 0.5, 8], "texture": "#0"},
				"up": {"uv": [5.5, 1.5, 7.5, 0], "texture": "#0"},
				"down": {"uv": [5.5, 1.5, 7.5, 3], "texture": "#0"}
			}
		},
		{
			"from": [3, -1, 6.5],
			"to": [4, 2, 9.5],
			"rotation": {"angle": -45, "axis": "z", "origin": [13, 0, 0]},
			"faces": {
				"north": {"uv": [2.5, 7.5, 2, 9], "texture": "#0"},
				"east": {"uv": [3, 6, 1.5, 7.5], "texture": "#0"},
				"south": {"uv": [3, 7.5, 2.5, 9], "texture": "#0"},
				"west": {"uv": [1.5, 6, 0, 7.5], "texture": "#0"},
				"up": {"uv": [3, 9, 3.5, 7.5], "texture": "#0"},
				"down": {"uv": [3.5, 7.5, 4, 9], "texture": "#0"}
			}
		},
		{
			"from": [4, -2, 5.5],
			"to": [5, -1, 6.5],
			"rotation": {"angle": -45, "axis": "z", "origin": [13, 0, 0]},
			"faces": {
				"north": {"uv": [4.5, 7.5, 4, 8], "texture": "#0"},
				"east": {"uv": [6, 7.5, 5.5, 8], "texture": "#0"},
				"south": {"uv": [5.5, 7.5, 5, 8], "texture": "#0"},
				"west": {"uv": [5, 7.5, 4.5, 8], "texture": "#0"},
				"up": {"uv": [6, 8, 6.5, 7.5], "texture": "#0"},
				"down": {"uv": [6.5, 7.5, 7, 8], "texture": "#0"}
			}
		},
		{
			"from": [3, -2, 5.5],
			"to": [4, -2, 6.5],
			"rotation": {"angle": -45, "axis": "z", "origin": [13, 0, 0]},
			"faces": {
				"north": {"uv": [0.5, 0, 0, 0], "texture": "#0"},
				"east": {"uv": [0.5, 0, 0, 0], "texture": "#0"},
				"south": {"uv": [0.5, 0, 0, 0], "texture": "#0"},
				"west": {"uv": [0.5, 0, 0, 0], "texture": "#0"},
				"up": {"uv": [7, 8, 7.5, 7.5], "texture": "#0"},
				"down": {"uv": [7.5, 7, 8, 7.5], "texture": "#0"}
			}
		},
		{
			"from": [12.3, 9.3, 6.5],
			"to": [13.3, 9.3, 7.5],
			"rotation": {"angle": 22.5, "axis": "z", "origin": [13, 0, 0]},
			"faces": {
				"north": {"uv": [0.5, 0, 0, 0], "texture": "#0"},
				"east": {"uv": [0.5, 0, 0, 0], "texture": "#0"},
				"south": {"uv": [0.5, 0, 0, 0], "texture": "#0"},
				"west": {"uv": [0.5, 0, 0, 0], "texture": "#0"},
				"up": {"uv": [7.5, 8, 8, 7.5], "texture": "#0"},
				"down": {"uv": [8, 0, 8.5, 0.5], "texture": "#0"}
			}
		},
		{
			"from": [12.6, 8.8, 6.5],
			"to": [13.6, 8.8, 7.5],
			"rotation": {"angle": 22.5, "axis": "z", "origin": [13, 0, 0]},
			"faces": {
				"north": {"uv": [0.5, 0, 0, 0], "texture": "#0"},
				"east": {"uv": [0.5, 0, 0, 0], "texture": "#0"},
				"south": {"uv": [0.5, 0, 0, 0], "texture": "#0"},
				"west": {"uv": [0.5, 0, 0, 0], "texture": "#0"},
				"up": {"uv": [0.5, 8.5, 1, 8], "texture": "#0"},
				"down": {"uv": [8, 0.5, 8.5, 1], "texture": "#0"}
			}
		},
		{
			"from": [13, 7.9, 6.5],
			"to": [14, 7.9, 7.5],
			"rotation": {"angle": 22.5, "axis": "z", "origin": [13, 0, 0]},
			"faces": {
				"north": {"uv": [0.5, 0, 0, 0], "texture": "#0"},
				"east": {"uv": [0.5, 0, 0, 0], "texture": "#0"},
				"south": {"uv": [0.5, 0, 0, 0], "texture": "#0"},
				"west": {"uv": [0.5, 0, 0, 0], "texture": "#0"},
				"up": {"uv": [1, 8.5, 1.5, 8], "texture": "#0"},
				"down": {"uv": [8, 1, 8.5, 1.5], "texture": "#0"}
			}
		},
		{
			"from": [12.7, 8.4, 6.5],
			"to": [13.7, 8.4, 7.5],
			"rotation": {"angle": 22.5, "axis": "z", "origin": [13, 0, 0]},
			"faces": {
				"north": {"uv": [0.5, 0, 0, 0], "texture": "#0"},
				"east": {"uv": [0.5, 0, 0, 0], "texture": "#0"},
				"south": {"uv": [0.5, 0, 0, 0], "texture": "#0"},
				"west": {"uv": [0.5, 0, 0, 0], "texture": "#0"},
				"up": {"uv": [1.5, 8.5, 2, 8], "texture": "#0"},
				"down": {"uv": [8, 2, 8.5, 2.5], "texture": "#0"}
			}
		},
		{
			"from": [13.7, 6, 6.5],
			"to": [14.7, 6, 7.5],
			"rotation": {"angle": 22.5, "axis": "z", "origin": [13, 0, 0]},
			"faces": {
				"north": {"uv": [0.5, 0, 0, 0], "texture": "#0"},
				"east": {"uv": [0.5, 0, 0, 0], "texture": "#0"},
				"south": {"uv": [0.5, 0, 0, 0], "texture": "#0"},
				"west": {"uv": [0.5, 0, 0, 0], "texture": "#0"},
				"up": {"uv": [8, 3, 8.5, 2.5], "texture": "#0"},
				"down": {"uv": [8, 3, 8.5, 3.5], "texture": "#0"}
			}
		},
		{
			"from": [13.4, 6.5, 6.5],
			"to": [14.4, 6.5, 7.5],
			"rotation": {"angle": 22.5, "axis": "z", "origin": [13, 0, 0]},
			"faces": {
				"north": {"uv": [0.5, 0, 0, 0], "texture": "#0"},
				"east": {"uv": [0.5, 0, 0, 0], "texture": "#0"},
				"south": {"uv": [0.5, 0, 0, 0], "texture": "#0"},
				"west": {"uv": [0.5, 0, 0, 0], "texture": "#0"},
				"up": {"uv": [8, 4, 8.5, 3.5], "texture": "#0"},
				"down": {"uv": [4, 8, 4.5, 8.5], "texture": "#0"}
			}
		},
		{
			"from": [13, 7.4, 6.5],
			"to": [14, 7.4, 7.5],
			"rotation": {"angle": 22.5, "axis": "z", "origin": [13, 0, 0]},
			"faces": {
				"north": {"uv": [0.5, 0, 0, 0], "texture": "#0"},
				"east": {"uv": [0.5, 0, 0, 0], "texture": "#0"},
				"south": {"uv": [0.5, 0, 0, 0], "texture": "#0"},
				"west": {"uv": [0.5, 0, 0, 0], "texture": "#0"},
				"up": {"uv": [8, 4.5, 8.5, 4], "texture": "#0"},
				"down": {"uv": [4.5, 8, 5, 8.5], "texture": "#0"}
			}
		},
		{
			"from": [13.3, 6.9, 6.5],
			"to": [14.3, 6.9, 7.5],
			"rotation": {"angle": 22.5, "axis": "z", "origin": [13, 0, 0]},
			"faces": {
				"north": {"uv": [0.5, 0, 0, 0], "texture": "#0"},
				"east": {"uv": [0.5, 0, 0, 0], "texture": "#0"},
				"south": {"uv": [0.5, 0, 0, 0], "texture": "#0"},
				"west": {"uv": [0.5, 0, 0, 0], "texture": "#0"},
				"up": {"uv": [8, 5, 8.5, 4.5], "texture": "#0"},
				"down": {"uv": [5, 8, 5.5, 8.5], "texture": "#0"}
			}
		},
		{
			"from": [13.7, 6, 8.5],
			"to": [14.7, 6, 9.5],
			"rotation": {"angle": 22.5, "axis": "z", "origin": [13, 0, 0]},
			"faces": {
				"north": {"uv": [0.5, 0, 0, 0], "texture": "#0"},
				"east": {"uv": [0.5, 0, 0, 0], "texture": "#0"},
				"south": {"uv": [0.5, 0, 0, 0], "texture": "#0"},
				"west": {"uv": [0.5, 0, 0, 0], "texture": "#0"},
				"up": {"uv": [5.5, 8.5, 6, 8], "texture": "#0"},
				"down": {"uv": [6, 8, 6.5, 8.5], "texture": "#0"}
			}
		},
		{
			"from": [13.4, 6.5, 8.5],
			"to": [14.4, 6.5, 9.5],
			"rotation": {"angle": 22.5, "axis": "z", "origin": [13, 0, 0]},
			"faces": {
				"north": {"uv": [0.5, 0, 0, 0], "texture": "#0"},
				"east": {"uv": [0.5, 0, 0, 0], "texture": "#0"},
				"south": {"uv": [0.5, 0, 0, 0], "texture": "#0"},
				"west": {"uv": [0.5, 0, 0, 0], "texture": "#0"},
				"up": {"uv": [8, 6.5, 8.5, 6], "texture": "#0"},
				"down": {"uv": [6.5, 8, 7, 8.5], "texture": "#0"}
			}
		},
		{
			"from": [13, 7.4, 8.5],
			"to": [14, 7.4, 9.5],
			"rotation": {"angle": 22.5, "axis": "z", "origin": [13, 0, 0]},
			"faces": {
				"north": {"uv": [0.5, 0, 0, 0], "texture": "#0"},
				"east": {"uv": [0.5, 0, 0, 0], "texture": "#0"},
				"south": {"uv": [0.5, 0, 0, 0], "texture": "#0"},
				"west": {"uv": [0.5, 0, 0, 0], "texture": "#0"},
				"up": {"uv": [7, 8.5, 7.5, 8], "texture": "#0"},
				"down": {"uv": [8, 7, 8.5, 7.5], "texture": "#0"}
			}
		},
		{
			"from": [13.3, 6.9, 8.5],
			"to": [14.3, 6.9, 9.5],
			"rotation": {"angle": 22.5, "axis": "z", "origin": [13, 0, 0]},
			"faces": {
				"north": {"uv": [0.5, 0, 0, 0], "texture": "#0"},
				"east": {"uv": [0.5, 0, 0, 0], "texture": "#0"},
				"south": {"uv": [0.5, 0, 0, 0], "texture": "#0"},
				"west": {"uv": [0.5, 0, 0, 0], "texture": "#0"},
				"up": {"uv": [7.5, 8.5, 8, 8], "texture": "#0"},
				"down": {"uv": [8, 7.5, 8.5, 8], "texture": "#0"}
			}
		},
		{
			"from": [12.3, 9.3, 8.5],
			"to": [13.3, 9.3, 9.5],
			"rotation": {"angle": 22.5, "axis": "z", "origin": [13, 0, 0]},
			"faces": {
				"north": {"uv": [0.5, 0, 0, 0], "texture": "#0"},
				"east": {"uv": [0.5, 0, 0, 0], "texture": "#0"},
				"south": {"uv": [0.5, 0, 0, 0], "texture": "#0"},
				"west": {"uv": [0.5, 0, 0, 0], "texture": "#0"},
				"up": {"uv": [8, 8.5, 8.5, 8], "texture": "#0"},
				"down": {"uv": [8.5, 0, 9, 0.5], "texture": "#0"}
			}
		},
		{
			"from": [12.7, 8.4, 8.5],
			"to": [13.7, 8.4, 9.5],
			"rotation": {"angle": 22.5, "axis": "z", "origin": [13, 0, 0]},
			"faces": {
				"north": {"uv": [0.5, 0, 0, 0], "texture": "#0"},
				"east": {"uv": [0.5, 0, 0, 0], "texture": "#0"},
				"south": {"uv": [0.5, 0, 0, 0], "texture": "#0"},
				"west": {"uv": [0.5, 0, 0, 0], "texture": "#0"},
				"up": {"uv": [0.5, 9, 1, 8.5], "texture": "#0"},
				"down": {"uv": [8.5, 0.5, 9, 1], "texture": "#0"}
			}
		},
		{
			"from": [13, 7.9, 8.5],
			"to": [14, 7.9, 9.5],
			"rotation": {"angle": 22.5, "axis": "z", "origin": [13, 0, 0]},
			"faces": {
				"north": {"uv": [0.5, 0, 0, 0], "texture": "#0"},
				"east": {"uv": [0.5, 0, 0, 0], "texture": "#0"},
				"south": {"uv": [0.5, 0, 0, 0], "texture": "#0"},
				"west": {"uv": [0.5, 0, 0, 0], "texture": "#0"},
				"up": {"uv": [1, 9, 1.5, 8.5], "texture": "#0"},
				"down": {"uv": [8.5, 1, 9, 1.5], "texture": "#0"}
			}
		},
		{
			"from": [12.6, 8.8, 8.5],
			"to": [13.6, 8.8, 9.5],
			"rotation": {"angle": 22.5, "axis": "z", "origin": [13, 0, 0]},
			"faces": {
				"north": {"uv": [0.5, 0, 0, 0], "texture": "#0"},
				"east": {"uv": [0.5, 0, 0, 0], "texture": "#0"},
				"south": {"uv": [0.5, 0, 0, 0], "texture": "#0"},
				"west": {"uv": [0.5, 0, 0, 0], "texture": "#0"},
				"up": {"uv": [1.5, 9, 2, 8.5], "texture": "#0"},
				"down": {"uv": [8.5, 2, 9, 2.5], "texture": "#0"}
			}
		},
		{
			"from": [13.7, 6.15, 7.5],
			"to": [14.9, 6.15, 8.5],
			"rotation": {"angle": 22.5, "axis": "z", "origin": [13, 0, 0]},
			"faces": {
				"north": {"uv": [0.5, 0, 0, 0], "texture": "#0"},
				"east": {"uv": [0.5, 0, 0, 0], "texture": "#0"},
				"south": {"uv": [0.5, 0, 0, 0], "texture": "#0"},
				"west": {"uv": [0.5, 0, 0, 0], "texture": "#0"},
				"up": {"uv": [8.5, 3, 9, 2.5], "texture": "#0"},
				"down": {"uv": [8.5, 3, 9, 3.5], "texture": "#0"}
			}
		},
		{
			"from": [13.4, 6.65, 7.5],
			"to": [14.6, 6.65, 8.5],
			"rotation": {"angle": 22.5, "axis": "z", "origin": [13, 0, 0]},
			"faces": {
				"north": {"uv": [0.5, 0, 0, 0], "texture": "#0"},
				"east": {"uv": [0.5, 0, 0, 0], "texture": "#0"},
				"south": {"uv": [0.5, 0, 0, 0], "texture": "#0"},
				"west": {"uv": [0.5, 0, 0, 0], "texture": "#0"},
				"up": {"uv": [8.5, 4, 9, 3.5], "texture": "#0"},
				"down": {"uv": [4, 8.5, 4.5, 9], "texture": "#0"}
			}
		},
		{
			"from": [13, 7.55, 7.5],
			"to": [14.2, 7.55, 8.5],
			"rotation": {"angle": 22.5, "axis": "z", "origin": [13, 0, 0]},
			"faces": {
				"north": {"uv": [0.5, 0, 0, 0], "texture": "#0"},
				"east": {"uv": [0.5, 0, 0, 0], "texture": "#0"},
				"south": {"uv": [0.5, 0, 0, 0], "texture": "#0"},
				"west": {"uv": [0.5, 0, 0, 0], "texture": "#0"},
				"up": {"uv": [8.5, 4.5, 9, 4], "texture": "#0"},
				"down": {"uv": [4.5, 8.5, 5, 9], "texture": "#0"}
			}
		},
		{
			"from": [13.3, 7.05, 7.5],
			"to": [14.5, 7.05, 8.5],
			"rotation": {"angle": 22.5, "axis": "z", "origin": [13, 0, 0]},
			"faces": {
				"north": {"uv": [0.5, 0, 0, 0], "texture": "#0"},
				"east": {"uv": [0.5, 0, 0, 0], "texture": "#0"},
				"south": {"uv": [0.5, 0, 0, 0], "texture": "#0"},
				"west": {"uv": [0.5, 0, 0, 0], "texture": "#0"},
				"up": {"uv": [8.5, 5, 9, 4.5], "texture": "#0"},
				"down": {"uv": [5, 8.5, 5.5, 9], "texture": "#0"}
			}
		},
		{
			"from": [12.3, 9.45, 7.5],
			"to": [13.5, 9.45, 8.5],
			"rotation": {"angle": 22.5, "axis": "z", "origin": [13, 0, 0]},
			"faces": {
				"north": {"uv": [0.5, 0, 0, 0], "texture": "#0"},
				"east": {"uv": [0.5, 0, 0, 0], "texture": "#0"},
				"south": {"uv": [0.5, 0, 0, 0], "texture": "#0"},
				"west": {"uv": [0.5, 0, 0, 0], "texture": "#0"},
				"up": {"uv": [8.5, 5.5, 9, 5], "texture": "#0"},
				"down": {"uv": [5.5, 8.5, 6, 9], "texture": "#0"}
			}
		},
		{
			"from": [12.7, 8.55, 7.5],
			"to": [13.9, 8.55, 8.5],
			"rotation": {"angle": 22.5, "axis": "z", "origin": [13, 0, 0]},
			"faces": {
				"north": {"uv": [0.5, 0, 0, 0], "texture": "#0"},
				"east": {"uv": [0.5, 0, 0, 0], "texture": "#0"},
				"south": {"uv": [0.5, 0, 0, 0], "texture": "#0"},
				"west": {"uv": [0.5, 0, 0, 0], "texture": "#0"},
				"up": {"uv": [8.5, 6, 9, 5.5], "texture": "#0"},
				"down": {"uv": [6, 8.5, 6.5, 9], "texture": "#0"}
			}
		},
		{
			"from": [13, 8.05, 7.5],
			"to": [14.2, 8.05, 8.5],
			"rotation": {"angle": 22.5, "axis": "z", "origin": [13, 0, 0]},
			"faces": {
				"north": {"uv": [0.5, 0, 0, 0], "texture": "#0"},
				"east": {"uv": [0.5, 0, 0, 0], "texture": "#0"},
				"south": {"uv": [0.5, 0, 0, 0], "texture": "#0"},
				"west": {"uv": [0.5, 0, 0, 0], "texture": "#0"},
				"up": {"uv": [8.5, 6.5, 9, 6], "texture": "#0"},
				"down": {"uv": [6.5, 8.5, 7, 9], "texture": "#0"}
			}
		},
		{
			"from": [12.6, 8.95, 7.5],
			"to": [13.8, 8.95, 8.5],
			"rotation": {"angle": 22.5, "axis": "z", "origin": [13, 0, 0]},
			"faces": {
				"north": {"uv": [0.5, 0, 0, 0], "texture": "#0"},
				"east": {"uv": [0.5, 0, 0, 0], "texture": "#0"},
				"south": {"uv": [0.5, 0, 0, 0], "texture": "#0"},
				"west": {"uv": [0.5, 0, 0, 0], "texture": "#0"},
				"up": {"uv": [8.5, 7, 9, 6.5], "texture": "#0"},
				"down": {"uv": [7, 8.5, 7.5, 9], "texture": "#0"}
			}
		},
		{
			"from": [11.3, 9, 5.5],
			"to": [12.5, 9, 6.5],
			"rotation": {"angle": 22.5, "axis": "z", "origin": [13, 0, 0]},
			"faces": {
				"north": {"uv": [0.5, 0, 0, 0], "texture": "#0"},
				"east": {"uv": [0.5, 0, 0, 0], "texture": "#0"},
				"south": {"uv": [0.5, 0, 0, 0], "texture": "#0"},
				"west": {"uv": [0.5, 0, 0, 0], "texture": "#0"},
				"up": {"uv": [8.5, 7.5, 9, 7], "texture": "#0"},
				"down": {"uv": [7.5, 8.5, 8, 9], "texture": "#0"}
			}
		},
		{
			"from": [10.3, 5.8, 6.4],
			"to": [10.3, 7, 7.4],
			"rotation": {"angle": -22.5, "axis": "y", "origin": [13, 0, 0]},
			"faces": {
				"north": {"uv": [0, 0, 0, 0.5], "texture": "#0"},
				"east": {"uv": [8.5, 8.5, 8, 9], "texture": "#0"},
				"south": {"uv": [0, 0, 0, 0.5], "texture": "#0"},
				"west": {"uv": [9, 7.5, 8.5, 8], "texture": "#0"},
				"up": {"uv": [0, 0.5, 0, 0], "texture": "#0"},
				"down": {"uv": [0, 0, 0, 0.5], "texture": "#0"}
			}
		},
		{
			"from": [10, 5.6, 6.7],
			"to": [10, 6.8, 7.7],
			"rotation": {"angle": -22.5, "axis": "y", "origin": [13, 0, 0]},
			"faces": {
				"north": {"uv": [0, 0, 0, 0.5], "texture": "#0"},
				"east": {"uv": [9, 8.5, 8.5, 9], "texture": "#0"},
				"south": {"uv": [0, 0, 0, 0.5], "texture": "#0"},
				"west": {"uv": [9, 8, 8.5, 8.5], "texture": "#0"},
				"up": {"uv": [0, 0.5, 0, 0], "texture": "#0"},
				"down": {"uv": [0, 0, 0, 0.5], "texture": "#0"}
			}
		},
		{
			"from": [9.6, 5.3, 6.7],
			"to": [9.6, 6.5, 7.7],
			"rotation": {"angle": -22.5, "axis": "y", "origin": [13, 0, 0]},
			"faces": {
				"north": {"uv": [0, 0, 0, 0.5], "texture": "#0"},
				"east": {"uv": [9.5, 0, 9, 0.5], "texture": "#0"},
				"south": {"uv": [0, 0, 0, 0.5], "texture": "#0"},
				"west": {"uv": [0.5, 9, 0, 9.5], "texture": "#0"},
				"up": {"uv": [0, 0.5, 0, 0], "texture": "#0"},
				"down": {"uv": [0, 0, 0, 0.5], "texture": "#0"}
			}
		},
		{
			"from": [10.6, 6.1, 6.3],
			"to": [10.6, 7.3, 7.3],
			"rotation": {"angle": -22.5, "axis": "y", "origin": [13, 0, 0]},
			"faces": {
				"north": {"uv": [0, 0, 0, 0.5], "texture": "#0"},
				"east": {"uv": [9.5, 0.5, 9, 1], "texture": "#0"},
				"south": {"uv": [0, 0, 0, 0.5], "texture": "#0"},
				"west": {"uv": [1, 9, 0.5, 9.5], "texture": "#0"},
				"up": {"uv": [0, 0.5, 0, 0], "texture": "#0"},
				"down": {"uv": [0, 0, 0, 0.5], "texture": "#0"}
			}
		},
		{
			"from": [10.6, 6.1, 8.7],
			"to": [10.6, 7.3, 9.7],
			"rotation": {"angle": 22.5, "axis": "y", "origin": [13, 0, 16]},
			"faces": {
				"north": {"uv": [0, 0, 0, 0.5], "texture": "#0"},
				"east": {"uv": [9.5, 1, 9, 1.5], "texture": "#0"},
				"south": {"uv": [0, 0, 0, 0.5], "texture": "#0"},
				"west": {"uv": [1.5, 9, 1, 9.5], "texture": "#0"},
				"up": {"uv": [0, 0.5, 0, 0], "texture": "#0"},
				"down": {"uv": [0, 0, 0, 0.5], "texture": "#0"}
			}
		},
		{
			"from": [9.6, 5.3, 8.3],
			"to": [9.6, 6.5, 9.3],
			"rotation": {"angle": 22.5, "axis": "y", "origin": [13, 0, 16]},
			"faces": {
				"north": {"uv": [0, 0, 0, 0.5], "texture": "#0"},
				"east": {"uv": [9.5, 1.5, 9, 2], "texture": "#0"},
				"south": {"uv": [0, 0, 0, 0.5], "texture": "#0"},
				"west": {"uv": [2, 9, 1.5, 9.5], "texture": "#0"},
				"up": {"uv": [0, 0.5, 0, 0], "texture": "#0"},
				"down": {"uv": [0, 0, 0, 0.5], "texture": "#0"}
			}
		},
		{
			"from": [10, 5.6, 8.3],
			"to": [10, 6.8, 9.3],
			"rotation": {"angle": 22.5, "axis": "y", "origin": [13, 0, 16]},
			"faces": {
				"north": {"uv": [0, 0, 0, 0.5], "texture": "#0"},
				"east": {"uv": [9.5, 2, 9, 2.5], "texture": "#0"},
				"south": {"uv": [0, 0, 0, 0.5], "texture": "#0"},
				"west": {"uv": [2.5, 9, 2, 9.5], "texture": "#0"},
				"up": {"uv": [0, 0.5, 0, 0], "texture": "#0"},
				"down": {"uv": [0, 0, 0, 0.5], "texture": "#0"}
			}
		},
		{
			"from": [10.3, 5.8, 8.6],
			"to": [10.3, 7, 9.6],
			"rotation": {"angle": 22.5, "axis": "y", "origin": [13, 0, 16]},
			"faces": {
				"north": {"uv": [0, 0, 0, 0.5], "texture": "#0"},
				"east": {"uv": [9.5, 2.5, 9, 3], "texture": "#0"},
				"south": {"uv": [0, 0, 0, 0.5], "texture": "#0"},
				"west": {"uv": [3, 9, 2.5, 9.5], "texture": "#0"},
				"up": {"uv": [0, 0.5, 0, 0], "texture": "#0"},
				"down": {"uv": [0, 0, 0, 0.5], "texture": "#0"}
			}
		},
		{
			"from": [12, 7.6, 5.5],
			"to": [13.2, 7.6, 6.5],
			"rotation": {"angle": 22.5, "axis": "z", "origin": [13, 0, 0]},
			"faces": {
				"north": {"uv": [0.5, 0, 0, 0], "texture": "#0"},
				"east": {"uv": [0.5, 0, 0, 0], "texture": "#0"},
				"south": {"uv": [0.5, 0, 0, 0], "texture": "#0"},
				"west": {"uv": [0.5, 0, 0, 0], "texture": "#0"},
				"up": {"uv": [3, 9.5, 3.5, 9], "texture": "#0"},
				"down": {"uv": [9, 3, 9.5, 3.5], "texture": "#0"}
			}
		},
		{
			"from": [12.3, 6.6, 5.5],
			"to": [13.5, 6.6, 6.5],
			"rotation": {"angle": 22.5, "axis": "z", "origin": [13, 0, 0]},
			"faces": {
				"north": {"uv": [0.5, 0, 0, 0], "texture": "#0"},
				"east": {"uv": [0.5, 0, 0, 0], "texture": "#0"},
				"south": {"uv": [0.5, 0, 0, 0], "texture": "#0"},
				"west": {"uv": [0.5, 0, 0, 0], "texture": "#0"},
				"up": {"uv": [3.5, 9.5, 4, 9], "texture": "#0"},
				"down": {"uv": [9, 3.5, 9.5, 4], "texture": "#0"}
			}
		},
		{
			"from": [12.7, 5.7, 5.5],
			"to": [13.9, 5.7, 6.5],
			"rotation": {"angle": 22.5, "axis": "z", "origin": [13, 0, 0]},
			"faces": {
				"north": {"uv": [0.5, 0, 0, 0], "texture": "#0"},
				"east": {"uv": [0.5, 0, 0, 0], "texture": "#0"},
				"south": {"uv": [0.5, 0, 0, 0], "texture": "#0"},
				"west": {"uv": [0.5, 0, 0, 0], "texture": "#0"},
				"up": {"uv": [4, 9.5, 4.5, 9], "texture": "#0"},
				"down": {"uv": [9, 4, 9.5, 4.5], "texture": "#0"}
			}
		},
		{
			"from": [12.4, 6.2, 5.5],
			"to": [13.6, 6.2, 6.5],
			"rotation": {"angle": 22.5, "axis": "z", "origin": [13, 0, 0]},
			"faces": {
				"north": {"uv": [0.5, 0, 0, 0], "texture": "#0"},
				"east": {"uv": [0.5, 0, 0, 0], "texture": "#0"},
				"south": {"uv": [0.5, 0, 0, 0], "texture": "#0"},
				"west": {"uv": [0.5, 0, 0, 0], "texture": "#0"},
				"up": {"uv": [4.5, 9.5, 5, 9], "texture": "#0"},
				"down": {"uv": [9, 4.5, 9.5, 5], "texture": "#0"}
			}
		},
		{
			"from": [12, 7.1, 5.5],
			"to": [13.2, 7.1, 6.5],
			"rotation": {"angle": 22.5, "axis": "z", "origin": [13, 0, 0]},
			"faces": {
				"north": {"uv": [0.5, 0, 0, 0], "texture": "#0"},
				"east": {"uv": [0.5, 0, 0, 0], "texture": "#0"},
				"south": {"uv": [0.5, 0, 0, 0], "texture": "#0"},
				"west": {"uv": [0.5, 0, 0, 0], "texture": "#0"},
				"up": {"uv": [5, 9.5, 5.5, 9], "texture": "#0"},
				"down": {"uv": [9, 5, 9.5, 5.5], "texture": "#0"}
			}
		},
		{
			"from": [11.7, 8.1, 5.5],
			"to": [12.9, 8.1, 6.5],
			"rotation": {"angle": 22.5, "axis": "z", "origin": [13, 0, 0]},
			"faces": {
				"north": {"uv": [0.5, 0, 0, 0], "texture": "#0"},
				"east": {"uv": [0.5, 0, 0, 0], "texture": "#0"},
				"south": {"uv": [0.5, 0, 0, 0], "texture": "#0"},
				"west": {"uv": [0.5, 0, 0, 0], "texture": "#0"},
				"up": {"uv": [5.5, 9.5, 6, 9], "texture": "#0"},
				"down": {"uv": [9, 5.5, 9.5, 6], "texture": "#0"}
			}
		},
		{
			"from": [11.6, 8.5, 5.5],
			"to": [12.8, 8.5, 6.5],
			"rotation": {"angle": 22.5, "axis": "z", "origin": [13, 0, 0]},
			"faces": {
				"north": {"uv": [0.5, 0, 0, 0], "texture": "#0"},
				"east": {"uv": [0.5, 0, 0, 0], "texture": "#0"},
				"south": {"uv": [0.5, 0, 0, 0], "texture": "#0"},
				"west": {"uv": [0.5, 0, 0, 0], "texture": "#0"},
				"up": {"uv": [6, 9.5, 6.5, 9], "texture": "#0"},
				"down": {"uv": [9, 6, 9.5, 6.5], "texture": "#0"}
			}
		},
		{
			"from": [11.3, 9, 9.5],
			"to": [12.5, 9, 10.5],
			"rotation": {"angle": 22.5, "axis": "z", "origin": [13, 0, 0]},
			"faces": {
				"north": {"uv": [0.5, 0, 0, 0], "texture": "#0"},
				"east": {"uv": [0.5, 0, 0, 0], "texture": "#0"},
				"south": {"uv": [0.5, 0, 0, 0], "texture": "#0"},
				"west": {"uv": [0.5, 0, 0, 0], "texture": "#0"},
				"up": {"uv": [6.5, 9.5, 7, 9], "texture": "#0"},
				"down": {"uv": [9, 6.5, 9.5, 7], "texture": "#0"}
			}
		},
		{
			"from": [11, 9.7, 8.5],
			"to": [12.2, 9.7, 9.5],
			"rotation": {"angle": 22.5, "axis": "z", "origin": [13, 0, 0]},
			"faces": {
				"north": {"uv": [0.5, 0, 0, 0], "texture": "#0"},
				"east": {"uv": [0.5, 0, 0, 0], "texture": "#0"},
				"south": {"uv": [0.5, 0, 0, 0], "texture": "#0"},
				"west": {"uv": [0.5, 0, 0, 0], "texture": "#0"},
				"up": {"uv": [7, 9.5, 7.5, 9], "texture": "#0"},
				"down": {"uv": [9, 7, 9.5, 7.5], "texture": "#0"}
			}
		},
		{
			"from": [10.9, 9.9, 7.5],
			"to": [12.1, 9.9, 8.5],
			"rotation": {"angle": 22.5, "axis": "z", "origin": [13, 0, 0]},
			"faces": {
				"north": {"uv": [0.5, 0, 0, 0], "texture": "#0"},
				"east": {"uv": [0.5, 0, 0, 0], "texture": "#0"},
				"south": {"uv": [0.5, 0, 0, 0], "texture": "#0"},
				"west": {"uv": [0.5, 0, 0, 0], "texture": "#0"},
				"up": {"uv": [7.5, 9.5, 8, 9], "texture": "#0"},
				"down": {"uv": [9, 7.5, 9.5, 8], "texture": "#0"}
			}
		},
		{
			"from": [11, 9.7, 6.5],
			"to": [12.2, 9.7, 7.5],
			"rotation": {"angle": 22.5, "axis": "z", "origin": [13, 0, 0]},
			"faces": {
				"north": {"uv": [0.5, 0, 0, 0], "texture": "#0"},
				"east": {"uv": [0.5, 0, 0, 0], "texture": "#0"},
				"south": {"uv": [0.5, 0, 0, 0], "texture": "#0"},
				"west": {"uv": [0.5, 0, 0, 0], "texture": "#0"},
				"up": {"uv": [8, 9.5, 8.5, 9], "texture": "#0"},
				"down": {"uv": [9, 8, 9.5, 8.5], "texture": "#0"}
			}
		},
		{
			"from": [11.6, 8.5, 9.5],
			"to": [12.8, 8.5, 10.5],
			"rotation": {"angle": 22.5, "axis": "z", "origin": [13, 0, 0]},
			"faces": {
				"north": {"uv": [0.5, 0, 0, 0], "texture": "#0"},
				"east": {"uv": [0.5, 0, 0, 0], "texture": "#0"},
				"south": {"uv": [0.5, 0, 0, 0], "texture": "#0"},
				"west": {"uv": [0.5, 0, 0, 0], "texture": "#0"},
				"up": {"uv": [8.5, 9.5, 9, 9], "texture": "#0"},
				"down": {"uv": [9, 8.5, 9.5, 9], "texture": "#0"}
			}
		},
		{
			"from": [11.7, 8.1, 9.5],
			"to": [12.9, 8.1, 10.5],
			"rotation": {"angle": 22.5, "axis": "z", "origin": [13, 0, 0]},
			"faces": {
				"north": {"uv": [0.5, 0, 0, 0], "texture": "#0"},
				"east": {"uv": [0.5, 0, 0, 0], "texture": "#0"},
				"south": {"uv": [0.5, 0, 0, 0], "texture": "#0"},
				"west": {"uv": [0.5, 0, 0, 0], "texture": "#0"},
				"up": {"uv": [9, 9.5, 9.5, 9], "texture": "#0"},
				"down": {"uv": [0, 9.5, 0.5, 10], "texture": "#0"}
			}
		},
		{
			"from": [12, 7.6, 9.5],
			"to": [13.2, 7.6, 10.5],
			"rotation": {"angle": 22.5, "axis": "z", "origin": [13, 0, 0]},
			"faces": {
				"north": {"uv": [0.5, 0, 0, 0], "texture": "#0"},
				"east": {"uv": [0.5, 0, 0, 0], "texture": "#0"},
				"south": {"uv": [0.5, 0, 0, 0], "texture": "#0"},
				"west": {"uv": [0.5, 0, 0, 0], "texture": "#0"},
				"up": {"uv": [9.5, 0.5, 10, 0], "texture": "#0"},
				"down": {"uv": [0.5, 9.5, 1, 10], "texture": "#0"}
			}
		},
		{
			"from": [12, 7.1, 9.5],
			"to": [13.2, 7.1, 10.5],
			"rotation": {"angle": 22.5, "axis": "z", "origin": [13, 0, 0]},
			"faces": {
				"north": {"uv": [0.5, 0, 0, 0], "texture": "#0"},
				"east": {"uv": [0.5, 0, 0, 0], "texture": "#0"},
				"south": {"uv": [0.5, 0, 0, 0], "texture": "#0"},
				"west": {"uv": [0.5, 0, 0, 0], "texture": "#0"},
				"up": {"uv": [9.5, 1, 10, 0.5], "texture": "#0"},
				"down": {"uv": [1, 9.5, 1.5, 10], "texture": "#0"}
			}
		},
		{
			"from": [12.3, 6.6, 9.5],
			"to": [13.5, 6.6, 10.5],
			"rotation": {"angle": 22.5, "axis": "z", "origin": [13, 0, 0]},
			"faces": {
				"north": {"uv": [0.5, 0, 0, 0], "texture": "#0"},
				"east": {"uv": [0.5, 0, 0, 0], "texture": "#0"},
				"south": {"uv": [0.5, 0, 0, 0], "texture": "#0"},
				"west": {"uv": [0.5, 0, 0, 0], "texture": "#0"},
				"up": {"uv": [9.5, 1.5, 10, 1], "texture": "#0"},
				"down": {"uv": [1.5, 9.5, 2, 10], "texture": "#0"}
			}
		},
		{
			"from": [12.4, 6.2, 9.5],
			"to": [13.6, 6.2, 10.5],
			"rotation": {"angle": 22.5, "axis": "z", "origin": [13, 0, 0]},
			"faces": {
				"north": {"uv": [0.5, 0, 0, 0], "texture": "#0"},
				"east": {"uv": [0.5, 0, 0, 0], "texture": "#0"},
				"south": {"uv": [0.5, 0, 0, 0], "texture": "#0"},
				"west": {"uv": [0.5, 0, 0, 0], "texture": "#0"},
				"up": {"uv": [9.5, 2, 10, 1.5], "texture": "#0"},
				"down": {"uv": [2, 9.5, 2.5, 10], "texture": "#0"}
			}
		},
		{
			"from": [12.7, 5.7, 9.5],
			"to": [13.9, 5.7, 10.5],
			"rotation": {"angle": 22.5, "axis": "z", "origin": [13, 0, 0]},
			"faces": {
				"north": {"uv": [0.5, 0, 0, 0], "texture": "#0"},
				"east": {"uv": [0.5, 0, 0, 0], "texture": "#0"},
				"south": {"uv": [0.5, 0, 0, 0], "texture": "#0"},
				"west": {"uv": [0.5, 0, 0, 0], "texture": "#0"},
				"up": {"uv": [9.5, 2.5, 10, 2], "texture": "#0"},
				"down": {"uv": [2.5, 9.5, 3, 10], "texture": "#0"}
			}
		},
		{
			"from": [7, -2, 5.5],
			"to": [8, -2, 6.5],
			"rotation": {"angle": -45, "axis": "z", "origin": [13, 0, 0]},
			"faces": {
				"north": {"uv": [0.5, 0, 0, 0], "texture": "#0"},
				"east": {"uv": [0.5, 0, 0, 0], "texture": "#0"},
				"south": {"uv": [0.5, 0, 0, 0], "texture": "#0"},
				"west": {"uv": [0.5, 0, 0, 0], "texture": "#0"},
				"up": {"uv": [9.5, 3, 10, 2.5], "texture": "#0"},
				"down": {"uv": [3, 9.5, 3.5, 10], "texture": "#0"}
			}
		},
		{
			"from": [8, -2, 5.5],
			"to": [9, -1, 6.5],
			"rotation": {"angle": -45, "axis": "z", "origin": [13, 0, 0]},
			"faces": {
				"north": {"uv": [10, 3, 9.5, 3.5], "texture": "#0"},
				"east": {"uv": [4.5, 9.5, 4, 10], "texture": "#0"},
				"south": {"uv": [10, 3.5, 9.5, 4], "texture": "#0"},
				"west": {"uv": [4, 9.5, 3.5, 10], "texture": "#0"},
				"up": {"uv": [9.5, 4.5, 10, 4], "texture": "#0"},
				"down": {"uv": [4.5, 9.5, 5, 10], "texture": "#0"}
			}
		},
		{
			"from": [7, -2, 9.5],
			"to": [8, -2, 10.5],
			"rotation": {"angle": -45, "axis": "z", "origin": [13, 0, 0]},
			"faces": {
				"north": {"uv": [0.5, 0, 0, 0], "texture": "#0"},
				"east": {"uv": [0.5, 0, 0, 0], "texture": "#0"},
				"south": {"uv": [0.5, 0, 0, 0], "texture": "#0"},
				"west": {"uv": [0.5, 0, 0, 0], "texture": "#0"},
				"up": {"uv": [9.5, 5, 10, 4.5], "texture": "#0"},
				"down": {"uv": [5, 9.5, 5.5, 10], "texture": "#0"}
			}
		},
		{
			"from": [8, -2, 9.5],
			"to": [9, -1, 10.5],
			"rotation": {"angle": -45, "axis": "z", "origin": [13, 0, 0]},
			"faces": {
				"north": {"uv": [10, 5, 9.5, 5.5], "texture": "#0"},
				"east": {"uv": [6.5, 9.5, 6, 10], "texture": "#0"},
				"south": {"uv": [10, 5.5, 9.5, 6], "texture": "#0"},
				"west": {"uv": [6, 9.5, 5.5, 10], "texture": "#0"},
				"up": {"uv": [9.5, 6.5, 10, 6], "texture": "#0"},
				"down": {"uv": [6.5, 9.5, 7, 10], "texture": "#0"}
			}
		},
		{
			"from": [4, -2, 9.5],
			"to": [5, -1, 10.5],
			"rotation": {"angle": -45, "axis": "z", "origin": [13, 0, 0]},
			"faces": {
				"north": {"uv": [10, 6.5, 9.5, 7], "texture": "#0"},
				"east": {"uv": [8, 9.5, 7.5, 10], "texture": "#0"},
				"south": {"uv": [10, 7, 9.5, 7.5], "texture": "#0"},
				"west": {"uv": [7.5, 9.5, 7, 10], "texture": "#0"},
				"up": {"uv": [9.5, 8, 10, 7.5], "texture": "#0"},
				"down": {"uv": [8, 9.5, 8.5, 10], "texture": "#0"}
			}
		},
		{
			"from": [3, -2, 9.5],
			"to": [4, -2, 10.5],
			"rotation": {"angle": -45, "axis": "z", "origin": [13, 0, 0]},
			"faces": {
				"north": {"uv": [0.5, 0, 0, 0], "texture": "#0"},
				"east": {"uv": [0.5, 0, 0, 0], "texture": "#0"},
				"south": {"uv": [0.5, 0, 0, 0], "texture": "#0"},
				"west": {"uv": [0.5, 0, 0, 0], "texture": "#0"},
				"up": {"uv": [9.5, 8.5, 10, 8], "texture": "#0"},
				"down": {"uv": [8.5, 9.5, 9, 10], "texture": "#0"}
			}
		}
	],
	"gui_light": "front",
	"display": {
		"thirdperson_righthand": {
			"rotation": [-130, -90, -90],
			"translation": [0, 1.75, -1.75]
		},
		"thirdperson_lefthand": {
			"rotation": [-130, 90, 90],
			"translation": [0, 1.75, -3.75]
		},
		"firstperson_righthand": {
			"rotation": [-45, -90, 0],
			"translation": [0.75, 5, -2]
		},
		"firstperson_lefthand": {
			"rotation": [-45, 90, 0],
			"translation": [1.75, 3.5, -1]
		},
		"ground": {
			"rotation": [0, 43, 45],
			"translation": [-3.75, 2.75, 0.75]
		},
		"gui": {
			"rotation": [30, 65, 40],
			"translation": [-2.25, 0.75, 0],
			"scale": [2, 2, 2]
		},
		"head": {
			"rotation": [-45, 90, 0],
			"translation": [0, 8.75, -5.25]
		},
		"fixed": {
			"rotation": [-135, -90, 0],
			"translation": [0, -8, -12.5],
			"scale": [3, 3, 3]
		}
	}
}