{
	"credit": "Made with Blockbench",
	"texture_size": [32, 32],
	"textures": {
		"1": "item/custom/kyle_bow",
		"2": "item/custom/arrow",
		"particle": "item/custom/kyle_bow"
	},
	"elements": [
		{
			"from": [3.26174, 1.27351, 7.495],
			"to": [4.76174, 7.27351, 8.505],
			"rotation": {"angle": 22.5, "axis": "z", "origin": [6.68437, 7.75, 7.995]},
			"faces": {
				"north": {"uv": [2, 0, 2.75, 3], "texture": "#1"},
				"east": {"uv": [4, 5, 4.5, 8], "texture": "#1"},
				"south": {"uv": [3, 0, 3.75, 3], "texture": "#1"},
				"west": {"uv": [4.5, 5, 5, 8], "texture": "#1"},
				"up": {"uv": [9.25, 7, 8.5, 6.5], "texture": "#1"},
				"down": {"uv": [9.25, 7, 8.5, 7.5], "texture": "#1"}
			}
		},
		{
			"from": [8.60947, -2.34137, 7.5],
			"to": [10.00947, 2.15863, 8.5],
			"rotation": {"angle": 45, "axis": "z", "origin": [9.35947, -1.84137, 8]},
			"faces": {
				"north": {"uv": [4, 0, 4.75, 2.25], "texture": "#1"},
				"east": {"uv": [6.5, 2.5, 7, 4.75], "texture": "#1"},
				"south": {"uv": [4, 2.5, 4.75, 4.75], "texture": "#1"},
				"west": {"uv": [6.5, 5, 7, 7.25], "texture": "#1"},
				"up": {"uv": [5.25, 9.5, 4.5, 9], "texture": "#1"},
				"down": {"uv": [9.75, 5, 9, 5.5], "texture": "#1"}
			}
		},
		{
			"from": [7.49078, 8.81921, 7.495],
			"to": [8.99078, 14.81921, 8.505],
			"rotation": {"angle": -22.5, "axis": "z", "origin": [8.56582, 18.92677, 7.9975]},
			"faces": {
				"north": {"uv": [2, 3, 2.75, 6], "texture": "#1"},
				"east": {"uv": [5, 5, 5.5, 8], "texture": "#1"},
				"south": {"uv": [3, 3, 3.75, 6], "texture": "#1"},
				"west": {"uv": [5.5, 5, 6, 8], "texture": "#1"},
				"up": {"uv": [10.25, 6.5, 9.5, 6], "texture": "#1"},
				"down": {"uv": [7.25, 9.5, 6.5, 10], "texture": "#1"}
			}
		},
		{
			"from": [4.35952, 16.94808, 7.5],
			"to": [8.85952, 18.34808, 8.5],
			"rotation": {"angle": 45, "axis": "z", "origin": [8.56582, 18.92677, 7.9975]},
			"faces": {
				"north": {"uv": [5, 0, 5.75, 2.25], "rotation": 270, "texture": "#1"},
				"east": {"uv": [10.25, 5, 9.5, 4.5], "rotation": 90, "texture": "#1"},
				"south": {"uv": [5, 2.5, 5.75, 4.75], "rotation": 90, "texture": "#1"},
				"west": {"uv": [6.25, 9.5, 5.5, 10], "rotation": 90, "texture": "#1"},
				"up": {"uv": [7, 2.5, 7.5, 4.75], "rotation": 90, "texture": "#1"},
				"down": {"uv": [7, 0, 7.5, 2.25], "rotation": 90, "texture": "#1"}
			}
		},
		{
			"from": [8.36933, 19.38012, 7.505],
			"to": [13.36933, 20.38012, 8.495],
			"rotation": {"angle": 22.5, "axis": "z", "origin": [12.93581, 21.59721, 8.0025]},
			"faces": {
				"north": {"uv": [3, 6, 3.5, 8.5], "rotation": 270, "texture": "#1"},
				"east": {"uv": [11, 4.5, 10.5, 4], "rotation": 90, "texture": "#1"},
				"south": {"uv": [6, 5, 6.5, 7.5], "rotation": 90, "texture": "#1"},
				"west": {"uv": [5, 10.5, 4.5, 11], "rotation": 90, "texture": "#1"},
				"up": {"uv": [6.5, 0, 7, 2.5], "rotation": 90, "texture": "#1"},
				"down": {"uv": [3.5, 6, 4, 8.5], "rotation": 90, "texture": "#1"}
			}
		},
		{
			"from": [10.83215, 15.94719, 7.51],
			"to": [11.33215, 16.94719, 8.49],
			"rotation": {"angle": -45, "axis": "z", "origin": [12.91084, 18.24089, 8.0075]},
			"faces": {
				"north": {"uv": [11, 1.5, 11.25, 2], "rotation": 180, "texture": "#1"},
				"east": {"uv": [4.5, 8.5, 5, 9], "rotation": 180, "texture": "#1"},
				"south": {"uv": [2.75, 9.75, 3, 10.25], "rotation": 180, "texture": "#1"},
				"west": {"uv": [10.5, 3.5, 11, 4], "rotation": 180, "texture": "#1"},
				"up": {"uv": [3.25, 11, 3, 11.5], "rotation": 180, "texture": "#1"},
				"down": {"uv": [11.25, 3, 11, 2.5], "rotation": 180, "texture": "#1"}
			}
		},
		{
			"from": [14.15002, 21.14929, 7.495],
			"to": [15.15002, 23.14929, 8.505],
			"rotation": {"angle": -45, "axis": "z", "origin": [12.93581, 21.59721, 7.9975]},
			"faces": {
				"north": {"uv": [8.5, 3, 9, 4], "texture": "#1"},
				"east": {"uv": [3.5, 8.5, 4, 9.5], "texture": "#1"},
				"south": {"uv": [8.5, 4, 9, 5], "texture": "#1"},
				"west": {"uv": [8.5, 5, 9, 6], "texture": "#1"},
				"up": {"uv": [3.5, 11, 3, 10.5], "texture": "#1"},
				"down": {"uv": [11, 3, 10.5, 3.5], "texture": "#1"}
			}
		},
		{
			"from": [14.59897, 21.12901, 7.5],
			"to": [15.59897, 23.12901, 8.5],
			"rotation": {"angle": 0, "axis": "z", "origin": [12.93581, 21.59721, 7.9975]},
			"faces": {
				"north": {"uv": [2, 8.5, 2.5, 9.5], "texture": "#1"},
				"east": {"uv": [8.5, 2, 9, 3], "texture": "#1"},
				"south": {"uv": [2.5, 8.5, 3, 9.5], "texture": "#1"},
				"west": {"uv": [3, 8.5, 3.5, 9.5], "texture": "#1"},
				"up": {"uv": [3, 11, 2.5, 10.5], "texture": "#1"},
				"down": {"uv": [11, 2.5, 10.5, 3], "texture": "#1"}
			}
		},
		{
			"from": [12.23581, 23.7635, 7.5],
			"to": [13.73581, 24.5635, 8.49],
			"rotation": {"angle": -45, "axis": "z", "origin": [12.93581, 21.59721, 7.9975]},
			"faces": {
				"north": {"uv": [9.5, 3, 10.25, 3.5], "texture": "#1"},
				"east": {"uv": [2, 10.5, 2.5, 11], "texture": "#1"},
				"south": {"uv": [9.5, 3.5, 10.25, 4], "texture": "#1"},
				"west": {"uv": [10.5, 2, 11, 2.5], "texture": "#1"},
				"up": {"uv": [10.25, 4.5, 9.5, 4], "texture": "#1"},
				"down": {"uv": [5.25, 9.5, 4.5, 10], "texture": "#1"}
			}
		},
		{
			"from": [12.53832, 23.18967, 7.5],
			"to": [14.53832, 24.18967, 8.5],
			"rotation": {"angle": 0, "axis": "z", "origin": [12.93581, 21.59721, 7.9975]},
			"faces": {
				"north": {"uv": [7.5, 8, 8, 9], "rotation": 270, "texture": "#1"},
				"east": {"uv": [11, 1.5, 10.5, 1], "rotation": 90, "texture": "#1"},
				"south": {"uv": [8.5, 0, 9, 1], "rotation": 90, "texture": "#1"},
				"west": {"uv": [11, 1.5, 10.5, 2], "rotation": 90, "texture": "#1"},
				"up": {"uv": [8.5, 1, 9, 2], "rotation": 90, "texture": "#1"},
				"down": {"uv": [8, 8, 8.5, 9], "rotation": 90, "texture": "#1"}
			}
		},
		{
			"from": [10.82159, 21.64929, 7.505],
			"to": [11.62159, 23.14929, 8.495],
			"rotation": {"angle": -45, "axis": "z", "origin": [12.93581, 21.59721, 7.9975]},
			"faces": {
				"north": {"uv": [2, 9.5, 2.5, 10.25], "texture": "#1"},
				"east": {"uv": [9.5, 2, 10, 2.75], "texture": "#1"},
				"south": {"uv": [2.5, 9.5, 3, 10.25], "texture": "#1"},
				"west": {"uv": [3, 9.5, 3.5, 10.25], "texture": "#1"},
				"up": {"uv": [11, 0.5, 10.5, 0], "texture": "#1"},
				"down": {"uv": [11, 0.5, 10.5, 1], "texture": "#1"}
			}
		},
		{
			"from": [11.47766, 21.12901, 7.5],
			"to": [12.47766, 23.12901, 8.5],
			"rotation": {"angle": 0, "axis": "z", "origin": [12.93581, 21.59721, 7.9975]},
			"faces": {
				"north": {"uv": [5.5, 8, 6, 9], "texture": "#1"},
				"east": {"uv": [8, 6, 8.5, 7], "texture": "#1"},
				"south": {"uv": [7, 8, 7.5, 9], "texture": "#1"},
				"west": {"uv": [8, 7, 8.5, 8], "texture": "#1"},
				"up": {"uv": [10.5, 10, 10, 9.5], "texture": "#1"},
				"down": {"uv": [10.5, 10, 10, 10.5], "texture": "#1"}
			}
		},
		{
			"from": [12.47766, 21.12901, 7.5],
			"to": [12.97766, 22.12901, 8.5],
			"rotation": {"angle": 0, "axis": "z", "origin": [12.93581, 21.59721, 7.9975]},
			"faces": {
				"north": {"uv": [11, 0.5, 11.25, 1], "texture": "#1"},
				"east": {"uv": [10, 9, 10.5, 9.5], "texture": "#1"},
				"south": {"uv": [11, 1, 11.25, 1.5], "texture": "#1"},
				"west": {"uv": [9.5, 10, 10, 10.5], "texture": "#1"},
				"up": {"uv": [11.25, 2, 11, 1.5], "texture": "#1"},
				"down": {"uv": [2.25, 11, 2, 11.5], "texture": "#1"}
			}
		},
		{
			"from": [8.36933, -4.38012, 7.505],
			"to": [13.36933, -3.38012, 8.495],
			"rotation": {"angle": -22.5, "axis": "z", "origin": [12.93581, -5.59721, 8.0025]},
			"faces": {
				"north": {"uv": [3.5, 6, 3, 8.5], "rotation": 270, "texture": "#1"},
				"east": {"uv": [10.5, 4.5, 11, 4], "rotation": 90, "texture": "#1"},
				"south": {"uv": [6.5, 5, 6, 7.5], "rotation": 90, "texture": "#1"},
				"west": {"uv": [4.5, 10.5, 5, 11], "rotation": 90, "texture": "#1"},
				"up": {"uv": [4, 6, 3.5, 8.5], "rotation": 90, "texture": "#1"},
				"down": {"uv": [7, 0, 6.5, 2.5], "rotation": 90, "texture": "#1"}
			}
		},
		{
			"from": [10.83215, -0.94719, 7.51],
			"to": [11.33215, 0.05281, 8.49],
			"rotation": {"angle": 45, "axis": "z", "origin": [12.91084, -2.24089, 8.0075]},
			"faces": {
				"north": {"uv": [11, 2, 11.25, 1.5], "rotation": 180, "texture": "#1"},
				"east": {"uv": [4.5, 9, 5, 8.5], "rotation": 180, "texture": "#1"},
				"south": {"uv": [2.75, 10.25, 3, 9.75], "rotation": 180, "texture": "#1"},
				"west": {"uv": [10.5, 4, 11, 3.5], "rotation": 180, "texture": "#1"},
				"up": {"uv": [11.25, 2.5, 11, 3], "rotation": 180, "texture": "#1"},
				"down": {"uv": [3.25, 11.5, 3, 11], "rotation": 180, "texture": "#1"}
			}
		},
		{
			"from": [14.15002, -7.14929, 7.495],
			"to": [15.15002, -5.14929, 8.505],
			"rotation": {"angle": 45, "axis": "z", "origin": [12.93581, -5.59721, 7.9975]},
			"faces": {
				"north": {"uv": [8.5, 4, 9, 3], "texture": "#1"},
				"east": {"uv": [3.5, 9.5, 4, 8.5], "texture": "#1"},
				"south": {"uv": [8.5, 5, 9, 4], "texture": "#1"},
				"west": {"uv": [8.5, 6, 9, 5], "texture": "#1"},
				"up": {"uv": [11, 3.5, 10.5, 3], "texture": "#1"},
				"down": {"uv": [3.5, 10.5, 3, 11], "texture": "#1"}
			}
		},
		{
			"from": [14.59897, -7.12901, 7.5],
			"to": [15.59897, -5.12901, 8.5],
			"rotation": {"angle": 0, "axis": "z", "origin": [12.93581, -5.59721, 7.9975]},
			"faces": {
				"north": {"uv": [2, 9.5, 2.5, 8.5], "texture": "#1"},
				"east": {"uv": [8.5, 3, 9, 2], "texture": "#1"},
				"south": {"uv": [2.5, 9.5, 3, 8.5], "texture": "#1"},
				"west": {"uv": [3, 9.5, 3.5, 8.5], "texture": "#1"},
				"up": {"uv": [11, 3, 10.5, 2.5], "texture": "#1"},
				"down": {"uv": [3, 10.5, 2.5, 11], "texture": "#1"}
			}
		},
		{
			"from": [12.23581, -8.5635, 7.5],
			"to": [13.73581, -7.7635, 8.49],
			"rotation": {"angle": 45, "axis": "z", "origin": [12.93581, -5.59721, 7.9975]},
			"faces": {
				"north": {"uv": [9.5, 3.5, 10.25, 3], "texture": "#1"},
				"east": {"uv": [2, 11, 2.5, 10.5], "texture": "#1"},
				"south": {"uv": [9.5, 4, 10.25, 3.5], "texture": "#1"},
				"west": {"uv": [10.5, 2.5, 11, 2], "texture": "#1"},
				"up": {"uv": [5.25, 10, 4.5, 9.5], "texture": "#1"},
				"down": {"uv": [10.25, 4, 9.5, 4.5], "texture": "#1"}
			}
		},
		{
			"from": [12.53832, -8.18967, 7.5],
			"to": [14.53832, -7.18967, 8.5],
			"rotation": {"angle": 0, "axis": "z", "origin": [12.93581, -5.59721, 7.9975]},
			"faces": {
				"north": {"uv": [8, 8, 7.5, 9], "rotation": 270, "texture": "#1"},
				"east": {"uv": [10.5, 1.5, 11, 1], "rotation": 90, "texture": "#1"},
				"south": {"uv": [9, 0, 8.5, 1], "rotation": 90, "texture": "#1"},
				"west": {"uv": [10.5, 1.5, 11, 2], "rotation": 90, "texture": "#1"},
				"up": {"uv": [8.5, 8, 8, 9], "rotation": 90, "texture": "#1"},
				"down": {"uv": [9, 1, 8.5, 2], "rotation": 90, "texture": "#1"}
			}
		},
		{
			"from": [10.82159, -7.14929, 7.505],
			"to": [11.62159, -5.64929, 8.495],
			"rotation": {"angle": 45, "axis": "z", "origin": [12.93581, -5.59721, 7.9975]},
			"faces": {
				"north": {"uv": [2, 10.25, 2.5, 9.5], "texture": "#1"},
				"east": {"uv": [9.5, 2.75, 10, 2], "texture": "#1"},
				"south": {"uv": [2.5, 10.25, 3, 9.5], "texture": "#1"},
				"west": {"uv": [3, 10.25, 3.5, 9.5], "texture": "#1"},
				"up": {"uv": [11, 1, 10.5, 0.5], "texture": "#1"},
				"down": {"uv": [11, 0, 10.5, 0.5], "texture": "#1"}
			}
		},
		{
			"from": [11.47766, -7.12901, 7.5],
			"to": [12.47766, -5.12901, 8.5],
			"rotation": {"angle": 0, "axis": "z", "origin": [12.93581, -5.59721, 7.9975]},
			"faces": {
				"north": {"uv": [5.5, 9, 6, 8], "texture": "#1"},
				"east": {"uv": [8, 7, 8.5, 6], "texture": "#1"},
				"south": {"uv": [7, 9, 7.5, 8], "texture": "#1"},
				"west": {"uv": [8, 8, 8.5, 7], "texture": "#1"},
				"up": {"uv": [10.5, 10.5, 10, 10], "texture": "#1"},
				"down": {"uv": [10.5, 9.5, 10, 10], "texture": "#1"}
			}
		},
		{
			"from": [12.47766, -6.12901, 7.5],
			"to": [12.97766, -5.12901, 8.5],
			"rotation": {"angle": 0, "axis": "z", "origin": [12.93581, -5.59721, 7.9975]},
			"faces": {
				"north": {"uv": [11, 1, 11.25, 0.5], "texture": "#1"},
				"east": {"uv": [10, 9.5, 10.5, 9], "texture": "#1"},
				"south": {"uv": [11, 1.5, 11.25, 1], "texture": "#1"},
				"west": {"uv": [9.5, 10.5, 10, 10], "texture": "#1"},
				"up": {"uv": [2.25, 11.5, 2, 11], "texture": "#1"},
				"down": {"uv": [11.25, 1.5, 11, 2], "texture": "#1"}
			}
		},
		{
			"from": [3.26174, 8.77351, 7.495],
			"to": [3.76174, 11.27351, 8.505],
			"rotation": {"angle": 22.5, "axis": "z", "origin": [6.68437, 11.75, 8.005]},
			"faces": {
				"north": {"uv": [3.5, 9.5, 3.75, 10.75], "texture": "#1"},
				"east": {"uv": [7, 5, 7.5, 6.25], "texture": "#1"},
				"south": {"uv": [7.5, 9.5, 7.75, 10.75], "texture": "#1"},
				"west": {"uv": [7, 6.5, 7.5, 7.75], "texture": "#1"},
				"up": {"uv": [10.75, 8, 10.5, 7.5], "texture": "#1"},
				"down": {"uv": [10.75, 8, 10.5, 8.5], "texture": "#1"}
			}
		},
		{
			"from": [3.26174, 4.72649, 7.495],
			"to": [3.76174, 7.22649, 8.505],
			"rotation": {"angle": -22.5, "axis": "z", "origin": [6.68437, 4.25, 8.005]},
			"faces": {
				"north": {"uv": [9.5, 7.5, 9.75, 8.75], "texture": "#1"},
				"east": {"uv": [7.5, 0, 8, 1.25], "texture": "#1"},
				"south": {"uv": [8, 9.5, 8.25, 10.75], "texture": "#1"},
				"west": {"uv": [7.5, 1.5, 8, 2.75], "texture": "#1"},
				"up": {"uv": [8.75, 11, 8.5, 10.5], "texture": "#1"},
				"down": {"uv": [10.75, 8.5, 10.5, 9], "texture": "#1"}
			}
		},
		{
			"from": [5.05067, 5.57819, 7.49],
			"to": [6.55067, 6.07819, 8.51],
			"rotation": {"angle": 22.5, "axis": "z", "origin": [4.57418, 2.65556, 8]},
			"faces": {
				"north": {"uv": [10.5, 5, 11.25, 5.25], "texture": "#1"},
				"east": {"uv": [11, 3, 11.5, 3.25], "texture": "#1"},
				"south": {"uv": [10.5, 5.5, 11.25, 5.75], "texture": "#1"},
				"west": {"uv": [3.5, 11, 4, 11.25], "texture": "#1"},
				"up": {"uv": [10.25, 7, 9.5, 6.5], "texture": "#1"},
				"down": {"uv": [10.25, 7, 9.5, 7.5], "texture": "#1"}
			}
		},
		{
			"from": [5.05067, 9.92181, 7.49],
			"to": [6.55067, 10.42181, 8.51],
			"rotation": {"angle": -22.5, "axis": "z", "origin": [4.57418, 13.34444, 8]},
			"faces": {
				"north": {"uv": [10.5, 4.5, 11.25, 4.75], "texture": "#1"},
				"east": {"uv": [6, 10.5, 6.5, 10.75], "texture": "#1"},
				"south": {"uv": [5, 10.5, 5.75, 10.75], "texture": "#1"},
				"west": {"uv": [10.5, 6, 11, 6.25], "texture": "#1"},
				"up": {"uv": [6.75, 9, 6, 8.5], "texture": "#1"},
				"down": {"uv": [9.25, 6, 8.5, 6.5], "texture": "#1"}
			}
		},
		{
			"from": [4.78178, 7.4, 7.485],
			"to": [5.28178, 8.6, 8.515],
			"rotation": {"angle": 0, "axis": "z", "origin": [7.10441, 14.47649, 8]},
			"faces": {
				"north": {"uv": [6.5, 10.5, 6.75, 11], "texture": "#1"},
				"east": {"uv": [8.5, 9.5, 9, 10], "texture": "#1"},
				"south": {"uv": [10.5, 6.5, 10.75, 7], "texture": "#1"},
				"west": {"uv": [9, 9.5, 9.5, 10], "texture": "#1"},
				"up": {"uv": [7.25, 11, 7, 10.5], "texture": "#1"},
				"down": {"uv": [10.75, 7, 10.5, 7.5], "texture": "#1"}
			}
		},
		{
			"from": [15.14429, 2, 7.75],
			"to": [15.64429, 14, 8.25],
			"rotation": {"angle": 0, "axis": "z", "origin": [4.46692, 14.47649, 8.255]},
			"faces": {
				"north": {"uv": [0, 0, 0.25, 14], "texture": "#1"},
				"east": {"uv": [0.5, 0, 0.75, 14], "texture": "#1"},
				"south": {"uv": [1, 0, 1.25, 14], "texture": "#1"},
				"west": {"uv": [1.5, 0, 1.75, 14], "texture": "#1"},
				"up": {"uv": [11.25, 3.75, 11, 3.5], "texture": "#1"},
				"down": {"uv": [4.25, 11, 4, 11.25], "texture": "#1"}
			}
		},
		{
			"from": [9.68984, 8.46841, 7.75],
			"to": [10.18984, 12.46841, 8.25],
			"rotation": {"angle": 22.5, "axis": "z", "origin": [-0.98753, 24.9449, 8.255]},
			"faces": {
				"north": {"uv": [0, 0, 0.25, 14], "texture": "#1"},
				"east": {"uv": [0.5, 0, 0.75, 14], "texture": "#1"},
				"south": {"uv": [1, 0, 1.25, 14], "texture": "#1"},
				"west": {"uv": [1.5, 0, 1.75, 14], "texture": "#1"},
				"up": {"uv": [11.25, 3.75, 11, 3.5], "texture": "#1"},
				"down": {"uv": [4.25, 11, 4, 11.25], "texture": "#1"}
			}
		},
		{
			"from": [12.27257, 16.93296, 7.75],
			"to": [12.77257, 19.93296, 8.25],
			"rotation": {"angle": 45, "axis": "z", "origin": [12.52257, 18.93296, 8]},
			"faces": {
				"north": {"uv": [0, 0, 0.25, 14], "texture": "#1"},
				"east": {"uv": [0.5, 0, 0.75, 14], "texture": "#1"},
				"south": {"uv": [1, 0, 1.25, 14], "texture": "#1"},
				"west": {"uv": [1.5, 0, 1.75, 14], "texture": "#1"},
				"up": {"uv": [11.25, 3.75, 11, 3.5], "texture": "#1"},
				"down": {"uv": [4.25, 11, 4, 11.25], "texture": "#1"}
			}
		},
		{
			"from": [9.68984, 3.53159, 7.75],
			"to": [10.18984, 7.53159, 8.25],
			"rotation": {"angle": -22.5, "axis": "z", "origin": [-0.98753, -8.9449, 8.255]},
			"faces": {
				"north": {"uv": [0, 14, 0.25, 0], "texture": "#1"},
				"east": {"uv": [0.5, 14, 0.75, 0], "texture": "#1"},
				"south": {"uv": [1, 14, 1.25, 0], "texture": "#1"},
				"west": {"uv": [1.5, 14, 1.75, 0], "texture": "#1"},
				"up": {"uv": [4.25, 11.25, 4, 11], "texture": "#1"},
				"down": {"uv": [11.25, 3.5, 11, 3.75], "texture": "#1"}
			}
		},
		{
			"from": [12.27257, -2.93296, 7.75],
			"to": [12.77257, -0.93296, 8.25],
			"rotation": {"angle": -45, "axis": "z", "origin": [12.52257, -2.93296, 8]},
			"faces": {
				"north": {"uv": [0, 14, 0.25, 0], "texture": "#1"},
				"east": {"uv": [0.5, 14, 0.75, 0], "texture": "#1"},
				"south": {"uv": [1, 14, 1.25, 0], "texture": "#1"},
				"west": {"uv": [1.5, 14, 1.75, 0], "texture": "#1"},
				"up": {"uv": [4.25, 11.25, 4, 11], "texture": "#1"},
				"down": {"uv": [11.25, 3.5, 11, 3.75], "texture": "#1"}
			}
		},
		{
			"from": [4.30461, 6.11209, 7.485],
			"to": [5.28178, 7.4, 8.515],
			"rotation": {"angle": 0, "axis": "z", "origin": [7.12725, 14.47649, 8]},
			"faces": {
				"north": {"uv": [8.5, 7.5, 9, 8.25], "texture": "#1"},
				"east": {"uv": [8.5, 8.5, 9, 9.25], "texture": "#1"},
				"south": {"uv": [9, 0, 9.5, 0.75], "texture": "#1"},
				"west": {"uv": [9, 1, 9.5, 1.75], "texture": "#1"},
				"up": {"uv": [10, 9.5, 9.5, 9], "texture": "#1"},
				"down": {"uv": [10, 9.5, 9.5, 10], "texture": "#1"}
			}
		},
		{
			"from": [4.30461, 8.6, 7.485],
			"to": [5.28178, 9.88791, 8.515],
			"rotation": {"angle": 0, "axis": "z", "origin": [7.12725, 14.47649, 8]},
			"faces": {
				"north": {"uv": [9, 2, 9.5, 2.75], "texture": "#1"},
				"east": {"uv": [9, 3, 9.5, 3.75], "texture": "#1"},
				"south": {"uv": [4, 9, 4.5, 9.75], "texture": "#1"},
				"west": {"uv": [9, 4, 9.5, 4.75], "texture": "#1"},
				"up": {"uv": [10.5, 0.5, 10, 0], "texture": "#1"},
				"down": {"uv": [10.5, 0.5, 10, 1], "texture": "#1"}
			}
		},
		{
			"from": [-0.5, 8, 5.5],
			"to": [15.5, 8, 10.5],
			"rotation": {"angle": 0, "axis": "y", "origin": [8, 2, 8]},
			"faces": {
				"up": {"uv": [0, 0, 8, 2.5], "rotation": 180, "texture": "#2"},
				"down": {"uv": [0, 0, 8, 2.5], "rotation": 180, "texture": "#2"}
			}
		},
		{
			"from": [14.5, 5.5, 5.5],
			"to": [14.5, 10.5, 10.5],
			"rotation": {"angle": 0, "axis": "y", "origin": [8, 2, 8]},
			"faces": {
				"east": {"uv": [0, 2.5, 2.5, 5], "texture": "#2"},
				"west": {"uv": [0, 2.5, 2.5, 5], "texture": "#2"}
			}
		},
		{
			"from": [-0.5, 5.5, 8],
			"to": [15.5, 10.5, 8],
			"rotation": {"angle": 0, "axis": "y", "origin": [8, 2, 8]},
			"faces": {
				"north": {"uv": [0, 0, 8, 2.5], "texture": "#2"},
				"south": {"uv": [0, 0, 8, 2.5], "rotation": 180, "texture": "#2"}
			}
		}
	],
	"gui_light": "front",
	"display": {
		"thirdperson_righthand": {
			"rotation": [-80, 80, -100],
			"translation": [-1, -1.5, 2],
			"scale": [0.9, 0.9, 0.9]
		},
		"thirdperson_lefthand": {
			"rotation": [80, -80, -100],
			"translation": [-1, -1.5, 2],
			"scale": [0.9, 0.9, 0.9]
		},
		"firstperson_righthand": {
			"rotation": [0, -90, -25],
			"translation": [0, 3.5, 0],
			"scale": [0.65, 0.65, 0.65]
		},
		"firstperson_lefthand": {
			"rotation": [0, 90, 25],
			"translation": [0, 3.5, 0],
			"scale": [0.65, 0.65, 0.65]
		},
		"ground": {
			"translation": [0, 10, 0],
			"scale": [0.7, 0.7, 0.7]
		},
		"gui": {
			"rotation": [0, 0, -45],
			"translation": [-0.67, 1, -0.5],
			"scale": [0.55, 0.55, 0.55]
		},
		"fixed": {
			"rotation": [0, 0, -135],
			"translation": [0.75, 1.25, 0],
			"scale": [0.7, 0.7, 0.7]
		}
	},
	"groups": [
		0,
		1,
		2,
		3,
		4,
		5,
		6,
		7,
		8,
		9,
		10,
		11,
		12,
		13,
		14,
		15,
		16,
		17,
		18,
		19,
		20,
		21,
		22,
		23,
		24,
		25,
		26,
		27,
		28,
		29,
		30,
		31,
		32,
		33,
		{
			"name": "arrow",
			"origin": [8, 2, 8],
			"color": 0,
			"children": [34, 35, 36]
		}
	]
}