{
	"credit": "Made with Blockbench",
	"texture_size": [32, 32],
	"textures": {
		"1": "item/custom/kyle_bow",
		"2": "item/custom/arrow",
		"particle": "item/custom/arrow"
	},
	"elements": [
		{
			"from": [3.26174, 1.27351, 7.495],
			"to": [4.76174, 7.27351, 8.505],
			"rotation": {"angle": 22.5, "axis": "z", "origin": [6.68437, 7.75, 7.995]},
			"faces": {
				"north": {"uv": [2, 0, 2.75, 3], "texture": "#1"},
				"east": {"uv": [4, 5, 4.5, 8], "texture": "#1"},
				"south": {"uv": [3, 0, 3.75, 3], "texture": "#1"},
				"west": {"uv": [4.5, 5, 5, 8], "texture": "#1"},
				"up": {"uv": [9.25, 7, 8.5, 6.5], "texture": "#1"},
				"down": {"uv": [9.25, 7, 8.5, 7.5], "texture": "#1"}
			}
		},
		{
			"from": [6.9077, -6.30162, 7.5],
			"to": [7.9077, -1.30162, 8.5],
			"rotation": {"angle": 22.5, "axis": "z", "origin": [10.13033, 4.17487, 8]},
			"faces": {
				"north": {"uv": [6, 0, 6.5, 2.5], "texture": "#1"},
				"east": {"uv": [2, 6, 2.5, 8.5], "texture": "#1"},
				"south": {"uv": [2.5, 6, 3, 8.5], "texture": "#1"},
				"west": {"uv": [6, 2.5, 6.5, 5], "texture": "#1"},
				"up": {"uv": [10.5, 1.5, 10, 1], "texture": "#1"},
				"down": {"uv": [10.5, 1.5, 10, 2], "texture": "#1"}
			}
		},
		{
			"from": [10.87895, -9.85471, 7.5],
			"to": [11.87895, -7.85471, 8.5],
			"rotation": {"angle": -45, "axis": "z", "origin": [11.37895, -8.35471, 8]},
			"faces": {
				"north": {"uv": [7.5, 6, 8, 7], "texture": "#1"},
				"east": {"uv": [6.5, 7.5, 7, 8.5], "texture": "#1"},
				"south": {"uv": [7.5, 7, 8, 8], "texture": "#1"},
				"west": {"uv": [8, 0, 8.5, 1], "texture": "#1"},
				"up": {"uv": [5.5, 10.5, 5, 10], "texture": "#1"},
				"down": {"uv": [10.5, 5, 10, 5.5], "texture": "#1"}
			}
		},
		{
			"from": [7.96474, -9.85471, 7.5],
			"to": [8.96474, -7.85471, 8.5],
			"rotation": {"angle": 45, "axis": "z", "origin": [8.46474, -8.35471, 8]},
			"faces": {
				"north": {"uv": [8, 1, 8.5, 2], "texture": "#1"},
				"east": {"uv": [8, 2, 8.5, 3], "texture": "#1"},
				"south": {"uv": [8, 3, 8.5, 4], "texture": "#1"},
				"west": {"uv": [4, 8, 4.5, 9], "texture": "#1"},
				"up": {"uv": [6.5, 10.5, 6, 10], "texture": "#1"},
				"down": {"uv": [7, 10, 6.5, 10.5], "texture": "#1"}
			}
		},
		{
			"from": [8.67185, -7.6476, 7.5],
			"to": [9.67185, -5.6476, 8.5],
			"rotation": {"angle": -45, "axis": "z", "origin": [9.17185, -6.1476, 8]},
			"faces": {
				"north": {"uv": [8, 4, 8.5, 5], "texture": "#1"},
				"east": {"uv": [4.5, 8, 5, 9], "texture": "#1"},
				"south": {"uv": [5, 8, 5.5, 9], "texture": "#1"},
				"west": {"uv": [8, 5, 8.5, 6], "texture": "#1"},
				"up": {"uv": [10.5, 8.5, 10, 8], "texture": "#1"},
				"down": {"uv": [9, 10, 8.5, 10.5], "texture": "#1"}
			}
		},
		{
			"from": [9.67185, -6.6476, 7.5],
			"to": [10.17185, -5.6476, 8.5],
			"rotation": {"angle": -45, "axis": "z", "origin": [9.17185, -6.1476, 8]},
			"faces": {
				"north": {"uv": [10, 10.5, 10.25, 11], "texture": "#1"},
				"east": {"uv": [10, 8.5, 10.5, 9], "texture": "#1"},
				"south": {"uv": [10.5, 10, 10.75, 10.5], "texture": "#1"},
				"west": {"uv": [9, 10, 9.5, 10.5], "texture": "#1"},
				"up": {"uv": [10.75, 11, 10.5, 10.5], "texture": "#1"},
				"down": {"uv": [11.25, 0, 11, 0.5], "texture": "#1"}
			}
		},
		{
			"from": [11.08606, -8.35471, 7.495],
			"to": [12.08606, -6.35471, 8.505],
			"rotation": {"angle": 0, "axis": "z", "origin": [14.30869, -0.87822, 7.995]},
			"faces": {
				"north": {"uv": [7.5, 3, 8, 4], "texture": "#1"},
				"east": {"uv": [7.5, 4, 8, 5], "texture": "#1"},
				"south": {"uv": [7.5, 5, 8, 6], "texture": "#1"},
				"west": {"uv": [6, 7.5, 6.5, 8.5], "texture": "#1"},
				"up": {"uv": [4.5, 10.5, 4, 10], "texture": "#1"},
				"down": {"uv": [5, 10, 4.5, 10.5], "texture": "#1"}
			}
		},
		{
			"from": [7.75763, -8.35471, 7.505],
			"to": [8.55763, -6.85471, 8.495],
			"rotation": {"angle": 0, "axis": "z", "origin": [10.98027, -0.87822, 8.005]},
			"faces": {
				"north": {"uv": [9, 7.5, 9.5, 8.25], "texture": "#1"},
				"east": {"uv": [9, 8.5, 9.5, 9.25], "texture": "#1"},
				"south": {"uv": [9.5, 0, 10, 0.75], "texture": "#1"},
				"west": {"uv": [9.5, 1, 10, 1.75], "texture": "#1"},
				"up": {"uv": [7.5, 10.5, 7, 10], "texture": "#1"},
				"down": {"uv": [10.5, 7.5, 10, 8], "texture": "#1"}
			}
		},
		{
			"from": [9.17185, -9.76892, 7.505],
			"to": [10.67185, -8.96892, 8.495],
			"rotation": {"angle": 0, "axis": "z", "origin": [16.14833, -11.99155, 8.005]},
			"faces": {
				"north": {"uv": [5.5, 9, 6.25, 9.5], "texture": "#1"},
				"east": {"uv": [5.5, 10, 6, 10.5], "texture": "#1"},
				"south": {"uv": [9, 5.5, 9.75, 6], "texture": "#1"},
				"west": {"uv": [10, 5.5, 10.5, 6], "texture": "#1"},
				"up": {"uv": [7.25, 9.5, 6.5, 9], "texture": "#1"},
				"down": {"uv": [8.25, 9, 7.5, 9.5], "texture": "#1"}
			}
		},
		{
			"from": [8.60947, -2.34137, 7.5],
			"to": [10.00947, 2.15863, 8.5],
			"rotation": {"angle": 45, "axis": "z", "origin": [9.35947, -1.84137, 8]},
			"faces": {
				"north": {"uv": [4, 0, 4.75, 2.25], "texture": "#1"},
				"east": {"uv": [6.5, 2.5, 7, 4.75], "texture": "#1"},
				"south": {"uv": [4, 2.5, 4.75, 4.75], "texture": "#1"},
				"west": {"uv": [6.5, 5, 7, 7.25], "texture": "#1"},
				"up": {"uv": [5.25, 9.5, 4.5, 9], "texture": "#1"},
				"down": {"uv": [9.75, 5, 9, 5.5], "texture": "#1"}
			}
		},
		{
			"from": [8.60947, -3.34137, 7.5],
			"to": [9.10947, -2.34137, 8.5],
			"rotation": {"angle": 45, "axis": "z", "origin": [9.35947, -1.84137, 8]},
			"faces": {
				"north": {"uv": [9, 10.5, 9.25, 11], "texture": "#1"},
				"east": {"uv": [10, 2, 10.5, 2.5], "texture": "#1"},
				"south": {"uv": [10.5, 9, 10.75, 9.5], "texture": "#1"},
				"west": {"uv": [10, 2.5, 10.5, 3], "texture": "#1"},
				"up": {"uv": [9.75, 11, 9.5, 10.5], "texture": "#1"},
				"down": {"uv": [10.75, 9.5, 10.5, 10], "texture": "#1"}
			}
		},
		{
			"from": [3.26174, 8.72649, 7.495],
			"to": [4.76174, 14.72649, 8.505],
			"rotation": {"angle": -22.5, "axis": "z", "origin": [6.68437, 8.25, 7.995]},
			"faces": {
				"north": {"uv": [2, 3, 2.75, 6], "texture": "#1"},
				"east": {"uv": [5, 5, 5.5, 8], "texture": "#1"},
				"south": {"uv": [3, 3, 3.75, 6], "texture": "#1"},
				"west": {"uv": [5.5, 5, 6, 8], "texture": "#1"},
				"up": {"uv": [10.25, 6.5, 9.5, 6], "texture": "#1"},
				"down": {"uv": [7.25, 9.5, 6.5, 10], "texture": "#1"}
			}
		},
		{
			"from": [8.60947, 13.84137, 7.5],
			"to": [10.00947, 18.34137, 8.5],
			"rotation": {"angle": -45, "axis": "z", "origin": [9.35947, 17.84137, 8]},
			"faces": {
				"north": {"uv": [5, 0, 5.75, 2.25], "texture": "#1"},
				"east": {"uv": [7, 0, 7.5, 2.25], "texture": "#1"},
				"south": {"uv": [5, 2.5, 5.75, 4.75], "texture": "#1"},
				"west": {"uv": [7, 2.5, 7.5, 4.75], "texture": "#1"},
				"up": {"uv": [10.25, 5, 9.5, 4.5], "texture": "#1"},
				"down": {"uv": [6.25, 9.5, 5.5, 10], "texture": "#1"}
			}
		},
		{
			"from": [6.9077, 17.30162, 7.5],
			"to": [7.9077, 22.30162, 8.5],
			"rotation": {"angle": -22.5, "axis": "z", "origin": [10.13033, 11.82513, 8]},
			"faces": {
				"north": {"uv": [3, 6, 3.5, 8.5], "texture": "#1"},
				"east": {"uv": [3.5, 6, 4, 8.5], "texture": "#1"},
				"south": {"uv": [6, 5, 6.5, 7.5], "texture": "#1"},
				"west": {"uv": [6.5, 0, 7, 2.5], "texture": "#1"},
				"up": {"uv": [11, 4.5, 10.5, 4], "texture": "#1"},
				"down": {"uv": [5, 10.5, 4.5, 11], "texture": "#1"}
			}
		},
		{
			"from": [8.60947, 18.34137, 7.5],
			"to": [9.10947, 19.34137, 8.5],
			"rotation": {"angle": -45, "axis": "z", "origin": [9.35947, 17.84137, 8]},
			"faces": {
				"north": {"uv": [11, 2, 11.25, 2.5], "texture": "#1"},
				"east": {"uv": [10.5, 3.5, 11, 4], "texture": "#1"},
				"south": {"uv": [2.5, 11, 2.75, 11.5], "texture": "#1"},
				"west": {"uv": [4, 10.5, 4.5, 11], "texture": "#1"},
				"up": {"uv": [11.25, 3, 11, 2.5], "texture": "#1"},
				"down": {"uv": [3.25, 11, 3, 11.5], "texture": "#1"}
			}
		},
		{
			"from": [11.08606, 22.35471, 7.495],
			"to": [12.08606, 24.35471, 8.505],
			"rotation": {"angle": 0, "axis": "z", "origin": [14.30869, 16.87822, 7.995]},
			"faces": {
				"north": {"uv": [8.5, 3, 9, 4], "texture": "#1"},
				"east": {"uv": [3.5, 8.5, 4, 9.5], "texture": "#1"},
				"south": {"uv": [8.5, 4, 9, 5], "texture": "#1"},
				"west": {"uv": [8.5, 5, 9, 6], "texture": "#1"},
				"up": {"uv": [3.5, 11, 3, 10.5], "texture": "#1"},
				"down": {"uv": [11, 3, 10.5, 3.5], "texture": "#1"}
			}
		},
		{
			"from": [10.87895, 23.85471, 7.5],
			"to": [11.87895, 25.85471, 8.5],
			"rotation": {"angle": 45, "axis": "z", "origin": [11.37895, 24.35471, 8]},
			"faces": {
				"north": {"uv": [2, 8.5, 2.5, 9.5], "texture": "#1"},
				"east": {"uv": [8.5, 2, 9, 3], "texture": "#1"},
				"south": {"uv": [2.5, 8.5, 3, 9.5], "texture": "#1"},
				"west": {"uv": [3, 8.5, 3.5, 9.5], "texture": "#1"},
				"up": {"uv": [3, 11, 2.5, 10.5], "texture": "#1"},
				"down": {"uv": [11, 2.5, 10.5, 3], "texture": "#1"}
			}
		},
		{
			"from": [9.17185, 24.96892, 7.5],
			"to": [10.67185, 25.76892, 8.49],
			"rotation": {"angle": 0, "axis": "z", "origin": [16.14833, 27.99155, 8]},
			"faces": {
				"north": {"uv": [9.5, 3, 10.25, 3.5], "texture": "#1"},
				"east": {"uv": [2, 10.5, 2.5, 11], "texture": "#1"},
				"south": {"uv": [9.5, 3.5, 10.25, 4], "texture": "#1"},
				"west": {"uv": [10.5, 2, 11, 2.5], "texture": "#1"},
				"up": {"uv": [10.25, 4.5, 9.5, 4], "texture": "#1"},
				"down": {"uv": [5.25, 9.5, 4.5, 10], "texture": "#1"}
			}
		},
		{
			"from": [7.96474, 23.85471, 7.5],
			"to": [8.96474, 25.85471, 8.5],
			"rotation": {"angle": -45, "axis": "z", "origin": [8.46474, 24.35471, 8]},
			"faces": {
				"north": {"uv": [7.5, 8, 8, 9], "texture": "#1"},
				"east": {"uv": [8, 8, 8.5, 9], "texture": "#1"},
				"south": {"uv": [8.5, 0, 9, 1], "texture": "#1"},
				"west": {"uv": [8.5, 1, 9, 2], "texture": "#1"},
				"up": {"uv": [11, 1.5, 10.5, 1], "texture": "#1"},
				"down": {"uv": [11, 1.5, 10.5, 2], "texture": "#1"}
			}
		},
		{
			"from": [7.75763, 22.85471, 7.505],
			"to": [8.55763, 24.35471, 8.495],
			"rotation": {"angle": 0, "axis": "z", "origin": [10.98027, 16.87822, 8.005]},
			"faces": {
				"north": {"uv": [2, 9.5, 2.5, 10.25], "texture": "#1"},
				"east": {"uv": [9.5, 2, 10, 2.75], "texture": "#1"},
				"south": {"uv": [2.5, 9.5, 3, 10.25], "texture": "#1"},
				"west": {"uv": [3, 9.5, 3.5, 10.25], "texture": "#1"},
				"up": {"uv": [11, 0.5, 10.5, 0], "texture": "#1"},
				"down": {"uv": [11, 0.5, 10.5, 1], "texture": "#1"}
			}
		},
		{
			"from": [8.67185, 21.6476, 7.5],
			"to": [9.67185, 23.6476, 8.5],
			"rotation": {"angle": 45, "axis": "z", "origin": [9.17185, 22.1476, 8]},
			"faces": {
				"north": {"uv": [5.5, 8, 6, 9], "texture": "#1"},
				"east": {"uv": [8, 6, 8.5, 7], "texture": "#1"},
				"south": {"uv": [7, 8, 7.5, 9], "texture": "#1"},
				"west": {"uv": [8, 7, 8.5, 8], "texture": "#1"},
				"up": {"uv": [10.5, 10, 10, 9.5], "texture": "#1"},
				"down": {"uv": [10.5, 10, 10, 10.5], "texture": "#1"}
			}
		},
		{
			"from": [9.67185, 21.6476, 7.5],
			"to": [10.17185, 22.6476, 8.5],
			"rotation": {"angle": 45, "axis": "z", "origin": [9.17185, 22.1476, 8]},
			"faces": {
				"north": {"uv": [11, 0.5, 11.25, 1], "texture": "#1"},
				"east": {"uv": [10, 9, 10.5, 9.5], "texture": "#1"},
				"south": {"uv": [11, 1, 11.25, 1.5], "texture": "#1"},
				"west": {"uv": [9.5, 10, 10, 10.5], "texture": "#1"},
				"up": {"uv": [11.25, 2, 11, 1.5], "texture": "#1"},
				"down": {"uv": [2.25, 11, 2, 11.5], "texture": "#1"}
			}
		},
		{
			"from": [3.26174, 8.77351, 7.495],
			"to": [3.76174, 11.27351, 8.505],
			"rotation": {"angle": 22.5, "axis": "z", "origin": [6.68437, 11.75, 8.005]},
			"faces": {
				"north": {"uv": [3.5, 9.5, 3.75, 10.75], "texture": "#1"},
				"east": {"uv": [7, 5, 7.5, 6.25], "texture": "#1"},
				"south": {"uv": [7.5, 9.5, 7.75, 10.75], "texture": "#1"},
				"west": {"uv": [7, 6.5, 7.5, 7.75], "texture": "#1"},
				"up": {"uv": [10.75, 8, 10.5, 7.5], "texture": "#1"},
				"down": {"uv": [10.75, 8, 10.5, 8.5], "texture": "#1"}
			}
		},
		{
			"from": [3.26174, 4.72649, 7.495],
			"to": [3.76174, 7.22649, 8.505],
			"rotation": {"angle": -22.5, "axis": "z", "origin": [6.68437, 4.25, 8.005]},
			"faces": {
				"north": {"uv": [9.5, 7.5, 9.75, 8.75], "texture": "#1"},
				"east": {"uv": [7.5, 0, 8, 1.25], "texture": "#1"},
				"south": {"uv": [8, 9.5, 8.25, 10.75], "texture": "#1"},
				"west": {"uv": [7.5, 1.5, 8, 2.75], "texture": "#1"},
				"up": {"uv": [8.75, 11, 8.5, 10.5], "texture": "#1"},
				"down": {"uv": [10.75, 8.5, 10.5, 9], "texture": "#1"}
			}
		},
		{
			"from": [5.05067, 5.57819, 7.49],
			"to": [6.55067, 6.07819, 8.51],
			"rotation": {"angle": 22.5, "axis": "z", "origin": [4.57418, 2.65556, 8]},
			"faces": {
				"north": {"uv": [10.5, 5, 11.25, 5.25], "texture": "#1"},
				"east": {"uv": [11, 3, 11.5, 3.25], "texture": "#1"},
				"south": {"uv": [10.5, 5.5, 11.25, 5.75], "texture": "#1"},
				"west": {"uv": [3.5, 11, 4, 11.25], "texture": "#1"},
				"up": {"uv": [10.25, 7, 9.5, 6.5], "texture": "#1"},
				"down": {"uv": [10.25, 7, 9.5, 7.5], "texture": "#1"}
			}
		},
		{
			"from": [5.05067, 9.92181, 7.49],
			"to": [6.55067, 10.42181, 8.51],
			"rotation": {"angle": -22.5, "axis": "z", "origin": [4.57418, 13.34444, 8]},
			"faces": {
				"north": {"uv": [10.5, 4.5, 11.25, 4.75], "texture": "#1"},
				"east": {"uv": [6, 10.5, 6.5, 10.75], "texture": "#1"},
				"south": {"uv": [5, 10.5, 5.75, 10.75], "texture": "#1"},
				"west": {"uv": [10.5, 6, 11, 6.25], "texture": "#1"},
				"up": {"uv": [6.75, 9, 6, 8.5], "texture": "#1"},
				"down": {"uv": [9.25, 6, 8.5, 6.5], "texture": "#1"}
			}
		},
		{
			"from": [4.78178, 7.4, 7.485],
			"to": [5.28178, 8.6, 8.515],
			"rotation": {"angle": 0, "axis": "z", "origin": [7.10441, 14.47649, 8]},
			"faces": {
				"north": {"uv": [6.5, 10.5, 6.75, 11], "texture": "#1"},
				"east": {"uv": [8.5, 9.5, 9, 10], "texture": "#1"},
				"south": {"uv": [10.5, 6.5, 10.75, 7], "texture": "#1"},
				"west": {"uv": [9, 9.5, 9.5, 10], "texture": "#1"},
				"up": {"uv": [7.25, 11, 7, 10.5], "texture": "#1"},
				"down": {"uv": [10.75, 7, 10.5, 7.5], "texture": "#1"}
			}
		},
		{
			"from": [11.14429, -6, 7.75],
			"to": [11.64429, 22, 8.25],
			"rotation": {"angle": 0, "axis": "z", "origin": [4.46692, 14.47649, 8.255]},
			"faces": {
				"north": {"uv": [0, 0, 0.25, 14], "texture": "#1"},
				"east": {"uv": [0.5, 0, 0.75, 14], "texture": "#1"},
				"south": {"uv": [1, 0, 1.25, 14], "texture": "#1"},
				"west": {"uv": [1.5, 0, 1.75, 14], "texture": "#1"},
				"up": {"uv": [11.25, 3.75, 11, 3.5], "texture": "#1"},
				"down": {"uv": [4.25, 11, 4, 11.25], "texture": "#1"}
			}
		},
		{
			"from": [4.30461, 6.11209, 7.485],
			"to": [5.28178, 7.4, 8.515],
			"rotation": {"angle": 0, "axis": "z", "origin": [7.12725, 14.47649, 8]},
			"faces": {
				"north": {"uv": [8.5, 7.5, 9, 8.25], "texture": "#1"},
				"east": {"uv": [8.5, 8.5, 9, 9.25], "texture": "#1"},
				"south": {"uv": [9, 0, 9.5, 0.75], "texture": "#1"},
				"west": {"uv": [9, 1, 9.5, 1.75], "texture": "#1"},
				"up": {"uv": [10, 9.5, 9.5, 9], "texture": "#1"},
				"down": {"uv": [10, 9.5, 9.5, 10], "texture": "#1"}
			}
		},
		{
			"from": [4.30461, 8.6, 7.485],
			"to": [5.28178, 9.88791, 8.515],
			"rotation": {"angle": 0, "axis": "z", "origin": [7.12725, 14.47649, 8]},
			"faces": {
				"north": {"uv": [9, 2, 9.5, 2.75], "texture": "#1"},
				"east": {"uv": [9, 3, 9.5, 3.75], "texture": "#1"},
				"south": {"uv": [4, 9, 4.5, 9.75], "texture": "#1"},
				"west": {"uv": [9, 4, 9.5, 4.75], "texture": "#1"},
				"up": {"uv": [10.5, 0.5, 10, 0], "texture": "#1"},
				"down": {"uv": [10.5, 0.5, 10, 1], "texture": "#1"}
			}
		},
		{
			"from": [-4.5, 8, 5.5],
			"to": [11.5, 8, 10.5],
			"rotation": {"angle": 0, "axis": "y", "origin": [8, 2, 8]},
			"faces": {
				"up": {"uv": [0, 0, 8, 2.5], "rotation": 180, "texture": "#2"},
				"down": {"uv": [0, 0, 8, 2.5], "rotation": 180, "texture": "#2"}
			}
		},
		{
			"from": [10.5, 5.5, 5.5],
			"to": [10.5, 10.5, 10.5],
			"rotation": {"angle": 0, "axis": "y", "origin": [8, 2, 8]},
			"faces": {
				"east": {"uv": [0, 2.5, 2.5, 5], "texture": "#2"},
				"west": {"uv": [0, 2.5, 2.5, 5], "texture": "#2"}
			}
		},
		{
			"from": [-4.5, 5.5, 8],
			"to": [11.5, 10.5, 8],
			"rotation": {"angle": 0, "axis": "y", "origin": [8, 2, 8]},
			"faces": {
				"north": {"uv": [0, 0, 8, 2.5], "texture": "#2"},
				"south": {"uv": [0, 0, 8, 2.5], "rotation": 180, "texture": "#2"}
			}
		}
	],
	"gui_light": "front",
	"display": {
		"thirdperson_righthand": {
			"rotation": [-80, 80, -100],
			"translation": [-1, -1.5, 2],
			"scale": [0.9, 0.9, 0.9]
		},
		"thirdperson_lefthand": {
			"rotation": [80, -80, -100],
			"translation": [-1, -1.5, 2],
			"scale": [0.9, 0.9, 0.9]
		},
		"firstperson_righthand": {
			"rotation": [0, -90, -25],
			"translation": [0, 3.5, 0],
			"scale": [0.65, 0.65, 0.65]
		},
		"firstperson_lefthand": {
			"rotation": [0, 90, 25],
			"translation": [0, 3.5, 0],
			"scale": [0.65, 0.65, 0.65]
		},
		"ground": {
			"translation": [0, 10, 0],
			"scale": [0.7, 0.7, 0.7]
		},
		"gui": {
			"rotation": [0, 0, -45],
			"translation": [-0.67, 1, -0.5],
			"scale": [0.55, 0.55, 0.55]
		},
		"fixed": {
			"rotation": [0, 0, -135],
			"translation": [0.75, 1.25, 0],
			"scale": [0.7, 0.7, 0.7]
		}
	},
	"groups": [
		0,
		1,
		2,
		3,
		4,
		5,
		6,
		7,
		8,
		9,
		10,
		11,
		12,
		13,
		14,
		15,
		16,
		17,
		18,
		19,
		20,
		21,
		22,
		23,
		24,
		25,
		26,
		27,
		28,
		29,
		{
			"name": "arrow",
			"origin": [8, 2, 8],
			"color": 0,
			"children": [30, 31, 32]
		}
	]
}