{
	"credit": "Made with Blockbench",
	"texture_size": [32, 32],
	"textures": {
		"2": "item/custom/kyle_staff",
		"particle": "item/custom/kyle_staff"
	},
	"elements": [
		{
			"from": [9.34316, -13.99999, 7.495],
			"to": [10.84316, -7.99999, 8.505],
			"rotation": {"angle": -22.5, "axis": "z", "origin": [9.28324, -2.97125, 7.995]},
			"faces": {
				"north": {"uv": [5, 0, 5.75, 3], "texture": "#2"},
				"east": {"uv": [0, 6.5, 0.5, 9.5], "texture": "#2"},
				"south": {"uv": [5, 3, 5.75, 6], "texture": "#2"},
				"west": {"uv": [6.5, 0, 7, 3], "texture": "#2"},
				"up": {"uv": [10.25, 6.5, 9.5, 6], "texture": "#2"},
				"down": {"uv": [1.75, 10, 1, 10.5], "texture": "#2"}
			}
		},
		{
			"from": [7.8, -8.21416, 7.5],
			"to": [8.8, 4.78584, 8.5],
			"rotation": {"angle": 0, "axis": "z", "origin": [9.28324, -2.97126, 8.01]},
			"faces": {
				"north": {"uv": [0, 0, 0.5, 6.5], "texture": "#2"},
				"east": {"uv": [0.5, 0, 1, 6.5], "texture": "#2"},
				"south": {"uv": [1, 0, 1.5, 6.5], "texture": "#2"},
				"west": {"uv": [1.5, 0, 2, 6.5], "texture": "#2"},
				"up": {"uv": [7.5, 3, 7, 2.5], "texture": "#2"},
				"down": {"uv": [9, 7.5, 8.5, 8], "texture": "#2"}
			}
		},
		{
			"from": [7.35712, 3.51233, 7.495],
			"to": [8.85712, 11.51233, 8.505],
			"rotation": {"angle": -22.5, "axis": "z", "origin": [10.77975, 3.03584, 8]},
			"faces": {
				"north": {"uv": [4, 0, 4.75, 4], "texture": "#2"},
				"east": {"uv": [6, 0, 6.5, 4], "texture": "#2"},
				"south": {"uv": [2, 4, 2.75, 8], "texture": "#2"},
				"west": {"uv": [6, 4, 6.5, 8], "texture": "#2"},
				"up": {"uv": [2.75, 10.5, 2, 10], "texture": "#2"},
				"down": {"uv": [3.75, 10, 3, 10.5], "texture": "#2"}
			}
		},
		{
			"from": [7.25712, 4.51233, 7.25],
			"to": [8.95712, 7.21233, 8.75],
			"rotation": {"angle": -22.5, "axis": "z", "origin": [10.77975, 3.03584, 7.855]},
			"faces": {
				"north": {"uv": [8, 8, 8.75, 9.25], "texture": "#2"},
				"east": {"uv": [8.5, 0, 9.25, 1.25], "texture": "#2"},
				"south": {"uv": [0.5, 8.5, 1.25, 9.75], "texture": "#2"},
				"west": {"uv": [8.5, 1.5, 9.25, 2.75], "texture": "#2"},
				"up": {"uv": [9.75, 10.25, 9, 9.5], "texture": "#2"},
				"down": {"uv": [0.75, 10, 0, 10.75], "texture": "#2"}
			}
		},
		{
			"from": [8.35712, 2.51233, 7.505],
			"to": [8.85712, 3.51233, 8.495],
			"rotation": {"angle": -22.5, "axis": "z", "origin": [10.77975, 3.03584, 8.01]},
			"faces": {
				"north": {"uv": [10.5, 0.5, 10.75, 1], "texture": "#2"},
				"east": {"uv": [10, 8, 10.5, 8.5], "texture": "#2"},
				"south": {"uv": [1, 10.5, 1.25, 11], "texture": "#2"},
				"west": {"uv": [10, 8.5, 10.5, 9], "texture": "#2"},
				"up": {"uv": [10.75, 1.5, 10.5, 1], "texture": "#2"},
				"down": {"uv": [1.75, 10.5, 1.5, 11], "texture": "#2"}
			}
		},
		{
			"from": [12.38893, 22.1372, 7.51],
			"to": [12.88893, 23.1372, 8.49],
			"rotation": {"angle": 0, "axis": "z", "origin": [13.00123, 24.18262, 8.0025]},
			"faces": {
				"north": {"uv": [10.5, 2.5, 10.75, 3], "texture": "#2"},
				"east": {"uv": [10, 10, 10.5, 10.5], "texture": "#2"},
				"south": {"uv": [3, 10.5, 3.25, 11], "texture": "#2"},
				"west": {"uv": [10.5, 0, 11, 0.5], "texture": "#2"},
				"up": {"uv": [10.75, 3.5, 10.5, 3], "texture": "#2"},
				"down": {"uv": [3.75, 10.5, 3.5, 11], "texture": "#2"}
			}
		},
		{
			"from": [7.43011, -8.60709, 7.505],
			"to": [7.93011, -7.60709, 8.495],
			"rotation": {"angle": -22.5, "axis": "z", "origin": [9.85274, -8.08358, 8.01]},
			"faces": {
				"north": {"uv": [10.5, 1.5, 10.75, 2], "texture": "#2"},
				"east": {"uv": [10, 9, 10.5, 9.5], "texture": "#2"},
				"south": {"uv": [2, 10.5, 2.25, 11], "texture": "#2"},
				"west": {"uv": [10, 9.5, 10.5, 10], "texture": "#2"},
				"up": {"uv": [10.75, 2.5, 10.5, 2], "texture": "#2"},
				"down": {"uv": [2.75, 10.5, 2.5, 11], "texture": "#2"}
			}
		},
		{
			"from": [15.81398, 10.32374, 7.5],
			"to": [17.31398, 18.32374, 8.5],
			"rotation": {"angle": 45, "axis": "z", "origin": [13.23661, 4.84725, 8]},
			"faces": {
				"north": {"uv": [3, 4, 3.75, 8], "texture": "#2"},
				"east": {"uv": [5, 6, 5.5, 10], "texture": "#2"},
				"south": {"uv": [4, 4, 4.75, 8], "texture": "#2"},
				"west": {"uv": [5.5, 6, 6, 10], "texture": "#2"},
				"up": {"uv": [4.75, 10.5, 4, 10], "texture": "#2"},
				"down": {"uv": [10.75, 4, 10, 4.5], "texture": "#2"}
			}
		},
		{
			"from": [1.85154, 20.68621, 7.495],
			"to": [2.85154, 25.68621, 8.505],
			"rotation": {"angle": -45, "axis": "z", "origin": [-1.22583, 15.20972, 7.995]},
			"faces": {
				"north": {"uv": [1.5, 6.5, 2, 9], "texture": "#2"},
				"east": {"uv": [6.5, 5, 7, 7.5], "texture": "#2"},
				"south": {"uv": [7, 0, 7.5, 2.5], "texture": "#2"},
				"west": {"uv": [7, 5, 7.5, 7.5], "texture": "#2"},
				"up": {"uv": [2, 9.5, 1.5, 9], "texture": "#2"},
				"down": {"uv": [0.5, 9.5, 0, 10], "texture": "#2"}
			}
		},
		{
			"from": [8.3582, 19.44169, 7.5],
			"to": [12.3582, 20.44169, 8.5],
			"rotation": {"angle": 0, "axis": "z", "origin": [2.88171, 23.51906, 8]},
			"faces": {
				"north": {"uv": [7.5, 5, 9.5, 5.5], "texture": "#2"},
				"east": {"uv": [1.5, 9.5, 2, 10], "texture": "#2"},
				"south": {"uv": [7.5, 5.5, 9.5, 6], "texture": "#2"},
				"west": {"uv": [10, 6.5, 10.5, 7], "texture": "#2"},
				"up": {"uv": [9.5, 6.5, 7.5, 6], "texture": "#2"},
				"down": {"uv": [8.5, 7.5, 6.5, 8], "texture": "#2"}
			}
		},
		{
			"from": [13.22142, 19.55649, 7.505],
			"to": [14.22142, 23.55649, 8.495],
			"rotation": {"angle": -22.5, "axis": "z", "origin": [13.00123, 24.18262, 8.0025]},
			"faces": {
				"north": {"uv": [2, 8, 2.5, 10], "texture": "#2"},
				"east": {"uv": [2.5, 8, 3, 10], "texture": "#2"},
				"south": {"uv": [3, 8, 3.5, 10], "texture": "#2"},
				"west": {"uv": [3.5, 8, 4, 10], "texture": "#2"},
				"up": {"uv": [10.5, 7.5, 10, 7], "texture": "#2"},
				"down": {"uv": [10.5, 7.5, 10, 8], "texture": "#2"}
			}
		},
		{
			"from": [12.38893, 23.1372, 7.5],
			"to": [13.88893, 27.1372, 8.5],
			"rotation": {"angle": 0, "axis": "z", "origin": [13.00123, 24.18262, 8.0025]},
			"faces": {
				"north": {"uv": [0.5, 6.5, 1.25, 8.5], "texture": "#2"},
				"east": {"uv": [4, 8, 4.5, 10], "texture": "#2"},
				"south": {"uv": [6.5, 3, 7.25, 5], "texture": "#2"},
				"west": {"uv": [4.5, 8, 5, 10], "texture": "#2"},
				"up": {"uv": [10.75, 5, 10, 4.5], "texture": "#2"},
				"down": {"uv": [5.75, 10, 5, 10.5], "texture": "#2"}
			}
		},
		{
			"from": [10.3, 11.7, 7.48],
			"to": [11.8, 14.7, 7.48],
			"faces": {
				"north": {"uv": [7.5, 0, 8.25, 1.5], "texture": "#2"},
				"east": {"uv": [0, 0, 0, 1.5], "texture": "#2"},
				"south": {"uv": [7.5, 1.5, 8.25, 3], "texture": "#2"},
				"west": {"uv": [0, 0, 0, 1.5], "texture": "#2"},
				"up": {"uv": [0.75, 0, 0, 0], "texture": "#2"},
				"down": {"uv": [0.75, 0, 0, 0], "texture": "#2"}
			}
		},
		{
			"from": [10.8, 17.9, 8.505],
			"to": [12.3, 20.4, 8.505],
			"faces": {
				"north": {"uv": [6, 8, 6.75, 9.25], "texture": "#2"},
				"east": {"uv": [0, 0, 0, 1.25], "texture": "#2"},
				"south": {"uv": [7, 8, 7.75, 9.25], "texture": "#2"},
				"west": {"uv": [0, 0, 0, 1.25], "texture": "#2"},
				"up": {"uv": [0.75, 0, 0, 0], "texture": "#2"},
				"down": {"uv": [0.75, 0, 0, 0], "texture": "#2"}
			}
		},
		{
			"from": [10.91609, 24.07162, 8.505],
			"to": [13.41609, 25.57162, 8.505],
			"rotation": {"angle": 22.5, "axis": "z", "origin": [13.00123, 24.18262, 7.9975]},
			"faces": {
				"north": {"uv": [7.5, 6.5, 8.75, 7.25], "texture": "#2"},
				"east": {"uv": [0, 0, 0, 0.75], "texture": "#2"},
				"south": {"uv": [9, 3, 10.25, 3.75], "texture": "#2"},
				"west": {"uv": [0, 0, 0, 0.75], "texture": "#2"},
				"up": {"uv": [1.25, 0, 0, 0], "texture": "#2"},
				"down": {"uv": [1.25, 0, 0, 0], "texture": "#2"}
			}
		},
		{
			"from": [13.12571, 23.00783, 7.49],
			"to": [15.62571, 24.50783, 7.49],
			"rotation": {"angle": 22.5, "axis": "z", "origin": [13.00123, 24.18262, 7.9975]},
			"faces": {
				"north": {"uv": [9, 6.5, 9.75, 7.75], "rotation": 270, "texture": "#2"},
				"east": {"uv": [0.75, 0, 0, 0], "rotation": 90, "texture": "#2"},
				"south": {"uv": [9, 8, 9.75, 9.25], "rotation": 90, "texture": "#2"},
				"west": {"uv": [0.75, 0, 0, 0], "rotation": 90, "texture": "#2"},
				"up": {"uv": [0, 0, 0, 1.25], "rotation": 90, "texture": "#2"},
				"down": {"uv": [0, 0, 0, 1.25], "rotation": 90, "texture": "#2"}
			}
		},
		{
			"from": [13.20856, 25.93921, 7.49],
			"to": [14.70856, 27.93921, 7.49],
			"rotation": {"angle": 22.5, "axis": "z", "origin": [13.00123, 24.18262, 7.9975]},
			"faces": {
				"north": {"uv": [9, 4, 9.75, 5], "texture": "#2"},
				"east": {"uv": [0, 0, 0, 1], "texture": "#2"},
				"south": {"uv": [9.5, 0, 10.25, 1], "texture": "#2"},
				"west": {"uv": [0, 0, 0, 1], "texture": "#2"},
				"up": {"uv": [0.75, 0, 0, 0], "texture": "#2"},
				"down": {"uv": [0.75, 0, 0, 0], "texture": "#2"}
			}
		},
		{
			"from": [10, 15.7, 7.25],
			"to": [11.5, 17.2, 8.75],
			"rotation": {"angle": 0, "axis": "y", "origin": [0, 0, 1.25]},
			"faces": {
				"north": {"uv": [9.5, 1, 10.25, 1.75], "texture": "#2"},
				"east": {"uv": [9.5, 2, 10.25, 2.75], "texture": "#2"},
				"south": {"uv": [9.5, 5, 10.25, 5.75], "texture": "#2"},
				"west": {"uv": [6, 9.5, 6.75, 10.25], "texture": "#2"},
				"up": {"uv": [7.75, 10.25, 7, 9.5], "texture": "#2"},
				"down": {"uv": [8.75, 9.5, 8, 10.25], "texture": "#2"}
			}
		},
		{
			"from": [9, 16.4, 6.25],
			"to": [12.5, 16.4, 9.75],
			"rotation": {"angle": -22.5, "axis": "z", "origin": [10.75, 16.4, 8]},
			"faces": {
				"north": {"uv": [0, 0, 1.75, 0], "texture": "#2"},
				"east": {"uv": [0, 0, 1.75, 0], "texture": "#2"},
				"south": {"uv": [0, 0, 1.75, 0], "texture": "#2"},
				"west": {"uv": [0, 0, 1.75, 0], "texture": "#2"},
				"up": {"uv": [3.75, 1.75, 2, 0], "texture": "#2"},
				"down": {"uv": [3.75, 2, 2, 3.75], "texture": "#2"}
			}
		}
	],
	"gui_light": "front",
	"display": {
		"thirdperson_righthand": {
			"rotation": [0, 90, 12],
			"translation": [0, 11, 3.25],
			"scale": [0.8, 0.8, 0.8]
		},
		"thirdperson_lefthand": {
			"rotation": [0, -90, 0],
			"translation": [0, 11, 1],
			"scale": [0.8, 0.8, 0.8]
		},
		"firstperson_righthand": {
			"rotation": [0, 90, 12],
			"translation": [2.5, 4.25, 0],
			"scale": [0.5, 0.5, 0.5]
		},
		"firstperson_lefthand": {
			"rotation": [0, -90, -12],
			"translation": [2.5, 4.25, 0],
			"scale": [0.5, 0.5, 0.5]
		},
		"ground": {
			"rotation": [0, 0, 12],
			"translation": [0, 13, 0],
			"scale": [0.7, 0.7, 0.7]
		},
		"gui": {
			"rotation": [0, -180, 55],
			"translation": [1, -0.25, -0.5],
			"scale": [0.5, 0.5, 0.5]
		},
		"fixed": {
			"rotation": [0, 0, 55],
			"translation": [-1.25, -0.5, 0],
			"scale": [0.81, 0.81, 0.81]
		}
	}
}