{
	"credit": "Made with Blockbench",
	"texture_size": [32, 32],
	"textures": {
		"1": "item/custom/kyle_bow",
		"2": "item/custom/arrow",
		"particle": "item/custom/kyle_bow"
	},
	"elements": [
		{
			"from": [3.26174, 1.27351, 7.495],
			"to": [4.76174, 7.27351, 8.505],
			"rotation": {"angle": 22.5, "axis": "z", "origin": [6.68437, 7.75, 7.995]},
			"faces": {
				"north": {"uv": [2, 0, 2.75, 3], "texture": "#1"},
				"east": {"uv": [4, 5, 4.5, 8], "texture": "#1"},
				"south": {"uv": [3, 0, 3.75, 3], "texture": "#1"},
				"west": {"uv": [4.5, 5, 5, 8], "texture": "#1"},
				"up": {"uv": [9.25, 7, 8.5, 6.5], "texture": "#1"},
				"down": {"uv": [9.25, 7, 8.5, 7.5], "texture": "#1"}
			}
		},
		{
			"from": [13.05101, -6.96553, 7.5],
			"to": [14.05101, -1.96553, 8.5],
			"rotation": {"angle": 45, "axis": "z", "origin": [11.83392, -6.53201, 8]},
			"faces": {
				"north": {"uv": [6, 0, 6.5, 2.5], "texture": "#1"},
				"east": {"uv": [2, 6, 2.5, 8.5], "texture": "#1"},
				"south": {"uv": [2.5, 6, 3, 8.5], "texture": "#1"},
				"west": {"uv": [6, 2.5, 6.5, 5], "texture": "#1"},
				"up": {"uv": [10.5, 1.5, 10, 1], "texture": "#1"},
				"down": {"uv": [10.5, 1.5, 10, 2], "texture": "#1"}
			}
		},
		{
			"from": [13.49708, -8.06381, 7.5],
			"to": [14.49708, -6.06381, 8.5],
			"rotation": {"angle": -22.5, "axis": "z", "origin": [11.83392, -6.53201, 8]},
			"faces": {
				"north": {"uv": [7.5, 6, 8, 7], "texture": "#1"},
				"east": {"uv": [6.5, 7.5, 7, 8.5], "texture": "#1"},
				"south": {"uv": [7.5, 7, 8, 8], "texture": "#1"},
				"west": {"uv": [8, 0, 8.5, 1], "texture": "#1"},
				"up": {"uv": [5.5, 10.5, 5, 10], "texture": "#1"},
				"down": {"uv": [10.5, 5, 10, 5.5], "texture": "#1"}
			}
		},
		{
			"from": [11.43643, -9.12447, 7.5],
			"to": [13.43643, -8.12447, 8.5],
			"rotation": {"angle": -22.5, "axis": "z", "origin": [11.83392, -6.53201, 8]},
			"faces": {
				"north": {"uv": [8, 1, 8.5, 2], "rotation": 90, "texture": "#1"},
				"east": {"uv": [7, 10, 6.5, 10.5], "rotation": 270, "texture": "#1"},
				"south": {"uv": [8, 3, 8.5, 4], "rotation": 270, "texture": "#1"},
				"west": {"uv": [6.5, 10.5, 6, 10], "rotation": 270, "texture": "#1"},
				"up": {"uv": [8, 2, 8.5, 3], "rotation": 270, "texture": "#1"},
				"down": {"uv": [4, 8, 4.5, 9], "rotation": 270, "texture": "#1"}
			}
		},
		{
			"from": [10.37577, -8.06381, 7.5],
			"to": [11.37577, -6.06381, 8.5],
			"rotation": {"angle": -22.5, "axis": "z", "origin": [11.83392, -6.53201, 8]},
			"faces": {
				"north": {"uv": [8, 4, 8.5, 5], "texture": "#1"},
				"east": {"uv": [4.5, 8, 5, 9], "texture": "#1"},
				"south": {"uv": [5, 8, 5.5, 9], "texture": "#1"},
				"west": {"uv": [8, 5, 8.5, 6], "texture": "#1"},
				"up": {"uv": [10.5, 8.5, 10, 8], "texture": "#1"},
				"down": {"uv": [9, 10, 8.5, 10.5], "texture": "#1"}
			}
		},
		{
			"from": [11.37577, -7.06381, 7.5],
			"to": [11.87577, -6.06381, 8.5],
			"rotation": {"angle": -22.5, "axis": "z", "origin": [11.83392, -6.53201, 8]},
			"faces": {
				"north": {"uv": [10, 10.5, 10.25, 11], "texture": "#1"},
				"east": {"uv": [10, 8.5, 10.5, 9], "texture": "#1"},
				"south": {"uv": [10.5, 10, 10.75, 10.5], "texture": "#1"},
				"west": {"uv": [9, 10, 9.5, 10.5], "texture": "#1"},
				"up": {"uv": [10.75, 11, 10.5, 10.5], "texture": "#1"},
				"down": {"uv": [11.25, 0, 11, 0.5], "texture": "#1"}
			}
		},
		{
			"from": [13.04813, -8.08409, 7.495],
			"to": [14.04813, -6.08409, 8.505],
			"rotation": {"angle": 22.5, "axis": "z", "origin": [11.83392, -6.53201, 8]},
			"faces": {
				"north": {"uv": [7.5, 3, 8, 4], "texture": "#1"},
				"east": {"uv": [7.5, 4, 8, 5], "texture": "#1"},
				"south": {"uv": [7.5, 5, 8, 6], "texture": "#1"},
				"west": {"uv": [6, 7.5, 6.5, 8.5], "texture": "#1"},
				"up": {"uv": [4.5, 10.5, 4, 10], "texture": "#1"},
				"down": {"uv": [5, 10, 4.5, 10.5], "texture": "#1"}
			}
		},
		{
			"from": [9.7197, -8.08409, 7.505],
			"to": [10.5197, -6.58409, 8.495],
			"rotation": {"angle": 22.5, "axis": "z", "origin": [11.83392, -6.53201, 8]},
			"faces": {
				"north": {"uv": [9, 7.5, 9.5, 8.25], "texture": "#1"},
				"east": {"uv": [9, 8.5, 9.5, 9.25], "texture": "#1"},
				"south": {"uv": [9.5, 0, 10, 0.75], "texture": "#1"},
				"west": {"uv": [9.5, 1, 10, 1.75], "texture": "#1"},
				"up": {"uv": [7.5, 10.5, 7, 10], "texture": "#1"},
				"down": {"uv": [10.5, 7.5, 10, 8], "texture": "#1"}
			}
		},
		{
			"from": [11.13392, -9.4983, 7.505],
			"to": [12.63392, -8.6983, 8.495],
			"rotation": {"angle": 22.5, "axis": "z", "origin": [11.83392, -6.53201, 8]},
			"faces": {
				"north": {"uv": [5.5, 9, 6.25, 9.5], "texture": "#1"},
				"east": {"uv": [5.5, 10, 6, 10.5], "texture": "#1"},
				"south": {"uv": [9, 5.5, 9.75, 6], "texture": "#1"},
				"west": {"uv": [10, 5.5, 10.5, 6], "texture": "#1"},
				"up": {"uv": [7.25, 9.5, 6.5, 9], "texture": "#1"},
				"down": {"uv": [8.25, 9, 7.5, 9.5], "texture": "#1"}
			}
		},
		{
			"from": [8.60947, -2.34137, 7.5],
			"to": [10.00947, 2.15863, 8.5],
			"rotation": {"angle": 45, "axis": "z", "origin": [9.35947, -1.84137, 8]},
			"faces": {
				"north": {"uv": [4, 0, 4.75, 2.25], "texture": "#1"},
				"east": {"uv": [6.5, 2.5, 7, 4.75], "texture": "#1"},
				"south": {"uv": [4, 2.5, 4.75, 4.75], "texture": "#1"},
				"west": {"uv": [6.5, 5, 7, 7.25], "texture": "#1"},
				"up": {"uv": [5.25, 9.5, 4.5, 9], "texture": "#1"},
				"down": {"uv": [9.75, 5, 9, 5.5], "texture": "#1"}
			}
		},
		{
			"from": [9.50777, -2.591, 7.5],
			"to": [10.50777, -2.091, 8.5],
			"rotation": {"angle": -22.5, "axis": "z", "origin": [9.00777, -1.841, 8]},
			"faces": {
				"north": {"uv": [9, 10.5, 9.25, 11], "rotation": 90, "texture": "#1"},
				"east": {"uv": [10.75, 9.5, 10.5, 10], "rotation": 270, "texture": "#1"},
				"south": {"uv": [10.5, 9, 10.75, 9.5], "rotation": 270, "texture": "#1"},
				"west": {"uv": [9.75, 11, 9.5, 10.5], "rotation": 270, "texture": "#1"},
				"up": {"uv": [10, 2, 10.5, 2.5], "rotation": 270, "texture": "#1"},
				"down": {"uv": [10, 2.5, 10.5, 3], "rotation": 270, "texture": "#1"}
			}
		},
		{
			"from": [7.49078, 8.81921, 7.495],
			"to": [8.99078, 14.81921, 8.505],
			"rotation": {"angle": -22.5, "axis": "z", "origin": [8.56582, 18.92677, 7.9975]},
			"faces": {
				"north": {"uv": [2, 3, 2.75, 6], "texture": "#1"},
				"east": {"uv": [5, 5, 5.5, 8], "texture": "#1"},
				"south": {"uv": [3, 3, 3.75, 6], "texture": "#1"},
				"west": {"uv": [5.5, 5, 6, 8], "texture": "#1"},
				"up": {"uv": [10.25, 6.5, 9.5, 6], "texture": "#1"},
				"down": {"uv": [7.25, 9.5, 6.5, 10], "texture": "#1"}
			}
		},
		{
			"from": [4.35952, 16.94808, 7.5],
			"to": [8.85952, 18.34808, 8.5],
			"rotation": {"angle": 45, "axis": "z", "origin": [8.56582, 18.92677, 7.9975]},
			"faces": {
				"north": {"uv": [5, 0, 5.75, 2.25], "rotation": 270, "texture": "#1"},
				"east": {"uv": [10.25, 5, 9.5, 4.5], "rotation": 90, "texture": "#1"},
				"south": {"uv": [5, 2.5, 5.75, 4.75], "rotation": 90, "texture": "#1"},
				"west": {"uv": [6.25, 9.5, 5.5, 10], "rotation": 90, "texture": "#1"},
				"up": {"uv": [7, 2.5, 7.5, 4.75], "rotation": 90, "texture": "#1"},
				"down": {"uv": [7, 0, 7.5, 2.25], "rotation": 90, "texture": "#1"}
			}
		},
		{
			"from": [13.05101, 17.96553, 7.5],
			"to": [14.05101, 22.96553, 8.5],
			"rotation": {"angle": -45, "axis": "z", "origin": [11.83392, 22.53201, 7.9975]},
			"faces": {
				"north": {"uv": [3, 6, 3.5, 8.5], "texture": "#1"},
				"east": {"uv": [3.5, 6, 4, 8.5], "texture": "#1"},
				"south": {"uv": [6, 5, 6.5, 7.5], "texture": "#1"},
				"west": {"uv": [6.5, 0, 7, 2.5], "texture": "#1"},
				"up": {"uv": [11, 4.5, 10.5, 4], "texture": "#1"},
				"down": {"uv": [5, 10.5, 4.5, 11], "texture": "#1"}
			}
		},
		{
			"from": [8.98359, 18.06881, 7.5],
			"to": [9.98359, 18.56881, 8.5],
			"rotation": {"angle": 22.5, "axis": "z", "origin": [8.68989, 19.1475, 7.9975]},
			"faces": {
				"north": {"uv": [11, 2, 11.25, 2.5], "rotation": 270, "texture": "#1"},
				"east": {"uv": [11.25, 3, 11, 2.5], "rotation": 90, "texture": "#1"},
				"south": {"uv": [2.5, 11, 2.75, 11.5], "rotation": 90, "texture": "#1"},
				"west": {"uv": [3.25, 11, 3, 11.5], "rotation": 90, "texture": "#1"},
				"up": {"uv": [4, 10.5, 4.5, 11], "rotation": 90, "texture": "#1"},
				"down": {"uv": [10.5, 3.5, 11, 4], "rotation": 90, "texture": "#1"}
			}
		},
		{
			"from": [13.04813, 22.08409, 7.495],
			"to": [14.04813, 24.08409, 8.505],
			"rotation": {"angle": -22.5, "axis": "z", "origin": [11.83392, 22.53201, 7.9975]},
			"faces": {
				"north": {"uv": [8.5, 3, 9, 4], "texture": "#1"},
				"east": {"uv": [3.5, 8.5, 4, 9.5], "texture": "#1"},
				"south": {"uv": [8.5, 4, 9, 5], "texture": "#1"},
				"west": {"uv": [8.5, 5, 9, 6], "texture": "#1"},
				"up": {"uv": [3.5, 11, 3, 10.5], "texture": "#1"},
				"down": {"uv": [11, 3, 10.5, 3.5], "texture": "#1"}
			}
		},
		{
			"from": [13.49708, 22.06381, 7.5],
			"to": [14.49708, 24.06381, 8.5],
			"rotation": {"angle": 22.5, "axis": "z", "origin": [11.83392, 22.53201, 7.9975]},
			"faces": {
				"north": {"uv": [2, 8.5, 2.5, 9.5], "texture": "#1"},
				"east": {"uv": [8.5, 2, 9, 3], "texture": "#1"},
				"south": {"uv": [2.5, 8.5, 3, 9.5], "texture": "#1"},
				"west": {"uv": [3, 8.5, 3.5, 9.5], "texture": "#1"},
				"up": {"uv": [3, 11, 2.5, 10.5], "texture": "#1"},
				"down": {"uv": [11, 2.5, 10.5, 3], "texture": "#1"}
			}
		},
		{
			"from": [11.13392, 24.6983, 7.5],
			"to": [12.63392, 25.4983, 8.49],
			"rotation": {"angle": -22.5, "axis": "z", "origin": [11.83392, 22.53201, 7.9975]},
			"faces": {
				"north": {"uv": [9.5, 3, 10.25, 3.5], "texture": "#1"},
				"east": {"uv": [2, 10.5, 2.5, 11], "texture": "#1"},
				"south": {"uv": [9.5, 3.5, 10.25, 4], "texture": "#1"},
				"west": {"uv": [10.5, 2, 11, 2.5], "texture": "#1"},
				"up": {"uv": [10.25, 4.5, 9.5, 4], "texture": "#1"},
				"down": {"uv": [5.25, 9.5, 4.5, 10], "texture": "#1"}
			}
		},
		{
			"from": [11.43643, 24.12447, 7.5],
			"to": [13.43643, 25.12447, 8.5],
			"rotation": {"angle": 22.5, "axis": "z", "origin": [11.83392, 22.53201, 7.9975]},
			"faces": {
				"north": {"uv": [7.5, 8, 8, 9], "rotation": 270, "texture": "#1"},
				"east": {"uv": [11, 1.5, 10.5, 1], "rotation": 90, "texture": "#1"},
				"south": {"uv": [8.5, 0, 9, 1], "rotation": 90, "texture": "#1"},
				"west": {"uv": [11, 1.5, 10.5, 2], "rotation": 90, "texture": "#1"},
				"up": {"uv": [8.5, 1, 9, 2], "rotation": 90, "texture": "#1"},
				"down": {"uv": [8, 8, 8.5, 9], "rotation": 90, "texture": "#1"}
			}
		},
		{
			"from": [9.7197, 22.58409, 7.505],
			"to": [10.5197, 24.08409, 8.495],
			"rotation": {"angle": -22.5, "axis": "z", "origin": [11.83392, 22.53201, 7.9975]},
			"faces": {
				"north": {"uv": [2, 9.5, 2.5, 10.25], "texture": "#1"},
				"east": {"uv": [9.5, 2, 10, 2.75], "texture": "#1"},
				"south": {"uv": [2.5, 9.5, 3, 10.25], "texture": "#1"},
				"west": {"uv": [3, 9.5, 3.5, 10.25], "texture": "#1"},
				"up": {"uv": [11, 0.5, 10.5, 0], "texture": "#1"},
				"down": {"uv": [11, 0.5, 10.5, 1], "texture": "#1"}
			}
		},
		{
			"from": [10.37577, 22.06381, 7.5],
			"to": [11.37577, 24.06381, 8.5],
			"rotation": {"angle": 22.5, "axis": "z", "origin": [11.83392, 22.53201, 7.9975]},
			"faces": {
				"north": {"uv": [5.5, 8, 6, 9], "texture": "#1"},
				"east": {"uv": [8, 6, 8.5, 7], "texture": "#1"},
				"south": {"uv": [7, 8, 7.5, 9], "texture": "#1"},
				"west": {"uv": [8, 7, 8.5, 8], "texture": "#1"},
				"up": {"uv": [10.5, 10, 10, 9.5], "texture": "#1"},
				"down": {"uv": [10.5, 10, 10, 10.5], "texture": "#1"}
			}
		},
		{
			"from": [11.37577, 22.06381, 7.5],
			"to": [11.87577, 23.06381, 8.5],
			"rotation": {"angle": 22.5, "axis": "z", "origin": [11.83392, 22.53201, 7.9975]},
			"faces": {
				"north": {"uv": [11, 0.5, 11.25, 1], "texture": "#1"},
				"east": {"uv": [10, 9, 10.5, 9.5], "texture": "#1"},
				"south": {"uv": [11, 1, 11.25, 1.5], "texture": "#1"},
				"west": {"uv": [9.5, 10, 10, 10.5], "texture": "#1"},
				"up": {"uv": [11.25, 2, 11, 1.5], "texture": "#1"},
				"down": {"uv": [2.25, 11, 2, 11.5], "texture": "#1"}
			}
		},
		{
			"from": [3.26174, 8.77351, 7.495],
			"to": [3.76174, 11.27351, 8.505],
			"rotation": {"angle": 22.5, "axis": "z", "origin": [6.68437, 11.75, 8.005]},
			"faces": {
				"north": {"uv": [3.5, 9.5, 3.75, 10.75], "texture": "#1"},
				"east": {"uv": [7, 5, 7.5, 6.25], "texture": "#1"},
				"south": {"uv": [7.5, 9.5, 7.75, 10.75], "texture": "#1"},
				"west": {"uv": [7, 6.5, 7.5, 7.75], "texture": "#1"},
				"up": {"uv": [10.75, 8, 10.5, 7.5], "texture": "#1"},
				"down": {"uv": [10.75, 8, 10.5, 8.5], "texture": "#1"}
			}
		},
		{
			"from": [3.26174, 4.72649, 7.495],
			"to": [3.76174, 7.22649, 8.505],
			"rotation": {"angle": -22.5, "axis": "z", "origin": [6.68437, 4.25, 8.005]},
			"faces": {
				"north": {"uv": [9.5, 7.5, 9.75, 8.75], "texture": "#1"},
				"east": {"uv": [7.5, 0, 8, 1.25], "texture": "#1"},
				"south": {"uv": [8, 9.5, 8.25, 10.75], "texture": "#1"},
				"west": {"uv": [7.5, 1.5, 8, 2.75], "texture": "#1"},
				"up": {"uv": [8.75, 11, 8.5, 10.5], "texture": "#1"},
				"down": {"uv": [10.75, 8.5, 10.5, 9], "texture": "#1"}
			}
		},
		{
			"from": [5.05067, 5.57819, 7.49],
			"to": [6.55067, 6.07819, 8.51],
			"rotation": {"angle": 22.5, "axis": "z", "origin": [4.57418, 2.65556, 8]},
			"faces": {
				"north": {"uv": [10.5, 5, 11.25, 5.25], "texture": "#1"},
				"east": {"uv": [11, 3, 11.5, 3.25], "texture": "#1"},
				"south": {"uv": [10.5, 5.5, 11.25, 5.75], "texture": "#1"},
				"west": {"uv": [3.5, 11, 4, 11.25], "texture": "#1"},
				"up": {"uv": [10.25, 7, 9.5, 6.5], "texture": "#1"},
				"down": {"uv": [10.25, 7, 9.5, 7.5], "texture": "#1"}
			}
		},
		{
			"from": [5.05067, 9.92181, 7.49],
			"to": [6.55067, 10.42181, 8.51],
			"rotation": {"angle": -22.5, "axis": "z", "origin": [4.57418, 13.34444, 8]},
			"faces": {
				"north": {"uv": [10.5, 4.5, 11.25, 4.75], "texture": "#1"},
				"east": {"uv": [6, 10.5, 6.5, 10.75], "texture": "#1"},
				"south": {"uv": [5, 10.5, 5.75, 10.75], "texture": "#1"},
				"west": {"uv": [10.5, 6, 11, 6.25], "texture": "#1"},
				"up": {"uv": [6.75, 9, 6, 8.5], "texture": "#1"},
				"down": {"uv": [9.25, 6, 8.5, 6.5], "texture": "#1"}
			}
		},
		{
			"from": [4.78178, 7.4, 7.485],
			"to": [5.28178, 8.6, 8.515],
			"rotation": {"angle": 0, "axis": "z", "origin": [7.10441, 14.47649, 8]},
			"faces": {
				"north": {"uv": [6.5, 10.5, 6.75, 11], "texture": "#1"},
				"east": {"uv": [8.5, 9.5, 9, 10], "texture": "#1"},
				"south": {"uv": [10.5, 6.5, 10.75, 7], "texture": "#1"},
				"west": {"uv": [9, 9.5, 9.5, 10], "texture": "#1"},
				"up": {"uv": [7.25, 11, 7, 10.5], "texture": "#1"},
				"down": {"uv": [10.75, 7, 10.5, 7.5], "texture": "#1"}
			}
		},
		{
			"from": [13.14429, 0, 7.75],
			"to": [13.64429, 16, 8.25],
			"rotation": {"angle": 0, "axis": "z", "origin": [4.46692, 14.47649, 8.255]},
			"faces": {
				"north": {"uv": [0, 0, 0.25, 14], "texture": "#1"},
				"east": {"uv": [0.5, 0, 0.75, 14], "texture": "#1"},
				"south": {"uv": [1, 0, 1.25, 14], "texture": "#1"},
				"west": {"uv": [1.5, 0, 1.75, 14], "texture": "#1"},
				"up": {"uv": [11.25, 3.75, 11, 3.5], "texture": "#1"},
				"down": {"uv": [4.25, 11, 4, 11.25], "texture": "#1"}
			}
		},
		{
			"from": [8.30296, 11.38602, 7.75],
			"to": [8.80296, 15.38602, 8.25],
			"rotation": {"angle": 22.5, "axis": "z", "origin": [-0.37441, 25.86251, 8.255]},
			"faces": {
				"north": {"uv": [0, 0, 0.25, 14], "texture": "#1"},
				"east": {"uv": [0.5, 0, 0.75, 14], "texture": "#1"},
				"south": {"uv": [1, 0, 1.25, 14], "texture": "#1"},
				"west": {"uv": [1.5, 0, 1.75, 14], "texture": "#1"},
				"up": {"uv": [11.25, 3.75, 11, 3.5], "texture": "#1"},
				"down": {"uv": [4.25, 11, 4, 11.25], "texture": "#1"}
			}
		},
		{
			"from": [8.30296, 0.61398, 7.75],
			"to": [8.80296, 4.61398, 8.25],
			"rotation": {"angle": -22.5, "axis": "z", "origin": [-0.37441, -9.86251, 8.255]},
			"faces": {
				"north": {"uv": [0, 14, 0.25, 0], "texture": "#1"},
				"east": {"uv": [0.5, 14, 0.75, 0], "texture": "#1"},
				"south": {"uv": [1, 14, 1.25, 0], "texture": "#1"},
				"west": {"uv": [1.5, 14, 1.75, 0], "texture": "#1"},
				"up": {"uv": [4.25, 11.25, 4, 11], "texture": "#1"},
				"down": {"uv": [11.25, 3.5, 11, 3.75], "texture": "#1"}
			}
		},
		{
			"from": [4.30461, 6.11209, 7.485],
			"to": [5.28178, 7.4, 8.515],
			"rotation": {"angle": 0, "axis": "z", "origin": [7.12725, 14.47649, 8]},
			"faces": {
				"north": {"uv": [8.5, 7.5, 9, 8.25], "texture": "#1"},
				"east": {"uv": [8.5, 8.5, 9, 9.25], "texture": "#1"},
				"south": {"uv": [9, 0, 9.5, 0.75], "texture": "#1"},
				"west": {"uv": [9, 1, 9.5, 1.75], "texture": "#1"},
				"up": {"uv": [10, 9.5, 9.5, 9], "texture": "#1"},
				"down": {"uv": [10, 9.5, 9.5, 10], "texture": "#1"}
			}
		},
		{
			"from": [4.30461, 8.6, 7.485],
			"to": [5.28178, 9.88791, 8.515],
			"rotation": {"angle": 0, "axis": "z", "origin": [7.12725, 14.47649, 8]},
			"faces": {
				"north": {"uv": [9, 2, 9.5, 2.75], "texture": "#1"},
				"east": {"uv": [9, 3, 9.5, 3.75], "texture": "#1"},
				"south": {"uv": [4, 9, 4.5, 9.75], "texture": "#1"},
				"west": {"uv": [9, 4, 9.5, 4.75], "texture": "#1"},
				"up": {"uv": [10.5, 0.5, 10, 0], "texture": "#1"},
				"down": {"uv": [10.5, 0.5, 10, 1], "texture": "#1"}
			}
		},
		{
			"from": [-2.5, 8, 5.5],
			"to": [13.5, 8, 10.5],
			"rotation": {"angle": 0, "axis": "y", "origin": [8, 2, 8]},
			"faces": {
				"up": {"uv": [0, 0, 8, 2.5], "rotation": 180, "texture": "#2"},
				"down": {"uv": [0, 0, 8, 2.5], "rotation": 180, "texture": "#2"}
			}
		},
		{
			"from": [12.5, 5.5, 5.5],
			"to": [12.5, 10.5, 10.5],
			"rotation": {"angle": 0, "axis": "y", "origin": [8, 2, 8]},
			"faces": {
				"east": {"uv": [0, 2.5, 2.5, 5], "texture": "#2"},
				"west": {"uv": [0, 2.5, 2.5, 5], "texture": "#2"}
			}
		},
		{
			"from": [-2.5, 5.5, 8],
			"to": [13.5, 10.5, 8],
			"rotation": {"angle": 0, "axis": "y", "origin": [8, 2, 8]},
			"faces": {
				"north": {"uv": [0, 0, 8, 2.5], "texture": "#2"},
				"south": {"uv": [0, 0, 8, 2.5], "rotation": 180, "texture": "#2"}
			}
		}
	],
	"gui_light": "front",
	"display": {
		"thirdperson_righthand": {
			"rotation": [-80, 80, -100],
			"translation": [-1, -1.5, 2],
			"scale": [0.9, 0.9, 0.9]
		},
		"thirdperson_lefthand": {
			"rotation": [80, -80, -100],
			"translation": [-1, -1.5, 2],
			"scale": [0.9, 0.9, 0.9]
		},
		"firstperson_righthand": {
			"rotation": [0, -90, -25],
			"translation": [0, 3.5, 0],
			"scale": [0.65, 0.65, 0.65]
		},
		"firstperson_lefthand": {
			"rotation": [0, 90, 25],
			"translation": [0, 3.5, 0],
			"scale": [0.65, 0.65, 0.65]
		},
		"ground": {
			"translation": [0, 10, 0],
			"scale": [0.7, 0.7, 0.7]
		},
		"gui": {
			"rotation": [0, 0, -45],
			"translation": [-0.67, 1, -0.5],
			"scale": [0.55, 0.55, 0.55]
		},
		"fixed": {
			"rotation": [0, 0, -135],
			"translation": [0.75, 1.25, 0],
			"scale": [0.7, 0.7, 0.7]
		}
	},
	"groups": [
		0,
		1,
		2,
		3,
		4,
		5,
		6,
		7,
		8,
		9,
		10,
		11,
		12,
		13,
		14,
		15,
		16,
		17,
		18,
		19,
		20,
		21,
		22,
		23,
		24,
		25,
		26,
		27,
		28,
		29,
		30,
		31,
		{
			"name": "arrow",
			"origin": [8, 2, 8],
			"color": 0,
			"children": [32, 33, 34]
		}
	]
}