{
	"credit": "Made with Blockbench",
	"texture_size": [32, 32],
	"textures": {
		"2": "item/custom/kyle_axe",
		"particle": "item/custom/kyle_axe"
	},
	"elements": [
		{
			"from": [6.7, -11, 7.5],
			"to": [9.3, -10, 8.5],
			"rotation": {"angle": 0, "axis": "y", "origin": [8.70992, 1.02874, 8]},
			"faces": {
				"north": {"uv": [9, 1.5, 10.25, 2], "texture": "#2"},
				"east": {"uv": [10.5, 4, 11, 4.5], "texture": "#2"},
				"south": {"uv": [9, 2, 10.25, 2.5], "texture": "#2"},
				"west": {"uv": [10.5, 4.5, 11, 5], "texture": "#2"},
				"up": {"uv": [10.25, 8, 9, 7.5], "texture": "#2"},
				"down": {"uv": [9.25, 9, 8, 9.5], "texture": "#2"}
			}
		},
		{
			"from": [7.15, -10, 7.5],
			"to": [8.85, -4, 8.5],
			"rotation": {"angle": 0, "axis": "y", "origin": [8.70992, 1.02874, 8]},
			"faces": {
				"north": {"uv": [4, 4, 4.75, 7], "texture": "#2"},
				"east": {"uv": [3.5, 7, 4, 10], "texture": "#2"},
				"south": {"uv": [5, 0, 5.75, 3], "texture": "#2"},
				"west": {"uv": [4, 7, 4.5, 10], "texture": "#2"},
				"up": {"uv": [10.75, 5.5, 10, 5], "texture": "#2"},
				"down": {"uv": [6.25, 10, 5.5, 10.5], "texture": "#2"}
			}
		},
		{
			"from": [7.15, 9.55749, 7.495],
			"to": [8.85, 15.55749, 8.505],
			"rotation": {"angle": 0, "axis": "y", "origin": [8.70992, 1.02874, 7.995]},
			"faces": {
				"north": {"uv": [5, 3, 5.75, 6], "texture": "#2"},
				"east": {"uv": [4.5, 7, 5, 10], "texture": "#2"},
				"south": {"uv": [6, 0, 6.75, 3], "texture": "#2"},
				"west": {"uv": [6, 7, 6.5, 10], "texture": "#2"},
				"up": {"uv": [8.25, 10.5, 7.5, 10], "texture": "#2"},
				"down": {"uv": [10.75, 8.5, 10, 9], "texture": "#2"}
			}
		},
		{
			"from": [7.15, 21.55749, 7.5],
			"to": [8.85, 22.05749, 8.5],
			"rotation": {"angle": 0, "axis": "y", "origin": [8.70992, 1.02874, 8]},
			"faces": {
				"north": {"uv": [0.5, 11, 1.25, 11.25], "texture": "#2"},
				"east": {"uv": [2.5, 11, 3, 11.25], "texture": "#2"},
				"south": {"uv": [11, 1, 11.75, 1.25], "texture": "#2"},
				"west": {"uv": [11, 2.5, 11.5, 2.75], "texture": "#2"},
				"up": {"uv": [11.25, 4, 10.5, 3.5], "texture": "#2"},
				"down": {"uv": [4.75, 10.5, 4, 11], "texture": "#2"}
			}
		},
		{
			"from": [7, 15.6, 7.25],
			"to": [9, 21.6, 8.75],
			"rotation": {"angle": 0, "axis": "y", "origin": [8, 7.45749, 7.75]},
			"faces": {
				"north": {"uv": [2, 4, 3, 7], "texture": "#2"},
				"east": {"uv": [6, 3, 6.75, 6], "texture": "#2"},
				"south": {"uv": [3, 4, 4, 7], "texture": "#2"},
				"west": {"uv": [5, 6, 5.75, 9], "texture": "#2"},
				"up": {"uv": [1.5, 8.75, 0.5, 8], "texture": "#2"},
				"down": {"uv": [9, 7.5, 8, 8.25], "texture": "#2"}
			}
		},
		{
			"from": [3, 20.6, 7.5],
			"to": [7, 21.6, 8.5],
			"rotation": {"angle": 0, "axis": "y", "origin": [8, 7.45749, 8]},
			"faces": {
				"north": {"uv": [7.5, 3.5, 9.5, 4], "texture": "#2"},
				"east": {"uv": [5, 10.5, 5.5, 11], "texture": "#2"},
				"south": {"uv": [7.5, 4, 9.5, 4.5], "texture": "#2"},
				"west": {"uv": [5.5, 10.5, 6, 11], "texture": "#2"},
				"up": {"uv": [9.5, 5, 7.5, 4.5], "texture": "#2"},
				"down": {"uv": [9.5, 7, 7.5, 7.5], "texture": "#2"}
			}
		},
		{
			"from": [8.4, 18.1, 7.495],
			"to": [14.4, 21.6, 8.505],
			"rotation": {"angle": 0, "axis": "y", "origin": [7.4, 7.45749, 7.995]},
			"faces": {
				"north": {"uv": [0, 0, 3, 1.75], "texture": "#2"},
				"east": {"uv": [7.5, 7.5, 8, 9.25], "texture": "#2"},
				"south": {"uv": [0, 2, 3, 3.75], "texture": "#2"},
				"west": {"uv": [0, 8, 0.5, 9.75], "texture": "#2"},
				"up": {"uv": [10, 5.5, 7, 5], "texture": "#2"},
				"down": {"uv": [10, 5.5, 7, 6], "texture": "#2"}
			}
		},
		{
			"from": [12.4, 15.6, 7.495],
			"to": [14.4, 18.1, 8.505],
			"rotation": {"angle": 0, "axis": "y", "origin": [7.4, 7.45749, 7.995]},
			"faces": {
				"north": {"uv": [6.5, 7, 7.5, 8.25], "texture": "#2"},
				"east": {"uv": [6.5, 8.5, 7, 9.75], "texture": "#2"},
				"south": {"uv": [7.5, 1, 8.5, 2.25], "texture": "#2"},
				"west": {"uv": [7, 8.5, 7.5, 9.75], "texture": "#2"},
				"up": {"uv": [10.5, 7.5, 9.5, 7], "texture": "#2"},
				"down": {"uv": [8.5, 9.5, 7.5, 10], "texture": "#2"}
			}
		},
		{
			"from": [12.4, 14.6, 7.5],
			"to": [12.9, 15.6, 8.5],
			"rotation": {"angle": 0, "axis": "y", "origin": [7.4, 7.45749, 8]},
			"faces": {
				"north": {"uv": [5, 11, 5.25, 11.5], "texture": "#2"},
				"east": {"uv": [10.5, 9, 11, 9.5], "texture": "#2"},
				"south": {"uv": [11, 5, 11.25, 5.5], "texture": "#2"},
				"west": {"uv": [9.5, 10.5, 10, 11], "texture": "#2"},
				"up": {"uv": [5.75, 11.5, 5.5, 11], "texture": "#2"},
				"down": {"uv": [11.25, 5.5, 11, 6], "texture": "#2"}
			}
		},
		{
			"from": [5.5, 20.2, 7.495],
			"to": [10, 22.2, 8.505],
			"rotation": {"angle": -45, "axis": "z", "origin": [5, 20.7, 8.245]},
			"faces": {
				"north": {"uv": [6, 6, 8.25, 7], "texture": "#2"},
				"east": {"uv": [5, 9, 5.5, 10], "texture": "#2"},
				"south": {"uv": [7, 0, 9.25, 1], "texture": "#2"},
				"west": {"uv": [5.5, 9, 6, 10], "texture": "#2"},
				"up": {"uv": [9.75, 3, 7.5, 2.5], "texture": "#2"},
				"down": {"uv": [9.75, 3, 7.5, 3.5], "texture": "#2"}
			}
		},
		{
			"from": [10.72046, 20.52994, 7.5],
			"to": [13.22046, 21.52994, 8.5],
			"rotation": {"angle": 22.5, "axis": "z", "origin": [11.12046, 24.02994, 8]},
			"faces": {
				"north": {"uv": [9, 8, 10.25, 8.5], "texture": "#2"},
				"east": {"uv": [7, 10.5, 7.5, 11], "texture": "#2"},
				"south": {"uv": [9.5, 0, 10.75, 0.5], "texture": "#2"},
				"west": {"uv": [10.5, 7, 11, 7.5], "texture": "#2"},
				"up": {"uv": [1.75, 10, 0.5, 9.5], "texture": "#2"},
				"down": {"uv": [10.75, 0.5, 9.5, 1], "texture": "#2"}
			}
		},
		{
			"from": [10.40381, 17.91802, 7.5],
			"to": [13.40381, 18.91802, 8.5],
			"rotation": {"angle": -22.5, "axis": "z", "origin": [11.30381, 17.41802, 8]},
			"faces": {
				"north": {"uv": [8.5, 6, 10, 6.5], "texture": "#2"},
				"east": {"uv": [8, 10.5, 8.5, 11], "texture": "#2"},
				"south": {"uv": [8.5, 6.5, 10, 7], "texture": "#2"},
				"west": {"uv": [10.5, 8, 11, 8.5], "texture": "#2"},
				"up": {"uv": [9.5, 9, 8, 8.5], "texture": "#2"},
				"down": {"uv": [10.5, 1, 9, 1.5], "texture": "#2"}
			}
		},
		{
			"from": [12.10381, 15.41802, 7.5],
			"to": [12.60381, 17.41802, 8.5],
			"rotation": {"angle": 22.5, "axis": "z", "origin": [11.30381, 17.41802, 8]},
			"faces": {
				"north": {"uv": [8.5, 10.5, 8.75, 11.5], "texture": "#2"},
				"east": {"uv": [0, 10, 0.5, 11], "texture": "#2"},
				"south": {"uv": [9, 10.5, 9.25, 11.5], "texture": "#2"},
				"west": {"uv": [0.5, 10, 1, 11], "texture": "#2"},
				"up": {"uv": [4.75, 11.5, 4.5, 11], "texture": "#2"},
				"down": {"uv": [11.25, 4.5, 11, 5], "texture": "#2"}
			}
		},
		{
			"from": [12.20381, 14.48198, 7.495],
			"to": [13.28381, 16.53198, 8.505],
			"rotation": {"angle": -22.5, "axis": "z", "origin": [11.30381, 14.48198, 7.995]},
			"faces": {
				"north": {"uv": [8.5, 9.5, 9, 10.5], "texture": "#2"},
				"east": {"uv": [9.5, 8.5, 10, 9.5], "texture": "#2"},
				"south": {"uv": [9, 9.5, 9.5, 10.5], "texture": "#2"},
				"west": {"uv": [9.5, 9.5, 10, 10.5], "texture": "#2"},
				"up": {"uv": [8, 11, 7.5, 10.5], "texture": "#2"},
				"down": {"uv": [11, 7.5, 10.5, 8], "texture": "#2"}
			}
		},
		{
			"from": [12.7438, 14.28198, 7.495],
			"to": [13.2838, 14.53198, 8.505],
			"rotation": {"angle": -22.5, "axis": "z", "origin": [11.30381, 14.48198, 7.995]},
			"faces": {
				"north": {"uv": [8, 11, 8.25, 11.25], "texture": "#2"},
				"east": {"uv": [6.5, 11, 7, 11.25], "texture": "#2"},
				"south": {"uv": [11, 8, 11.25, 8.25], "texture": "#2"},
				"west": {"uv": [11, 6.5, 11.5, 6.75], "texture": "#2"},
				"up": {"uv": [7.25, 11.5, 7, 11], "texture": "#2"},
				"down": {"uv": [11.25, 7, 11, 7.5], "texture": "#2"}
			}
		},
		{
			"from": [12.10381, 14.48198, 7.495],
			"to": [12.60381, 16.53198, 8.505],
			"rotation": {"angle": -22.5, "axis": "z", "origin": [11.30381, 14.48198, 7.995]},
			"faces": {
				"north": {"uv": [10.5, 9.5, 10.75, 10.5], "texture": "#2"},
				"east": {"uv": [1, 10, 1.5, 11], "texture": "#2"},
				"south": {"uv": [10.5, 10.5, 10.75, 11.5], "texture": "#2"},
				"west": {"uv": [1.5, 10, 2, 11], "texture": "#2"},
				"up": {"uv": [6.25, 11.5, 6, 11], "texture": "#2"},
				"down": {"uv": [11.25, 6, 11, 6.5], "texture": "#2"}
			}
		},
		{
			"from": [10.87573, 12.49367, 7.5],
			"to": [11.57573, 13.94367, 8.5],
			"rotation": {"angle": 22.5, "axis": "z", "origin": [10.87573, 16.99367, 8]},
			"faces": {
				"north": {"uv": [0, 11, 0.25, 11.75], "texture": "#2"},
				"east": {"uv": [10, 9, 10.5, 9.75], "texture": "#2"},
				"south": {"uv": [11, 0, 11.25, 0.75], "texture": "#2"},
				"west": {"uv": [10, 10, 10.5, 10.75], "texture": "#2"},
				"up": {"uv": [1.75, 11.5, 1.5, 11], "texture": "#2"},
				"down": {"uv": [11.25, 1.5, 11, 2], "texture": "#2"}
			}
		},
		{
			"from": [13.38861, 14.7454, 7.5],
			"to": [13.85671, 15.2024, 8.5],
			"rotation": {"angle": -45, "axis": "z", "origin": [10.68861, 14.7454, 8]},
			"faces": {
				"north": {"uv": [7.5, 11, 7.75, 11.25], "texture": "#2"},
				"east": {"uv": [3, 11, 3.5, 11.25], "texture": "#2"},
				"south": {"uv": [11, 7.5, 11.25, 7.75], "texture": "#2"},
				"west": {"uv": [11, 3, 11.5, 3.25], "texture": "#2"},
				"up": {"uv": [4.25, 11.5, 4, 11], "texture": "#2"},
				"down": {"uv": [11.25, 4, 11, 4.5], "texture": "#2"}
			}
		},
		{
			"from": [13.89813, 14.39058, 7.5],
			"to": [14.39813, 17.39058, 8.5],
			"rotation": {"angle": -22.5, "axis": "z", "origin": [9.89813, 16.49058, 8]},
			"faces": {
				"north": {"uv": [10.5, 1, 10.75, 2.5], "texture": "#2"},
				"east": {"uv": [1.5, 8, 2, 9.5], "texture": "#2"},
				"south": {"uv": [3.5, 10.5, 3.75, 12], "texture": "#2"},
				"west": {"uv": [8.5, 1, 9, 2.5], "texture": "#2"},
				"up": {"uv": [2.25, 11.5, 2, 11], "texture": "#2"},
				"down": {"uv": [11.25, 2, 11, 2.5], "texture": "#2"}
			}
		},
		{
			"from": [3.46801, 20.50343, 7.5],
			"to": [5.66801, 21.50343, 8.5],
			"rotation": {"angle": -22.5, "axis": "z", "origin": [3.66801, 21.00343, 8.25]},
			"faces": {
				"north": {"uv": [0.5, 9, 1.5, 9.5], "texture": "#2"},
				"east": {"uv": [6, 10.5, 6.5, 11], "texture": "#2"},
				"south": {"uv": [9.5, 3.5, 10.5, 4], "texture": "#2"},
				"west": {"uv": [6.5, 10.5, 7, 11], "texture": "#2"},
				"up": {"uv": [10.5, 4.5, 9.5, 4], "texture": "#2"},
				"down": {"uv": [10.5, 4.5, 9.5, 5], "texture": "#2"}
			}
		},
		{
			"from": [9.19316, -4.21416, 7.495],
			"to": [10.79316, 3.78584, 8.505],
			"rotation": {"angle": -22.5, "axis": "z", "origin": [8.70992, 1.02874, 7.995]},
			"faces": {
				"north": {"uv": [3, 0, 3.75, 4], "texture": "#2"},
				"east": {"uv": [7, 1, 7.5, 5], "texture": "#2"},
				"south": {"uv": [0, 4, 0.75, 8], "texture": "#2"},
				"west": {"uv": [2, 7, 2.5, 11], "texture": "#2"},
				"up": {"uv": [10.75, 6, 10, 5.5], "texture": "#2"},
				"down": {"uv": [10.75, 6, 10, 6.5], "texture": "#2"}
			}
		},
		{
			"from": [10.53255, 1.50523, 7.5],
			"to": [12.13255, 9.50523, 8.5],
			"rotation": {"angle": 22.5, "axis": "z", "origin": [8.70992, 1.02874, 8]},
			"faces": {
				"north": {"uv": [4, 0, 4.75, 4], "texture": "#2"},
				"east": {"uv": [2.5, 7, 3, 11], "texture": "#2"},
				"south": {"uv": [1, 4, 1.75, 8], "texture": "#2"},
				"west": {"uv": [3, 7, 3.5, 11], "texture": "#2"},
				"up": {"uv": [7.25, 10.5, 6.5, 10], "texture": "#2"},
				"down": {"uv": [10.75, 6.5, 10, 7], "texture": "#2"}
			}
		},
		{
			"from": [10.4, 2.1, 8],
			"to": [11.9, 3.1, 8],
			"rotation": {"angle": -22.5, "axis": "z", "origin": [12, 1, 8]},
			"faces": {
				"north": {"uv": [3.5, 10, 4.25, 10.5], "texture": "#2"},
				"east": {"uv": [0, 0, 0, 0.5], "texture": "#2"},
				"south": {"uv": [4.5, 10, 5.25, 10.5], "texture": "#2"},
				"west": {"uv": [0, 0, 0, 0.5], "texture": "#2"},
				"up": {"uv": [0.75, 0, 0, 0], "texture": "#2"},
				"down": {"uv": [0.75, 0, 0, 0], "texture": "#2"}
			}
		},
		{
			"from": [3, -6, 8],
			"to": [5, -5, 8],
			"rotation": {"angle": 22.5, "axis": "z", "origin": [12, 1, 8]},
			"faces": {
				"north": {"uv": [10, 2.5, 11, 3], "texture": "#2"},
				"east": {"uv": [0, 0, 0, 0.5], "texture": "#2"},
				"south": {"uv": [10, 3, 11, 3.5], "texture": "#2"},
				"west": {"uv": [0, 0, 0, 0.5], "texture": "#2"},
				"up": {"uv": [1, 0, 0, 0], "texture": "#2"},
				"down": {"uv": [1, 0, 0, 0], "texture": "#2"}
			}
		}
	],
	"gui_light": "front",
	"display": {
		"thirdperson_righthand": {
			"rotation": [0, 90, 0],
			"translation": [0, 7.25, 1.25],
			"scale": [0.8, 0.8, 0.8]
		},
		"thirdperson_lefthand": {
			"rotation": [0, -90, 0],
			"translation": [0, 7.25, 1],
			"scale": [0.8, 0.8, 0.8]
		},
		"firstperson_righthand": {
			"rotation": [0, 90, 25],
			"translation": [1.5, 1, 0],
			"scale": [0.55, 0.55, 0.55]
		},
		"firstperson_lefthand": {
			"rotation": [0, -90, -25],
			"translation": [1.5, 1, 0],
			"scale": [0.55, 0.55, 0.55]
		},
		"ground": {
			"rotation": [0, 0, 45],
			"translation": [0, 7, 0],
			"scale": [0.7, 0.7, 0.7]
		},
		"gui": {
			"rotation": [0, -180, 45],
			"scale": [0.53, 0.53, 0.53]
		},
		"fixed": {
			"rotation": [0, 0, 45],
			"scale": [0.83, 0.83, 0.83]
		}
	}
}