{
	"credit": "Made with Blockbench",
	"texture_size": [32, 32],
	"textures": {
		"1": "item/custom/kyle_sword"
	},
	"elements": [
		{
			"from": [6, 1.43536, 7.5],
			"to": [10, 21.43536, 8.5],
			"rotation": {"angle": 0, "axis": "y", "origin": [0, -2.56464, -1.5]},
			"faces": {
				"north": {"uv": [0, 0, 2, 10], "texture": "#1"},
				"east": {"uv": [4, 0, 4.5, 10], "texture": "#1"},
				"south": {"uv": [2, 0, 4, 10], "texture": "#1"},
				"west": {"uv": [4.5, 0, 5, 10], "texture": "#1"},
				"up": {"uv": [8.5, 2.5, 6.5, 2], "texture": "#1"},
				"down": {"uv": [8.5, 2.5, 6.5, 3], "texture": "#1"}
			}
		},
		{
			"from": [6.82843, 19.43536, 7.505],
			"to": [9.65685, 22.26378, 8.495],
			"rotation": {"angle": -45, "axis": "z", "origin": [8.82843, 21.43536, 8.005]},
			"faces": {
				"north": {"uv": [5, 0, 6.5, 1.5], "texture": "#1"},
				"east": {"uv": [6, 8, 6.5, 9.5], "texture": "#1"},
				"south": {"uv": [5, 1.5, 6.5, 3], "texture": "#1"},
				"west": {"uv": [6.5, 8, 7, 9.5], "texture": "#1"},
				"up": {"uv": [8.5, 8.5, 7, 8], "texture": "#1"},
				"down": {"uv": [9.5, 7, 8, 7.5], "texture": "#1"}
			}
		},
		{
			"from": [7, -4.16464, 7.5],
			"to": [9, -0.16464, 8.5],
			"rotation": {"angle": 0, "axis": "y", "origin": [0, -2.76464, -0.5]},
			"faces": {
				"north": {"uv": [5, 3, 6, 5], "texture": "#1"},
				"east": {"uv": [5, 7, 5.5, 9], "texture": "#1"},
				"south": {"uv": [5, 5, 6, 7], "texture": "#1"},
				"west": {"uv": [5.5, 7, 6, 9], "texture": "#1"},
				"up": {"uv": [9.5, 7, 8.5, 6.5], "texture": "#1"},
				"down": {"uv": [9, 8.5, 8, 9], "texture": "#1"}
			}
		},
		{
			"from": [7, -0.16464, 7.1],
			"to": [9, 0.53536, 8.9],
			"rotation": {"angle": 0, "axis": "y", "origin": [0, -2.56464, -0.9]},
			"faces": {
				"north": {"uv": [9, 1.5, 10, 1.75], "texture": "#1"},
				"east": {"uv": [8, 9, 9, 9.25], "texture": "#1"},
				"south": {"uv": [9, 8.5, 10, 8.75], "texture": "#1"},
				"west": {"uv": [9, 9, 10, 9.25], "texture": "#1"},
				"up": {"uv": [7, 8, 6, 7], "texture": "#1"},
				"down": {"uv": [8, 7, 7, 8], "texture": "#1"}
			}
		},
		{
			"from": [6.7, -5.16464, 7.5],
			"to": [9.3, -4.16464, 8.5],
			"rotation": {"angle": 0, "axis": "y", "origin": [-0.3, -2.76464, -0.5]},
			"faces": {
				"north": {"uv": [8, 7.5, 9.25, 8], "texture": "#1"},
				"east": {"uv": [9, 0.5, 9.5, 1], "texture": "#1"},
				"south": {"uv": [8.5, 4, 9.75, 4.5], "texture": "#1"},
				"west": {"uv": [9, 1, 9.5, 1.5], "texture": "#1"},
				"up": {"uv": [9.75, 5, 8.5, 4.5], "texture": "#1"},
				"down": {"uv": [9.75, 5, 8.5, 5.5], "texture": "#1"}
			}
		},
		{
			"from": [6.82929, -5.96464, 7.75],
			"to": [7.82929, -5.46464, 8.25],
			"rotation": {"angle": -45, "axis": "z", "origin": [7.92929, -5.66464, 8.25]},
			"faces": {
				"north": {"uv": [6, 9.5, 6.5, 9.75], "texture": "#1"},
				"east": {"uv": [6.5, 9.5, 7, 9.75], "texture": "#1"},
				"south": {"uv": [9.5, 6.5, 10, 6.75], "texture": "#1"},
				"west": {"uv": [7, 9.5, 7.5, 9.75], "texture": "#1"},
				"up": {"uv": [10, 1, 9.5, 0.5], "texture": "#1"},
				"down": {"uv": [10, 1, 9.5, 1.5], "texture": "#1"}
			}
		},
		{
			"from": [7.64645, -5.80607, 7.75],
			"to": [8.35355, -5.46464, 8.25],
			"rotation": {"angle": 0, "axis": "z", "origin": [7.92929, -5.66464, 8.25]},
			"faces": {
				"north": {"uv": [0, 10, 0.25, 10.25], "texture": "#1"},
				"east": {"uv": [9.5, 8, 10, 8.25], "texture": "#1"},
				"south": {"uv": [10, 0, 10.25, 0.25], "texture": "#1"},
				"west": {"uv": [8.5, 9.5, 9, 9.75], "texture": "#1"},
				"up": {"uv": [9.25, 10, 9, 9.5], "texture": "#1"},
				"down": {"uv": [9.75, 9.5, 9.5, 10], "texture": "#1"}
			}
		},
		{
			"from": [8.12929, -6.06464, 7.75],
			"to": [9.12929, -5.56464, 8.25],
			"rotation": {"angle": 45, "axis": "z", "origin": [7.92929, -5.66464, 8.25]},
			"faces": {
				"north": {"uv": [9.5, 7, 10, 7.25], "texture": "#1"},
				"east": {"uv": [7.5, 9.5, 8, 9.75], "texture": "#1"},
				"south": {"uv": [9.5, 7.5, 10, 7.75], "texture": "#1"},
				"west": {"uv": [8, 9.5, 8.5, 9.75], "texture": "#1"},
				"up": {"uv": [10, 2.5, 9.5, 2], "texture": "#1"},
				"down": {"uv": [10, 2.5, 9.5, 3], "texture": "#1"}
			}
		},
		{
			"from": [5.8, 1.43536, 7.3],
			"to": [10.2, 2.43536, 8.7],
			"rotation": {"angle": 0, "axis": "y", "origin": [-0.2, -2.56464, -1.7]},
			"faces": {
				"north": {"uv": [6.5, 1, 8.75, 1.5], "texture": "#1"},
				"east": {"uv": [8.5, 8, 9.25, 8.5], "texture": "#1"},
				"south": {"uv": [6.5, 1.5, 8.75, 2], "texture": "#1"},
				"west": {"uv": [9, 0, 9.75, 0.5], "texture": "#1"},
				"up": {"uv": [8.75, 0.75, 6.5, 0], "texture": "#1"}
			}
		},
		{
			"from": [5.6, -0.06464, 7.3],
			"to": [10.4, 1.43536, 8.7],
			"rotation": {"angle": 0, "axis": "y", "origin": [-0.4, -2.56464, -1.7]},
			"faces": {
				"north": {"uv": [6, 3, 8.5, 3.75], "texture": "#1"},
				"east": {"uv": [8.5, 5.5, 9.25, 6.25], "texture": "#1"},
				"south": {"uv": [6, 4, 8.5, 4.75], "texture": "#1"},
				"west": {"uv": [7, 8.5, 7.75, 9.25], "texture": "#1"},
				"up": {"uv": [8.5, 5.75, 6, 5], "texture": "#1"},
				"down": {"uv": [8.5, 6, 6, 6.75], "texture": "#1"}
			}
		},
		{
			"from": [7.7, 0.23536, 7],
			"to": [8.3, 1.63536, 9],
			"rotation": {"angle": 0, "axis": "y", "origin": [0, -2.56464, 0]},
			"faces": {
				"north": {"uv": [9.5, 3, 9.75, 3.75], "texture": "#1"},
				"east": {"uv": [8.5, 2, 9.5, 2.75], "texture": "#1"},
				"south": {"uv": [9.5, 5.5, 9.75, 6.25], "texture": "#1"},
				"west": {"uv": [8.5, 3, 9.5, 3.75], "texture": "#1"},
				"up": {"uv": [5.25, 10, 5, 9], "texture": "#1"},
				"down": {"uv": [5.75, 9, 5.5, 10], "texture": "#1"}
			}
		}
	],
	"gui_light": "front",
	"display": {
		"thirdperson_righthand": {
			"rotation": [0, 90, 0],
			"translation": [0, 8.75, 0.25]
		},
		"thirdperson_lefthand": {
			"rotation": [0, 90, 0],
			"translation": [0, 8.75, 0.25]
		},
		"firstperson_righthand": {
			"rotation": [0, 90, 25],
			"translation": [0, 3.5, 0],
			"scale": [0.65, 0.65, 0.65]
		},
		"firstperson_lefthand": {
			"rotation": [0, -90, -25],
			"translation": [0, 3.5, 0],
			"scale": [0.65, 0.65, 0.65]
		},
		"ground": {
			"translation": [0, 6, 0],
			"scale": [0.7, 0.7, 0.7]
		},
		"gui": {
			"rotation": [0, 0, -45],
			"translation": [-0.25, -0.25, -0.5],
			"scale": [0.75, 0.75, 0.75]
		},
		"fixed": {
			"rotation": [0, 0, 45],
			"translation": [0.5, -0.75, 0]
		}
	}
}