{
	"credit": "Made with Blockbench",
	"texture_size": [32, 32],
	"textures": {
		"0": "block/custom/labrushkey",
		"particle": "block/custom/labrushkey"
	},
	"elements": [
		{
			"from": [0, 0, 7],
			"to": [8, 13, 8],
			"faces": {
				"north": {"uv": [0, 0, 4, 6.5], "texture": "#0"},
				"east": {"uv": [0, 6.5, 0.5, 13], "texture": "#0"},
				"south": {"uv": [4, 0, 8, 6.5], "texture": "#0"},
				"west": {"uv": [0.5, 6.5, 1, 13], "texture": "#0"},
				"up": {"uv": [5, 7, 1, 6.5], "texture": "#0"},
				"down": {"uv": [9, 6.5, 5, 7], "texture": "#0"}
			}
		}
	],
	"gui_light": "front",
	"display": {
		"thirdperson_righthand": {
			"translation": [1, 0.5, 0],
			"scale": [0.25, 0.25, 0.25]
		},
		"thirdperson_lefthand": {
			"translation": [-1, 0.5, 0],
			"scale": [0.25, 0.25, 0.25]
		},
		"firstperson_righthand": {
			"rotation": [180, 2.75, 180],
			"translation": [0, 2.25, -0.25],
			"scale": [0.6, 0.6, 0.6]
		},
		"firstperson_lefthand": {
			"rotation": [180, 180, 180],
			"translation": [1, 2.25, -0.25],
			"scale": [0.6, 0.6, 0.6]
		},
		"ground": {
			"translation": [1.5, 0.25, 0.25],
			"scale": [0.5, 0.5, 0.5]
		},
		"gui": {
			"rotation": [-180, 0, -180],
			"translation": [-4.5, 1, 0],
			"scale": [1.15, 1.15, 1.15]
		},
		"head": {
			"rotation": [90, 0, 0],
			"translation": [15.75, 6.25, 6],
			"scale": [4, 4, 4]
		},
		"fixed": {
			"translation": [4, 1.5, 0]
		}
	}
}