{
	"credit": "Made with Blockbench",
	"texture_size": [32, 32],
	"textures": {
		"1": "block/custom/lasergun"
	},
	"elements": [
		{
			"from": [7, 10, 2],
			"to": [8, 12, 3],
			"rotation": {"angle": 0, "axis": "y", "origin": [7, 11, -0.5]},
			"faces": {
				"north": {"uv": [3, 0.5, 3.5, 1.5], "texture": "#1"},
				"east": {"uv": [2.5, 0.5, 3, 1.5], "texture": "#1"},
				"south": {"uv": [4, 0.5, 4.5, 1.5], "texture": "#1"},
				"west": {"uv": [3.5, 0.5, 4, 1.5], "texture": "#1"},
				"up": {"uv": [3.5, 0.5, 3, 0], "texture": "#1"},
				"down": {"uv": [4, 0, 3.5, 0.5], "texture": "#1"}
			}
		},
		{
			"from": [6, 9, 3],
			"to": [9, 12, 14],
			"rotation": {"angle": 0, "axis": "y", "origin": [-1, 3, -5]},
			"faces": {
				"north": {"uv": [5.5, 5.5, 7, 7], "texture": "#1"},
				"east": {"uv": [0, 5.5, 5.5, 7], "texture": "#1"},
				"south": {"uv": [12.5, 5.5, 14, 7], "texture": "#1"},
				"west": {"uv": [7, 5.5, 12.5, 7], "texture": "#1"},
				"up": {"uv": [7, 5.5, 5.5, 0], "texture": "#1"},
				"down": {"uv": [8.5, 0, 7, 5.5], "texture": "#1"}
			}
		},
		{
			"from": [6, 8, 5],
			"to": [9, 9, 9],
			"rotation": {"angle": 0, "axis": "x", "origin": [7, 8, 3.5]},
			"faces": {
				"north": {"uv": [7.5, 9, 9, 9.5], "texture": "#1"},
				"east": {"uv": [5.5, 9, 7.5, 9.5], "texture": "#1"},
				"south": {"uv": [11, 9, 12.5, 9.5], "texture": "#1"},
				"west": {"uv": [9, 9, 11, 9.5], "texture": "#1"},
				"up": {"uv": [9, 9, 7.5, 7], "texture": "#1"},
				"down": {"uv": [10.5, 7, 9, 9], "texture": "#1"}
			}
		},
		{
			"from": [7, 12, 5],
			"to": [8, 13, 14],
			"rotation": {"angle": 0, "axis": "y", "origin": [7, 8, 3.5]},
			"faces": {
				"north": {"uv": [4.5, 11.5, 5, 12], "texture": "#1"},
				"east": {"uv": [0, 11.5, 4.5, 12], "texture": "#1"},
				"south": {"uv": [9.5, 11.5, 10, 12], "texture": "#1"},
				"west": {"uv": [5, 11.5, 9.5, 12], "texture": "#1"},
				"up": {"uv": [5, 11.5, 4.5, 7], "texture": "#1"},
				"down": {"uv": [5.5, 7, 5, 11.5], "texture": "#1"}
			}
		},
		{
			"from": [7, 6, 11],
			"to": [8, 10, 14],
			"rotation": {"angle": -22.5, "axis": "x", "origin": [7, 6.5, 12.5]},
			"faces": {
				"north": {"uv": [1.5, 1.5, 2, 3.5], "texture": "#1"},
				"east": {"uv": [0, 1.5, 1.5, 3.5], "texture": "#1"},
				"south": {"uv": [3.5, 1.5, 4, 3.5], "texture": "#1"},
				"west": {"uv": [2, 1.5, 3.5, 3.5], "texture": "#1"},
				"up": {"uv": [2, 1.5, 1.5, 0], "texture": "#1"},
				"down": {"uv": [2.5, 0, 2, 1.5], "texture": "#1"}
			}
		}
	],
	"gui_light": "front",
	"display": {
		"thirdperson_righthand": {
			"rotation": [0, -15, 0],
			"translation": [0, 0, -1]
		},
		"thirdperson_lefthand": {
			"rotation": [0, -15, 0],
			"translation": [0, 0, -1]
		},
		"firstperson_righthand": {
			"rotation": [0, -5, 0],
			"translation": [5.5, 0.25, -2]
		},
		"firstperson_lefthand": {
			"rotation": [0, -5, 0],
			"translation": [5.5, 0.25, -2]
		},
		"gui": {
			"rotation": [0, -90, 0],
			"translation": [0, -2, 0]
		},
		"fixed": {
			"rotation": [0, 90, 0],
			"translation": [0, -2, -0.5]
		}
	}
}