{
	"credit": "Made with Blockbench",
	"texture_size": [32, 32],
	"textures": {
		"2": "block/custom/leviathan_axe",
		"particle": "block/custom/leviathan_axe"
	},
	"elements": [
		{
			"from": [8, 17.2, 7.75],
			"to": [9, 23.2, 9.75],
			"faces": {
				"north": {"uv": [3, 0, 3.5, 3], "texture": "#2"},
				"east": {"uv": [0, 0, 1, 3], "texture": "#2"},
				"south": {"uv": [1, 3, 1.5, 6], "texture": "#2"},
				"west": {"uv": [1, 0, 2, 3], "texture": "#2"},
				"up": {"uv": [8, 1, 7.5, 0], "texture": "#2"},
				"down": {"uv": [8, 1, 7.5, 2], "texture": "#2"}
			}
		},
		{
			"from": [8, 16.2, 7.5],
			"to": [9, 17.2, 9.5],
			"rotation": {"angle": 0, "axis": "y", "origin": [8.5, 14.2, 8.75]},
			"faces": {
				"north": {"uv": [9, 12, 9.5, 12.5], "texture": "#2"},
				"east": {"uv": [8, 5.5, 9, 6], "texture": "#2"},
				"south": {"uv": [12, 9, 12.5, 9.5], "texture": "#2"},
				"west": {"uv": [8.5, 6, 9.5, 6.5], "texture": "#2"},
				"up": {"uv": [6.5, 9.5, 6, 8.5], "texture": "#2"},
				"down": {"uv": [9, 6.5, 8.5, 7.5], "texture": "#2"}
			}
		},
		{
			"from": [8, 15.2, 7.25],
			"to": [9, 16.2, 9.25],
			"rotation": {"angle": 0, "axis": "y", "origin": [8.5, 14.2, 8.75]},
			"faces": {
				"north": {"uv": [9.5, 12, 10, 12.5], "texture": "#2"},
				"east": {"uv": [8.5, 7.5, 9.5, 8], "texture": "#2"},
				"south": {"uv": [12, 9.5, 12.5, 10], "texture": "#2"},
				"west": {"uv": [8.5, 8, 9.5, 8.5], "texture": "#2"},
				"up": {"uv": [9, 9.5, 8.5, 8.5], "texture": "#2"},
				"down": {"uv": [0.5, 9, 0, 10], "texture": "#2"}
			}
		},
		{
			"from": [8, 14.2, 7],
			"to": [9, 15.2, 9],
			"rotation": {"angle": 0, "axis": "y", "origin": [8.5, 14.2, 8.75]},
			"faces": {
				"north": {"uv": [10, 12, 10.5, 12.5], "texture": "#2"},
				"east": {"uv": [9, 0, 10, 0.5], "texture": "#2"},
				"south": {"uv": [12, 10, 12.5, 10.5], "texture": "#2"},
				"west": {"uv": [0.5, 9, 1.5, 9.5], "texture": "#2"},
				"up": {"uv": [9.5, 1.5, 9, 0.5], "texture": "#2"},
				"down": {"uv": [2, 9, 1.5, 10], "texture": "#2"}
			}
		},
		{
			"from": [8, 13.2, 7],
			"to": [9, 14.2, 8.75],
			"rotation": {"angle": 0, "axis": "y", "origin": [8.5, 14.2, 8.75]},
			"faces": {
				"north": {"uv": [10.5, 12, 11, 12.5], "texture": "#2"},
				"east": {"uv": [9, 1.5, 10, 2], "texture": "#2"},
				"south": {"uv": [12, 10.5, 12.5, 11], "texture": "#2"},
				"west": {"uv": [2, 9, 3, 9.5], "texture": "#2"},
				"up": {"uv": [9.5, 3, 9, 2], "texture": "#2"},
				"down": {"uv": [3.5, 9, 3, 10], "texture": "#2"}
			}
		},
		{
			"from": [8, 12.2, 7],
			"to": [9, 13.2, 8.75],
			"rotation": {"angle": 0, "axis": "y", "origin": [8.5, 14.2, 8.75]},
			"faces": {
				"north": {"uv": [11, 12, 11.5, 12.5], "texture": "#2"},
				"east": {"uv": [9, 3, 10, 3.5], "texture": "#2"},
				"south": {"uv": [12, 11, 12.5, 11.5], "texture": "#2"},
				"west": {"uv": [3.5, 9, 4.5, 9.5], "texture": "#2"},
				"up": {"uv": [9.5, 4.5, 9, 3.5], "texture": "#2"},
				"down": {"uv": [9.5, 4.5, 9, 5.5], "texture": "#2"}
			}
		},
		{
			"from": [8, 11.2, 6.75],
			"to": [9, 12.2, 8.75],
			"rotation": {"angle": 0, "axis": "y", "origin": [8.5, 14.2, 8.75]},
			"faces": {
				"north": {"uv": [11.5, 12, 12, 12.5], "texture": "#2"},
				"east": {"uv": [9, 5.5, 10, 6], "texture": "#2"},
				"south": {"uv": [12, 11.5, 12.5, 12], "texture": "#2"},
				"west": {"uv": [6.5, 9, 7.5, 9.5], "texture": "#2"},
				"up": {"uv": [9.5, 7.5, 9, 6.5], "texture": "#2"},
				"down": {"uv": [8, 9, 7.5, 10], "texture": "#2"}
			}
		},
		{
			"from": [8, 10.2, 6.75],
			"to": [9, 11.2, 8.75],
			"rotation": {"angle": 0, "axis": "y", "origin": [8.5, 14.2, 8.75]},
			"faces": {
				"north": {"uv": [12, 12, 12.5, 12.5], "texture": "#2"},
				"east": {"uv": [9, 8.5, 10, 9], "texture": "#2"},
				"south": {"uv": [0, 12.5, 0.5, 13], "texture": "#2"},
				"west": {"uv": [9, 9, 10, 9.5], "texture": "#2"},
				"up": {"uv": [8.5, 10, 8, 9], "texture": "#2"},
				"down": {"uv": [1, 9.5, 0.5, 10.5], "texture": "#2"}
			}
		},
		{
			"from": [8, 9.2, 7],
			"to": [9, 10.2, 9],
			"rotation": {"angle": 0, "axis": "y", "origin": [8.5, 14.2, 8.75]},
			"faces": {
				"north": {"uv": [12.5, 0, 13, 0.5], "texture": "#2"},
				"east": {"uv": [9.5, 0.5, 10.5, 1], "texture": "#2"},
				"south": {"uv": [0.5, 12.5, 1, 13], "texture": "#2"},
				"west": {"uv": [9.5, 1, 10.5, 1.5], "texture": "#2"},
				"up": {"uv": [1.5, 10.5, 1, 9.5], "texture": "#2"},
				"down": {"uv": [2.5, 9.5, 2, 10.5], "texture": "#2"}
			}
		},
		{
			"from": [8, 8.2, 7.25],
			"to": [9, 9.2, 9.25],
			"rotation": {"angle": 0, "axis": "y", "origin": [8.5, 14.2, 8.75]},
			"faces": {
				"north": {"uv": [12.5, 0.5, 13, 1], "texture": "#2"},
				"east": {"uv": [9.5, 2, 10.5, 2.5], "texture": "#2"},
				"south": {"uv": [1, 12.5, 1.5, 13], "texture": "#2"},
				"west": {"uv": [9.5, 2.5, 10.5, 3], "texture": "#2"},
				"up": {"uv": [3, 10.5, 2.5, 9.5], "texture": "#2"},
				"down": {"uv": [4, 9.5, 3.5, 10.5], "texture": "#2"}
			}
		},
		{
			"from": [8, 7.2, 7.25],
			"to": [9, 8.2, 9.5],
			"rotation": {"angle": 0, "axis": "y", "origin": [8.5, 14.2, 8.75]},
			"faces": {
				"north": {"uv": [12.5, 1, 13, 1.5], "texture": "#2"},
				"east": {"uv": [9.5, 3.5, 10.5, 4], "texture": "#2"},
				"south": {"uv": [1.5, 12.5, 2, 13], "texture": "#2"},
				"west": {"uv": [4, 9.5, 5, 10], "texture": "#2"},
				"up": {"uv": [10, 5, 9.5, 4], "texture": "#2"},
				"down": {"uv": [5.5, 9.5, 5, 10.5], "texture": "#2"}
			}
		},
		{
			"from": [8, 6.2, 7.5],
			"to": [9, 7.2, 9.75],
			"rotation": {"angle": 0, "axis": "y", "origin": [8.5, 14.2, 8.75]},
			"faces": {
				"north": {"uv": [12.5, 1.5, 13, 2], "texture": "#2"},
				"east": {"uv": [9.5, 5, 10.5, 5.5], "texture": "#2"},
				"south": {"uv": [2, 12.5, 2.5, 13], "texture": "#2"},
				"west": {"uv": [5.5, 9.5, 6.5, 10], "texture": "#2"},
				"up": {"uv": [10, 7, 9.5, 6], "texture": "#2"},
				"down": {"uv": [7, 9.5, 6.5, 10.5], "texture": "#2"}
			}
		},
		{
			"from": [8, 5.2, 7.75],
			"to": [9, 6.2, 10],
			"rotation": {"angle": 0, "axis": "y", "origin": [8.5, 14.2, 8.75]},
			"faces": {
				"north": {"uv": [12.5, 2, 13, 2.5], "texture": "#2"},
				"east": {"uv": [9.5, 7, 10.5, 7.5], "texture": "#2"},
				"south": {"uv": [2.5, 12.5, 3, 13], "texture": "#2"},
				"west": {"uv": [9.5, 7.5, 10.5, 8], "texture": "#2"},
				"up": {"uv": [7.5, 10.5, 7, 9.5], "texture": "#2"},
				"down": {"uv": [9, 9.5, 8.5, 10.5], "texture": "#2"}
			}
		},
		{
			"from": [8, 4.2, 7.5],
			"to": [9, 5.2, 9.75],
			"rotation": {"angle": 0, "axis": "y", "origin": [8.5, 14.2, 8.75]},
			"faces": {
				"north": {"uv": [12.5, 2.5, 13, 3], "texture": "#2"},
				"east": {"uv": [9.5, 8, 10.5, 8.5], "texture": "#2"},
				"south": {"uv": [3, 12.5, 3.5, 13], "texture": "#2"},
				"west": {"uv": [9, 9.5, 10, 10], "texture": "#2"},
				"up": {"uv": [0.5, 11, 0, 10], "texture": "#2"},
				"down": {"uv": [2, 10, 1.5, 11], "texture": "#2"}
			}
		},
		{
			"from": [8, 3.2, 7.25],
			"to": [9, 4.2, 9.5],
			"rotation": {"angle": 0, "axis": "y", "origin": [8.5, 14.2, 8.75]},
			"faces": {
				"north": {"uv": [12.5, 3, 13, 3.5], "texture": "#2"},
				"east": {"uv": [10, 0, 11, 0.5], "texture": "#2"},
				"south": {"uv": [3.5, 12.5, 4, 13], "texture": "#2"},
				"west": {"uv": [10, 1.5, 11, 2], "texture": "#2"},
				"up": {"uv": [3.5, 11, 3, 10], "texture": "#2"},
				"down": {"uv": [4.5, 10, 4, 11], "texture": "#2"}
			}
		},
		{
			"from": [8, 2.2, 7.25],
			"to": [9, 3.2, 9.5],
			"rotation": {"angle": 0, "axis": "y", "origin": [8.5, 14.2, 8.75]},
			"faces": {
				"north": {"uv": [12.5, 3.5, 13, 4], "texture": "#2"},
				"east": {"uv": [10, 3, 11, 3.5], "texture": "#2"},
				"south": {"uv": [4, 12.5, 4.5, 13], "texture": "#2"},
				"west": {"uv": [10, 4, 11, 4.5], "texture": "#2"},
				"up": {"uv": [5, 11, 4.5, 10], "texture": "#2"},
				"down": {"uv": [6, 10, 5.5, 11], "texture": "#2"}
			}
		},
		{
			"from": [7.75, 1.2, 6.75],
			"to": [9.25, 2.2, 9.5],
			"rotation": {"angle": 0, "axis": "y", "origin": [8.5, 14.2, 8.75]},
			"faces": {
				"north": {"uv": [10, 4.5, 11, 5], "texture": "#2"},
				"east": {"uv": [7, 6, 8.5, 6.5], "texture": "#2"},
				"south": {"uv": [10, 5.5, 11, 6], "texture": "#2"},
				"west": {"uv": [7, 6.5, 8.5, 7], "texture": "#2"},
				"up": {"uv": [2.5, 5.5, 1.5, 4], "texture": "#2"},
				"down": {"uv": [3.5, 4, 2.5, 5.5], "texture": "#2"}
			}
		},
		{
			"from": [7.75, 0.2, 6.5],
			"to": [9.25, 1.2, 9.25],
			"rotation": {"angle": 0, "axis": "y", "origin": [8.5, 14.2, 8.75]},
			"faces": {
				"north": {"uv": [10, 6, 11, 6.5], "texture": "#2"},
				"east": {"uv": [7, 7, 8.5, 7.5], "texture": "#2"},
				"south": {"uv": [10, 6.5, 11, 7], "texture": "#2"},
				"west": {"uv": [0, 7.5, 1.5, 8], "texture": "#2"},
				"up": {"uv": [4.5, 5.5, 3.5, 4], "texture": "#2"},
				"down": {"uv": [5.5, 0, 4.5, 1.5], "texture": "#2"}
			}
		},
		{
			"from": [7.25, 18.2, 8.25],
			"to": [8, 20.7, 9.25],
			"faces": {
				"north": {"uv": [0, 6, 0.5, 7.5], "texture": "#2"},
				"east": {"uv": [0.5, 6, 1, 7.5], "texture": "#2"},
				"south": {"uv": [1, 6, 1.5, 7.5], "texture": "#2"},
				"west": {"uv": [5.5, 6, 6, 7.5], "texture": "#2"},
				"up": {"uv": [4, 11, 3.5, 10.5], "texture": "#2"},
				"down": {"uv": [11, 3.5, 10.5, 4], "texture": "#2"}
			}
		},
		{
			"from": [7.5, 22.7, 8],
			"to": [8, 22.95, 9.5],
			"faces": {
				"north": {"uv": [12.5, 4, 13, 4.5], "texture": "#2"},
				"east": {"uv": [7.5, 10, 8.5, 10.5], "texture": "#2"},
				"south": {"uv": [4.5, 12.5, 5, 13], "texture": "#2"},
				"west": {"uv": [10, 8.5, 11, 9], "texture": "#2"},
				"up": {"uv": [6.5, 11, 6, 10], "texture": "#2"},
				"down": {"uv": [9.5, 10, 9, 11], "texture": "#2"}
			}
		},
		{
			"from": [9, 22.7, 8],
			"to": [9.5, 22.95, 9.5],
			"faces": {
				"north": {"uv": [12.5, 4.5, 13, 5], "texture": "#2"},
				"east": {"uv": [10, 9, 11, 9.5], "texture": "#2"},
				"south": {"uv": [5, 12.5, 5.5, 13], "texture": "#2"},
				"west": {"uv": [9.5, 10, 10.5, 10.5], "texture": "#2"},
				"up": {"uv": [1, 11.5, 0.5, 10.5], "texture": "#2"},
				"down": {"uv": [11, 0.5, 10.5, 1.5], "texture": "#2"}
			}
		},
		{
			"from": [9, 18.2, 8.25],
			"to": [9.75, 20.7, 9.25],
			"faces": {
				"north": {"uv": [7, 0, 7.5, 1.5], "texture": "#2"},
				"east": {"uv": [7, 1.5, 7.5, 3], "texture": "#2"},
				"south": {"uv": [7, 3, 7.5, 4.5], "texture": "#2"},
				"west": {"uv": [7, 4.5, 7.5, 6], "texture": "#2"},
				"up": {"uv": [4.5, 12.5, 4, 12], "texture": "#2"},
				"down": {"uv": [12.5, 4, 12, 4.5], "texture": "#2"}
			}
		},
		{
			"from": [9, 20.7, 7.75],
			"to": [10, 22.7, 9.75],
			"faces": {
				"north": {"uv": [8.5, 4, 9, 5], "texture": "#2"},
				"east": {"uv": [4.5, 5.5, 5.5, 6.5], "texture": "#2"},
				"south": {"uv": [4.5, 8.5, 5, 9.5], "texture": "#2"},
				"west": {"uv": [5.5, 5, 6.5, 6], "texture": "#2"},
				"up": {"uv": [5.5, 9.5, 5, 8.5], "texture": "#2"},
				"down": {"uv": [6, 8.5, 5.5, 9.5], "texture": "#2"}
			}
		},
		{
			"from": [7, 20.7, 7.75],
			"to": [8, 22.7, 9.75],
			"faces": {
				"north": {"uv": [8.5, 0, 9, 1], "texture": "#2"},
				"east": {"uv": [3.5, 5.5, 4.5, 6.5], "texture": "#2"},
				"south": {"uv": [8.5, 1, 9, 2], "texture": "#2"},
				"west": {"uv": [5.5, 4, 6.5, 5], "texture": "#2"},
				"up": {"uv": [9, 3, 8.5, 2], "texture": "#2"},
				"down": {"uv": [9, 3, 8.5, 4], "texture": "#2"}
			}
		},
		{
			"from": [6.75, 21.2, 8.5],
			"to": [7, 22.2, 9],
			"faces": {
				"north": {"uv": [12.5, 5, 13, 5.5], "texture": "#2"},
				"east": {"uv": [5.5, 12.5, 6, 13], "texture": "#2"},
				"south": {"uv": [12.5, 5.5, 13, 6], "texture": "#2"},
				"west": {"uv": [6, 12.5, 6.5, 13], "texture": "#2"},
				"up": {"uv": [13, 6.5, 12.5, 6], "texture": "#2"},
				"down": {"uv": [7, 12.5, 6.5, 13], "texture": "#2"}
			}
		},
		{
			"from": [6.75, 21.45, 9],
			"to": [7, 21.95, 9.25],
			"faces": {
				"north": {"uv": [12.5, 6.5, 13, 7], "texture": "#2"},
				"east": {"uv": [7, 12.5, 7.5, 13], "texture": "#2"},
				"south": {"uv": [12.5, 7, 13, 7.5], "texture": "#2"},
				"west": {"uv": [7.5, 12.5, 8, 13], "texture": "#2"},
				"up": {"uv": [13, 8, 12.5, 7.5], "texture": "#2"},
				"down": {"uv": [8.5, 12.5, 8, 13], "texture": "#2"}
			}
		},
		{
			"from": [7, 19.45, 8.5],
			"to": [7.25, 19.95, 9],
			"faces": {
				"north": {"uv": [1.5, 13, 2, 13.5], "texture": "#2"},
				"east": {"uv": [13, 1.5, 13.5, 2], "texture": "#2"},
				"south": {"uv": [2, 13, 2.5, 13.5], "texture": "#2"},
				"west": {"uv": [13, 2, 13.5, 2.5], "texture": "#2"},
				"up": {"uv": [3, 13.5, 2.5, 13], "texture": "#2"},
				"down": {"uv": [13.5, 2.5, 13, 3], "texture": "#2"}
			}
		},
		{
			"from": [9.75, 19.45, 8.5],
			"to": [10, 19.95, 9],
			"faces": {
				"north": {"uv": [10, 9.5, 10.5, 10], "texture": "#2"},
				"east": {"uv": [1, 10.5, 1.5, 11], "texture": "#2"},
				"south": {"uv": [2, 10.5, 2.5, 11], "texture": "#2"},
				"west": {"uv": [10.5, 2, 11, 2.5], "texture": "#2"},
				"up": {"uv": [3, 11, 2.5, 10.5], "texture": "#2"},
				"down": {"uv": [11, 2.5, 10.5, 3], "texture": "#2"}
			}
		},
		{
			"from": [6.75, 21.45, 8.25],
			"to": [7, 21.95, 8.5],
			"faces": {
				"north": {"uv": [12.5, 8, 13, 8.5], "texture": "#2"},
				"east": {"uv": [8.5, 12.5, 9, 13], "texture": "#2"},
				"south": {"uv": [12.5, 8.5, 13, 9], "texture": "#2"},
				"west": {"uv": [9, 12.5, 9.5, 13], "texture": "#2"},
				"up": {"uv": [13, 9.5, 12.5, 9], "texture": "#2"},
				"down": {"uv": [10, 12.5, 9.5, 13], "texture": "#2"}
			}
		},
		{
			"from": [10, 21.45, 8.25],
			"to": [10.25, 21.95, 8.5],
			"faces": {
				"north": {"uv": [0, 13, 0.5, 13.5], "texture": "#2"},
				"east": {"uv": [13, 0, 13.5, 0.5], "texture": "#2"},
				"south": {"uv": [0.5, 13, 1, 13.5], "texture": "#2"},
				"west": {"uv": [13, 0.5, 13.5, 1], "texture": "#2"},
				"up": {"uv": [1.5, 13.5, 1, 13], "texture": "#2"},
				"down": {"uv": [13.5, 1, 13, 1.5], "texture": "#2"}
			}
		},
		{
			"from": [10, 21.2, 8.5],
			"to": [10.25, 22.2, 9],
			"faces": {
				"north": {"uv": [12.5, 11, 13, 11.5], "texture": "#2"},
				"east": {"uv": [11.5, 12.5, 12, 13], "texture": "#2"},
				"south": {"uv": [12.5, 11.5, 13, 12], "texture": "#2"},
				"west": {"uv": [12, 12.5, 12.5, 13], "texture": "#2"},
				"up": {"uv": [13, 12.5, 12.5, 12], "texture": "#2"},
				"down": {"uv": [13, 12.5, 12.5, 13], "texture": "#2"}
			}
		},
		{
			"from": [10, 21.45, 9],
			"to": [10.25, 21.95, 9.25],
			"faces": {
				"north": {"uv": [12.5, 9.5, 13, 10], "texture": "#2"},
				"east": {"uv": [10, 12.5, 10.5, 13], "texture": "#2"},
				"south": {"uv": [12.5, 10, 13, 10.5], "texture": "#2"},
				"west": {"uv": [10.5, 12.5, 11, 13], "texture": "#2"},
				"up": {"uv": [13, 11, 12.5, 10.5], "texture": "#2"},
				"down": {"uv": [11.5, 12.5, 11, 13], "texture": "#2"}
			}
		},
		{
			"from": [7.5, 20.7, 9.75],
			"to": [9.5, 22.7, 10],
			"faces": {
				"north": {"uv": [4.5, 3.5, 5.5, 4.5], "texture": "#2"},
				"east": {"uv": [5.5, 7.5, 6, 8.5], "texture": "#2"},
				"south": {"uv": [4.5, 4.5, 5.5, 5.5], "texture": "#2"},
				"west": {"uv": [6, 7.5, 6.5, 8.5], "texture": "#2"},
				"up": {"uv": [7.5, 8, 6.5, 7.5], "texture": "#2"},
				"down": {"uv": [8.5, 7.5, 7.5, 8], "texture": "#2"}
			}
		},
		{
			"from": [7.5, 20.7, 7.5],
			"to": [9.5, 22.7, 7.75],
			"faces": {
				"north": {"uv": [2.5, 5.5, 3.5, 6.5], "texture": "#2"},
				"east": {"uv": [4, 8, 4.5, 9], "texture": "#2"},
				"south": {"uv": [5.5, 3, 6.5, 4], "texture": "#2"},
				"west": {"uv": [8, 4, 8.5, 5], "texture": "#2"},
				"up": {"uv": [5.5, 8.5, 4.5, 8], "texture": "#2"},
				"down": {"uv": [9, 5, 8, 5.5], "texture": "#2"}
			}
		},
		{
			"from": [8, 20.95, 10],
			"to": [9, 22.45, 11.5],
			"faces": {
				"north": {"uv": [7.5, 2, 8, 3], "texture": "#2"},
				"east": {"uv": [4.5, 1.5, 5.5, 2.5], "texture": "#2"},
				"south": {"uv": [7.5, 3, 8, 4], "texture": "#2"},
				"west": {"uv": [4.5, 2.5, 5.5, 3.5], "texture": "#2"},
				"up": {"uv": [8, 5, 7.5, 4], "texture": "#2"},
				"down": {"uv": [8, 5, 7.5, 6], "texture": "#2"}
			}
		},
		{
			"from": [8, 20.95, 6],
			"to": [9, 22.45, 7.5],
			"faces": {
				"north": {"uv": [2.5, 8, 3, 9], "texture": "#2"},
				"east": {"uv": [1.5, 5.5, 2.5, 6.5], "texture": "#2"},
				"south": {"uv": [3, 8, 3.5, 9], "texture": "#2"},
				"west": {"uv": [5.5, 2, 6.5, 3], "texture": "#2"},
				"up": {"uv": [8.5, 4, 8, 3], "texture": "#2"},
				"down": {"uv": [4, 8, 3.5, 9], "texture": "#2"}
			}
		},
		{
			"from": [8, 20.45, 3.5],
			"to": [9, 22.7, 6],
			"faces": {
				"north": {"uv": [6.5, 8, 7, 9], "texture": "#2"},
				"east": {"uv": [1.5, 3, 3, 4], "texture": "#2"},
				"south": {"uv": [7, 8, 7.5, 9], "texture": "#2"},
				"west": {"uv": [3, 3, 4.5, 4], "texture": "#2"},
				"up": {"uv": [4, 8, 3.5, 6.5], "texture": "#2"},
				"down": {"uv": [4.5, 6.5, 4, 8], "texture": "#2"}
			}
		},
		{
			"from": [8, 20.2, 4.5],
			"to": [9, 20.45, 5],
			"faces": {
				"north": {"uv": [2.5, 11, 3, 11.5], "texture": "#2"},
				"east": {"uv": [11, 2.5, 11.5, 3], "texture": "#2"},
				"south": {"uv": [3, 11, 3.5, 11.5], "texture": "#2"},
				"west": {"uv": [11, 3, 11.5, 3.5], "texture": "#2"},
				"up": {"uv": [4, 11.5, 3.5, 11], "texture": "#2"},
				"down": {"uv": [11.5, 3.5, 11, 4], "texture": "#2"}
			}
		},
		{
			"from": [8, 19.7, 4],
			"to": [9, 20.45, 4.5],
			"faces": {
				"north": {"uv": [4, 11, 4.5, 11.5], "texture": "#2"},
				"east": {"uv": [11, 4, 11.5, 4.5], "texture": "#2"},
				"south": {"uv": [4.5, 11, 5, 11.5], "texture": "#2"},
				"west": {"uv": [11, 4.5, 11.5, 5], "texture": "#2"},
				"up": {"uv": [5.5, 11.5, 5, 11], "texture": "#2"},
				"down": {"uv": [11.5, 5, 11, 5.5], "texture": "#2"}
			}
		},
		{
			"from": [8, 22.7, 3.5],
			"to": [9, 22.95, 4.5],
			"faces": {
				"north": {"uv": [2.5, 12, 3, 12.5], "texture": "#2"},
				"east": {"uv": [12, 2.5, 12.5, 3], "texture": "#2"},
				"south": {"uv": [3, 12, 3.5, 12.5], "texture": "#2"},
				"west": {"uv": [12, 3, 12.5, 3.5], "texture": "#2"},
				"up": {"uv": [4, 12.5, 3.5, 12], "texture": "#2"},
				"down": {"uv": [12.5, 3.5, 12, 4], "texture": "#2"}
			}
		},
		{
			"from": [8, 19.2, 3.5],
			"to": [9, 20.45, 4],
			"faces": {
				"north": {"uv": [5.5, 11, 6, 11.5], "texture": "#2"},
				"east": {"uv": [11, 5.5, 11.5, 6], "texture": "#2"},
				"south": {"uv": [6, 11, 6.5, 11.5], "texture": "#2"},
				"west": {"uv": [11, 6, 11.5, 6.5], "texture": "#2"},
				"up": {"uv": [7, 11.5, 6.5, 11], "texture": "#2"},
				"down": {"uv": [11.5, 6.5, 11, 7], "texture": "#2"}
			}
		},
		{
			"from": [8, 16.95, 1.5],
			"to": [9, 22.95, 3.5],
			"faces": {
				"north": {"uv": [3.5, 0, 4, 3], "texture": "#2"},
				"east": {"uv": [2, 0, 3, 3], "texture": "#2"},
				"south": {"uv": [4, 0, 4.5, 3], "texture": "#2"},
				"west": {"uv": [0, 3, 1, 6], "texture": "#2"},
				"up": {"uv": [8, 9, 7.5, 8], "texture": "#2"},
				"down": {"uv": [8.5, 8, 8, 9], "texture": "#2"}
			}
		},
		{
			"from": [8, 17.2, 3.5],
			"to": [9, 17.45, 3.75],
			"faces": {
				"north": {"uv": [11.5, 1.5, 12, 2], "texture": "#2"},
				"east": {"uv": [2, 11.5, 2.5, 12], "texture": "#2"},
				"south": {"uv": [11.5, 2, 12, 2.5], "texture": "#2"},
				"west": {"uv": [2.5, 11.5, 3, 12], "texture": "#2"},
				"up": {"uv": [12, 3, 11.5, 2.5], "texture": "#2"},
				"down": {"uv": [3.5, 11.5, 3, 12], "texture": "#2"}
			}
		},
		{
			"from": [8, 16.95, 1],
			"to": [9, 17.95, 1.5],
			"faces": {
				"north": {"uv": [11.5, 3, 12, 3.5], "texture": "#2"},
				"east": {"uv": [3.5, 11.5, 4, 12], "texture": "#2"},
				"south": {"uv": [11.5, 3.5, 12, 4], "texture": "#2"},
				"west": {"uv": [4, 11.5, 4.5, 12], "texture": "#2"},
				"up": {"uv": [12, 4.5, 11.5, 4], "texture": "#2"},
				"down": {"uv": [5, 11.5, 4.5, 12], "texture": "#2"}
			}
		},
		{
			"from": [8, 17.45, 0.75],
			"to": [9, 17.95, 1],
			"faces": {
				"north": {"uv": [0.5, 12, 1, 12.5], "texture": "#2"},
				"east": {"uv": [12, 0.5, 12.5, 1], "texture": "#2"},
				"south": {"uv": [1, 12, 1.5, 12.5], "texture": "#2"},
				"west": {"uv": [12, 1, 12.5, 1.5], "texture": "#2"},
				"up": {"uv": [2, 12.5, 1.5, 12], "texture": "#2"},
				"down": {"uv": [12.5, 1.5, 12, 2], "texture": "#2"}
			}
		},
		{
			"from": [8, 20.95, 0.75],
			"to": [9, 21.7, 1.5],
			"faces": {
				"north": {"uv": [4.5, 12, 5, 12.5], "texture": "#2"},
				"east": {"uv": [12, 4.5, 12.5, 5], "texture": "#2"},
				"south": {"uv": [5, 12, 5.5, 12.5], "texture": "#2"},
				"west": {"uv": [12, 5, 12.5, 5.5], "texture": "#2"},
				"up": {"uv": [6, 12.5, 5.5, 12], "texture": "#2"},
				"down": {"uv": [12.5, 5.5, 12, 6], "texture": "#2"}
			}
		},
		{
			"from": [8, 21.7, 1],
			"to": [9, 22.45, 1.5],
			"faces": {
				"north": {"uv": [6, 12, 6.5, 12.5], "texture": "#2"},
				"east": {"uv": [12, 6, 12.5, 6.5], "texture": "#2"},
				"south": {"uv": [6.5, 12, 7, 12.5], "texture": "#2"},
				"west": {"uv": [12, 6.5, 12.5, 7], "texture": "#2"},
				"up": {"uv": [7.5, 12.5, 7, 12], "texture": "#2"},
				"down": {"uv": [12.5, 7, 12, 7.5], "texture": "#2"}
			}
		},
		{
			"from": [8, 22.45, 1.25],
			"to": [9, 23.2, 1.5],
			"faces": {
				"north": {"uv": [7.5, 12, 8, 12.5], "texture": "#2"},
				"east": {"uv": [12, 7.5, 12.5, 8], "texture": "#2"},
				"south": {"uv": [8, 12, 8.5, 12.5], "texture": "#2"},
				"west": {"uv": [12, 8, 12.5, 8.5], "texture": "#2"},
				"up": {"uv": [9, 12.5, 8.5, 12], "texture": "#2"},
				"down": {"uv": [12.5, 8.5, 12, 9], "texture": "#2"}
			}
		},
		{
			"from": [8, 17.95, 0.5],
			"to": [9, 20.95, 1.5],
			"faces": {
				"north": {"uv": [4.5, 6.5, 5, 8], "texture": "#2"},
				"east": {"uv": [6.5, 4.5, 7, 6], "texture": "#2"},
				"south": {"uv": [5, 6.5, 5.5, 8], "texture": "#2"},
				"west": {"uv": [6.5, 6, 7, 7.5], "texture": "#2"},
				"up": {"uv": [2.5, 12.5, 2, 12], "texture": "#2"},
				"down": {"uv": [12.5, 2, 12, 2.5], "texture": "#2"}
			}
		},
		{
			"from": [8, 16.7, 2.75],
			"to": [9, 16.95, 3],
			"faces": {
				"north": {"uv": [11.5, 4.5, 12, 5], "texture": "#2"},
				"east": {"uv": [5, 11.5, 5.5, 12], "texture": "#2"},
				"south": {"uv": [11.5, 5, 12, 5.5], "texture": "#2"},
				"west": {"uv": [5.5, 11.5, 6, 12], "texture": "#2"},
				"up": {"uv": [12, 6, 11.5, 5.5], "texture": "#2"},
				"down": {"uv": [6.5, 11.5, 6, 12], "texture": "#2"}
			}
		},
		{
			"from": [8, 16.45, 1.25],
			"to": [9, 16.95, 1.5],
			"faces": {
				"north": {"uv": [11.5, 6, 12, 6.5], "texture": "#2"},
				"east": {"uv": [6.5, 11.5, 7, 12], "texture": "#2"},
				"south": {"uv": [11.5, 6.5, 12, 7], "texture": "#2"},
				"west": {"uv": [7, 11.5, 7.5, 12], "texture": "#2"},
				"up": {"uv": [12, 7.5, 11.5, 7], "texture": "#2"},
				"down": {"uv": [8, 11.5, 7.5, 12], "texture": "#2"}
			}
		},
		{
			"from": [8, 16.2, 1.5],
			"to": [9, 16.95, 2.75],
			"faces": {
				"north": {"uv": [11.5, 7.5, 12, 8], "texture": "#2"},
				"east": {"uv": [8, 11.5, 8.5, 12], "texture": "#2"},
				"south": {"uv": [11.5, 8, 12, 8.5], "texture": "#2"},
				"west": {"uv": [8.5, 11.5, 9, 12], "texture": "#2"},
				"up": {"uv": [12, 9, 11.5, 8.5], "texture": "#2"},
				"down": {"uv": [9.5, 11.5, 9, 12], "texture": "#2"}
			}
		},
		{
			"from": [8, 15.95, 1.75],
			"to": [9, 16.2, 2.5],
			"faces": {
				"north": {"uv": [11.5, 9, 12, 9.5], "texture": "#2"},
				"east": {"uv": [9.5, 11.5, 10, 12], "texture": "#2"},
				"south": {"uv": [11.5, 9.5, 12, 10], "texture": "#2"},
				"west": {"uv": [10, 11.5, 10.5, 12], "texture": "#2"},
				"up": {"uv": [12, 10.5, 11.5, 10], "texture": "#2"},
				"down": {"uv": [11, 11.5, 10.5, 12], "texture": "#2"}
			}
		},
		{
			"from": [8, 15.7, 2],
			"to": [9, 15.95, 2.25],
			"faces": {
				"north": {"uv": [11.5, 10.5, 12, 11], "texture": "#2"},
				"east": {"uv": [11, 11.5, 11.5, 12], "texture": "#2"},
				"south": {"uv": [11.5, 11, 12, 11.5], "texture": "#2"},
				"west": {"uv": [11.5, 11.5, 12, 12], "texture": "#2"},
				"up": {"uv": [0.5, 12.5, 0, 12], "texture": "#2"},
				"down": {"uv": [12.5, 0, 12, 0.5], "texture": "#2"}
			}
		},
		{
			"from": [8, 22.95, 2.5],
			"to": [9, 23.2, 3],
			"faces": {
				"north": {"uv": [8.5, 11, 9, 11.5], "texture": "#2"},
				"east": {"uv": [11, 8.5, 11.5, 9], "texture": "#2"},
				"south": {"uv": [9, 11, 9.5, 11.5], "texture": "#2"},
				"west": {"uv": [11, 9, 11.5, 9.5], "texture": "#2"},
				"up": {"uv": [10, 11.5, 9.5, 11], "texture": "#2"},
				"down": {"uv": [11.5, 9.5, 11, 10], "texture": "#2"}
			}
		},
		{
			"from": [8, 22.95, 1.5],
			"to": [9, 23.45, 2.5],
			"faces": {
				"north": {"uv": [10, 11, 10.5, 11.5], "texture": "#2"},
				"east": {"uv": [11, 10, 11.5, 10.5], "texture": "#2"},
				"south": {"uv": [10.5, 11, 11, 11.5], "texture": "#2"},
				"west": {"uv": [11, 10.5, 11.5, 11], "texture": "#2"},
				"up": {"uv": [11.5, 11.5, 11, 11], "texture": "#2"},
				"down": {"uv": [0.5, 11.5, 0, 12], "texture": "#2"}
			}
		},
		{
			"from": [8, 23.45, 1.5],
			"to": [9, 23.7, 2],
			"faces": {
				"north": {"uv": [11.5, 0, 12, 0.5], "texture": "#2"},
				"east": {"uv": [0.5, 11.5, 1, 12], "texture": "#2"},
				"south": {"uv": [11.5, 0.5, 12, 1], "texture": "#2"},
				"west": {"uv": [1, 11.5, 1.5, 12], "texture": "#2"},
				"up": {"uv": [12, 1.5, 11.5, 1], "texture": "#2"},
				"down": {"uv": [2, 11.5, 1.5, 12], "texture": "#2"}
			}
		},
		{
			"from": [8, 18.45, 3.5],
			"to": [9, 19.2, 3.75],
			"faces": {
				"north": {"uv": [7, 11, 7.5, 11.5], "texture": "#2"},
				"east": {"uv": [11, 7, 11.5, 7.5], "texture": "#2"},
				"south": {"uv": [7.5, 11, 8, 11.5], "texture": "#2"},
				"west": {"uv": [11, 7.5, 11.5, 8], "texture": "#2"},
				"up": {"uv": [8.5, 11.5, 8, 11], "texture": "#2"},
				"down": {"uv": [11.5, 8, 11, 8.5], "texture": "#2"}
			}
		},
		{
			"from": [8, 20.7, 11.5],
			"to": [9, 22.2, 13],
			"faces": {
				"north": {"uv": [0, 8, 0.5, 9], "texture": "#2"},
				"east": {"uv": [5.5, 0, 6.5, 1], "texture": "#2"},
				"south": {"uv": [8, 0, 8.5, 1], "texture": "#2"},
				"west": {"uv": [5.5, 1, 6.5, 2], "texture": "#2"},
				"up": {"uv": [1, 9, 0.5, 8], "texture": "#2"},
				"down": {"uv": [1.5, 8, 1, 9], "texture": "#2"}
			}
		},
		{
			"from": [8, 19.45, 13],
			"to": [9, 22.45, 13.5],
			"faces": {
				"north": {"uv": [6, 6, 6.5, 7.5], "texture": "#2"},
				"east": {"uv": [6.5, 0, 7, 1.5], "texture": "#2"},
				"south": {"uv": [1.5, 6.5, 2, 8], "texture": "#2"},
				"west": {"uv": [6.5, 1.5, 7, 3], "texture": "#2"},
				"up": {"uv": [11, 8, 10.5, 7.5], "texture": "#2"},
				"down": {"uv": [8.5, 10.5, 8, 11], "texture": "#2"}
			}
		},
		{
			"from": [8, 19.45, 13.5],
			"to": [9, 22.7, 14],
			"faces": {
				"north": {"uv": [2, 6.5, 2.5, 8], "texture": "#2"},
				"east": {"uv": [2.5, 6.5, 3, 8], "texture": "#2"},
				"south": {"uv": [3, 6.5, 3.5, 8], "texture": "#2"},
				"west": {"uv": [6.5, 3, 7, 4.5], "texture": "#2"},
				"up": {"uv": [11, 8.5, 10.5, 8], "texture": "#2"},
				"down": {"uv": [9, 10.5, 8.5, 11], "texture": "#2"}
			}
		},
		{
			"from": [8, 22.2, 14],
			"to": [9, 22.7, 14.25],
			"faces": {
				"north": {"uv": [9.5, 10.5, 10, 11], "texture": "#2"},
				"east": {"uv": [10.5, 9.5, 11, 10], "texture": "#2"},
				"south": {"uv": [10, 10.5, 10.5, 11], "texture": "#2"},
				"west": {"uv": [10.5, 10, 11, 10.5], "texture": "#2"},
				"up": {"uv": [11, 11, 10.5, 10.5], "texture": "#2"},
				"down": {"uv": [0.5, 11, 0, 11.5], "texture": "#2"}
			}
		},
		{
			"from": [8, 19.7, 14],
			"to": [9, 20.2, 14.25],
			"faces": {
				"north": {"uv": [1, 11, 1.5, 11.5], "texture": "#2"},
				"east": {"uv": [11, 1, 11.5, 1.5], "texture": "#2"},
				"south": {"uv": [1.5, 11, 2, 11.5], "texture": "#2"},
				"west": {"uv": [11, 1.5, 11.5, 2], "texture": "#2"},
				"up": {"uv": [2.5, 11.5, 2, 11], "texture": "#2"},
				"down": {"uv": [11.5, 2, 11, 2.5], "texture": "#2"}
			}
		},
		{
			"from": [8, 20.2, 14],
			"to": [9, 22.2, 14.5],
			"faces": {
				"north": {"uv": [8, 1, 8.5, 2], "texture": "#2"},
				"east": {"uv": [1.5, 8, 2, 9], "texture": "#2"},
				"south": {"uv": [2, 8, 2.5, 9], "texture": "#2"},
				"west": {"uv": [8, 2, 8.5, 3], "texture": "#2"},
				"up": {"uv": [11.5, 0.5, 11, 0], "texture": "#2"},
				"down": {"uv": [11.5, 0.5, 11, 1], "texture": "#2"}
			}
		},
		{
			"from": [8, 19.7, 12.25],
			"to": [9, 20.7, 13],
			"faces": {
				"north": {"uv": [5, 10.5, 5.5, 11], "texture": "#2"},
				"east": {"uv": [10.5, 5, 11, 5.5], "texture": "#2"},
				"south": {"uv": [6.5, 10.5, 7, 11], "texture": "#2"},
				"west": {"uv": [7, 10.5, 7.5, 11], "texture": "#2"},
				"up": {"uv": [11, 7.5, 10.5, 7], "texture": "#2"},
				"down": {"uv": [8, 10.5, 7.5, 11], "texture": "#2"}
			}
		}
	],
	"display": {
		"thirdperson_righthand": {
			"translation": [-0.5, 0.75, 1]
		},
		"thirdperson_lefthand": {
			"translation": [0.5, 0.75, 1]
		},
		"firstperson_righthand": {
			"rotation": [13, 0, 0],
			"translation": [-0.75, -6.75, 0]
		},
		"firstperson_lefthand": {
			"rotation": [13, 0, 0],
			"translation": [-0.75, -6.75, 0]
		},
		"ground": {
			"rotation": [45, 0, 0],
			"translation": [0, 0.75, 0],
			"scale": [0.8, 0.8, 0.8]
		},
		"gui": {
			"rotation": [90, 45.5, -90],
			"translation": [-2, -2.5, 0],
			"scale": [0.6, 0.6, 0.6]
		},
		"head": {
			"rotation": [-90, 22.99, -85.67],
			"translation": [-2.5, 16, 0]
		},
		"fixed": {
			"rotation": [90, -45, 90],
			"translation": [2.75, -3.5, -1.25],
			"scale": [0.8, 0.8, 0.8]
		}
	}
}