{
	"credit": "Made with Blockbench",
	"texture_size": [32, 32],
	"textures": {
		"2": "item/custom/master_sword",
		"particle": "item/custom/master_sword"
	},
	"elements": [
		{
			"from": [7.5, 1, 7.5],
			"to": [8.5, 7, 8.5],
			"rotation": {"angle": 0, "axis": "x", "origin": [8, 5, 8]},
			"faces": {
				"north": {"uv": [8, 6, 8.5, 9], "texture": "#2"},
				"east": {"uv": [8.5, 3, 9, 6], "texture": "#2"},
				"south": {"uv": [7.5, 6.5, 8, 9.5], "texture": "#2"},
				"west": {"uv": [8, 3, 8.5, 6], "texture": "#2"},
				"up": {"uv": [9.5, 6, 9, 5.5], "rotation": 180, "texture": "#2"},
				"down": {"uv": [7.5, 9, 7, 9.5], "rotation": 180, "texture": "#2"}
			}
		},
		{
			"from": [7.5, 14, 7],
			"to": [8.5, 32, 9],
			"rotation": {"angle": 0, "axis": "y", "origin": [8.495, 23.95, 8]},
			"faces": {
				"north": {"uv": [2.5, 0, 3, 9], "texture": "#2"},
				"east": {"uv": [1, 0, 2, 9], "texture": "#2"},
				"south": {"uv": [2, 0, 2.5, 9], "texture": "#2"},
				"west": {"uv": [0, 0, 1, 9], "texture": "#2"},
				"up": {"uv": [0.5, 12, 0, 11], "rotation": 180, "texture": "#2"},
				"down": {"uv": [1, 11, 0.5, 12], "rotation": 180, "texture": "#2"}
			}
		},
		{
			"from": [7.5, 7, 7.1],
			"to": [8.5, 14, 8.9],
			"rotation": {"angle": 0, "axis": "y", "origin": [8.495, 24, 8]},
			"faces": {
				"north": {"uv": [7.5, 3, 8, 6.5], "texture": "#2"},
				"east": {"uv": [3, 3.5, 4, 7], "texture": "#2"},
				"south": {"uv": [3.5, 7, 4, 10.5], "texture": "#2"},
				"west": {"uv": [3, 0, 4, 3.5], "texture": "#2"},
				"up": {"uv": [11, 12, 10.5, 11], "rotation": 180, "texture": "#2"},
				"down": {"uv": [11.5, 11, 11, 12], "rotation": 180, "texture": "#2"}
			}
		},
		{
			"from": [8.51997, 14, 6.81287],
			"to": [9.01997, 32, 7.31287],
			"rotation": {"angle": 45, "axis": "y", "origin": [8.31819, 15.62389, 7.96464]},
			"faces": {
				"north": {"uv": [5, 0, 5.25, 9], "texture": "#2"},
				"east": {"uv": [5.5, 0, 5.75, 9], "texture": "#2"},
				"south": {"uv": [4, 0, 4.25, 9], "texture": "#2"},
				"west": {"uv": [4.5, 0, 4.75, 9], "texture": "#2"},
				"up": {"uv": [11.75, 7.75, 11.5, 7.5], "rotation": 180, "texture": "#2"},
				"down": {"uv": [11.75, 8, 11.5, 8.25], "rotation": 180, "texture": "#2"}
			}
		},
		{
			"from": [7.67929, 7, 6.85754],
			"to": [8.17929, 14, 7.35754],
			"rotation": {"angle": 45, "axis": "y", "origin": [7.92929, 18.5, 7.00754]},
			"faces": {
				"north": {"uv": [8.5, 10, 8.75, 13.5], "texture": "#2"},
				"east": {"uv": [9, 10, 9.25, 13.5], "texture": "#2"},
				"south": {"uv": [8, 10, 8.25, 13.5], "texture": "#2"},
				"west": {"uv": [10, 8, 10.25, 11.5], "texture": "#2"},
				"up": {"uv": [11.75, 9.75, 11.5, 9.5], "rotation": 180, "texture": "#2"},
				"down": {"uv": [10.25, 11.5, 10, 11.75], "rotation": 180, "texture": "#2"}
			}
		},
		{
			"from": [7.75, 7, 8.64246],
			"to": [8.25, 14, 9.14246],
			"rotation": {"angle": -45, "axis": "y", "origin": [8, 18.5, 8.99246]},
			"faces": {
				"north": {"uv": [2, 10.5, 2.25, 14], "texture": "#2"},
				"east": {"uv": [3.5, 10.5, 3.75, 14], "texture": "#2"},
				"south": {"uv": [9.5, 10, 9.75, 13.5], "texture": "#2"},
				"west": {"uv": [1.5, 10.5, 1.75, 14], "texture": "#2"},
				"up": {"uv": [11.75, 10.25, 11.5, 10], "rotation": 180, "texture": "#2"},
				"down": {"uv": [11.75, 10.5, 11.5, 10.75], "rotation": 180, "texture": "#2"}
			}
		},
		{
			"from": [8.51997, 14, 8.68713],
			"to": [9.01997, 32, 9.18713],
			"rotation": {"angle": -45, "axis": "y", "origin": [8.31819, 15.62389, 8.03536]},
			"faces": {
				"north": {"uv": [7, 0, 7.25, 9], "texture": "#2"},
				"east": {"uv": [3, 7, 3.25, 16], "texture": "#2"},
				"south": {"uv": [6, 0, 6.25, 9], "texture": "#2"},
				"west": {"uv": [6.5, 0, 6.75, 9], "texture": "#2"},
				"up": {"uv": [11.75, 8.75, 11.5, 8.5], "rotation": 180, "texture": "#2"},
				"down": {"uv": [11.75, 9, 11.5, 9.25], "rotation": 180, "texture": "#2"}
			}
		},
		{
			"from": [7, 6.05924, 6.75],
			"to": [9, 8.05924, 9.25],
			"rotation": {"angle": -45, "axis": "z", "origin": [8, 7.05924, 8.25]},
			"faces": {
				"north": {"uv": [4, 9, 5, 10], "texture": "#2"},
				"east": {"uv": [9, 1, 10.25, 2], "texture": "#2"},
				"south": {"uv": [9, 3.5, 10, 4.5], "texture": "#2"},
				"west": {"uv": [9, 0, 10.25, 1], "texture": "#2"},
				"up": {"uv": [2.5, 10.25, 1.5, 9], "rotation": 180, "texture": "#2"},
				"down": {"uv": [10, 2, 9, 3.25], "rotation": 180, "texture": "#2"}
			}
		},
		{
			"from": [7, 4.31066, 17.29902],
			"to": [9, 6.31066, 19.29902],
			"rotation": {"angle": 45, "axis": "x", "origin": [7.96464, 15.62389, 8]},
			"faces": {
				"north": {"uv": [6, 9, 7, 10], "texture": "#2"},
				"east": {"uv": [8, 9, 9, 10], "texture": "#2"},
				"south": {"uv": [9, 4.5, 10, 5.5], "texture": "#2"},
				"west": {"uv": [5, 9, 6, 10], "texture": "#2"},
				"up": {"uv": [10, 10, 9, 9], "rotation": 180, "texture": "#2"},
				"down": {"uv": [8, 9.5, 7, 10.5], "rotation": 180, "texture": "#2"}
			}
		},
		{
			"from": [7, 8.70837, 7.75],
			"to": [9, 10.20837, 9.25],
			"rotation": {"angle": 45, "axis": "x", "origin": [8, 9.95837, 8]},
			"faces": {
				"north": {"uv": [10.5, 1, 11.5, 1.75], "texture": "#2"},
				"east": {"uv": [10.5, 10, 11.25, 10.75], "texture": "#2"},
				"south": {"uv": [10.5, 0, 11.5, 0.75], "texture": "#2"},
				"west": {"uv": [10.5, 9, 11.25, 9.75], "texture": "#2"},
				"up": {"uv": [11.5, 4.75, 10.5, 4], "rotation": 180, "texture": "#2"},
				"down": {"uv": [11.5, 5, 10.5, 5.75], "rotation": 180, "texture": "#2"}
			}
		},
		{
			"from": [7.49, 11.71903, 4.92929],
			"to": [8.51, 14.11903, 7.32929],
			"rotation": {"angle": 45, "axis": "x", "origin": [8.02768, 11.01903, 7.92929]},
			"faces": {
				"north": {"uv": [11, 6, 11.5, 7], "texture": "#2"},
				"east": {"uv": [4, 10, 5, 11], "texture": "#2"},
				"south": {"uv": [4.5, 11, 5, 12], "texture": "#2"},
				"west": {"uv": [10, 3, 11, 4], "texture": "#2"},
				"up": {"uv": [11.5, 8, 11, 7], "rotation": 180, "texture": "#2"},
				"down": {"uv": [11.5, 8, 11, 9], "rotation": 180, "texture": "#2"}
			}
		},
		{
			"from": [7.495, 7.91217, 4.645],
			"to": [8.505, 9.91217, 7.645],
			"rotation": {"angle": -45, "axis": "x", "origin": [7.46965, 15.62389, 8]},
			"faces": {
				"north": {"uv": [11.5, 1, 12, 2], "texture": "#2"},
				"east": {"uv": [8.5, 7, 10, 8], "texture": "#2"},
				"south": {"uv": [11.5, 0, 12, 1], "texture": "#2"},
				"west": {"uv": [8.5, 6, 10, 7], "texture": "#2"},
				"up": {"uv": [11, 7.5, 10.5, 6], "rotation": 180, "texture": "#2"},
				"down": {"uv": [7.5, 10.5, 7, 12], "rotation": 180, "texture": "#2"}
			}
		},
		{
			"from": [7.495, 7.21217, 3.645],
			"to": [8.505, 11.21217, 4.645],
			"rotation": {"angle": -45, "axis": "x", "origin": [7.46965, 15.62389, 8]},
			"faces": {
				"north": {"uv": [10, 4, 10.5, 6], "texture": "#2"},
				"east": {"uv": [5, 10, 5.5, 12], "texture": "#2"},
				"south": {"uv": [2.5, 9, 3, 11], "texture": "#2"},
				"west": {"uv": [1, 10, 1.5, 12], "texture": "#2"},
				"up": {"uv": [10, 6, 9.5, 5.5], "rotation": 180, "texture": "#2"},
				"down": {"uv": [12, 6, 11.5, 6.5], "rotation": 180, "texture": "#2"}
			}
		},
		{
			"from": [7.495, 7.91217, 8.355],
			"to": [8.505, 9.91217, 11.355],
			"rotation": {"angle": 45, "axis": "x", "origin": [7.46965, 15.62389, 8]},
			"faces": {
				"north": {"uv": [11.5, 3, 12, 4], "texture": "#2"},
				"east": {"uv": [0, 9, 1.5, 10], "texture": "#2"},
				"south": {"uv": [11.5, 2, 12, 3], "texture": "#2"},
				"west": {"uv": [8.5, 8, 10, 9], "texture": "#2"},
				"up": {"uv": [8, 12, 7.5, 10.5], "rotation": 180, "texture": "#2"},
				"down": {"uv": [11, 7.5, 10.5, 9], "rotation": 180, "texture": "#2"}
			}
		},
		{
			"from": [7.495, 7.21217, 11.355],
			"to": [8.505, 11.21217, 12.355],
			"rotation": {"angle": 45, "axis": "x", "origin": [7.46965, 15.62389, 8]},
			"faces": {
				"north": {"uv": [10, 6, 10.5, 8], "texture": "#2"},
				"east": {"uv": [6.5, 10, 7, 12], "texture": "#2"},
				"south": {"uv": [5.5, 10, 6, 12], "texture": "#2"},
				"west": {"uv": [6, 10, 6.5, 12], "texture": "#2"},
				"up": {"uv": [12, 7, 11.5, 6.5], "rotation": 180, "texture": "#2"},
				"down": {"uv": [12, 7, 11.5, 7.5], "rotation": 180, "texture": "#2"}
			}
		},
		{
			"from": [7.495, 30, 8.15827],
			"to": [8.505, 31.9, 10.05827],
			"rotation": {"angle": -45, "axis": "x", "origin": [7.985, 30.14896, 7.25827]},
			"faces": {
				"north": {"uv": [2.5, 11, 3, 12], "texture": "#2"},
				"east": {"uv": [10, 2, 11, 3], "texture": "#2"},
				"south": {"uv": [11, 2, 11.5, 3], "texture": "#2"},
				"west": {"uv": [0, 10, 1, 11], "texture": "#2"},
				"up": {"uv": [11.5, 4, 11, 3], "rotation": 180, "texture": "#2"},
				"down": {"uv": [4.5, 11, 4, 12], "rotation": 180, "texture": "#2"}
			}
		},
		{
			"from": [6.5, 6.6, 6.5],
			"to": [9.5, 7.1, 9.5],
			"rotation": {"angle": 0, "axis": "y", "origin": [16.5, 0, 15.5]},
			"faces": {
				"north": {"uv": [11.5, 5, 13, 5.25], "texture": "#2"},
				"east": {"uv": [11.5, 5.5, 13, 5.75], "texture": "#2"},
				"south": {"uv": [11.5, 4, 13, 4.25], "texture": "#2"},
				"west": {"uv": [11.5, 4.5, 13, 4.75], "texture": "#2"},
				"up": {"uv": [9, 1.5, 7.5, 0], "rotation": 180, "texture": "#2"},
				"down": {"uv": [9, 1.5, 7.5, 3], "rotation": 180, "texture": "#2"}
			}
		}
	],
	"gui_light": "front",
	"display": {
		"thirdperson_righthand": {
			"rotation": [0, 180, 0],
			"translation": [0, 1, 2],
			"scale": [0.8, 0.8, 0.8]
		},
		"thirdperson_lefthand": {
			"rotation": [0, 180, 0],
			"translation": [0, 1, 2],
			"scale": [0.8, 0.8, 0.8]
		},
		"firstperson_righthand": {
			"rotation": [17, 180, 0],
			"translation": [3, -0.25, -2],
			"scale": [0.5, 0.5, 0.5]
		},
		"firstperson_lefthand": {
			"rotation": [17, 180, 0],
			"translation": [3, -0.25, -2],
			"scale": [0.5, 0.5, 0.5]
		},
		"ground": {
			"rotation": [90, 135, -90],
			"translation": [5.5, 5.5, 0],
			"scale": [0.7, 0.7, 0.7]
		},
		"gui": {
			"rotation": [63, 39, -65],
			"translation": [-3.75, -3.75, 0],
			"scale": [0.65, 0.65, 0.65]
		},
		"head": {
			"rotation": [180, 90, 0],
			"translation": [0, 22, 0]
		},
		"fixed": {
			"rotation": [90, 0, 0],
			"translation": [0, 0, -15],
			"scale": [2, 2, 2]
		}
	}
}