{
	"credit": "Made with Blockbench",
	"texture_size": [32, 32],
	"textures": {
		"0": "item/custom/mole",
		"particle": "item/custom/mole"
	},
	"elements": [
		{
			"from": [4, 1, 4],
			"to": [9, 6, 12],
			"faces": {
				"north": {"uv": [0, 5, 2.5, 7.5], "texture": "#0"},
				"east": {"uv": [0, 0, 4, 2.5], "texture": "#0"},
				"south": {"uv": [6.5, 0, 9, 2.5], "texture": "#0"},
				"west": {"uv": [0, 2.5, 4, 5], "texture": "#0"},
				"up": {"uv": [6.5, 4, 4, 0], "texture": "#0"},
				"down": {"uv": [6.5, 4, 4, 8], "texture": "#0"}
			}
		},
		{
			"from": [4.3, 1.5, 4.2],
			"to": [8.7, 6.5, 11.8],
			"faces": {
				"north": {"uv": [0, 5, 2.5, 7.5], "texture": "#0"},
				"east": {"uv": [0, 0, 4, 2.5], "texture": "#0"},
				"south": {"uv": [6.5, 0, 9, 2.5], "texture": "#0"},
				"west": {"uv": [0, 2.5, 4, 5], "texture": "#0"},
				"up": {"uv": [6.5, 4, 4, 0], "texture": "#0"},
				"down": {"uv": [6.5, 4, 4, 8], "texture": "#0"}
			}
		},
		{
			"from": [9, 0, 3],
			"to": [10, 1, 6],
			"faces": {
				"north": {"uv": [7.5, 9.5, 8, 10], "texture": "#0"},
				"east": {"uv": [8, 7.5, 9.5, 8], "texture": "#0"},
				"south": {"uv": [9.5, 7.5, 10, 8], "texture": "#0"},
				"west": {"uv": [8.5, 8, 10, 8.5], "texture": "#0"},
				"up": {"uv": [9, 10, 8.5, 8.5], "texture": "#0"},
				"down": {"uv": [0.5, 9, 0, 10.5], "texture": "#0"}
			}
		},
		{
			"from": [9, 0, 8],
			"to": [10, 1, 11],
			"faces": {
				"north": {"uv": [9.5, 8.5, 10, 9], "texture": "#0"},
				"east": {"uv": [9, 0, 10.5, 0.5], "texture": "#0"},
				"south": {"uv": [9.5, 9, 10, 9.5], "texture": "#0"},
				"west": {"uv": [0.5, 9, 2, 9.5], "texture": "#0"},
				"up": {"uv": [9.5, 2, 9, 0.5], "texture": "#0"},
				"down": {"uv": [2.5, 9, 2, 10.5], "texture": "#0"}
			}
		},
		{
			"from": [3, 0, 8],
			"to": [4, 1, 11],
			"faces": {
				"north": {"uv": [9.5, 9.5, 10, 10], "texture": "#0"},
				"east": {"uv": [9, 2, 10.5, 2.5], "texture": "#0"},
				"south": {"uv": [0.5, 10, 1, 10.5], "texture": "#0"},
				"west": {"uv": [2.5, 9, 4, 9.5], "texture": "#0"},
				"up": {"uv": [4.5, 10.5, 4, 9], "texture": "#0"},
				"down": {"uv": [5, 9, 4.5, 10.5], "texture": "#0"}
			}
		},
		{
			"from": [3, 1, 5],
			"to": [4, 2, 6],
			"faces": {
				"north": {"uv": [1, 10, 1.5, 10.5], "texture": "#0"},
				"east": {"uv": [1.5, 10, 2, 10.5], "texture": "#0"},
				"south": {"uv": [10, 2.5, 10.5, 3], "texture": "#0"},
				"west": {"uv": [3, 10, 3.5, 10.5], "texture": "#0"},
				"up": {"uv": [10.5, 3.5, 10, 3], "texture": "#0"},
				"down": {"uv": [4, 10, 3.5, 10.5], "texture": "#0"}
			}
		},
		{
			"from": [3, 1, 10],
			"to": [4, 2, 11],
			"faces": {
				"north": {"uv": [10, 3.5, 10.5, 4], "texture": "#0"},
				"east": {"uv": [10, 4, 10.5, 4.5], "texture": "#0"},
				"south": {"uv": [10, 4.5, 10.5, 5], "texture": "#0"},
				"west": {"uv": [5, 10, 5.5, 10.5], "texture": "#0"},
				"up": {"uv": [10.5, 5.5, 10, 5], "texture": "#0"},
				"down": {"uv": [6, 10, 5.5, 10.5], "texture": "#0"}
			}
		},
		{
			"from": [9, 1, 10],
			"to": [10, 2, 11],
			"faces": {
				"north": {"uv": [10, 6, 10.5, 6.5], "texture": "#0"},
				"east": {"uv": [7, 10, 7.5, 10.5], "texture": "#0"},
				"south": {"uv": [7.5, 10, 8, 10.5], "texture": "#0"},
				"west": {"uv": [10, 7.5, 10.5, 8], "texture": "#0"},
				"up": {"uv": [10.5, 8.5, 10, 8], "texture": "#0"},
				"down": {"uv": [9, 10, 8.5, 10.5], "texture": "#0"}
			}
		},
		{
			"from": [9, 1, 5],
			"to": [10, 2, 6],
			"faces": {
				"north": {"uv": [10, 8.5, 10.5, 9], "texture": "#0"},
				"east": {"uv": [9, 10, 9.5, 10.5], "texture": "#0"},
				"south": {"uv": [10, 9, 10.5, 9.5], "texture": "#0"},
				"west": {"uv": [9.5, 10, 10, 10.5], "texture": "#0"},
				"up": {"uv": [10.5, 10, 10, 9.5], "texture": "#0"},
				"down": {"uv": [10.5, 10, 10, 10.5], "texture": "#0"}
			}
		},
		{
			"from": [3, 0, 3],
			"to": [4, 1, 6],
			"faces": {
				"north": {"uv": [0, 10.5, 0.5, 11], "texture": "#0"},
				"east": {"uv": [5, 9, 6.5, 9.5], "texture": "#0"},
				"south": {"uv": [10.5, 0, 11, 0.5], "texture": "#0"},
				"west": {"uv": [6.5, 9, 8, 9.5], "texture": "#0"},
				"up": {"uv": [8.5, 10.5, 8, 9], "texture": "#0"},
				"down": {"uv": [9.5, 8.5, 9, 10], "texture": "#0"}
			}
		},
		{
			"from": [5, 1.5, 2.05104],
			"to": [7.99, 3.43649, 5],
			"faces": {
				"north": {"uv": [1.5, 8, 3, 9], "texture": "#0"},
				"east": {"uv": [3, 8, 4.5, 9], "texture": "#0"},
				"south": {"uv": [4.5, 8, 6, 9], "texture": "#0"},
				"west": {"uv": [6, 8, 7.5, 9], "texture": "#0"},
				"up": {"uv": [4, 6.5, 2.5, 5], "texture": "#0"},
				"down": {"uv": [4, 6.5, 2.5, 8], "texture": "#0"}
			}
		},
		{
			"from": [2.07954, 1.501, 4.94939],
			"to": [4.17954, 3.501, 7.04939],
			"rotation": {"angle": 45, "axis": "y", "origin": [-0.02046, 0, -0.05061]},
			"faces": {
				"north": {"uv": [8, 6.5, 9, 7.5], "texture": "#0"},
				"east": {"uv": [7.5, 8, 8.5, 9], "texture": "#0"},
				"south": {"uv": [8.5, 2.5, 9.5, 3.5], "texture": "#0"},
				"west": {"uv": [8.5, 3.5, 9.5, 4.5], "texture": "#0"},
				"up": {"uv": [9.5, 5.5, 8.5, 4.5], "texture": "#0"},
				"down": {"uv": [9.5, 5.5, 8.5, 6.5], "texture": "#0"}
			}
		},
		{
			"from": [5.01, 1.41, 3.21],
			"to": [7.9899, 2.39, 6.19],
			"rotation": {"angle": -22.5, "axis": "x", "origin": [0, 0, 0]},
			"faces": {
				"north": {"uv": [9, 6.5, 10.5, 7], "texture": "#0"},
				"east": {"uv": [9, 7, 10.5, 7.5], "texture": "#0"},
				"south": {"uv": [0.5, 9.5, 2, 10], "texture": "#0"},
				"west": {"uv": [9.5, 0.5, 11, 1], "texture": "#0"},
				"up": {"uv": [8, 8, 6.5, 6.5], "texture": "#0"},
				"down": {"uv": [1.5, 7.5, 0, 9], "texture": "#0"}
			}
		},
		{
			"from": [6, 1, 12],
			"to": [7, 2, 14],
			"faces": {
				"north": {"uv": [0.5, 10.5, 1, 11], "texture": "#0"},
				"east": {"uv": [9.5, 1.5, 10.5, 2], "texture": "#0"},
				"south": {"uv": [1, 10.5, 1.5, 11], "texture": "#0"},
				"west": {"uv": [3, 9.5, 4, 10], "texture": "#0"},
				"up": {"uv": [10, 4.5, 9.5, 3.5], "texture": "#0"},
				"down": {"uv": [10, 4.5, 9.5, 5.5], "texture": "#0"}
			}
		},
		{
			"from": [6.1, 1.1, 14],
			"to": [6.9, 1.9, 15.8],
			"faces": {
				"north": {"uv": [10.5, 1, 11, 1.5], "texture": "#0"},
				"east": {"uv": [5, 9.5, 6, 10], "texture": "#0"},
				"south": {"uv": [1.5, 10.5, 2, 11], "texture": "#0"},
				"west": {"uv": [9.5, 5.5, 10.5, 6], "texture": "#0"},
				"up": {"uv": [6.5, 10.5, 6, 9.5], "texture": "#0"},
				"down": {"uv": [7, 9.5, 6.5, 10.5], "texture": "#0"}
			}
		},
		{
			"from": [6.25, 1.25, 15.75],
			"to": [6.75, 1.75, 17.25],
			"faces": {
				"north": {"uv": [9.5, 6, 10, 6.5], "texture": "#0"},
				"east": {"uv": [1.5, 7.5, 2.5, 8], "texture": "#0"},
				"south": {"uv": [7, 9.5, 7.5, 10], "texture": "#0"},
				"west": {"uv": [9.5, 1, 10.5, 1.5], "texture": "#0"},
				"up": {"uv": [3, 10.5, 2.5, 9.5], "texture": "#0"},
				"down": {"uv": [10, 2.5, 9.5, 3.5], "texture": "#0"}
			}
		}
	],
	"gui_light": "front",
	"display": {
		"thirdperson_righthand": {
			"rotation": [87, 0, 0],
			"translation": [0, 0, 2.75]
		},
		"thirdperson_lefthand": {
			"rotation": [87, 0, 0],
			"translation": [-2.25, 0, 2.75]
		},
		"firstperson_righthand": {
			"rotation": [14, 17, 0],
			"translation": [1, 5.25, 1.75]
		},
		"firstperson_lefthand": {
			"rotation": [14, 17, 0],
			"translation": [1, 5.25, 1.75]
		},
		"ground": {
			"translation": [3.5, 15.25, 0],
			"scale": [2, 2, 2]
		},
		"gui": {
			"rotation": [24, 153, 0],
			"translation": [-1.75, 7, 0],
			"scale": [1.5, 1.5, 1.5]
		},
		"head": {
			"translation": [1.5, 14.25, 0]
		},
		"fixed": {
			"rotation": [-90, 0, 0],
			"translation": [4.75, 0, -24],
			"scale": [3, 3, 3]
		}
	}
}