{
	"credit": "Made with Blockbench",
	"texture_size": [32, 32],
	"textures": {
		"0": "item/custom/mortal_blade",
		"particle": "item/custom/mortal_blade"
	},
	"elements": [
		{
			"from": [7, -5, 7],
			"to": [9, 4, 9],
			"rotation": {"angle": 0, "axis": "y", "origin": [8, 2, 8]},
			"faces": {
				"north": {"uv": [5, 4.5, 6, 9], "texture": "#0"},
				"east": {"uv": [4, 0, 5, 4.5], "texture": "#0"},
				"south": {"uv": [4, 4.5, 5, 9], "texture": "#0"},
				"west": {"uv": [5, 0, 6, 4.5], "texture": "#0"},
				"up": {"uv": [7, 4, 6, 3], "rotation": 90, "texture": "#0"},
				"down": {"uv": [7, 4, 6, 5], "rotation": 270, "texture": "#0"}
			}
		},
		{
			"from": [6, 4, 6],
			"to": [10, 5, 10],
			"rotation": {"angle": 0, "axis": "y", "origin": [7.5, 2, 7.5]},
			"faces": {
				"north": {"uv": [6, 5, 7.5, 5.5], "texture": "#0"},
				"east": {"uv": [6, 5.5, 7.5, 6], "texture": "#0"},
				"south": {"uv": [6, 6, 7.5, 6.5], "texture": "#0"},
				"west": {"uv": [6, 6.5, 7.5, 7], "texture": "#0"},
				"up": {"uv": [7.5, 1.5, 6, 0], "texture": "#0"},
				"down": {"uv": [7.5, 1.5, 6, 3], "texture": "#0"}
			}
		},
		{
			"from": [8, 5, 7],
			"to": [8, 32, 11],
			"rotation": {"angle": 0, "axis": "y", "origin": [6, 0, 7]},
			"faces": {
				"east": {"uv": [2, 0, 0, 13.5], "texture": "#0"},
				"west": {"uv": [4, 0, 2, 13.5], "texture": "#0"}
			}
		}
	],
	"gui_light": "front",
	"display": {
		"thirdperson_righthand": {
			"translation": [0, 6, 1.25]
		},
		"thirdperson_lefthand": {
			"translation": [0, 6, 1.25]
		},
		"firstperson_righthand": {
			"rotation": [17, 4, 0],
			"translation": [1, 1.5, 0],
			"scale": [0.43, 0.43, 0.43]
		},
		"firstperson_lefthand": {
			"rotation": [17, 4, 0],
			"translation": [1, 1.5, 0],
			"scale": [0.43, 0.43, 0.43]
		},
		"ground": {
			"rotation": [-45, 0, 0],
			"translation": [0, 5.5, 0],
			"scale": [0.65, 0.65, 0.65]
		},
		"gui": {
			"rotation": [-90, -45, -90],
			"translation": [-1.75, -2.75, 0],
			"scale": [0.55, 0.55, 0.55]
		},
		"fixed": {
			"rotation": [-90, 45, 90],
			"translation": [2.25, -3.75, 0],
			"scale": [0.8, 0.8, 0.8]
		}
	}
}