{
	"credit": "Made with Blockbench",
	"texture_size": [32, 32],
	"textures": {
		"0": "item/custom/poop",
		"particle": "item/custom/poop"
	},
	"elements": [
		{
			"from": [4, 0, 4],
			"to": [12, 3, 12],
			"faces": {
				"north": {"uv": [4, 6, 8, 7.5], "texture": "#0"},
				"east": {"uv": [7, 0, 11, 1.5], "texture": "#0"},
				"south": {"uv": [7, 1.5, 11, 3], "texture": "#0"},
				"west": {"uv": [7, 3, 11, 4.5], "texture": "#0"},
				"up": {"uv": [4, 4, 0, 0], "texture": "#0"},
				"down": {"uv": [4, 4, 0, 8], "texture": "#0"}
			}
		},
		{
			"from": [5, 3, 5],
			"to": [11, 5, 11],
			"faces": {
				"north": {"uv": [7, 4.5, 10, 5.5], "texture": "#0"},
				"east": {"uv": [4, 7.5, 7, 8.5], "texture": "#0"},
				"south": {"uv": [7, 7.5, 10, 8.5], "texture": "#0"},
				"west": {"uv": [0, 8, 3, 9], "texture": "#0"},
				"up": {"uv": [7, 3, 4, 0], "texture": "#0"},
				"down": {"uv": [7, 3, 4, 6], "texture": "#0"}
			}
		},
		{
			"from": [6.34672, 5, 6.2706],
			"to": [9.34672, 6, 9.2706],
			"rotation": {"angle": -22.5, "axis": "y", "origin": [7.34672, 5.5, 8.2706]},
			"faces": {
				"north": {"uv": [8, 7, 9.5, 7.5], "texture": "#0"},
				"east": {"uv": [8.5, 8.5, 10, 9], "texture": "#0"},
				"south": {"uv": [0, 9, 1.5, 9.5], "texture": "#0"},
				"west": {"uv": [1.5, 9, 3, 9.5], "texture": "#0"},
				"up": {"uv": [9.5, 7, 8, 5.5], "texture": "#0"},
				"down": {"uv": [4.5, 8.5, 3, 10], "texture": "#0"}
			}
		},
		{
			"from": [8.34672, 5, 7.2706],
			"to": [8.34672, 8, 9.2706],
			"rotation": {"angle": -22.5, "axis": "y", "origin": [7.34672, 5.5, 8.2706]},
			"faces": {
				"north": {"uv": [0, 0, 0, 1.5], "texture": "#0"},
				"east": {"uv": [4.5, 8.5, 5.5, 10], "texture": "#0"},
				"south": {"uv": [0, 0, 0, 1.5], "texture": "#0"},
				"west": {"uv": [5.5, 8.5, 6.5, 10], "texture": "#0"},
				"up": {"uv": [0, 1, 0, 0], "texture": "#0"},
				"down": {"uv": [0, 0, 0, 1], "texture": "#0"}
			}
		},
		{
			"from": [7.34672, 5, 8.2706],
			"to": [9.34672, 8, 8.2706],
			"rotation": {"angle": -22.5, "axis": "y", "origin": [7.34672, 5.5, 8.2706]},
			"faces": {
				"north": {"uv": [6.5, 8.5, 7.5, 10], "texture": "#0"},
				"east": {"uv": [0, 0, 0, 1.5], "texture": "#0"},
				"south": {"uv": [7.5, 8.5, 8.5, 10], "texture": "#0"},
				"west": {"uv": [0, 0, 0, 1.5], "texture": "#0"},
				"up": {"uv": [1, 0, 0, 0], "texture": "#0"},
				"down": {"uv": [1, 0, 0, 0], "texture": "#0"}
			}
		}
	],
	"display": {
		"thirdperson_righthand": {
			"translation": [0, 6.5, 0]
		},
		"thirdperson_lefthand": {
			"translation": [0, 6.5, 0]
		},
		"firstperson_righthand": {
			"translation": [0, 3.75, 0]
		},
		"firstperson_lefthand": {
			"translation": [0, 3.75, 0]
		},
		"ground": {
			"translation": [0, 5.25, 0]
		},
		"gui": {
			"rotation": [25, 45, 0],
			"translation": [0, 4, 0]
		},
		"fixed": {
			"translation": [0, 3.75, 0]
		}
	}
}