{
	"credit": "Made with Blockbench",
	"texture_size": [32, 32],
	"textures": {
		"1": "item/custom/red_lightsaber",
		"2": "item/custom/lightsaber_base",
		"particle": "item/custom/lightsaber_base"
	},
	"elements": [
		{
			"from": [7.6, 14, 7.6],
			"to": [8.4, 31.8, 8.4],
			"rotation": {"angle": 0, "axis": "y", "origin": [0.6, 0, -0.4]},
			"faces": {
				"north": {"uv": [0, 0, 0.5, 16], "texture": "#2"},
				"east": {"uv": [0, 0, 0.5, 16], "texture": "#2"},
				"south": {"uv": [0, 0, 0.5, 16], "texture": "#2"},
				"west": {"uv": [0, 0, 0.5, 16], "texture": "#2"},
				"up": {"uv": [0.5, 0.5, 0, 0], "texture": "#2"},
				"down": {"uv": [0, 0, 0.5, 0.5], "texture": "#2"}
			}
		},
		{
			"from": [7.25, 12.5, 7.25],
			"to": [8.75, 14.5, 8.75],
			"rotation": {"angle": 0, "axis": "y", "origin": [8, 6.3, 8]},
			"faces": {
				"north": {"uv": [0.5, 0, 1.25, 1], "texture": "#2"},
				"east": {"uv": [1.25, 0, 0.5, 1], "texture": "#2"},
				"south": {"uv": [0.5, 0, 1.25, 1], "texture": "#2"},
				"west": {"uv": [1.25, 0, 0.5, 1], "texture": "#2"},
				"up": {"uv": [1.25, 6.25, 0.5, 5.5], "texture": "#2"},
				"down": {"uv": [1.25, 5.5, 0.5, 6.25], "texture": "#2"}
			}
		},
		{
			"from": [7.25, 5.5, 7.25],
			"to": [8.75, 10.5, 8.75],
			"rotation": {"angle": 0, "axis": "y", "origin": [0.25, -0.5, -0.75]},
			"faces": {
				"north": {"uv": [1.25, 2, 2, 4.75], "texture": "#2"},
				"east": {"uv": [2, 2, 1.25, 4.75], "texture": "#2"},
				"south": {"uv": [1.25, 2, 2, 4.75], "texture": "#2"},
				"west": {"uv": [2, 2, 1.25, 4.75], "texture": "#2"},
				"up": {"uv": [1.25, 6.25, 0.5, 5.5], "texture": "#2"},
				"down": {"uv": [1.25, 5.5, 0.5, 6.25], "texture": "#2"}
			}
		},
		{
			"from": [7.4, 10.5, 7.4],
			"to": [8.6, 12.5, 8.6],
			"rotation": {"angle": 0, "axis": "y", "origin": [0.4, -0.5, -0.6]},
			"faces": {
				"north": {"uv": [0.5, 1, 1.25, 2], "texture": "#2"},
				"east": {"uv": [0.5, 1, 1.25, 2], "texture": "#2"},
				"south": {"uv": [0.5, 1, 1.25, 2], "texture": "#2"},
				"west": {"uv": [0.5, 1, 1.25, 2], "texture": "#2"},
				"up": {"uv": [1.25, 6.25, 0.5, 5.5], "texture": "#missing"},
				"down": {"uv": [1.25, 5.5, 0.5, 6.25], "texture": "#missing"}
			}
		},
		{
			"from": [7.25, 1.5, 7.25],
			"to": [8.75, 3.5, 8.75],
			"rotation": {"angle": 0, "axis": "y", "origin": [8, 6.3, 8]},
			"faces": {
				"north": {"uv": [0.5, 0, 1.25, 1], "texture": "#2"},
				"east": {"uv": [1.25, 0, 0.5, 1], "texture": "#2"},
				"south": {"uv": [0.5, 0, 1.25, 1], "texture": "#2"},
				"west": {"uv": [1.25, 0, 0.5, 1], "texture": "#2"},
				"up": {"uv": [1.25, 6.25, 0.5, 5.5], "texture": "#2"},
				"down": {"uv": [1.25, 5.5, 0.5, 6.25], "texture": "#2"}
			}
		},
		{
			"from": [7.4, 3.5, 7.4],
			"to": [8.6, 5.5, 8.6],
			"rotation": {"angle": 0, "axis": "y", "origin": [0.4, -0.5, -0.6]},
			"faces": {
				"north": {"uv": [0.5, 1, 1.25, 2], "texture": "#2"},
				"east": {"uv": [0.5, 1, 1.25, 2], "texture": "#2"},
				"south": {"uv": [0.5, 1, 1.25, 2], "texture": "#2"},
				"west": {"uv": [0.5, 1, 1.25, 2], "texture": "#2"},
				"up": {"uv": [1.25, 6.25, 0.5, 5.5], "texture": "#missing"},
				"down": {"uv": [1.25, 5.5, 0.5, 6.25], "texture": "#missing"}
			}
		},
		{
			"from": [8.7, 14, 7.3],
			"to": [8.7, 32, 8.7],
			"rotation": {"angle": 0, "axis": "y", "origin": [0.3, 0, -0.7]},
			"faces": {
				"west": {"uv": [0, 0, 16, 16], "texture": "#1"}
			}
		},
		{
			"from": [7.3, 14, 8.7],
			"to": [8.7, 32, 8.7],
			"rotation": {"angle": 0, "axis": "y", "origin": [0.3, 0, -0.7]},
			"faces": {
				"north": {"uv": [0, 0, 16, 16], "texture": "#1"}
			}
		},
		{
			"from": [7.3, 14, 7.3],
			"to": [8.7, 32, 7.3],
			"rotation": {"angle": 0, "axis": "y", "origin": [7.65, 16, 7.65]},
			"faces": {
				"south": {"uv": [0, 0, 16, 16], "texture": "#1"}
			}
		},
		{
			"from": [7.3, 14, 7.3],
			"to": [7.3, 32, 8.7],
			"rotation": {"angle": 0, "axis": "y", "origin": [7.65, 16, 7.65]},
			"faces": {
				"east": {"uv": [0, 0, 16, 16], "texture": "#1"}
			}
		},
		{
			"from": [7.6, -15.8, 7.6],
			"to": [8.4, 2, 8.4],
			"rotation": {"angle": 0, "axis": "y", "origin": [0.6, 0, -0.4]},
			"faces": {
				"north": {"uv": [0, 0, 0.5, 16], "texture": "#2"},
				"east": {"uv": [0, 0, 0.5, 16], "texture": "#2"},
				"south": {"uv": [0, 0, 0.5, 16], "texture": "#2"},
				"west": {"uv": [0, 0, 0.5, 16], "texture": "#2"},
				"up": {"uv": [0.5, 0.5, 0, 0], "texture": "#2"},
				"down": {"uv": [0, 0, 0.5, 0.5], "texture": "#2"}
			}
		},
		{
			"from": [8.7, -16, 7.3],
			"to": [8.7, 2, 8.7],
			"rotation": {"angle": 0, "axis": "y", "origin": [0.3, 0, -0.7]},
			"faces": {
				"west": {"uv": [0, 0, 16, 16], "texture": "#1"}
			}
		},
		{
			"from": [7.3, -16, 8.7],
			"to": [8.7, 2, 8.7],
			"rotation": {"angle": 0, "axis": "y", "origin": [0.3, 0, -0.7]},
			"faces": {
				"north": {"uv": [0, 0, 16, 16], "texture": "#1"}
			}
		},
		{
			"from": [7.3, -16, 7.3],
			"to": [7.3, 2, 8.7],
			"rotation": {"angle": 0, "axis": "y", "origin": [7.65, 16, 7.65]},
			"faces": {
				"east": {"uv": [0, 0, 16, 16], "texture": "#1"}
			}
		},
		{
			"from": [7.3, -16, 7.3],
			"to": [8.7, 2, 7.3],
			"rotation": {"angle": 0, "axis": "y", "origin": [7.65, 16, 7.65]},
			"faces": {
				"south": {"uv": [0, 0, 16, 16], "texture": "#1"}
			}
		},
		{
			"from": [7.3, 32, 7.3],
			"to": [8.7, 32, 8.7],
			"rotation": {"angle": 0, "axis": "y", "origin": [7.65, 16, 7.65]},
			"faces": {
				"down": {"uv": [0, 0, 16, 16], "texture": "#1"}
			}
		},
		{
			"from": [7.3, -16, 7.3],
			"to": [8.7, -16, 8.7],
			"rotation": {"angle": 0, "axis": "y", "origin": [7.65, 16, 7.65]},
			"faces": {
				"up": {"uv": [0, 0, 0, 0], "rotation": 180, "texture": "#1"}
			}
		}
	],
	"gui_light": "front",
	"display": {
		"thirdperson_righthand": {
			"translation": [0, -2, 1]
		},
		"thirdperson_lefthand": {
			"translation": [0, -2, 1]
		},
		"firstperson_righthand": {
			"rotation": [17, 180, 0],
			"translation": [3, 2, -2],
			"scale": [0.6, 0.6, 0.6]
		},
		"firstperson_lefthand": {
			"rotation": [17, 180, 0],
			"translation": [3, 2, -2],
			"scale": [0.6, 0.6, 0.6]
		},
		"ground": {
			"translation": [0, 21, 0]
		},
		"gui": {
			"rotation": [0, 0, -45],
			"scale": [0.5, 0.5, 0.5]
		},
		"fixed": {
			"rotation": [0, 0, 45]
		}
	}
}