{
	"credit": "Made with Blockbench",
	"texture_size": [64, 64],
	"textures": {
		"0": "item/custom/royal_claymore",
		"particle": "item/custom/royal_claymore"
	},
	"elements": [
		{
			"from": [7.5, 9, 6.5],
			"to": [8.5, 15, 9.5],
			"rotation": {"angle": 0, "axis": "x", "origin": [8.01768, 11.01903, 8]},
			"faces": {
				"north": {"uv": [5, 5.5, 5.25, 7], "texture": "#0"},
				"east": {"uv": [2.75, 0, 3.5, 1.5], "texture": "#0"},
				"south": {"uv": [3.5, 0, 3.75, 1.5], "texture": "#0"},
				"west": {"uv": [0.5, 2.5, 1.25, 4], "texture": "#0"},
				"up": {"uv": [2.25, 7.75, 2, 7], "rotation": 180, "texture": "#0"},
				"down": {"uv": [2.5, 7, 2.25, 7.75], "rotation": 180, "texture": "#0"}
			}
		},
		{
			"from": [7.5, 1, 7.49498],
			"to": [8.5, 9, 8.49498],
			"rotation": {"angle": 0, "axis": "x", "origin": [8, 5, 7.99498]},
			"faces": {
				"north": {"uv": [4, 5.5, 4.25, 7.5], "texture": "#0"},
				"east": {"uv": [4.25, 5.5, 4.5, 7.5], "texture": "#0"},
				"south": {"uv": [0, 5.5, 0.25, 7.5], "texture": "#0"},
				"west": {"uv": [0.25, 5.5, 0.5, 7.5], "texture": "#0"},
				"up": {"uv": [8, 6.25, 7.75, 6], "rotation": 180, "texture": "#0"},
				"down": {"uv": [8, 6.25, 7.75, 6.5], "rotation": 180, "texture": "#0"}
			}
		},
		{
			"from": [6.995, 18.3, 7],
			"to": [9.005, 30.3, 9],
			"rotation": {"angle": 0, "axis": "y", "origin": [8, 24, 8]},
			"faces": {
				"north": {"uv": [2.25, 0, 2.75, 3], "texture": "#0"},
				"east": {"uv": [0, 2.5, 0.5, 5.5], "texture": "#0"},
				"south": {"uv": [1.25, 0, 1.75, 3], "texture": "#0"},
				"west": {"uv": [1.75, 0, 2.25, 3], "texture": "#0"},
				"up": {"uv": [7.25, 5.75, 6.75, 5.25], "rotation": 180, "texture": "#0"},
				"down": {"uv": [7.25, 5.75, 6.75, 6.25], "rotation": 180, "texture": "#0"}
			}
		},
		{
			"from": [7, 14.70557, 6.00823],
			"to": [9, 18.70557, 10.00823],
			"rotation": {"angle": 45, "axis": "x", "origin": [8, 16.7138, 7.99999]},
			"faces": {
				"north": {"uv": [6, 1.5, 6.5, 2.5], "texture": "#0"},
				"east": {"uv": [2.75, 2.5, 3.75, 3.5], "texture": "#0"},
				"south": {"uv": [4.5, 5.5, 5, 6.5], "texture": "#0"},
				"west": {"uv": [2.75, 1.5, 3.75, 2.5], "texture": "#0"},
				"up": {"uv": [6.5, 3.5, 6, 2.5], "rotation": 180, "texture": "#0"},
				"down": {"uv": [6.5, 3.5, 6, 4.5], "rotation": 180, "texture": "#0"}
			}
		},
		{
			"from": [7, 11.38984, 6.25884],
			"to": [9, 14.38984, 9.25884],
			"rotation": {"angle": -45, "axis": "x", "origin": [8.03535, 15.62389, 8]},
			"faces": {
				"north": {"uv": [6.25, 0.5, 6.75, 1.25], "texture": "#0"},
				"east": {"uv": [5.25, 5.25, 6, 6], "texture": "#0"},
				"south": {"uv": [5.5, 1.5, 6, 2.25], "texture": "#0"},
				"west": {"uv": [5.25, 4.5, 6, 5.25], "texture": "#0"},
				"up": {"uv": [1.75, 7, 1.25, 6.25], "rotation": 180, "texture": "#0"},
				"down": {"uv": [2.25, 6.25, 1.75, 7], "rotation": 180, "texture": "#0"}
			}
		},
		{
			"from": [7, 11.38984, 6.74116],
			"to": [9, 14.38984, 9.74116],
			"rotation": {"angle": 45, "axis": "x", "origin": [8.03535, 15.62389, 8]},
			"faces": {
				"north": {"uv": [6.5, 1.25, 7, 2], "texture": "#0"},
				"east": {"uv": [5.5, 0.75, 6.25, 1.5], "texture": "#0"},
				"south": {"uv": [2.25, 6.25, 2.75, 7], "texture": "#0"},
				"west": {"uv": [5.5, 0, 6.25, 0.75], "texture": "#0"},
				"up": {"uv": [7, 2.75, 6.5, 2], "rotation": 180, "texture": "#0"},
				"down": {"uv": [7, 2.75, 6.5, 3.5], "rotation": 180, "texture": "#0"}
			}
		},
		{
			"from": [6.86893, 18, 8.18713],
			"to": [7.86893, 30, 9.18713],
			"rotation": {"angle": 45, "axis": "y", "origin": [8.07071, 15.62389, 8.03536]},
			"faces": {
				"north": {"uv": [3.75, 0, 4, 3], "texture": "#0"},
				"east": {"uv": [3.75, 3, 4, 6], "texture": "#0"},
				"south": {"uv": [3.25, 3.5, 3.5, 6.5], "texture": "#0"},
				"west": {"uv": [3.5, 3.5, 3.75, 6.5], "texture": "#0"},
				"up": {"uv": [6.75, 8, 6.5, 7.75], "rotation": 180, "texture": "#0"},
				"down": {"uv": [7.25, 7.75, 7, 8], "rotation": 180, "texture": "#0"}
			}
		},
		{
			"from": [6.93358, 14, 7.00178],
			"to": [7.93358, 27, 8.00178],
			"rotation": {"angle": 45, "axis": "y", "origin": [8.03536, 15.62389, 7.75]},
			"faces": {
				"north": {"uv": [1.75, 3, 2, 6.25], "texture": "#0"},
				"east": {"uv": [2, 3, 2.25, 6.25], "texture": "#0"},
				"south": {"uv": [1.25, 3, 1.5, 6.25], "texture": "#0"},
				"west": {"uv": [1.5, 3, 1.75, 6.25], "texture": "#0"},
				"up": {"uv": [8, 8, 7.75, 7.75], "rotation": 180, "texture": "#0"},
				"down": {"uv": [8.25, 0, 8, 0.25], "rotation": 180, "texture": "#0"}
			}
		},
		{
			"from": [8.13713, 14, 7.00178],
			"to": [9.13713, 27, 8.00178],
			"rotation": {"angle": -45, "axis": "y", "origin": [8.03536, 15.62389, 7.75]},
			"faces": {
				"north": {"uv": [2.75, 3.5, 3, 6.75], "texture": "#0"},
				"east": {"uv": [3, 3.5, 3.25, 6.75], "texture": "#0"},
				"south": {"uv": [2.25, 3, 2.5, 6.25], "texture": "#0"},
				"west": {"uv": [2.5, 3, 2.75, 6.25], "texture": "#0"},
				"up": {"uv": [0.5, 8.25, 0.25, 8], "rotation": 180, "texture": "#0"},
				"down": {"uv": [0.75, 8, 0.5, 8.25], "rotation": 180, "texture": "#0"}
			}
		},
		{
			"from": [6.79822, 18, 6.78358],
			"to": [7.79822, 30, 7.78358],
			"rotation": {"angle": -45, "axis": "y", "origin": [8, 15.62389, 8.03536]},
			"faces": {
				"north": {"uv": [0.75, 4, 1, 7], "texture": "#0"},
				"east": {"uv": [1, 4, 1.25, 7], "texture": "#0"},
				"south": {"uv": [4, 0, 4.25, 3], "texture": "#0"},
				"west": {"uv": [0.5, 4, 0.75, 7], "texture": "#0"},
				"up": {"uv": [8, 7.25, 7.75, 7], "rotation": 180, "texture": "#0"},
				"down": {"uv": [7.5, 7.75, 7.25, 8], "rotation": 180, "texture": "#0"}
			}
		},
		{
			"from": [7, 8.31066, 0.69596],
			"to": [9, 10.31066, 2.69596],
			"rotation": {"angle": -45, "axis": "x", "origin": [8.03536, 15.62389, 7.99498]},
			"faces": {
				"north": {"uv": [7, 0, 7.5, 0.5], "texture": "#0"},
				"east": {"uv": [0.5, 7, 1, 7.5], "texture": "#0"},
				"south": {"uv": [6.75, 6.25, 7.25, 6.75], "texture": "#0"},
				"west": {"uv": [6.75, 6.75, 7.25, 7.25], "texture": "#0"},
				"up": {"uv": [1.5, 7.5, 1, 7], "rotation": 180, "texture": "#0"},
				"down": {"uv": [7.5, 1.25, 7, 1.75], "rotation": 180, "texture": "#0"}
			}
		},
		{
			"from": [7, 4.31066, -3.30404],
			"to": [9, 6.31066, -1.30404],
			"rotation": {"angle": -45, "axis": "x", "origin": [8.03536, 15.62389, 7.99498]},
			"faces": {
				"north": {"uv": [7, 0, 7.5, 0.5], "texture": "#0"},
				"east": {"uv": [0.5, 7, 1, 7.5], "texture": "#0"},
				"south": {"uv": [6.75, 6.25, 7.25, 6.75], "texture": "#0"},
				"west": {"uv": [6.75, 6.75, 7.25, 7.25], "texture": "#0"},
				"up": {"uv": [1.5, 7.5, 1, 7], "rotation": 180, "texture": "#0"},
				"down": {"uv": [7.5, 1.25, 7, 1.75], "rotation": 180, "texture": "#0"}
			}
		},
		{
			"from": [7.5, 10.8753, 6.26367],
			"to": [8.5, 13.8753, 9.26367],
			"rotation": {"angle": 45, "axis": "x", "origin": [8.03535, 15.62389, 8.05]},
			"faces": {
				"north": {"uv": [7.25, 5.25, 7.5, 6], "texture": "#0"},
				"east": {"uv": [5.25, 2.25, 6, 3], "texture": "#0"},
				"south": {"uv": [5.25, 7.25, 5.5, 8], "texture": "#0"},
				"west": {"uv": [4.5, 4.75, 5.25, 5.5], "texture": "#0"},
				"up": {"uv": [5.75, 8, 5.5, 7.25], "rotation": 180, "texture": "#0"},
				"down": {"uv": [6, 7.25, 5.75, 8], "rotation": 180, "texture": "#0"}
			}
		},
		{
			"from": [7.5, 10.94601, 6.76562],
			"to": [8.5, 13.94601, 9.76562],
			"rotation": {"angle": -45, "axis": "x", "origin": [8.03535, 15.62389, 8.05]},
			"faces": {
				"north": {"uv": [7.25, 6, 7.5, 6.75], "texture": "#0"},
				"east": {"uv": [5.25, 3.75, 6, 4.5], "texture": "#0"},
				"south": {"uv": [6, 7.25, 6.25, 8], "texture": "#0"},
				"west": {"uv": [5.25, 3, 6, 3.75], "texture": "#0"},
				"up": {"uv": [6.5, 8, 6.25, 7.25], "rotation": 180, "texture": "#0"},
				"down": {"uv": [7, 7.25, 6.75, 8], "rotation": 180, "texture": "#0"}
			}
		},
		{
			"from": [7.5, 14.22204, 5.50824],
			"to": [8.5, 19.22204, 10.50824],
			"rotation": {"angle": -45, "axis": "x", "origin": [8, 16.7138, 8]},
			"faces": {
				"north": {"uv": [4.75, 6.5, 5, 7.75], "texture": "#0"},
				"east": {"uv": [0, 1.25, 1.25, 2.5], "texture": "#0"},
				"south": {"uv": [4.5, 6.5, 4.75, 7.75], "texture": "#0"},
				"west": {"uv": [0, 0, 1.25, 1.25], "texture": "#0"},
				"up": {"uv": [3, 8, 2.75, 6.75], "rotation": 180, "texture": "#0"},
				"down": {"uv": [3.25, 6.75, 3, 8], "rotation": 180, "texture": "#0"}
			}
		},
		{
			"from": [6.5, 9.51903, 8.5],
			"to": [9.5, 11.51903, 9.5],
			"rotation": {"angle": -45, "axis": "x", "origin": [7.98232, 11.01903, 8]},
			"faces": {
				"north": {"uv": [6, 5, 6.75, 5.5], "texture": "#0"},
				"east": {"uv": [3.75, 6, 4, 6.5], "texture": "#0"},
				"south": {"uv": [6, 4.5, 6.75, 5], "texture": "#0"},
				"west": {"uv": [4.25, 2.5, 4.5, 3], "texture": "#0"},
				"up": {"uv": [7.75, 2.5, 7, 2.25], "rotation": 180, "texture": "#0"},
				"down": {"uv": [7.75, 2.5, 7, 2.75], "rotation": 180, "texture": "#0"}
			}
		},
		{
			"from": [6.5, 11.51903, 7.5],
			"to": [9.5, 12.51903, 9.5],
			"rotation": {"angle": -45, "axis": "x", "origin": [7.98232, 11.01903, 8]},
			"faces": {
				"north": {"uv": [7, 7.25, 7.75, 7.5], "texture": "#0"},
				"east": {"uv": [7.75, 0.5, 8.25, 0.75], "texture": "#0"},
				"south": {"uv": [7.25, 6.75, 8, 7], "texture": "#0"},
				"west": {"uv": [7.75, 0.25, 8.25, 0.5], "texture": "#0"},
				"up": {"uv": [4, 7, 3.25, 6.5], "rotation": 180, "texture": "#0"},
				"down": {"uv": [7.25, 3.5, 6.5, 4], "rotation": 180, "texture": "#0"}
			}
		},
		{
			"from": [6.5, 11.51903, 8.5],
			"to": [9.5, 13.51903, 10.5],
			"rotation": {"angle": -45, "axis": "x", "origin": [7.98232, 11.01903, 8]},
			"faces": {
				"north": {"uv": [5.25, 6.5, 6, 7], "texture": "#0"},
				"east": {"uv": [7, 1.75, 7.5, 2.25], "texture": "#0"},
				"south": {"uv": [6.5, 4, 7.25, 4.5], "texture": "#0"},
				"west": {"uv": [1.5, 7, 2, 7.5], "texture": "#0"},
				"up": {"uv": [6.75, 7, 6, 6.5], "rotation": 180, "texture": "#0"},
				"down": {"uv": [7.5, 0.5, 6.75, 1], "rotation": 180, "texture": "#0"}
			}
		},
		{
			"from": [6.5, 10.51903, 6.5],
			"to": [9.5, 12.51903, 7.5],
			"rotation": {"angle": -45, "axis": "x", "origin": [7.98232, 11.01903, 8]},
			"faces": {
				"north": {"uv": [6.25, 0, 7, 0.5], "texture": "#0"},
				"east": {"uv": [0.5, 7.5, 0.75, 8], "texture": "#0"},
				"south": {"uv": [6, 6, 6.75, 6.5], "texture": "#0"},
				"west": {"uv": [7.5, 0.25, 7.75, 0.75], "texture": "#0"},
				"up": {"uv": [4, 7.25, 3.25, 7], "rotation": 180, "texture": "#0"},
				"down": {"uv": [7.75, 3.25, 7, 3.5], "rotation": 180, "texture": "#0"}
			}
		},
		{
			"from": [6.5, 9.51903, 6.5],
			"to": [9.5, 10.51903, 8.5],
			"rotation": {"angle": -45, "axis": "x", "origin": [7.98232, 11.01903, 8]},
			"faces": {
				"north": {"uv": [7, 3, 7.75, 3.25], "texture": "#0"},
				"east": {"uv": [7.5, 0, 8, 0.25], "texture": "#0"},
				"south": {"uv": [7, 2.75, 7.75, 3], "texture": "#0"},
				"west": {"uv": [0, 7.5, 0.5, 7.75], "texture": "#0"},
				"up": {"uv": [6, 6.5, 5.25, 6], "rotation": 180, "texture": "#0"},
				"down": {"uv": [6.75, 5.5, 6, 6], "rotation": 180, "texture": "#0"}
			}
		},
		{
			"from": [7.5, 9.67114, 3.79789],
			"to": [8.5, 10.67114, 5.79789],
			"rotation": {"angle": 22.5, "axis": "x", "origin": [8.03535, 15.62389, 8]},
			"faces": {
				"north": {"uv": [0.25, 7.75, 0.5, 8], "texture": "#0"},
				"east": {"uv": [7.5, 0.75, 8, 1], "texture": "#0"},
				"south": {"uv": [6.25, 1.25, 6.5, 1.5], "texture": "#0"},
				"west": {"uv": [0.75, 7.5, 1.25, 7.75], "texture": "#0"},
				"up": {"uv": [1.5, 8, 1.25, 7.5], "rotation": 180, "texture": "#0"},
				"down": {"uv": [7.75, 1.25, 7.5, 1.75], "rotation": 180, "texture": "#0"}
			}
		},
		{
			"from": [7.5, 10.62179, 1.13156],
			"to": [8.5, 11.62179, 3.13156],
			"rotation": {"angle": -22.5, "axis": "x", "origin": [8.03535, 15.62389, 8]},
			"faces": {
				"north": {"uv": [2.25, 7.75, 2.5, 8], "texture": "#0"},
				"east": {"uv": [7.5, 1.75, 8, 2], "texture": "#0"},
				"south": {"uv": [2, 7.75, 2.25, 8], "texture": "#0"},
				"west": {"uv": [1.5, 7.5, 2, 7.75], "texture": "#0"},
				"up": {"uv": [3.5, 8, 3.25, 7.5], "rotation": 180, "texture": "#0"},
				"down": {"uv": [3.75, 7.5, 3.5, 8], "rotation": 180, "texture": "#0"}
			}
		},
		{
			"from": [7.5, 9.88965, 2.0008],
			"to": [8.5, 10.88965, 5.0008],
			"rotation": {"angle": 0, "axis": "z", "origin": [8.03535, 15.62389, 8]},
			"faces": {
				"north": {"uv": [2.5, 7.75, 2.75, 8], "texture": "#0"},
				"east": {"uv": [5.75, 7, 6.5, 7.25], "texture": "#0"},
				"south": {"uv": [7.75, 2.25, 8, 2.5], "texture": "#0"},
				"west": {"uv": [5, 7, 5.75, 7.25], "texture": "#0"},
				"up": {"uv": [2.75, 7.75, 2.5, 7], "rotation": 180, "texture": "#0"},
				"down": {"uv": [6.75, 7, 6.5, 7.75], "rotation": 180, "texture": "#0"}
			}
		},
		{
			"from": [7, 9.21217, 7.755],
			"to": [9, 10.21217, 12.755],
			"rotation": {"angle": 45, "axis": "x", "origin": [8.03535, 15.62389, 8]},
			"faces": {
				"north": {"uv": [3.75, 7.5, 4.25, 7.75], "texture": "#0"},
				"east": {"uv": [6.75, 5, 8, 5.25], "texture": "#0"},
				"south": {"uv": [7.5, 2, 8, 2.25], "texture": "#0"},
				"west": {"uv": [6.75, 4.75, 8, 5], "texture": "#0"},
				"up": {"uv": [4.75, 2.5, 4.25, 1.25], "rotation": 180, "texture": "#0"},
				"down": {"uv": [4.5, 4.25, 4, 5.5], "rotation": 180, "texture": "#0"}
			}
		},
		{
			"from": [7, 10.21217, 11.755],
			"to": [9, 11.21217, 12.755],
			"rotation": {"angle": 45, "axis": "x", "origin": [8.03535, 15.62389, 8]},
			"faces": {
				"north": {"uv": [7.5, 4, 8, 4.25], "texture": "#0"},
				"east": {"uv": [7.75, 2.75, 8, 3], "texture": "#0"},
				"south": {"uv": [7.5, 3.75, 8, 4], "texture": "#0"},
				"west": {"uv": [7.75, 2.5, 8, 2.75], "texture": "#0"},
				"up": {"uv": [8, 4.5, 7.5, 4.25], "rotation": 180, "texture": "#0"},
				"down": {"uv": [8, 5.25, 7.5, 5.5], "rotation": 180, "texture": "#0"}
			}
		},
		{
			"from": [7, 10.21217, 3.245],
			"to": [9, 11.21217, 4.245],
			"rotation": {"angle": -45, "axis": "x", "origin": [8.03535, 15.62389, 8]},
			"faces": {
				"north": {"uv": [7.75, 1.25, 8.25, 1.5], "texture": "#0"},
				"east": {"uv": [7.75, 7.5, 8, 7.75], "texture": "#0"},
				"south": {"uv": [0.75, 7.75, 1.25, 8], "texture": "#0"},
				"west": {"uv": [7.75, 7.25, 8, 7.5], "texture": "#0"},
				"up": {"uv": [2, 8, 1.5, 7.75], "rotation": 180, "texture": "#0"},
				"down": {"uv": [8.25, 1.5, 7.75, 1.75], "rotation": 180, "texture": "#0"}
			}
		},
		{
			"from": [7, 9.21217, 3.245],
			"to": [9, 10.21217, 8.245],
			"rotation": {"angle": -45, "axis": "x", "origin": [8.03535, 15.62389, 8]},
			"faces": {
				"north": {"uv": [7.25, 7, 7.75, 7.25], "texture": "#0"},
				"east": {"uv": [6.75, 4.5, 8, 4.75], "texture": "#0"},
				"south": {"uv": [4.75, 2.25, 5.25, 2.5], "texture": "#0"},
				"west": {"uv": [6.75, 1, 8, 1.25], "texture": "#0"},
				"up": {"uv": [4.5, 4.25, 4, 3], "rotation": 180, "texture": "#0"},
				"down": {"uv": [4.75, 0, 4.25, 1.25], "rotation": 180, "texture": "#0"}
			}
		},
		{
			"from": [7.5, 9.67114, 10.20211],
			"to": [8.5, 10.67114, 12.20211],
			"rotation": {"angle": -22.5, "axis": "x", "origin": [8.03535, 15.62389, 8]},
			"faces": {
				"north": {"uv": [4.75, 7.75, 5, 8], "texture": "#0"},
				"east": {"uv": [7, 7.5, 7.5, 7.75], "texture": "#0"},
				"south": {"uv": [4.5, 7.75, 4.75, 8], "texture": "#0"},
				"west": {"uv": [7.5, 6.5, 8, 6.75], "texture": "#0"},
				"up": {"uv": [7.75, 8, 7.5, 7.5], "rotation": 180, "texture": "#0"},
				"down": {"uv": [0.25, 7.75, 0, 8.25], "rotation": 180, "texture": "#0"}
			}
		},
		{
			"from": [7.5, 9.88965, 10.9992],
			"to": [8.5, 10.88965, 13.9992],
			"rotation": {"angle": 0, "axis": "z", "origin": [8.03535, 15.62389, 8]},
			"faces": {
				"north": {"uv": [4, 7.75, 4.25, 8], "texture": "#0"},
				"east": {"uv": [7.25, 3.5, 8, 3.75], "texture": "#0"},
				"south": {"uv": [3.75, 7.75, 4, 8], "texture": "#0"},
				"west": {"uv": [3.25, 7.25, 4, 7.5], "texture": "#0"},
				"up": {"uv": [7.5, 4.5, 7.25, 3.75], "rotation": 180, "texture": "#0"},
				"down": {"uv": [5.25, 7.25, 5, 8], "rotation": 180, "texture": "#0"}
			}
		},
		{
			"from": [7.5, 10.62179, 12.86844],
			"to": [8.5, 11.62179, 14.86844],
			"rotation": {"angle": 22.5, "axis": "x", "origin": [8.03535, 15.62389, 8]},
			"faces": {
				"north": {"uv": [7.75, 3.25, 8, 3.5], "texture": "#0"},
				"east": {"uv": [7.5, 5.75, 8, 6], "texture": "#0"},
				"south": {"uv": [7.75, 3, 8, 3.25], "texture": "#0"},
				"west": {"uv": [7.5, 5.5, 8, 5.75], "texture": "#0"},
				"up": {"uv": [4.5, 8, 4.25, 7.5], "rotation": 180, "texture": "#0"},
				"down": {"uv": [7.75, 6, 7.5, 6.5], "rotation": 180, "texture": "#0"}
			}
		},
		{
			"from": [6.99, 28.69896, 6.5],
			"to": [9.01, 31.69896, 9.5],
			"rotation": {"angle": 45, "axis": "x", "origin": [8.51, 30.19896, 8]},
			"faces": {
				"north": {"uv": [4.5, 4, 5.25, 4.75], "texture": "#0"},
				"east": {"uv": [4.75, 0, 5.5, 0.75], "texture": "#0"},
				"south": {"uv": [4.5, 2.5, 5.25, 3.25], "texture": "#0"},
				"west": {"uv": [4.5, 3.25, 5.25, 4], "texture": "#0"},
				"up": {"uv": [5.5, 1.5, 4.75, 0.75], "rotation": 180, "texture": "#0"},
				"down": {"uv": [5.5, 1.5, 4.75, 2.25], "rotation": 180, "texture": "#0"}
			}
		}
	],
	"gui_light": "front",
	"display": {
		"thirdperson_righthand": {
			"translation": [0, 3, 2]
		},
		"thirdperson_lefthand": {
			"translation": [0, 3, 2]
		},
		"firstperson_righthand": {
			"rotation": [20, 0, 0],
			"translation": [1.75, 0, -2],
			"scale": [0.5, 0.5, 0.5]
		},
		"firstperson_lefthand": {
			"rotation": [20, 0, 0],
			"translation": [1.75, 0, -2],
			"scale": [0.5, 0.5, 0.5]
		},
		"ground": {
			"rotation": [90, 135, -90],
			"translation": [5.5, 4, 0],
			"scale": [0.69, 0.69, 0.69]
		},
		"gui": {
			"rotation": [60, 35, -60],
			"translation": [-4, -4, 0],
			"scale": [0.7, 0.7, 0.7]
		},
		"fixed": {
			"rotation": [90, 135, -90],
			"translation": [5.5, -5.5, 0]
		}
	}
}