{
	"credit": "Made with Blockbench",
	"texture_size": [64, 64],
	"textures": {
		"1": "item/custom/server_map"
	},
	"elements": [
		{
			"from": [-16, -16, 8],
			"to": [32, 32, 8],
			"faces": {
				"east": {"uv": [0, 0, 0, 12], "texture": "#1"},
				"south": {"uv": [0, 0, 12, 12], "texture": "#1"},
				"west": {"uv": [0, 0, 0, 12], "texture": "#1"},
				"up": {"uv": [12, 0, 0, 0], "texture": "#1"},
				"down": {"uv": [12, 0, 0, 0], "texture": "#1"}
			}
		}
	],
	"display": {
		"thirdperson_righthand": {
			"rotation": [0, 0, 180],
			"translation": [-6, -2, -11.5],
			"scale": [4, 4, 4]
		},
		"thirdperson_lefthand": {
			"rotation": [0, 0, 180],
			"translation": [-6, -2, -11.5],
			"scale": [4, 4, 4]
		},
		"gui": {
			"rotation": [-54, 0, -45],
			"translation": [0, -4.25, 0],
			"scale": [0.2, 0.2, 0.2]
		},
		"head": {
			"rotation": [90, 0, 0],
			"translation": [0, -80, 0],
			"scale": [4, 4, 4]
		}
	}
}