{
	"credit": "Made with Blockbench",
	"texture_size": [32, 32],
	"textures": {
		"1": "item/custom/spoon"
	},
	"elements": [
		{
			"from": [7.5, 1.89903, 8.62902],
			"to": [8.5, 17.89903, 9.62902],
			"rotation": {"angle": 0, "axis": "y", "origin": [8, 18.12612, 8.38268]},
			"faces": {
				"north": {"uv": [0, 4, 0.5, 12], "texture": "#1"},
				"east": {"uv": [0.5, 4, 1, 12], "texture": "#1"},
				"south": {"uv": [1, 4, 1.5, 12], "texture": "#1"},
				"west": {"uv": [1.5, 4, 2, 12], "texture": "#1"},
				"up": {"uv": [7, 6.5, 6.5, 6], "texture": "#1"},
				"down": {"uv": [7, 6.5, 6.5, 7], "texture": "#1"}
			}
		},
		{
			"from": [5.005, 22.13575, 6.79172],
			"to": [10.995, 23.57067, 7.7156],
			"rotation": {"angle": 0, "axis": "y", "origin": [8.005, 19, 8]},
			"faces": {
				"north": {"uv": [2, 5, 5, 5.5], "texture": "#1"},
				"east": {"uv": [7, 6, 7.5, 6.5], "texture": "#1"},
				"south": {"uv": [5, 4, 8, 4.5], "texture": "#1"},
				"west": {"uv": [6.5, 7, 7, 7.5], "texture": "#1"},
				"up": {"uv": [8, 5, 5, 4.5], "texture": "#1"},
				"down": {"uv": [8, 5, 5, 5.5], "texture": "#1"}
			}
		},
		{
			"from": [9.99, 19.98575, 7.69172],
			"to": [10.99, 25.72067, 8.7156],
			"rotation": {"angle": 0, "axis": "y", "origin": [8, 19, 8]},
			"faces": {
				"east": {"uv": [2, 5.5, 2.5, 8.5], "texture": "#1"},
				"south": {"uv": [2.5, 5.5, 3, 8.5], "texture": "#1"},
				"west": {"uv": [3, 5.5, 3.5, 8.5], "texture": "#1"}
			}
		},
		{
			"from": [5.01, 19.98575, 7.69172],
			"to": [6.01, 25.72067, 8.7156],
			"rotation": {"angle": 0, "axis": "y", "origin": [8, 19, 8]},
			"faces": {
				"east": {"uv": [6, 0.5, 6.5, 3.5], "texture": "#1"},
				"south": {"uv": [3.5, 6, 4, 9], "texture": "#1"},
				"west": {"uv": [4, 6, 4.5, 9], "texture": "#1"}
			}
		},
		{
			"from": [5, 18.35944, 8.0837],
			"to": [11, 22.35944, 9.0837],
			"rotation": {"angle": -22.5, "axis": "x", "origin": [8, 19, 8]},
			"faces": {
				"north": {"uv": [3, 0, 6, 2], "texture": "#1"},
				"east": {"uv": [5.5, 6, 6, 8], "texture": "#1"},
				"south": {"uv": [3, 2, 6, 4], "texture": "#1"},
				"west": {"uv": [6, 6, 6.5, 8], "texture": "#1"},
				"up": {"uv": [6.5, 6, 3.5, 5.5], "texture": "#1"},
				"down": {"uv": [9, 0, 6, 0.5], "texture": "#1"}
			}
		},
		{
			"from": [6, 17.35944, 8.0837],
			"to": [10, 18.35944, 9.0837],
			"rotation": {"angle": -22.5, "axis": "x", "origin": [8, 19, 8]},
			"faces": {
				"north": {"uv": [6, 3.5, 8, 4], "texture": "#1"},
				"east": {"uv": [7, 6.5, 7.5, 7], "texture": "#1"},
				"south": {"uv": [6.5, 0.5, 8.5, 1], "texture": "#1"},
				"west": {"uv": [7, 7, 7.5, 7.5], "texture": "#1"},
				"up": {"uv": [8.5, 1.5, 6.5, 1], "texture": "#1"},
				"down": {"uv": [8.5, 1.5, 6.5, 2], "texture": "#1"}
			}
		},
		{
			"from": [5, 22.60812, 4.36921],
			"to": [11, 26.60812, 5.36921],
			"rotation": {"angle": 22.5, "axis": "x", "origin": [8, 17, 8]},
			"faces": {
				"north": {"uv": [0, 0, 3, 2], "texture": "#1"},
				"east": {"uv": [4.5, 6, 5, 8], "texture": "#1"},
				"south": {"uv": [0, 2, 3, 4], "texture": "#1"},
				"west": {"uv": [5, 6, 5.5, 8], "texture": "#1"},
				"up": {"uv": [5, 4.5, 2, 4], "texture": "#1"},
				"down": {"uv": [5, 4.5, 2, 5], "texture": "#1"}
			}
		},
		{
			"from": [6, 26.60812, 4.36921],
			"to": [10, 27.60812, 5.36921],
			"rotation": {"angle": 22.5, "axis": "x", "origin": [8, 17, 8]},
			"faces": {
				"north": {"uv": [6.5, 2, 8.5, 2.5], "texture": "#1"},
				"east": {"uv": [7.5, 6, 8, 6.5], "texture": "#1"},
				"south": {"uv": [6.5, 2.5, 8.5, 3], "texture": "#1"},
				"west": {"uv": [6.5, 7.5, 7, 8], "texture": "#1"},
				"up": {"uv": [8.5, 3.5, 6.5, 3], "texture": "#1"},
				"down": {"uv": [8.5, 5.5, 6.5, 6], "texture": "#1"}
			}
		}
	],
	"gui_light": "front",
	"display": {
		"thirdperson_righthand": {
			"translation": [0, 5, -2],
			"scale": [2.8, 2.8, 2.8]
		},
		"thirdperson_lefthand": {
			"translation": [0, 5, -2],
			"scale": [2.8, 2.8, 2.8]
		},
		"firstperson_righthand": {
			"rotation": [17, 0, 0],
			"translation": [3, -0.25, -2],
			"scale": [0.6, 0.6, 0.6]
		},
		"firstperson_lefthand": {
			"rotation": [17, 0, 0],
			"translation": [3, -0.25, -2],
			"scale": [0.6, 0.6, 0.6]
		},
		"ground": {
			"rotation": [0, 0, 45],
			"translation": [5.75, 5, 0],
			"scale": [1.5, 1.5, 1.5]
		},
		"gui": {
			"rotation": [-40, -40, -65],
			"translation": [-3.5, -4.5, 0],
			"scale": [0.78, 0.78, 0.78]
		},
		"fixed": {
			"rotation": [0, 180, -45],
			"translation": [8, -8, -0.5],
			"scale": [1.5, 1.5, 1.5]
		}
	}
}