{
	"credit": "Made with Blockbench",
	"texture_size": [32, 32],
	"textures": {
		"0": "item/custom/spoon",
		"particle": "item/custom/spoon"
	},
	"elements": [
		{
			"from": [7.5, 2.77291, 8.24634],
			"to": [8.5, 18.77291, 9.24634],
			"rotation": {"angle": 0, "axis": "y", "origin": [8, 19, 8]},
			"faces": {
				"north": {"uv": [1, 0, 0.5, 8], "texture": "#0"},
				"east": {"uv": [2, 6.5, 10, 7], "rotation": 270, "texture": "#0"},
				"south": {"uv": [0.5, 8, 0, 0], "rotation": 180, "texture": "#0"},
				"west": {"uv": [2, 6, 10, 6.5], "rotation": 90, "texture": "#0"},
				"up": {"uv": [8, 9, 9, 9.5], "rotation": 180, "texture": "#0"},
				"down": {"uv": [5, 9, 6, 9.5], "texture": "#0"}
			}
		},
		{
			"from": [5.005, 22.13575, 6.79172],
			"to": [10.995, 23.57067, 7.7156],
			"rotation": {"angle": 0, "axis": "y", "origin": [8.005, 19, 8]},
			"faces": {
				"north": {"uv": [3, 12.5, 0, 13.25], "texture": "#0"},
				"east": {"uv": [2, 9, 3.75, 9.5], "rotation": 270, "texture": "#0"},
				"south": {"uv": [3.75, 8.75, 2, 7], "rotation": 180, "texture": "#0"},
				"west": {"uv": [8, 8.5, 9.75, 9], "rotation": 90, "texture": "#0"},
				"up": {"uv": [0, 9, 1.75, 9.5], "rotation": 180, "texture": "#0"},
				"down": {"uv": [0, 8.5, 1.75, 9], "texture": "#0"}
			}
		},
		{
			"from": [5.01, 18.68575, 6.79172],
			"to": [6.01, 27.02067, 8.7156],
			"rotation": {"angle": 0, "axis": "y", "origin": [8, 19, 8]},
			"faces": {
				"east": {"uv": [5, 5, 10.25, 6], "rotation": 270, "texture": "#0"},
				"south": {"uv": [7.5, 12, 7, 7.25], "rotation": 180, "texture": "#0"},
				"west": {"uv": [5, 4, 10.25, 5], "rotation": 90, "texture": "#0"}
			}
		},
		{
			"from": [9.99, 18.68575, 6.79172],
			"to": [10.99, 27.02067, 8.7156],
			"rotation": {"angle": 0, "axis": "y", "origin": [8, 19, 8]},
			"faces": {
				"east": {"uv": [5, 3, 10.25, 4], "rotation": 270, "texture": "#0"},
				"south": {"uv": [6.5, 12, 6, 7.25], "rotation": 180, "texture": "#0"},
				"west": {"uv": [5, 2, 10.25, 3], "rotation": 90, "texture": "#0"}
			}
		},
		{
			"from": [5, 18.35944, 8.0837],
			"to": [11, 22.35944, 9.0837],
			"rotation": {"angle": -22.5, "axis": "x", "origin": [8, 19, 8]},
			"faces": {
				"north": {"uv": [5, 2, 2, 4], "texture": "#0"},
				"east": {"uv": [8, 7, 10, 7.5], "rotation": 270, "texture": "#0"},
				"south": {"uv": [5, 2, 2, 0], "rotation": 180, "texture": "#0"},
				"west": {"uv": [0, 8, 2, 8.5], "rotation": 90, "texture": "#0"},
				"up": {"uv": [8, 0.5, 11, 1], "rotation": 180, "texture": "#0"},
				"down": {"uv": [8, 0, 11, 0.5], "texture": "#0"}
			}
		},
		{
			"from": [6, 17.35944, 8.0837],
			"to": [10, 18.35944, 9.0837],
			"rotation": {"angle": -22.5, "axis": "x", "origin": [8, 19, 8]},
			"faces": {
				"north": {"uv": [2, 12, 0, 12.5], "texture": "#0"},
				"east": {"uv": [8, 7, 10, 7.5], "rotation": 270, "texture": "#0"},
				"south": {"uv": [2, 11.5, 0, 11], "rotation": 180, "texture": "#0"},
				"west": {"uv": [0, 8, 2, 8.5], "rotation": 90, "texture": "#0"},
				"up": {"uv": [8, 0.5, 11, 1], "rotation": 180, "texture": "#0"},
				"down": {"uv": [8, 0, 11, 0.5], "texture": "#0"}
			}
		},
		{
			"from": [5, 22.60812, 4.36921],
			"to": [11, 26.60812, 5.36921],
			"rotation": {"angle": 22.5, "axis": "x", "origin": [8, 17, 8]},
			"faces": {
				"north": {"uv": [8, 0, 5, 2], "texture": "#0"},
				"east": {"uv": [8, 8, 10, 8.5], "rotation": 270, "texture": "#0"},
				"south": {"uv": [5, 6, 2, 4], "rotation": 180, "texture": "#0"},
				"west": {"uv": [8, 7.5, 10, 8], "rotation": 90, "texture": "#0"},
				"up": {"uv": [8, 1.5, 11, 2], "rotation": 180, "texture": "#0"},
				"down": {"uv": [8, 1, 11, 1.5], "texture": "#0"}
			}
		},
		{
			"from": [6, 26.60812, 4.36921],
			"to": [10, 27.60812, 5.36921],
			"rotation": {"angle": 22.5, "axis": "x", "origin": [8, 17, 8]},
			"faces": {
				"north": {"uv": [2, 11.5, 0, 12], "texture": "#0"},
				"east": {"uv": [8, 8, 10, 8.5], "rotation": 270, "texture": "#0"},
				"south": {"uv": [2, 11, 0, 10.5], "rotation": 180, "texture": "#0"},
				"west": {"uv": [8, 7.5, 10, 8], "rotation": 90, "texture": "#0"},
				"up": {"uv": [8, 1.5, 11, 2], "rotation": 180, "texture": "#0"},
				"down": {"uv": [8, 1, 11, 1.5], "texture": "#0"}
			}
		}
	],
	"display": {
		"thirdperson_righthand": {
			"scale": [2, 2, 2]
		},
		"firstperson_righthand": {
			"rotation": [17, 0, 0],
			"translation": [3, -0.25, -2],
			"scale": [0.5, 0.5, 0.5]
		},
		"firstperson_lefthand": {
			"rotation": [17, 0, 0],
			"translation": [3, -0.25, -2],
			"scale": [0.5, 0.5, 0.5]
		},
		"ground": {
			"translation": [0, 3, 0]
		},
		"gui": {
			"rotation": [-40, -40, -65],
			"translation": [-3.75, -4.5, 0],
			"scale": [0.78, 0.78, 0.78]
		},
		"fixed": {
			"rotation": [0, 180, -45],
			"translation": [5.5, -5.5, 0]
		}
	}
}