{
	"credit": "Made with Blockbench",
	"texture_size": [32, 32],
	"textures": {
		"0": "item/custom/steampunk_sword",
		"particle": "item/custom/steampunk_sword"
	},
	"elements": [
		{
			"from": [7.5, -11.08826, 7.5],
			"to": [8.5, -6.08826, 8.5],
			"rotation": {"angle": 0, "axis": "y", "origin": [9.05992, 0.44048, 8]},
			"faces": {
				"north": {"uv": [5, 0, 5.5, 2.5], "texture": "#0"},
				"east": {"uv": [5, 2.5, 5.5, 5], "texture": "#0"},
				"south": {"uv": [5, 5, 5.5, 7.5], "texture": "#0"},
				"west": {"uv": [5.5, 0, 6, 2.5], "texture": "#0"},
				"up": {"uv": [8.5, 5, 8, 4.5], "texture": "#0"},
				"down": {"uv": [9, 1.5, 8.5, 2], "texture": "#0"}
			}
		},
		{
			"from": [9.59308, -5.3165, 7.2],
			"to": [10.59308, -3.3165, 8.8],
			"rotation": {"angle": 45, "axis": "z", "origin": [12.34308, -6.8165, 8.45]},
			"faces": {
				"north": {"uv": [7.5, 4, 8, 5], "texture": "#0"},
				"east": {"uv": [6, 2, 6.75, 3], "texture": "#0"},
				"south": {"uv": [5, 7.5, 5.5, 8.5], "texture": "#0"},
				"west": {"uv": [6, 3, 6.75, 4], "texture": "#0"},
				"up": {"uv": [6, 8.25, 5.5, 7.5], "texture": "#0"},
				"down": {"uv": [8, 6, 7.5, 6.75], "texture": "#0"}
			}
		},
		{
			"from": [9.54498, -9.29328, 7.75],
			"to": [10.04498, -6.99328, 8.25],
			"rotation": {"angle": 0, "axis": "z", "origin": [12.39498, -6.59328, 7.9]},
			"faces": {
				"north": {"uv": [7.5, 7, 7.75, 8.25], "texture": "#0"},
				"east": {"uv": [8, 0, 8.25, 1.25], "texture": "#0"},
				"south": {"uv": [8, 1.5, 8.25, 2.75], "texture": "#0"},
				"west": {"uv": [3, 8, 3.25, 9.25], "texture": "#0"},
				"up": {"uv": [0.25, 11.25, 0, 11], "texture": "#0"},
				"down": {"uv": [11.25, 0, 11, 0.25], "texture": "#0"}
			}
		},
		{
			"from": [10.04498, -9.29328, 7.75],
			"to": [10.34498, -8.79328, 8.25],
			"rotation": {"angle": 0, "axis": "z", "origin": [10.74498, -11.64328, 7.9]},
			"faces": {
				"north": {"uv": [0.5, 11, 0.75, 11.25], "texture": "#0"},
				"east": {"uv": [11, 0.5, 11.25, 0.75], "texture": "#0"},
				"south": {"uv": [1, 11, 1.25, 11.25], "texture": "#0"},
				"west": {"uv": [11, 1, 11.25, 1.25], "texture": "#0"},
				"up": {"uv": [1.75, 11.25, 1.5, 11], "texture": "#0"},
				"down": {"uv": [11.25, 1.5, 11, 1.75], "texture": "#0"}
			}
		},
		{
			"from": [7.4, -6.08826, 7.5],
			"to": [8.6, -1.58826, 8.5],
			"rotation": {"angle": 0, "axis": "y", "origin": [9.25992, 0.44048, 9]},
			"faces": {
				"north": {"uv": [3.5, 5.5, 4, 7.75], "texture": "#0"},
				"east": {"uv": [4, 5.5, 4.5, 7.75], "texture": "#0"},
				"south": {"uv": [4.5, 5.5, 5, 7.75], "texture": "#0"},
				"west": {"uv": [5.5, 5, 6, 7.25], "texture": "#0"},
				"up": {"uv": [5.5, 9, 5, 8.5], "texture": "#0"},
				"down": {"uv": [9, 5, 8.5, 5.5], "texture": "#0"}
			}
		},
		{
			"from": [8.4, -2.98826, 7.25],
			"to": [9.6, -1.78826, 7.75],
			"rotation": {"angle": 0, "axis": "y", "origin": [9.25992, 0.44048, 8.75]},
			"faces": {
				"north": {"uv": [8.5, 6.5, 9, 7], "texture": "#0"},
				"east": {"uv": [10, 0.5, 10.25, 1], "texture": "#0"},
				"south": {"uv": [8.5, 7, 9, 7.5], "texture": "#0"},
				"west": {"uv": [10, 1, 10.25, 1.5], "texture": "#0"},
				"up": {"uv": [10.5, 1.75, 10, 1.5], "texture": "#0"},
				"down": {"uv": [10.5, 2, 10, 2.25], "texture": "#0"}
			}
		},
		{
			"from": [7.2, -0.98826, 7.5],
			"to": [8.2, -0.28826, 8.5],
			"rotation": {"angle": 0, "axis": "y", "origin": [9.25992, 0.44048, 9]},
			"faces": {
				"north": {"uv": [3, 10, 3.5, 10.25], "texture": "#0"},
				"east": {"uv": [10, 3, 10.5, 3.25], "texture": "#0"},
				"south": {"uv": [3.5, 10, 4, 10.25], "texture": "#0"},
				"west": {"uv": [10, 3.5, 10.5, 3.75], "texture": "#0"},
				"up": {"uv": [9, 9, 8.5, 8.5], "texture": "#0"},
				"down": {"uv": [9.5, 0, 9, 0.5], "texture": "#0"}
			}
		},
		{
			"from": [7.2, 2.51174, 7.5],
			"to": [8.2, 3.21174, 8.5],
			"rotation": {"angle": 0, "axis": "y", "origin": [9.25992, 0.44048, 9]},
			"faces": {
				"north": {"uv": [10, 4, 10.5, 4.25], "texture": "#0"},
				"east": {"uv": [10, 4.5, 10.5, 4.75], "texture": "#0"},
				"south": {"uv": [5, 10, 5.5, 10.25], "texture": "#0"},
				"west": {"uv": [10, 5.5, 10.5, 5.75], "texture": "#0"},
				"up": {"uv": [9.5, 1, 9, 0.5], "texture": "#0"},
				"down": {"uv": [9.5, 1, 9, 1.5], "texture": "#0"}
			}
		},
		{
			"from": [7.2, 6.01174, 7.5],
			"to": [8.2, 6.71174, 8.5],
			"rotation": {"angle": 0, "axis": "y", "origin": [9.25992, 0.44048, 9]},
			"faces": {
				"north": {"uv": [10, 6, 10.5, 6.25], "texture": "#0"},
				"east": {"uv": [6.5, 10, 7, 10.25], "texture": "#0"},
				"south": {"uv": [10, 6.5, 10.5, 6.75], "texture": "#0"},
				"west": {"uv": [7, 10, 7.5, 10.25], "texture": "#0"},
				"up": {"uv": [9.5, 2, 9, 1.5], "texture": "#0"},
				"down": {"uv": [9.5, 2, 9, 2.5], "texture": "#0"}
			}
		},
		{
			"from": [8.2, 6.01174, 7.8],
			"to": [8.6, 6.71174, 8.2],
			"rotation": {"angle": 0, "axis": "y", "origin": [9.25992, 0.44048, 8.9]},
			"faces": {
				"north": {"uv": [4, 11, 4.25, 11.25], "texture": "#0"},
				"east": {"uv": [11, 4, 11.25, 4.25], "texture": "#0"},
				"south": {"uv": [4.5, 11, 4.75, 11.25], "texture": "#0"},
				"west": {"uv": [11, 4.5, 11.25, 4.75], "texture": "#0"},
				"up": {"uv": [5.25, 11.25, 5, 11], "texture": "#0"},
				"down": {"uv": [11.25, 5, 11, 5.25], "texture": "#0"}
			}
		},
		{
			"from": [8.2, 2.51174, 7.8],
			"to": [8.6, 3.21174, 8.2],
			"rotation": {"angle": 0, "axis": "y", "origin": [9.25992, 0.44048, 8.9]},
			"faces": {
				"north": {"uv": [5.5, 11, 5.75, 11.25], "texture": "#0"},
				"east": {"uv": [11, 5.5, 11.25, 5.75], "texture": "#0"},
				"south": {"uv": [6, 11, 6.25, 11.25], "texture": "#0"},
				"west": {"uv": [11, 6, 11.25, 6.25], "texture": "#0"},
				"up": {"uv": [6.75, 11.25, 6.5, 11], "texture": "#0"},
				"down": {"uv": [11.25, 6.5, 11, 6.75], "texture": "#0"}
			}
		},
		{
			"from": [8.2, -0.98826, 7.8],
			"to": [8.6, -0.28826, 8.2],
			"rotation": {"angle": 0, "axis": "y", "origin": [9.25992, 0.44048, 8.9]},
			"faces": {
				"north": {"uv": [7, 11, 7.25, 11.25], "texture": "#0"},
				"east": {"uv": [11, 7, 11.25, 7.25], "texture": "#0"},
				"south": {"uv": [7.5, 11, 7.75, 11.25], "texture": "#0"},
				"west": {"uv": [11, 7.5, 11.25, 7.75], "texture": "#0"},
				"up": {"uv": [8.25, 11.25, 8, 11], "texture": "#0"},
				"down": {"uv": [11.25, 8, 11, 8.25], "texture": "#0"}
			}
		},
		{
			"from": [7.3, 8.51174, 7.6],
			"to": [8.1, 9.21174, 8.4],
			"rotation": {"angle": 0, "axis": "y", "origin": [9.25992, 0.44048, 9]},
			"faces": {
				"north": {"uv": [10, 7, 10.5, 7.25], "texture": "#0"},
				"east": {"uv": [7.5, 10, 8, 10.25], "texture": "#0"},
				"south": {"uv": [10, 7.5, 10.5, 7.75], "texture": "#0"},
				"west": {"uv": [8, 10, 8.5, 10.25], "texture": "#0"},
				"up": {"uv": [9.5, 3, 9, 2.5], "texture": "#0"},
				"down": {"uv": [9.5, 3, 9, 3.5], "texture": "#0"}
			}
		},
		{
			"from": [6.3, -2.48826, 7.25],
			"to": [7.9, -0.88826, 7.75],
			"rotation": {"angle": 0, "axis": "y", "origin": [9.25992, 0.44048, 8.75]},
			"faces": {
				"north": {"uv": [7, 0, 7.75, 0.75], "texture": "#0"},
				"east": {"uv": [5, 9, 5.25, 9.75], "texture": "#0"},
				"south": {"uv": [7, 1, 7.75, 1.75], "texture": "#0"},
				"west": {"uv": [9, 8, 9.25, 8.75], "texture": "#0"},
				"up": {"uv": [9.75, 9.25, 9, 9], "texture": "#0"},
				"down": {"uv": [10.25, 0, 9.5, 0.25], "texture": "#0"}
			}
		},
		{
			"from": [6.3, -2.48826, 8.25],
			"to": [7.9, -0.88826, 8.75],
			"rotation": {"angle": 0, "axis": "y", "origin": [9.25992, 0.44048, 7.25]},
			"faces": {
				"north": {"uv": [7.75, 1, 7, 1.75], "texture": "#0"},
				"east": {"uv": [5.25, 9, 5, 9.75], "texture": "#0"},
				"south": {"uv": [7.75, 0, 7, 0.75], "texture": "#0"},
				"west": {"uv": [9.25, 8, 9, 8.75], "texture": "#0"},
				"up": {"uv": [9.75, 9, 9, 9.25], "texture": "#0"},
				"down": {"uv": [10.25, 0.25, 9.5, 0], "texture": "#0"}
			}
		},
		{
			"from": [8.4, -2.98826, 8.25],
			"to": [9.6, -1.78826, 8.75],
			"rotation": {"angle": 0, "axis": "y", "origin": [9.25992, 0.44048, 7.25]},
			"faces": {
				"north": {"uv": [9, 7, 8.5, 7.5], "texture": "#0"},
				"east": {"uv": [10.25, 0.5, 10, 1], "texture": "#0"},
				"south": {"uv": [9, 6.5, 8.5, 7], "texture": "#0"},
				"west": {"uv": [10.25, 1, 10, 1.5], "texture": "#0"},
				"up": {"uv": [10.5, 1.5, 10, 1.75], "texture": "#0"},
				"down": {"uv": [10.5, 2.25, 10, 2], "texture": "#0"}
			}
		},
		{
			"from": [5.65992, -3.18826, 7.35],
			"to": [6.15992, -1.88826, 8.65],
			"rotation": {"angle": 0, "axis": "y", "origin": [9.25992, 0.44048, 8.99008]},
			"faces": {
				"north": {"uv": [9.5, 4, 9.75, 4.75], "texture": "#0"},
				"east": {"uv": [7, 2, 7.75, 2.75], "texture": "#0"},
				"south": {"uv": [4.5, 9.5, 4.75, 10.25], "texture": "#0"},
				"west": {"uv": [7, 3, 7.75, 3.75], "texture": "#0"},
				"up": {"uv": [5.75, 10.25, 5.5, 9.5], "texture": "#0"},
				"down": {"uv": [6.25, 9.5, 6, 10.25], "texture": "#0"}
			}
		},
		{
			"from": [5.55992, -2.88826, 7.65],
			"to": [6.95992, -2.18826, 8.35],
			"rotation": {"angle": 0, "axis": "y", "origin": [9.25992, 0.44048, 8.99008]},
			"faces": {
				"north": {"uv": [9.5, 5, 10.25, 5.25], "texture": "#0"},
				"east": {"uv": [8.5, 11, 8.75, 11.25], "texture": "#0"},
				"south": {"uv": [6.5, 9.5, 7.25, 9.75], "texture": "#0"},
				"west": {"uv": [11, 8.5, 11.25, 8.75], "texture": "#0"},
				"up": {"uv": [8.25, 9.75, 7.5, 9.5], "texture": "#0"},
				"down": {"uv": [10.25, 8, 9.5, 8.25], "texture": "#0"}
			}
		},
		{
			"from": [7.75, -4.68826, 7.25],
			"to": [8.25, -2.68826, 8.75],
			"rotation": {"angle": 0, "axis": "y", "origin": [9.50992, 0.44048, 8.75]},
			"faces": {
				"north": {"uv": [7.5, 8.5, 7.75, 9.5], "texture": "#0"},
				"east": {"uv": [6, 4, 6.75, 5], "texture": "#0"},
				"south": {"uv": [8.5, 7.5, 8.75, 8.5], "texture": "#0"},
				"west": {"uv": [6, 5, 6.75, 6], "texture": "#0"},
				"up": {"uv": [9.75, 1.25, 9.5, 0.5], "texture": "#0"},
				"down": {"uv": [9.75, 1.5, 9.5, 2.25], "texture": "#0"}
			}
		},
		{
			"from": [7.7, -5.58826, 7.25],
			"to": [8.3, -4.98826, 8.75],
			"rotation": {"angle": 0, "axis": "y", "origin": [9.55992, 0.44048, 8.75]},
			"faces": {
				"north": {"uv": [3.5, 11, 3.75, 11.25], "texture": "#0"},
				"east": {"uv": [9.5, 2.5, 10.25, 2.75], "texture": "#0"},
				"south": {"uv": [11, 3.5, 11.25, 3.75], "texture": "#0"},
				"west": {"uv": [3, 9.5, 3.75, 9.75], "texture": "#0"},
				"up": {"uv": [9.75, 3.75, 9.5, 3], "texture": "#0"},
				"down": {"uv": [4.25, 9.5, 4, 10.25], "texture": "#0"}
			}
		},
		{
			"from": [7.4, -1.58826, 7.7],
			"to": [8, 8.91174, 8.3],
			"rotation": {"angle": 0, "axis": "y", "origin": [9.65992, 0.44048, 8.8]},
			"faces": {
				"north": {"uv": [3, 0, 3.25, 5.25], "texture": "#0"},
				"east": {"uv": [3.5, 0, 3.75, 5.25], "texture": "#0"},
				"south": {"uv": [4, 0, 4.25, 5.25], "texture": "#0"},
				"west": {"uv": [4.5, 0, 4.75, 5.25], "texture": "#0"},
				"up": {"uv": [10.75, 10.25, 10.5, 10], "texture": "#0"},
				"down": {"uv": [10.75, 10.5, 10.5, 10.75], "texture": "#0"}
			}
		},
		{
			"from": [6.9, -3.58826, 7.5],
			"to": [7.4, -1.58826, 8.5],
			"rotation": {"angle": 0, "axis": "y", "origin": [9.05992, 0.44048, 9]},
			"faces": {
				"north": {"uv": [5.5, 8.5, 5.75, 9.5], "texture": "#0"},
				"east": {"uv": [7, 4, 7.5, 5], "texture": "#0"},
				"south": {"uv": [8.5, 5.5, 8.75, 6.5], "texture": "#0"},
				"west": {"uv": [7, 5, 7.5, 6], "texture": "#0"},
				"up": {"uv": [8.75, 10, 8.5, 9.5], "texture": "#0"},
				"down": {"uv": [9.75, 8.5, 9.5, 9], "texture": "#0"}
			}
		},
		{
			"from": [6.9, -5.28826, 7.6],
			"to": [9.1, -4.78826, 8.4],
			"rotation": {"angle": 0, "axis": "y", "origin": [9.05992, 0.44048, 9]},
			"faces": {
				"north": {"uv": [9, 6.5, 10, 6.75], "texture": "#0"},
				"east": {"uv": [8.5, 10, 9, 10.25], "texture": "#0"},
				"south": {"uv": [9, 7, 10, 7.25], "texture": "#0"},
				"west": {"uv": [10, 8.5, 10.5, 8.75], "texture": "#0"},
				"up": {"uv": [8.5, 5.5, 7.5, 5], "texture": "#0"},
				"down": {"uv": [8.5, 5.5, 7.5, 6], "texture": "#0"}
			}
		},
		{
			"from": [8.6, -3.58826, 7.5],
			"to": [9.1, -1.58826, 8.5],
			"rotation": {"angle": 0, "axis": "y", "origin": [8.75992, 0.44048, 9]},
			"faces": {
				"north": {"uv": [6, 8.5, 6.25, 9.5], "texture": "#0"},
				"east": {"uv": [7, 6, 7.5, 7], "texture": "#0"},
				"south": {"uv": [6.5, 8.5, 6.75, 9.5], "texture": "#0"},
				"west": {"uv": [7, 7, 7.5, 8], "texture": "#0"},
				"up": {"uv": [9.25, 10, 9, 9.5], "texture": "#0"},
				"down": {"uv": [9.75, 9.5, 9.5, 10], "texture": "#0"}
			}
		},
		{
			"from": [7.1, -5.58826, 7.75],
			"to": [8.9, -3.58826, 8.25],
			"rotation": {"angle": 0, "axis": "y", "origin": [7.24008, 0.44048, 8.75]},
			"faces": {
				"north": {"uv": [6, 0, 7, 1], "texture": "#0"},
				"east": {"uv": [9, 3.5, 9.25, 4.5], "texture": "#0"},
				"south": {"uv": [6, 1, 7, 2], "texture": "#0"},
				"west": {"uv": [9, 4.5, 9.25, 5.5], "texture": "#0"},
				"up": {"uv": [10, 5.75, 9, 5.5], "texture": "#0"},
				"down": {"uv": [10, 6, 9, 6.25], "texture": "#0"}
			}
		},
		{
			"from": [7.4, -12.08826, 7.4],
			"to": [8.6, -10.88826, 8.6],
			"rotation": {"angle": 0, "axis": "y", "origin": [8.95992, 0.44048, 7.9]},
			"faces": {
				"north": {"uv": [8.5, 2, 9, 2.5], "texture": "#0"},
				"east": {"uv": [8.5, 2.5, 9, 3], "texture": "#0"},
				"south": {"uv": [8.5, 3, 9, 3.5], "texture": "#0"},
				"west": {"uv": [8.5, 3.5, 9, 4], "texture": "#0"},
				"up": {"uv": [9, 4.5, 8.5, 4], "texture": "#0"},
				"down": {"uv": [9, 4.5, 8.5, 5], "texture": "#0"}
			}
		},
		{
			"from": [8.6, 3.41174, 7.75],
			"to": [10.1, 24.01174, 8.25],
			"rotation": {"angle": 0, "axis": "y", "origin": [8.1, 6.86923, 8.25]},
			"faces": {
				"north": {"uv": [0, 0, 0.75, 10.25], "texture": "#0"},
				"east": {"uv": [2, 0, 2.25, 10.25], "texture": "#0"},
				"south": {"uv": [1, 0, 1.75, 10.25], "texture": "#0"},
				"west": {"uv": [2.5, 0, 2.75, 10.25], "texture": "#0"},
				"up": {"uv": [9.75, 7.75, 9, 7.5], "texture": "#0"},
				"down": {"uv": [8.75, 9, 8, 9.25], "texture": "#0"}
			}
		},
		{
			"from": [8.6, 24.01174, 7.75],
			"to": [9.1, 26.41174, 8.25],
			"rotation": {"angle": 0, "axis": "y", "origin": [8.1, 6.86923, 8.25]},
			"faces": {
				"north": {"uv": [8, 6, 8.25, 7.25], "texture": "#0"},
				"east": {"uv": [7, 8, 7.25, 9.25], "texture": "#0"},
				"south": {"uv": [8, 7.5, 8.25, 8.75], "texture": "#0"},
				"west": {"uv": [8.5, 0, 8.75, 1.25], "texture": "#0"},
				"up": {"uv": [11.75, 7.25, 11.5, 7], "texture": "#0"},
				"down": {"uv": [7.75, 11.5, 7.5, 11.75], "texture": "#0"}
			}
		},
		{
			"from": [8.65, 26.41174, 7.75],
			"to": [8.7, 27.38175, 8.25],
			"rotation": {"angle": 0, "axis": "y", "origin": [8.1, 6.86923, 8.25]},
			"faces": {
				"north": {"uv": [10.5, 8, 10.75, 8.5], "texture": "#0"},
				"east": {"uv": [8.5, 10.5, 8.75, 11], "texture": "#0"},
				"south": {"uv": [10.5, 8.5, 10.75, 9], "texture": "#0"},
				"west": {"uv": [9, 10.5, 9.25, 11], "texture": "#0"},
				"up": {"uv": [11.75, 10.75, 11.5, 10.5], "texture": "#0"},
				"down": {"uv": [11.25, 11.5, 11, 11.75], "texture": "#0"}
			}
		},
		{
			"from": [8.7, 26.41174, 7.75],
			"to": [8.75, 27.26175, 8.25],
			"rotation": {"angle": 0, "axis": "y", "origin": [8.1, 6.86923, 8.25]},
			"faces": {
				"north": {"uv": [10.5, 9, 10.75, 9.5], "texture": "#0"},
				"east": {"uv": [9.5, 10.5, 9.75, 11], "texture": "#0"},
				"south": {"uv": [10.5, 9.5, 10.75, 10], "texture": "#0"},
				"west": {"uv": [10, 10.5, 10.25, 11], "texture": "#0"},
				"up": {"uv": [11.75, 11.25, 11.5, 11], "texture": "#0"},
				"down": {"uv": [11.75, 11.5, 11.5, 11.75], "texture": "#0"}
			}
		},
		{
			"from": [8.6, 26.41174, 7.75],
			"to": [8.65, 27.48174, 8.25],
			"rotation": {"angle": 0, "axis": "y", "origin": [8.1, 6.86923, 8.25]},
			"faces": {
				"north": {"uv": [10.5, 6, 10.75, 6.5], "texture": "#0"},
				"east": {"uv": [6.5, 10.5, 6.75, 11], "texture": "#0"},
				"south": {"uv": [10.5, 6.5, 10.75, 7], "texture": "#0"},
				"west": {"uv": [7, 10.5, 7.25, 11], "texture": "#0"},
				"up": {"uv": [11.75, 8.25, 11.5, 8], "texture": "#0"},
				"down": {"uv": [8.75, 11.5, 8.5, 11.75], "texture": "#0"}
			}
		},
		{
			"from": [9.1, 24.01174, 7.75],
			"to": [9.6, 25.21174, 8.25],
			"rotation": {"angle": 0, "axis": "y", "origin": [8.1, 6.86923, 8.25]},
			"faces": {
				"north": {"uv": [10.5, 5, 10.75, 5.5], "texture": "#0"},
				"east": {"uv": [5.5, 10.5, 5.75, 11], "texture": "#0"},
				"south": {"uv": [10.5, 5.5, 10.75, 6], "texture": "#0"},
				"west": {"uv": [6, 10.5, 6.25, 11], "texture": "#0"},
				"up": {"uv": [11.75, 7.75, 11.5, 7.5], "texture": "#0"},
				"down": {"uv": [8.25, 11.5, 8, 11.75], "texture": "#0"}
			}
		},
		{
			"from": [8.3177, 23.45831, 7.75],
			"to": [8.8177, 26.15831, 8.25],
			"rotation": {"angle": 22.5, "axis": "z", "origin": [8.0677, 26.95831, 8]},
			"faces": {
				"north": {"uv": [8, 3, 8.25, 4.25], "texture": "#0"},
				"east": {"uv": [3.5, 8, 3.75, 9.25], "texture": "#0"},
				"south": {"uv": [4, 8, 4.25, 9.25], "texture": "#0"},
				"west": {"uv": [4.5, 8, 4.75, 9.25], "texture": "#0"},
				"up": {"uv": [11.75, 6.75, 11.5, 6.5], "texture": "#0"},
				"down": {"uv": [7.25, 11.5, 7, 11.75], "texture": "#0"}
			}
		},
		{
			"from": [8.76389, 26.17744, 7.75],
			"to": [8.81389, 27.24744, 8.25],
			"rotation": {"angle": 22.5, "axis": "z", "origin": [8.11389, 26.97744, 8]},
			"faces": {
				"north": {"uv": [10.5, 7, 10.75, 7.5], "texture": "#0"},
				"east": {"uv": [7.5, 10.5, 7.75, 11], "texture": "#0"},
				"south": {"uv": [10.5, 7.5, 10.75, 8], "texture": "#0"},
				"west": {"uv": [8, 10.5, 8.25, 11], "texture": "#0"},
				"up": {"uv": [11.75, 8.75, 11.5, 8.5], "texture": "#0"},
				"down": {"uv": [9.25, 11.5, 9, 11.75], "texture": "#0"}
			}
		},
		{
			"from": [8.61389, 26.17744, 7.75],
			"to": [8.76389, 26.89744, 8.25],
			"rotation": {"angle": 22.5, "axis": "z", "origin": [8.11389, 26.97744, 8]},
			"faces": {
				"north": {"uv": [0, 12, 0.25, 12.25], "texture": "#0"},
				"east": {"uv": [12, 0, 12.25, 0.25], "texture": "#0"},
				"south": {"uv": [0.5, 12, 0.75, 12.25], "texture": "#0"},
				"west": {"uv": [12, 0.5, 12.25, 0.75], "texture": "#0"},
				"up": {"uv": [1.25, 12.25, 1, 12], "texture": "#0"},
				"down": {"uv": [12.25, 1, 12, 1.25], "texture": "#0"}
			}
		},
		{
			"from": [8.46389, 26.17744, 7.75],
			"to": [8.61389, 26.54744, 8.25],
			"rotation": {"angle": 22.5, "axis": "z", "origin": [8.11389, 26.97744, 8]},
			"faces": {
				"north": {"uv": [1.5, 12, 1.75, 12.25], "texture": "#0"},
				"east": {"uv": [12, 1.5, 12.25, 1.75], "texture": "#0"},
				"south": {"uv": [2, 12, 2.25, 12.25], "texture": "#0"},
				"west": {"uv": [12, 2, 12.25, 2.25], "texture": "#0"},
				"up": {"uv": [2.75, 12.25, 2.5, 12], "texture": "#0"},
				"down": {"uv": [12.25, 2.5, 12, 2.75], "texture": "#0"}
			}
		},
		{
			"from": [8.8833, 27.02908, 7.75],
			"to": [8.93302, 27.06038, 8.25],
			"rotation": {"angle": 45, "axis": "z", "origin": [8.23302, 26.92908, 8]},
			"faces": {
				"north": {"uv": [11.5, 9, 11.75, 9.25], "texture": "#0"},
				"east": {"uv": [9.5, 11.5, 9.75, 11.75], "texture": "#0"},
				"south": {"uv": [11.5, 9.5, 11.75, 9.75], "texture": "#0"},
				"west": {"uv": [10, 11.5, 10.25, 11.75], "texture": "#0"},
				"up": {"uv": [11.75, 10.25, 11.5, 10], "texture": "#0"},
				"down": {"uv": [10.75, 11.5, 10.5, 11.75], "texture": "#0"}
			}
		},
		{
			"from": [8.6, -1.58826, 7.75],
			"to": [9.6, 3.41174, 8.25],
			"rotation": {"angle": 0, "axis": "y", "origin": [8.1, 6.86923, 8.25]},
			"faces": {
				"north": {"uv": [5.5, 2.5, 6, 5], "texture": "#0"},
				"east": {"uv": [6, 6, 6.25, 8.5], "texture": "#0"},
				"south": {"uv": [3, 5.5, 3.5, 8], "texture": "#0"},
				"west": {"uv": [6.5, 6, 6.75, 8.5], "texture": "#0"},
				"up": {"uv": [9.5, 10.25, 9, 10], "texture": "#0"},
				"down": {"uv": [10.5, 9, 10, 9.25], "texture": "#0"}
			}
		},
		{
			"from": [9.6, -1.58826, 7.775],
			"to": [10.1, -1.08826, 8.225],
			"rotation": {"angle": 0, "axis": "y", "origin": [8.1, 6.86923, 8.275]},
			"faces": {
				"north": {"uv": [9, 11, 9.25, 11.25], "texture": "#0"},
				"east": {"uv": [11, 9, 11.25, 9.25], "texture": "#0"},
				"south": {"uv": [9.5, 11, 9.75, 11.25], "texture": "#0"},
				"west": {"uv": [11, 9.5, 11.25, 9.75], "texture": "#0"},
				"up": {"uv": [10.25, 11.25, 10, 11], "texture": "#0"},
				"down": {"uv": [11.25, 10, 11, 10.25], "texture": "#0"}
			}
		},
		{
			"from": [9.6, -0.08826, 7.775],
			"to": [10.1, 0.41174, 8.225],
			"rotation": {"angle": 0, "axis": "y", "origin": [8.1, 6.86923, 8.275]},
			"faces": {
				"north": {"uv": [10.5, 11, 10.75, 11.25], "texture": "#0"},
				"east": {"uv": [11, 10.5, 11.25, 10.75], "texture": "#0"},
				"south": {"uv": [11, 11, 11.25, 11.25], "texture": "#0"},
				"west": {"uv": [0, 11.5, 0.25, 11.75], "texture": "#0"},
				"up": {"uv": [11.75, 0.25, 11.5, 0], "texture": "#0"},
				"down": {"uv": [0.75, 11.5, 0.5, 11.75], "texture": "#0"}
			}
		},
		{
			"from": [9.6, 1.41174, 7.775],
			"to": [10.1, 1.91174, 8.225],
			"rotation": {"angle": 0, "axis": "y", "origin": [8.1, 6.86923, 8.275]},
			"faces": {
				"north": {"uv": [11.5, 0.5, 11.75, 0.75], "texture": "#0"},
				"east": {"uv": [1, 11.5, 1.25, 11.75], "texture": "#0"},
				"south": {"uv": [11.5, 1, 11.75, 1.25], "texture": "#0"},
				"west": {"uv": [1.5, 11.5, 1.75, 11.75], "texture": "#0"},
				"up": {"uv": [11.75, 1.75, 11.5, 1.5], "texture": "#0"},
				"down": {"uv": [2.25, 11.5, 2, 11.75], "texture": "#0"}
			}
		},
		{
			"from": [9.6, 2.91174, 7.775],
			"to": [10.1, 3.41174, 8.225],
			"rotation": {"angle": 0, "axis": "y", "origin": [8.1, 6.86923, 8.275]},
			"faces": {
				"north": {"uv": [11.5, 2, 11.75, 2.25], "texture": "#0"},
				"east": {"uv": [2.5, 11.5, 2.75, 11.75], "texture": "#0"},
				"south": {"uv": [11.5, 2.5, 11.75, 2.75], "texture": "#0"},
				"west": {"uv": [3, 11.5, 3.25, 11.75], "texture": "#0"},
				"up": {"uv": [11.75, 3.25, 11.5, 3], "texture": "#0"},
				"down": {"uv": [3.75, 11.5, 3.5, 11.75], "texture": "#0"}
			}
		},
		{
			"from": [6.88742, 0.33841, 7.775],
			"to": [7.88742, 0.83841, 8.225],
			"rotation": {"angle": 45, "axis": "z", "origin": [5.88742, 4.2959, 8.275]},
			"faces": {
				"north": {"uv": [9.5, 10, 10, 10.25], "texture": "#0"},
				"east": {"uv": [11.5, 3.5, 11.75, 3.75], "texture": "#0"},
				"south": {"uv": [10, 9.5, 10.5, 9.75], "texture": "#0"},
				"west": {"uv": [4, 11.5, 4.25, 11.75], "texture": "#0"},
				"up": {"uv": [10.5, 10.25, 10, 10], "texture": "#0"},
				"down": {"uv": [0.5, 10.5, 0, 10.75], "texture": "#0"}
			}
		},
		{
			"from": [12.1306, 1.81328, 7.775],
			"to": [13.1306, 2.31328, 8.225],
			"rotation": {"angle": -45, "axis": "z", "origin": [11.1306, 5.77077, 8.275]},
			"faces": {
				"north": {"uv": [10.5, 2, 11, 2.25], "texture": "#0"},
				"east": {"uv": [11.5, 5, 11.75, 5.25], "texture": "#0"},
				"south": {"uv": [2.5, 10.5, 3, 10.75], "texture": "#0"},
				"west": {"uv": [5.5, 11.5, 5.75, 11.75], "texture": "#0"},
				"up": {"uv": [11, 2.75, 10.5, 2.5], "texture": "#0"},
				"down": {"uv": [3.5, 10.5, 3, 10.75], "texture": "#0"}
			}
		},
		{
			"from": [12.1306, 0.31328, 7.775],
			"to": [13.1306, 0.81328, 8.225],
			"rotation": {"angle": -45, "axis": "z", "origin": [11.1306, 4.27077, 8.275]},
			"faces": {
				"north": {"uv": [10.5, 3, 11, 3.25], "texture": "#0"},
				"east": {"uv": [11.5, 5.5, 11.75, 5.75], "texture": "#0"},
				"south": {"uv": [3.5, 10.5, 4, 10.75], "texture": "#0"},
				"west": {"uv": [6, 11.5, 6.25, 11.75], "texture": "#0"},
				"up": {"uv": [11, 3.75, 10.5, 3.5], "texture": "#0"},
				"down": {"uv": [4.5, 10.5, 4, 10.75], "texture": "#0"}
			}
		},
		{
			"from": [12.1306, -1.18672, 7.775],
			"to": [13.1306, -0.68672, 8.225],
			"rotation": {"angle": -45, "axis": "z", "origin": [11.1306, 2.77077, 8.275]},
			"faces": {
				"north": {"uv": [10.5, 4, 11, 4.25], "texture": "#0"},
				"east": {"uv": [11.5, 6, 11.75, 6.25], "texture": "#0"},
				"south": {"uv": [4.5, 10.5, 5, 10.75], "texture": "#0"},
				"west": {"uv": [6.5, 11.5, 6.75, 11.75], "texture": "#0"},
				"up": {"uv": [11, 4.75, 10.5, 4.5], "texture": "#0"},
				"down": {"uv": [5.5, 10.5, 5, 10.75], "texture": "#0"}
			}
		},
		{
			"from": [6.88742, -1.16159, 7.775],
			"to": [7.88742, -0.66159, 8.225],
			"rotation": {"angle": 45, "axis": "z", "origin": [5.88742, 2.7959, 8.275]},
			"faces": {
				"north": {"uv": [10.5, 0, 11, 0.25], "texture": "#0"},
				"east": {"uv": [11.5, 4, 11.75, 4.25], "texture": "#0"},
				"south": {"uv": [0.5, 10.5, 1, 10.75], "texture": "#0"},
				"west": {"uv": [4.5, 11.5, 4.75, 11.75], "texture": "#0"},
				"up": {"uv": [11, 0.75, 10.5, 0.5], "texture": "#0"},
				"down": {"uv": [1.5, 10.5, 1, 10.75], "texture": "#0"}
			}
		},
		{
			"from": [6.88742, -2.66159, 7.775],
			"to": [7.88742, -2.16159, 8.225],
			"rotation": {"angle": 45, "axis": "z", "origin": [5.88742, 1.2959, 8.275]},
			"faces": {
				"north": {"uv": [10.5, 1, 11, 1.25], "texture": "#0"},
				"east": {"uv": [11.5, 4.5, 11.75, 4.75], "texture": "#0"},
				"south": {"uv": [1.5, 10.5, 2, 10.75], "texture": "#0"},
				"west": {"uv": [5, 11.5, 5.25, 11.75], "texture": "#0"},
				"up": {"uv": [11, 1.75, 10.5, 1.5], "texture": "#0"},
				"down": {"uv": [2.5, 10.5, 2, 10.75], "texture": "#0"}
			}
		},
		{
			"from": [8, -1.58826, 7.75],
			"to": [8.6, -1.08826, 8.25],
			"rotation": {"angle": 0, "axis": "y", "origin": [8.1, 6.86923, 8.25]},
			"faces": {
				"north": {"uv": [2, 11, 2.25, 11.25], "texture": "#0"},
				"east": {"uv": [11, 2, 11.25, 2.25], "texture": "#0"},
				"south": {"uv": [2.5, 11, 2.75, 11.25], "texture": "#0"},
				"west": {"uv": [11, 2.5, 11.25, 2.75], "texture": "#0"},
				"up": {"uv": [3.25, 11.25, 3, 11], "texture": "#0"},
				"down": {"uv": [11.25, 3, 11, 3.25], "texture": "#0"}
			}
		}
	],
	"gui_light": "front",
	"display": {
		"thirdperson_righthand": {
			"rotation": [0, 90, 0],
			"translation": [0, 13, 1.25]
		},
		"thirdperson_lefthand": {
			"rotation": [0, -90, 0],
			"translation": [0, 13, 1.25]
		},
		"firstperson_righthand": {
			"rotation": [0, 90, 25],
			"translation": [0.5, 3.5, 0],
			"scale": [0.54, 0.54, 0.54]
		},
		"firstperson_lefthand": {
			"rotation": [0, -90, -25],
			"translation": [0.5, 3.5, 0],
			"scale": [0.54, 0.54, 0.54]
		},
		"ground": {
			"translation": [0, 11, 0],
			"scale": [0.7, 0.7, 0.7]
		},
		"gui": {
			"rotation": [0, -180, 45],
			"translation": [0.5, 0, -0.5],
			"scale": [0.55, 0.55, 0.55]
		},
		"fixed": {
			"rotation": [0, 0, 45],
			"translation": [0.5, -0.75, 0]
		}
	}
}