{
	"credit": "Made with Blockbench",
	"textures": {
		"1": "item/custom/steampunk_katana_dangly",
		"particle": "item/custom/steampunk_katana_dangly"
	},
	"elements": [
		{
			"from": [1.35, 5.7, 8],
			"to": [5.35, 16.37, 8],
			"rotation": {"angle": -45, "axis": "z", "origin": [2.64, 0, 13.36]},
			"faces": {
				"north": {"uv": [6, 0, 12, 16], "texture": "#missing"},
				"east": {"uv": [0, 0, 0, 16], "texture": "#missing"},
				"south": {"uv": [0, 0, 6, 16], "texture": "#1"},
				"west": {"uv": [0, 0, 0, 16], "texture": "#missing"},
				"up": {"uv": [0, 0, 6, 0], "texture": "#missing"},
				"down": {"uv": [0, 0, 6, 0], "texture": "#missing"}
			}
		},
		{
			"from": [-1.97, 0, 8],
			"to": [0.7, 2, 8],
			"rotation": {"angle": 0, "axis": "y", "origin": [2.64, 0, 2.64]},
			"faces": {
				"north": {"uv": [15, 0, 12, 4], "rotation": 270, "texture": "#missing"},
				"east": {"uv": [0, 0, 3, 0], "rotation": 90, "texture": "#missing"},
				"south": {"uv": [9, 0, 6, 4], "rotation": 90, "texture": "#1"},
				"west": {"uv": [0, 0, 3, 0], "rotation": 90, "texture": "#missing"},
				"up": {"uv": [0, 0, 0, 4], "rotation": 90, "texture": "#missing"},
				"down": {"uv": [0, 0, 0, 4], "rotation": 90, "texture": "#missing"}
			}
		}
	]
}