{
	"credit": "Made with Blockbench",
	"texture_size": [32, 32],
	"textures": {
		"2": "item/custom/steampunk_katana"
	},
	"elements": [
		{
			"from": [1, 0, 7.5],
			"to": [4, 3, 8.5],
			"rotation": {"angle": 0, "axis": "y", "origin": [16, 0, 0]},
			"faces": {
				"north": {"uv": [6, 3, 7.5, 4.5], "texture": "#2"},
				"east": {"uv": [0, 8.5, 0.5, 10], "texture": "#2"},
				"south": {"uv": [6, 4.5, 7.5, 6], "texture": "#2"},
				"west": {"uv": [0.5, 8.5, 1, 10], "texture": "#2"},
				"up": {"uv": [2.5, 9, 1, 8.5], "texture": "#2"},
				"down": {"uv": [4, 8.5, 2.5, 9], "texture": "#2"}
			}
		},
		{
			"from": [19, 19, 7.5],
			"to": [20, 20, 8.5],
			"rotation": {"angle": 0, "axis": "y", "origin": [18, 0, 0]},
			"faces": {
				"north": {"uv": [8.5, 10.5, 9, 11], "texture": "#2"},
				"east": {"uv": [10.5, 9, 11, 9.5], "texture": "#2"},
				"south": {"uv": [10.5, 9.5, 11, 10], "texture": "#2"},
				"west": {"uv": [10, 10.5, 10.5, 11], "texture": "#2"},
				"up": {"uv": [11, 10.5, 10.5, 10], "texture": "#2"},
				"down": {"uv": [11, 10.5, 10.5, 11], "texture": "#2"}
			}
		},
		{
			"from": [4, 2, 7.5],
			"to": [6, 3, 8.5],
			"rotation": {"angle": 0, "axis": "y", "origin": [16, 0, 0]},
			"faces": {
				"north": {"uv": [3.5, 10.5, 4.5, 11], "texture": "#2"},
				"east": {"uv": [0.5, 11, 1, 11.5], "texture": "#2"},
				"south": {"uv": [10.5, 3.5, 11.5, 4], "texture": "#2"},
				"west": {"uv": [1, 11, 1.5, 11.5], "texture": "#2"},
				"up": {"uv": [11.5, 4.5, 10.5, 4], "texture": "#2"},
				"down": {"uv": [5.5, 10.5, 4.5, 11], "texture": "#2"}
			}
		},
		{
			"from": [3, 3, 7.5],
			"to": [8, 4, 8.5],
			"rotation": {"angle": 0, "axis": "y", "origin": [16, 0, 0]},
			"faces": {
				"north": {"uv": [7.5, 5.5, 10, 6], "texture": "#2"},
				"east": {"uv": [1.5, 11, 2, 11.5], "texture": "#2"},
				"south": {"uv": [6, 7.5, 8.5, 8], "texture": "#2"},
				"west": {"uv": [2, 11, 2.5, 11.5], "texture": "#2"},
				"up": {"uv": [2.5, 8.5, 0, 8], "texture": "#2"},
				"down": {"uv": [10.5, 0, 8, 0.5], "texture": "#2"}
			}
		},
		{
			"from": [4, 4, 7.5],
			"to": [10, 5, 8.5],
			"rotation": {"angle": 0, "axis": "y", "origin": [16, 0, 0]},
			"faces": {
				"north": {"uv": [6, 6, 9, 6.5], "texture": "#2"},
				"east": {"uv": [2.5, 11, 3, 11.5], "texture": "#2"},
				"south": {"uv": [6, 6.5, 9, 7], "texture": "#2"},
				"west": {"uv": [3, 11, 3.5, 11.5], "texture": "#2"},
				"up": {"uv": [9, 7.5, 6, 7], "texture": "#2"},
				"down": {"uv": [10.5, 3, 7.5, 3.5], "texture": "#2"}
			}
		},
		{
			"from": [5, 5, 7.5],
			"to": [9, 6, 8.5],
			"rotation": {"angle": 0, "axis": "y", "origin": [16, 0, 0]},
			"faces": {
				"north": {"uv": [8, 0.5, 10, 1], "texture": "#2"},
				"east": {"uv": [3.5, 11, 4, 11.5], "texture": "#2"},
				"south": {"uv": [8, 1, 10, 1.5], "texture": "#2"},
				"west": {"uv": [4, 11, 4.5, 11.5], "texture": "#2"},
				"up": {"uv": [10, 2, 8, 1.5], "texture": "#2"},
				"down": {"uv": [10, 2, 8, 2.5], "texture": "#2"}
			}
		},
		{
			"from": [4, 6, 7.5],
			"to": [10, 7, 8.5],
			"rotation": {"angle": 0, "axis": "y", "origin": [16, 0, 0]},
			"faces": {
				"north": {"uv": [7.5, 3.5, 10.5, 4], "texture": "#2"},
				"east": {"uv": [4.5, 11, 5, 11.5], "texture": "#2"},
				"south": {"uv": [7.5, 4, 10.5, 4.5], "texture": "#2"},
				"west": {"uv": [5, 11, 5.5, 11.5], "texture": "#2"},
				"up": {"uv": [10.5, 5, 7.5, 4.5], "texture": "#2"},
				"down": {"uv": [10.5, 5, 7.5, 5.5], "texture": "#2"}
			}
		},
		{
			"from": [4, 7, 7.5],
			"to": [6, 8, 8.5],
			"rotation": {"angle": 0, "axis": "y", "origin": [16, 0, 0]},
			"faces": {
				"north": {"uv": [10.5, 4.5, 11.5, 5], "texture": "#2"},
				"east": {"uv": [5.5, 11, 6, 11.5], "texture": "#2"},
				"south": {"uv": [10.5, 5, 11.5, 5.5], "texture": "#2"},
				"west": {"uv": [6, 11, 6.5, 11.5], "texture": "#2"},
				"up": {"uv": [6.5, 11, 5.5, 10.5], "texture": "#2"},
				"down": {"uv": [11.5, 6, 10.5, 6.5], "texture": "#2"}
			}
		},
		{
			"from": [7, 7, 7.5],
			"to": [11, 8, 8.5],
			"rotation": {"angle": 0, "axis": "y", "origin": [16, 0, 0]},
			"faces": {
				"north": {"uv": [2.5, 8, 4.5, 8.5], "texture": "#2"},
				"east": {"uv": [6.5, 11, 7, 11.5], "texture": "#2"},
				"south": {"uv": [8, 2.5, 10, 3], "texture": "#2"},
				"west": {"uv": [7, 11, 7.5, 11.5], "texture": "#2"},
				"up": {"uv": [6.5, 8.5, 4.5, 8], "texture": "#2"},
				"down": {"uv": [8.5, 8, 6.5, 8.5], "texture": "#2"}
			}
		},
		{
			"from": [9, 8, 7.5],
			"to": [12, 9, 8.5],
			"rotation": {"angle": 0, "axis": "y", "origin": [18, 0, 0]},
			"faces": {
				"north": {"uv": [4, 8.5, 5.5, 9], "texture": "#2"},
				"east": {"uv": [7.5, 11, 8, 11.5], "texture": "#2"},
				"south": {"uv": [5.5, 8.5, 7, 9], "texture": "#2"},
				"west": {"uv": [8, 11, 8.5, 11.5], "texture": "#2"},
				"up": {"uv": [8.5, 9, 7, 8.5], "texture": "#2"},
				"down": {"uv": [10, 7.5, 8.5, 8], "texture": "#2"}
			}
		},
		{
			"from": [10, 9, 7.5],
			"to": [13, 10, 8.5],
			"rotation": {"angle": 0, "axis": "y", "origin": [18, 0, 0]},
			"faces": {
				"north": {"uv": [8.5, 8, 10, 8.5], "texture": "#2"},
				"east": {"uv": [8.5, 11, 9, 11.5], "texture": "#2"},
				"south": {"uv": [8.5, 8.5, 10, 9], "texture": "#2"},
				"west": {"uv": [11, 9, 11.5, 9.5], "texture": "#2"},
				"up": {"uv": [2.5, 9.5, 1, 9], "texture": "#2"},
				"down": {"uv": [4, 9, 2.5, 9.5], "texture": "#2"}
			}
		},
		{
			"from": [11, 10, 7.5],
			"to": [14, 11, 8.5],
			"rotation": {"angle": 0, "axis": "y", "origin": [18, 0, 0]},
			"faces": {
				"north": {"uv": [4, 9, 5.5, 9.5], "texture": "#2"},
				"east": {"uv": [11, 9.5, 11.5, 10], "texture": "#2"},
				"south": {"uv": [5.5, 9, 7, 9.5], "texture": "#2"},
				"west": {"uv": [10, 11, 10.5, 11.5], "texture": "#2"},
				"up": {"uv": [10.5, 6.5, 9, 6], "texture": "#2"},
				"down": {"uv": [10.5, 6.5, 9, 7], "texture": "#2"}
			}
		},
		{
			"from": [12, 11, 7.5],
			"to": [15, 12, 8.5],
			"rotation": {"angle": 0, "axis": "y", "origin": [18, 0, 0]},
			"faces": {
				"north": {"uv": [7, 9, 8.5, 9.5], "texture": "#2"},
				"east": {"uv": [11, 10, 11.5, 10.5], "texture": "#2"},
				"south": {"uv": [9, 7, 10.5, 7.5], "texture": "#2"},
				"west": {"uv": [10.5, 11, 11, 11.5], "texture": "#2"},
				"up": {"uv": [10, 9.5, 8.5, 9], "texture": "#2"},
				"down": {"uv": [2.5, 9.5, 1, 10], "texture": "#2"}
			}
		},
		{
			"from": [13, 12, 7.5],
			"to": [16, 13, 8.5],
			"rotation": {"angle": 0, "axis": "y", "origin": [18, 0, 0]},
			"faces": {
				"north": {"uv": [2.5, 9.5, 4, 10], "texture": "#2"},
				"east": {"uv": [11, 10.5, 11.5, 11], "texture": "#2"},
				"south": {"uv": [4, 9.5, 5.5, 10], "texture": "#2"},
				"west": {"uv": [11, 11, 11.5, 11.5], "texture": "#2"},
				"up": {"uv": [7, 10, 5.5, 9.5], "texture": "#2"},
				"down": {"uv": [8.5, 9.5, 7, 10], "texture": "#2"}
			}
		},
		{
			"from": [14, 13, 7.5],
			"to": [17, 14, 8.5],
			"rotation": {"angle": 0, "axis": "y", "origin": [18, 0, 0]},
			"faces": {
				"north": {"uv": [8.5, 9.5, 10, 10], "texture": "#2"},
				"east": {"uv": [0.5, 11.5, 1, 12], "texture": "#2"},
				"south": {"uv": [0, 10, 1.5, 10.5], "texture": "#2"},
				"west": {"uv": [11.5, 0.5, 12, 1], "texture": "#2"},
				"up": {"uv": [11.5, 1, 10, 0.5], "texture": "#2"},
				"down": {"uv": [11.5, 1, 10, 1.5], "texture": "#2"}
			}
		},
		{
			"from": [17, 16, 7.5],
			"to": [20, 17, 8.5],
			"rotation": {"angle": 0, "axis": "y", "origin": [18, 0, 0]},
			"faces": {
				"north": {"uv": [1.5, 10, 3, 10.5], "texture": "#2"},
				"east": {"uv": [1, 11.5, 1.5, 12], "texture": "#2"},
				"south": {"uv": [10, 1.5, 11.5, 2], "texture": "#2"},
				"west": {"uv": [11.5, 1, 12, 1.5], "texture": "#2"},
				"up": {"uv": [11.5, 2.5, 10, 2], "texture": "#2"},
				"down": {"uv": [11.5, 2.5, 10, 3], "texture": "#2"}
			}
		},
		{
			"from": [15, 14, 7.5],
			"to": [18, 15, 8.5],
			"rotation": {"angle": 0, "axis": "y", "origin": [18, 0, 0]},
			"faces": {
				"north": {"uv": [3, 10, 4.5, 10.5], "texture": "#2"},
				"east": {"uv": [1.5, 11.5, 2, 12], "texture": "#2"},
				"south": {"uv": [4.5, 10, 6, 10.5], "texture": "#2"},
				"west": {"uv": [11.5, 1.5, 12, 2], "texture": "#2"},
				"up": {"uv": [11.5, 6, 10, 5.5], "texture": "#2"},
				"down": {"uv": [7.5, 10, 6, 10.5], "texture": "#2"}
			}
		},
		{
			"from": [16, 15, 7.5],
			"to": [19, 16, 8.5],
			"rotation": {"angle": 0, "axis": "y", "origin": [18, 0, 0]},
			"faces": {
				"north": {"uv": [7.5, 10, 9, 10.5], "texture": "#2"},
				"east": {"uv": [2, 11.5, 2.5, 12], "texture": "#2"},
				"south": {"uv": [10, 7.5, 11.5, 8], "texture": "#2"},
				"west": {"uv": [11.5, 2, 12, 2.5], "texture": "#2"},
				"up": {"uv": [11.5, 8.5, 10, 8], "texture": "#2"},
				"down": {"uv": [11.5, 8.5, 10, 9], "texture": "#2"}
			}
		},
		{
			"from": [20, 19, 7.5],
			"to": [21, 22, 8.5],
			"rotation": {"angle": 0, "axis": "y", "origin": [18, 0, 0]},
			"faces": {
				"north": {"uv": [9, 10, 9.5, 11.5], "texture": "#2"},
				"east": {"uv": [10, 9, 10.5, 10.5], "texture": "#2"},
				"south": {"uv": [9.5, 10, 10, 11.5], "texture": "#2"},
				"west": {"uv": [0, 10.5, 0.5, 12], "texture": "#2"},
				"up": {"uv": [3, 12, 2.5, 11.5], "texture": "#2"},
				"down": {"uv": [12, 2.5, 11.5, 3], "texture": "#2"}
			}
		},
		{
			"from": [18, 17, 7.5],
			"to": [20, 18, 8.5],
			"rotation": {"angle": 0, "axis": "y", "origin": [18, 0, 0]},
			"faces": {
				"north": {"uv": [6.5, 10.5, 7.5, 11], "texture": "#2"},
				"east": {"uv": [3, 11.5, 3.5, 12], "texture": "#2"},
				"south": {"uv": [10.5, 6.5, 11.5, 7], "texture": "#2"},
				"west": {"uv": [3.5, 11.5, 4, 12], "texture": "#2"},
				"up": {"uv": [11.5, 7.5, 10.5, 7], "texture": "#2"},
				"down": {"uv": [8.5, 10.5, 7.5, 11], "texture": "#2"}
			}
		},
		{
			"from": [18, 18, 7.5],
			"to": [21, 19, 8.5],
			"rotation": {"angle": 0, "axis": "y", "origin": [18, 0, 0]},
			"faces": {
				"north": {"uv": [10.5, 0, 12, 0.5], "texture": "#2"},
				"east": {"uv": [11.5, 3.5, 12, 4], "texture": "#2"},
				"south": {"uv": [0.5, 10.5, 2, 11], "texture": "#2"},
				"west": {"uv": [4, 11.5, 4.5, 12], "texture": "#2"},
				"up": {"uv": [3.5, 11, 2, 10.5], "texture": "#2"},
				"down": {"uv": [12, 3, 10.5, 3.5], "texture": "#2"}
			}
		},
		{
			"from": [-3, -1, 8],
			"to": [1, 2, 8],
			"faces": {
				"north": {"uv": [6, 0, 8, 1.5], "texture": "#2"},
				"east": {"uv": [0, 0, 0, 1.5], "texture": "#2"},
				"south": {"uv": [8, 0, 6, 1.5], "texture": "#2"},
				"west": {"uv": [0, 0, 0, 1.5], "texture": "#2"},
				"up": {"uv": [2, 0, 0, 0], "texture": "#2"},
				"down": {"uv": [2, 0, 0, 0], "texture": "#2"}
			}
		},
		{
			"from": [11, 2, 8],
			"to": [23, 17, 8],
			"faces": {
				"north": {"uv": [6, 0, 0, 7.5], "texture": "#2"},
				"south": {"uv": [0, 0, 6, 7.5], "texture": "#2"}
			}
		}
	],
	"gui_light": "front",
	"display": {
		"thirdperson_righthand": {
			"rotation": [55, 90, 0],
			"translation": [0, 4, 2.5]
		},
		"thirdperson_lefthand": {
			"rotation": [55, -90, 0],
			"translation": [0, 4, 2.5]
		},
		"firstperson_righthand": {
			"rotation": [0, 90, 69],
			"translation": [1.25, 3, 0.25],
			"scale": [0.7, 0.7, 0.7]
		},
		"firstperson_lefthand": {
			"rotation": [0, -90, -69],
			"translation": [1.25, 3, 0.25],
			"scale": [0.7, 0.7, 0.7]
		},
		"ground": {
			"translation": [0, 5, 0]
		},
		"gui": {
			"translation": [-1.5, -2, 0],
			"scale": [0.67, 0.67, 0.67]
		},
		"fixed": {
			"rotation": [0, 180, 0],
			"translation": [1.75, -3, -0.25]
		}
	},
	"groups": [
		{
			"name": "group",
			"origin": [16, 0, 0],
			"color": 0,
			"children": [0, 1, 2, 3, 4, 5, 6, 7, 8, 9, 10, 11, 12, 13, 14, 15, 16, 17, 18, 19, 20]
		},
		21,
		22
	]
}