{
	"credit": "Made with Blockbench",
	"texture_size": [32, 32],
	"textures": {
		"1": "item/custom/stick_sword"
	},
	"elements": [
		{
			"from": [7.5, 0, 7.5],
			"to": [8.5, 18, 8.5],
			"rotation": {"angle": 0, "axis": "y", "origin": [-0.5, 0, -0.5]},
			"faces": {
				"north": {"uv": [0, 0, 0.5, 9], "texture": "#1"},
				"east": {"uv": [0.5, 0, 1, 9], "texture": "#1"},
				"south": {"uv": [1, 0, 1.5, 9], "texture": "#1"},
				"west": {"uv": [1.5, 0, 2, 9], "texture": "#1"},
				"up": {"uv": [5, 4.5, 4.5, 4], "texture": "#1"},
				"down": {"uv": [5, 4.5, 4.5, 5], "texture": "#1"}
			}
		},
		{
			"from": [4.2, 16.2, 8],
			"to": [8.2, 19.2, 8],
			"rotation": {"angle": -22.5, "axis": "z", "origin": [6.5, 17.5, 8]},
			"faces": {
				"north": {"uv": [2, 0, 4, 1.5], "texture": "#1"},
				"east": {"uv": [0, 0, 0, 1.5], "texture": "#1"},
				"south": {"uv": [2, 1.5, 4, 3], "texture": "#1"},
				"west": {"uv": [0, 0, 0, 1.5], "texture": "#1"},
				"up": {"uv": [2, 0, 0, 0], "texture": "#1"},
				"down": {"uv": [2, 0, 0, 0], "texture": "#1"}
			}
		},
		{
			"from": [7.6397, 4.682, 8],
			"to": [10.6397, 6.682, 8],
			"rotation": {"angle": 22.5, "axis": "z", "origin": [8.9397, 5.882, 8]},
			"faces": {
				"north": {"uv": [2, 3, 3.5, 4], "texture": "#1"},
				"east": {"uv": [0, 0, 0, 1], "texture": "#1"},
				"south": {"uv": [3.5, 3, 5, 4], "texture": "#1"},
				"west": {"uv": [0, 0, 0, 1], "texture": "#1"},
				"up": {"uv": [1.5, 0, 0, 0], "texture": "#1"},
				"down": {"uv": [1.5, 0, 0, 0], "texture": "#1"}
			}
		},
		{
			"from": [8.60999, 17.5803, 7.505],
			"to": [9.60999, 23.5803, 8.495],
			"rotation": {"angle": -22.5, "axis": "z", "origin": [9.10999, 20.5803, 8]},
			"faces": {
				"north": {"uv": [4, 0, 4.5, 3], "texture": "#1"},
				"east": {"uv": [2, 4, 2.5, 7], "texture": "#1"},
				"south": {"uv": [2.5, 4, 3, 7], "texture": "#1"},
				"west": {"uv": [3, 4, 3.5, 7], "texture": "#1"},
				"up": {"uv": [5.5, 0.5, 5, 0], "texture": "#1"},
				"down": {"uv": [5.5, 0.5, 5, 1], "texture": "#1"}
			}
		},
		{
			"from": [6.69001, 17.4803, 7.75],
			"to": [7.19001, 20.4803, 8.25],
			"rotation": {"angle": 22.5, "axis": "z", "origin": [5.89001, 20.5803, 8]},
			"faces": {
				"north": {"uv": [3.5, 4, 3.75, 5.5], "texture": "#1"},
				"east": {"uv": [4, 4, 4.25, 5.5], "texture": "#1"},
				"south": {"uv": [4.5, 0, 4.75, 1.5], "texture": "#1"},
				"west": {"uv": [4.5, 1.5, 4.75, 3], "texture": "#1"},
				"up": {"uv": [5.75, 1.75, 5.5, 1.5], "texture": "#1"},
				"down": {"uv": [5.75, 2, 5.5, 2.25], "texture": "#1"}
			}
		},
		{
			"from": [13.80999, 6.4803, 7.75],
			"to": [14.30999, 8.4803, 8.25],
			"rotation": {"angle": -22.5, "axis": "z", "origin": [9.10999, 20.5803, 8]},
			"faces": {
				"north": {"uv": [5, 1, 5.25, 2], "texture": "#1"},
				"east": {"uv": [5, 2, 5.25, 3], "texture": "#1"},
				"south": {"uv": [5, 3, 5.25, 4], "texture": "#1"},
				"west": {"uv": [5, 4, 5.25, 5], "texture": "#1"},
				"up": {"uv": [5.75, 2.75, 5.5, 2.5], "texture": "#1"},
				"down": {"uv": [5.75, 3, 5.5, 3.25], "texture": "#1"}
			}
		},
		{
			"from": [6.42914, 11.17676, 7.75],
			"to": [8.42914, 11.67676, 8.25],
			"rotation": {"angle": -45, "axis": "z", "origin": [7.42914, 11.42676, 8]},
			"faces": {
				"north": {"uv": [4.5, 5, 5.5, 5.25], "texture": "#1"},
				"east": {"uv": [3.5, 5.5, 3.75, 5.75], "texture": "#1"},
				"south": {"uv": [5.5, 0, 6.5, 0.25], "texture": "#1"},
				"west": {"uv": [5.5, 3.5, 5.75, 3.75], "texture": "#1"},
				"up": {"uv": [6.5, 0.75, 5.5, 0.5], "texture": "#1"},
				"down": {"uv": [6.5, 1, 5.5, 1.25], "texture": "#1"}
			}
		}
	],
	"gui_light": "front",
	"display": {
		"thirdperson_righthand": {
			"rotation": [0, -90, 0],
			"translation": [0, 3, 0.5]
		},
		"thirdperson_lefthand": {
			"rotation": [0, 90, 0],
			"translation": [0, 3, 0.5]
		},
		"firstperson_righthand": {
			"rotation": [0, 90, 20],
			"scale": [0.81, 0.81, 0.81]
		},
		"firstperson_lefthand": {
			"rotation": [0, -90, -20],
			"scale": [0.81, 0.81, 0.81]
		},
		"ground": {
			"translation": [0, 5, 0]
		},
		"gui": {
			"rotation": [0, 42, -48],
			"translation": [-2.5, -2, 0]
		},
		"fixed": {
			"rotation": [0, 0, 45],
			"translation": [1.75, -3.25, 0]
		}
	}
}