{
	"credit": "Made with Blockbench",
	"texture_size": [32, 32],
	"textures": {
		"0": "item/custom/tome",
		"particle": "item/custom/tome"
	},
	"elements": [
		{
			"from": [3.8, 0, 6],
			"to": [11.4, 0.5, 12],
			"faces": {
				"north": {"uv": [2, 9, 6, 9.5], "texture": "#0"},
				"east": {"uv": [8, 9.5, 11, 10], "texture": "#0"},
				"south": {"uv": [6, 9, 10, 9.5], "texture": "#0"},
				"west": {"uv": [10, 0, 13, 0.5], "texture": "#0"},
				"up": {"uv": [4, 3, 0, 0], "texture": "#0"},
				"down": {"uv": [4, 3, 0, 6], "texture": "#0"}
			}
		},
		{
			"from": [7.2, -0.2, 5.8],
			"to": [8, 0.4, 12.2],
			"faces": {
				"north": {"uv": [8.5, 10.5, 9, 11], "texture": "#0"},
				"east": {"uv": [10, 0.5, 13, 1], "texture": "#0"},
				"south": {"uv": [9, 10.5, 9.5, 11], "texture": "#0"},
				"west": {"uv": [10, 1, 13, 1.5], "texture": "#0"},
				"up": {"uv": [10.5, 4.5, 10, 1.5], "texture": "#0"},
				"down": {"uv": [2.5, 10, 2, 13], "texture": "#0"}
			}
		},
		{
			"from": [3.2, 3.5, 6.2],
			"to": [6.8, 3.5, 11.8],
			"rotation": {"angle": -22.5, "axis": "z", "origin": [0, 0, 0]},
			"faces": {
				"north": {"uv": [10, 9, 12, 9.5], "texture": "#0"},
				"east": {"uv": [2.5, 10, 5.5, 10.5], "texture": "#0"},
				"south": {"uv": [10.5, 1.5, 12.5, 2], "texture": "#0"},
				"west": {"uv": [10, 4.5, 13, 5], "texture": "#0"},
				"up": {"uv": [2, 9, 0, 6], "texture": "#0"},
				"down": {"uv": [8, 0, 6, 3], "texture": "#0"}
			}
		},
		{
			"from": [1.4, 5.8, 6.2],
			"to": [5, 5.8, 11.8],
			"rotation": {"angle": -45, "axis": "z", "origin": [0, 0, 0]},
			"faces": {
				"north": {"uv": [10.5, 2, 12.5, 2.5], "texture": "#0"},
				"east": {"uv": [10, 5, 13, 5.5], "texture": "#0"},
				"south": {"uv": [2.5, 10.5, 4.5, 11], "texture": "#0"},
				"west": {"uv": [5.5, 10, 8.5, 10.5], "texture": "#0"},
				"up": {"uv": [4, 9, 2, 6], "texture": "#0"},
				"down": {"uv": [8, 3, 6, 6], "texture": "#0"}
			}
		},
		{
			"from": [4, 0.6, 6.2],
			"to": [7.6, 0.6, 11.8],
			"faces": {
				"north": {"uv": [10.5, 2.5, 12.5, 3], "texture": "#0"},
				"east": {"uv": [10, 5.5, 13, 6], "texture": "#0"},
				"south": {"uv": [10.5, 3, 12.5, 3.5], "texture": "#0"},
				"west": {"uv": [10, 6, 13, 6.5], "texture": "#0"},
				"up": {"uv": [6, 9, 4, 6], "texture": "#0"},
				"down": {"uv": [8, 6, 6, 9], "texture": "#0"}
			}
		},
		{
			"from": [10.2, 5.8, 6.2],
			"to": [13.8, 5.8, 11.8],
			"rotation": {"angle": 45, "axis": "z", "origin": [15.2, 0, 0]},
			"faces": {
				"north": {"uv": [10.5, 3.5, 12.5, 4], "texture": "#0"},
				"east": {"uv": [10, 6.5, 13, 7], "texture": "#0"},
				"south": {"uv": [10.5, 4, 12.5, 4.5], "texture": "#0"},
				"west": {"uv": [10, 7, 13, 7.5], "texture": "#0"},
				"up": {"uv": [10, 3, 8, 0], "texture": "#0"},
				"down": {"uv": [10, 3, 8, 6], "texture": "#0"}
			}
		},
		{
			"from": [7.6, 0.6, 6.2],
			"to": [11.2, 0.6, 11.8],
			"rotation": {"angle": 0, "axis": "z", "origin": [15.2, 0, 0]},
			"faces": {
				"north": {"uv": [4.5, 10.5, 6.5, 11], "texture": "#0"},
				"east": {"uv": [10, 7.5, 13, 8], "texture": "#0"},
				"south": {"uv": [6.5, 10.5, 8.5, 11], "texture": "#0"},
				"west": {"uv": [10, 8, 13, 8.5], "texture": "#0"},
				"up": {"uv": [10, 9, 8, 6], "texture": "#0"},
				"down": {"uv": [2, 9, 0, 12], "texture": "#0"}
			}
		},
		{
			"from": [8.4, 3.5, 6.2],
			"to": [12, 3.5, 11.8],
			"rotation": {"angle": 22.5, "axis": "z", "origin": [15.2, 0, 0]},
			"faces": {
				"north": {"uv": [8.5, 10, 10.5, 10.5], "texture": "#0"},
				"east": {"uv": [2, 9.5, 5, 10], "texture": "#0"},
				"south": {"uv": [10, 8.5, 12, 9], "texture": "#0"},
				"west": {"uv": [5, 9.5, 8, 10], "texture": "#0"},
				"up": {"uv": [6, 3, 4, 0], "texture": "#0"},
				"down": {"uv": [6, 3, 4, 6], "texture": "#0"}
			}
		}
	],
	"gui_light": "front",
	"display": {
		"thirdperson_righthand": {
			"rotation": [83, 0, 0],
			"translation": [0, 4.25, 8]
		},
		"thirdperson_lefthand": {
			"rotation": [83, 0, 0],
			"translation": [0, 4.25, 8]
		},
		"firstperson_righthand": {
			"rotation": [55.25, 0, 0],
			"translation": [0, 9.5, 5.75]
		},
		"firstperson_lefthand": {
			"rotation": [55.25, 0, 0],
			"translation": [0, 9.5, 5.75]
		},
		"ground": {
			"translation": [0, 22.25, 0],
			"scale": [3, 3, 3]
		},
		"gui": {
			"rotation": [66.66, 5.75, -13.06],
			"translation": [5, 8, 0],
			"scale": [2, 2, 2]
		},
		"head": {
			"translation": [1.25, 23.25, -1.75],
			"scale": [3, 3, 3]
		},
		"fixed": {
			"rotation": [-90, 0, 0],
			"translation": [0, -2, -24.25],
			"scale": [3, 3.03516, 3]
		}
	}
}