{
	"credit": "Made with Blockbench",
	"texture_size": [64, 64],
	"textures": {
		"4": "item/custom/tome",
		"particle": "item/custom/tome"
	},
	"elements": [
		{
			"from": [2, 0, 3],
			"to": [14, 1, 13],
			"rotation": {"angle": 0, "axis": "y", "origin": [8.5, 0.5, 8.5]},
			"faces": {
				"north": {"uv": [3.75, 6, 6.75, 6.25], "texture": "#4"},
				"east": {"uv": [3.75, 6.5, 6.25, 6.75], "texture": "#4"},
				"south": {"uv": [3.75, 6.25, 6.75, 6.5], "texture": "#4"},
				"west": {"uv": [6.25, 6.5, 8.75, 6.75], "texture": "#4"},
				"up": {"uv": [3, 2.5, 0, 0], "texture": "#4"},
				"down": {"uv": [3, 2.5, 0, 5], "texture": "#4"}
			}
		},
		{
			"from": [2.17784, 4.86775, 4],
			"to": [7.17784, 4.86775, 12],
			"rotation": {"angle": -22.5, "axis": "z", "origin": [0.37784, 1.36775, -0.2]},
			"faces": {
				"north": {"uv": [0, 0, 1.25, 0], "texture": "#4"},
				"east": {"uv": [0, 0, 2, 0], "texture": "#4"},
				"south": {"uv": [0, 0, 1.25, 0], "texture": "#4"},
				"west": {"uv": [0, 0, 2, 0], "texture": "#4"},
				"up": {"uv": [4.25, 6, 3, 4], "texture": "#4"},
				"down": {"uv": [5.5, 4, 4.25, 6], "texture": "#4"}
			}
		},
		{
			"from": [0.36254, 7.23361, 4],
			"to": [5.36254, 7.23361, 12],
			"rotation": {"angle": -45, "axis": "z", "origin": [0.36254, 1.43361, -0.2]},
			"faces": {
				"north": {"uv": [0, 0, 1.25, 0], "texture": "#4"},
				"east": {"uv": [0, 0, 2, 0], "texture": "#4"},
				"south": {"uv": [0, 0, 1.25, 0], "texture": "#4"},
				"west": {"uv": [0, 0, 2, 0], "texture": "#4"},
				"up": {"uv": [1.25, 7, 0, 5], "texture": "#4"},
				"down": {"uv": [2.5, 5, 1.25, 7], "texture": "#4"}
			}
		},
		{
			"from": [10.63746, 7.23361, 4],
			"to": [15.63746, 7.23361, 12],
			"rotation": {"angle": 45, "axis": "z", "origin": [15.63746, 1.43361, -0.2]},
			"faces": {
				"north": {"uv": [0, 0, 1.25, 0], "texture": "#4"},
				"east": {"uv": [0, 0, 2, 0], "texture": "#4"},
				"south": {"uv": [0, 0, 1.25, 0], "texture": "#4"},
				"west": {"uv": [0, 0, 2, 0], "texture": "#4"},
				"up": {"uv": [6.75, 2, 5.5, 0], "texture": "#4"},
				"down": {"uv": [6.75, 2, 5.5, 4], "texture": "#4"}
			}
		},
		{
			"from": [3, 1, 4],
			"to": [13, 2, 12],
			"rotation": {"angle": 0, "axis": "z", "origin": [14, 0.4, -2.2]},
			"faces": {
				"north": {"uv": [6.75, 0, 9.25, 0.25], "texture": "#4"},
				"east": {"uv": [6.75, 0.5, 8.75, 0.75], "texture": "#4"},
				"south": {"uv": [6.75, 0.25, 9.25, 0.5], "texture": "#4"},
				"west": {"uv": [6.75, 0.75, 8.75, 1], "texture": "#4"},
				"up": {"uv": [5.5, 2, 3, 0], "texture": "#4"},
				"down": {"uv": [5.5, 2, 3, 4], "texture": "#4"}
			}
		},
		{
			"from": [8.82216, 4.86775, 4],
			"to": [13.82216, 4.86775, 12],
			"rotation": {"angle": 22.5, "axis": "z", "origin": [15.62216, 1.36775, -0.2]},
			"faces": {
				"north": {"uv": [0, 0, 1.25, 0], "texture": "#4"},
				"east": {"uv": [0, 0, 2, 0], "texture": "#4"},
				"south": {"uv": [0, 0, 1.25, 0], "texture": "#4"},
				"west": {"uv": [0, 0, 2, 0], "texture": "#4"},
				"up": {"uv": [6.75, 6, 5.5, 4], "texture": "#4"},
				"down": {"uv": [3.75, 6, 2.5, 8], "texture": "#4"}
			}
		}
	],
	"display": {
		"thirdperson_righthand": {
			"rotation": [83, 0, 0],
			"translation": [0, 4.25, 8]
		},
		"thirdperson_lefthand": {
			"rotation": [83, 0, 0],
			"translation": [0, 4.25, 8]
		},
		"firstperson_righthand": {
			"rotation": [55.25, 0, 0],
			"translation": [7, 3, 0]
		},
		"firstperson_lefthand": {
			"rotation": [55.25, 0, 0],
			"translation": [7, 3, 0]
		},
		"ground": {
			"translation": [0, 5.75, 0]
		},
		"gui": {
			"rotation": [25, 45, 0],
			"translation": [0, 3, 0]
		},
		"head": {
			"translation": [0, 20.25, 0],
			"scale": [2, 2, 2]
		},
		"fixed": {
			"rotation": [-90, 0, 0],
			"translation": [0, 0, -16],
			"scale": [2, 2, 2]
		}
	}
}