{
	"credit": "Made with Blockbench",
	"texture_size": [64, 64],
	"textures": {
		"0": "item/custom/trondisc",
		"particle": "item/custom/trondisc"
	},
	"elements": [
		{
			"from": [6, 3, 15],
			"to": [11, 4, 16],
			"rotation": {"angle": 0, "axis": "y", "origin": [8.5, 3.5, 8.5]},
			"faces": {
				"north": {"uv": [6.5, 4.25, 7.75, 4.5], "rotation": 180, "texture": "#0"},
				"east": {"uv": [8.75, 8.5, 9, 8.75], "rotation": 180, "texture": "#0"},
				"south": {"uv": [6.5, 4, 7.75, 4.25], "rotation": 180, "texture": "#0"},
				"west": {"uv": [8.75, 8.75, 9, 9], "rotation": 180, "texture": "#0"},
				"up": {"uv": [7.25, 6.5, 6, 6.75], "texture": "#0"},
				"down": {"uv": [6, 6.75, 4.75, 6.5], "texture": "#0"}
			}
		},
		{
			"from": [3, 3, 13],
			"to": [4, 4, 14],
			"rotation": {"angle": 0, "axis": "y", "origin": [8.5, 3.5, 8.5]},
			"faces": {
				"north": {"uv": [0.5, 9, 0.75, 9.25], "rotation": 180, "texture": "#0"},
				"east": {"uv": [9, 0.25, 9.25, 0.5], "rotation": 180, "texture": "#0"},
				"south": {"uv": [0.25, 9, 0.5, 9.25], "rotation": 180, "texture": "#0"},
				"west": {"uv": [9, 0.5, 9.25, 0.75], "rotation": 180, "texture": "#0"},
				"up": {"uv": [9.25, 0.75, 9, 1], "texture": "#0"},
				"down": {"uv": [1, 9.25, 0.75, 9], "texture": "#0"}
			}
		},
		{
			"from": [3, 3, 3],
			"to": [4, 4, 4],
			"rotation": {"angle": 0, "axis": "y", "origin": [8.5, 3.5, 8.5]},
			"faces": {
				"north": {"uv": [2.5, 9, 2.75, 9.25], "rotation": 180, "texture": "#0"},
				"east": {"uv": [9, 2.25, 9.25, 2.5], "rotation": 180, "texture": "#0"},
				"south": {"uv": [2.25, 9, 2.5, 9.25], "rotation": 180, "texture": "#0"},
				"west": {"uv": [9, 2.5, 9.25, 2.75], "rotation": 180, "texture": "#0"},
				"up": {"uv": [9.25, 2.75, 9, 3], "texture": "#0"},
				"down": {"uv": [3, 9.25, 2.75, 9], "texture": "#0"}
			}
		},
		{
			"from": [2, 3, 11],
			"to": [3, 4, 13],
			"rotation": {"angle": 0, "axis": "y", "origin": [8.5, 3.5, 8.5]},
			"faces": {
				"north": {"uv": [9, 1.25, 9.25, 1.5], "rotation": 180, "texture": "#0"},
				"east": {"uv": [8.25, 2.5, 8.75, 2.75], "rotation": 180, "texture": "#0"},
				"south": {"uv": [1.25, 9, 1.5, 9.25], "rotation": 180, "texture": "#0"},
				"west": {"uv": [8.25, 2.75, 8.75, 3], "rotation": 180, "texture": "#0"},
				"up": {"uv": [8.5, 3, 8.25, 3.5], "texture": "#0"},
				"down": {"uv": [3.25, 8.75, 3, 8.25], "texture": "#0"}
			}
		},
		{
			"from": [1, 3, 6],
			"to": [2, 4, 11],
			"rotation": {"angle": 0, "axis": "y", "origin": [8.5, 3.5, 8.5]},
			"faces": {
				"north": {"uv": [9, 1.5, 9.25, 1.75], "rotation": 180, "texture": "#0"},
				"east": {"uv": [4.75, 6.75, 6, 7], "rotation": 180, "texture": "#0"},
				"south": {"uv": [1.5, 9, 1.75, 9.25], "rotation": 180, "texture": "#0"},
				"west": {"uv": [6.75, 4.75, 8, 5], "rotation": 180, "texture": "#0"},
				"up": {"uv": [6.5, 6.75, 6.25, 8], "texture": "#0"},
				"down": {"uv": [6.25, 8, 6, 6.75], "texture": "#0"}
			}
		},
		{
			"from": [5, 3, 6],
			"to": [6, 4, 11],
			"rotation": {"angle": 0, "axis": "y", "origin": [8.5, 3.5, 8.5]},
			"faces": {
				"north": {"uv": [0, 9.25, 0.25, 9.5], "rotation": 180, "texture": "#0"},
				"east": {"uv": [4, 7.5, 5.25, 7.75], "rotation": 180, "texture": "#0"},
				"south": {"uv": [9, 9, 9.25, 9.25], "rotation": 180, "texture": "#0"},
				"west": {"uv": [6.75, 7.5, 8, 7.75], "rotation": 180, "texture": "#0"},
				"up": {"uv": [0.5, 7.75, 0.25, 9], "texture": "#0"},
				"down": {"uv": [0.25, 9, 0, 7.75], "texture": "#0"}
			}
		},
		{
			"from": [11, 3, 6],
			"to": [12, 4, 11],
			"rotation": {"angle": 0, "axis": "y", "origin": [8.5, 3.5, 8.5]},
			"faces": {
				"north": {"uv": [0.25, 9.25, 0.5, 9.5], "rotation": 180, "texture": "#0"},
				"east": {"uv": [1.5, 7.75, 2.75, 8], "rotation": 180, "texture": "#0"},
				"south": {"uv": [9.25, 0, 9.5, 0.25], "rotation": 180, "texture": "#0"},
				"west": {"uv": [7.75, 2, 9, 2.25], "rotation": 180, "texture": "#0"},
				"up": {"uv": [1, 7.75, 0.75, 9], "texture": "#0"},
				"down": {"uv": [0.75, 9, 0.5, 7.75], "texture": "#0"}
			}
		},
		{
			"from": [2, 3, 4],
			"to": [3, 4, 6],
			"rotation": {"angle": 0, "axis": "y", "origin": [8.5, 3.5, 8.5]},
			"faces": {
				"north": {"uv": [9, 1.75, 9.25, 2], "rotation": 180, "texture": "#0"},
				"east": {"uv": [8.25, 3.5, 8.75, 3.75], "rotation": 180, "texture": "#0"},
				"south": {"uv": [1.75, 9, 2, 9.25], "rotation": 180, "texture": "#0"},
				"west": {"uv": [3.75, 8.25, 4.25, 8.5], "rotation": 180, "texture": "#0"},
				"up": {"uv": [4.5, 8.25, 4.25, 8.75], "texture": "#0"},
				"down": {"uv": [3.5, 8.75, 3.25, 8.25], "texture": "#0"}
			}
		},
		{
			"from": [4, 3, 14],
			"to": [6, 4, 15],
			"rotation": {"angle": 0, "axis": "y", "origin": [8.5, 3.5, 8.5]},
			"faces": {
				"north": {"uv": [1.5, 8.25, 2, 8.5], "rotation": 180, "texture": "#0"},
				"east": {"uv": [1, 9, 1.25, 9.25], "rotation": 180, "texture": "#0"},
				"south": {"uv": [1, 8.25, 1.5, 8.5], "rotation": 180, "texture": "#0"},
				"west": {"uv": [9, 1, 9.25, 1.25], "rotation": 180, "texture": "#0"},
				"up": {"uv": [3, 8.25, 2.5, 8.5], "texture": "#0"},
				"down": {"uv": [8.75, 2.5, 8.25, 2.25], "texture": "#0"}
			}
		},
		{
			"from": [4, 3, 2],
			"to": [6, 4, 3],
			"rotation": {"angle": 0, "axis": "y", "origin": [8.5, 3.5, 8.5]},
			"faces": {
				"north": {"uv": [8.25, 4.25, 8.75, 4.5], "rotation": 180, "texture": "#0"},
				"east": {"uv": [2, 9, 2.25, 9.25], "rotation": 180, "texture": "#0"},
				"south": {"uv": [8.25, 3.75, 8.75, 4], "rotation": 180, "texture": "#0"},
				"west": {"uv": [9, 2, 9.25, 2.25], "rotation": 180, "texture": "#0"},
				"up": {"uv": [5.75, 8.25, 5.25, 8.5], "texture": "#0"},
				"down": {"uv": [8.75, 4.75, 8.25, 4.5], "texture": "#0"}
			}
		},
		{
			"from": [15, 3, 6],
			"to": [16, 4, 11],
			"rotation": {"angle": 0, "axis": "y", "origin": [8.5, 3.5, 8.5]},
			"faces": {
				"north": {"uv": [9, 5.5, 9.25, 5.75], "rotation": 180, "texture": "#0"},
				"east": {"uv": [6.75, 5, 8, 5.25], "rotation": 180, "texture": "#0"},
				"south": {"uv": [5.5, 9, 5.75, 9.25], "rotation": 180, "texture": "#0"},
				"west": {"uv": [6.5, 6.75, 7.75, 7], "rotation": 180, "texture": "#0"},
				"up": {"uv": [1.5, 7, 1.25, 8.25], "texture": "#0"},
				"down": {"uv": [1.25, 8.25, 1, 7], "texture": "#0"}
			}
		},
		{
			"from": [11, 3, 14],
			"to": [13, 4, 15],
			"rotation": {"angle": 0, "axis": "y", "origin": [8.5, 3.5, 8.5]},
			"faces": {
				"north": {"uv": [8.5, 3, 9, 3.25], "rotation": 180, "texture": "#0"},
				"east": {"uv": [5.25, 9, 5.5, 9.25], "rotation": 180, "texture": "#0"},
				"south": {"uv": [2.5, 8.5, 3, 8.75], "rotation": 180, "texture": "#0"},
				"west": {"uv": [9, 5.25, 9.25, 5.5], "rotation": 180, "texture": "#0"},
				"up": {"uv": [4, 8.5, 3.5, 8.75], "texture": "#0"},
				"down": {"uv": [9, 3.5, 8.5, 3.25], "texture": "#0"}
			}
		},
		{
			"from": [13, 3, 13],
			"to": [14, 4, 14],
			"rotation": {"angle": 0, "axis": "y", "origin": [8.5, 3.5, 8.5]},
			"faces": {
				"north": {"uv": [4.75, 9, 5, 9.25], "rotation": 180, "texture": "#0"},
				"east": {"uv": [9, 4.5, 9.25, 4.75], "rotation": 180, "texture": "#0"},
				"south": {"uv": [4.5, 9, 4.75, 9.25], "rotation": 180, "texture": "#0"},
				"west": {"uv": [9, 4.75, 9.25, 5], "rotation": 180, "texture": "#0"},
				"up": {"uv": [9.25, 5, 9, 5.25], "texture": "#0"},
				"down": {"uv": [5.25, 9.25, 5, 9], "texture": "#0"}
			}
		},
		{
			"from": [14, 3, 11],
			"to": [15, 4, 13],
			"rotation": {"angle": 0, "axis": "y", "origin": [8.5, 3.5, 8.5]},
			"faces": {
				"north": {"uv": [9, 4.25, 9.25, 4.5], "rotation": 180, "texture": "#0"},
				"east": {"uv": [1, 8.5, 1.5, 8.75], "rotation": 180, "texture": "#0"},
				"south": {"uv": [4.25, 9, 4.5, 9.25], "rotation": 180, "texture": "#0"},
				"west": {"uv": [1.5, 8.5, 2, 8.75], "rotation": 180, "texture": "#0"},
				"up": {"uv": [2.5, 8.5, 2.25, 9], "texture": "#0"},
				"down": {"uv": [2.25, 9, 2, 8.5], "texture": "#0"}
			}
		},
		{
			"from": [14, 3, 4],
			"to": [15, 4, 6],
			"rotation": {"angle": 0, "axis": "y", "origin": [8.5, 3.5, 8.5]},
			"faces": {
				"north": {"uv": [9, 4, 9.25, 4.25], "rotation": 180, "texture": "#0"},
				"east": {"uv": [7.75, 8.25, 8.25, 8.5], "rotation": 180, "texture": "#0"},
				"south": {"uv": [4, 9, 4.25, 9.25], "rotation": 180, "texture": "#0"},
				"west": {"uv": [8.25, 8.25, 8.75, 8.5], "rotation": 180, "texture": "#0"},
				"up": {"uv": [6, 8.25, 5.75, 8.75], "texture": "#0"},
				"down": {"uv": [4.75, 8.75, 4.5, 8.25], "texture": "#0"}
			}
		},
		{
			"from": [13, 3, 3],
			"to": [14, 4, 4],
			"rotation": {"angle": 0, "axis": "y", "origin": [8.5, 3.5, 8.5]},
			"faces": {
				"north": {"uv": [3.5, 9, 3.75, 9.25], "rotation": 180, "texture": "#0"},
				"east": {"uv": [9, 3.25, 9.25, 3.5], "rotation": 180, "texture": "#0"},
				"south": {"uv": [3.25, 9, 3.5, 9.25], "rotation": 180, "texture": "#0"},
				"west": {"uv": [9, 3.5, 9.25, 3.75], "rotation": 180, "texture": "#0"},
				"up": {"uv": [9.25, 3.75, 9, 4], "texture": "#0"},
				"down": {"uv": [4, 9.25, 3.75, 9], "texture": "#0"}
			}
		},
		{
			"from": [11, 3, 2],
			"to": [13, 4, 3],
			"rotation": {"angle": 0, "axis": "y", "origin": [8.5, 3.5, 8.5]},
			"faces": {
				"north": {"uv": [8.25, 7, 8.75, 7.25], "rotation": 180, "texture": "#0"},
				"east": {"uv": [3, 9, 3.25, 9.25], "rotation": 180, "texture": "#0"},
				"south": {"uv": [6.75, 8.25, 7.25, 8.5], "rotation": 180, "texture": "#0"},
				"west": {"uv": [9, 3, 9.25, 3.25], "rotation": 180, "texture": "#0"},
				"up": {"uv": [8.75, 7.25, 8.25, 7.5], "texture": "#0"},
				"down": {"uv": [7.75, 8.5, 7.25, 8.25], "texture": "#0"}
			}
		},
		{
			"from": [6, 3, 1],
			"to": [11, 4, 2],
			"rotation": {"angle": 0, "axis": "y", "origin": [8.5, 3.5, 8.5]},
			"faces": {
				"north": {"uv": [2.25, 6.75, 3.5, 7], "rotation": 180, "texture": "#0"},
				"east": {"uv": [0, 9, 0.25, 9.25], "rotation": 180, "texture": "#0"},
				"south": {"uv": [1, 6.75, 2.25, 7], "rotation": 180, "texture": "#0"},
				"west": {"uv": [9, 0, 9.25, 0.25], "rotation": 180, "texture": "#0"},
				"up": {"uv": [8, 4.5, 6.75, 4.75], "texture": "#0"},
				"down": {"uv": [4.75, 7, 3.5, 6.75], "texture": "#0"}
			}
		},
		{
			"from": [6, 3, 5],
			"to": [11, 4, 6],
			"rotation": {"angle": 0, "axis": "y", "origin": [8.5, 3.5, 8.5]},
			"faces": {
				"north": {"uv": [7.5, 1.5, 8.75, 1.75], "rotation": 180, "texture": "#0"},
				"east": {"uv": [8.75, 9, 9, 9.25], "rotation": 180, "texture": "#0"},
				"south": {"uv": [1.5, 7.5, 2.75, 7.75], "rotation": 180, "texture": "#0"},
				"west": {"uv": [9, 8.75, 9.25, 9], "rotation": 180, "texture": "#0"},
				"up": {"uv": [4, 7.5, 2.75, 7.75], "texture": "#0"},
				"down": {"uv": [8.75, 2, 7.5, 1.75], "texture": "#0"}
			}
		},
		{
			"from": [6, 3, 11],
			"to": [11, 4, 12],
			"rotation": {"angle": 0, "axis": "y", "origin": [8.5, 3.5, 8.5]},
			"faces": {
				"north": {"uv": [2.25, 5.25, 3.5, 5.5], "rotation": 180, "texture": "#0"},
				"east": {"uv": [1, 6.5, 1.25, 6.75], "rotation": 180, "texture": "#0"},
				"south": {"uv": [5.25, 2, 6.5, 2.25], "rotation": 180, "texture": "#0"},
				"west": {"uv": [8.5, 8.5, 8.75, 8.75], "rotation": 180, "texture": "#0"},
				"up": {"uv": [6.5, 2.5, 5.25, 2.75], "texture": "#0"},
				"down": {"uv": [6.5, 2.5, 5.25, 2.25], "texture": "#0"}
			}
		},
		{
			"from": [6, 2, 2],
			"to": [11, 3, 3],
			"rotation": {"angle": 0, "axis": "y", "origin": [8.5, 3.5, 8.5]},
			"faces": {
				"north": {"uv": [7.5, 0.75, 8.75, 1], "rotation": 180, "texture": "#0"},
				"east": {"uv": [8.5, 9, 8.75, 9.25], "rotation": 180, "texture": "#0"},
				"south": {"uv": [7.5, 0.5, 8.75, 0.75], "rotation": 180, "texture": "#0"},
				"west": {"uv": [9, 8.5, 9.25, 8.75], "rotation": 180, "texture": "#0"},
				"up": {"uv": [8.75, 1.25, 7.5, 1.5], "texture": "#0"},
				"down": {"uv": [8.75, 1.25, 7.5, 1], "texture": "#0"}
			}
		},
		{
			"from": [4, 2, 3],
			"to": [13, 3, 4],
			"rotation": {"angle": 0, "axis": "y", "origin": [8.5, 3.5, 8.5]},
			"faces": {
				"north": {"uv": [5.25, 1.25, 7.5, 1.5], "rotation": 180, "texture": "#0"},
				"east": {"uv": [8.25, 9, 8.5, 9.25], "rotation": 180, "texture": "#0"},
				"south": {"uv": [5.25, 1, 7.5, 1.25], "rotation": 180, "texture": "#0"},
				"west": {"uv": [9, 8.25, 9.25, 8.5], "rotation": 180, "texture": "#0"},
				"up": {"uv": [7.5, 1.75, 5.25, 2], "texture": "#0"},
				"down": {"uv": [7.5, 1.75, 5.25, 1.5], "texture": "#0"}
			}
		},
		{
			"from": [6, 2, 4],
			"to": [11, 3, 5],
			"rotation": {"angle": 0, "axis": "y", "origin": [8.5, 3.5, 8.5]},
			"faces": {
				"north": {"uv": [6.75, 7.25, 8, 7.5], "rotation": 180, "texture": "#0"},
				"east": {"uv": [8, 9, 8.25, 9.25], "rotation": 180, "texture": "#0"},
				"south": {"uv": [7.25, 6.5, 8.5, 6.75], "rotation": 180, "texture": "#0"},
				"west": {"uv": [9, 8, 9.25, 8.25], "rotation": 180, "texture": "#0"},
				"up": {"uv": [8.75, 0.25, 7.5, 0.5], "texture": "#0"},
				"down": {"uv": [8.75, 0.25, 7.5, 0], "texture": "#0"}
			}
		},
		{
			"from": [11, 2, 4],
			"to": [12, 3, 6],
			"rotation": {"angle": 0, "axis": "y", "origin": [8.5, 3.5, 8.5]},
			"faces": {
				"north": {"uv": [9, 7.75, 9.25, 8], "rotation": 180, "texture": "#0"},
				"east": {"uv": [8.5, 7.5, 9, 7.75], "rotation": 180, "texture": "#0"},
				"south": {"uv": [7.75, 9, 8, 9.25], "rotation": 180, "texture": "#0"},
				"west": {"uv": [7.75, 8.5, 8.25, 8.75], "rotation": 180, "texture": "#0"},
				"up": {"uv": [8.5, 8.5, 8.25, 9], "texture": "#0"},
				"down": {"uv": [8.75, 8.25, 8.5, 7.75], "texture": "#0"}
			}
		},
		{
			"from": [12, 2, 4],
			"to": [14, 3, 13],
			"rotation": {"angle": 0, "axis": "y", "origin": [8.5, 3.5, 8.5]},
			"faces": {
				"north": {"uv": [7.25, 8.5, 7.75, 8.75], "rotation": 180, "texture": "#0"},
				"east": {"uv": [5.25, 0.5, 7.5, 0.75], "rotation": 180, "texture": "#0"},
				"south": {"uv": [8.5, 6.75, 9, 7], "rotation": 180, "texture": "#0"},
				"west": {"uv": [5.25, 0.75, 7.5, 1], "rotation": 180, "texture": "#0"},
				"up": {"uv": [3, 2.25, 2.5, 4.5], "texture": "#0"},
				"down": {"uv": [3, 2.25, 2.5, 0], "texture": "#0"}
			}
		},
		{
			"from": [14, 2, 6],
			"to": [15, 3, 11],
			"rotation": {"angle": 0, "axis": "y", "origin": [8.5, 3.5, 8.5]},
			"faces": {
				"north": {"uv": [9, 7.5, 9.25, 7.75], "rotation": 180, "texture": "#0"},
				"east": {"uv": [7.25, 6, 8.5, 6.25], "rotation": 180, "texture": "#0"},
				"south": {"uv": [7.5, 9, 7.75, 9.25], "rotation": 180, "texture": "#0"},
				"west": {"uv": [7.25, 6.25, 8.5, 6.5], "rotation": 180, "texture": "#0"},
				"up": {"uv": [6.75, 7.25, 6.5, 8.5], "texture": "#0"},
				"down": {"uv": [6, 8.25, 5.75, 7], "texture": "#0"}
			}
		},
		{
			"from": [5, 2, 4],
			"to": [6, 3, 6],
			"rotation": {"angle": 0, "axis": "y", "origin": [8.5, 3.5, 8.5]},
			"faces": {
				"north": {"uv": [9, 7.25, 9.25, 7.5], "rotation": 180, "texture": "#0"},
				"east": {"uv": [8.5, 6.25, 9, 6.5], "rotation": 180, "texture": "#0"},
				"south": {"uv": [7.25, 9, 7.5, 9.25], "rotation": 180, "texture": "#0"},
				"west": {"uv": [8.5, 6.5, 9, 6.75], "rotation": 180, "texture": "#0"},
				"up": {"uv": [7.25, 8.5, 7, 9], "texture": "#0"},
				"down": {"uv": [7, 9, 6.75, 8.5], "texture": "#0"}
			}
		},
		{
			"from": [3, 2, 4],
			"to": [5, 3, 13],
			"rotation": {"angle": 0, "axis": "y", "origin": [8.5, 3.5, 8.5]},
			"faces": {
				"north": {"uv": [6.25, 8.5, 6.75, 8.75], "rotation": 180, "texture": "#0"},
				"east": {"uv": [5.25, 0, 7.5, 0.25], "rotation": 180, "texture": "#0"},
				"south": {"uv": [8.5, 6, 9, 6.25], "rotation": 180, "texture": "#0"},
				"west": {"uv": [5.25, 0.25, 7.5, 0.5], "rotation": 180, "texture": "#0"},
				"up": {"uv": [2.5, 2.25, 2, 4.5], "texture": "#0"},
				"down": {"uv": [2, 4.5, 1.5, 2.25], "texture": "#0"}
			}
		},
		{
			"from": [2, 2, 6],
			"to": [3, 3, 11],
			"rotation": {"angle": 0, "axis": "y", "origin": [8.5, 3.5, 8.5]},
			"faces": {
				"north": {"uv": [9, 7, 9.25, 7.25], "rotation": 180, "texture": "#0"},
				"east": {"uv": [7.25, 5.5, 8.5, 5.75], "rotation": 180, "texture": "#0"},
				"south": {"uv": [7, 9, 7.25, 9.25], "rotation": 180, "texture": "#0"},
				"west": {"uv": [7.25, 5.75, 8.5, 6], "rotation": 180, "texture": "#0"},
				"up": {"uv": [5.75, 7, 5.5, 8.25], "texture": "#0"},
				"down": {"uv": [5.5, 8.25, 5.25, 7], "texture": "#0"}
			}
		},
		{
			"from": [4, 2, 13],
			"to": [13, 3, 14],
			"rotation": {"angle": 0, "axis": "y", "origin": [8.5, 3.5, 8.5]},
			"faces": {
				"north": {"uv": [2.25, 5, 4.5, 5.25], "rotation": 180, "texture": "#0"},
				"east": {"uv": [6.75, 9, 7, 9.25], "rotation": 180, "texture": "#0"},
				"south": {"uv": [0, 5, 2.25, 5.25], "rotation": 180, "texture": "#0"},
				"west": {"uv": [9, 6.75, 9.25, 7], "rotation": 180, "texture": "#0"},
				"up": {"uv": [2.25, 5.25, 0, 5.5], "texture": "#0"},
				"down": {"uv": [6.75, 5.25, 4.5, 5], "texture": "#0"}
			}
		},
		{
			"from": [6, 2, 12],
			"to": [11, 3, 13],
			"rotation": {"angle": 0, "axis": "y", "origin": [8.5, 3.5, 8.5]},
			"faces": {
				"north": {"uv": [2.75, 7.25, 4, 7.5], "rotation": 180, "texture": "#0"},
				"east": {"uv": [6.5, 9, 6.75, 9.25], "rotation": 180, "texture": "#0"},
				"south": {"uv": [1.5, 7.25, 2.75, 7.5], "rotation": 180, "texture": "#0"},
				"west": {"uv": [9, 6.5, 9.25, 6.75], "rotation": 180, "texture": "#0"},
				"up": {"uv": [8.5, 5.25, 7.25, 5.5], "texture": "#0"},
				"down": {"uv": [5.25, 7.5, 4, 7.25], "texture": "#0"}
			}
		},
		{
			"from": [5, 2, 11],
			"to": [6, 3, 13],
			"rotation": {"angle": 0, "axis": "y", "origin": [8.5, 3.5, 8.5]},
			"faces": {
				"north": {"uv": [9, 6.25, 9.25, 6.5], "rotation": 180, "texture": "#0"},
				"east": {"uv": [5.25, 8.5, 5.75, 8.75], "rotation": 180, "texture": "#0"},
				"south": {"uv": [6.25, 9, 6.5, 9.25], "rotation": 180, "texture": "#0"},
				"west": {"uv": [8.5, 5.25, 9, 5.5], "rotation": 180, "texture": "#0"},
				"up": {"uv": [6.25, 8.5, 6, 9], "texture": "#0"},
				"down": {"uv": [8.75, 6, 8.5, 5.5], "texture": "#0"}
			}
		},
		{
			"from": [11, 2, 11],
			"to": [12, 3, 13],
			"rotation": {"angle": 0, "axis": "y", "origin": [8.5, 3.5, 8.5]},
			"faces": {
				"north": {"uv": [9, 6, 9.25, 6.25], "rotation": 180, "texture": "#0"},
				"east": {"uv": [8.5, 4, 9, 4.25], "rotation": 180, "texture": "#0"},
				"south": {"uv": [6, 9, 6.25, 9.25], "rotation": 180, "texture": "#0"},
				"west": {"uv": [4.75, 8.5, 5.25, 8.75], "rotation": 180, "texture": "#0"},
				"up": {"uv": [8.75, 4.75, 8.5, 5.25], "texture": "#0"},
				"down": {"uv": [4.25, 9, 4, 8.5], "texture": "#0"}
			}
		},
		{
			"from": [6, 2, 14],
			"to": [11, 3, 15],
			"rotation": {"angle": 0, "axis": "y", "origin": [8.5, 3.5, 8.5]},
			"faces": {
				"north": {"uv": [2.75, 7, 4, 7.25], "rotation": 180, "texture": "#0"},
				"east": {"uv": [5.75, 9, 6, 9.25], "rotation": 180, "texture": "#0"},
				"south": {"uv": [1.5, 7, 2.75, 7.25], "rotation": 180, "texture": "#0"},
				"west": {"uv": [9, 5.75, 9.25, 6], "rotation": 180, "texture": "#0"},
				"up": {"uv": [7.75, 7, 6.5, 7.25], "texture": "#0"},
				"down": {"uv": [5.25, 7.25, 4, 7], "texture": "#0"}
			}
		},
		{
			"from": [6, 4, 14],
			"to": [11, 5, 15],
			"rotation": {"angle": 0, "axis": "y", "origin": [8.5, 9.5, 8.5]},
			"faces": {
				"north": {"uv": [7.5, 0.5, 8.75, 0.75], "texture": "#0"},
				"east": {"uv": [8.5, 9, 8.75, 9.25], "texture": "#0"},
				"south": {"uv": [7.5, 0.75, 8.75, 1], "texture": "#0"},
				"west": {"uv": [9, 8.5, 9.25, 8.75], "texture": "#0"},
				"up": {"uv": [8.75, 1.25, 7.5, 1], "texture": "#0"},
				"down": {"uv": [8.75, 1.25, 7.5, 1.5], "texture": "#0"}
			}
		},
		{
			"from": [4, 4, 13],
			"to": [13, 5, 14],
			"rotation": {"angle": 0, "axis": "y", "origin": [8.5, 9.5, 8.5]},
			"faces": {
				"north": {"uv": [5.25, 1, 7.5, 1.25], "texture": "#0"},
				"east": {"uv": [8.25, 9, 8.5, 9.25], "texture": "#0"},
				"south": {"uv": [5.25, 1.25, 7.5, 1.5], "texture": "#0"},
				"west": {"uv": [9, 8.25, 9.25, 8.5], "texture": "#0"},
				"up": {"uv": [7.5, 1.75, 5.25, 1.5], "texture": "#0"},
				"down": {"uv": [7.5, 1.75, 5.25, 2], "texture": "#0"}
			}
		},
		{
			"from": [6, 4, 12],
			"to": [11, 5, 13],
			"rotation": {"angle": 0, "axis": "y", "origin": [8.5, 9.5, 8.5]},
			"faces": {
				"north": {"uv": [7.25, 6.5, 8.5, 6.75], "texture": "#0"},
				"east": {"uv": [8, 9, 8.25, 9.25], "texture": "#0"},
				"south": {"uv": [6.75, 7.25, 8, 7.5], "texture": "#0"},
				"west": {"uv": [9, 8, 9.25, 8.25], "texture": "#0"},
				"up": {"uv": [8.75, 0.25, 7.5, 0], "texture": "#0"},
				"down": {"uv": [8.75, 0.25, 7.5, 0.5], "texture": "#0"}
			}
		},
		{
			"from": [5, 4, 11],
			"to": [6, 5, 13],
			"rotation": {"angle": 0, "axis": "y", "origin": [8.5, 9.5, 8.5]},
			"faces": {
				"north": {"uv": [7.25, 9, 7.5, 9.25], "texture": "#0"},
				"east": {"uv": [8.5, 6.25, 9, 6.5], "texture": "#0"},
				"south": {"uv": [9, 7.25, 9.25, 7.5], "texture": "#0"},
				"west": {"uv": [8.5, 6.5, 9, 6.75], "texture": "#0"},
				"up": {"uv": [7, 9, 6.75, 8.5], "texture": "#0"},
				"down": {"uv": [7.25, 8.5, 7, 9], "texture": "#0"}
			}
		},
		{
			"from": [12, 4, 4],
			"to": [14, 5, 13],
			"rotation": {"angle": 0, "axis": "y", "origin": [8.5, 9.5, 8.5]},
			"faces": {
				"north": {"uv": [8.5, 6.75, 9, 7], "texture": "#0"},
				"east": {"uv": [5.25, 0.5, 7.5, 0.75], "texture": "#0"},
				"south": {"uv": [7.25, 8.5, 7.75, 8.75], "texture": "#0"},
				"west": {"uv": [5.25, 0.75, 7.5, 1], "texture": "#0"},
				"up": {"uv": [3, 2.25, 2.5, 0], "texture": "#0"},
				"down": {"uv": [3, 2.25, 2.5, 4.5], "texture": "#0"}
			}
		},
		{
			"from": [11, 4, 11],
			"to": [12, 5, 13],
			"rotation": {"angle": 0, "axis": "y", "origin": [8.5, 9.5, 8.5]},
			"faces": {
				"north": {"uv": [7.75, 9, 8, 9.25], "texture": "#0"},
				"east": {"uv": [8.5, 7.5, 9, 7.75], "texture": "#0"},
				"south": {"uv": [9, 7.75, 9.25, 8], "texture": "#0"},
				"west": {"uv": [7.75, 8.5, 8.25, 8.75], "texture": "#0"},
				"up": {"uv": [8.75, 8.25, 8.5, 7.75], "texture": "#0"},
				"down": {"uv": [8.5, 8.5, 8.25, 9], "texture": "#0"}
			}
		},
		{
			"from": [14, 4, 6],
			"to": [15, 5, 11],
			"rotation": {"angle": 0, "axis": "y", "origin": [8.5, 9.5, 8.5]},
			"faces": {
				"north": {"uv": [7.5, 9, 7.75, 9.25], "texture": "#0"},
				"east": {"uv": [7.25, 6, 8.5, 6.25], "texture": "#0"},
				"south": {"uv": [9, 7.5, 9.25, 7.75], "texture": "#0"},
				"west": {"uv": [7.25, 6.25, 8.5, 6.5], "texture": "#0"},
				"up": {"uv": [6, 8.25, 5.75, 7], "texture": "#0"},
				"down": {"uv": [6.75, 7.25, 6.5, 8.5], "texture": "#0"}
			}
		},
		{
			"from": [11, 4, 4],
			"to": [12, 5, 6],
			"rotation": {"angle": 0, "axis": "y", "origin": [8.5, 9.5, 8.5]},
			"faces": {
				"north": {"uv": [6, 9, 6.25, 9.25], "texture": "#0"},
				"east": {"uv": [8.5, 4, 9, 4.25], "texture": "#0"},
				"south": {"uv": [9, 6, 9.25, 6.25], "texture": "#0"},
				"west": {"uv": [4.75, 8.5, 5.25, 8.75], "texture": "#0"},
				"up": {"uv": [4.25, 9, 4, 8.5], "texture": "#0"},
				"down": {"uv": [8.75, 4.75, 8.5, 5.25], "texture": "#0"}
			}
		},
		{
			"from": [6, 4, 4],
			"to": [11, 5, 5],
			"rotation": {"angle": 0, "axis": "y", "origin": [8.5, 9.5, 8.5]},
			"faces": {
				"north": {"uv": [1.5, 7.25, 2.75, 7.5], "texture": "#0"},
				"east": {"uv": [6.5, 9, 6.75, 9.25], "texture": "#0"},
				"south": {"uv": [2.75, 7.25, 4, 7.5], "texture": "#0"},
				"west": {"uv": [9, 6.5, 9.25, 6.75], "texture": "#0"},
				"up": {"uv": [5.25, 7.5, 4, 7.25], "texture": "#0"},
				"down": {"uv": [8.5, 5.25, 7.25, 5.5], "texture": "#0"}
			}
		},
		{
			"from": [4, 4, 3],
			"to": [13, 5, 4],
			"rotation": {"angle": 0, "axis": "y", "origin": [8.5, 9.5, 8.5]},
			"faces": {
				"north": {"uv": [0, 5, 2.25, 5.25], "texture": "#0"},
				"east": {"uv": [6.75, 9, 7, 9.25], "texture": "#0"},
				"south": {"uv": [2.25, 5, 4.5, 5.25], "texture": "#0"},
				"west": {"uv": [9, 6.75, 9.25, 7], "texture": "#0"},
				"up": {"uv": [6.75, 5.25, 4.5, 5], "texture": "#0"},
				"down": {"uv": [2.25, 5.25, 0, 5.5], "texture": "#0"}
			}
		},
		{
			"from": [6, 4, 2],
			"to": [11, 5, 3],
			"rotation": {"angle": 0, "axis": "y", "origin": [8.5, 9.5, 8.5]},
			"faces": {
				"north": {"uv": [1.5, 7, 2.75, 7.25], "texture": "#0"},
				"east": {"uv": [5.75, 9, 6, 9.25], "texture": "#0"},
				"south": {"uv": [2.75, 7, 4, 7.25], "texture": "#0"},
				"west": {"uv": [9, 5.75, 9.25, 6], "texture": "#0"},
				"up": {"uv": [5.25, 7.25, 4, 7], "texture": "#0"},
				"down": {"uv": [7.75, 7, 6.5, 7.25], "texture": "#0"}
			}
		},
		{
			"from": [5, 4, 4],
			"to": [6, 5, 6],
			"rotation": {"angle": 0, "axis": "y", "origin": [8.5, 9.5, 8.5]},
			"faces": {
				"north": {"uv": [6.25, 9, 6.5, 9.25], "texture": "#0"},
				"east": {"uv": [5.25, 8.5, 5.75, 8.75], "texture": "#0"},
				"south": {"uv": [9, 6.25, 9.25, 6.5], "texture": "#0"},
				"west": {"uv": [8.5, 5.25, 9, 5.5], "texture": "#0"},
				"up": {"uv": [8.75, 6, 8.5, 5.5], "texture": "#0"},
				"down": {"uv": [6.25, 8.5, 6, 9], "texture": "#0"}
			}
		},
		{
			"from": [3, 4, 4],
			"to": [5, 5, 13],
			"rotation": {"angle": 0, "axis": "y", "origin": [8.5, 9.5, 8.5]},
			"faces": {
				"north": {"uv": [8.5, 6, 9, 6.25], "texture": "#0"},
				"east": {"uv": [5.25, 0, 7.5, 0.25], "texture": "#0"},
				"south": {"uv": [6.25, 8.5, 6.75, 8.75], "texture": "#0"},
				"west": {"uv": [5.25, 0.25, 7.5, 0.5], "texture": "#0"},
				"up": {"uv": [2, 4.5, 1.5, 2.25], "texture": "#0"},
				"down": {"uv": [2.5, 2.25, 2, 4.5], "texture": "#0"}
			}
		},
		{
			"from": [2, 4, 6],
			"to": [3, 5, 11],
			"rotation": {"angle": 0, "axis": "y", "origin": [8.5, 9.5, 8.5]},
			"faces": {
				"north": {"uv": [7, 9, 7.25, 9.25], "texture": "#0"},
				"east": {"uv": [7.25, 5.5, 8.5, 5.75], "texture": "#0"},
				"south": {"uv": [9, 7, 9.25, 7.25], "texture": "#0"},
				"west": {"uv": [7.25, 5.75, 8.5, 6], "texture": "#0"},
				"up": {"uv": [5.5, 8.25, 5.25, 7], "texture": "#0"},
				"down": {"uv": [5.75, 7, 5.5, 8.25], "texture": "#0"}
			}
		}
	],
	"gui_light": "front",
	"display": {
		"thirdperson_righthand": {
			"rotation": [90, 0, 90],
			"translation": [-3, -1, -1.75],
			"scale": [0.65, 0.65, 0.65]
		},
		"thirdperson_lefthand": {
			"rotation": [90, 0, 90],
			"translation": [-3, -1, -1.75],
			"scale": [0.65, 0.65, 0.65]
		},
		"firstperson_righthand": {
			"rotation": [78, 15, 0],
			"translation": [2.75, 0.25, 2.75],
			"scale": [0.8, 0.8, 0.8]
		},
		"firstperson_lefthand": {
			"rotation": [78, 15, 0],
			"translation": [2.75, 0.25, 2.75],
			"scale": [0.8, 0.8, 0.8]
		},
		"ground": {
			"rotation": [90, 0, 0],
			"translation": [0, 2.5, 0]
		},
		"gui": {
			"rotation": [90, 0, 0],
			"translation": [-0.5, 0.25, 0],
			"scale": [0.8, 0.8, 0.8]
		},
		"fixed": {
			"rotation": [90, 0, 0],
			"translation": [0, 0, 2.75]
		}
	}
}