{
	"credit": "Made with Blockbench",
	"texture_size": [32, 32],
	"textures": {
		"0": "item/custom/woodpecker",
		"particle": "item/custom/woodpecker"
	},
	"elements": [
		{
			"from": [6, 3, 7],
			"to": [10, 8, 9],
			"faces": {
				"north": {"uv": [0, 0, 2, 2.5], "texture": "#0"},
				"east": {"uv": [4, 5, 5, 7.5], "texture": "#0"},
				"south": {"uv": [2, 0, 4, 2.5], "texture": "#0"},
				"west": {"uv": [5, 5, 6, 7.5], "texture": "#0"},
				"up": {"uv": [3.5, 8.5, 1.5, 7.5], "texture": "#0"},
				"down": {"uv": [5.5, 7.5, 3.5, 8.5], "texture": "#0"}
			}
		},
		{
			"from": [6.01, -6.99, 8.01],
			"to": [9.99, -2.01, 9.99],
			"rotation": {"angle": -45, "axis": "x", "origin": [0, 0, 0]},
			"faces": {
				"north": {"uv": [0, 2.5, 2, 5], "texture": "#0"},
				"east": {"uv": [6, 0, 7, 2.5], "texture": "#0"},
				"south": {"uv": [2, 2.5, 4, 5], "texture": "#0"},
				"west": {"uv": [6, 2.5, 7, 5], "texture": "#0"},
				"up": {"uv": [9.5, 5.5, 7.5, 4.5], "texture": "#0"},
				"down": {"uv": [9.5, 5.5, 7.5, 6.5], "texture": "#0"}
			}
		},
		{
			"from": [5.98, -1.99, 8.01],
			"to": [5.96, 2.99, 11.99],
			"rotation": {"angle": -22.5, "axis": "x", "origin": [0, 0, 0]},
			"faces": {
				"north": {"uv": [0, 0, 0, 2.5], "texture": "#0"},
				"east": {"uv": [4, 0, 6, 2.5], "texture": "#0"},
				"south": {"uv": [0, 0, 0, 2.5], "texture": "#0"},
				"west": {"uv": [4, 2.5, 6, 5], "texture": "#0"},
				"up": {"uv": [0, 2, 0, 0], "texture": "#0"},
				"down": {"uv": [0, 0, 0, 2], "texture": "#0"}
			}
		},
		{
			"from": [10.04, -1.99, 8.01],
			"to": [10.02, 2.99, 11.99],
			"rotation": {"angle": -22.5, "axis": "x", "origin": [0, 0, 0]},
			"faces": {
				"north": {"uv": [0, 0, 0, 2.5], "texture": "#0"},
				"east": {"uv": [0, 5, 2, 7.5], "texture": "#0"},
				"south": {"uv": [0, 0, 0, 2.5], "texture": "#0"},
				"west": {"uv": [2, 5, 4, 7.5], "texture": "#0"},
				"up": {"uv": [0, 2, 0, 0], "texture": "#0"},
				"down": {"uv": [0, 0, 0, 2], "texture": "#0"}
			}
		},
		{
			"from": [6.5, 8, 6.3],
			"to": [9.5, 11, 9.3],
			"faces": {
				"north": {"uv": [6, 5, 7.5, 6.5], "texture": "#0"},
				"east": {"uv": [6, 6.5, 7.5, 8], "texture": "#0"},
				"south": {"uv": [7, 0, 8.5, 1.5], "texture": "#0"},
				"west": {"uv": [7, 1.5, 8.5, 3], "texture": "#0"},
				"up": {"uv": [8.5, 4.5, 7, 3], "texture": "#0"},
				"down": {"uv": [1.5, 7.5, 0, 9], "texture": "#0"}
			}
		},
		{
			"from": [8, 1.6, 13],
			"to": [8, 3.6, 16],
			"rotation": {"angle": -45, "axis": "x", "origin": [0, 0, -0.4]},
			"faces": {
				"north": {"uv": [0, 0, 0, 1], "texture": "#0"},
				"east": {"uv": [7.5, 6.5, 9, 7.5], "texture": "#0"},
				"south": {"uv": [0, 0, 0, 1], "texture": "#0"},
				"west": {"uv": [7.5, 7.5, 9, 8.5], "texture": "#0"},
				"up": {"uv": [0, 1.5, 0, 0], "texture": "#0"},
				"down": {"uv": [0, 0, 0, 1.5], "texture": "#0"}
			}
		},
		{
			"from": [4.6, 11, 9.4],
			"to": [4.6, 13, 12.4],
			"rotation": {"angle": 22.5, "axis": "y", "origin": [0, 0, -0.4]},
			"faces": {
				"north": {"uv": [0, 0, 0, 1], "texture": "#0"},
				"east": {"uv": [7.5, 6.5, 9, 7.5], "texture": "#0"},
				"south": {"uv": [0, 0, 0, 1], "texture": "#0"},
				"west": {"uv": [7.5, 7.5, 9, 8.5], "texture": "#0"},
				"up": {"uv": [0, 1.5, 0, 0], "texture": "#0"},
				"down": {"uv": [0, 0, 0, 1.5], "texture": "#0"}
			}
		},
		{
			"from": [0.5, 11, 10.4],
			"to": [0.5, 13, 13.4],
			"rotation": {"angle": 45, "axis": "y", "origin": [0, 0, -0.4]},
			"faces": {
				"north": {"uv": [0, 0, 0, 1], "texture": "#0"},
				"east": {"uv": [7.5, 6.5, 9, 7.5], "texture": "#0"},
				"south": {"uv": [0, 0, 0, 1], "texture": "#0"},
				"west": {"uv": [7.5, 7.5, 9, 8.5], "texture": "#0"},
				"up": {"uv": [0, 1.5, 0, 0], "texture": "#0"},
				"down": {"uv": [0, 0, 0, 1.5], "texture": "#0"}
			}
		},
		{
			"from": [15.5, 11, 10.4],
			"to": [15.5, 13, 13.4],
			"rotation": {"angle": -45, "axis": "y", "origin": [16, 0, -0.4]},
			"faces": {
				"north": {"uv": [0, 0, 0, 1], "texture": "#0"},
				"east": {"uv": [9, 7.5, 7.5, 8.5], "texture": "#0"},
				"south": {"uv": [0, 0, 0, 1], "texture": "#0"},
				"west": {"uv": [9, 6.5, 7.5, 7.5], "texture": "#0"},
				"up": {"uv": [0, 1.5, 0, 0], "texture": "#0"},
				"down": {"uv": [0, 0, 0, 1.5], "texture": "#0"}
			}
		},
		{
			"from": [11.4, 11, 9.4],
			"to": [11.4, 13, 12.4],
			"rotation": {"angle": -22.5, "axis": "y", "origin": [16, 0, -0.4]},
			"faces": {
				"north": {"uv": [0, 0, 0, 1], "texture": "#0"},
				"east": {"uv": [9, 7.5, 7.5, 8.5], "texture": "#0"},
				"south": {"uv": [0, 0, 0, 1], "texture": "#0"},
				"west": {"uv": [9, 6.5, 7.5, 7.5], "texture": "#0"},
				"up": {"uv": [0, 1.5, 0, 0], "texture": "#0"},
				"down": {"uv": [0, 0, 0, 1.5], "texture": "#0"}
			}
		},
		{
			"from": [7.5, 8.5, 3.3],
			"to": [8.5, 9.5, 6.3],
			"faces": {
				"north": {"uv": [7, 4.5, 7.5, 5], "texture": "#0"},
				"east": {"uv": [5.5, 8, 7, 8.5], "texture": "#0"},
				"south": {"uv": [5.5, 7.5, 6, 8], "texture": "#0"},
				"west": {"uv": [8.5, 0, 10, 0.5], "texture": "#0"},
				"up": {"uv": [7.5, 9.5, 7, 8], "texture": "#0"},
				"down": {"uv": [9, 0.5, 8.5, 2], "texture": "#0"}
			}
		},
		{
			"from": [8.5, 0, 7],
			"to": [9.5, 0, 8],
			"faces": {
				"north": {"uv": [0, 0, 0.5, 0], "texture": "#0"},
				"east": {"uv": [0, 0, 0.5, 0], "texture": "#0"},
				"south": {"uv": [0, 0, 0.5, 0], "texture": "#0"},
				"west": {"uv": [0, 0, 0.5, 0], "texture": "#0"},
				"up": {"uv": [3.5, 9, 3, 8.5], "texture": "#0"},
				"down": {"uv": [4, 8.5, 3.5, 9], "texture": "#0"}
			}
		},
		{
			"from": [8.5, 0, 8],
			"to": [9.5, 3, 8],
			"faces": {
				"north": {"uv": [1.5, 8.5, 2, 10], "texture": "#0"},
				"east": {"uv": [0, 0, 0, 1.5], "texture": "#0"},
				"south": {"uv": [2, 8.5, 2.5, 10], "texture": "#0"},
				"west": {"uv": [0, 0, 0, 1.5], "texture": "#0"},
				"up": {"uv": [0.5, 0, 0, 0], "texture": "#0"},
				"down": {"uv": [0.5, 0, 0, 0], "texture": "#0"}
			}
		},
		{
			"from": [6.5, 0, 7],
			"to": [7.5, 0, 8],
			"faces": {
				"north": {"uv": [0, 0, 0.5, 0], "texture": "#0"},
				"east": {"uv": [0, 0, 0.5, 0], "texture": "#0"},
				"south": {"uv": [0, 0, 0.5, 0], "texture": "#0"},
				"west": {"uv": [0, 0, 0.5, 0], "texture": "#0"},
				"up": {"uv": [9, 4, 8.5, 3.5], "texture": "#0"},
				"down": {"uv": [4.5, 8.5, 4, 9], "texture": "#0"}
			}
		},
		{
			"from": [6.5, 0, 8],
			"to": [7.5, 3, 8],
			"faces": {
				"north": {"uv": [8.5, 2, 9, 3.5], "texture": "#0"},
				"east": {"uv": [0, 0, 0, 1.5], "texture": "#0"},
				"south": {"uv": [2.5, 8.5, 3, 10], "texture": "#0"},
				"west": {"uv": [0, 0, 0, 1.5], "texture": "#0"},
				"up": {"uv": [0.5, 0, 0, 0], "texture": "#0"},
				"down": {"uv": [0.5, 0, 0, 0], "texture": "#0"}
			}
		}
	],
	"gui_light": "front",
	"display": {
		"thirdperson_righthand": {
			"rotation": [46, 0, 0],
			"translation": [0, 2.25, 1.5],
			"scale": [1.2, 1.2, 1.2]
		},
		"thirdperson_lefthand": {
			"rotation": [46, 0, 0],
			"translation": [0, 2.25, 1.5],
			"scale": [1.2, 1.2, 1.2]
		},
		"firstperson_righthand": {
			"rotation": [16, 14, 0],
			"translation": [0, 5, 2]
		},
		"firstperson_lefthand": {
			"rotation": [16, 14, 0],
			"translation": [0, 5, 2]
		},
		"ground": {
			"translation": [0, 11.75, 0],
			"scale": [2, 2, 2]
		},
		"gui": {
			"rotation": [29, 153, 0],
			"translation": [0, 1.25, 0]
		},
		"head": {
			"translation": [0, 13.75, 0]
		},
		"fixed": {
			"rotation": [-90, 0, 0],
			"translation": [0, 0, -24],
			"scale": [3, 3, 3]
		}
	}
}