{
	"credit": "Made with Blockbench",
	"texture_size": [64, 64],
	"textures": {
		"0": "item/custom/zenith",
		"particle": "item/custom/zenith"
	},
	"elements": [
		{
			"from": [6.5, -11, 6.5],
			"to": [9.5, -8, 9.5],
			"rotation": {"angle": -45, "axis": "z", "origin": [8, -9.5, 8]},
			"faces": {
				"north": {"uv": [3, 6.75, 3.75, 7.5], "texture": "#0"},
				"east": {"uv": [3.75, 6.75, 4.5, 7.5], "texture": "#0"},
				"south": {"uv": [6.75, 4.25, 7.5, 5], "texture": "#0"},
				"west": {"uv": [6.75, 6.25, 7.5, 7], "texture": "#0"},
				"up": {"uv": [7.75, 0.75, 7, 0], "texture": "#0"},
				"down": {"uv": [5.25, 7, 4.5, 7.75], "texture": "#0"}
			}
		},
		{
			"from": [8, 1.04924, 7.5],
			"to": [13, 3.04924, 8.5],
			"rotation": {"angle": -45, "axis": "z", "origin": [12.5, 1.67462, 8]},
			"faces": {
				"north": {"uv": [6.25, 2.75, 7.5, 3.25], "texture": "#0"},
				"east": {"uv": [7.5, 4.5, 7.75, 5], "texture": "#0"},
				"south": {"uv": [6.25, 3.25, 7.5, 3.75], "texture": "#0"},
				"west": {"uv": [6.25, 7.5, 6.5, 8], "texture": "#0"},
				"up": {"uv": [1.75, 7.5, 0.5, 7.25], "texture": "#0"},
				"down": {"uv": [8.5, 2, 7.25, 2.25], "texture": "#0"}
			}
		},
		{
			"from": [7, 3.04924, 7.5],
			"to": [11, 4.04924, 8.5],
			"rotation": {"angle": -45, "axis": "z", "origin": [12.5, 1.67462, 8]},
			"faces": {
				"north": {"uv": [7.5, 2.75, 8.5, 3], "texture": "#0"},
				"east": {"uv": [4.5, 2.25, 4.75, 2.5], "texture": "#0"},
				"south": {"uv": [3, 7.5, 4, 7.75], "texture": "#0"},
				"west": {"uv": [4.75, 2.25, 5, 2.5], "texture": "#0"},
				"up": {"uv": [8.5, 3.25, 7.5, 3], "texture": "#0"},
				"down": {"uv": [8.5, 3.25, 7.5, 3.5], "texture": "#0"}
			}
		},
		{
			"from": [10.60926, 6.55495, 7.5],
			"to": [11.60926, 9.55495, 8.5],
			"rotation": {"angle": 22.5, "axis": "z", "origin": [11.20926, 7.45495, 8]},
			"faces": {
				"north": {"uv": [2.25, 7.25, 2.5, 8], "texture": "#0"},
				"east": {"uv": [1, 7.5, 1.25, 8.25], "texture": "#0"},
				"south": {"uv": [1.25, 7.5, 1.5, 8.25], "texture": "#0"},
				"west": {"uv": [1.5, 7.5, 1.75, 8.25], "texture": "#0"},
				"up": {"uv": [5.25, 6, 5, 5.75], "texture": "#0"},
				"down": {"uv": [5.5, 5.75, 5.25, 6], "texture": "#0"}
			}
		},
		{
			"from": [3, 1.04924, 7.5],
			"to": [8, 3.04924, 8.5],
			"rotation": {"angle": 45, "axis": "z", "origin": [3.5, 1.67462, 8]},
			"faces": {
				"north": {"uv": [6.25, 3.75, 7.5, 4.25], "texture": "#0"},
				"east": {"uv": [7.5, 6.25, 7.75, 6.75], "texture": "#0"},
				"south": {"uv": [6.5, 1.25, 7.75, 1.75], "texture": "#0"},
				"west": {"uv": [6.5, 7.5, 6.75, 8], "texture": "#0"},
				"up": {"uv": [8.5, 2.5, 7.25, 2.25], "texture": "#0"},
				"down": {"uv": [8.5, 2.5, 7.25, 2.75], "texture": "#0"}
			}
		},
		{
			"from": [5, 3.04924, 7.5],
			"to": [9, 4.04924, 8.5],
			"rotation": {"angle": 45, "axis": "z", "origin": [3.5, 1.67462, 8]},
			"faces": {
				"north": {"uv": [7.5, 3.5, 8.5, 3.75], "texture": "#0"},
				"east": {"uv": [6.5, 4.25, 6.75, 4.5], "texture": "#0"},
				"south": {"uv": [7.5, 3.75, 8.5, 4], "texture": "#0"},
				"west": {"uv": [6.75, 7.5, 7, 7.75], "texture": "#0"},
				"up": {"uv": [8.5, 4.25, 7.5, 4], "texture": "#0"},
				"down": {"uv": [8.5, 4.25, 7.5, 4.5], "texture": "#0"}
			}
		},
		{
			"from": [4.39074, 6.55495, 7.5],
			"to": [5.39074, 9.55495, 8.5],
			"rotation": {"angle": -22.5, "axis": "z", "origin": [4.79074, 7.45495, 8]},
			"faces": {
				"north": {"uv": [4, 7.5, 4.25, 8.25], "texture": "#0"},
				"east": {"uv": [4.25, 7.5, 4.5, 8.25], "texture": "#0"},
				"south": {"uv": [5.75, 7.5, 6, 8.25], "texture": "#0"},
				"west": {"uv": [6, 7.5, 6.25, 8.25], "texture": "#0"},
				"up": {"uv": [6, 6.25, 5.75, 6], "texture": "#0"},
				"down": {"uv": [6.5, 4.25, 6.25, 4.5], "texture": "#0"}
			}
		},
		{
			"from": [0.5, -6, 6.5],
			"to": [4.5, -2, 9.5],
			"rotation": {"angle": -45, "axis": "z", "origin": [8, -9.5, 8]},
			"faces": {
				"north": {"uv": [5.5, 0, 6.5, 1], "texture": "#0"},
				"east": {"uv": [6, 4.5, 6.75, 5.5], "texture": "#0"},
				"south": {"uv": [5.5, 1, 6.5, 2], "texture": "#0"},
				"west": {"uv": [5, 6, 5.75, 7], "texture": "#0"},
				"up": {"uv": [7, 6.25, 6, 5.5], "texture": "#0"},
				"down": {"uv": [7.25, 2, 6.25, 2.75], "texture": "#0"}
			}
		},
		{
			"from": [-2.5, -8, 7],
			"to": [1.5, -3, 9],
			"rotation": {"angle": -45, "axis": "z", "origin": [8, -9.5, 8]},
			"faces": {
				"north": {"uv": [3, 2.5, 4, 4], "texture": "#0"},
				"east": {"uv": [0.5, 5.75, 1, 7.25], "texture": "#0"},
				"south": {"uv": [4, 2.5, 5, 4], "texture": "#0"},
				"west": {"uv": [1, 5.75, 1.5, 7.25], "texture": "#0"},
				"up": {"uv": [7.75, 5.5, 6.75, 5], "texture": "#0"},
				"down": {"uv": [8, 0.75, 7, 1.25], "texture": "#0"}
			}
		},
		{
			"from": [-1.5, -9, 6.5],
			"to": [0.5, -4, 9.5],
			"rotation": {"angle": -45, "axis": "z", "origin": [8, -9.5, 8]},
			"faces": {
				"north": {"uv": [2.5, 5.75, 3, 7], "texture": "#0"},
				"east": {"uv": [5.5, 2, 6.25, 3.25], "texture": "#0"},
				"south": {"uv": [5.75, 6.25, 6.25, 7.5], "texture": "#0"},
				"west": {"uv": [3, 5.5, 3.75, 6.75], "texture": "#0"},
				"up": {"uv": [5, 2.25, 4.5, 1.5], "texture": "#0"},
				"down": {"uv": [3, 7, 2.5, 7.75], "texture": "#0"}
			}
		},
		{
			"from": [15.5, -9, 6.5],
			"to": [17.5, -4, 9.5],
			"rotation": {"angle": 45, "axis": "z", "origin": [8, -9.5, 8]},
			"faces": {
				"north": {"uv": [6.25, 6.25, 6.75, 7.5], "texture": "#0"},
				"east": {"uv": [5.5, 3.25, 6.25, 4.5], "texture": "#0"},
				"south": {"uv": [6.5, 0, 7, 1.25], "texture": "#0"},
				"west": {"uv": [3.75, 5.5, 4.5, 6.75], "texture": "#0"},
				"up": {"uv": [5.75, 7.75, 5.25, 7], "texture": "#0"},
				"down": {"uv": [0.5, 7.25, 0, 8], "texture": "#0"}
			}
		},
		{
			"from": [14.5, -8, 7],
			"to": [18.5, -3, 9],
			"rotation": {"angle": 45, "axis": "z", "origin": [8, -9.5, 8]},
			"faces": {
				"north": {"uv": [3, 4, 4, 5.5], "texture": "#0"},
				"east": {"uv": [1.5, 5.75, 2, 7.25], "texture": "#0"},
				"south": {"uv": [4, 4, 5, 5.5], "texture": "#0"},
				"west": {"uv": [2, 5.75, 2.5, 7.25], "texture": "#0"},
				"up": {"uv": [8, 6, 7, 5.5], "texture": "#0"},
				"down": {"uv": [7.75, 7, 6.75, 7.5], "texture": "#0"}
			}
		},
		{
			"from": [7, -9, 7],
			"to": [9, -3, 9],
			"rotation": {"angle": 0, "axis": "y", "origin": [0, -11, 0]},
			"faces": {
				"north": {"uv": [4.5, 0, 5, 1.5], "texture": "#0"},
				"east": {"uv": [4.5, 5.5, 5, 7], "texture": "#0"},
				"south": {"uv": [5.5, 4.5, 6, 6], "texture": "#0"},
				"west": {"uv": [0, 5.75, 0.5, 7.25], "texture": "#0"},
				"up": {"uv": [2.25, 7.75, 1.75, 7.25], "texture": "#0"},
				"down": {"uv": [1, 7.5, 0.5, 8], "texture": "#0"}
			}
		},
		{
			"from": [5, 0, 7.45],
			"to": [11, 23, 8.55],
			"rotation": {"angle": 0, "axis": "y", "origin": [0, -11, -0.55]},
			"faces": {
				"north": {"uv": [0, 0, 1.5, 5.75], "texture": "#0"},
				"east": {"uv": [5, 0, 5.25, 5.75], "texture": "#0"},
				"south": {"uv": [1.5, 0, 3, 5.75], "texture": "#0"},
				"west": {"uv": [5.25, 0, 5.5, 5.75], "texture": "#0"},
				"up": {"uv": [8, 2, 6.5, 1.75], "texture": "#0"},
				"down": {"uv": [8.5, 6, 7, 6.25], "texture": "#0"}
			}
		},
		{
			"from": [5, 23, 8],
			"to": [11, 28, 8],
			"rotation": {"angle": 0, "axis": "y", "origin": [8, 25.5, 8]},
			"faces": {
				"north": {"uv": [3, 0, 4.5, 1.25], "texture": "#0"},
				"south": {"uv": [3, 1.25, 4.5, 2.5], "texture": "#0"}
			}
		}
	],
	"display": {
		"thirdperson_righthand": {
			"rotation": [0, 90, 0],
			"translation": [0, 9.25, 1],
			"scale": [0.8, 0.8, 0.8]
		},
		"thirdperson_lefthand": {
			"rotation": [0, 90, 0],
			"translation": [0, 9.25, 1],
			"scale": [0.8, 0.8, 0.8]
		},
		"firstperson_righthand": {
			"rotation": [20, -90, 0],
			"translation": [3, 3.75, 0],
			"scale": [0.45, 0.45, 0.45]
		},
		"firstperson_lefthand": {
			"rotation": [20, -90, 0],
			"translation": [3, 3.75, 0],
			"scale": [0.45, 0.45, 0.45]
		},
		"ground": {
			"rotation": [0, 0, 45],
			"translation": [0, 8, 0],
			"scale": [0.55, 0.55, 0.55]
		},
		"gui": {
			"rotation": [0, 0, -45],
			"scale": [0.55, 0.55, 0.55]
		},
		"fixed": {
			"rotation": [0, 0, 45],
			"scale": [0.65, 0.65, 0.65]
		}
	}
}