{
	"format_version": "1.21.6",
	"credit": "Made with Blockbench",
	"texture_size": [32, 32],
	"textures": {
		"0": "nodenium:item/deked_out/epic_magnet",
		"1": "nodenium:item/deked_out/epic_magnet_glow",
		"particle": "nodenium:item/deked_out/epic_magnet"
	},
	"elements": [
		{
			"from": [7, 4, 10],
			"to": [9, 12, 12],
			"rotation": {"angle": 0, "axis": "z", "origin": [8, 8, 9]},
			"faces": {
				"north": {"uv": [0, 0, 2, 8], "texture": "#0"},
				"east": {"uv": [2, 0, 4, 8], "texture": "#0"},
				"south": {"uv": [4, 0, 6, 8], "texture": "#0"},
				"west": {"uv": [6, 0, 8, 8], "texture": "#0"},
				"up": {"uv": [12, 12, 10, 10], "texture": "#0"},
				"down": {"uv": [2, 12, 0, 14], "texture": "#0"}
			}
		},
		{
			"from": [7, 10, 4],
			"to": [9, 12, 10],
			"rotation": {"angle": 0, "axis": "y", "origin": [8, 8, 9]},
			"faces": {
				"north": {"uv": [2, 12, 4, 14], "texture": "#0"},
				"east": {"uv": [0, 8, 6, 10], "texture": "#0"},
				"south": {"uv": [12, 2, 14, 4], "texture": "#0"},
				"west": {"uv": [8, 0, 14, 2], "texture": "#0"},
				"up": {"uv": [10, 8, 8, 2], "texture": "#0"},
				"down": {"uv": [8, 8, 6, 14], "texture": "#0"}
			}
		},
		{
			"from": [7, 4, 4],
			"to": [9, 6, 10],
			"rotation": {"angle": 0, "axis": "z", "origin": [8, 8, 9]},
			"faces": {
				"north": {"uv": [4, 12, 6, 14], "texture": "#0"},
				"east": {"uv": [8, 8, 14, 10], "texture": "#0"},
				"south": {"uv": [12, 4, 14, 6], "texture": "#0"},
				"west": {"uv": [0, 10, 6, 12], "texture": "#0"},
				"up": {"uv": [12, 8, 10, 2], "texture": "#0"},
				"down": {"uv": [10, 10, 8, 16], "texture": "#0"}
			}
		},
		{
			"from": [9.5, 3.501, 3.5],
			"to": [9.5, 6.501, 9.5],
			"rotation": {"angle": 0, "axis": "y", "origin": [10.5, 1.501, 10.5]},
			"faces": {
				"north": {"uv": [0, 0, 0, 1.5], "texture": "#1"},
				"south": {"uv": [0, 0, 0, 1.5], "texture": "#1"},
				"west": {"uv": [4.5, 4.5, 7.5, 6], "texture": "#1"},
				"up": {"uv": [0, 3, 0, 0], "texture": "#1"},
				"down": {"uv": [0, 0, 0, 3], "texture": "#1"}
			}
		},
		{
			"from": [6.5, 12.501, 3.5],
			"to": [9.5, 12.501, 12.5],
			"rotation": {"angle": 0, "axis": "y", "origin": [7.5, 10.501, 10.5]},
			"faces": {
				"north": {"uv": [0, 0, 1.5, 0], "texture": "#1"},
				"east": {"uv": [0, 0, 4.5, 0], "texture": "#1"},
				"south": {"uv": [0, 0, 1.5, 0], "texture": "#1"},
				"west": {"uv": [0, 0, 4.5, 0], "texture": "#1"},
				"down": {"uv": [3, 0, 1.5, 4.5], "texture": "#1"}
			}
		},
		{
			"from": [6.5, 3.501, 3.5],
			"to": [9.5, 3.501, 12.5],
			"rotation": {"angle": 0, "axis": "y", "origin": [7.5, 1.501, 10.5]},
			"faces": {
				"north": {"uv": [0, 0, 1.5, 0], "texture": "#1"},
				"east": {"uv": [0, 0, 4.5, 0], "texture": "#1"},
				"south": {"uv": [0, 0, 1.5, 0], "texture": "#1"},
				"west": {"uv": [0, 0, 4.5, 0], "texture": "#1"},
				"up": {"uv": [4.5, 4.5, 3, 0], "texture": "#1"},
				"down": {"uv": [1.5, 4.5, 0, 9], "texture": "#1"}
			}
		},
		{
			"from": [6.5, 6.501, 3.5],
			"to": [9.5, 6.501, 9.5],
			"rotation": {"angle": 0, "axis": "y", "origin": [7.5, 4.501, 10.5]},
			"faces": {
				"north": {"uv": [0, 0, 1.5, 0], "texture": "#1"},
				"east": {"uv": [0, 0, 3, 0], "texture": "#1"},
				"south": {"uv": [0, 0, 1.5, 0], "texture": "#1"},
				"west": {"uv": [0, 0, 3, 0], "texture": "#1"},
				"down": {"uv": [7.5, 0, 6, 3], "texture": "#1"}
			}
		},
		{
			"from": [6.5, 9.501, 3.5],
			"to": [9.5, 9.501, 9.5],
			"rotation": {"angle": 0, "axis": "y", "origin": [7.5, 7.501, 10.5]},
			"faces": {
				"north": {"uv": [0, 0, 1.5, 0], "texture": "#1"},
				"east": {"uv": [0, 0, 3, 0], "texture": "#1"},
				"south": {"uv": [0, 0, 1.5, 0], "texture": "#1"},
				"west": {"uv": [0, 0, 3, 0], "texture": "#1"},
				"up": {"uv": [6, 9, 4.5, 6], "texture": "#1"}
			}
		},
		{
			"from": [6.5, 9.501, 3.5],
			"to": [9.5, 12.501, 3.5],
			"rotation": {"angle": 0, "axis": "y", "origin": [7.5, 7.501, 10.5]},
			"faces": {
				"east": {"uv": [0, 0, 0, 1.5], "texture": "#1"},
				"south": {"uv": [7.5, 1.5, 9, 3], "texture": "#1"},
				"west": {"uv": [0, 0, 0, 1.5], "texture": "#1"},
				"up": {"uv": [1.5, 0, 0, 0], "texture": "#1"},
				"down": {"uv": [1.5, 0, 0, 0], "texture": "#1"}
			}
		},
		{
			"from": [6.5, 3.501, 3.5],
			"to": [9.5, 6.501, 3.5],
			"rotation": {"angle": 0, "axis": "y", "origin": [7.5, 1.501, 10.5]},
			"faces": {
				"east": {"uv": [0, 0, 0, 1.5], "texture": "#1"},
				"south": {"uv": [7.5, 4.5, 9, 6], "texture": "#1"},
				"west": {"uv": [0, 0, 0, 1.5], "texture": "#1"},
				"up": {"uv": [1.5, 0, 0, 0], "texture": "#1"},
				"down": {"uv": [1.5, 0, 0, 0], "texture": "#1"}
			}
		},
		{
			"from": [6.5, 9.501, 3.5],
			"to": [6.5, 12.501, 9.5],
			"rotation": {"angle": 0, "axis": "y", "origin": [7.5, 7.501, 10.5]},
			"faces": {
				"north": {"uv": [0, 0, 0, 1.5], "texture": "#1"},
				"east": {"uv": [6, 3, 9, 4.5], "texture": "#1"},
				"south": {"uv": [0, 0, 0, 1.5], "texture": "#1"},
				"up": {"uv": [0, 3, 0, 0], "texture": "#1"},
				"down": {"uv": [0, 0, 0, 3], "texture": "#1"}
			}
		},
		{
			"from": [6.5, 3.501, 3.5],
			"to": [6.5, 6.501, 9.5],
			"rotation": {"angle": 0, "axis": "y", "origin": [7.5, 1.501, 10.5]},
			"faces": {
				"north": {"uv": [0, 0, 0, 1.5], "texture": "#1"},
				"east": {"uv": [6, 6, 9, 7.5], "texture": "#1"},
				"south": {"uv": [0, 0, 0, 1.5], "texture": "#1"},
				"up": {"uv": [0, 3, 0, 0], "texture": "#1"},
				"down": {"uv": [0, 0, 0, 3], "texture": "#1"}
			}
		},
		{
			"from": [6.5, 3.501, 9.5],
			"to": [6.5, 12.501, 12.5],
			"rotation": {"angle": 0, "axis": "y", "origin": [7.5, 1.501, 10.5]},
			"faces": {
				"north": {"uv": [0, 0, 0, 4.5], "texture": "#1"},
				"east": {"uv": [4.5, 0, 6, 4.5], "texture": "#1"},
				"south": {"uv": [0, 0, 0, 4.5], "texture": "#1"},
				"up": {"uv": [0, 1.5, 0, 0], "texture": "#1"},
				"down": {"uv": [0, 0, 0, 1.5], "texture": "#1"}
			}
		},
		{
			"from": [9.5, 3.501, 9.5],
			"to": [9.5, 12.501, 12.5],
			"rotation": {"angle": 0, "axis": "y", "origin": [10.5, 1.501, 10.5]},
			"faces": {
				"north": {"uv": [0, 0, 0, 4.5], "texture": "#1"},
				"south": {"uv": [0, 0, 0, 4.5], "texture": "#1"},
				"west": {"uv": [1.5, 4.5, 3, 9], "texture": "#1"},
				"up": {"uv": [0, 1.5, 0, 0], "texture": "#1"},
				"down": {"uv": [0, 0, 0, 1.5], "texture": "#1"}
			}
		},
		{
			"from": [6.5, 3.501, 12.5],
			"to": [9.5, 12.501, 12.5],
			"rotation": {"angle": 0, "axis": "y", "origin": [7.5, 1.501, 10.5]},
			"faces": {
				"north": {"uv": [3, 4.5, 4.5, 9], "texture": "#1"},
				"east": {"uv": [0, 0, 0, 4.5], "texture": "#1"},
				"west": {"uv": [0, 0, 0, 4.5], "texture": "#1"},
				"up": {"uv": [1.5, 0, 0, 0], "texture": "#1"},
				"down": {"uv": [1.5, 0, 0, 0], "texture": "#1"}
			}
		},
		{
			"from": [9.5, 9.501, 3.5],
			"to": [9.5, 12.501, 9.5],
			"rotation": {"angle": 0, "axis": "y", "origin": [10.5, 7.501, 10.5]},
			"faces": {
				"north": {"uv": [0, 0, 0, 1.5], "texture": "#1"},
				"south": {"uv": [0, 0, 0, 1.5], "texture": "#1"},
				"west": {"uv": [7.5, 0, 10.5, 1.5], "texture": "#1"},
				"up": {"uv": [0, 3, 0, 0], "texture": "#1"},
				"down": {"uv": [0, 0, 0, 3], "texture": "#1"}
			}
		}
	],
	"display": {
		"thirdperson_righthand": {
			"rotation": [75, 45, 0],
			"translation": [0, 2.5, 0],
			"scale": [0.375, 0.375, 0.375]
		},
		"thirdperson_lefthand": {
			"rotation": [75, 45, 0],
			"translation": [0, 2.5, 0],
			"scale": [0.375, 0.375, 0.375]
		},
		"firstperson_righthand": {
			"rotation": [0, 45, 0],
			"scale": [0.4, 0.4, 0.4]
		},
		"firstperson_lefthand": {
			"rotation": [0, -135, 0],
			"scale": [0.4, 0.4, 0.4]
		},
		"ground": {
			"translation": [0, 3, 0],
			"scale": [0.25, 0.25, 0.25]
		},
		"gui": {
			"rotation": [30, -135, 0]
		},
		"fixed": {
			"scale": [0.5, 0.5, 0.5]
		}
	},
	"groups": [
		0,
		1,
		2,
		{
			"name": "group",
			"origin": [10.5, -0.499, 10.5],
			"color": 0,
			"children": [3, 4, 5, 6, 7, 8, 9, 10, 11, 12, 13, 14, 15]
		}
	]
}