{
	"format_version": "1.21.6",
	"credit": "Made with Blockbench",
	"texture_size": [32, 32],
	"textures": {
		"3": "nodenium:item/deked_out/ladybug"
	},
	"elements": [
		{
			"from": [3.5, 5, 4],
			"to": [12.5, 10, 13],
			"rotation": {"angle": 0, "axis": "y", "origin": [7.5, 5, 7]},
			"faces": {
				"north": {"uv": [4.5, 0, 9, 2.5], "texture": "#3"},
				"east": {"uv": [4.5, 2.5, 9, 5], "texture": "#3"},
				"south": {"uv": [4.5, 5, 9, 7.5], "texture": "#3"},
				"west": {"uv": [4.5, 7.5, 9, 10], "texture": "#3"},
				"up": {"uv": [4.5, 4.5, 0, 0], "texture": "#3"},
				"down": {"uv": [4.5, 4.5, 0, 9], "texture": "#3"}
			}
		},
		{
			"from": [5.5, 5, 2],
			"to": [10.5, 8, 4],
			"rotation": {"angle": 0, "axis": "x", "origin": [8.5, 7, 4]},
			"faces": {
				"north": {"uv": [9, 4.5, 11.5, 6], "texture": "#3"},
				"east": {"uv": [9, 9.5, 10, 11], "texture": "#3"},
				"south": {"uv": [9, 6, 11.5, 7.5], "texture": "#3"},
				"west": {"uv": [4.5, 10, 5.5, 11.5], "texture": "#3"},
				"up": {"uv": [11.5, 8.5, 9, 7.5], "texture": "#3"},
				"down": {"uv": [11.5, 8.5, 9, 9.5], "texture": "#3"}
			}
		},
		{
			"from": [6.5, 5, 1],
			"to": [9.5, 7, 2],
			"rotation": {"angle": 0, "axis": "y", "origin": [7.5, 5, 1]},
			"faces": {
				"north": {"uv": [5.5, 10, 7, 11], "texture": "#3"},
				"east": {"uv": [8.5, 10, 9, 11], "texture": "#3"},
				"south": {"uv": [7, 10, 8.5, 11], "texture": "#3"},
				"west": {"uv": [10.5, 0, 11, 1], "texture": "#3"},
				"up": {"uv": [11.5, 10, 10, 9.5], "texture": "#3"},
				"down": {"uv": [11.5, 10, 10, 10.5], "texture": "#3"}
			}
		},
		{
			"from": [0.5, 5, 4],
			"to": [3.5, 5, 13],
			"rotation": {"angle": 20, "axis": "z", "origin": [3.5, 5, 7]},
			"faces": {
				"north": {"uv": [0, 0, 1.5, 0], "texture": "#3"},
				"east": {"uv": [0, 0, 4.5, 0], "texture": "#3"},
				"south": {"uv": [0, 0, 1.5, 0], "texture": "#3"},
				"west": {"uv": [0, 0, 4.5, 0], "texture": "#3"},
				"up": {"uv": [1.5, 13.5, 0, 9], "texture": "#3"},
				"down": {"uv": [1.5, 9, 0, 13.5], "texture": "#3"}
			}
		},
		{
			"from": [12.5, 5, 4],
			"to": [15.5, 5, 13],
			"rotation": {"angle": -20, "axis": "z", "origin": [12.5, 5, 7]},
			"faces": {
				"north": {"uv": [0, 0, 1.5, 0], "texture": "#3"},
				"east": {"uv": [0, 0, 4.5, 0], "texture": "#3"},
				"south": {"uv": [0, 0, 1.5, 0], "texture": "#3"},
				"west": {"uv": [0, 0, 4.5, 0], "texture": "#3"},
				"up": {"uv": [3, 13.5, 1.5, 9], "texture": "#3"},
				"down": {"uv": [3, 9, 1.5, 13.5], "texture": "#3"}
			}
		}
	],
	"display": {
		"thirdperson_righthand": {
			"rotation": [75, 45, 0],
			"translation": [0, 2.5, -1.25],
			"scale": [0.8, 0.8, 0.8]
		},
		"thirdperson_lefthand": {
			"rotation": [75, 45, 0],
			"translation": [0, 2.5, -1.25],
			"scale": [0.8, 0.8, 0.8]
		},
		"firstperson_righthand": {
			"rotation": [0, 45, 0],
			"translation": [0, 4, 0],
			"scale": [0.4, 0.4, 0.4]
		},
		"firstperson_lefthand": {
			"rotation": [0, -135, 0],
			"translation": [0, 4.25, 0],
			"scale": [0.4, 0.4, 0.4]
		},
		"ground": {
			"translation": [0, 3, 0]
		},
		"gui": {
			"rotation": [30, -135, 0]
		},
		"fixed": {
			"scale": [0.5, 0.5, 0.5]
		}
	}
}