{
 "parent": "item/generated",
 "textures": {
  "layer0": "item/totem_of_undying"
 },
 
 "overrides": [

  {"predicate": {"custom_model_data":1}, "model": "item/custom/model/snow_fox"},
  {"predicate": {"custom_model_data":2}, "model": "item/custom/model/dave_statue"},
  {"predicate": {"custom_model_data":3}, "model": "item/custom/model/playing_cards"},
  {"predicate": {"custom_model_data":4}, "model": "item/custom/model/big_chungus"},
  {"predicate": {"custom_model_data":5}, "model": "item/custom/model/parrot_model"},
  {"predicate": {"custom_model_data":6}, "model": "item/custom/model/akai_haato"}

 ]
}