{
    "model": {
        "type": "range_dispatch",
        "property": "custom_model_data",
        "fallback": {
            "type": "model",
            "model": "item/bundle"
        },
        "entries": [
            {
                "threshold": 1,
                "model": {
                    "type": "model",
                    "model": "item/custom/model/red_present"
                }
            },
            {
                "threshold": 2,
                "model": {
                    "type": "model",
                    "model": "item/custom/model/blue_present"
                }
            },
            {
                "threshold": 3,
                "model": {
                    "type": "model",
                    "model": "item/custom/model/yellow_present"
                }
            },
            {
                "threshold": 4,
                "model": {
                    "type": "model",
                    "model": "item/custom/model/green_present"
                }
            },
            {
                "threshold": 5,
                "model": {
                    "type": "model",
                    "model": "item/custom/model/easter_basket"
                }
            },
            {
                "threshold": 5,
                "model": {
                    "type": "model",
                    "model": "item/custom/model/easter_basket_filled1"
                }
            },
            {
                "threshold": 5,
                "model": {
                    "type": "model",
                    "model": "item/custom/model/easter_basket_filled2"
                }
            },
            {
                "threshold": 5,
                "model": {
                    "type": "model",
                    "model": "item/custom/model/easter_basket_filled3"
                }
            }
        ]
    }
}