{
    "model": {
        "type": "range_dispatch",
        "property": "custom_model_data",
        "fallback": {
            "type": "model",
            "model": "block/carved_pumpkin"
        },
        "entries": [
            {
                "threshold": 1,
                "model": {
                    "type": "model",
                    "model": "item/custom/model/cat_in_the_hat"
                }
            },
            {
                "threshold": 2,
                "model": {
                    "type": "model",
                    "model": "item/custom/model/sunglasses_high"
                }
            },
            {
                "threshold": 3,
                "model": {
                    "type": "model",
                    "model": "item/custom/model/sunglasses_low"
                }
            },
            {
                "threshold": 4,
                "model": {
                    "type": "model",
                    "model": "item/custom/model/antenna"
                }
            },
            {
                "threshold": 5,
                "model": {
                    "type": "model",
                    "model": "item/custom/model/warden"
                }
            },
            {
                "threshold": 6,
                "model": {
                    "type": "model",
                    "model": "item/custom/model/warden_dan"
                }
            },
            {
                "threshold": 7,
                "model": {
                    "type": "model",
                    "model": "item/custom/model/propeller_hat"
                }
            },
            {
                "threshold": 8,
                "model": {
                    "type": "model",
                    "model": "item/custom/model/top_hat"
                }
            },
            {
                "threshold": 9,
                "model": {
                    "type": "model",
                    "model": "item/custom/model/beak"
                }
            },
            {
                "threshold": 10,
                "model": {
                    "type": "model",
                    "model": "item/custom/model/horse_head"
                }
            },
            {
                "threshold": 11,
                "model": {
                    "type": "model",
                    "model": "item/custom/model/sombrero"
                }
            },
            {
                "threshold": 12,
                "model": {
                    "type": "model",
                    "model": "item/custom/model/the_knight_mask"
                }
            },
            {
                "threshold": 13,
                "model": {
                    "type": "model",
                    "model": "item/custom/model/cauldron"
                }
            },
            {
                "threshold": 14,
                "model": {
                    "type": "model",
                    "model": "item/custom/model/moon"
                }
            },
            {
                "threshold": 15,
                "model": {
                    "type": "model",
                    "model": "item/custom/model/traffic_cone"
                }
            },
            {
                "threshold": 16,
                "model": {
                    "type": "model",
                    "model": "item/custom/model/frying_pan"
                }
            },
            {
                "threshold": 17,
                "model": {
                    "type": "model",
                    "model": "item/custom/model/christmas_hat"
                }
            },
            {
                "threshold": 18,
                "model": {
                    "type": "model",
                    "model": "item/custom/model/headset"
                }
            },
            {
                "threshold": 19,
                "model": {
                    "type": "model",
                    "model": "item/custom/model/fire"
                }
            },
            {
                "threshold": 20,
                "model": {
                    "type": "model",
                    "model": "item/custom/model/arctic_hood"
                }
            },
            {
                "threshold": 21,
                "model": {
                    "type": "model",
                    "model": "item/custom/model/antlers"
                }
            },
            {
                "threshold": 22,
                "model": {
                    "type": "model",
                    "model": "item/custom/model/antlers_lights"
                }
            },
            {
                "threshold": 23,
                "model": {
                    "type": "model",
                    "model": "item/custom/model/pekka"
                }
            },
            {
                "threshold": 24,
                "model": {
                    "type": "model",
                    "model": "item/custom/model/magikarp"
                }
            },
            {
                "threshold": 25,
                "model": {
                    "type": "model",
                    "model": "item/custom/model/flat_cap"
                }
            },
            {
                "threshold": 26,
                "model": {
                    "type": "model",
                    "model": "item/custom/model/golden_crown"
                }
            },
            {
                "threshold": 27,
                "model": {
                    "type": "model",
                    "model": "item/custom/model/red_present"
                }
            },
            {
                "threshold": 28,
                "model": {
                    "type": "model",
                    "model": "item/custom/model/blue_present"
                }
            },
            {
                "threshold": 29,
                "model": {
                    "type": "model",
                    "model": "item/custom/model/yellow_present"
                }
            },
            {
                "threshold": 30,
                "model": {
                    "type": "model",
                    "model": "item/custom/model/green_present"
                }
            },
            {
                "threshold": 31,
                "model": {
                    "type": "model",
                    "model": "item/custom/model/wolf_head"
                }
            },
            {
                "threshold": 32,
                "model": {
                    "type": "model",
                    "model": "item/custom/model/flower_crown"
                }
            },
            {
                "threshold": 33,
                "model": {
                    "type": "model",
                    "model": "item/custom/model/traitor_cap"
                }
            },
            {
                "threshold": 34,
                "model": {
                    "type": "model",
                    "model": "item/custom/model/dave_statue"
                }
            },
            {
                "threshold": 35,
                "model": {
                    "type": "model",
                    "model": "item/custom/model/shtreimel"
                }
            },
            {
                "threshold": 36,
                "model": {
                    "type": "model",
                    "model": "item/custom/model/black_bunny_ears"
                }
            },
            {
                "threshold": 37,
                "model": {
                    "type": "model",
                    "model": "item/custom/model/bubblegum_crown"
                }
            },
            {
                "threshold": 38,
                "model": {
                    "type": "model",
                    "model": "item/custom/model/banana_guard"
                }
            },
            {
                "threshold": 39,
                "model": {
                    "type": "model",
                    "model": "item/custom/model/hook_mask"
                }
            },
            {
                "threshold": 40,
                "model": {
                    "type": "model",
                    "model": "item/custom/model/big_chungus"
                }
            },
            {
                "threshold": 41,
                "model": {
                    "type": "model",
                    "model": "item/custom/model/cowboy_hat"
                }
            },
            {
                "threshold": 43,
                "model": {
                    "type": "model",
                    "model": "item/custom/model/blue_hair"
                }
            },
            {
                "threshold": 44,
                "model": {
                    "type": "model",
                    "model": "item/custom/model/chud"
                }
            },
            {
                "threshold": 45,
                "model": {
                    "type": "model",
                    "model": "item/custom/model/chefs_hat"
                }
            },
            {
                "threshold": 46,
                "model": {
                    "type": "model",
                    "model": "item/custom/model/cake_hat"
                }
            },
            {
                "threshold": 47,
                "model": {
                    "type": "model",
                    "model": "item/custom/model/mushroom_hat"
                }
            },
            {
                "threshold": 48,
                "model": {
                    "type": "model",
                    "model": "item/custom/model/sailor_hat"
                }
            },
            {
                "threshold": 49,
                "model": {
                    "type": "model",
                    "model": "item/custom/model/cow_skull"
                }
            },
            {
                "threshold": 50,
                "model": {
                    "type": "model",
                    "model": "item/custom/model/daves_new_face"
                }
            },
            {
                "threshold": 51,
                "model": {
                    "type": "model",
                    "model": "item/custom/model/farmer_hat"
                }
            },
            {
                "threshold": 52,
                "model": {
                    "type": "model",
                    "model": "item/custom/model/ranger_hat"
                }
            },
            {
                "threshold": 101,
                "model": {
                    "type": "model",
                    "model": "item/custom/model/steampunk_train_1"
                }
            },
            {
                "threshold": 102,
                "model": {
                    "type": "model",
                    "model": "item/custom/model/steampunk_train_2"
                }
            },
            {
                "threshold": 103,
                "model": {
                    "type": "model",
                    "model": "item/custom/model/steampunk_train_3"
                }
            },
            {
                "threshold": 104,
                "model": {
                    "type": "model",
                    "model": "item/custom/model/steampunk_train_4"
                }
            },
            {
                "threshold": 105,
                "model": {
                    "type": "model",
                    "model": "item/custom/model/steampunk_train_5"
                }
            },
            {
                "threshold": 106,
                "model": {
                    "type": "model",
                    "model": "item/custom/model/steampunk_train_6"
                }
            },
            {
                "threshold": 107,
                "model": {
                    "type": "model",
                    "model": "item/custom/model/steampunk_train_7"
                }
            },
            {
                "threshold": 108,
                "model": {
                    "type": "model",
                    "model": "item/custom/model/steampunk_train_8"
                }
            },
            {
                "threshold": 109,
                "model": {
                    "type": "model",
                    "model": "item/custom/model/steampunk_train_9"
                }
            },
            {
                "threshold": 110,
                "model": {
                    "type": "model",
                    "model": "item/custom/model/knight_statue"
                }
            },
            {
                "threshold": 111,
                "model": {
                    "type": "model",
                    "model": "item/custom/model/hullbreaker"
                }
            },
            {
                "threshold": 112,
                "model": {
                    "type": "model",
                    "model": "item/custom/model/spinning_dave_statue_1"
                }
            },
            {
                "threshold": 113,
                "model": {
                    "type": "model",
                    "model": "item/custom/model/spinning_dave_statue_2"
                }
            },
            {
                "threshold": 114,
                "model": {
                    "type": "model",
                    "model": "item/custom/model/heinz"
                }
            },
            {
                "threshold": 115,
                "model": {
                    "type": "model",
                    "model": "item/custom/model/rainbow_stick"
                }
            },
            {
                "threshold": 116,
                "model": {
                    "type": "model",
                    "model": "item/custom/model/heinz"
                }
            },
            {
                "threshold": 117,
                "model": {
                    "type": "model",
                    "model": "item/custom/model/alligator_gar"
                }
            },
            {
                "threshold": 501,
                "model": {
                    "type": "model",
                    "model": "item/custom/model/boat_trophy"
                }
            },
            {
                "threshold": 502,
                "model": {
                    "type": "model",
                    "model": "item/custom/model/mace_trophy"
                }
            },
            {
                "threshold": 503,
                "model": {
                    "type": "model",
                    "model": "item/custom/model/survivor_trophy"
                }
            },
            {
                "threshold": 504,
                "model": {
                    "type": "model",
                    "model": "item/custom/model/portal_trophy"
                }
            },
            {
                "threshold": 505,
                "model": {
                    "type": "model",
                    "model": "item/custom/model/trophtree"
                }
            },
            {
                "threshold": 506,
                "model": {
                    "type": "model",
                    "model": "item/custom/model/bubblegum_trophy"
                }
            },
            {
                "threshold": 507,
                "model": {
                    "type": "model",
                    "model": "item/custom/model/easter_trophy"
                }
            },
            {
                "threshold": 508,
                "model": {
                    "type": "model",
                    "model": "item/custom/model/peter_plush"
                }
            },
            {
                "threshold": 509,
                "model": {
                    "type": "model",
                    "model": "item/custom/model/gingerbread_treehouse_trophy"
                }
            },
            {
                "threshold": 510,
                "model": {
                    "type": "model",
                    "model": "item/custom/model/christmas_trophy"
                }
            }
        ]
    }
}