{
    "model": {
        "type": "range_dispatch",
        "property": "custom_model_data",
        "fallback": {
            "type": "model",
            "model": "item/iron_nugget"
        },
        "entries": [
            {
                "threshold": 1,
                "model": {
                    "type": "model",
                    "model": "item/custom/model/fish_skeleton"
                }
            },
            {
                "threshold": 2,
                "model": {
                    "type": "model",
                    "model": "item/custom/model/swordfish"
                }
            },
            {
                "threshold": 3,
                "model": {
                    "type": "model",
                    "model": "item/custom/model/skull_ornament"
                }
            },
            {
                "threshold": 4,
                "model": {
                    "type": "model",
                    "model": "item/custom/model/easter_egg_model"
                }
            },
            {
                "threshold": 5,
                "model": {
                    "type": "model",
                    "model": "item/custom/model/golden_easter_egg_model"
                }
            },
            {
                "threshold": 6,
                "model": {
                    "type": "model",
                    "model": "item/custom/golden_easter_egg"
                }
            },
            {
                "threshold": 7,
                "model": {
                    "type": "model",
                    "model": "item/custom/model/laptop"
                }
            },
            {
                "threshold": 8,
                "model": {
                    "type": "model",
                    "model": "item/custom/model/cow_skull"
                }
            },
            {
                "threshold": 9,
                "model": {
                    "type": "model",
                    "model": "item/custom/model/cow_skull_small"
                }
            },
            {
                "threshold": 10,
                "model": {
                    "type": "model",
                    "model": "item/custom/model/heinz"
                }
            },
            {
                "threshold": 11,
                "model": {
                    "type": "model",
                    "model": "item/custom/model/tomato_one_tomato"
                }
            },
            {
                "threshold": 12,
                "model": {
                    "type": "model",
                    "model": "item/custom/model/tomato_two_tomatoes"
                }
            },
            {
                "threshold": 13,
                "model": {
                    "type": "model",
                    "model": "item/custom/model/tomato_three_tomatoes"
                }
            },
            {
                "threshold": 14,
                "model": {
                    "type": "model",
                    "model": "item/custom/model/pumpkin_one_pumpkin"
                }
            },
            {
                "threshold": 15,
                "model": {
                    "type": "model",
                    "model": "item/custom/model/pumpkin_two_pumpkins"
                }
            },
            {
                "threshold": 16,
                "model": {
                    "type": "model",
                    "model": "item/custom/model/pumpkin_three_pumpkins"
                }
            },
            {
                "threshold": 17,
                "model": {
                    "type": "model",
                    "model": "item/custom/model/carrot_two_carrots"
                }
            },
            {
                "threshold": 18,
                "model": {
                    "type": "model",
                    "model": "item/custom/model/carrot_three_carrots"
                }
            },
            {
                "threshold": 19,
                "model": {
                    "type": "model",
                    "model": "item/custom/model/wde_painting"
                }
            },
            {
                "threshold": 20,
                "model": {
                    "type": "model",
                    "model": "item/custom/model/ham"
                }
            },
            {
                "threshold": 21,
                "model": {
                    "type": "model",
                    "model": "item/custom/model/pink_candy_bowl"
                }
            },
            {
                "threshold": 22,
                "model": {
                    "type": "model",
                    "model": "item/custom/model/dragonfruit_basket"
                }
            },
            {
                "threshold": 101,
                "model": {
                    "type": "model",
                    "model": "item/custom/model/letters/a"
                }
            },
            {
                "threshold": 102,
                "model": {
                    "type": "model",
                    "model": "item/custom/model/letters/b"
                }
            },
            {
                "threshold": 103,
                "model": {
                    "type": "model",
                    "model": "item/custom/model/letters/c"
                }
            }
        ]
    }
}