{
    "model": {
        "type": "range_dispatch",
        "property": "custom_model_data",
        "fallback": {
            "type": "model",
            "model": "minecraft:item/netherite_sword"
        },
        "entries": [
            {
                "threshold": 1,
                "model": {
                    "type": "model",
                    "model": "item/custom/model/moonlight_greatsword"
                }
            },
            {
                "threshold": 2,
                "model": {
                    "type": "model",
                    "model": "item/custom/model/pekka_sword"
                }
            },
            {
                "threshold": 3,
                "model": {
                    "type": "model",
                    "model": "item/custom/dungeons_diamond_sword"
                }
            },
            {
                "threshold": 4,
                "model": {
                    "type": "model",
                    "model": "item/custom/model/cyberpunk_sword"
                }
            },
            {
                "threshold": 5,
                "model": {
                    "type": "model",
                    "model": "item/custom/model/cyberpunk_katana"
                }
            },
            {
                "threshold": 6,
                "model": {
                    "type": "model",
                    "model": "item/custom/model/alligator_gar"
                }
            }
        ]
    }
}