{
  "model": {
      "type": "range_dispatch",
      "property": "custom_model_data",
      "fallback": {
          "type": "model",
          "model": "item/golden_carrot"
      },
      "entries": [
          {
              "threshold": 0,
              "model": {
                "type": "minecraft:condition",
                "on_false": {
                  "type": "minecraft:special",
                  "base": "minecraft:item/shield",
                  "model": {
                    "type": "minecraft:shield"
                  }
                },
                "on_true": {
                  "type": "minecraft:special",
                  "base": "minecraft:item/shield_blocking",
                  "model": {
                    "type": "minecraft:shield"
                  }
                },
                "property": "minecraft:using_item"
              }
            },
            {
              "threshold": 1,
              "model": {
                  "type": "model",
                  "model": "item/custom/model/mic"
              }
            }
          ]
        }
}