{
  "model": {
      "type": "range_dispatch",
      "property": "custom_model_data",
      "fallback": {
          "type": "model",
          "model": "item/golden_carrot"
      },
      "entries": [
          {
              "threshold": 0,
              "model": {
                "type": "minecraft:select",
                "cases": [
                  {
                    "model": {
                      "type": "minecraft:model",
                      "model": "minecraft:item/spyglass"
                    },
                    "when": [
                      "gui",
                      "ground",
                      "fixed"
                    ]
                  }
                ],
                "fallback": {
                  "type": "minecraft:model",
                  "model": "minecraft:item/spyglass_in_hand"
                },
                "property": "minecraft:display_context"
              }
          },
          {
            "threshold": 1,
            "model": {
                "type": "model",
                "model": "item/custom/model/shoulder_mount_camera"
            }
          }
      ]
    }
}