{
    "model": {
        "type": "range_dispatch",
        "property": "custom_model_data",
        "fallback": {
            "type": "model",
            "model": "item/totem_of_undying"
        },
        "entries": [
            {
                "threshold": 1,
                "model": {
                    "type": "model",
                    "model": "item/custom/model/snow_fox"
                }
            },
            {
                "threshold": 2,
                "model": {
                    "type": "model",
                    "model": "item/custom/model/dave_statue"
                }
            },
            {
                "threshold": 3,
                "model": {
                    "type": "model",
                    "model": "item/custom/model/playing_cards"
                }
            },
            {
                "threshold": 4,
                "model": {
                    "type": "model",
                    "model": "item/custom/model/big_chungus"
                }
            },
            {
                "threshold": 5,
                "model": {
                    "type": "model",
                    "model": "item/custom/model/parrot_model"
                }
            },
            {
                "threshold": 6,
                "model": {
                    "type": "model",
                    "model": "item/custom/model/akai_haato"
                }
            }
        ]
    }
}