{
	"credit": "Made with Blockbench",
	"textures": {
		"1": "item/custom/models/letters/a",
		"particle": "item/custom/models/letters/a"
	},
	"elements": [
		{
			"from": [10, 3, 7.5],
			"to": [12, 13, 8.5],
			"rotation": {"angle": 0, "axis": "y", "origin": [10, 3, 7.5]},
			"faces": {
				"north": {"uv": [0, 0, 2, 10], "texture": "#1"},
				"east": {"uv": [4, 0, 5, 10], "texture": "#1"},
				"south": {"uv": [2, 0, 4, 10], "texture": "#1"},
				"west": {"uv": [5, 0, 6, 10], "texture": "#1"},
				"up": {"uv": [12, 11, 10, 10], "texture": "#1"},
				"down": {"uv": [2, 11, 0, 12], "texture": "#1"}
			}
		},
		{
			"from": [4, 3, 7.5],
			"to": [6, 13, 8.5],
			"rotation": {"angle": 0, "axis": "y", "origin": [5, 8, 8]},
			"faces": {
				"north": {"uv": [2, 0, 4, 10], "texture": "#1"},
				"east": {"uv": [5, 0, 6, 10], "texture": "#1"},
				"south": {"uv": [0, 0, 2, 10], "texture": "#1"},
				"west": {"uv": [4, 0, 5, 10], "texture": "#1"},
				"up": {"uv": [12, 11, 10, 10], "texture": "#1"},
				"down": {"uv": [2, 11, 0, 12], "texture": "#1"}
			}
		},
		{
			"from": [5, 7, 7.5],
			"to": [10, 9, 8.5],
			"rotation": {"angle": 0, "axis": "y", "origin": [8.5, 7, 7.5]},
			"faces": {
				"north": {"uv": [6, 4, 11, 6], "texture": "#1"},
				"east": {"uv": [11, 2, 12, 4], "texture": "#1"},
				"south": {"uv": [6, 6, 11, 8], "texture": "#1"},
				"west": {"uv": [3, 11, 4, 13], "texture": "#1"},
				"up": {"uv": [5, 11, 0, 10], "texture": "#1"},
				"down": {"uv": [10, 10, 5, 11], "texture": "#1"}
			}
		},
		{
			"from": [5, 11, 7.5],
			"to": [10, 13, 8.5],
			"rotation": {"angle": 0, "axis": "y", "origin": [8.5, 11, 7.5]},
			"faces": {
				"north": {"uv": [6, 0, 11, 2], "texture": "#1"},
				"east": {"uv": [11, 0, 12, 2], "texture": "#1"},
				"south": {"uv": [6, 2, 11, 4], "texture": "#1"},
				"west": {"uv": [2, 11, 3, 13], "texture": "#1"},
				"up": {"uv": [11, 9, 6, 8], "texture": "#1"},
				"down": {"uv": [11, 9, 6, 10], "texture": "#1"}
			}
		}
	],
	"display": {
		"thirdperson_righthand": {
			"translation": [0, 3, 1],
			"scale": [0.55, 0.55, 0.55]
		},
		"thirdperson_lefthand": {
			"translation": [0, 3, 1],
			"scale": [0.55, 0.55, 0.55]
		},
		"firstperson_righthand": {
			"rotation": [0, 90, 25],
			"translation": [1.13, 3.2, 1.13],
			"scale": [0.45, 0.45, 0.45]
		},
		"firstperson_lefthand": {
			"rotation": [0, 90, 25],
			"translation": [1.13, 3.2, 1.13],
			"scale": [0.45, 0.45, 0.45]
		},
		"ground": {
			"translation": [0, 2, 0],
			"scale": [0.5, 0.5, 0.5]
		},
		"gui": {
			"scale": [0.625, 0.625, 0.625]
		},
		"fixed": {
			"rotation": [-90, 0, 0],
			"translation": [0, 0, -25],
			"scale": [4, 4, 4]
		}
	}
}