{
	"credit": "Made with Blockbench",
	"textures": {
		"6": "item/custom/models/letters/b"
	},
	"elements": [
		{
			"from": [10, 3, 7.5],
			"to": [12, 13, 8.5],
			"rotation": {"angle": 0, "axis": "y", "origin": [10, 3, 7.5]},
			"faces": {
				"north": {"uv": [0, 0, 2, 10], "texture": "#6"},
				"east": {"uv": [4, 0, 5, 10], "texture": "#6"},
				"south": {"uv": [2, 0, 4, 10], "texture": "#6"},
				"west": {"uv": [5, 0, 6, 10], "texture": "#6"},
				"up": {"uv": [14, 7, 12, 6], "texture": "#6"},
				"down": {"uv": [14, 7, 12, 8], "texture": "#6"}
			}
		},
		{
			"from": [4, 8, 7.5],
			"to": [6, 12, 8.5],
			"rotation": {"angle": 0, "axis": "y", "origin": [5, 8, 7.5]},
			"faces": {
				"north": {"uv": [5, 10, 7, 14], "texture": "#6"},
				"east": {"uv": [11, 6, 12, 10], "texture": "#6"},
				"south": {"uv": [5, 10, 7, 14], "texture": "#6"},
				"west": {"uv": [11, 6, 12, 10], "texture": "#6"},
				"up": {"uv": [14, 9, 12, 8], "texture": "#6"},
				"down": {"uv": [14, 9, 12, 10], "texture": "#6"}
			}
		},
		{
			"from": [5, 3, 7.5],
			"to": [10, 5, 8.5],
			"rotation": {"angle": 0, "axis": "y", "origin": [8.5, 3, 7.5]},
			"faces": {
				"north": {"uv": [6, 0, 11, 2], "texture": "#6"},
				"east": {"uv": [12, 10, 13, 12], "texture": "#6"},
				"south": {"uv": [6, 2, 11, 4], "texture": "#6"},
				"west": {"uv": [12, 12, 13, 14], "texture": "#6"},
				"up": {"uv": [16, 1, 11, 0], "texture": "#6"},
				"down": {"uv": [16, 1, 11, 2], "texture": "#6"}
			}
		},
		{
			"from": [5, 7, 7.5],
			"to": [10, 9, 8.5],
			"rotation": {"angle": 0, "axis": "y", "origin": [8.5, 7, 7.5]},
			"faces": {
				"north": {"uv": [6, 4, 11, 6], "texture": "#6"},
				"east": {"uv": [1, 13, 2, 15], "texture": "#6"},
				"south": {"uv": [6, 6, 11, 8], "texture": "#6"},
				"west": {"uv": [2, 13, 3, 15], "texture": "#6"},
				"up": {"uv": [16, 3, 11, 2], "texture": "#6"},
				"down": {"uv": [16, 3, 11, 4], "texture": "#6"}
			}
		},
		{
			"from": [5, 11, 7.5],
			"to": [10, 13, 8.5],
			"rotation": {"angle": 0, "axis": "y", "origin": [8.5, 11, 7.5]},
			"faces": {
				"north": {"uv": [6, 8, 11, 10], "texture": "#6"},
				"east": {"uv": [3, 13, 4, 15], "texture": "#6"},
				"south": {"uv": [0, 10, 5, 12], "texture": "#6"},
				"west": {"uv": [4, 13, 5, 15], "texture": "#6"},
				"up": {"uv": [16, 5, 11, 4], "texture": "#6"},
				"down": {"uv": [16, 5, 11, 6], "texture": "#6"}
			}
		},
		{
			"from": [4, 4, 7.5],
			"to": [6, 7, 8.5],
			"rotation": {"angle": 0, "axis": "y", "origin": [4, 5, 7.5]},
			"faces": {
				"north": {"uv": [7, 10, 9, 13], "texture": "#6"},
				"east": {"uv": [11, 10, 12, 13], "texture": "#6"},
				"south": {"uv": [9, 10, 11, 13], "texture": "#6"},
				"west": {"uv": [0, 12, 1, 15], "texture": "#6"},
				"up": {"uv": [3, 13, 1, 12], "texture": "#6"},
				"down": {"uv": [5, 12, 3, 13], "texture": "#6"}
			}
		}
	],
	"display": {
		"thirdperson_righthand": {
			"translation": [0, 3, 1],
			"scale": [0.55, 0.55, 0.55]
		},
		"thirdperson_lefthand": {
			"translation": [0, 3, 1],
			"scale": [0.55, 0.55, 0.55]
		},
		"firstperson_righthand": {
			"rotation": [0, 90, 25],
			"translation": [1.13, 3.2, 1.13],
			"scale": [0.45, 0.45, 0.45]
		},
		"firstperson_lefthand": {
			"rotation": [0, 90, 25],
			"translation": [1.13, 3.2, 1.13],
			"scale": [0.45, 0.45, 0.45]
		},
		"ground": {
			"translation": [0, 2, 0],
			"scale": [0.5, 0.5, 0.5]
		},
		"gui": {
			"rotation": [0, 180, 0]
		},
		"fixed": {
			"rotation": [-90, 0, 0],
			"translation": [0, 0, -25],
			"scale": [4, 4, 4]
		}
	}
}