{
	"credit": "Made with Blockbench",
	"textures": {
		"2": "item/custom/models/letters/c"
	},
	"elements": [
		{
			"from": [10, 4, 7.5],
			"to": [12, 12, 8.5],
			"rotation": {"angle": 0, "axis": "y", "origin": [10, 3, 7.5]},
			"faces": {
				"north": {"uv": [0, 0, 2, 8], "texture": "#2"},
				"east": {"uv": [0, 8, 1, 16], "texture": "#2"},
				"south": {"uv": [2, 0, 4, 8], "texture": "#2"},
				"west": {"uv": [1, 8, 2, 16], "texture": "#2"},
				"up": {"uv": [4, 11, 2, 10], "texture": "#2"},
				"down": {"uv": [6, 10, 4, 11], "texture": "#2"}
			}
		},
		{
			"from": [4, 3, 7.5],
			"to": [11, 5, 8.5],
			"rotation": {"angle": 0, "axis": "y", "origin": [8.5, 3, 7.5]},
			"faces": {
				"north": {"uv": [4, 0, 11, 2], "texture": "#2"},
				"east": {"uv": [6, 10, 7, 12], "texture": "#2"},
				"south": {"uv": [4, 2, 11, 4], "texture": "#2"},
				"west": {"uv": [7, 10, 8, 12], "texture": "#2"},
				"up": {"uv": [9, 9, 2, 8], "texture": "#2"},
				"down": {"uv": [9, 9, 2, 10], "texture": "#2"}
			}
		},
		{
			"from": [4, 11, 7.5],
			"to": [11, 13, 8.5],
			"rotation": {"angle": 0, "axis": "y", "origin": [8.5, 11, 7.5]},
			"faces": {
				"north": {"uv": [4, 4, 11, 6], "texture": "#2"},
				"east": {"uv": [8, 10, 9, 12], "texture": "#2"},
				"south": {"uv": [4, 6, 11, 8], "texture": "#2"},
				"west": {"uv": [9, 10, 10, 12], "texture": "#2"},
				"up": {"uv": [16, 9, 9, 8], "texture": "#2"},
				"down": {"uv": [16, 9, 9, 10], "texture": "#2"}
			}
		}
	],
	"display": {
		"thirdperson_righthand": {
			"translation": [0, 3, 1],
			"scale": [0.55, 0.55, 0.55]
		},
		"thirdperson_lefthand": {
			"translation": [0, 3, 1],
			"scale": [0.55, 0.55, 0.55]
		},
		"firstperson_righthand": {
			"rotation": [0, 90, 25],
			"translation": [1.13, 3.2, 1.13],
			"scale": [0.45, 0.45, 0.45]
		},
		"firstperson_lefthand": {
			"rotation": [0, 90, 25],
			"translation": [1.13, 3.2, 1.13],
			"scale": [0.45, 0.45, 0.45]
		},
		"ground": {
			"translation": [0, 2, 0],
			"scale": [0.5, 0.5, 0.5]
		},
		"gui": {
			"rotation": [0, 180, 0]
		},
		"fixed": {
			"rotation": [-90, 0, 0],
			"translation": [0, 0, -25],
			"scale": [4, 4, 4]
		}
	}
}