{
	"credit": "Made with Blockbench",
	"texture_size": [64, 64],
	"textures": {
		"1": "block/custom/antlers/antlers"
	},
	"elements": [
		{
			"from": [13.1, 8.8, 7],
			"to": [20.1, 10.8, 9],
			"rotation": {"angle": 22.5, "axis": "z", "origin": [14.7, 2, 16]},
			"faces": {
				"north": {"uv": [4.5, 0, 8, 1], "texture": "#1"},
				"east": {"uv": [0.5, 10, 1.5, 11], "texture": "#1"},
				"south": {"uv": [4.5, 1, 8, 2], "texture": "#1"},
				"west": {"uv": [1.5, 10, 2.5, 11], "texture": "#1"},
				"up": {"uv": [8, 3, 4.5, 2], "texture": "#1"},
				"down": {"uv": [8, 3, 4.5, 4], "texture": "#1"}
			}
		},
		{
			"from": [7.3, 5.1, 6.9],
			"to": [9.5, 7.3, 9.1],
			"rotation": {"angle": -22.5, "axis": "z", "origin": [14.7, 2, 16]},
			"faces": {
				"north": {"uv": [10, 2, 11, 3], "texture": "#1"},
				"east": {"uv": [10, 3, 11, 4], "texture": "#1"},
				"south": {"uv": [4, 10, 5, 11], "texture": "#1"},
				"west": {"uv": [10, 4, 11, 5], "texture": "#1"},
				"up": {"uv": [6, 11, 5, 10], "texture": "#1"},
				"down": {"uv": [11, 5, 10, 6], "texture": "#1"}
			}
		},
		{
			"from": [11.9, 10.5, 7.1],
			"to": [13.9, 17.1, 8.9],
			"rotation": {"angle": -22.5, "axis": "z", "origin": [14.7, 2, 16]},
			"faces": {
				"north": {"uv": [2, 4, 3, 7.5], "texture": "#1"},
				"east": {"uv": [4.5, 4, 5.5, 7.5], "texture": "#1"},
				"south": {"uv": [5.5, 4, 6.5, 7.5], "texture": "#1"},
				"west": {"uv": [6.5, 4, 7.5, 7.5], "texture": "#1"},
				"up": {"uv": [7, 11, 6, 10], "texture": "#1"},
				"down": {"uv": [11, 6.5, 10, 7.5], "texture": "#1"}
			}
		},
		{
			"from": [16.2, 10.2, 7.4],
			"to": [19.8, 11.2, 8.4],
			"rotation": {"angle": 0, "axis": "y", "origin": [14.7, 2, 15.7]},
			"faces": {
				"north": {"uv": [7, 10, 9, 10.5], "texture": "#1"},
				"east": {"uv": [1, 12.5, 1.5, 13], "texture": "#1"},
				"south": {"uv": [10, 7.5, 12, 8], "texture": "#1"},
				"west": {"uv": [12.5, 1, 13, 1.5], "texture": "#1"},
				"up": {"uv": [12, 8.5, 10, 8], "texture": "#1"},
				"down": {"uv": [12, 8.5, 10, 9], "texture": "#1"}
			}
		},
		{
			"from": [12.5, 17.1, 7.4],
			"to": [13.5, 20.7, 8.5],
			"rotation": {"angle": -22.5, "axis": "z", "origin": [14.7, 2, 15.7]},
			"faces": {
				"north": {"uv": [2.5, 10, 3, 12], "texture": "#1"},
				"east": {"uv": [10, 9.5, 10.5, 11.5], "texture": "#1"},
				"south": {"uv": [7, 10.5, 7.5, 12.5], "texture": "#1"},
				"west": {"uv": [7.5, 10.5, 8, 12.5], "texture": "#1"},
				"up": {"uv": [2, 13, 1.5, 12.5], "texture": "#1"},
				"down": {"uv": [13, 1.5, 12.5, 2], "texture": "#1"}
			}
		},
		{
			"from": [12.1, 11.7, 11.8],
			"to": [13.1, 12.8, 14.4],
			"rotation": {"angle": -22.5, "axis": "x", "origin": [14.7, 2, 15.7]},
			"faces": {
				"north": {"uv": [2, 12.5, 2.5, 13], "texture": "#1"},
				"east": {"uv": [11.5, 3, 13, 3.5], "texture": "#1"},
				"south": {"uv": [12.5, 2, 13, 2.5], "texture": "#1"},
				"west": {"uv": [11.5, 9, 13, 9.5], "texture": "#1"},
				"up": {"uv": [10, 13, 9.5, 11.5], "texture": "#1"},
				"down": {"uv": [12, 9.5, 11.5, 11], "texture": "#1"}
			}
		},
		{
			"from": [24.4, 11.3, 7.4],
			"to": [25.4, 13.9, 8.5],
			"rotation": {"angle": 45, "axis": "z", "origin": [14.7, 2, 15.7]},
			"faces": {
				"north": {"uv": [10, 11.5, 10.5, 13], "texture": "#1"},
				"east": {"uv": [11.5, 11, 12, 12.5], "texture": "#1"},
				"south": {"uv": [0, 12, 0.5, 13.5], "texture": "#1"},
				"west": {"uv": [12, 0, 12.5, 1.5], "texture": "#1"},
				"up": {"uv": [3, 13, 2.5, 12.5], "texture": "#1"},
				"down": {"uv": [13, 2.5, 12.5, 3], "texture": "#1"}
			}
		},
		{
			"from": [17.7, 17.1, 20.6],
			"to": [18.7, 18.1, 24.2],
			"rotation": {"angle": -45, "axis": "x", "origin": [14.7, 2, 15.7]},
			"faces": {
				"north": {"uv": [3, 6, 3.5, 6.5], "texture": "#1"},
				"east": {"uv": [7.5, 6.5, 9.5, 7], "texture": "#1"},
				"south": {"uv": [3, 6.5, 3.5, 7], "texture": "#1"},
				"west": {"uv": [7, 7.5, 9, 8], "texture": "#1"},
				"up": {"uv": [3.5, 6, 3, 4], "texture": "#1"},
				"down": {"uv": [8.5, 0, 8, 2], "texture": "#1"}
			}
		},
		{
			"from": [17.21691, 18.50911, 10.1],
			"to": [18.21691, 21.90911, 11.1],
			"rotation": {"angle": 22.5, "axis": "z", "origin": [17.71691, 20.20911, 10.6]},
			"faces": {
				"north": {"uv": [8, 10.5, 8.5, 12], "texture": "#1"},
				"east": {"uv": [8.5, 10.5, 9, 12], "texture": "#1"},
				"south": {"uv": [10.5, 9.5, 11, 11], "texture": "#1"},
				"west": {"uv": [0.5, 11, 1, 12.5], "texture": "#1"},
				"up": {"uv": [4.5, 7.5, 4, 7], "texture": "#1"},
				"down": {"uv": [10, 6.5, 9.5, 7], "texture": "#1"}
			}
		},
		{
			"from": [16.1, 10.7, 9.9],
			"to": [16.9, 14.1, 10.8],
			"rotation": {"angle": 22.5, "axis": "z", "origin": [14.7, 1.2, 16]},
			"faces": {
				"north": {"uv": [1, 11, 1.5, 12.5], "texture": "#1"},
				"east": {"uv": [1.5, 11, 2, 12.5], "texture": "#1"},
				"south": {"uv": [2, 11, 2.5, 12.5], "texture": "#1"},
				"west": {"uv": [11, 2, 11.5, 3.5], "texture": "#1"},
				"up": {"uv": [12.5, 2, 12, 1.5], "texture": "#1"},
				"down": {"uv": [12.5, 2, 12, 2.5], "texture": "#1"}
			}
		},
		{
			"from": [19.91, 10.51, 7.21],
			"to": [21.49, 15.09, 8.79],
			"rotation": {"angle": 22.5, "axis": "z", "origin": [14.7, 2, 0]},
			"faces": {
				"north": {"uv": [3, 7, 4, 9.5], "texture": "#1"},
				"east": {"uv": [0, 7.5, 1, 10], "texture": "#1"},
				"south": {"uv": [1, 7.5, 2, 10], "texture": "#1"},
				"west": {"uv": [2, 7.5, 3, 10], "texture": "#1"},
				"up": {"uv": [9, 3, 8, 2], "texture": "#1"},
				"down": {"uv": [9, 3, 8, 4], "texture": "#1"}
			}
		},
		{
			"from": [24.06741, 4.09756, 7.4],
			"to": [27.06741, 5.09756, 8.4],
			"rotation": {"angle": 45, "axis": "z", "origin": [14.56741, 1.99756, 15.6]},
			"faces": {
				"north": {"uv": [7.5, 7, 9, 7.5], "texture": "#1"},
				"east": {"uv": [2.5, 12, 3, 12.5], "texture": "#1"},
				"south": {"uv": [10.5, 6, 12, 6.5], "texture": "#1"},
				"west": {"uv": [12, 2.5, 12.5, 3], "texture": "#1"},
				"up": {"uv": [12.5, 4, 11, 3.5], "texture": "#1"},
				"down": {"uv": [5.5, 11, 4, 11.5], "texture": "#1"}
			}
		},
		{
			"from": [-0.97044, 8.93336, 7],
			"to": [6.02956, 10.93336, 9],
			"rotation": {"angle": -22.5, "axis": "z", "origin": [2.52956, 9.93336, 8]},
			"faces": {
				"north": {"uv": [0, 0, 3.5, 1], "texture": "#1"},
				"east": {"uv": [7, 8, 8, 9], "texture": "#1"},
				"south": {"uv": [0, 1, 3.5, 2], "texture": "#1"},
				"west": {"uv": [8, 8, 9, 9], "texture": "#1"},
				"up": {"uv": [3.5, 3, 0, 2], "texture": "#1"},
				"down": {"uv": [3.5, 3, 0, 4], "texture": "#1"}
			}
		},
		{
			"from": [6.5, 5.1, 6.9],
			"to": [8.7, 7.3, 9.1],
			"rotation": {"angle": 22.5, "axis": "z", "origin": [1.3, 2, 16]},
			"faces": {
				"north": {"uv": [8.5, 0, 9.5, 1], "texture": "#1"},
				"east": {"uv": [8.5, 1, 9.5, 2], "texture": "#1"},
				"south": {"uv": [8.5, 4, 9.5, 5], "texture": "#1"},
				"west": {"uv": [8.5, 5, 9.5, 6], "texture": "#1"},
				"up": {"uv": [10, 3, 9, 2], "texture": "#1"},
				"down": {"uv": [10, 3, 9, 4], "texture": "#1"}
			}
		},
		{
			"from": [2.1, 10.5, 7.1],
			"to": [4.1, 17.1, 8.9],
			"rotation": {"angle": 22.5, "axis": "z", "origin": [1.3, 2, 16]},
			"faces": {
				"north": {"uv": [3.5, 0, 4.5, 3.5], "texture": "#1"},
				"east": {"uv": [3.5, 3.5, 4.5, 7], "texture": "#1"},
				"south": {"uv": [0, 4, 1, 7.5], "texture": "#1"},
				"west": {"uv": [1, 4, 2, 7.5], "texture": "#1"},
				"up": {"uv": [8, 10, 7, 9], "texture": "#1"},
				"down": {"uv": [10, 7, 9, 8], "texture": "#1"}
			}
		},
		{
			"from": [-5.49, 10.51, 7.21],
			"to": [-3.91, 15.09, 8.79],
			"rotation": {"angle": -22.5, "axis": "z", "origin": [1.3, 2, 16]},
			"faces": {
				"north": {"uv": [4, 7.5, 5, 10], "texture": "#1"},
				"east": {"uv": [7.5, 4, 8.5, 6.5], "texture": "#1"},
				"south": {"uv": [5, 7.5, 6, 10], "texture": "#1"},
				"west": {"uv": [6, 7.5, 7, 10], "texture": "#1"},
				"up": {"uv": [9, 10, 8, 9], "texture": "#1"},
				"down": {"uv": [10, 8, 9, 9], "texture": "#1"}
			}
		},
		{
			"from": [-3.8, 10.2, 7.4],
			"to": [-0.2, 11.2, 8.4],
			"rotation": {"angle": 0, "axis": "y", "origin": [1.3, 2, 15.7]},
			"faces": {
				"north": {"uv": [8.5, 6, 10.5, 6.5], "texture": "#1"},
				"east": {"uv": [12, 6, 12.5, 6.5], "texture": "#1"},
				"south": {"uv": [9, 9, 11, 9.5], "texture": "#1"},
				"west": {"uv": [12, 7.5, 12.5, 8], "texture": "#1"},
				"up": {"uv": [11.5, 0.5, 9.5, 0], "texture": "#1"},
				"down": {"uv": [11.5, 0.5, 9.5, 1], "texture": "#1"}
			}
		},
		{
			"from": [2.5, 17.1, 7.4],
			"to": [3.5, 20.7, 8.5],
			"rotation": {"angle": 22.5, "axis": "z", "origin": [1.3, 2, 15.7]},
			"faces": {
				"north": {"uv": [3, 9.5, 3.5, 11.5], "texture": "#1"},
				"east": {"uv": [3.5, 9.5, 4, 11.5], "texture": "#1"},
				"south": {"uv": [9.5, 4, 10, 6], "texture": "#1"},
				"west": {"uv": [9, 9.5, 9.5, 11.5], "texture": "#1"},
				"up": {"uv": [8.5, 12.5, 8, 12], "texture": "#1"},
				"down": {"uv": [12.5, 8, 12, 8.5], "texture": "#1"}
			}
		},
		{
			"from": [2.9, 11.7, 11.8],
			"to": [3.9, 12.8, 14.4],
			"rotation": {"angle": -22.5, "axis": "x", "origin": [1.3, 2, 15.7]},
			"faces": {
				"north": {"uv": [8.5, 12, 9, 12.5], "texture": "#1"},
				"east": {"uv": [11, 4, 12.5, 4.5], "texture": "#1"},
				"south": {"uv": [12, 8.5, 12.5, 9], "texture": "#1"},
				"west": {"uv": [11, 4.5, 12.5, 5], "texture": "#1"},
				"up": {"uv": [6, 12.5, 5.5, 11], "texture": "#1"},
				"down": {"uv": [6.5, 11, 6, 12.5], "texture": "#1"}
			}
		},
		{
			"from": [-9.4, 11.3, 7.4],
			"to": [-8.4, 13.9, 8.5],
			"rotation": {"angle": -45, "axis": "z", "origin": [1.3, 2, 15.7]},
			"faces": {
				"north": {"uv": [6.5, 11, 7, 12.5], "texture": "#1"},
				"east": {"uv": [11, 9, 11.5, 10.5], "texture": "#1"},
				"south": {"uv": [10.5, 11, 11, 12.5], "texture": "#1"},
				"west": {"uv": [11, 10.5, 11.5, 12], "texture": "#1"},
				"up": {"uv": [12.5, 10, 12, 9.5], "texture": "#1"},
				"down": {"uv": [12.5, 10, 12, 10.5], "texture": "#1"}
			}
		},
		{
			"from": [-2.7, 17.1, 20.6],
			"to": [-1.7, 18.1, 24.2],
			"rotation": {"angle": -45, "axis": "x", "origin": [1.3, 2, 15.7]},
			"faces": {
				"north": {"uv": [12, 10.5, 12.5, 11], "texture": "#1"},
				"east": {"uv": [9.5, 1, 11.5, 1.5], "texture": "#1"},
				"south": {"uv": [11, 12, 11.5, 12.5], "texture": "#1"},
				"west": {"uv": [9.5, 1.5, 11.5, 2], "texture": "#1"},
				"up": {"uv": [10, 11.5, 9.5, 9.5], "texture": "#1"},
				"down": {"uv": [0.5, 10, 0, 12], "texture": "#1"}
			}
		},
		{
			"from": [-9.3, 15.9, 10.1],
			"to": [-8.3, 19.3, 11.1],
			"rotation": {"angle": -22.5, "axis": "z", "origin": [1.3, 1.1, 16.7]},
			"faces": {
				"north": {"uv": [11.5, 0, 12, 1.5], "texture": "#1"},
				"east": {"uv": [11.5, 1.5, 12, 3], "texture": "#1"},
				"south": {"uv": [3, 11.5, 3.5, 13], "texture": "#1"},
				"west": {"uv": [3.5, 11.5, 4, 13], "texture": "#1"},
				"up": {"uv": [12.5, 11.5, 12, 11], "texture": "#1"},
				"down": {"uv": [12.5, 11.5, 12, 12], "texture": "#1"}
			}
		},
		{
			"from": [-0.9, 10.7, 9.9],
			"to": [-0.1, 14.1, 10.8],
			"rotation": {"angle": -22.5, "axis": "z", "origin": [1.3, 1.2, 16]},
			"faces": {
				"north": {"uv": [4, 11.5, 4.5, 13], "texture": "#1"},
				"east": {"uv": [4.5, 11.5, 5, 13], "texture": "#1"},
				"south": {"uv": [5, 11.5, 5.5, 13], "texture": "#1"},
				"west": {"uv": [9, 11.5, 9.5, 13], "texture": "#1"},
				"up": {"uv": [12.5, 12.5, 12, 12], "texture": "#1"},
				"down": {"uv": [13, 0, 12.5, 0.5], "texture": "#1"}
			}
		},
		{
			"from": [-11.20883, 4.15614, 7.4],
			"to": [-8.20883, 5.15614, 8.4],
			"rotation": {"angle": -45, "axis": "z", "origin": [1.29117, 1.85614, 15.7]},
			"faces": {
				"north": {"uv": [11, 5, 12.5, 5.5], "texture": "#1"},
				"east": {"uv": [0.5, 12.5, 1, 13], "texture": "#1"},
				"south": {"uv": [11, 5.5, 12.5, 6], "texture": "#1"},
				"west": {"uv": [12.5, 0.5, 13, 1], "texture": "#1"},
				"up": {"uv": [12.5, 7, 11, 6.5], "texture": "#1"},
				"down": {"uv": [12.5, 7, 11, 7.5], "texture": "#1"}
			}
		}
	],
	"gui_light": "front",
	"display": {
		"thirdperson_righthand": {
			"scale": [0.5, 0.5, 0.5]
		},
		"thirdperson_lefthand": {
			"scale": [0.5, 0.5, 0.5]
		},
		"firstperson_righthand": {
			"translation": [1.25, 0.25, 0],
			"scale": [0.5, 0.5, 0.5]
		},
		"firstperson_lefthand": {
			"translation": [1.25, 0.25, 0],
			"scale": [0.5, 0.5, 0.5]
		},
		"gui": {
			"rotation": [-20, 0, 0],
			"translation": [0, -4, 0],
			"scale": [0.5, 0.5, 0.5]
		},
		"head": {
			"translation": [0, 6.5, 0],
			"scale": [1.6, 1.6, 1.6]
		},
		"fixed": {
			"translation": [0, -2.5, 0],
			"scale": [0.5, 0.5, 0.5]
		}
	},
	"groups": [
		{
			"name": "antlers",
			"origin": [1.29117, 1.85614, 15.7],
			"color": 0,
			"children": [0, 1, 2, 3, 4, 5, 6, 7, 8, 9, 10, 11, 12, 13, 14, 15, 16, 17, 18, 19, 20, 21, 22, 23]
		}
	]
}