{
	"credit": "Made with Blockbench",
	"texture_size": [64, 64],
	"textures": {
		"0": "block/custom/cat_in_the_hat",
		"particle": "block/custom/cat_in_the_hat"
	},
	"elements": [
		{
			"from": [4.55, 16.73358, 4.94356],
			"to": [11.45, 24.73358, 12.74356],
			"rotation": {"angle": 22.5, "axis": "x", "origin": [7.75, 15.2386, 5.14147]},
			"faces": {
				"north": {"uv": [1.75, 7.5, 3.5, 9.5], "texture": "#0"},
				"east": {"uv": [0, 7.5, 1.75, 9.5], "texture": "#0"},
				"south": {"uv": [5.25, 7.5, 7, 9.5], "texture": "#0"},
				"west": {"uv": [3.5, 7.5, 5.25, 9.5], "texture": "#0"},
				"up": {"uv": [3.5, 7.5, 1.75, 5.75], "texture": "#0"},
				"down": {"uv": [5.25, 5.75, 3.5, 7.5], "texture": "#0"}
			}
		},
		{
			"from": [3, 8, 3],
			"to": [13, 9, 13],
			"rotation": {"angle": 0, "axis": "y", "origin": [0, 0, 16]},
			"faces": {
				"north": {"uv": [2.5, 2.5, 5, 2.75], "texture": "#0"},
				"east": {"uv": [0, 2.5, 2.5, 2.75], "texture": "#0"},
				"south": {"uv": [7.5, 2.5, 10, 2.75], "texture": "#0"},
				"west": {"uv": [5, 2.5, 7.5, 2.75], "texture": "#0"},
				"up": {"uv": [5, 2.5, 2.5, 0], "texture": "#0"},
				"down": {"uv": [7.5, 0, 5, 2.5], "texture": "#0"}
			}
		},
		{
			"from": [4, 9, 4],
			"to": [12, 13, 12],
			"rotation": {"angle": 0, "axis": "y", "origin": [0, 0, 16]},
			"faces": {
				"north": {"uv": [2, 4.75, 4, 5.75], "texture": "#0"},
				"east": {"uv": [0, 4.75, 2, 5.75], "texture": "#0"},
				"south": {"uv": [6, 4.75, 8, 5.75], "texture": "#0"},
				"west": {"uv": [4, 4.75, 6, 5.75], "texture": "#0"},
				"up": {"uv": [4, 4.75, 2, 2.75], "texture": "#0"},
				"down": {"uv": [6, 2.75, 4, 4.75], "texture": "#0"}
			}
		},
		{
			"from": [4.05, 12.69531, 4.93595],
			"to": [11.95, 16.69531, 12.73595],
			"rotation": {"angle": 22.5, "axis": "x", "origin": [7.7, 15.20033, 5.23386]},
			"faces": {
				"north": {"uv": [8, 5.75, 9.75, 6.75], "texture": "#0"},
				"east": {"uv": [6.25, 5.75, 8, 6.75], "texture": "#0"},
				"south": {"uv": [11.5, 5.75, 13.25, 6.75], "texture": "#0"},
				"west": {"uv": [9.75, 5.75, 11.5, 6.75], "texture": "#0"},
				"up": {"uv": [9.75, 5.75, 8, 4], "texture": "#0"},
				"down": {"uv": [11.5, 4, 9.75, 5.75], "texture": "#0"}
			}
		}
	],
	"display": {
		"thirdperson_righthand": {
			"translation": [0, -1, -3.25],
			"scale": [0.65, 0.65, 0.65]
		},
		"thirdperson_lefthand": {
			"translation": [0, -1, -3.25],
			"scale": [0.65, 0.65, 0.65]
		},
		"firstperson_righthand": {
			"translation": [3.25, -1.25, 0],
			"scale": [0.5, 0.5, 0.5]
		},
		"firstperson_lefthand": {
			"translation": [3.25, -1.25, 0],
			"scale": [0.5, 0.5, 0.5]
		},
		"ground": {
			"translation": [0, -2.5, 0],
			"scale": [1.6, 1.6, 1.6]
		},
		"gui": {
			"rotation": [0, 100, 10],
			"translation": [-0.25, -6.75, 0],
			"scale": [0.9, 0.9, 0.9]
		},
		"head": {
			"rotation": [15, 0, 0],
			"translation": [0, 5, 0],
			"scale": [1.61, 1.6, 1.6]
		},
		"fixed": {
			"rotation": [-90, 0, 0],
			"scale": [3, 3, 3]
		}
	}
}