{
	"credit": "Made with Blockbench",
	"texture_size": [32, 32],
	"textures": {
		"2": "block/custom/christmas_hat",
		"particle": "block/custom/christmas_hat"
	},
	"elements": [
		{
			"from": [3, 7, 3],
			"to": [13, 9, 13],
			"rotation": {"angle": 0, "axis": "y", "origin": [7, 0, 7]},
			"faces": {
				"north": {"uv": [9, 11, 14, 12], "texture": "#2"},
				"east": {"uv": [11, 10, 16, 11], "texture": "#2"},
				"south": {"uv": [9, 12, 14, 13], "texture": "#2"},
				"west": {"uv": [0, 13, 5, 14], "texture": "#2"},
				"up": {"uv": [5, 5, 0, 0], "texture": "#2"},
				"down": {"uv": [5, 5, 0, 10], "texture": "#2"}
			}
		},
		{
			"from": [4, 9, 4],
			"to": [12, 13, 12],
			"rotation": {"angle": 0, "axis": "y", "origin": [7, 0, 7]},
			"faces": {
				"north": {"uv": [9, 0, 13, 2], "texture": "#2"},
				"east": {"uv": [9, 2, 13, 4], "texture": "#2"},
				"south": {"uv": [9, 4, 13, 6], "texture": "#2"},
				"west": {"uv": [9, 6, 13, 8], "texture": "#2"},
				"up": {"uv": [9, 4, 5, 0], "texture": "#2"},
				"down": {"uv": [9, 4, 5, 8], "texture": "#2"}
			}
		},
		{
			"from": [5.23044, 10.75, 5],
			"to": [11.23044, 14.75, 11],
			"rotation": {"angle": -22.5, "axis": "z", "origin": [10.23044, 13, 10]},
			"faces": {
				"north": {"uv": [0, 10, 3, 12], "texture": "#2"},
				"east": {"uv": [3, 11, 6, 13], "texture": "#2"},
				"south": {"uv": [6, 11, 9, 13], "texture": "#2"},
				"west": {"uv": [11, 8, 14, 10], "texture": "#2"},
				"up": {"uv": [8, 11, 5, 8], "texture": "#2"},
				"down": {"uv": [11, 8, 8, 11], "texture": "#2"}
			}
		},
		{
			"from": [7.98044, 13, 6],
			"to": [12.98044, 17, 10],
			"rotation": {"angle": 22.5, "axis": "z", "origin": [10.23044, 13, 10]},
			"faces": {
				"north": {"uv": [13, 0, 15.5, 2], "texture": "#2"},
				"east": {"uv": [13, 6, 15, 8], "texture": "#2"},
				"south": {"uv": [13, 2, 15.5, 4], "texture": "#2"},
				"west": {"uv": [7.5, 13, 9.5, 15], "texture": "#2"},
				"up": {"uv": [15.5, 6, 13, 4], "texture": "#2"},
				"down": {"uv": [7.5, 13, 5, 15], "texture": "#2"}
			}
		},
		{
			"from": [7.7603, 8.82112, 7],
			"to": [9.7603, 13.82112, 9],
			"rotation": {"angle": 45, "axis": "z", "origin": [5.7603, 17.57112, 10]},
			"faces": {
				"north": {"uv": [9.5, 13, 10.5, 15.5], "texture": "#2"},
				"east": {"uv": [10.5, 13, 11.5, 15.5], "texture": "#2"},
				"south": {"uv": [11.5, 13, 12.5, 15.5], "texture": "#2"},
				"west": {"uv": [12.5, 13, 13.5, 15.5], "texture": "#2"},
				"up": {"uv": [4, 11, 3, 10], "texture": "#2"},
				"down": {"uv": [5, 10, 4, 11], "texture": "#2"}
			}
		},
		{
			"from": [12.75, 11.25, 6.5],
			"to": [15.75, 14.25, 9.5],
			"rotation": {"angle": -22.5, "axis": "z", "origin": [15, 12.5, 8]},
			"faces": {
				"north": {"uv": [13.5, 13, 15, 14.5], "texture": "#2"},
				"east": {"uv": [0, 14, 1.5, 15.5], "texture": "#2"},
				"south": {"uv": [1.5, 14, 3, 15.5], "texture": "#2"},
				"west": {"uv": [3, 14, 4.5, 15.5], "texture": "#2"},
				"up": {"uv": [15.5, 9.5, 14, 8], "texture": "#2"},
				"down": {"uv": [15.5, 11, 14, 12.5], "texture": "#2"}
			}
		}
	],
	"gui_light": "front",
	"display": {
		"thirdperson_righthand": {
			"translation": [0, 0, -3],
			"scale": [0.65, 0.65, 0.65]
		},
		"thirdperson_lefthand": {
			"translation": [0, 0, -3],
			"scale": [0.65, 0.65, 0.65]
		},
		"firstperson_righthand": {
			"rotation": [0, 45, 0],
			"scale": [0.4, 0.4, 0.4]
		},
		"firstperson_lefthand": {
			"rotation": [0, 45, 0],
			"scale": [0.4, 0.4, 0.4]
		},
		"ground": {
			"scale": [0.65, 0.65, 0.65]
		},
		"gui": {
			"rotation": [30, -135, 0],
			"translation": [0, -2.5, 0]
		},
		"head": {
			"translation": [0, 6, 0],
			"scale": [1.6, 1.6, 1.6]
		},
		"fixed": {
			"translation": [0, -4.25, 0]
		}
	}
}