{
	"credit": "Made with Blockbench",
	"texture_size": [128, 128],
	"textures": {
		"0": "block/custom/english_cap",
		"particle": "block/custom/english_cap"
	},
	"elements": [
		{
			"from": [4, 8, 4],
			"to": [12, 9, 12],
			"faces": {
				"north": {"uv": [5, 2.75, 6, 2.875], "texture": "#0"},
				"east": {"uv": [4, 2.75, 5, 2.875], "texture": "#0"},
				"south": {"uv": [7, 2.75, 8, 2.875], "texture": "#0"},
				"west": {"uv": [6, 2.75, 7, 2.875], "texture": "#0"},
				"up": {"uv": [6, 2.75, 5, 1.75], "texture": "#0"},
				"down": {"uv": [7, 1.75, 6, 2.75], "texture": "#0"}
			}
		},
		{
			"from": [12, 8, 4],
			"to": [13, 9, 12],
			"faces": {
				"north": {"uv": [2.25, 6.625, 2.375, 6.75], "texture": "#0"},
				"east": {"uv": [1.25, 6.625, 2.25, 6.75], "texture": "#0"},
				"south": {"uv": [3.375, 6.625, 3.5, 6.75], "texture": "#0"},
				"west": {"uv": [2.375, 6.625, 3.375, 6.75], "texture": "#0"},
				"up": {"uv": [2.375, 6.625, 2.25, 5.625], "texture": "#0"},
				"down": {"uv": [2.5, 5.625, 2.375, 6.625], "texture": "#0"}
			}
		},
		{
			"from": [3, 8, 4],
			"to": [4, 9, 12],
			"faces": {
				"north": {"uv": [1, 6.5, 1.125, 6.625], "texture": "#0"},
				"east": {"uv": [0, 6.5, 1, 6.625], "texture": "#0"},
				"south": {"uv": [2.125, 6.5, 2.25, 6.625], "texture": "#0"},
				"west": {"uv": [1.125, 6.5, 2.125, 6.625], "texture": "#0"},
				"up": {"uv": [1.125, 6.5, 1, 5.5], "texture": "#0"},
				"down": {"uv": [1.25, 5.5, 1.125, 6.5], "texture": "#0"}
			}
		},
		{
			"from": [4, 8, 3],
			"to": [12, 9, 4],
			"faces": {
				"north": {"uv": [6.125, 1.25, 7.125, 1.375], "texture": "#0"},
				"east": {"uv": [6, 1.25, 6.125, 1.375], "texture": "#0"},
				"south": {"uv": [7.25, 1.25, 8.25, 1.375], "texture": "#0"},
				"west": {"uv": [7.125, 1.25, 7.25, 1.375], "texture": "#0"},
				"up": {"uv": [7.125, 1.25, 6.125, 1.125], "texture": "#0"},
				"down": {"uv": [8.125, 1.125, 7.125, 1.25], "texture": "#0"}
			}
		},
		{
			"from": [4, 7, 12],
			"to": [12, 10, 13],
			"faces": {
				"north": {"uv": [5.125, 6.25, 6.125, 6.625], "texture": "#0"},
				"east": {"uv": [5, 6.25, 5.125, 6.625], "texture": "#0"},
				"south": {"uv": [6.25, 6.25, 7.25, 6.625], "texture": "#0"},
				"west": {"uv": [6.125, 6.25, 6.25, 6.625], "texture": "#0"},
				"up": {"uv": [6.125, 6.25, 5.125, 6.125], "texture": "#0"},
				"down": {"uv": [7.125, 6.125, 6.125, 6.25], "texture": "#0"}
			}
		},
		{
			"from": [6, 8, -1],
			"to": [12, 9, 3],
			"faces": {
				"north": {"uv": [6.5, 0.5, 7.25, 0.625], "texture": "#0"},
				"east": {"uv": [6, 0.5, 6.5, 0.625], "texture": "#0"},
				"south": {"uv": [7.75, 0.5, 8.5, 0.625], "texture": "#0"},
				"west": {"uv": [7.25, 0.5, 7.75, 0.625], "texture": "#0"},
				"up": {"uv": [7.25, 0.5, 6.5, 0], "texture": "#0"},
				"down": {"uv": [8, 0, 7.25, 0.5], "texture": "#0"}
			}
		},
		{
			"from": [12, 8, 2],
			"to": [13, 9, 4],
			"faces": {
				"north": {"uv": [0.25, 1.125, 0.375, 1.25], "texture": "#0"},
				"east": {"uv": [0, 1.125, 0.25, 1.25], "texture": "#0"},
				"south": {"uv": [0.625, 1.125, 0.75, 1.25], "texture": "#0"},
				"west": {"uv": [0.375, 1.125, 0.625, 1.25], "texture": "#0"},
				"up": {"uv": [0.375, 1.125, 0.25, 0.875], "texture": "#0"},
				"down": {"uv": [0.5, 0.875, 0.375, 1.125], "texture": "#0"}
			}
		},
		{
			"from": [3, 8, 2],
			"to": [4, 10, 4],
			"faces": {
				"north": {"uv": [0.75, 0.875, 0.875, 1.125], "texture": "#0"},
				"east": {"uv": [0.5, 0.875, 0.75, 1.125], "texture": "#0"},
				"south": {"uv": [1.125, 0.875, 1.25, 1.125], "texture": "#0"},
				"west": {"uv": [0.875, 0.875, 1.125, 1.125], "texture": "#0"},
				"up": {"uv": [0.875, 0.875, 0.75, 0.625], "texture": "#0"},
				"down": {"uv": [1, 0.625, 0.875, 0.875], "texture": "#0"}
			}
		},
		{
			"from": [3, 10, 1],
			"to": [13, 11, 14],
			"faces": {
				"north": {"uv": [1.625, 1.625, 2.875, 1.75], "texture": "#0"},
				"east": {"uv": [0, 1.625, 1.625, 1.75], "texture": "#0"},
				"south": {"uv": [4.5, 1.625, 5.75, 1.75], "texture": "#0"},
				"west": {"uv": [2.875, 1.625, 4.5, 1.75], "texture": "#0"},
				"up": {"uv": [2.875, 1.625, 1.625, 0], "texture": "#0"},
				"down": {"uv": [4.125, 0, 2.875, 1.625], "texture": "#0"}
			}
		},
		{
			"from": [2, 9, 3],
			"to": [13, 11, 13],
			"faces": {
				"north": {"uv": [1.25, 3, 2.625, 3.25], "texture": "#0"},
				"east": {"uv": [0, 3, 1.25, 3.25], "texture": "#0"},
				"south": {"uv": [3.875, 3, 5.25, 3.25], "texture": "#0"},
				"west": {"uv": [2.625, 3, 3.875, 3.25], "texture": "#0"},
				"up": {"uv": [2.625, 3, 1.25, 1.75], "texture": "#0"},
				"down": {"uv": [4, 1.75, 2.625, 3], "texture": "#0"}
			}
		},
		{
			"from": [12, 9, 2],
			"to": [14, 11, 13],
			"faces": {
				"north": {"uv": [5.5, 1.375, 5.75, 1.625], "texture": "#0"},
				"east": {"uv": [4.125, 1.375, 5.5, 1.625], "texture": "#0"},
				"south": {"uv": [7.125, 1.375, 7.375, 1.625], "texture": "#0"},
				"west": {"uv": [5.75, 1.375, 7.125, 1.625], "texture": "#0"},
				"up": {"uv": [5.75, 1.375, 5.5, 0], "texture": "#0"},
				"down": {"uv": [6, 0, 5.75, 1.375], "texture": "#0"}
			}
		},
		{
			"from": [4, 7, 6],
			"to": [13, 8, 12],
			"faces": {
				"north": {"uv": [0.75, 5.375, 1.875, 5.5], "texture": "#0"},
				"east": {"uv": [0, 5.375, 0.75, 5.5], "texture": "#0"},
				"south": {"uv": [2.625, 5.375, 3.75, 5.5], "texture": "#0"},
				"west": {"uv": [1.875, 5.375, 2.625, 5.5], "texture": "#0"},
				"up": {"uv": [1.875, 5.375, 0.75, 4.625], "texture": "#0"},
				"down": {"uv": [3, 4.625, 1.875, 5.375], "texture": "#0"}
			}
		},
		{
			"from": [3, 7, 6],
			"to": [4, 8, 12],
			"faces": {
				"north": {"uv": [3.5, 7.25, 3.625, 7.375], "texture": "#0"},
				"east": {"uv": [2.75, 7.25, 3.5, 7.375], "texture": "#0"},
				"south": {"uv": [4.375, 7.25, 4.5, 7.375], "texture": "#0"},
				"west": {"uv": [3.625, 7.25, 4.375, 7.375], "texture": "#0"},
				"up": {"uv": [3.625, 7.25, 3.5, 6.5], "texture": "#0"},
				"down": {"uv": [3.75, 6.5, 3.625, 7.25], "texture": "#0"}
			}
		},
		{
			"from": [3, 11, 3],
			"to": [13, 12, 13.1],
			"faces": {
				"north": {"uv": [1.25, 4.5, 2.5, 4.625], "texture": "#0"},
				"east": {"uv": [0, 4.5, 1.25, 4.625], "texture": "#0"},
				"south": {"uv": [3.75, 4.5, 5, 4.625], "texture": "#0"},
				"west": {"uv": [2.5, 4.5, 3.75, 4.625], "texture": "#0"},
				"up": {"uv": [2.5, 4.5, 1.25, 3.25], "texture": "#0"},
				"down": {"uv": [3.75, 3.25, 2.5, 4.5], "texture": "#0"}
			}
		},
		{
			"from": [4, 11, 1],
			"to": [12, 12, 3],
			"faces": {
				"north": {"uv": [2.75, 6.375, 3.75, 6.5], "texture": "#0"},
				"east": {"uv": [2.5, 6.375, 2.75, 6.5], "texture": "#0"},
				"south": {"uv": [4, 6.375, 5, 6.5], "texture": "#0"},
				"west": {"uv": [3.75, 6.375, 4, 6.5], "texture": "#0"},
				"up": {"uv": [3.75, 6.375, 2.75, 6.125], "texture": "#0"},
				"down": {"uv": [4.75, 6.125, 3.75, 6.375], "texture": "#0"}
			}
		},
		{
			"from": [5, 12, 2.9],
			"to": [11, 13, 13.1],
			"faces": {
				"north": {"uv": [5, 4.625, 5.75, 4.75], "texture": "#0"},
				"east": {"uv": [3.75, 4.625, 5, 4.75], "texture": "#0"},
				"south": {"uv": [7, 4.625, 7.75, 4.75], "texture": "#0"},
				"west": {"uv": [5.75, 4.625, 7, 4.75], "texture": "#0"},
				"up": {"uv": [5.75, 4.625, 5, 3.375], "texture": "#0"},
				"down": {"uv": [6.5, 3.375, 5.75, 4.625], "texture": "#0"}
			}
		},
		{
			"from": [4.1, 7, -7],
			"to": [11.9, 9, -5],
			"rotation": {"angle": 45, "axis": "x", "origin": [0, 0, 0]},
			"faces": {
				"north": {"uv": [6.25, 0.875, 7.125, 1.125], "texture": "#0"},
				"east": {"uv": [6, 0.875, 6.25, 1.125], "texture": "#0"},
				"south": {"uv": [7.375, 0.875, 8.25, 1.125], "texture": "#0"},
				"west": {"uv": [7.125, 0.875, 7.375, 1.125], "texture": "#0"},
				"up": {"uv": [7.125, 0.875, 6.25, 0.625], "texture": "#0"},
				"down": {"uv": [8, 0.625, 7.125, 0.875], "texture": "#0"}
			}
		},
		{
			"from": [4, 10, 0],
			"to": [12, 11, 2],
			"faces": {
				"north": {"uv": [6.125, 5.875, 7.125, 6], "texture": "#0"},
				"east": {"uv": [5.875, 5.875, 6.125, 6], "texture": "#0"},
				"south": {"uv": [7.375, 5.875, 8.375, 6], "texture": "#0"},
				"west": {"uv": [7.125, 5.875, 7.375, 6], "texture": "#0"},
				"up": {"uv": [7.125, 5.875, 6.125, 5.625], "texture": "#0"},
				"down": {"uv": [8.125, 5.625, 7.125, 5.875], "texture": "#0"}
			}
		},
		{
			"from": [3.1, 7, 5],
			"to": [12.9, 9, 6],
			"rotation": {"angle": -22.5, "axis": "x", "origin": [0, 0, 0]},
			"faces": {
				"north": {"uv": [6, 5.375, 7.125, 5.625], "texture": "#0"},
				"east": {"uv": [5.875, 5.375, 6, 5.625], "texture": "#0"},
				"south": {"uv": [7.25, 5.375, 8.375, 5.625], "texture": "#0"},
				"west": {"uv": [7.125, 5.375, 7.25, 5.625], "texture": "#0"},
				"up": {"uv": [7.125, 5.375, 6, 5.25], "texture": "#0"},
				"down": {"uv": [8.25, 5.25, 7.125, 5.375], "texture": "#0"}
			}
		},
		{
			"from": [4, 8, -1],
			"to": [6, 9, 3],
			"faces": {
				"north": {"uv": [0.5, 0.5, 0.75, 0.625], "texture": "#0"},
				"east": {"uv": [0, 0.5, 0.5, 0.625], "texture": "#0"},
				"south": {"uv": [1.25, 0.5, 1.5, 0.625], "texture": "#0"},
				"west": {"uv": [0.75, 0.5, 1.25, 0.625], "texture": "#0"},
				"up": {"uv": [0.75, 0.5, 0.5, 0], "texture": "#0"},
				"down": {"uv": [1, 0, 0.75, 0.5], "texture": "#0"}
			}
		},
		{
			"from": [3.1, 9, -3],
			"to": [12.9, 11, -1],
			"rotation": {"angle": 45, "axis": "x", "origin": [0, 0, 0]},
			"faces": {
				"north": {"uv": [6.125, 5, 7.25, 5.25], "texture": "#0"},
				"east": {"uv": [5.875, 5, 6.125, 5.25], "texture": "#0"},
				"south": {"uv": [7.5, 5, 8.625, 5.25], "texture": "#0"},
				"west": {"uv": [7.25, 5, 7.5, 5.25], "texture": "#0"},
				"up": {"uv": [7.25, 5, 6.125, 4.75], "texture": "#0"},
				"down": {"uv": [8.375, 4.75, 7.25, 5], "texture": "#0"}
			}
		},
		{
			"from": [3.1, -3, 14],
			"to": [12.9, -2, 17],
			"rotation": {"angle": -45, "axis": "x", "origin": [0, 0, 0]},
			"faces": {
				"north": {"uv": [5.25, 3.25, 6.375, 3.375], "texture": "#0"},
				"east": {"uv": [4.875, 3.25, 5.25, 3.375], "texture": "#0"},
				"south": {"uv": [6.75, 3.25, 7.875, 3.375], "texture": "#0"},
				"west": {"uv": [6.375, 3.25, 6.75, 3.375], "texture": "#0"},
				"up": {"uv": [6.375, 3.25, 5.25, 2.875], "texture": "#0"},
				"down": {"uv": [7.5, 2.875, 6.375, 3.25], "texture": "#0"}
			}
		},
		{
			"from": [5, 17, 1],
			"to": [11, 18, 2],
			"rotation": {"angle": 45, "axis": "x", "origin": [0, 0, 0]},
			"faces": {
				"north": {"uv": [6.625, 3.875, 7.375, 4], "texture": "#0"},
				"east": {"uv": [6.5, 3.875, 6.625, 4], "texture": "#0"},
				"south": {"uv": [7.5, 3.875, 8.25, 4], "texture": "#0"},
				"west": {"uv": [7.375, 3.875, 7.5, 4], "texture": "#0"},
				"up": {"uv": [7.375, 3.875, 6.625, 3.75], "texture": "#0"},
				"down": {"uv": [8.125, 3.75, 7.375, 3.875], "texture": "#0"}
			}
		},
		{
			"from": [7.58804, 8.93437, 4],
			"to": [9.58804, 9.93437, 13],
			"rotation": {"angle": 22.5, "axis": "z", "origin": [-0.41196, -0.06563, 0]},
			"faces": {
				"north": {"uv": [5.375, 6, 5.625, 6.125], "texture": "#0"},
				"east": {"uv": [4.25, 6, 5.375, 6.125], "texture": "#0"},
				"south": {"uv": [6.75, 6, 7, 6.125], "texture": "#0"},
				"west": {"uv": [5.625, 6, 6.75, 6.125], "texture": "#0"},
				"up": {"uv": [5.625, 6, 5.375, 4.875], "texture": "#0"},
				"down": {"uv": [5.875, 4.875, 5.625, 6], "texture": "#0"}
			}
		},
		{
			"from": [5.25767, 15.13134, 4],
			"to": [7.25767, 16.13134, 13],
			"rotation": {"angle": -22.5, "axis": "z", "origin": [0.25767, 0.13134, 0]},
			"faces": {
				"north": {"uv": [3.75, 5.875, 4, 6], "texture": "#0"},
				"east": {"uv": [2.625, 5.875, 3.75, 6], "texture": "#0"},
				"south": {"uv": [5.125, 5.875, 5.375, 6], "texture": "#0"},
				"west": {"uv": [4, 5.875, 5.125, 6], "texture": "#0"},
				"up": {"uv": [4, 5.875, 3.75, 4.75], "texture": "#0"},
				"down": {"uv": [4.25, 4.75, 4, 5.875], "texture": "#0"}
			}
		},
		{
			"from": [7, 13, 8],
			"to": [9, 13, 10],
			"faces": {
				"north": {"uv": [0.25, 0.875, 0.5, 0.875], "texture": "#0"},
				"east": {"uv": [0, 0.875, 0.25, 0.875], "texture": "#0"},
				"south": {"uv": [0.75, 0.875, 1, 0.875], "texture": "#0"},
				"west": {"uv": [0.5, 0.875, 0.75, 0.875], "texture": "#0"},
				"up": {"uv": [0.5, 0.875, 0.25, 0.625], "texture": "#0"},
				"down": {"uv": [0.75, 0.625, 0.5, 0.875], "texture": "#0"}
			}
		}
	],
	"display": {
		"thirdperson_righthand": {
			"rotation": [75, 45, 0],
			"translation": [0, 2.5, 0],
			"scale": [0.375, 0.375, 0.375]
		},
		"thirdperson_lefthand": {
			"rotation": [75, 45, 0],
			"translation": [0, 2.5, 0],
			"scale": [0.375, 0.375, 0.375]
		},
		"firstperson_righthand": {
			"rotation": [0, 45, 0],
			"scale": [0.4, 0.4, 0.4]
		},
		"firstperson_lefthand": {
			"rotation": [0, 225, 0],
			"scale": [0.4, 0.4, 0.4]
		},
		"ground": {
			"scale": [0.66, 0.66, 0.66]
		},
		"gui": {
			"rotation": [30, 225, 0],
			"translation": [-0.5, -1.5, 0],
			"scale": [0.825, 0.825, 0.825]
		},
		"head": {
			"rotation": [5.5, 0, 0],
			"translation": [0, 1.5, 0],
			"scale": [1.48242, 1.44922, 1.48828]
		}
	}
}