{
	"credit": "Made with Blockbench",
	"texture_size": [64, 64],
	"textures": {
		"1": "block/custom/hat_stack"
	},
	"elements": [
		{
			"from": [3, 8.01, 3],
			"to": [12, 12.01, 13],
			"faces": {
				"north": {"uv": [7.75, 11.5, 10, 12.5], "texture": "#1"},
				"east": {"uv": [12, 6, 14.5, 7], "texture": "#1"},
				"south": {"uv": [12, 10, 14.25, 11], "texture": "#1"},
				"west": {"uv": [12, 7, 14.5, 8], "texture": "#1"},
				"up": {"uv": [10, 11.5, 7.75, 9], "texture": "#1"},
				"down": {"uv": [12, 6, 9.75, 8.5], "texture": "#1"}
			}
		},
		{
			"from": [2, 8, 2],
			"to": [13, 8, 14],
			"faces": {
				"north": {"uv": [0, 0, 2.75, 0], "texture": "#1"},
				"east": {"uv": [0, 0, 3, 0], "texture": "#1"},
				"south": {"uv": [0, 0, 2.75, 0], "texture": "#1"},
				"west": {"uv": [0, 0, 3, 0], "texture": "#1"},
				"up": {"uv": [9.75, 9, 7, 6], "texture": "#1"},
				"down": {"uv": [2.75, 7.75, 0, 10.75], "texture": "#1"}
			}
		},
		{
			"from": [2, 12.01, 2],
			"to": [14, 16.01, 14],
			"faces": {
				"north": {"uv": [12, 2, 15, 3], "texture": "#1"},
				"east": {"uv": [12, 3, 15, 4], "texture": "#1"},
				"south": {"uv": [12, 4, 15, 5], "texture": "#1"},
				"west": {"uv": [12, 5, 15, 6], "texture": "#1"},
				"up": {"uv": [10, 3, 7, 0], "texture": "#1"},
				"down": {"uv": [10, 3, 7, 6], "texture": "#1"}
			}
		},
		{
			"from": [1, 12, 1],
			"to": [15, 12, 15],
			"faces": {
				"north": {"uv": [0, 0, 3.5, 0], "texture": "#1"},
				"east": {"uv": [0, 0, 3.5, 0], "texture": "#1"},
				"south": {"uv": [0, 0, 3.5, 0], "texture": "#1"},
				"west": {"uv": [0, 0, 3.5, 0], "texture": "#1"},
				"up": {"uv": [3.5, 7.75, 0, 4.25], "texture": "#1"},
				"down": {"uv": [7, 4.25, 3.5, 7.75], "texture": "#1"}
			}
		},
		{
			"from": [-7, 26.01, 2],
			"to": [3, 30.01, 15],
			"rotation": {"angle": -22.5, "axis": "z", "origin": [0, 0, 0]},
			"faces": {
				"north": {"uv": [12, 8, 14.5, 9], "texture": "#1"},
				"east": {"uv": [12, 0, 15.25, 1], "texture": "#1"},
				"south": {"uv": [12, 9, 14.5, 10], "texture": "#1"},
				"west": {"uv": [12, 1, 15.25, 2], "texture": "#1"},
				"up": {"uv": [5.25, 11, 2.75, 7.75], "texture": "#1"},
				"down": {"uv": [7.75, 9, 5.25, 12.25], "texture": "#1"}
			}
		},
		{
			"from": [-9, 26, 0],
			"to": [5, 26, 17],
			"rotation": {"angle": -22.5, "axis": "z", "origin": [0, 0, 0]},
			"faces": {
				"north": {"uv": [0, 0, 3.5, 0], "texture": "#1"},
				"east": {"uv": [0, 0, 4.25, 0], "texture": "#1"},
				"south": {"uv": [0, 0, 3.5, 0], "texture": "#1"},
				"west": {"uv": [0, 0, 4.25, 0], "texture": "#1"},
				"up": {"uv": [3.5, 4.25, 0, 0], "texture": "#1"},
				"down": {"uv": [7, 0, 3.5, 4.25], "texture": "#1"}
			}
		},
		{
			"from": [3.99, 15.99, 3.99],
			"to": [12.01, 27.01, 12.01],
			"rotation": {"angle": 0, "axis": "z", "origin": [8, 21.5, 8]},
			"faces": {
				"north": {"uv": [10, 0, 12, 2.75], "texture": "#1"},
				"east": {"uv": [10, 2.75, 12, 5.5], "texture": "#1"},
				"south": {"uv": [10, 8.5, 12, 11.25], "texture": "#1"},
				"west": {"uv": [0, 10.75, 2, 13.5], "texture": "#1"},
				"up": {"uv": [4, 13, 2, 11], "texture": "#1"},
				"down": {"uv": [12, 11.25, 10, 13.25], "texture": "#1"}
			}
		}
	],
	"display": {
		"thirdperson_righthand": {
			"translation": [0, -0.5, -3.25],
			"scale": [0.64, 0.64, 0.64]
		},
		"thirdperson_lefthand": {
			"translation": [0, -0.5, -3.25],
			"scale": [0.64, 0.64, 0.64]
		},
		"ground": {
			"scale": [0.65, 0.65, 0.65]
		},
		"gui": {
			"rotation": [26, -39, 0],
			"translation": [0, -5.5, 0],
			"scale": [0.55, 0.55, 0.55]
		},
		"head": {
			"rotation": [8, 0, 5],
			"translation": [1.25, 1.25, 0],
			"scale": [1.7, 1.7, 1.7]
		},
		"fixed": {
			"rotation": [0, 0, 3],
			"translation": [0.5, -10.5, 0]
		}
	}
}