{
	"credit": "Made with Blockbench",
	"textures": {
		"0": "block/custom/headset/headset",
		"2": "block/custom/headset/note",
		"particle": "block/custom/headset/headset"
	},
	"elements": [
		{
			"from": [2, 2, 6],
			"to": [4, 6, 10],
			"rotation": {"angle": 0, "axis": "y", "origin": [7, 0, 7]},
			"faces": {
				"north": {"uv": [2, 4, 3, 6], "texture": "#0"},
				"east": {"uv": [0, 0, 2, 2], "texture": "#0"},
				"south": {"uv": [4, 2, 5, 4], "texture": "#0"},
				"west": {"uv": [0, 2, 2, 4], "texture": "#0"},
				"up": {"uv": [4, 6, 3, 4], "texture": "#0"},
				"down": {"uv": [5, 4, 4, 6], "texture": "#0"}
			}
		},
		{
			"from": [6.5, 9, 8],
			"to": [9.5, 18, 8],
			"rotation": {"angle": 0, "axis": "y", "origin": [6.5, 0, 7]},
			"faces": {
				"north": {"uv": [0, 0, 5, 15], "texture": "#2"},
				"east": {"uv": [0, 0, 0, 11], "texture": "#2"},
				"south": {"uv": [0, 0, 5, 15], "texture": "#2"},
				"west": {"uv": [0, 0, 0, 11], "texture": "#2"},
				"up": {"uv": [5, 0, 0, 0], "texture": "#2"},
				"down": {"uv": [5, 0, 0, 0], "texture": "#2"}
			}
		},
		{
			"from": [3, 6, 7],
			"to": [4, 9, 9],
			"rotation": {"angle": 0, "axis": "y", "origin": [7, 0, 7]},
			"faces": {
				"north": {"uv": [4, 6, 4.5, 7.5], "texture": "#0"},
				"east": {"uv": [1, 6, 2, 7.5], "texture": "#0"},
				"south": {"uv": [4.5, 6, 5, 7.5], "texture": "#0"},
				"west": {"uv": [2, 6, 3, 7.5], "texture": "#0"},
				"up": {"uv": [5.5, 8, 5, 7], "texture": "#0"},
				"down": {"uv": [6, 7, 5.5, 8], "texture": "#0"}
			}
		},
		{
			"from": [3, 1, 3],
			"to": [4, 2, 6],
			"rotation": {"angle": -22.5, "axis": "x", "origin": [4, 2.5, 3.75]},
			"faces": {
				"north": {"uv": [7.5, 0, 8, 0.5], "texture": "#0"},
				"east": {"uv": [6.5, 4.5, 8, 5], "texture": "#0"},
				"south": {"uv": [7.5, 0.5, 8, 1], "texture": "#0"},
				"west": {"uv": [6.5, 5, 8, 5.5], "texture": "#0"},
				"up": {"uv": [7, 7, 6.5, 5.5], "texture": "#0"},
				"down": {"uv": [7.5, 0, 7, 1.5], "texture": "#0"}
			}
		},
		{
			"from": [3, 1, 2],
			"to": [6, 2, 3],
			"rotation": {"angle": -22.5, "axis": "x", "origin": [4, 2.5, 3.75]},
			"faces": {
				"north": {"uv": [7, 1.5, 8.5, 2], "texture": "#0"},
				"east": {"uv": [1, 7.5, 1.5, 8], "texture": "#0"},
				"south": {"uv": [7, 3, 8.5, 3.5], "texture": "#0"},
				"west": {"uv": [7.5, 1, 8, 1.5], "texture": "#0"},
				"up": {"uv": [8.5, 4, 7, 3.5], "texture": "#0"},
				"down": {"uv": [8.5, 4, 7, 4.5], "texture": "#0"}
			}
		},
		{
			"from": [12, 6, 7],
			"to": [13, 9, 9],
			"rotation": {"angle": 0, "axis": "y", "origin": [9, 0, 7]},
			"faces": {
				"north": {"uv": [6, 4.5, 6.5, 6], "texture": "#0"},
				"east": {"uv": [3, 6, 4, 7.5], "texture": "#0"},
				"south": {"uv": [6, 6, 6.5, 7.5], "texture": "#0"},
				"west": {"uv": [6, 3, 7, 4.5], "texture": "#0"},
				"up": {"uv": [7, 8, 6.5, 7], "texture": "#0"},
				"down": {"uv": [7.5, 6.5, 7, 7.5], "texture": "#0"}
			}
		},
		{
			"from": [12, 2, 6],
			"to": [14, 6, 10],
			"rotation": {"angle": 0, "axis": "y", "origin": [9, 0, 7]},
			"faces": {
				"north": {"uv": [5, 3, 6, 5], "texture": "#0"},
				"east": {"uv": [2, 2, 4, 4], "texture": "#0"},
				"south": {"uv": [5, 5, 6, 7], "texture": "#0"},
				"west": {"uv": [0, 4, 2, 6], "texture": "#0"},
				"up": {"uv": [1, 8, 0, 6], "texture": "#0"},
				"down": {"uv": [7, 0, 6, 2], "texture": "#0"}
			}
		},
		{
			"from": [4, 8, 7],
			"to": [12, 9, 9],
			"rotation": {"angle": 0, "axis": "y", "origin": [7, 0, 7]},
			"faces": {
				"north": {"uv": [5, 2, 9, 2.5], "texture": "#0"},
				"east": {"uv": [7, 5.5, 8, 6], "texture": "#0"},
				"south": {"uv": [5, 2.5, 9, 3], "texture": "#0"},
				"west": {"uv": [7, 6, 8, 6.5], "texture": "#0"},
				"up": {"uv": [6, 1, 2, 0], "texture": "#0"},
				"down": {"uv": [6, 1, 2, 2], "texture": "#0"}
			}
		}
	],
	"gui_light": "front",
	"display": {
		"ground": {
			"translation": [0, 7.5, 0]
		},
		"gui": {
			"rotation": [30, 225, 0],
			"translation": [0, 2, 0]
		},
		"head": {
			"translation": [0, 6.4, 0],
			"scale": [1.6, 1.6, 1.6]
		}
	}
}