{
	"credit": "Made with Blockbench",
	"texture_size": [64, 64],
	"textures": {
		"1": "block/custom/horse_gray"
	},
	"elements": [
		{
			"from": [5, -0.25, 5],
			"to": [6, 4.75, 11],
			"rotation": {"angle": 0, "axis": "y", "origin": [5.8, 2.55, 8.375]},
			"faces": {
				"north": {"uv": [2.5, 11.875, 2.75, 13.5], "texture": "#1"},
				"east": {"uv": [8.375, 8, 10.125, 9.625], "texture": "#1"},
				"south": {"uv": [5, 11.875, 5.25, 13.5], "texture": "#1"},
				"west": {"uv": [2.75, 11.875, 4.5, 13.5], "texture": "#1"},
				"up": {"uv": [2.75, 13.5, 2.5, 11.875], "texture": "#1"},
				"down": {"uv": [2.75, 11.875, 2.5, 13.5], "texture": "#1"}
			}
		},
		{
			"from": [5, -1.25, 5],
			"to": [11, -0.25, 11],
			"rotation": {"angle": 0, "axis": "z", "origin": [8, 2.55, 8.375]},
			"faces": {
				"north": {"uv": [2.5, 11.875, 2.75, 13.5], "rotation": 90, "texture": "#1"},
				"east": {"uv": [2.75, 11.875, 2.5, 13.5], "rotation": 270, "texture": "#1"},
				"south": {"uv": [4.75, 11.875, 5, 13.5], "rotation": 270, "texture": "#1"},
				"west": {"uv": [2.75, 13.5, 2.5, 11.875], "rotation": 270, "texture": "#1"},
				"up": {"uv": [8.375, 8, 10.125, 9.625], "rotation": 270, "texture": "#1"},
				"down": {"uv": [9.125, 12.75, 9.25, 12.875], "rotation": 270, "texture": "#1"}
			}
		},
		{
			"from": [10, -0.25, 5],
			"to": [11, 4.75, 11],
			"rotation": {"angle": 0, "axis": "y", "origin": [10.25, 2.5, 8.375]},
			"faces": {
				"north": {"uv": [2.75, 11.875, 2.5, 13.5], "texture": "#1"},
				"east": {"uv": [4.5, 11.875, 2.75, 13.5], "texture": "#1"},
				"south": {"uv": [5.25, 11.875, 5, 13.5], "texture": "#1"},
				"west": {"uv": [10.125, 8, 8.375, 9.625], "texture": "#1"},
				"up": {"uv": [2.5, 13.5, 2.75, 11.875], "texture": "#1"},
				"down": {"uv": [2.5, 11.875, 2.75, 13.5], "texture": "#1"}
			}
		},
		{
			"name": "head",
			"from": [5, 6.75, 5],
			"to": [11, 11.75, 11],
			"rotation": {"angle": 0, "axis": "y", "origin": [2, 6.9375, 6.8125]},
			"faces": {
				"north": {"uv": [1.75, 5, 3.25, 6.25], "texture": "#1"},
				"east": {"uv": [0, 5, 1.75, 6.25], "texture": "#1"},
				"south": {"uv": [5, 5, 6.5, 6.25], "texture": "#1"},
				"west": {"uv": [3.25, 5, 5, 6.25], "texture": "#1"},
				"up": {"uv": [3.25, 5, 1.75, 3.25], "texture": "#1"},
				"down": {"uv": [4.75, 3.25, 3.25, 5], "texture": "#1"}
			}
		},
		{
			"name": "mouth",
			"from": [6, 6.75, 0],
			"to": [10, 11.75, 5],
			"rotation": {"angle": 0, "axis": "y", "origin": [2, 6.9375, 6.3125]},
			"faces": {
				"north": {"uv": [1.25, 7.5, 2.25, 8.75], "texture": "#1"},
				"east": {"uv": [0, 7.5, 1.25, 8.75], "texture": "#1"},
				"south": {"uv": [3.5, 7.5, 4.5, 8.75], "texture": "#missing"},
				"west": {"uv": [2.25, 7.5, 3.5, 8.75], "texture": "#1"},
				"up": {"uv": [2.25, 7.5, 1.25, 6.25], "texture": "#1"},
				"down": {"uv": [3.25, 6.25, 2.25, 7.5], "texture": "#1"}
			}
		},
		{
			"name": "right_ear",
			"from": [8.5, 11.75, 9.75],
			"to": [10.5, 13.75, 10.75],
			"rotation": {"angle": 0, "axis": "y", "origin": [8, 12.25, 8]},
			"faces": {
				"north": {"uv": [5, 4.25, 5.5, 4.75], "texture": "#1"},
				"east": {"uv": [4.75, 4.25, 5, 4.75], "texture": "#1"},
				"south": {"uv": [5.75, 4.25, 6.25, 4.75], "texture": "#1"},
				"west": {"uv": [5.5, 4.25, 5.75, 4.75], "texture": "#1"},
				"up": {"uv": [5.5, 4.25, 5, 4], "texture": "#1"},
				"down": {"uv": [6, 4, 5.5, 4.25], "texture": "#1"}
			}
		},
		{
			"name": "right_ear",
			"from": [5.5, 11.75, 9.75],
			"to": [7.5, 13.75, 10.75],
			"rotation": {"angle": 0, "axis": "y", "origin": [8, 12.25, 8]},
			"faces": {
				"north": {"uv": [5, 4.25, 5.5, 4.75], "texture": "#1"},
				"east": {"uv": [4.75, 4.25, 5, 4.75], "texture": "#1"},
				"south": {"uv": [5.75, 4.25, 6.25, 4.75], "texture": "#1"},
				"west": {"uv": [5.5, 4.25, 5.75, 4.75], "texture": "#1"},
				"up": {"uv": [5.5, 4.25, 5, 4], "texture": "#1"},
				"down": {"uv": [6, 4, 5.5, 4.25], "texture": "#1"}
			}
		},
		{
			"name": "neck",
			"from": [6, 3.75, 5],
			"to": [10, 6.75, 11],
			"rotation": {"angle": 0, "axis": "y", "origin": [8, 5.25, 8.375]},
			"faces": {
				"north": {"uv": [1.75, 10.5, 2.75, 11.25], "texture": "#1"},
				"east": {"uv": [0, 10.5, 1.75, 11.25], "texture": "#1"},
				"south": {"uv": [4.5, 10.5, 5.5, 11.25], "texture": "#1"},
				"west": {"uv": [2.75, 10.5, 4.5, 11.25], "texture": "#1"},
				"up": {"uv": [2.75, 10.5, 1.75, 8.75], "texture": "#1"},
				"down": {"uv": [3.75, 8.75, 2.75, 10.5], "texture": "#1"}
			}
		},
		{
			"name": "neck",
			"from": [6, -0.25, 10],
			"to": [10, 3.75, 11],
			"rotation": {"angle": 0, "axis": "y", "origin": [8, 5.25, 7.875]},
			"faces": {
				"north": {"uv": [1.75, 10.5, 2.75, 11.5], "texture": "#1"},
				"east": {"uv": [1.5, 10.5, 1.75, 11.5], "texture": "#1"},
				"south": {"uv": [4.5, 10.5, 5.5, 11.5], "texture": "#1"},
				"west": {"uv": [2.75, 10.5, 3, 11.5], "texture": "#1"},
				"up": {"uv": [2.75, 10.5, 1.75, 10.25], "texture": "#1"},
				"down": {"uv": [3.75, 10.25, 2.75, 10.5], "texture": "#1"}
			}
		},
		{
			"name": "mane",
			"from": [7, -0.5, 11],
			"to": [9, 11.5, 13],
			"rotation": {"angle": 0, "axis": "y", "origin": [2, 6.9375, 6.3125]},
			"faces": {
				"north": {"uv": [14.5, 9.5, 15, 12.5], "texture": "#1"},
				"east": {"uv": [14, 9.5, 14.5, 12.5], "texture": "#1"},
				"south": {"uv": [15.5, 9.5, 16, 12.5], "texture": "#1"},
				"west": {"uv": [15, 9.5, 15.5, 12.5], "texture": "#1"},
				"up": {"uv": [15, 9.5, 14.5, 9], "texture": "#1"},
				"down": {"uv": [15.5, 9, 15, 9.5], "texture": "#1"}
			}
		}
	],
	"gui_light": "front",
	"display": {
		"thirdperson_righthand": {
			"translation": [0, 0.25, 0]
		},
		"thirdperson_lefthand": {
			"translation": [0, 0.25, 0]
		},
		"firstperson_righthand": {
			"rotation": [0, 30, 0],
			"translation": [2.5, -1, 0],
			"scale": [0.5, 0.5, 0.5]
		},
		"firstperson_lefthand": {
			"rotation": [0, 30, 0],
			"translation": [2.5, -1, 0],
			"scale": [0.5, 0.5, 0.5]
		},
		"gui": {
			"rotation": [30, 135, 0],
			"translation": [1, 1.5, 0],
			"scale": [0.9, 0.9, 0.9]
		},
		"head": {
			"translation": [0, 15.5, 0],
			"scale": [2.5, 2.5, 2.5]
		},
		"fixed": {
			"rotation": [-90, 0, 0],
			"translation": [0, 0, -11.25],
			"scale": [1.6, 1.6, 1.6]
		}
	}
}