{
	"credit": "Made with Blockbench",
	"texture_size": [32, 32],
	"textures": {
		"1": "block/custom/pekka"
	},
	"elements": [
		{
			"from": [4, 0, 4],
			"to": [12, 9, 12],
			"rotation": {"angle": 0, "axis": "y", "origin": [4, 0, 7]},
			"faces": {
				"north": {"uv": [0, 0, 4, 4.5], "texture": "#1"},
				"east": {"uv": [4, 0, 8, 4.5], "texture": "#1"},
				"south": {"uv": [0, 4.5, 4, 9], "texture": "#1"},
				"west": {"uv": [4, 4.5, 8, 9], "texture": "#1"},
				"up": {"uv": [12, 4, 8, 0], "texture": "#1"},
				"down": {"uv": [12, 4, 8, 8], "texture": "#1"}
			}
		},
		{
			"from": [3.25, 0, 3.5],
			"to": [6.25, 3, 12.5],
			"rotation": {"angle": 0, "axis": "y", "origin": [4, 0, 7]},
			"faces": {
				"north": {"uv": [12, 2, 13.5, 3.5], "texture": "#1"},
				"east": {"uv": [8, 8, 12.5, 9.5], "texture": "#1"},
				"south": {"uv": [12, 3.5, 13.5, 5], "texture": "#1"},
				"west": {"uv": [0, 9, 4.5, 10.5], "texture": "#1"},
				"up": {"uv": [6, 13.5, 4.5, 9], "texture": "#1"},
				"down": {"uv": [7.5, 9, 6, 13.5], "texture": "#1"}
			}
		},
		{
			"from": [9.5, 0, 3.5],
			"to": [12.5, 3, 12.5],
			"rotation": {"angle": 0, "axis": "y", "origin": [4, 0, 7]},
			"faces": {
				"north": {"uv": [12, 5, 13.5, 6.5], "texture": "#1"},
				"east": {"uv": [7.5, 9.5, 12, 11], "texture": "#1"},
				"south": {"uv": [12, 6.5, 13.5, 8], "texture": "#1"},
				"west": {"uv": [0, 10.5, 4.5, 12], "texture": "#1"},
				"up": {"uv": [9, 15.5, 7.5, 11], "texture": "#1"},
				"down": {"uv": [10.5, 11, 9, 15.5], "texture": "#1"}
			}
		},
		{
			"from": [12, 4.5, 6],
			"to": [13, 8.5, 10],
			"rotation": {"angle": 0, "axis": "y", "origin": [4, 0.5, 7]},
			"faces": {
				"north": {"uv": [12, 14, 12.5, 16], "texture": "#1"},
				"east": {"uv": [12, 0, 14, 2], "texture": "#1"},
				"south": {"uv": [14.5, 4, 15, 6], "texture": "#1"},
				"west": {"uv": [2, 12, 4, 14], "texture": "#1"},
				"up": {"uv": [15, 8, 14.5, 6], "texture": "#1"},
				"down": {"uv": [15, 8, 14.5, 10], "texture": "#1"}
			}
		},
		{
			"from": [13, 5, 7],
			"to": [15, 8, 9],
			"rotation": {"angle": 0, "axis": "y", "origin": [4, 0.5, 7]},
			"faces": {
				"north": {"uv": [6, 13.5, 7, 15], "texture": "#1"},
				"east": {"uv": [12.5, 13.5, 13.5, 15], "texture": "#1"},
				"south": {"uv": [13.5, 13.5, 14.5, 15], "texture": "#1"},
				"west": {"uv": [0, 14, 1, 15.5], "texture": "#1"},
				"up": {"uv": [15.5, 11, 14.5, 10], "texture": "#1"},
				"down": {"uv": [15.5, 11, 14.5, 12], "texture": "#1"}
			}
		},
		{
			"from": [12.69203, 7.77193, 7.05],
			"to": [16.69203, 9.87193, 8.95],
			"rotation": {"angle": 45, "axis": "z", "origin": [17.19203, 9.17193, 8]},
			"faces": {
				"north": {"uv": [12, 9.5, 14, 10.5], "texture": "#1"},
				"east": {"uv": [13.5, 7, 14.5, 8], "texture": "#1"},
				"south": {"uv": [12.5, 8, 14.5, 9], "texture": "#1"},
				"west": {"uv": [14, 0, 15, 1], "texture": "#1"},
				"up": {"uv": [14.5, 11.5, 12.5, 10.5], "texture": "#1"},
				"down": {"uv": [14.5, 11.5, 12.5, 12.5], "texture": "#1"}
			}
		},
		{
			"from": [3, 4.5, 6],
			"to": [4, 8.5, 10],
			"rotation": {"angle": 0, "axis": "y", "origin": [12, 0.5, 7]},
			"faces": {
				"north": {"uv": [7, 13.5, 7.5, 15.5], "texture": "#1"},
				"east": {"uv": [10.5, 11, 12.5, 13], "texture": "#1"},
				"south": {"uv": [10.5, 14, 11, 16], "texture": "#1"},
				"west": {"uv": [0, 12, 2, 14], "texture": "#1"},
				"up": {"uv": [11.5, 16, 11, 14], "texture": "#1"},
				"down": {"uv": [12, 14, 11.5, 16], "texture": "#1"}
			}
		},
		{
			"from": [-0.69203, 7.77193, 7.05],
			"to": [3.30797, 9.87193, 8.95],
			"rotation": {"angle": -45, "axis": "z", "origin": [-1.19203, 9.17193, 8]},
			"faces": {
				"north": {"uv": [12.5, 12.5, 14.5, 13.5], "texture": "#1"},
				"east": {"uv": [2, 14, 3, 15], "texture": "#1"},
				"south": {"uv": [10.5, 13, 12.5, 14], "texture": "#1"},
				"west": {"uv": [3, 14, 4, 15], "texture": "#1"},
				"up": {"uv": [15.5, 3, 13.5, 2], "texture": "#1"},
				"down": {"uv": [15.5, 3, 13.5, 4], "texture": "#1"}
			}
		},
		{
			"from": [1, 5, 7],
			"to": [3, 8, 9],
			"rotation": {"angle": 0, "axis": "y", "origin": [12, 0.5, 7]},
			"faces": {
				"north": {"uv": [4, 13.5, 5, 15], "texture": "#1"},
				"east": {"uv": [13.5, 4, 14.5, 5.5], "texture": "#1"},
				"south": {"uv": [5, 13.5, 6, 15], "texture": "#1"},
				"west": {"uv": [13.5, 5.5, 14.5, 7], "texture": "#1"},
				"up": {"uv": [2, 15, 1, 14], "texture": "#1"},
				"down": {"uv": [15, 1, 14, 2], "texture": "#1"}
			}
		}
	],
	"display": {
		"thirdperson_righthand": {
			"rotation": [75, 45, 0],
			"translation": [0, 2.5, 0],
			"scale": [0.375, 0.375, 0.375]
		},
		"thirdperson_lefthand": {
			"rotation": [75, 45, 0],
			"translation": [0, 2.5, 0],
			"scale": [0.375, 0.375, 0.375]
		},
		"firstperson_righthand": {
			"rotation": [0, 45, 0],
			"scale": [0.4, 0.4, 0.4]
		},
		"firstperson_lefthand": {
			"rotation": [0, 225, 0],
			"scale": [0.4, 0.4, 0.4]
		},
		"ground": {
			"translation": [0, 3, 0],
			"scale": [0.56, 0.56, 0.56]
		},
		"gui": {
			"rotation": [30, 225, 0],
			"translation": [0, 2.5, 0],
			"scale": [0.885, 0.885, 0.885]
		},
		"head": {
			"translation": [0, 6.75, 0],
			"scale": [1.81, 1.81, 1.81]
		},
		"fixed": {
			"translation": [0, 3.75, 0]
		}
	}
}