{
	"credit": "Made with Blockbench",
	"texture_size": [64, 64],
	"textures": {
		"0": "block/custom/present",
		"particle": "block/custom/present"
	},
	"elements": [
		{
			"from": [3, 9, 3],
			"to": [13, 12, 13],
			"rotation": {"angle": 0, "axis": "y", "origin": [7, 2, 5]},
			"faces": {
				"north": {"uv": [6.5, 1.25, 9, 2], "texture": "#0"},
				"east": {"uv": [6.5, 2, 9, 2.75], "texture": "#0"},
				"south": {"uv": [2.5, 6.5, 5, 7.25], "texture": "#0"},
				"west": {"uv": [6.5, 2.75, 9, 3.5], "texture": "#0"},
				"up": {"uv": [2.5, 2.5, 0, 0], "texture": "#0"},
				"down": {"uv": [2.5, 2.5, 0, 5], "texture": "#0"}
			}
		},
		{
			"from": [0.87868, 12, 7.12132],
			"to": [10.87868, 17, 7.12132],
			"rotation": {"angle": -45, "axis": "y", "origin": [5.87868, 13.5, 10.12132]},
			"faces": {
				"north": {"uv": [0, 5, 2.5, 6.25], "texture": "#0"},
				"east": {"uv": [0, 0, 0, 1.25], "texture": "#0"},
				"south": {"uv": [4.5, 5.25, 7, 6.5], "texture": "#0"},
				"west": {"uv": [0, 0, 0, 1.25], "texture": "#0"},
				"up": {"uv": [2.5, 0, 0, 0], "texture": "#0"},
				"down": {"uv": [2.5, 0, 0, 0], "texture": "#0"}
			}
		},
		{
			"from": [8, 12, 3],
			"to": [8, 17, 13],
			"rotation": {"angle": -45, "axis": "y", "origin": [8, 12.5, 8]},
			"faces": {
				"north": {"uv": [0, 0, 0, 1.25], "texture": "#0"},
				"east": {"uv": [0, 6.25, 2.5, 7.5], "texture": "#0"},
				"south": {"uv": [0, 0, 0, 1.25], "texture": "#0"},
				"west": {"uv": [6.5, 0, 9, 1.25], "texture": "#0"},
				"up": {"uv": [0, 2.5, 0, 0], "texture": "#0"},
				"down": {"uv": [0, 0, 0, 2.5], "texture": "#0"}
			}
		},
		{
			"from": [4, 2, 4],
			"to": [12, 9, 12],
			"rotation": {"angle": 0, "axis": "y", "origin": [7, 2, 5]},
			"faces": {
				"north": {"uv": [2.5, 4, 4.5, 5.75], "texture": "#0"},
				"east": {"uv": [4.5, 0, 6.5, 1.75], "texture": "#0"},
				"south": {"uv": [4.5, 1.75, 6.5, 3.5], "texture": "#0"},
				"west": {"uv": [4.5, 3.5, 6.5, 5.25], "texture": "#0"},
				"up": {"uv": [4.5, 2, 2.5, 0], "texture": "#0"},
				"down": {"uv": [4.5, 2, 2.5, 4], "texture": "#0"}
			}
		}
	],
	"display": {
		"thirdperson_righthand": {
			"rotation": [75, 45, 0],
			"translation": [0, 2.5, 0],
			"scale": [0.375, 0.375, 0.375]
		},
		"thirdperson_lefthand": {
			"rotation": [75, 45, 0],
			"translation": [0, 2.5, 0],
			"scale": [0.375, 0.375, 0.375]
		},
		"firstperson_righthand": {
			"rotation": [0, 45, 0],
			"scale": [0.4, 0.4, 0.4]
		},
		"firstperson_lefthand": {
			"rotation": [0, 225, 0],
			"scale": [0.4, 0.4, 0.4]
		},
		"ground": {
			"translation": [0, 3, 0],
			"scale": [0.65, 0.65, 0.65]
		},
		"gui": {
			"rotation": [30, 225, 0],
			"scale": [0.8, 0.8, 0.8]
		},
		"head": {
			"translation": [0, 13.5, 0],
			"scale": [1.24, 1.24, 1.24]
		}
	}
}