{
	"credit": "Made with Blockbench",
	"texture_size": [64, 64],
	"textures": {
		"1": "block/custom/the_knight_mask"
	},
	"elements": [
		{
			"from": [1.5, 1, 7.075],
			"to": [14.5, 15, 8.075],
			"rotation": {"angle": 0, "axis": "y", "origin": [0, 0, 7.575]},
			"faces": {
				"north": {"uv": [0, 0, 3.25, 3.5], "texture": "#1"},
				"east": {"uv": [5, 3.5, 5.25, 7], "texture": "#1"},
				"south": {"uv": [3.25, 0, 6.5, 3.5], "texture": "#1"},
				"west": {"uv": [5.25, 3.5, 5.5, 7], "texture": "#1"},
				"up": {"uv": [9.75, 2, 6.5, 1.75], "texture": "#1"},
				"down": {"uv": [9.75, 2, 6.5, 2.25], "texture": "#1"}
			}
		},
		{
			"from": [-0.41421, 1, 8.28211],
			"to": [1.58579, 15, 9.28211],
			"rotation": {"angle": 45, "axis": "y", "origin": [0.08579, 9, 7.78211]},
			"faces": {
				"north": {"uv": [0, 3.5, 0.5, 7], "texture": "#1"},
				"east": {"uv": [5.5, 3.5, 5.75, 7], "texture": "#1"},
				"south": {"uv": [0.5, 3.5, 1, 7], "texture": "#1"},
				"west": {"uv": [5.75, 3.5, 6, 7], "texture": "#1"},
				"up": {"uv": [7.5, 1.75, 7, 1.5], "texture": "#1"},
				"down": {"uv": [7.75, 2.25, 7.25, 2.5], "texture": "#1"}
			}
		},
		{
			"from": [14.41421, 1, 8.28211],
			"to": [16.41421, 15, 9.28211],
			"rotation": {"angle": -45, "axis": "y", "origin": [15.91421, 9, 7.78211]},
			"faces": {
				"north": {"uv": [1, 3.5, 1.5, 7], "texture": "#1"},
				"east": {"uv": [2, 6, 2.25, 9.5], "texture": "#1"},
				"south": {"uv": [1.5, 3.5, 2, 7], "texture": "#1"},
				"west": {"uv": [2.25, 6, 2.5, 9.5], "texture": "#1"},
				"up": {"uv": [7.75, 2.75, 7.25, 2.5], "texture": "#1"},
				"down": {"uv": [7.75, 2.75, 7.25, 3], "texture": "#1"}
			}
		},
		{
			"from": [-0.5, 13.4588, 7.175],
			"to": [2.5, 18.4588, 9.675],
			"rotation": {"angle": 22.5, "axis": "z", "origin": [2.55656, 14.4588, 9.175]},
			"faces": {
				"north": {"uv": [2, 3.5, 2.75, 4.75], "texture": "#1"},
				"east": {"uv": [2.75, 3.5, 3.5, 4.75], "texture": "#1"},
				"south": {"uv": [3.5, 3.5, 4.25, 4.75], "texture": "#1"},
				"west": {"uv": [4.25, 3.5, 5, 4.75], "texture": "#1"},
				"up": {"uv": [7.25, 3, 6.5, 2.25], "texture": "#1"},
				"down": {"uv": [7.25, 3, 6.5, 3.75], "texture": "#1"}
			}
		},
		{
			"from": [6.5, 17.25, 7.175],
			"to": [9.5, 22.25, 9.675],
			"rotation": {"angle": -22.5, "axis": "z", "origin": [0, -1, 9.425]},
			"faces": {
				"north": {"uv": [2, 4.75, 2.75, 6], "texture": "#1"},
				"east": {"uv": [2.75, 4.75, 3.5, 6], "texture": "#1"},
				"south": {"uv": [3.5, 4.75, 4.25, 6], "texture": "#1"},
				"west": {"uv": [4.25, 4.75, 5, 6], "texture": "#1"},
				"up": {"uv": [7.25, 4.5, 6.5, 3.75], "texture": "#1"},
				"down": {"uv": [7.25, 4.5, 6.5, 5.25], "texture": "#1"}
			}
		},
		{
			"from": [15.25, 16, 7.675],
			"to": [17, 23, 9.175],
			"rotation": {"angle": 0, "axis": "z", "origin": [3.17425, -0.15529, 5.675]},
			"faces": {
				"north": {"uv": [2.5, 6, 3, 7.75], "texture": "#1"},
				"east": {"uv": [3, 6, 3.5, 7.75], "texture": "#1"},
				"south": {"uv": [3.5, 6, 4, 7.75], "texture": "#1"},
				"west": {"uv": [6, 3.5, 6.5, 5.25], "texture": "#1"},
				"up": {"uv": [2, 7.5, 1.5, 7], "texture": "#1"},
				"down": {"uv": [5.5, 7, 5, 7.5], "texture": "#1"}
			}
		},
		{
			"from": [23.78508, 18.40186, 7.675],
			"to": [25.53508, 21.40186, 9.175],
			"rotation": {"angle": 22.5, "axis": "z", "origin": [9.70933, -0.75343, 5.675]},
			"faces": {
				"north": {"uv": [6.5, 5.25, 7, 6], "texture": "#1"},
				"east": {"uv": [6.5, 6, 7, 6.75], "texture": "#1"},
				"south": {"uv": [6.5, 6.75, 7, 7.5], "texture": "#1"},
				"west": {"uv": [0, 7, 0.5, 7.75], "texture": "#1"},
				"up": {"uv": [7.5, 5.75, 7, 5.25], "texture": "#1"},
				"down": {"uv": [6, 7, 5.5, 7.5], "texture": "#1"}
			}
		},
		{
			"from": [-9.53508, 18.40186, 7.675],
			"to": [-7.78508, 21.40186, 9.175],
			"rotation": {"angle": -22.5, "axis": "z", "origin": [6.29067, -0.75343, 5.675]},
			"faces": {
				"north": {"uv": [7, 0, 7.5, 0.75], "texture": "#1"},
				"east": {"uv": [0.5, 7, 1, 7.75], "texture": "#1"},
				"south": {"uv": [7, 0.75, 7.5, 1.5], "texture": "#1"},
				"west": {"uv": [1, 7, 1.5, 7.75], "texture": "#1"},
				"up": {"uv": [7.5, 6.25, 7, 5.75], "texture": "#1"},
				"down": {"uv": [6.5, 7, 6, 7.5], "texture": "#1"}
			}
		},
		{
			"from": [-1, 16, 7.675],
			"to": [0.75, 23, 9.175],
			"rotation": {"angle": 0, "axis": "z", "origin": [-0.82575, -0.15529, 5.675]},
			"faces": {
				"north": {"uv": [4, 6, 4.5, 7.75], "texture": "#1"},
				"east": {"uv": [4.5, 6, 5, 7.75], "texture": "#1"},
				"south": {"uv": [6, 5.25, 6.5, 7], "texture": "#1"},
				"west": {"uv": [6.5, 0, 7, 1.75], "texture": "#1"},
				"up": {"uv": [7.5, 6.75, 7, 6.25], "texture": "#1"},
				"down": {"uv": [7.5, 6.75, 7, 7.25], "texture": "#1"}
			}
		}
	],
	"display": {
		"thirdperson_righthand": {
			"translation": [0, 0, -0.5],
			"scale": [0.5, 0.5, 0.5]
		},
		"thirdperson_lefthand": {
			"translation": [0, 0, -0.5],
			"scale": [0.5, 0.5, 0.5]
		},
		"firstperson_righthand": {
			"rotation": [0, 135, 0],
			"scale": [0.4, 0.4, 0.4]
		},
		"firstperson_lefthand": {
			"rotation": [0, 135, 0],
			"scale": [0.4, 0.4, 0.4]
		},
		"ground": {
			"translation": [0, 3, 0],
			"scale": [0.5, 0.5, 0.5]
		},
		"gui": {
			"rotation": [0, 180, 0],
			"translation": [0, -2.75, 0],
			"scale": [0.5, 0.5, 0.5]
		},
		"head": {
			"rotation": [29, 44, -17],
			"translation": [-6.75, 4.5, -6.5],
			"scale": [0.6, 0.6, 0.6]
		},
		"fixed": {
			"translation": [0, -1.75, 0],
			"scale": [0.5, 0.5, 0.5]
		}
	},
	"groups": [
		{
			"name": "group",
			"origin": [8, 8, 15.575],
			"color": 0,
			"children": [0, 1, 2, 3, 4, 5, 6, 7, 8]
		}
	]
}