{
	"credit": "Made with Blockbench",
	"texture_size": [64, 64],
	"textures": {
		"0": "block/custom/traffic_cone",
		"particle": "block/custom/traffic_cone"
	},
	"elements": [
		{
			"from": [4, 9, 4],
			"to": [12, 10, 12],
			"faces": {
				"north": {"uv": [6.5, 0.25, 8.5, 0.5], "texture": "#0"},
				"east": {"uv": [6.5, 0.5, 8.5, 0.75], "texture": "#0"},
				"south": {"uv": [6.5, 0.75, 8.5, 1], "texture": "#0"},
				"west": {"uv": [6.5, 1, 8.5, 1.25], "texture": "#0"},
				"up": {"uv": [5, 2, 3, 0], "texture": "#0"},
				"down": {"uv": [5, 2, 3, 4], "texture": "#0"}
			}
		},
		{
			"from": [3, 8, 3],
			"to": [13, 9, 13],
			"faces": {
				"north": {"uv": [6, 4.75, 9, 5], "texture": "#0"},
				"east": {"uv": [6, 5, 9, 5.25], "texture": "#0"},
				"south": {"uv": [6, 5.25, 9, 5.5], "texture": "#0"},
				"west": {"uv": [6.5, 0, 9.5, 0.25], "texture": "#0"},
				"up": {"uv": [3, 3, 0, 0], "texture": "#0"},
				"down": {"uv": [3, 3, 0, 6], "texture": "#0"}
			}
		},
		{
			"from": [5, 9.5, 5],
			"to": [11, 14.5, 11],
			"faces": {
				"north": {"uv": [5, 0, 6.5, 1.25], "texture": "#0"},
				"east": {"uv": [5, 1.25, 6.5, 2.5], "texture": "#0"},
				"south": {"uv": [5, 2.5, 6.5, 3.75], "texture": "#0"},
				"west": {"uv": [3, 5.5, 4.5, 6.75], "texture": "#0"},
				"up": {"uv": [4.5, 5.5, 3, 4], "texture": "#0"},
				"down": {"uv": [6, 4, 4.5, 5.5], "texture": "#0"}
			}
		},
		{
			"from": [7, 18.5, 7],
			"to": [9, 21.5, 9],
			"rotation": {"angle": 0, "axis": "y", "origin": [0, 1, 0]},
			"faces": {
				"north": {"uv": [6.5, 1.25, 7, 2], "texture": "#0"},
				"east": {"uv": [6.5, 2, 7, 2.75], "texture": "#0"},
				"south": {"uv": [6.5, 2.75, 7, 3.5], "texture": "#0"},
				"west": {"uv": [6.5, 5.5, 7, 6.25], "texture": "#0"},
				"up": {"uv": [7, 6.75, 6.5, 6.25], "texture": "#0"},
				"down": {"uv": [3.5, 6.75, 3, 7.25], "texture": "#0"}
			}
		},
		{
			"from": [6, 13.5, 6],
			"to": [10, 18.5, 10],
			"rotation": {"angle": 0, "axis": "y", "origin": [0, 1, 0]},
			"faces": {
				"north": {"uv": [4.5, 5.5, 5.5, 6.75], "texture": "#0"},
				"east": {"uv": [5.5, 5.5, 6.5, 6.75], "texture": "#0"},
				"south": {"uv": [0, 6, 1, 7.25], "texture": "#0"},
				"west": {"uv": [1, 6, 2, 7.25], "texture": "#0"},
				"up": {"uv": [3, 7, 2, 6], "texture": "#0"},
				"down": {"uv": [7, 3.75, 6, 4.75], "texture": "#0"}
			}
		}
	],
	"display": {
		"thirdperson_righthand": {
			"rotation": [-89, 0, 0],
			"translation": [0, -1.75, 5.75]
		},
		"thirdperson_lefthand": {
			"rotation": [-89, 0, 0],
			"translation": [0, -1.75, 5.75]
		},
		"firstperson_righthand": {
			"rotation": [8, 32.83, 12.98],
			"translation": [2.25, 0, 0],
			"scale": [0.5, 0.5, 0.5]
		},
		"firstperson_lefthand": {
			"rotation": [8, 32.83, 12.98],
			"translation": [2.25, 0, 0],
			"scale": [0.5, 0.5, 0.5]
		},
		"gui": {
			"rotation": [30, 225, 0],
			"translation": [0, -3.5, 0],
			"scale": [0.8, 0.8, 0.8]
		},
		"head": {
			"rotation": [5.53, 0.94, -3.68],
			"translation": [0, 6, 0.25],
			"scale": [1.8, 1.6, 1.8]
		},
		"fixed": {
			"rotation": [-90, 0, 0],
			"scale": [2, 2, 2]
		}
	}
}