{
	"credit": "Made with Blockbench",
	"texture_size": [64, 64],
	"textures": {
		"2": "item/custom/models/alligator_gar",
		"particle": "item/custom/models/alligator_gar"
	},
	"elements": [
		{
			"from": [16.79316, 6.75, 9.0483],
			"to": [25.29316, 10.25, 15.0483],
			"rotation": {"angle": 22.5, "axis": "y", "origin": [9.03615, 8, 6.71185]},
			"faces": {
				"north": {"uv": [6.5, 1.5, 8.625, 2.375], "texture": "#2"},
				"east": {"uv": [5.25, 7.5, 6.75, 8.375], "texture": "#2"},
				"south": {"uv": [6.5, 2.5, 8.625, 3.375], "texture": "#2"},
				"west": {"uv": [6.75, 7.5, 8.25, 8.375], "texture": "#2"},
				"up": {"uv": [6.375, 3, 4.25, 1.5], "texture": "#2"},
				"down": {"uv": [6.375, 3, 4.25, 4.5], "texture": "#2"}
			}
		},
		{
			"from": [24.79315, 7.75, 9.7847],
			"to": [30.79315, 9.25, 14.2847],
			"rotation": {"angle": 22.5, "axis": "y", "origin": [9.03615, 7.75, 6.71185]},
			"faces": {
				"north": {"uv": [8.5, 1, 10, 1.375], "texture": "#2"},
				"east": {"uv": [8.5, 4, 9.625, 4.375], "texture": "#2"},
				"south": {"uv": [8.5, 3.5, 10, 3.875], "texture": "#2"},
				"west": {"uv": [6.25, 8.5, 7.375, 8.875], "texture": "#2"},
				"up": {"uv": [5.25, 8.125, 3.75, 7], "texture": "#2"},
				"down": {"uv": [1.5, 7.25, 0, 8.375], "texture": "#2"}
			}
		},
		{
			"from": [24.23553, 7.25, 10.32432],
			"to": [29.73553, 7.75, 13.82432],
			"rotation": {"angle": 22.5, "axis": "y", "origin": [9.03615, 7.75, 6.71185]},
			"faces": {
				"north": {"uv": [8.75, 2.75, 10.125, 2.875], "texture": "#2"},
				"east": {"uv": [8.75, 3.25, 9.625, 3.375], "texture": "#2"},
				"south": {"uv": [8.75, 3, 10.125, 3.125], "texture": "#2"},
				"west": {"uv": [4, 8.75, 4.875, 8.875], "texture": "#2"},
				"up": {"uv": [2.875, 8.625, 1.5, 7.75], "texture": "#2"},
				"down": {"uv": [9.125, 4.5, 7.75, 5.375], "texture": "#2"}
			}
		},
		{
			"from": [2.748, 5.75, 5.6757],
			"to": [19.748, 11.25, 11.6757],
			"rotation": {"angle": 0, "axis": "y", "origin": [9.53615, 8, 7.21185]},
			"faces": {
				"north": {"uv": [0, 3, 4.25, 4.375], "texture": "#2"},
				"east": {"uv": [6.25, 4.5, 7.75, 5.875], "texture": "#2"},
				"south": {"uv": [4.25, 0, 8.5, 1.375], "texture": "#2"},
				"west": {"uv": [6.25, 6, 7.75, 7.375], "texture": "#2"},
				"up": {"uv": [4.25, 1.5, 0, 0], "texture": "#2"},
				"down": {"uv": [4.25, 1.5, 0, 3], "texture": "#2"}
			}
		},
		{
			"from": [-3.252, 6.25, 6.6757],
			"to": [5.748, 10.75, 10.6757],
			"rotation": {"angle": 0, "axis": "y", "origin": [-5.876, 8.125, 8.6752]},
			"faces": {
				"north": {"uv": [0, 4.5, 2.25, 5.625], "texture": "#2"},
				"east": {"uv": [7.75, 5.5, 8.75, 6.625], "texture": "#2"},
				"south": {"uv": [2.25, 4.5, 4.5, 5.625], "texture": "#2"},
				"west": {"uv": [3, 8.25, 4, 9.375], "texture": "#2"},
				"up": {"uv": [4, 6.75, 1.75, 5.75], "texture": "#2"},
				"down": {"uv": [6.25, 6, 4, 7], "texture": "#2"}
			}
		},
		{
			"from": [-10.252, 6.75, 4.6757],
			"to": [-2.252, 10.25, 6.6757],
			"rotation": {"angle": -22.5, "axis": "y", "origin": [-8.04051, 9.875, 5.6752]},
			"faces": {
				"north": {"uv": [6.5, 3.5, 8.5, 4.375], "texture": "#2"},
				"east": {"uv": [5.25, 8.5, 5.75, 9.375], "texture": "#2"},
				"south": {"uv": [1.75, 6.75, 3.75, 7.625], "texture": "#2"},
				"west": {"uv": [5.75, 8.5, 6.25, 9.375], "texture": "#2"},
				"up": {"uv": [9.75, 7.25, 7.75, 6.75], "texture": "#2"},
				"down": {"uv": [10.25, 7.25, 8.25, 7.75], "texture": "#2"}
			}
		},
		{
			"from": [-14.82902, 5.75, 5.6747],
			"to": [-7.82902, 11.25, 5.6747],
			"rotation": {"angle": -22.5, "axis": "y", "origin": [-8.04051, 9.875, 5.6752]},
			"faces": {
				"north": {"uv": [4.5, 4.5, 6.25, 5.875], "texture": "#2"},
				"south": {"uv": [0, 5.75, 1.75, 7.125], "texture": "#2"}
			}
		},
		{
			"from": [3.748, 4.32279, 7.71662],
			"to": [8.248, 5.32279, 7.71662],
			"rotation": {"angle": 45, "axis": "x", "origin": [9.53615, 8, 7.21185]},
			"faces": {
				"north": {"uv": [1.5, 8.75, 2.625, 9], "texture": "#2"},
				"east": {"uv": [0, 0, 0, 0.25], "texture": "#2"},
				"south": {"uv": [8.75, 1.5, 9.875, 1.75], "texture": "#2"},
				"west": {"uv": [0, 0, 0, 0.25], "texture": "#2"},
				"up": {"uv": [1.125, 0, 0, 0], "texture": "#2"},
				"down": {"uv": [1.125, 0, 0, 0], "texture": "#2"}
			}
		},
		{
			"from": [3.748, 2.25259, 8.77728],
			"to": [8.248, 3.25259, 8.77728],
			"rotation": {"angle": -45, "axis": "x", "origin": [9.53615, 8, 7.21185]},
			"faces": {
				"north": {"uv": [8.75, 1.75, 9.875, 2], "texture": "#2"},
				"east": {"uv": [0, 0, 0, 0.25], "texture": "#2"},
				"south": {"uv": [8.75, 2, 9.875, 2.25], "texture": "#2"},
				"west": {"uv": [0, 0, 0, 0.25], "texture": "#2"},
				"up": {"uv": [1.125, 0, 0, 0], "texture": "#2"},
				"down": {"uv": [1.125, 0, 0, 0], "texture": "#2"}
			}
		},
		{
			"from": [16.2947, 6.52888, 5.5757],
			"to": [18.7947, 10.52888, 5.5757],
			"rotation": {"angle": -22.5, "axis": "z", "origin": [9.53615, 8, 7.21185]},
			"faces": {
				"north": {"uv": [8.25, 8.25, 8.875, 9.25], "texture": "#2"},
				"east": {"uv": [0, 0, 0, 1], "texture": "#2"},
				"south": {"uv": [0, 8.5, 0.625, 9.5], "texture": "#2"},
				"west": {"uv": [0, 0, 0, 1], "texture": "#2"},
				"up": {"uv": [0.625, 0, 0, 0], "texture": "#2"},
				"down": {"uv": [0.625, 0, 0, 0], "texture": "#2"}
			}
		},
		{
			"from": [16.2947, 6.52888, 11.7757],
			"to": [18.7947, 10.52888, 11.7757],
			"rotation": {"angle": -22.5, "axis": "z", "origin": [9.53615, 8, 7.21185]},
			"faces": {
				"north": {"uv": [8.5, 0, 9.125, 1], "texture": "#2"},
				"east": {"uv": [0, 0, 0, 1], "texture": "#2"},
				"south": {"uv": [0.75, 8.5, 1.375, 9.5], "texture": "#2"},
				"west": {"uv": [0, 0, 0, 1], "texture": "#2"},
				"up": {"uv": [0.625, 0, 0, 0], "texture": "#2"},
				"down": {"uv": [0.625, 0, 0, 0], "texture": "#2"}
			}
		},
		{
			"from": [-3.252, 4.96967, 6.14537],
			"to": [-0.252, 6.46967, 6.14537],
			"rotation": {"angle": 45, "axis": "x", "origin": [-1.752, 5.71967, 6.14537]},
			"faces": {
				"north": {"uv": [5.25, 7, 6, 7.375], "texture": "#2"},
				"east": {"uv": [0, 0, 0, 0.375], "texture": "#2"},
				"south": {"uv": [3, 7.75, 3.75, 8.125], "texture": "#2"},
				"west": {"uv": [0, 0, 0, 0.375], "texture": "#2"},
				"up": {"uv": [0.75, 0, 0, 0], "texture": "#2"},
				"down": {"uv": [0.75, 0, 0, 0], "texture": "#2"}
			}
		},
		{
			"from": [-3.252, 4.96967, 9.85463],
			"to": [-0.252, 6.46967, 9.85463],
			"rotation": {"angle": -45, "axis": "x", "origin": [-1.752, 5.71967, 9.85463]},
			"faces": {
				"north": {"uv": [7.5, 8.5, 8.25, 8.875], "texture": "#2"},
				"east": {"uv": [0, 0, 0, 0.375], "texture": "#2"},
				"south": {"uv": [8.75, 2.25, 9.5, 2.625], "texture": "#2"},
				"west": {"uv": [0, 0, 0, 0.375], "texture": "#2"},
				"up": {"uv": [0.75, 0, 0, 0], "texture": "#2"},
				"down": {"uv": [0.75, 0, 0, 0], "texture": "#2"}
			}
		},
		{
			"from": [27.29315, 7.25, 9.7847],
			"to": [30.79315, 7.75, 9.7847],
			"rotation": {"angle": 22.5, "axis": "y", "origin": [9.03615, 7.75, 6.71185]},
			"faces": {
				"north": {"uv": [8.75, 5.5, 9.625, 5.625], "texture": "#2"},
				"east": {"uv": [0, 0, 0, 0.125], "texture": "#2"},
				"south": {"uv": [8.75, 5.75, 9.625, 5.875], "texture": "#2"},
				"west": {"uv": [0, 0, 0, 0.125], "texture": "#2"},
				"up": {"uv": [0.875, 0, 0, 0], "texture": "#2"},
				"down": {"uv": [0.875, 0, 0, 0], "texture": "#2"}
			}
		},
		{
			"from": [27.29315, 7.25, 14.2847],
			"to": [30.79315, 7.75, 14.2847],
			"rotation": {"angle": 22.5, "axis": "y", "origin": [9.03615, 7.75, 6.71185]},
			"faces": {
				"north": {"uv": [8.75, 5.5, 9.625, 5.625], "texture": "#2"},
				"east": {"uv": [0, 0, 0, 0.125], "texture": "#2"},
				"south": {"uv": [8.75, 5.75, 9.625, 5.875], "texture": "#2"},
				"west": {"uv": [0, 0, 0, 0.125], "texture": "#2"},
				"up": {"uv": [0.875, 0, 0, 0], "texture": "#2"},
				"down": {"uv": [0.875, 0, 0, 0], "texture": "#2"}
			}
		},
		{
			"from": [-7.252, 10.25, 5.6757],
			"to": [-2.252, 12.25, 5.6757],
			"rotation": {"angle": -22.5, "axis": "y", "origin": [-8.04051, 9.875, 5.6752]},
			"faces": {
				"north": {"uv": [4, 8.25, 5.25, 8.75], "texture": "#2"},
				"south": {"uv": [8.25, 7.75, 9.5, 8.25], "texture": "#2"}
			}
		}
	],
	"display": {
		"thirdperson_righthand": {
			"rotation": [0, 90, 90],
			"translation": [3.5, 22.75, 0],
			"scale": [1.5, 1.5, 1.5]
		},
		"thirdperson_lefthand": {
			"rotation": [0, -90, -90],
			"translation": [-4.5, 22.75, 0],
			"scale": [1.5, 1.5, 1.5]
		},
		"firstperson_righthand": {
			"rotation": [0, 90, 110],
			"translation": [2, 3, 0],
			"scale": [0.37, 0.37, 0.37]
		},
		"firstperson_lefthand": {
			"rotation": [0, -90, -110],
			"translation": [2, 3, 0],
			"scale": [0.37, 0.37, 0.37]
		},
		"ground": {
			"translation": [0, 5, 0]
		},
		"gui": {
			"rotation": [30, 225, 0],
			"translation": [-0.25, 0, 0],
			"scale": [0.5, 0.5, 0.5]
		},
		"head": {
			"scale": [0.6, 0.6, 0.6]
		},
		"fixed": {
			"scale": [4, 4, 4]
		}
	},
	"groups": [
		{
			"name": "group",
			"origin": [0.75, 8, -10],
			"color": 0,
			"children": [0, 1, 2, 3, 4, 5, 6, 7, 8, 9, 10, 11, 12, 13, 14, 15]
		}
	]
}