{
	"credit": "Made with Blockbench",
	"textures": {
		"1": "item/custom/models/antenna"
	},
	"elements": [
		{
			"from": [6, 8, 6],
			"to": [10, 9, 10],
			"faces": {
				"north": {"uv": [4, 0, 8, 1], "texture": "#1"},
				"east": {"uv": [4, 1, 8, 2], "texture": "#1"},
				"south": {"uv": [4, 2, 8, 3], "texture": "#1"},
				"west": {"uv": [4, 3, 8, 4], "texture": "#1"},
				"up": {"uv": [4, 4, 0, 0], "texture": "#1"},
				"down": {"uv": [4, 4, 0, 8], "texture": "#1"}
			}
		},
		{
			"from": [7, 9, 7],
			"to": [9, 10, 9],
			"faces": {
				"north": {"uv": [0, 10, 2, 11], "texture": "#1"},
				"east": {"uv": [10, 0, 12, 1], "texture": "#1"},
				"south": {"uv": [10, 1, 12, 2], "texture": "#1"},
				"west": {"uv": [2, 10, 4, 11], "texture": "#1"},
				"up": {"uv": [6, 6, 4, 4], "texture": "#1"},
				"down": {"uv": [6, 6, 4, 8], "texture": "#1"}
			}
		},
		{
			"from": [7.5, 10, 7.5],
			"to": [8.5, 13, 8.5],
			"rotation": {"angle": 0, "axis": "z", "origin": [20.4, 9, 16]},
			"faces": {
				"north": {"uv": [7, 8, 8, 11], "texture": "#1"},
				"east": {"uv": [8, 7, 9, 10], "texture": "#1"},
				"south": {"uv": [9, 4, 10, 7], "texture": "#1"},
				"west": {"uv": [9, 7, 10, 10], "texture": "#1"},
				"up": {"uv": [9, 11, 8, 10], "texture": "#1"},
				"down": {"uv": [11, 8, 10, 9], "texture": "#1"}
			}
		},
		{
			"from": [8.62132, 13.70711, 7.5],
			"to": [9.62132, 16.70711, 8.5],
			"rotation": {"angle": 0, "axis": "z", "origin": [20.52132, 9.00711, 16]},
			"faces": {
				"north": {"uv": [4, 8, 5, 11], "texture": "#1"},
				"east": {"uv": [8, 4, 9, 7], "texture": "#1"},
				"south": {"uv": [5, 8, 6, 11], "texture": "#1"},
				"west": {"uv": [6, 8, 7, 11], "texture": "#1"},
				"up": {"uv": [11, 7, 10, 6], "texture": "#1"},
				"down": {"uv": [11, 7, 10, 8], "texture": "#1"}
			}
		},
		{
			"from": [8.32132, 16.40711, 7.2],
			"to": [9.92132, 18.00711, 8.8],
			"rotation": {"angle": 0, "axis": "z", "origin": [20.52132, 9.00711, 16]},
			"faces": {
				"north": {"uv": [6, 4, 8, 6], "texture": "#1"},
				"east": {"uv": [6, 6, 8, 8], "texture": "#1"},
				"south": {"uv": [0, 8, 2, 10], "texture": "#1"},
				"west": {"uv": [8, 0, 10, 2], "texture": "#1"},
				"up": {"uv": [4, 10, 2, 8], "texture": "#1"},
				"down": {"uv": [10, 2, 8, 4], "texture": "#1"}
			}
		},
		{
			"from": [14.14005, 19.96949, 7.5],
			"to": [16.14005, 20.96949, 8.49],
			"rotation": {"angle": 45, "axis": "z", "origin": [20.44005, 8.96949, 15.9999]},
			"faces": {
				"north": {"uv": [10, 2, 12, 3], "texture": "#1"},
				"east": {"uv": [9, 10, 10, 11], "texture": "#1"},
				"south": {"uv": [10, 3, 12, 4], "texture": "#1"},
				"west": {"uv": [10, 9, 11, 10], "texture": "#1"},
				"up": {"uv": [12, 5, 10, 4], "texture": "#1"},
				"down": {"uv": [12, 5, 10, 6], "texture": "#1"}
			}
		}
	],
	"display": {
		"gui": {
			"rotation": [25, 45, 0],
			"translation": [0, -4.5, 0]
		},
		"head": {
			"translation": [0, 6.25, 0],
			"scale": [1.6, 1.6, 1.6]
		},
		"fixed": {
			"rotation": [-90, 0, 0],
			"scale": [1.6, 1.6, 1.6]
		}
	}
}