{
	"credit": "Made with Blockbench",
	"texture_size": [64, 64],
	"textures": {
		"2": "item/custom/models/arctic_hood",
		"particle": "item/custom/models/arctic_hood"
	},
	"elements": [
		{
			"from": [3, 0.75, 3.55],
			"to": [4, 8.75, 12.55],
			"rotation": {"angle": 0, "axis": "y", "origin": [7.85, 0.1, 2.25]},
			"faces": {
				"north": {"uv": [6.75, 7.25, 7, 9.25], "texture": "#2"},
				"east": {"uv": [2.5, 0, 4.75, 2], "texture": "#2"},
				"south": {"uv": [7, 7.25, 7.25, 9.25], "texture": "#2"},
				"west": {"uv": [2.5, 2, 4.75, 4], "texture": "#2"},
				"up": {"uv": [2.25, 8.75, 2, 6.5], "texture": "#2"},
				"down": {"uv": [7.5, 0.25, 7.25, 2.5], "texture": "#2"}
			}
		},
		{
			"from": [12, 0.75, 3.55],
			"to": [13, 8.75, 12.55],
			"rotation": {"angle": 0, "axis": "y", "origin": [-1.6, 0.35, 2.25]},
			"faces": {
				"north": {"uv": [7.25, 7.25, 7.5, 9.25], "texture": "#2"},
				"east": {"uv": [2.5, 4, 4.75, 6], "texture": "#2"},
				"south": {"uv": [7.5, 0.25, 7.75, 2.25], "texture": "#2"},
				"west": {"uv": [0, 4.5, 2.25, 6.5], "texture": "#2"},
				"up": {"uv": [7.5, 4.75, 7.25, 2.5], "texture": "#2"},
				"down": {"uv": [6.75, 7.25, 6.5, 9.5], "texture": "#2"}
			}
		},
		{
			"from": [4, 0.75, 11.55],
			"to": [12, 8.75, 12.55],
			"rotation": {"angle": 0, "axis": "y", "origin": [3.35, 0.1, -2.2]},
			"faces": {
				"north": {"uv": [4.75, 0, 6.75, 2], "texture": "#2"},
				"east": {"uv": [7.5, 2.25, 7.75, 4.25], "texture": "#2"},
				"south": {"uv": [4.75, 2, 6.75, 4], "texture": "#2"},
				"west": {"uv": [4.75, 7.5, 5, 9.5], "texture": "#2"},
				"up": {"uv": [9.25, 5.5, 7.25, 5.25], "texture": "#2"},
				"down": {"uv": [9.25, 5.5, 7.25, 5.75], "texture": "#2"}
			}
		},
		{
			"from": [3.5, -0.2, 4],
			"to": [12.5, 0.8, 12.5],
			"rotation": {"angle": 0, "axis": "y", "origin": [2.85, 0, 1.95]},
			"faces": {
				"north": {"uv": [7.25, 5.75, 9.25, 6], "texture": "#2"},
				"east": {"uv": [7.5, 4.25, 9.5, 4.5], "texture": "#2"},
				"south": {"uv": [7.5, 4.5, 9.5, 4.75], "texture": "#2"},
				"west": {"uv": [7.5, 7.25, 9.5, 7.5], "texture": "#2"},
				"up": {"uv": [6.75, 6, 4.75, 4], "texture": "#2"},
				"down": {"uv": [4.25, 6, 2.25, 8], "texture": "#2"}
			}
		},
		{
			"from": [3, 8.75, 3.45],
			"to": [13, 9.75, 12.55],
			"rotation": {"angle": 0, "axis": "y", "origin": [3, 0, 2.15]},
			"faces": {
				"north": {"uv": [7, 6.75, 9.5, 7], "texture": "#2"},
				"east": {"uv": [7.25, 4.75, 9.5, 5], "texture": "#2"},
				"south": {"uv": [7.25, 0, 9.75, 0.25], "texture": "#2"},
				"west": {"uv": [7.25, 5, 9.5, 5.25], "texture": "#2"},
				"up": {"uv": [2.5, 2.25, 0, 0], "texture": "#2"},
				"down": {"uv": [2.5, 2.25, 0, 4.5], "texture": "#2"}
			}
		},
		{
			"from": [2.475, 1.3, 2.00875],
			"to": [4.425, 9.85, 3.95875],
			"rotation": {"angle": 0, "axis": "y", "origin": [8, 4.875, 3]},
			"faces": {
				"north": {"uv": [0, 6.5, 0.5, 8.5], "texture": "#2"},
				"east": {"uv": [0.5, 6.5, 1, 8.5], "texture": "#2"},
				"south": {"uv": [1, 6.5, 1.5, 8.5], "texture": "#2"},
				"west": {"uv": [1.5, 6.5, 2, 8.5], "texture": "#2"},
				"up": {"uv": [8.25, 1.75, 7.75, 1.25], "texture": "#2"},
				"down": {"uv": [8.25, 1.75, 7.75, 2.25], "texture": "#2"}
			}
		},
		{
			"from": [11.575, 1.3, 2.00875],
			"to": [13.525, 9.85, 3.95875],
			"rotation": {"angle": 0, "axis": "y", "origin": [8, 4.875, 3]},
			"faces": {
				"north": {"uv": [6.75, 0, 7.25, 2], "texture": "#2"},
				"east": {"uv": [6.75, 2, 7.25, 4], "texture": "#2"},
				"south": {"uv": [6.75, 4, 7.25, 6], "texture": "#2"},
				"west": {"uv": [4.25, 7, 4.75, 9], "texture": "#2"},
				"up": {"uv": [8.25, 2.75, 7.75, 2.25], "texture": "#2"},
				"down": {"uv": [8.25, 2.75, 7.75, 3.25], "texture": "#2"}
			}
		},
		{
			"from": [4.425, 8.45, 2.00875],
			"to": [11.575, 9.85, 3.95875],
			"rotation": {"angle": 0, "axis": "y", "origin": [8, 4.875, 3]},
			"faces": {
				"north": {"uv": [7.5, 7.5, 9.25, 7.75], "texture": "#2"},
				"east": {"uv": [7.75, 4, 8.25, 4.25], "texture": "#2"},
				"south": {"uv": [7.75, 0.25, 9.5, 0.5], "texture": "#2"},
				"west": {"uv": [7.75, 7.75, 8.25, 8], "texture": "#2"},
				"up": {"uv": [6.5, 7.5, 4.75, 7], "texture": "#2"},
				"down": {"uv": [8.75, 6, 7, 6.5], "texture": "#2"}
			}
		},
		{
			"from": [11.87212, 3.53359, 2.07375],
			"to": [13.17212, 6.23359, 3.95875],
			"rotation": {"angle": 45, "axis": "z", "origin": [8, 4.875, 3]},
			"faces": {
				"north": {"uv": [2.25, 4.5, 2.5, 5.25], "texture": "#2"},
				"east": {"uv": [5, 7.5, 5.5, 8.25], "texture": "#2"},
				"south": {"uv": [2.25, 5.25, 2.5, 6], "texture": "#2"},
				"west": {"uv": [5.5, 7.5, 6, 8.25], "texture": "#2"},
				"up": {"uv": [2.5, 8.5, 2.25, 8], "texture": "#2"},
				"down": {"uv": [2.75, 8, 2.5, 8.5], "texture": "#2"}
			}
		},
		{
			"from": [2.8, 3.50571, 2.07375],
			"to": [4.1, 6.20571, 3.95875],
			"rotation": {"angle": -45, "axis": "z", "origin": [8, 4.875, 3]},
			"faces": {
				"north": {"uv": [7.75, 3.25, 8, 4], "texture": "#2"},
				"east": {"uv": [6, 7.5, 6.5, 8.25], "texture": "#2"},
				"south": {"uv": [7.5, 7.75, 7.75, 8.5], "texture": "#2"},
				"west": {"uv": [7.75, 0.5, 8.25, 1.25], "texture": "#2"},
				"up": {"uv": [3, 8.5, 2.75, 8], "texture": "#2"},
				"down": {"uv": [3.25, 8, 3, 8.5], "texture": "#2"}
			}
		},
		{
			"from": [2.475, 0, 2.00875],
			"to": [13.525, 1.4, 3.95875],
			"rotation": {"angle": 0, "axis": "y", "origin": [8, 4.875, 3]},
			"faces": {
				"north": {"uv": [6.5, 7, 9.25, 7.25], "texture": "#2"},
				"east": {"uv": [3.25, 8, 3.75, 8.25], "texture": "#2"},
				"south": {"uv": [7, 6.5, 9.75, 6.75], "texture": "#2"},
				"west": {"uv": [8, 3.25, 8.5, 3.5], "texture": "#2"},
				"up": {"uv": [7, 6.5, 4.25, 6], "texture": "#2"},
				"down": {"uv": [7, 6.5, 4.25, 7], "texture": "#2"}
			}
		}
	],
	"display": {
		"thirdperson_righthand": {
			"rotation": [75, 45, 0],
			"translation": [0, 2.5, 0],
			"scale": [0.375, 0.375, 0.375]
		},
		"thirdperson_lefthand": {
			"rotation": [75, 45, 0],
			"translation": [0, 2.5, 0],
			"scale": [0.375, 0.375, 0.375]
		},
		"firstperson_righthand": {
			"rotation": [0, 45, 0],
			"scale": [0.4, 0.4, 0.4]
		},
		"firstperson_lefthand": {
			"rotation": [0, 225, 0],
			"scale": [0.4, 0.4, 0.4]
		},
		"ground": {
			"translation": [0, 3, 0],
			"scale": [0.65, 0.65, 0.65]
		},
		"gui": {
			"rotation": [30, 225, 0],
			"translation": [0, 2, 0],
			"scale": [0.865, 0.865, 0.865]
		},
		"head": {
			"translation": [0, 4.5, 0],
			"scale": [1.64, 1.64, 1.64]
		},
		"fixed": {
			"translation": [0, 3.75, 0]
		}
	}
}