{
	"credit": "Made with Blockbench",
	"texture_size": [64, 64],
	"textures": {
		"3": "item/custom/models/axe_guitar"
	},
	"elements": [
		{
			"from": [6, -2, 7.5],
			"to": [10, 27, 8.5],
			"rotation": {"angle": 0, "axis": "y", "origin": [8, 12.75, 7.875]},
			"faces": {
				"north": {"uv": [4.5, 0, 5.5, 7.25], "texture": "#3"},
				"east": {"uv": [6.5, 4.5, 6.75, 11.75], "texture": "#3"},
				"south": {"uv": [5.5, 0, 6.5, 7.25], "texture": "#3"},
				"west": {"uv": [6.75, 4.5, 7, 11.75], "texture": "#3"},
				"up": {"uv": [8, 5.75, 7, 5.5], "texture": "#3"},
				"down": {"uv": [8, 5.75, 7, 6], "texture": "#3"}
			}
		},
		{
			"from": [6, -5, 7.5],
			"to": [10, -3, 8.5],
			"rotation": {"angle": 0, "axis": "y", "origin": [8, 12.75, 7.875]},
			"faces": {
				"north": {"uv": [7, 4.5, 8, 5], "texture": "#3"},
				"east": {"uv": [7, 6.5, 7.25, 7], "texture": "#3"},
				"south": {"uv": [7, 5, 8, 5.5], "texture": "#3"},
				"west": {"uv": [7, 7, 7.25, 7.5], "texture": "#3"},
				"up": {"uv": [8, 6.25, 7, 6], "texture": "#3"},
				"down": {"uv": [8, 6.25, 7, 6.5], "texture": "#3"}
			}
		},
		{
			"from": [-1, -10, 8],
			"to": [17, 7, 8],
			"rotation": {"angle": 0, "axis": "y", "origin": [8, 12.75, 7.875]},
			"faces": {
				"north": {"uv": [0, 0, 4.5, 4.25], "texture": "#3"},
				"east": {"uv": [0, 0, 0, 4.25], "texture": "#3"},
				"south": {"uv": [4.5, 0, 0, 4.25], "texture": "#3"},
				"west": {"uv": [0, 0, 0, 4.25], "texture": "#3"},
				"up": {"uv": [4.5, 0, 0, 0], "texture": "#3"},
				"down": {"uv": [4.5, 0, 0, 0], "texture": "#3"}
			}
		},
		{
			"from": [5, 21, 8],
			"to": [11, 30, 8],
			"rotation": {"angle": 0, "axis": "y", "origin": [8, 12.75, 7.875]},
			"faces": {
				"north": {"uv": [6.5, 0, 8, 2.25], "texture": "#3"},
				"east": {"uv": [0, 0, 0, 2.25], "texture": "#3"},
				"south": {"uv": [8, 0, 6.5, 2.25], "texture": "#3"},
				"west": {"uv": [0, 0, 0, 2.25], "texture": "#3"},
				"up": {"uv": [1.5, 0, 0, 0], "texture": "#3"},
				"down": {"uv": [1.5, 0, 0, 0], "texture": "#3"}
			}
		}
	],
	"gui_light": "front",
	"display": {
		"thirdperson_righthand": {
			"rotation": [-172, 90, 0],
			"translation": [0, 6.25, 2.75],
			"scale": [0.8, 0.8, 0.8]
		},
		"thirdperson_lefthand": {
			"rotation": [71, 10, -45],
			"translation": [0, 0.5, 2.75],
			"scale": [0.8, 0.8, 0.8]
		},
		"firstperson_righthand": {
			"rotation": [-163, 90, 0],
			"translation": [3, -0.25, -2],
			"scale": [0.5, 0.5, 0.5]
		},
		"firstperson_lefthand": {
			"rotation": [17, -90, 0],
			"translation": [3, -0.25, -2],
			"scale": [0.5, 0.5, 0.5]
		},
		"ground": {
			"rotation": [0, 0, 45],
			"translation": [0, 5.5, 0],
			"scale": [0.45, 0.45, 0.45]
		},
		"gui": {
			"rotation": [0, 0, -45],
			"scale": [0.44, 0.44, 0.44]
		},
		"head": {
			"rotation": [0, 0, 45],
			"translation": [0, -17.25, 4.75]
		},
		"fixed": {
			"rotation": [0, 0, 45],
			"translation": [0, 0, -0.25]
		}
	}
}