{
	"credit": "Made with Blockbench",
	"texture_size": [128, 128],
	"textures": {
		"0": "item/custom/models/banana_guard",
		"particle": "item/custom/models/banana_guard"
	},
	"elements": [
		{
			"from": [1, -9, 2],
			"to": [15, 23, 15],
			"faces": {
				"north": {"uv": [0, 0, 1.75, 4], "texture": "#0"},
				"east": {"uv": [3.5, 0, 5.125, 4], "texture": "#0"},
				"south": {"uv": [1.75, 0, 3.5, 4], "texture": "#0"},
				"west": {"uv": [0, 4, 1.625, 8], "texture": "#0"},
				"up": {"uv": [7.875, 5.25, 6.125, 3.625], "texture": "#0"},
				"down": {"uv": [7.875, 5.25, 6.125, 6.875], "texture": "#0"}
			}
		},
		{
			"from": [4, 21.1, 3],
			"to": [12, 24.1, 14],
			"rotation": {"angle": 0, "axis": "y", "origin": [0, -1.9, 0]},
			"faces": {
				"north": {"uv": [5.125, 3.625, 6.125, 4], "texture": "#0"},
				"east": {"uv": [7.625, 0, 9, 0.375], "texture": "#0"},
				"south": {"uv": [7.625, 1.875, 8.625, 2.25], "texture": "#0"},
				"west": {"uv": [7.625, 0.375, 9, 0.75], "texture": "#0"},
				"up": {"uv": [7.625, 1.375, 6.625, 0], "texture": "#0"},
				"down": {"uv": [7.625, 1.375, 6.625, 2.75], "texture": "#0"}
			}
		},
		{
			"from": [8, 24.6, -3],
			"to": [10, 26.6, -1],
			"rotation": {"angle": 22.5, "axis": "x", "origin": [-3, -1.9, 1]},
			"faces": {
				"north": {"uv": [8, 0.75, 8.25, 1], "texture": "#0"},
				"east": {"uv": [8, 1, 8.25, 1.25], "texture": "#0"},
				"south": {"uv": [1.125, 8, 1.375, 8.25], "texture": "#0"},
				"west": {"uv": [8, 1.25, 8.25, 1.5], "texture": "#0"},
				"up": {"uv": [1.625, 8.25, 1.375, 8], "texture": "#0"},
				"down": {"uv": [8.25, 1.5, 8, 1.75], "texture": "#0"}
			}
		},
		{
			"from": [4.4, 23.8, 7.7],
			"to": [6.4, 25.8, 9.7],
			"rotation": {"angle": 22.5, "axis": "y", "origin": [-1.6, -1.9, 0.8]},
			"faces": {
				"north": {"uv": [1.625, 8, 1.875, 8.25], "texture": "#0"},
				"east": {"uv": [1.875, 8, 2.125, 8.25], "texture": "#0"},
				"south": {"uv": [2.125, 8, 2.375, 8.25], "texture": "#0"},
				"west": {"uv": [2.375, 8, 2.625, 8.25], "texture": "#0"},
				"up": {"uv": [2.875, 8.25, 2.625, 8], "texture": "#0"},
				"down": {"uv": [3.125, 8, 2.875, 8.25], "texture": "#0"}
			}
		},
		{
			"from": [15.2, 19, 10],
			"to": [17.2, 21, 12],
			"rotation": {"angle": 22.5, "axis": "z", "origin": [1, -1.9, 0]},
			"faces": {
				"north": {"uv": [8, 6.5, 8.25, 6.75], "texture": "#0"},
				"east": {"uv": [8, 6.75, 8.25, 7], "texture": "#0"},
				"south": {"uv": [8, 7, 8.25, 7.25], "texture": "#0"},
				"west": {"uv": [7.125, 8, 7.375, 8.25], "texture": "#0"},
				"up": {"uv": [7.625, 8.25, 7.375, 8], "texture": "#0"},
				"down": {"uv": [7.875, 8, 7.625, 8.25], "texture": "#0"}
			}
		},
		{
			"from": [1, -10, 9],
			"to": [15, -9, 15],
			"faces": {
				"north": {"uv": [6.625, 3.5, 8.375, 3.625], "texture": "#0"},
				"east": {"uv": [7.125, 7.875, 7.875, 8], "texture": "#0"},
				"south": {"uv": [7.875, 3.625, 9.625, 3.75], "texture": "#0"},
				"west": {"uv": [7.875, 7.375, 8.625, 7.5], "texture": "#0"},
				"up": {"uv": [8.375, 3.5, 6.625, 2.75], "texture": "#0"},
				"down": {"uv": [7.875, 6.875, 6.125, 7.625], "texture": "#0"}
			}
		},
		{
			"from": [2, -10, 15],
			"to": [14, 20, 17],
			"rotation": {"angle": 0, "axis": "y", "origin": [0, 0, -3]},
			"faces": {
				"north": {"uv": [1.625, 4, 3.125, 7.75], "texture": "#0"},
				"east": {"uv": [4.625, 7.625, 4.875, 11.375], "texture": "#0"},
				"south": {"uv": [3.125, 4, 4.625, 7.75], "texture": "#0"},
				"west": {"uv": [4.875, 7.625, 5.125, 11.375], "texture": "#0"},
				"up": {"uv": [9.125, 2.5, 7.625, 2.25], "texture": "#0"},
				"down": {"uv": [9.125, 2.5, 7.625, 2.75], "texture": "#0"}
			}
		},
		{
			"from": [2, -9, 0],
			"to": [14, 20, 2],
			"rotation": {"angle": 0, "axis": "y", "origin": [0, 0, 3]},
			"faces": {
				"north": {"uv": [4.625, 4, 6.125, 7.625], "texture": "#0"},
				"east": {"uv": [5.125, 7.625, 5.375, 11.25], "texture": "#0"},
				"south": {"uv": [5.125, 0, 6.625, 3.625], "texture": "#0"},
				"west": {"uv": [5.375, 7.625, 5.625, 11.25], "texture": "#0"},
				"up": {"uv": [8.25, 7.875, 6.75, 7.625], "texture": "#0"},
				"down": {"uv": [3.125, 7.75, 1.625, 8], "texture": "#0"}
			}
		},
		{
			"from": [7, -4.7, -4.7],
			"to": [10, 4.3, -2.7],
			"rotation": {"angle": 45, "axis": "x", "origin": [0, 0, 3]},
			"faces": {
				"north": {"uv": [7.625, 0.75, 8, 1.875], "texture": "#0"},
				"east": {"uv": [3.125, 7.75, 3.375, 8.875], "texture": "#0"},
				"south": {"uv": [5.625, 7.625, 6, 8.75], "texture": "#0"},
				"west": {"uv": [3.375, 7.75, 3.625, 8.875], "texture": "#0"},
				"up": {"uv": [8.25, 8.125, 7.875, 7.875], "texture": "#0"},
				"down": {"uv": [0.375, 8, 0, 8.25], "texture": "#0"}
			}
		},
		{
			"from": [7, -4.7, 18.7],
			"to": [10, 4.3, 20.7],
			"rotation": {"angle": -45, "axis": "x", "origin": [0, 0, 13]},
			"faces": {
				"north": {"uv": [6, 7.625, 6.375, 8.75], "texture": "#0"},
				"east": {"uv": [3.625, 7.75, 3.875, 8.875], "texture": "#0"},
				"south": {"uv": [6.375, 7.625, 6.75, 8.75], "texture": "#0"},
				"west": {"uv": [3.875, 7.75, 4.125, 8.875], "texture": "#0"},
				"up": {"uv": [0.75, 8.25, 0.375, 8], "texture": "#0"},
				"down": {"uv": [1.125, 8, 0.75, 8.25], "texture": "#0"}
			}
		},
		{
			"from": [8, -16, 3],
			"to": [9, -9, 5],
			"faces": {
				"north": {"uv": [7.875, 6.5, 8, 7.375], "texture": "#0"},
				"east": {"uv": [4.125, 7.75, 4.375, 8.625], "texture": "#0"},
				"south": {"uv": [6.75, 7.875, 6.875, 8.75], "texture": "#0"},
				"west": {"uv": [4.375, 7.75, 4.625, 8.625], "texture": "#0"},
				"up": {"uv": [8.25, 4, 8.125, 3.75], "texture": "#0"},
				"down": {"uv": [8.25, 4, 8.125, 4.25], "texture": "#0"}
			}
		},
		{
			"from": [8, -16, 3],
			"to": [12, -16, 5],
			"faces": {
				"north": {"uv": [0, 0, 0.5, 0], "texture": "#0"},
				"east": {"uv": [0, 0, 0.25, 0], "texture": "#0"},
				"south": {"uv": [0, 0, 0.5, 0], "texture": "#0"},
				"west": {"uv": [0, 0, 0.25, 0], "texture": "#0"},
				"up": {"uv": [8.375, 5.75, 7.875, 5.5], "texture": "#0"},
				"down": {"uv": [8.375, 5.75, 7.875, 6], "texture": "#0"}
			}
		},
		{
			"from": [8, -16, 11],
			"to": [12, -16, 13],
			"rotation": {"angle": 0, "axis": "y", "origin": [0, 0, 16]},
			"faces": {
				"north": {"uv": [0, 0, 0.5, 0], "texture": "#0"},
				"east": {"uv": [0, 0, 0.25, 0], "texture": "#0"},
				"south": {"uv": [0, 0, 0.5, 0], "texture": "#0"},
				"west": {"uv": [0, 0, 0.25, 0], "texture": "#0"},
				"up": {"uv": [8.375, 6.25, 7.875, 6], "texture": "#0"},
				"down": {"uv": [8.375, 6.25, 7.875, 6.5], "texture": "#0"}
			}
		},
		{
			"from": [8, -16, 11],
			"to": [9, -9, 13],
			"faces": {
				"north": {"uv": [6.875, 7.875, 7, 8.75], "texture": "#0"},
				"east": {"uv": [7.875, 3.75, 8.125, 4.625], "texture": "#0"},
				"south": {"uv": [7, 7.875, 7.125, 8.75], "texture": "#0"},
				"west": {"uv": [7.875, 4.625, 8.125, 5.5], "texture": "#0"},
				"up": {"uv": [8.25, 4.5, 8.125, 4.25], "texture": "#0"},
				"down": {"uv": [8.25, 4.5, 8.125, 4.75], "texture": "#0"}
			}
		}
	],
	"gui_light": "front",
	"display": {
		"gui": {
			"rotation": [19, -88, -2],
			"translation": [0, 0.75, 0],
			"scale": [0.5, 0.5, 0.5]
		},
		"head": {
			"rotation": [0, 90, 0],
			"translation": [0, 2.75, 0],
			"scale": [2, 2, 2]
		},
		"fixed": {
			"rotation": [-90, 0, 0],
			"translation": [0, 0, -63],
			"scale": [4, 4, 4]
		}
	}
}