{
	"credit": "Made with Blockbench",
	"texture_size": [64, 64],
	"textures": {
		"1": "item/custom/models/beak",
		"particle": "item/custom/models/beak"
	},
	"elements": [
		{
			"from": [4, 0, -11],
			"to": [12, 2, 4],
			"faces": {
				"north": {"uv": [3.75, 3.75, 5.75, 4.25], "texture": "#1"},
				"east": {"uv": [0, 3.75, 3.75, 4.25], "texture": "#1"},
				"south": {"uv": [9.5, 3.75, 11.5, 4.25], "texture": "#1"},
				"west": {"uv": [5.75, 3.75, 9.5, 4.25], "texture": "#1"},
				"up": {"uv": [5.75, 3.75, 3.75, 0], "texture": "#1"},
				"down": {"uv": [7.75, 0, 5.75, 3.75], "texture": "#1"}
			}
		}
	],
	"gui_light": "front",
	"display": {
		"thirdperson_righthand": {
			"translation": [0, 2.75, 5.25],
			"scale": [0.65, 0.65, 0.65]
		},
		"thirdperson_lefthand": {
			"translation": [0, 2.75, 5.25],
			"scale": [0.65, 0.65, 0.65]
		},
		"firstperson_righthand": {
			"translation": [12, 0, 0],
			"scale": [0.67, 0.67, 0.67]
		},
		"firstperson_lefthand": {
			"translation": [12, 0, 0],
			"scale": [0.67, 0.67, 0.67]
		},
		"gui": {
			"rotation": [27, 45, 0],
			"translation": [7, -0.5, 0],
			"scale": [0.87, 0.87, 0.87]
		},
		"head": {
			"translation": [0, 6.4, 0],
			"scale": [1.6, 1.6, 1.6]
		}
	}
}