{
	"credit": "Made with Blockbench",
	"texture_size": [64, 64],
	"textures": {
		"1": "item/custom/models/big_chungus",
		"particle": "item/custom/models/big_chungus"
	},
	"elements": [
		{
			"from": [2.92285, -2, 2.5],
			"to": [6.92285, 0, 13.5],
			"rotation": {"angle": 22.5, "axis": "y", "origin": [4.92285, -1, 8]},
			"faces": {
				"north": {"uv": [10.25, 4, 11.25, 4.5], "texture": "#1"},
				"east": {"uv": [9, 3, 11.75, 3.5], "texture": "#1"},
				"south": {"uv": [10.25, 9.25, 11.25, 9.75], "texture": "#1"},
				"west": {"uv": [9, 7.75, 11.75, 8.25], "texture": "#1"},
				"up": {"uv": [5.5, 9.5, 4.5, 6.75], "texture": "#1"},
				"down": {"uv": [6.5, 6.75, 5.5, 9.5], "texture": "#1"}
			}
		},
		{
			"from": [8.92285, -2, 2.5],
			"to": [12.92285, 0, 13.5],
			"rotation": {"angle": -22.5, "axis": "y", "origin": [10.92285, -1, 8]},
			"faces": {
				"north": {"uv": [10.25, 9.75, 11.25, 10.25], "texture": "#1"},
				"east": {"uv": [9, 8.25, 11.75, 8.75], "texture": "#1"},
				"south": {"uv": [10.25, 10.25, 11.25, 10.75], "texture": "#1"},
				"west": {"uv": [9, 8.75, 11.75, 9.25], "texture": "#1"},
				"up": {"uv": [7.5, 9.5, 6.5, 6.75], "texture": "#1"},
				"down": {"uv": [1, 7.25, 0, 10], "texture": "#1"}
			}
		},
		{
			"from": [4.92285, 8, 1.5],
			"to": [5.92285, 9, 2.5],
			"rotation": {"angle": 0, "axis": "y", "origin": [-0.07715, 0, 0.5]},
			"faces": {
				"north": {"uv": [7, 6.25, 7.25, 6.5], "texture": "#1"},
				"east": {"uv": [7, 6.5, 7.25, 6.75], "texture": "#1"},
				"south": {"uv": [7.25, 6.25, 7.5, 6.5], "texture": "#1"},
				"west": {"uv": [7.25, 6.5, 7.5, 6.75], "texture": "#1"},
				"up": {"uv": [4.25, 9.25, 4, 9], "texture": "#1"},
				"down": {"uv": [4.5, 9, 4.25, 9.25], "texture": "#1"}
			}
		},
		{
			"from": [9.92285, 8, 1.5],
			"to": [10.92285, 9, 2.5],
			"rotation": {"angle": 0, "axis": "y", "origin": [-0.07715, 0, 0.5]},
			"faces": {
				"north": {"uv": [4, 9.25, 4.25, 9.5], "texture": "#1"},
				"east": {"uv": [4.25, 9.25, 4.5, 9.5], "texture": "#1"},
				"south": {"uv": [10.5, 5, 10.75, 5.25], "texture": "#1"},
				"west": {"uv": [10.5, 5.25, 10.75, 5.5], "texture": "#1"},
				"up": {"uv": [11, 5.25, 10.75, 5], "texture": "#1"},
				"down": {"uv": [11, 5.25, 10.75, 5.5], "texture": "#1"}
			}
		},
		{
			"from": [2.92285, 0, 3.5],
			"to": [12.92285, 9, 13.5],
			"rotation": {"angle": 0, "axis": "y", "origin": [-0.07715, 0, 0.5]},
			"faces": {
				"north": {"uv": [2.5, 0, 5, 2.25], "texture": "#1"},
				"east": {"uv": [2.5, 2.25, 5, 4.5], "texture": "#1"},
				"south": {"uv": [2.5, 4.5, 5, 6.75], "texture": "#1"},
				"west": {"uv": [0, 5, 2.5, 7.25], "texture": "#1"},
				"up": {"uv": [2.5, 2.5, 0, 0], "texture": "#1"},
				"down": {"uv": [2.5, 2.5, 0, 5], "texture": "#1"}
			}
		},
		{
			"from": [3.92285, 1, 2.5],
			"to": [11.92285, 10, 3.5],
			"rotation": {"angle": 0, "axis": "y", "origin": [-0.07715, 0, 0.5]},
			"faces": {
				"north": {"uv": [5, 4.5, 7, 6.75], "texture": "#1"},
				"east": {"uv": [3, 9.75, 3.25, 12], "texture": "#1"},
				"south": {"uv": [2.5, 6.75, 4.5, 9], "texture": "#1"},
				"west": {"uv": [0.75, 10, 1, 12.25], "texture": "#1"},
				"up": {"uv": [12.5, 4.75, 10.5, 4.5], "texture": "#1"},
				"down": {"uv": [12.5, 4.75, 10.5, 5], "texture": "#1"}
			}
		},
		{
			"from": [-1.07715, 5, 6.5],
			"to": [0.92285, 12, 9.5],
			"rotation": {"angle": -22.5, "axis": "z", "origin": [-0.07715, 2, 0.5]},
			"faces": {
				"north": {"uv": [2.5, 9.75, 3, 11.5], "texture": "#1"},
				"east": {"uv": [8.25, 9.25, 9, 11], "texture": "#1"},
				"south": {"uv": [9.75, 9.25, 10.25, 11], "texture": "#1"},
				"west": {"uv": [9, 9.25, 9.75, 11], "texture": "#1"},
				"up": {"uv": [4.75, 11.5, 4.25, 10.75], "texture": "#1"},
				"down": {"uv": [5.25, 10.75, 4.75, 11.5], "texture": "#1"}
			}
		},
		{
			"from": [13.92285, -1, 6.5],
			"to": [15.92285, 6, 9.5],
			"rotation": {"angle": 22.5, "axis": "z", "origin": [-0.07715, 2, 0.5]},
			"faces": {
				"north": {"uv": [7, 9.5, 7.5, 11.25], "texture": "#1"},
				"east": {"uv": [3.25, 9, 4, 10.75], "texture": "#1"},
				"south": {"uv": [2, 9.75, 2.5, 11.5], "texture": "#1"},
				"west": {"uv": [7.5, 9.25, 8.25, 11], "texture": "#1"},
				"up": {"uv": [3.75, 11.5, 3.25, 10.75], "texture": "#1"},
				"down": {"uv": [4.25, 10.75, 3.75, 11.5], "texture": "#1"}
			}
		},
		{
			"from": [3.92285, 12, 4.5],
			"to": [11.92285, 15, 5.5],
			"rotation": {"angle": 0, "axis": "y", "origin": [-0.07715, 0, 0.5]},
			"faces": {
				"north": {"uv": [9, 6.25, 11, 7], "texture": "#1"},
				"east": {"uv": [10.5, 10.75, 10.75, 11.5], "texture": "#1"},
				"south": {"uv": [9, 7, 11, 7.75], "texture": "#1"},
				"west": {"uv": [10.75, 10.75, 11, 11.5], "texture": "#1"},
				"up": {"uv": [12.25, 3.75, 10.25, 3.5], "texture": "#1"},
				"down": {"uv": [12.25, 3.75, 10.25, 4], "texture": "#1"}
			}
		},
		{
			"from": [11.92285, 14, 6.5],
			"to": [12.92285, 19, 10.5],
			"rotation": {"angle": 22.5, "axis": "z", "origin": [-0.07715, 0, 0.5]},
			"faces": {
				"north": {"uv": [5.25, 10.75, 5.5, 12], "texture": "#1"},
				"east": {"uv": [4, 9.5, 5, 10.75], "texture": "#1"},
				"south": {"uv": [5.5, 10.75, 5.75, 12], "texture": "#1"},
				"west": {"uv": [5, 9.5, 6, 10.75], "texture": "#1"},
				"up": {"uv": [6.5, 11.75, 6.25, 10.75], "texture": "#1"},
				"down": {"uv": [6.75, 10.75, 6.5, 11.75], "texture": "#1"}
			}
		},
		{
			"from": [1.92285, 20, 6.5],
			"to": [2.92285, 25, 10.5],
			"rotation": {"angle": -22.5, "axis": "z", "origin": [-0.07715, 0, 0.5]},
			"faces": {
				"north": {"uv": [5.75, 10.75, 6, 12], "texture": "#1"},
				"east": {"uv": [6, 9.5, 7, 10.75], "texture": "#1"},
				"south": {"uv": [6, 10.75, 6.25, 12], "texture": "#1"},
				"west": {"uv": [1, 9.75, 2, 11], "texture": "#1"},
				"up": {"uv": [7, 11.75, 6.75, 10.75], "texture": "#1"},
				"down": {"uv": [10.5, 10.75, 10.25, 11.75], "texture": "#1"}
			}
		},
		{
			"from": [4.92285, 12, 5.5],
			"to": [10.92285, 19, 11.5],
			"rotation": {"angle": 0, "axis": "y", "origin": [-0.07715, 0, 0.5]},
			"faces": {
				"north": {"uv": [7, 4.5, 8.5, 6.25], "texture": "#1"},
				"east": {"uv": [1, 7.25, 2.5, 9], "texture": "#1"},
				"south": {"uv": [7.5, 0, 9, 1.75], "texture": "#1"},
				"west": {"uv": [7.5, 1.75, 9, 3.5], "texture": "#1"},
				"up": {"uv": [9, 7.75, 7.5, 6.25], "texture": "#1"},
				"down": {"uv": [9, 7.75, 7.5, 9.25], "texture": "#1"}
			}
		},
		{
			"from": [2.92285, 9, 3.5],
			"to": [12.92285, 12, 12.5],
			"rotation": {"angle": 0, "axis": "y", "origin": [-0.07715, 0, 0.5]},
			"faces": {
				"north": {"uv": [8.5, 5.5, 11, 6.25], "texture": "#1"},
				"east": {"uv": [9, 0.75, 11.25, 1.5], "texture": "#1"},
				"south": {"uv": [9, 0, 11.5, 0.75], "texture": "#1"},
				"west": {"uv": [1, 9, 3.25, 9.75], "texture": "#1"},
				"up": {"uv": [7.5, 2.25, 5, 0], "texture": "#1"},
				"down": {"uv": [7.5, 2.25, 5, 4.5], "texture": "#1"}
			}
		},
		{
			"from": [3.92285, 1, 12.5],
			"to": [11.92285, 5, 15.5],
			"rotation": {"angle": 0, "axis": "y", "origin": [-0.07715, 0, 0.5]},
			"faces": {
				"north": {"uv": [7.5, 3.5, 9.5, 4.5], "texture": "#1"},
				"east": {"uv": [9.5, 3.5, 10.25, 4.5], "texture": "#1"},
				"south": {"uv": [8.5, 4.5, 10.5, 5.5], "texture": "#1"},
				"west": {"uv": [0, 10, 0.75, 11], "texture": "#1"},
				"up": {"uv": [11, 2.25, 9, 1.5], "texture": "#1"},
				"down": {"uv": [11, 2.25, 9, 3], "texture": "#1"}
			}
		}
	],
	"display": {
		"thirdperson_righthand": {
			"rotation": [75, 45, 0],
			"translation": [0, 2.5, 0],
			"scale": [0.375, 0.375, 0.375]
		},
		"thirdperson_lefthand": {
			"rotation": [75, 45, 0],
			"translation": [0, 2.5, 0],
			"scale": [0.375, 0.375, 0.375]
		},
		"firstperson_righthand": {
			"rotation": [0, 135, 0],
			"scale": [0.4, 0.4, 0.4]
		},
		"firstperson_lefthand": {
			"rotation": [0, 135, 0],
			"scale": [0.4, 0.4, 0.4]
		},
		"ground": {
			"translation": [0, 11.75, 0],
			"scale": [1.3, 1.3, 1.3]
		},
		"gui": {
			"rotation": [30, 225, 0],
			"translation": [0, -0.5, 0],
			"scale": [0.515, 0.515, 0.515]
		},
		"head": {
			"translation": [0, -6.75, 0],
			"scale": [4, 4, 4]
		}
	}
}