{
	"credit": "Made with Blockbench",
	"texture_size": [32, 32],
	"textures": {
		"2": "item/custom/models/black_bunny_ears",
		"particle": "item/custom/models/black_bunny_ears"
	},
	"elements": [
		{
			"from": [7.5, 6, 8],
			"to": [13.5, 20, 8],
			"rotation": {"angle": -22.5, "axis": "z", "origin": [11, 7, 8]},
			"faces": {
				"north": {"uv": [0, 7, 3, 14], "texture": "#2"},
				"east": {"uv": [0, 0, 0, 7], "texture": "#2"},
				"south": {"uv": [0, 7, 3, 14], "texture": "#2"},
				"west": {"uv": [0, 0, 0, 7], "texture": "#2"},
				"up": {"uv": [3, 0, 0, 0], "texture": "#2"},
				"down": {"uv": [3, 0, 0, 0], "texture": "#2"}
			}
		},
		{
			"from": [2.5, 6, 8],
			"to": [8.5, 20, 8],
			"rotation": {"angle": 22.5, "axis": "z", "origin": [5, 7, 8]},
			"faces": {
				"north": {"uv": [0, 7, 3, 14], "texture": "#2"},
				"east": {"uv": [0, 7, 0, 14], "texture": "#2"},
				"south": {"uv": [0, 7, 3, 14], "texture": "#2"},
				"west": {"uv": [0, 7, 0, 14], "texture": "#2"},
				"up": {"uv": [3, 0, 0, 0], "texture": "#2"},
				"down": {"uv": [3, 0, 0, 0], "texture": "#2"}
			}
		},
		{
			"from": [3, 6, 7],
			"to": [13, 7, 9],
			"rotation": {"angle": 0, "axis": "y", "origin": [0, -5, -1]},
			"faces": {
				"north": {"uv": [9, 6, 14, 6.5], "texture": "#2"},
				"east": {"uv": [6, 9, 7, 9.5], "texture": "#2"},
				"south": {"uv": [9, 6.5, 14, 7], "texture": "#2"},
				"west": {"uv": [7, 9, 8, 9.5], "texture": "#2"},
				"up": {"uv": [8, 8, 3, 7], "texture": "#2"},
				"down": {"uv": [8, 8, 3, 9], "texture": "#2"}
			}
		},
		{
			"from": [3, 0, 7],
			"to": [4, 6, 9],
			"rotation": {"angle": 0, "axis": "y", "origin": [0, -5, -1]},
			"faces": {
				"north": {"uv": [5, 9, 5.5, 12], "texture": "#2"},
				"east": {"uv": [3, 9, 4, 12], "texture": "#2"},
				"south": {"uv": [5.5, 9, 6, 12], "texture": "#2"},
				"west": {"uv": [9, 3, 10, 6], "texture": "#2"},
				"up": {"uv": [9.5, 10, 9, 9], "texture": "#2"},
				"down": {"uv": [6.5, 9.5, 6, 10.5], "texture": "#2"}
			}
		},
		{
			"from": [12, 0, 7],
			"to": [13, 6, 9],
			"rotation": {"angle": 0, "axis": "y", "origin": [0, -5, -1]},
			"faces": {
				"north": {"uv": [4, 9, 4.5, 12], "texture": "#2"},
				"east": {"uv": [8, 7, 9, 10], "texture": "#2"},
				"south": {"uv": [4.5, 9, 5, 12], "texture": "#2"},
				"west": {"uv": [9, 0, 10, 3], "texture": "#2"},
				"up": {"uv": [9.5, 8, 9, 7], "texture": "#2"},
				"down": {"uv": [9.5, 8, 9, 9], "texture": "#2"}
			}
		}
	],
	"display": {
		"thirdperson_righthand": {
			"rotation": [75, 45, 0],
			"translation": [0, 2.5, 0],
			"scale": [0.375, 0.375, 0.375]
		},
		"thirdperson_lefthand": {
			"rotation": [75, 45, 0],
			"translation": [0, 2.5, 0],
			"scale": [0.375, 0.375, 0.375]
		},
		"firstperson_righthand": {
			"rotation": [0, 45, 0],
			"scale": [0.4, 0.4, 0.4]
		},
		"firstperson_lefthand": {
			"rotation": [0, 225, 0],
			"scale": [0.4, 0.4, 0.4]
		},
		"ground": {
			"translation": [0, 3, 0],
			"scale": [0.25, 0.25, 0.25]
		},
		"gui": {
			"rotation": [30, 225, 0],
			"translation": [0, -0.75, 0],
			"scale": [0.625, 0.625, 0.625]
		},
		"head": {
			"translation": [0, 9.5, -1.5],
			"scale": [1.61, 1.61, 1.61]
		},
		"fixed": {
			"scale": [0.5, 0.5, 0.5]
		}
	},
	"groups": [
		{
			"name": "group",
			"origin": [0, -3, -1],
			"color": 0,
			"children": [0, 1, 2, 3, 4]
		}
	]
}