{
	"credit": "Made with Blockbench",
	"texture_size": [64, 64],
	"textures": {
		"1": "item/custom/models/presents/blue_present"
	},
	"elements": [
		{
			"from": [3, 8, 3],
			"to": [13, 11, 13],
			"rotation": {"angle": 0, "axis": "y", "origin": [7, 1, 5]},
			"faces": {
				"north": {"uv": [6, 5.25, 8.5, 6], "texture": "#1"},
				"east": {"uv": [6, 6, 8.5, 6.75], "texture": "#1"},
				"south": {"uv": [0, 6.75, 2.5, 7.5], "texture": "#1"},
				"west": {"uv": [2.5, 6.75, 5, 7.5], "texture": "#1"},
				"up": {"uv": [2.5, 2.5, 0, 0], "texture": "#1"},
				"down": {"uv": [2.5, 2.5, 0, 5], "texture": "#1"}
			}
		},
		{
			"from": [0.87868, 11, 7.12132],
			"to": [10.87868, 16, 7.12132],
			"rotation": {"angle": -45, "axis": "y", "origin": [5.87868, 12.5, 10.12132]},
			"faces": {
				"north": {"uv": [2.5, 4, 5, 5.25], "texture": "#1"},
				"east": {"uv": [0, 0, 0, 1.25], "texture": "#1"},
				"south": {"uv": [4.5, 0, 7, 1.25], "texture": "#1"},
				"west": {"uv": [0, 0, 0, 1.25], "texture": "#1"},
				"up": {"uv": [2.5, 0, 0, 0], "texture": "#1"},
				"down": {"uv": [2.5, 0, 0, 0], "texture": "#1"}
			}
		},
		{
			"from": [8, 11, 3],
			"to": [8, 16, 13],
			"rotation": {"angle": -45, "axis": "y", "origin": [8, 11.5, 8]},
			"faces": {
				"north": {"uv": [0, 0, 0, 1.25], "texture": "#1"},
				"east": {"uv": [4.5, 1.25, 7, 2.5], "texture": "#1"},
				"south": {"uv": [0, 0, 0, 1.25], "texture": "#1"},
				"west": {"uv": [4.5, 2.5, 7, 3.75], "texture": "#1"},
				"up": {"uv": [0, 2.5, 0, 0], "texture": "#1"},
				"down": {"uv": [0, 0, 0, 2.5], "texture": "#1"}
			}
		},
		{
			"from": [4, 2, 4],
			"to": [12, 8, 12],
			"rotation": {"angle": 0, "axis": "y", "origin": [7, 2, 5]},
			"faces": {
				"north": {"uv": [0, 5, 2, 6.5], "texture": "#1"},
				"east": {"uv": [5, 3.75, 7, 5.25], "texture": "#1"},
				"south": {"uv": [2, 5.25, 4, 6.75], "texture": "#1"},
				"west": {"uv": [4, 5.25, 6, 6.75], "texture": "#1"},
				"up": {"uv": [4.5, 2, 2.5, 0], "texture": "#1"},
				"down": {"uv": [4.5, 2, 2.5, 4], "texture": "#1"}
			}
		}
	],
	"gui_light": "front",
	"display": {
		"thirdperson_righthand": {
			"rotation": [75, 45, 0],
			"translation": [0, 2.5, 0],
			"scale": [0.65, 0.65, 0.65]
		},
		"thirdperson_lefthand": {
			"rotation": [75, 45, 0],
			"translation": [0, 2.5, 0],
			"scale": [0.65, 0.65, 0.65]
		},
		"firstperson_righthand": {
			"rotation": [0, 45, 0],
			"translation": [0, 0.5, 0],
			"scale": [0.5, 0.5, 0.5]
		},
		"firstperson_lefthand": {
			"rotation": [0, 45, 0],
			"translation": [0, 0.5, 0],
			"scale": [0.5, 0.5, 0.5]
		},
		"ground": {
			"translation": [0, 3, 0],
			"scale": [0.65, 0.65, 0.65]
		},
		"gui": {
			"rotation": [30, 225, 0],
			"scale": [0.8, 0.8, 0.8]
		},
		"head": {
			"translation": [0, 13.5, 0],
			"scale": [1.24, 1.24, 1.24]
		}
	}
}