{
	"credit": "Made with Blockbench",
	"textures": {
		"0": "item/custom/models/blue_hair",
		"particle": "item/custom/models/blue_hair"
	},
	"elements": [
		{
			"from": [1, 2, 14],
			"to": [15, 14, 15],
			"faces": {
				"north": {"uv": [0, 1.875, 1.75, 3.375], "texture": "#0"},
				"east": {"uv": [3.125, 7.5, 3.25, 9], "texture": "#0"},
				"south": {"uv": [1.75, 1.875, 3.5, 3.375], "texture": "#0"},
				"west": {"uv": [6.25, 7.75, 6.375, 9.25], "texture": "#0"},
				"up": {"uv": [9.5, 1, 7.75, 0.875], "texture": "#0"},
				"down": {"uv": [9.5, 1, 7.75, 1.125], "texture": "#0"}
			}
		},
		{
			"from": [3, -1, 14],
			"to": [13, 2, 15],
			"faces": {
				"north": {"uv": [7.25, 3.375, 8.5, 3.75], "texture": "#0"},
				"east": {"uv": [5.75, 8.625, 5.875, 9], "texture": "#0"},
				"south": {"uv": [7.25, 3.75, 8.5, 4.125], "texture": "#0"},
				"west": {"uv": [5.875, 8.625, 6, 9], "texture": "#0"},
				"up": {"uv": [9.25, 7, 8, 6.875], "texture": "#0"},
				"down": {"uv": [9.25, 7, 8, 7.125], "texture": "#0"}
			}
		},
		{
			"from": [1, 14, 0],
			"to": [15, 15, 15],
			"faces": {
				"north": {"uv": [7.5, 7.875, 9.25, 8], "texture": "#0"},
				"east": {"uv": [7.25, 4.125, 9.125, 4.25], "texture": "#0"},
				"south": {"uv": [8, 1.125, 9.75, 1.25], "texture": "#0"},
				"west": {"uv": [7.25, 4.25, 9.125, 4.375], "texture": "#0"},
				"up": {"uv": [1.75, 1.875, 0, 0], "texture": "#0"},
				"down": {"uv": [3.5, 0, 1.75, 1.875], "texture": "#0"}
			}
		},
		{
			"from": [1, 4, 6],
			"to": [2, 14, 14],
			"faces": {
				"north": {"uv": [1, 7.875, 1.125, 9.125], "texture": "#0"},
				"east": {"uv": [4.375, 0, 5.375, 1.25], "texture": "#0"},
				"south": {"uv": [1.125, 7.875, 1.25, 9.125], "texture": "#0"},
				"west": {"uv": [4.375, 1.25, 5.375, 2.5], "texture": "#0"},
				"up": {"uv": [0.625, 9.25, 0.5, 8.25], "texture": "#0"},
				"down": {"uv": [0.75, 8.25, 0.625, 9.25], "texture": "#0"}
			}
		},
		{
			"from": [14, 4, 6],
			"to": [15, 14, 14],
			"faces": {
				"north": {"uv": [8, 5.625, 8.125, 6.875], "texture": "#0"},
				"east": {"uv": [4.375, 2.5, 5.375, 3.75], "texture": "#0"},
				"south": {"uv": [6.875, 8, 7, 9.25], "texture": "#0"},
				"west": {"uv": [4.375, 3.75, 5.375, 5], "texture": "#0"},
				"up": {"uv": [0.875, 9.25, 0.75, 8.25], "texture": "#0"},
				"down": {"uv": [1, 8.25, 0.875, 9.25], "texture": "#0"}
			}
		},
		{
			"from": [1, 7, 1],
			"to": [2, 14, 6],
			"faces": {
				"north": {"uv": [3.25, 8.25, 3.375, 9.125], "texture": "#0"},
				"east": {"uv": [0, 7, 0.625, 7.875], "texture": "#0"},
				"south": {"uv": [3.375, 8.25, 3.5, 9.125], "texture": "#0"},
				"west": {"uv": [0.625, 7, 1.25, 7.875], "texture": "#0"},
				"up": {"uv": [5.5, 9.125, 5.375, 8.5], "texture": "#0"},
				"down": {"uv": [5.625, 8.5, 5.5, 9.125], "texture": "#0"}
			}
		},
		{
			"from": [14, 7, 0.75],
			"to": [15, 14, 6],
			"faces": {
				"north": {"uv": [2.625, 8.25, 2.75, 9.125], "texture": "#0"},
				"east": {"uv": [6.875, 5.625, 7.5, 6.5], "texture": "#0"},
				"south": {"uv": [2.75, 8.25, 2.875, 9.125], "texture": "#0"},
				"west": {"uv": [6.875, 6.5, 7.5, 7.375], "texture": "#0"},
				"up": {"uv": [4, 9.125, 3.875, 8.5], "texture": "#0"},
				"down": {"uv": [5.375, 8.5, 5.25, 9.125], "texture": "#0"}
			}
		},
		{
			"from": [-3.75, 5.25, -0.25],
			"to": [-0.75, 14.5, 1],
			"rotation": {"angle": -22.5, "axis": "z", "origin": [0, 0, 0]},
			"faces": {
				"north": {"uv": [4, 7.25, 4.375, 8.375], "texture": "#0"},
				"east": {"uv": [1.25, 8.125, 1.375, 9.25], "texture": "#0"},
				"south": {"uv": [7.375, 0, 7.75, 1.125], "texture": "#0"},
				"west": {"uv": [1.375, 8.125, 1.5, 9.25], "texture": "#0"},
				"up": {"uv": [8.875, 0.875, 8.5, 0.75], "texture": "#0"},
				"down": {"uv": [8.875, 6.625, 8.5, 6.75], "texture": "#0"}
			}
		},
		{
			"from": [-1.75, 9.25, -0.75],
			"to": [1.25, 15.5, 0.5],
			"rotation": {"angle": -22.5, "axis": "z", "origin": [0, 0, 0]},
			"faces": {
				"north": {"uv": [5, 7.75, 5.375, 8.5], "texture": "#0"},
				"east": {"uv": [8.375, 8, 8.5, 8.75], "texture": "#0"},
				"south": {"uv": [5.375, 7.75, 5.75, 8.5], "texture": "#0"},
				"west": {"uv": [8.5, 0, 8.625, 0.75], "texture": "#0"},
				"up": {"uv": [9, 5, 8.625, 4.875], "texture": "#0"},
				"down": {"uv": [9, 5, 8.625, 5.125], "texture": "#0"}
			}
		},
		{
			"from": [-1.75, 7.25, -0.75],
			"to": [0.25, 9.25, 0.5],
			"rotation": {"angle": -22.5, "axis": "z", "origin": [0, 0, 0]},
			"faces": {
				"north": {"uv": [8.125, 0.625, 8.375, 0.875], "texture": "#0"},
				"east": {"uv": [3.625, 7, 3.75, 7.25], "texture": "#0"},
				"south": {"uv": [8.5, 3.875, 8.75, 4.125], "texture": "#0"},
				"west": {"uv": [8.625, 5.375, 8.75, 5.625], "texture": "#0"},
				"up": {"uv": [8.5, 3.375, 8.25, 3.25], "texture": "#0"},
				"down": {"uv": [6.25, 8.625, 6, 8.75], "texture": "#0"}
			}
		},
		{
			"from": [0.25, 1.25, -0.25],
			"to": [1.25, 4.25, 1],
			"rotation": {"angle": -22.5, "axis": "z", "origin": [0, 0, 0]},
			"faces": {
				"north": {"uv": [8.5, 8.25, 8.625, 8.625], "texture": "#0"},
				"east": {"uv": [0, 8.625, 0.125, 9], "texture": "#0"},
				"south": {"uv": [8.625, 0, 8.75, 0.375], "texture": "#0"},
				"west": {"uv": [0.125, 8.625, 0.25, 9], "texture": "#0"},
				"up": {"uv": [7.625, 5, 7.5, 4.875], "texture": "#0"},
				"down": {"uv": [8.875, 0.25, 8.75, 0.375], "texture": "#0"}
			}
		},
		{
			"from": [-2.75, 2.25, -0.25],
			"to": [0.25, 5.25, 1],
			"rotation": {"angle": -22.5, "axis": "z", "origin": [0, 0, 0]},
			"faces": {
				"north": {"uv": [8.125, 6, 8.5, 6.375], "texture": "#0"},
				"east": {"uv": [8.625, 1.25, 8.75, 1.625], "texture": "#0"},
				"south": {"uv": [8.125, 6.375, 8.5, 6.75], "texture": "#0"},
				"west": {"uv": [8.625, 1.625, 8.75, 2], "texture": "#0"},
				"up": {"uv": [9, 0.75, 8.625, 0.625], "texture": "#0"},
				"down": {"uv": [9, 4.375, 8.625, 4.5], "texture": "#0"}
			}
		},
		{
			"from": [15.75, -1, -0.25],
			"to": [18.75, 8.5, 0.75],
			"rotation": {"angle": 22.5, "axis": "z", "origin": [0, 0, 0]},
			"faces": {
				"north": {"uv": [3.25, 7, 3.625, 8.25], "texture": "#0"},
				"east": {"uv": [7, 8, 7.125, 9.25], "texture": "#0"},
				"south": {"uv": [3.625, 7.25, 4, 8.5], "texture": "#0"},
				"west": {"uv": [7.125, 8, 7.25, 9.25], "texture": "#0"},
				"up": {"uv": [8.875, 8.125, 8.5, 8], "texture": "#0"},
				"down": {"uv": [8.875, 8.125, 8.5, 8.25], "texture": "#0"}
			}
		},
		{
			"from": [12.75, 3.25, -0.75],
			"to": [15.75, 9.75, 0.25],
			"rotation": {"angle": 22.5, "axis": "z", "origin": [0, 0, 0]},
			"faces": {
				"north": {"uv": [7.75, 0, 8.125, 0.875], "texture": "#0"},
				"east": {"uv": [3.5, 8.25, 3.625, 9.125], "texture": "#0"},
				"south": {"uv": [4.625, 7.75, 5, 8.625], "texture": "#0"},
				"west": {"uv": [8.25, 8, 8.375, 8.875], "texture": "#0"},
				"up": {"uv": [9, 5.25, 8.625, 5.125], "texture": "#0"},
				"down": {"uv": [9, 5.25, 8.625, 5.375], "texture": "#0"}
			}
		},
		{
			"from": [7.25, 6.5, -1.25],
			"to": [8.25, 8.5, -0.25],
			"faces": {
				"north": {"uv": [8.625, 8.25, 8.75, 8.5], "texture": "#0"},
				"east": {"uv": [8.5, 8.625, 8.625, 8.875], "texture": "#0"},
				"south": {"uv": [8.625, 8.5, 8.75, 8.75], "texture": "#0"},
				"west": {"uv": [8.75, 0, 8.875, 0.25], "texture": "#0"},
				"up": {"uv": [8.875, 1.625, 8.75, 1.5], "texture": "#0"},
				"down": {"uv": [8.875, 1.625, 8.75, 1.75], "texture": "#0"}
			}
		},
		{
			"from": [8.75, 8.5, -1.25],
			"to": [9.75, 14.5, -0.25],
			"faces": {
				"north": {"uv": [8.5, 1.25, 8.625, 2], "texture": "#0"},
				"east": {"uv": [1.5, 8.5, 1.625, 9.25], "texture": "#0"},
				"south": {"uv": [1.625, 8.5, 1.75, 9.25], "texture": "#0"},
				"west": {"uv": [1.75, 8.5, 1.875, 9.25], "texture": "#0"},
				"up": {"uv": [8.875, 1.875, 8.75, 1.75], "texture": "#0"},
				"down": {"uv": [2, 8.75, 1.875, 8.875], "texture": "#0"}
			}
		},
		{
			"from": [6.25, 8.5, -1.25],
			"to": [8.25, 15, -0.25],
			"faces": {
				"north": {"uv": [5.75, 7.75, 6, 8.625], "texture": "#0"},
				"east": {"uv": [8.375, 0, 8.5, 0.875], "texture": "#0"},
				"south": {"uv": [6, 7.75, 6.25, 8.625], "texture": "#0"},
				"west": {"uv": [4, 8.375, 4.125, 9.25], "texture": "#0"},
				"up": {"uv": [8, 8.75, 7.75, 8.625], "texture": "#0"},
				"down": {"uv": [8.25, 8.625, 8, 8.75], "texture": "#0"}
			}
		},
		{
			"from": [8.25, 10.75, -1.25],
			"to": [8.75, 15, -0.25],
			"faces": {
				"north": {"uv": [5.625, 8.5, 5.75, 9], "texture": "#0"},
				"east": {"uv": [8.5, 6.125, 8.625, 6.625], "texture": "#0"},
				"south": {"uv": [6.375, 8.5, 6.5, 9], "texture": "#0"},
				"west": {"uv": [6.5, 8.5, 6.625, 9], "texture": "#0"},
				"up": {"uv": [8.875, 2, 8.75, 1.875], "texture": "#0"},
				"down": {"uv": [2.125, 8.75, 2, 8.875], "texture": "#0"}
			}
		},
		{
			"from": [13.75, 1.25, -0.75],
			"to": [15.75, 3.25, 0.25],
			"rotation": {"angle": 22.5, "axis": "z", "origin": [0, 0, 0]},
			"faces": {
				"north": {"uv": [8.5, 5.625, 8.75, 5.875], "texture": "#0"},
				"east": {"uv": [8.625, 6.125, 8.75, 6.375], "texture": "#0"},
				"south": {"uv": [8.5, 5.875, 8.75, 6.125], "texture": "#0"},
				"west": {"uv": [8.625, 6.375, 8.75, 6.625], "texture": "#0"},
				"up": {"uv": [7.5, 8.75, 7.25, 8.625], "texture": "#0"},
				"down": {"uv": [7.75, 8.625, 7.5, 8.75], "texture": "#0"}
			}
		},
		{
			"from": [14.75, -4, -0.25],
			"to": [17.75, -1, 0.75],
			"rotation": {"angle": 22.5, "axis": "z", "origin": [0, 0, 0]},
			"faces": {
				"north": {"uv": [1.5, 8.125, 1.875, 8.5], "texture": "#0"},
				"east": {"uv": [0.25, 8.625, 0.375, 9], "texture": "#0"},
				"south": {"uv": [8.125, 5.625, 8.5, 6], "texture": "#0"},
				"west": {"uv": [0.375, 8.625, 0.5, 9], "texture": "#0"},
				"up": {"uv": [9, 0.5, 8.625, 0.375], "texture": "#0"},
				"down": {"uv": [9, 0.5, 8.625, 0.625], "texture": "#0"}
			}
		},
		{
			"from": [13.75, -5, -0.25],
			"to": [14.75, -2, 0.75],
			"rotation": {"angle": 22.5, "axis": "z", "origin": [0, 0, 0]},
			"faces": {
				"north": {"uv": [8.625, 4.5, 8.75, 4.875], "texture": "#0"},
				"east": {"uv": [4.625, 8.625, 4.75, 9], "texture": "#0"},
				"south": {"uv": [4.75, 8.625, 4.875, 9], "texture": "#0"},
				"west": {"uv": [4.875, 8.625, 5, 9], "texture": "#0"},
				"up": {"uv": [8.875, 1.375, 8.75, 1.25], "texture": "#0"},
				"down": {"uv": [8.875, 1.375, 8.75, 1.5], "texture": "#0"}
			}
		},
		{
			"from": [-0.75, 5, 4],
			"to": [1, 11, 8],
			"faces": {
				"north": {"uv": [6.375, 7.75, 6.625, 8.5], "texture": "#0"},
				"east": {"uv": [1.875, 7.5, 2.375, 8.25], "texture": "#0"},
				"south": {"uv": [6.625, 7.75, 6.875, 8.5], "texture": "#0"},
				"west": {"uv": [2.375, 7.5, 2.875, 8.25], "texture": "#0"},
				"up": {"uv": [2.125, 8.75, 1.875, 8.25], "texture": "#0"},
				"down": {"uv": [2.375, 8.25, 2.125, 8.75], "texture": "#0"}
			}
		},
		{
			"from": [0.25, 11, 5],
			"to": [16, 16, 7],
			"faces": {
				"north": {"uv": [4.375, 5, 6.375, 5.625], "texture": "#0"},
				"east": {"uv": [3.5, 2.75, 3.75, 3.375], "texture": "#0"},
				"south": {"uv": [5.375, 0, 7.375, 0.625], "texture": "#0"},
				"west": {"uv": [7.25, 8, 7.5, 8.625], "texture": "#0"},
				"up": {"uv": [8.625, 4.625, 6.625, 4.375], "texture": "#0"},
				"down": {"uv": [8.625, 4.625, 6.625, 4.875], "texture": "#0"}
			}
		},
		{
			"from": [15.25, 5, 4],
			"to": [17, 11, 8],
			"faces": {
				"north": {"uv": [0, 7.875, 0.25, 8.625], "texture": "#0"},
				"east": {"uv": [7.5, 5.625, 8, 6.375], "texture": "#0"},
				"south": {"uv": [0.25, 7.875, 0.5, 8.625], "texture": "#0"},
				"west": {"uv": [7.5, 6.375, 8, 7.125], "texture": "#0"},
				"up": {"uv": [2.625, 8.75, 2.375, 8.25], "texture": "#0"},
				"down": {"uv": [8.5, 2.375, 8.25, 2.875], "texture": "#0"}
			}
		},
		{
			"from": [15, 2, 2],
			"to": [16, 3, 9],
			"rotation": {"angle": -22.5, "axis": "x", "origin": [0, 0, 0]},
			"faces": {
				"north": {"uv": [8.75, 2, 8.875, 2.125], "texture": "#0"},
				"east": {"uv": [6.625, 4.875, 7.5, 5], "texture": "#0"},
				"south": {"uv": [2.125, 8.75, 2.25, 8.875], "texture": "#0"},
				"west": {"uv": [8.125, 6.75, 9, 6.875], "texture": "#0"},
				"up": {"uv": [4.25, 9.25, 4.125, 8.375], "texture": "#0"},
				"down": {"uv": [4.375, 8.375, 4.25, 9.25], "texture": "#0"}
			}
		},
		{
			"from": [6, 12, 7],
			"to": [8, 15, 9],
			"rotation": {"angle": 22.5, "axis": "z", "origin": [0, 0, 0]},
			"faces": {
				"north": {"uv": [8.25, 2.875, 8.5, 3.25], "texture": "#0"},
				"east": {"uv": [8.5, 2, 8.75, 2.375], "texture": "#0"},
				"south": {"uv": [8.5, 2.375, 8.75, 2.75], "texture": "#0"},
				"west": {"uv": [8.5, 2.75, 8.75, 3.125], "texture": "#0"},
				"up": {"uv": [6.875, 8.75, 6.625, 8.5], "texture": "#0"},
				"down": {"uv": [8.75, 7.125, 8.5, 7.375], "texture": "#0"}
			}
		},
		{
			"from": [0, 15, 6],
			"to": [8, 18, 10],
			"rotation": {"angle": 22.5, "axis": "z", "origin": [0, 0, 0]},
			"faces": {
				"north": {"uv": [7.5, 7.125, 8.5, 7.5], "texture": "#0"},
				"east": {"uv": [0.5, 7.875, 1, 8.25], "texture": "#0"},
				"south": {"uv": [7.5, 7.5, 8.5, 7.875], "texture": "#0"},
				"west": {"uv": [8, 1.25, 8.5, 1.625], "texture": "#0"},
				"up": {"uv": [2.25, 7.5, 1.25, 7], "texture": "#0"},
				"down": {"uv": [3.25, 7, 2.25, 7.5], "texture": "#0"}
			}
		},
		{
			"from": [7, 18.25, 7],
			"to": [9, 21.25, 9],
			"rotation": {"angle": -22.5, "axis": "z", "origin": [0, 0, 0]},
			"faces": {
				"north": {"uv": [8.5, 3.125, 8.75, 3.5], "texture": "#0"},
				"east": {"uv": [8.5, 3.5, 8.75, 3.875], "texture": "#0"},
				"south": {"uv": [3.625, 8.5, 3.875, 8.875], "texture": "#0"},
				"west": {"uv": [5, 8.5, 5.25, 8.875], "texture": "#0"},
				"up": {"uv": [8.75, 7.625, 8.5, 7.375], "texture": "#0"},
				"down": {"uv": [8.75, 7.625, 8.5, 7.875], "texture": "#0"}
			}
		},
		{
			"from": [-8, -13, 5.75],
			"to": [-3, 16, 10.25],
			"faces": {
				"north": {"uv": [0, 3.375, 0.625, 7], "texture": "#0"},
				"east": {"uv": [0.625, 3.375, 1.25, 7], "texture": "#0"},
				"south": {"uv": [1.25, 3.375, 1.875, 7], "texture": "#0"},
				"west": {"uv": [1.875, 3.375, 2.5, 7], "texture": "#0"},
				"up": {"uv": [8, 1.75, 7.375, 1.125], "texture": "#0"},
				"down": {"uv": [8, 1.75, 7.375, 2.375], "texture": "#0"}
			}
		},
		{
			"from": [-10, -13.75, 5.75],
			"to": [-8, -2.5, 10.25],
			"faces": {
				"north": {"uv": [3.5, 0, 3.75, 1.375], "texture": "#0"},
				"east": {"uv": [4.375, 6.375, 5, 7.75], "texture": "#0"},
				"south": {"uv": [3.5, 1.375, 3.75, 2.75], "texture": "#0"},
				"west": {"uv": [5, 6.375, 5.625, 7.75], "texture": "#0"},
				"up": {"uv": [7.75, 8.625, 7.5, 8], "texture": "#0"},
				"down": {"uv": [8, 8, 7.75, 8.625], "texture": "#0"}
			}
		},
		{
			"from": [24, -13.75, 5.75],
			"to": [26, -2.5, 10.25],
			"faces": {
				"north": {"uv": [2.875, 7.5, 3.125, 8.875], "texture": "#0"},
				"east": {"uv": [5.625, 6.375, 6.25, 7.75], "texture": "#0"},
				"south": {"uv": [4.375, 7.75, 4.625, 9.125], "texture": "#0"},
				"west": {"uv": [6.25, 6.375, 6.875, 7.75], "texture": "#0"},
				"up": {"uv": [8.25, 8.625, 8, 8], "texture": "#0"},
				"down": {"uv": [8.375, 0, 8.125, 0.625], "texture": "#0"}
			}
		},
		{
			"from": [-14.25, -16, 5.25],
			"to": [-4.75, -8.75, 10.75],
			"rotation": {"angle": 22.5, "axis": "z", "origin": [0, 0, 0]},
			"faces": {
				"north": {"uv": [5.375, 2.625, 6.625, 3.5], "texture": "#0"},
				"east": {"uv": [6.625, 0.625, 7.375, 1.5], "texture": "#0"},
				"south": {"uv": [5.375, 3.5, 6.625, 4.375], "texture": "#0"},
				"west": {"uv": [6.625, 1.5, 7.375, 2.375], "texture": "#0"},
				"up": {"uv": [5.625, 6.375, 4.375, 5.625], "texture": "#0"},
				"down": {"uv": [6.875, 5.625, 5.625, 6.375], "texture": "#0"}
			}
		},
		{
			"from": [19.75, -10, 5.25],
			"to": [29.25, -2.5, 10.5],
			"rotation": {"angle": -22.5, "axis": "z", "origin": [0, 0, 0]},
			"faces": {
				"north": {"uv": [5.375, 0.625, 6.625, 1.625], "texture": "#0"},
				"east": {"uv": [6.625, 2.375, 7.25, 3.375], "texture": "#0"},
				"south": {"uv": [5.375, 1.625, 6.625, 2.625], "texture": "#0"},
				"west": {"uv": [6.625, 3.375, 7.25, 4.375], "texture": "#0"},
				"up": {"uv": [6.625, 5, 5.375, 4.375], "texture": "#0"},
				"down": {"uv": [7.625, 5, 6.375, 5.625], "texture": "#0"}
			}
		},
		{
			"from": [8.75, 12.25, 6],
			"to": [16.75, 15.25, 10],
			"rotation": {"angle": -22.5, "axis": "z", "origin": [23, 0, 0]},
			"faces": {
				"north": {"uv": [7.625, 4.875, 8.625, 5.25], "texture": "#0"},
				"east": {"uv": [8, 1.625, 8.5, 2], "texture": "#0"},
				"south": {"uv": [7.625, 5.25, 8.625, 5.625], "texture": "#0"},
				"west": {"uv": [8, 2, 8.5, 2.375], "texture": "#0"},
				"up": {"uv": [8.25, 2.875, 7.25, 2.375], "texture": "#0"},
				"down": {"uv": [8.25, 2.875, 7.25, 3.375], "texture": "#0"}
			}
		},
		{
			"from": [19, -13, 5.75],
			"to": [24, 16, 10.25],
			"rotation": {"angle": 0, "axis": "y", "origin": [23, 0, 0]},
			"faces": {
				"north": {"uv": [2.5, 3.375, 3.125, 7], "texture": "#0"},
				"east": {"uv": [3.125, 3.375, 3.75, 7], "texture": "#0"},
				"south": {"uv": [3.75, 0, 4.375, 3.625], "texture": "#0"},
				"west": {"uv": [3.75, 3.625, 4.375, 7.25], "texture": "#0"},
				"up": {"uv": [7.5, 8, 6.875, 7.375], "texture": "#0"},
				"down": {"uv": [1.875, 7.5, 1.25, 8.125], "texture": "#0"}
			}
		},
		{
			"from": [6, 21, 5],
			"to": [11, 21, 11],
			"rotation": {"angle": -22.5, "axis": "z", "origin": [0, 0, 0]},
			"faces": {
				"north": {"uv": [0, 0, 5, 0], "texture": "#0"},
				"east": {"uv": [0, 0, 6, 0], "texture": "#0"},
				"south": {"uv": [0, 0, 5, 0], "texture": "#0"},
				"west": {"uv": [0, 0, 6, 0], "texture": "#0"},
				"up": {"uv": [10.125, 12, 8, 9], "texture": "#0"},
				"down": {"uv": [0.625, 10, 0, 9.25], "texture": "#0"}
			}
		},
		{
			"from": [4, 14.75, 5],
			"to": [9, 14.75, 11],
			"rotation": {"angle": 22.5, "axis": "z", "origin": [0, 0, 0]},
			"faces": {
				"north": {"uv": [0, 0, 5, 0], "texture": "#0"},
				"east": {"uv": [0, 0, 6, 0], "texture": "#0"},
				"south": {"uv": [0, 0, 5, 0], "texture": "#0"},
				"west": {"uv": [0, 0, 6, 0], "texture": "#0"},
				"up": {"uv": [12.5, 3.375, 10, 0], "texture": "#0"},
				"down": {"uv": [12.5, 4.875, 9.875, 8.5], "texture": "#0"}
			}
		}
	],
	"gui_light": "front",
	"display": {
		"thirdperson_lefthand": {
			"translation": [-0.25, 1, 0],
			"scale": [0.2, 0.2, 0.2]
		},
		"firstperson_righthand": {
			"translation": [2, 4.25, 0],
			"scale": [0.2, 0.2, 0.2]
		},
		"firstperson_lefthand": {
			"translation": [2, 4.25, 0],
			"scale": [0.2, 0.2, 0.2]
		},
		"ground": {
			"translation": [0, 26.25, 0]
		},
		"gui": {
			"rotation": [0, 180, 0],
			"translation": [0, 4, 0],
			"scale": [0.5, 0.5, 0.5]
		},
		"head": {
			"translation": [0, 0.5, 0],
			"scale": [1.05, 1, 1]
		}
	}
}