{
	"credit": "Made with Blockbench",
	"texture_size": [64, 64],
	"textures": {
		"6": "item/custom/models/boat_trophy"
	},
	"elements": [
		{
			"from": [4, -1, 4],
			"to": [12, 1, 12],
			"rotation": {"angle": 0, "axis": "y", "origin": [7, -1, 7]},
			"faces": {
				"north": {"uv": [4.5, 2, 6.5, 2.5], "texture": "#6"},
				"east": {"uv": [4.5, 2, 6.5, 2.5], "texture": "#6"},
				"south": {"uv": [4.5, 2, 6.5, 2.5], "texture": "#6"},
				"west": {"uv": [4.5, 2, 6.5, 2.5], "texture": "#6"},
				"up": {"uv": [4.5, 2, 2.5, 0], "texture": "#6"},
				"down": {"uv": [4.5, 2, 2.5, 4], "texture": "#6"}
			}
		},
		{
			"from": [3, -2, 3],
			"to": [13, -1, 13],
			"rotation": {"angle": 0, "axis": "y", "origin": [7, -3, 7]},
			"faces": {
				"north": {"uv": [5, 5.5, 7.5, 5.75], "texture": "#6"},
				"east": {"uv": [5, 5.5, 7.5, 5.75], "texture": "#6"},
				"south": {"uv": [5, 5.75, 7.5, 6], "texture": "#6"},
				"west": {"uv": [5, 5.75, 7.5, 6], "texture": "#6"},
				"up": {"uv": [2.5, 2.5, 0, 0], "texture": "#6"},
				"down": {"uv": [2.5, 2.5, 0, 5], "texture": "#6"}
			}
		},
		{
			"from": [4, 7, 4],
			"to": [12, 9, 12],
			"rotation": {"angle": 0, "axis": "y", "origin": [7, 7, 7]},
			"faces": {
				"north": {"uv": [4.5, 2.5, 6.5, 3], "texture": "#6"},
				"east": {"uv": [4.5, 2.5, 6.5, 3], "texture": "#6"},
				"south": {"uv": [4.5, 3, 6.5, 3.5], "texture": "#6"},
				"west": {"uv": [4.5, 2.5, 6.5, 3], "texture": "#6"},
				"up": {"uv": [4.5, 6, 2.5, 4], "texture": "#6"},
				"down": {"uv": [6.5, 0, 4.5, 2], "texture": "#6"}
			}
		},
		{
			"from": [2.61713, 7.90958, 7],
			"to": [8.61713, 8.90958, 9],
			"rotation": {"angle": 22.5, "axis": "z", "origin": [7.16002, 14.08709, 8]},
			"faces": {
				"north": {"uv": [6.25, 4.75, 7.75, 5], "texture": "#6"},
				"east": {"uv": [6.5, 4, 7, 4.25], "texture": "#6"},
				"south": {"uv": [5.25, 6.25, 6.75, 6.5], "texture": "#6"},
				"west": {"uv": [6.5, 4.25, 7, 4.5], "texture": "#6"},
				"up": {"uv": [6.5, 5.5, 5, 5], "texture": "#6"},
				"down": {"uv": [1.5, 5.5, 0, 6], "texture": "#6"}
			}
		},
		{
			"from": [2.61713, 8.90958, 7],
			"to": [9.61713, 9.90958, 9],
			"rotation": {"angle": 22.5, "axis": "z", "origin": [7.16002, 14.08709, 8]},
			"faces": {
				"north": {"uv": [2.5, 6.25, 4.25, 6.5], "texture": "#6"},
				"east": {"uv": [6.75, 0, 7.25, 0.25], "texture": "#6"},
				"south": {"uv": [6.25, 4.5, 8, 4.75], "texture": "#6"},
				"west": {"uv": [6.75, 0.25, 7.25, 0.5], "texture": "#6"},
				"up": {"uv": [6.25, 5, 4.5, 4.5], "texture": "#6"},
				"down": {"uv": [1.75, 5, 0, 5.5], "texture": "#6"}
			}
		},
		{
			"from": [11.55851, 10.57768, 7.005],
			"to": [12.55851, 13.57768, 8.995],
			"rotation": {"angle": -22.5, "axis": "z", "origin": [7.16002, 14.08709, 8]},
			"faces": {
				"north": {"uv": [5.75, 6.5, 6, 7.25], "texture": "#6"},
				"east": {"uv": [2.5, 6.5, 3, 7.25], "texture": "#6"},
				"south": {"uv": [6, 6.5, 6.25, 7.25], "texture": "#6"},
				"west": {"uv": [3, 6.5, 3.5, 7.25], "texture": "#6"},
				"up": {"uv": [6.5, 7, 6.25, 6.5], "texture": "#6"},
				"down": {"uv": [6.75, 6.5, 6.5, 7], "texture": "#6"}
			}
		},
		{
			"from": [2.61713, 9.90958, 7],
			"to": [10.61713, 10.90958, 9],
			"rotation": {"angle": 22.5, "axis": "z", "origin": [7.16002, 14.08709, 8]},
			"faces": {
				"north": {"uv": [2.5, 6, 4.5, 6.25], "texture": "#6"},
				"east": {"uv": [6.5, 5, 7, 5.25], "texture": "#6"},
				"south": {"uv": [5, 6, 7, 6.25], "texture": "#6"},
				"west": {"uv": [6.5, 5.25, 7, 5.5], "texture": "#6"},
				"up": {"uv": [6.5, 4, 4.5, 3.5], "texture": "#6"},
				"down": {"uv": [6.5, 4, 4.5, 4.5], "texture": "#6"}
			}
		},
		{
			"from": [5.61713, 10.90958, 7.5],
			"to": [7.61713, 17.90958, 8.5],
			"rotation": {"angle": 22.5, "axis": "z", "origin": [7.16002, 14.08709, 8]},
			"faces": {
				"north": {"uv": [1.75, 5, 2.25, 6.75], "texture": "#6"},
				"east": {"uv": [4.25, 6.25, 4.5, 8], "texture": "#6"},
				"south": {"uv": [4.5, 5, 5, 6.75], "texture": "#6"},
				"west": {"uv": [5, 6.25, 5.25, 8], "texture": "#6"},
				"up": {"uv": [7.25, 0.75, 6.75, 0.5], "texture": "#6"},
				"down": {"uv": [7.25, 0.75, 6.75, 1], "texture": "#6"}
			}
		},
		{
			"from": [4.61713, 10.90958, 7.5],
			"to": [5.61713, 20.90958, 8.5],
			"rotation": {"angle": 22.5, "axis": "z", "origin": [7.16002, 14.08709, 8]},
			"faces": {
				"north": {"uv": [2.25, 5, 2.5, 7.5], "texture": "#6"},
				"east": {"uv": [1.5, 5.5, 1.75, 8], "texture": "#6"},
				"south": {"uv": [0, 6, 0.25, 8.5], "texture": "#6"},
				"west": {"uv": [0.25, 6, 0.5, 8.5], "texture": "#6"},
				"up": {"uv": [1.25, 7.25, 1, 7], "texture": "#6"},
				"down": {"uv": [1.5, 7, 1.25, 7.25], "texture": "#6"}
			}
		},
		{
			"from": [8.73008, 11.57768, 7.495],
			"to": [9.73008, 13.57768, 8.505],
			"rotation": {"angle": -22.5, "axis": "z", "origin": [7.16002, 14.08709, 8]},
			"faces": {
				"north": {"uv": [4.75, 6.75, 5, 7.25], "texture": "#6"},
				"east": {"uv": [6.75, 6.25, 7, 6.75], "texture": "#6"},
				"south": {"uv": [6.75, 6.75, 7, 7.25], "texture": "#6"},
				"west": {"uv": [0.5, 7, 0.75, 7.5], "texture": "#6"},
				"up": {"uv": [7.25, 3.5, 7, 3.25], "texture": "#6"},
				"down": {"uv": [7.25, 3.5, 7, 3.75], "texture": "#6"}
			}
		},
		{
			"from": [7.61713, 11.90958, 7.5],
			"to": [8.61713, 15.90958, 8.5],
			"rotation": {"angle": 22.5, "axis": "z", "origin": [7.16002, 14.08709, 8]},
			"faces": {
				"north": {"uv": [6.5, 3, 6.75, 4], "texture": "#6"},
				"east": {"uv": [3.5, 6.5, 3.75, 7.5], "texture": "#6"},
				"south": {"uv": [3.75, 6.5, 4, 7.5], "texture": "#6"},
				"west": {"uv": [4, 6.5, 4.25, 7.5], "texture": "#6"},
				"up": {"uv": [7.25, 2.5, 7, 2.25], "texture": "#6"},
				"down": {"uv": [7.25, 2.5, 7, 2.75], "texture": "#6"}
			}
		},
		{
			"from": [5.61713, 17.90958, 7.5],
			"to": [6.61713, 19.90958, 8.5],
			"rotation": {"angle": 22.5, "axis": "z", "origin": [7.16002, 14.08709, 8]},
			"faces": {
				"north": {"uv": [6.75, 2.25, 7, 2.75], "texture": "#6"},
				"east": {"uv": [6.75, 2.75, 7, 3.25], "texture": "#6"},
				"south": {"uv": [6.75, 3.25, 7, 3.75], "texture": "#6"},
				"west": {"uv": [4.5, 6.75, 4.75, 7.25], "texture": "#6"},
				"up": {"uv": [7.25, 3, 7, 2.75], "texture": "#6"},
				"down": {"uv": [7.25, 3, 7, 3.25], "texture": "#6"}
			}
		},
		{
			"from": [7.20365, 15.21324, 7.505],
			"to": [9.20365, 18.91324, 8.495],
			"rotation": {"angle": 45, "axis": "z", "origin": [7.16002, 14.08709, 8]},
			"faces": {
				"north": {"uv": [0.5, 6, 1, 7], "texture": "#6"},
				"east": {"uv": [5.25, 6.5, 5.5, 7.5], "texture": "#6"},
				"south": {"uv": [1, 6, 1.5, 7], "texture": "#6"},
				"west": {"uv": [5.5, 6.5, 5.75, 7.5], "texture": "#6"},
				"up": {"uv": [7.25, 2, 6.75, 1.75], "texture": "#6"},
				"down": {"uv": [7.25, 2, 6.75, 2.25], "texture": "#6"}
			}
		},
		{
			"from": [1.2448, 16.82032, 7.505],
			"to": [3.4833, 17.82032, 8.495],
			"rotation": {"angle": -22.5, "axis": "z", "origin": [7.16002, 14.08709, 8]},
			"faces": {
				"north": {"uv": [6.75, 1, 7.25, 1.25], "texture": "#6"},
				"east": {"uv": [1.75, 7, 2, 7.25], "texture": "#6"},
				"south": {"uv": [6.75, 1.25, 7.25, 1.5], "texture": "#6"},
				"west": {"uv": [2, 7, 2.25, 7.25], "texture": "#6"},
				"up": {"uv": [7.25, 1.75, 6.75, 1.5], "texture": "#6"},
				"down": {"uv": [2.25, 6.75, 1.75, 7], "texture": "#6"}
			}
		},
		{
			"from": [10, 1, 5],
			"to": [11, 7, 6],
			"rotation": {"angle": 0, "axis": "y", "origin": [10, 5, 5]},
			"faces": {
				"north": {"uv": [6.5, 0, 6.75, 1.5], "texture": "#6"},
				"east": {"uv": [6.5, 1.5, 6.75, 3], "texture": "#6"},
				"south": {"uv": [6.5, 1.5, 6.75, 3], "texture": "#6"},
				"west": {"uv": [6.5, 1.5, 6.75, 3], "texture": "#6"},
				"up": {"uv": [7, 4, 6.75, 3.75], "texture": "#6"},
				"down": {"uv": [1, 7, 0.75, 7.25], "texture": "#6"}
			}
		},
		{
			"from": [10, 1, 10],
			"to": [11, 7, 11],
			"rotation": {"angle": 0, "axis": "y", "origin": [10, 5, 10]},
			"faces": {
				"north": {"uv": [6.5, 0, 6.75, 1.5], "texture": "#6"},
				"east": {"uv": [6.5, 1.5, 6.75, 3], "texture": "#6"},
				"south": {"uv": [6.5, 1.5, 6.75, 3], "texture": "#6"},
				"west": {"uv": [6.5, 1.5, 6.75, 3], "texture": "#6"},
				"up": {"uv": [7, 4, 6.75, 3.75], "texture": "#6"},
				"down": {"uv": [1, 7, 0.75, 7.25], "texture": "#6"}
			}
		},
		{
			"from": [5, 1, 10],
			"to": [6, 7, 11],
			"rotation": {"angle": 0, "axis": "y", "origin": [5, 5, 10]},
			"faces": {
				"north": {"uv": [6.5, 0, 6.75, 1.5], "texture": "#6"},
				"east": {"uv": [6.5, 1.5, 6.75, 3], "texture": "#6"},
				"south": {"uv": [6.5, 1.5, 6.75, 3], "texture": "#6"},
				"west": {"uv": [6.5, 1.5, 6.75, 3], "texture": "#6"},
				"up": {"uv": [7, 4, 6.75, 3.75], "texture": "#6"},
				"down": {"uv": [1, 7, 0.75, 7.25], "texture": "#6"}
			}
		},
		{
			"from": [5, 1, 5],
			"to": [6, 7, 6],
			"rotation": {"angle": 0, "axis": "y", "origin": [5, 5, 5]},
			"faces": {
				"north": {"uv": [6.5, 0, 6.75, 1.5], "texture": "#6"},
				"east": {"uv": [6.5, 1.5, 6.75, 3], "texture": "#6"},
				"south": {"uv": [6.5, 1.5, 6.75, 3], "texture": "#6"},
				"west": {"uv": [6.5, 1.5, 6.75, 3], "texture": "#6"},
				"up": {"uv": [7, 4, 6.75, 3.75], "texture": "#6"},
				"down": {"uv": [1, 7, 0.75, 7.25], "texture": "#6"}
			}
		}
	],
	"display": {
		"thirdperson_righthand": {
			"rotation": [75, 45, 0],
			"translation": [0, 2.5, 0],
			"scale": [0.375, 0.375, 0.375]
		},
		"thirdperson_lefthand": {
			"rotation": [75, 45, 0],
			"translation": [0, 2.5, 0],
			"scale": [0.375, 0.375, 0.375]
		},
		"firstperson_righthand": {
			"rotation": [0, -45, 0],
			"translation": [0, 2.25, 0],
			"scale": [0.4, 0.4, 0.4]
		},
		"firstperson_lefthand": {
			"rotation": [0, -45, 0],
			"translation": [0, 2.25, 0],
			"scale": [0.4, 0.4, 0.4]
		},
		"ground": {
			"translation": [0, 3, 0],
			"scale": [0.25, 0.25, 0.25]
		},
		"gui": {
			"rotation": [30, 225, 0],
			"scale": [0.625, 0.625, 0.625]
		},
		"head": {
			"translation": [0, 16.5, 0]
		},
		"fixed": {
			"rotation": [-90, 0, 0],
			"translation": [0, 0, -23.75],
			"scale": [2.36, 2.36, 2.36]
		}
	},
	"groups": [
		0,
		1,
		2,
		{
			"name": "group",
			"origin": [7.16002, 16.08709, 8],
			"color": 0,
			"children": [3, 4, 5, 6, 7, 8, 9, 10, 11, 12, 13]
		},
		14,
		15,
		16,
		17
	]
}