{
	"credit": "Made with Blockbench",
	"texture_size": [128, 128],
	"textures": {
		"1": "item/custom/models/bridge_trophy",
		"particle": "item/custom/models/bridge_trophy"
	},
	"elements": [
		{
			"from": [4, -1, 4],
			"to": [12, 1, 12],
			"rotation": {"angle": 0, "axis": "y", "origin": [7, -1, 7]},
			"faces": {
				"north": {"uv": [3, 4.5, 4, 4.75], "texture": "#1"},
				"east": {"uv": [3, 4.5, 4, 4.75], "texture": "#1"},
				"south": {"uv": [3, 4.5, 4, 4.75], "texture": "#1"},
				"west": {"uv": [3, 4.5, 4, 4.75], "texture": "#1"},
				"up": {"uv": [5.25, 2.25, 4.25, 1.25], "texture": "#1"},
				"down": {"uv": [5.25, 2.25, 4.25, 3.25], "texture": "#1"}
			}
		},
		{
			"from": [4, 7, 4],
			"to": [12, 9, 12],
			"rotation": {"angle": 0, "axis": "y", "origin": [7, 7, 7]},
			"faces": {
				"north": {"uv": [3, 4.5, 4, 4.75], "texture": "#1"},
				"east": {"uv": [3, 4.5, 4, 4.75], "texture": "#1"},
				"south": {"uv": [3, 4.5, 4, 4.75], "texture": "#1"},
				"west": {"uv": [3, 4.5, 4, 4.75], "texture": "#1"},
				"up": {"uv": [5.25, 2.25, 4.25, 1.25], "texture": "#1"},
				"down": {"uv": [5.25, 2.25, 4.25, 3.25], "texture": "#1"}
			}
		},
		{
			"from": [3, -2, 3],
			"to": [13, -1, 13],
			"rotation": {"angle": 0, "axis": "y", "origin": [7, -3, 7]},
			"faces": {
				"north": {"uv": [4.5, 3.5, 5.75, 3.625], "texture": "#1"},
				"east": {"uv": [4.5, 3.5, 5.75, 3.625], "texture": "#1"},
				"south": {"uv": [4.5, 3.625, 5.75, 3.75], "texture": "#1"},
				"west": {"uv": [4.5, 3.625, 5.75, 3.75], "texture": "#1"},
				"up": {"uv": [1.25, 5, 0, 3.75], "texture": "#1"},
				"down": {"uv": [5.5, 0, 4.25, 1.25], "texture": "#1"}
			}
		},
		{
			"from": [10, 1, 5],
			"to": [11, 7, 6],
			"rotation": {"angle": 0, "axis": "y", "origin": [10, 5, 5]},
			"faces": {
				"north": {"uv": [5.25, 5.25, 5.375, 6], "texture": "#1"},
				"east": {"uv": [0, 5.375, 0.125, 6.125], "texture": "#1"},
				"south": {"uv": [0, 5.375, 0.125, 6.125], "texture": "#1"},
				"west": {"uv": [0, 5.375, 0.125, 6.125], "texture": "#1"},
				"up": {"uv": [5.625, 1, 5.5, 0.875], "texture": "#1"},
				"down": {"uv": [1.125, 5.5, 1, 5.625], "texture": "#1"}
			}
		},
		{
			"from": [10, 1, 10],
			"to": [11, 7, 11],
			"rotation": {"angle": 0, "axis": "y", "origin": [10, 5, 10]},
			"faces": {
				"north": {"uv": [5.25, 5.25, 5.375, 6], "texture": "#1"},
				"east": {"uv": [0, 5.375, 0.125, 6.125], "texture": "#1"},
				"south": {"uv": [0, 5.375, 0.125, 6.125], "texture": "#1"},
				"west": {"uv": [0, 5.375, 0.125, 6.125], "texture": "#1"},
				"up": {"uv": [5.625, 1, 5.5, 0.875], "texture": "#1"},
				"down": {"uv": [1.125, 5.5, 1, 5.625], "texture": "#1"}
			}
		},
		{
			"from": [5, 1, 10],
			"to": [6, 7, 11],
			"rotation": {"angle": 0, "axis": "y", "origin": [5, 5, 10]},
			"faces": {
				"north": {"uv": [5.25, 5.25, 5.375, 6], "texture": "#1"},
				"east": {"uv": [0, 5.375, 0.125, 6.125], "texture": "#1"},
				"south": {"uv": [0, 5.375, 0.125, 6.125], "texture": "#1"},
				"west": {"uv": [0, 5.375, 0.125, 6.125], "texture": "#1"},
				"up": {"uv": [5.625, 1, 5.5, 0.875], "texture": "#1"},
				"down": {"uv": [1.125, 5.5, 1, 5.625], "texture": "#1"}
			}
		},
		{
			"from": [5, 1, 5],
			"to": [6, 7, 6],
			"rotation": {"angle": 0, "axis": "y", "origin": [5, 5, 5]},
			"faces": {
				"north": {"uv": [5.25, 5.25, 5.375, 6], "texture": "#1"},
				"east": {"uv": [0, 5.375, 0.125, 6.125], "texture": "#1"},
				"south": {"uv": [0, 5.375, 0.125, 6.125], "texture": "#1"},
				"west": {"uv": [0, 5.375, 0.125, 6.125], "texture": "#1"},
				"up": {"uv": [5.625, 1, 5.5, 0.875], "texture": "#1"},
				"down": {"uv": [1.125, 5.5, 1, 5.625], "texture": "#1"}
			}
		},
		{
			"from": [9.5, 9, 7],
			"to": [11.5, 26, 9],
			"rotation": {"angle": 0, "axis": "y", "origin": [9.5, 9, 7]},
			"faces": {
				"north": {"uv": [4.25, 3.25, 4.5, 5.375], "texture": "#1"},
				"east": {"uv": [1.25, 4.5, 1.5, 6.625], "texture": "#1"},
				"south": {"uv": [1.5, 4.5, 1.75, 6.625], "texture": "#1"},
				"west": {"uv": [1.75, 4.5, 2, 6.625], "texture": "#1"},
				"up": {"uv": [1, 5.625, 0.75, 5.375], "texture": "#1"},
				"down": {"uv": [5.625, 1.5, 5.375, 1.75], "texture": "#1"}
			}
		},
		{
			"from": [6.5, 11, 7],
			"to": [9.5, 13, 9],
			"rotation": {"angle": 0, "axis": "y", "origin": [9.5, 9, 7]},
			"faces": {
				"north": {"uv": [5.25, 2.5, 5.625, 2.75], "texture": "#1"},
				"east": {"uv": [5.375, 1.75, 5.625, 2], "texture": "#1"},
				"south": {"uv": [5.25, 2.75, 5.625, 3], "texture": "#1"},
				"west": {"uv": [5.375, 2, 5.625, 2.25], "texture": "#1"},
				"up": {"uv": [5.625, 3.25, 5.25, 3], "texture": "#1"},
				"down": {"uv": [5.25, 5.25, 4.875, 5.5], "texture": "#1"}
			}
		},
		{
			"from": [6.5, 23, 7.5],
			"to": [9.5, 25, 8.5],
			"rotation": {"angle": 0, "axis": "y", "origin": [9.5, 21, 7]},
			"faces": {
				"north": {"uv": [5.25, 2.5, 5.625, 2.75], "texture": "#1"},
				"east": {"uv": [5.375, 1.75, 5.625, 2], "texture": "#1"},
				"south": {"uv": [5.25, 2.75, 5.625, 3], "texture": "#1"},
				"west": {"uv": [5.375, 2, 5.625, 2.25], "texture": "#1"},
				"up": {"uv": [5.625, 3.25, 5.25, 3], "texture": "#1"},
				"down": {"uv": [5.25, 5.25, 4.875, 5.5], "texture": "#1"}
			}
		},
		{
			"from": [10, 18, 3.5],
			"to": [11, 19, 10.5],
			"rotation": {"angle": -45, "axis": "x", "origin": [10, 18, 2]},
			"faces": {
				"north": {"uv": [1, 5.375, 1.125, 5.5], "texture": "#1"},
				"east": {"uv": [4.5, 3.75, 5.625, 3.875], "texture": "#1"},
				"south": {"uv": [4.625, 5.375, 4.75, 5.5], "texture": "#1"},
				"west": {"uv": [4.5, 3.875, 5.625, 4], "texture": "#1"},
				"up": {"uv": [4.125, 5.625, 4, 4.5], "texture": "#1"},
				"down": {"uv": [4.625, 4, 4.5, 5.125], "texture": "#1"}
			}
		},
		{
			"from": [10, 15.80785, -2.29232],
			"to": [11, 16.80785, 3.70768],
			"rotation": {"angle": -22.5, "axis": "x", "origin": [10, 15.80785, -4.79232]},
			"faces": {
				"north": {"uv": [5.375, 5.25, 5.5, 5.375], "texture": "#1"},
				"east": {"uv": [4.625, 4, 5.75, 4.125], "texture": "#1"},
				"south": {"uv": [5.375, 5.375, 5.5, 5.5], "texture": "#1"},
				"west": {"uv": [4.625, 4.125, 5.75, 4.25], "texture": "#1"},
				"up": {"uv": [4.25, 5.625, 4.125, 4.5], "texture": "#1"},
				"down": {"uv": [4.75, 4.25, 4.625, 5.375], "texture": "#1"}
			}
		},
		{
			"from": [5, 18, 3.5],
			"to": [6, 19, 10.5],
			"rotation": {"angle": -45, "axis": "x", "origin": [5, 18, 2]},
			"faces": {
				"north": {"uv": [5.5, 0, 5.625, 0.125], "texture": "#1"},
				"east": {"uv": [4.75, 4.25, 5.875, 4.375], "texture": "#1"},
				"south": {"uv": [0.125, 5.5, 0.25, 5.625], "texture": "#1"},
				"west": {"uv": [4.75, 4.375, 5.875, 4.5], "texture": "#1"},
				"up": {"uv": [3.125, 5.875, 3, 4.75], "texture": "#1"},
				"down": {"uv": [3.25, 4.75, 3.125, 5.875], "texture": "#1"}
			}
		},
		{
			"from": [5, 15.80785, -2.29232],
			"to": [6, 16.80785, 3.70768],
			"rotation": {"angle": -22.5, "axis": "x", "origin": [5, 15.80785, -4.79232]},
			"faces": {
				"north": {"uv": [5.5, 0.125, 5.625, 0.25], "texture": "#1"},
				"east": {"uv": [4.75, 4.5, 5.875, 4.625], "texture": "#1"},
				"south": {"uv": [0.25, 5.5, 0.375, 5.625], "texture": "#1"},
				"west": {"uv": [4.75, 4.625, 5.875, 4.75], "texture": "#1"},
				"up": {"uv": [3.375, 5.875, 3.25, 4.75], "texture": "#1"},
				"down": {"uv": [3.5, 4.75, 3.375, 5.875], "texture": "#1"}
			}
		},
		{
			"from": [5, 18, 5.5],
			"to": [6, 19, 12.5],
			"rotation": {"angle": 45, "axis": "x", "origin": [5, 18, 14]},
			"faces": {
				"north": {"uv": [5.5, 0.25, 5.625, 0.375], "texture": "#1"},
				"east": {"uv": [4.75, 4.75, 5.875, 4.875], "texture": "#1"},
				"south": {"uv": [0.375, 5.5, 0.5, 5.625], "texture": "#1"},
				"west": {"uv": [4.75, 4.875, 5.875, 5], "texture": "#1"},
				"up": {"uv": [3.625, 5.875, 3.5, 4.75], "texture": "#1"},
				"down": {"uv": [3.75, 4.75, 3.625, 5.875], "texture": "#1"}
			}
		},
		{
			"from": [5, 15.80785, 12.29232],
			"to": [6, 16.80785, 18.29232],
			"rotation": {"angle": 22.5, "axis": "x", "origin": [5, 15.80785, 20.79232]},
			"faces": {
				"north": {"uv": [5.5, 0.375, 5.625, 0.5], "texture": "#1"},
				"east": {"uv": [0, 5, 1.125, 5.125], "texture": "#1"},
				"south": {"uv": [0.5, 5.5, 0.625, 5.625], "texture": "#1"},
				"west": {"uv": [4.75, 5, 5.875, 5.125], "texture": "#1"},
				"up": {"uv": [3.875, 5.875, 3.75, 4.75], "texture": "#1"},
				"down": {"uv": [4, 4.75, 3.875, 5.875], "texture": "#1"}
			}
		},
		{
			"from": [10, 15.80785, 12.29232],
			"to": [11, 16.80785, 18.29232],
			"rotation": {"angle": 22.5, "axis": "x", "origin": [10, 15.80785, 20.79232]},
			"faces": {
				"north": {"uv": [5.5, 0.5, 5.625, 0.625], "texture": "#1"},
				"east": {"uv": [0, 5.125, 1.125, 5.25], "texture": "#1"},
				"south": {"uv": [0.625, 5.5, 0.75, 5.625], "texture": "#1"},
				"west": {"uv": [4.75, 5.125, 5.875, 5.25], "texture": "#1"},
				"up": {"uv": [1.25, 6.125, 1.125, 5], "texture": "#1"},
				"down": {"uv": [4.625, 5.125, 4.5, 6.25], "texture": "#1"}
			}
		},
		{
			"from": [10, 18, 5.5],
			"to": [11, 19, 12.5],
			"rotation": {"angle": 45, "axis": "x", "origin": [10, 18, 14]},
			"faces": {
				"north": {"uv": [5.5, 0.625, 5.625, 0.75], "texture": "#1"},
				"east": {"uv": [0, 5.25, 1.125, 5.375], "texture": "#1"},
				"south": {"uv": [5.5, 0.75, 5.625, 0.875], "texture": "#1"},
				"west": {"uv": [5.25, 1.25, 6.375, 1.375], "texture": "#1"},
				"up": {"uv": [5.375, 2.5, 5.25, 1.375], "texture": "#1"},
				"down": {"uv": [4.875, 5.25, 4.75, 6.375], "texture": "#1"}
			}
		},
		{
			"from": [4.5, 9, 7],
			"to": [6.5, 26, 9],
			"rotation": {"angle": 0, "axis": "y", "origin": [4.5, 9, 7]},
			"faces": {
				"north": {"uv": [2, 4.5, 2.25, 6.625], "texture": "#1"},
				"east": {"uv": [2.25, 4.5, 2.5, 6.625], "texture": "#1"},
				"south": {"uv": [2.5, 4.5, 2.75, 6.625], "texture": "#1"},
				"west": {"uv": [2.75, 4.5, 3, 6.625], "texture": "#1"},
				"up": {"uv": [5.625, 2.5, 5.375, 2.25], "texture": "#1"},
				"down": {"uv": [4.5, 5.375, 4.25, 5.625], "texture": "#1"}
			}
		},
		{
			"from": [5.5, 14, -2],
			"to": [10.5, 15, 18],
			"rotation": {"angle": 0, "axis": "y", "origin": [7.5, 8, 18]},
			"faces": {
				"north": {"uv": [0.125, 5.375, 0.75, 5.5], "texture": "#1"},
				"east": {"uv": [4.5, 3.25, 8.25, 3.375], "texture": "#1"},
				"south": {"uv": [5.375, 1.375, 6, 1.5], "texture": "#1"},
				"west": {"uv": [4.5, 3.375, 8.25, 3.5], "texture": "#1"},
				"up": {"uv": [0.625, 3.75, 0, 0], "texture": "#1"},
				"down": {"uv": [1.25, 0, 0.625, 3.75], "texture": "#1"}
			}
		},
		{
			"from": [10.5, 15, -6],
			"to": [10.5, 24, 6],
			"rotation": {"angle": 0, "axis": "y", "origin": [9.5, 9, 3]},
			"faces": {
				"north": {"uv": [0, 0, 0, 1.125], "texture": "#1"},
				"east": {"uv": [2.75, 1.125, 4.25, 2.25], "texture": "#1"},
				"south": {"uv": [0, 0, 0, 1.125], "texture": "#1"},
				"west": {"uv": [1.25, 3.375, 2.75, 4.5], "texture": "#1"},
				"up": {"uv": [0, 1.5, 0, 0], "texture": "#1"},
				"down": {"uv": [0, 0, 0, 1.5], "texture": "#1"}
			}
		},
		{
			"from": [10.5, 15, 10],
			"to": [10.5, 24, 22],
			"rotation": {"angle": 0, "axis": "y", "origin": [9.5, 9, 19]},
			"faces": {
				"north": {"uv": [0, 0, 0, 1.125], "texture": "#1"},
				"east": {"uv": [1.25, 3.375, 2.75, 4.5], "texture": "#1"},
				"south": {"uv": [0, 0, 0, 1.125], "texture": "#1"},
				"west": {"uv": [2.75, 1.125, 4.25, 2.25], "texture": "#1"},
				"up": {"uv": [0, 1.5, 0, 0], "texture": "#1"},
				"down": {"uv": [0, 0, 0, 1.5], "texture": "#1"}
			}
		},
		{
			"from": [5.5, 15, 10],
			"to": [5.5, 24, 22],
			"rotation": {"angle": 0, "axis": "y", "origin": [4.5, 9, 19]},
			"faces": {
				"north": {"uv": [0, 0, 0, 1.125], "texture": "#1"},
				"east": {"uv": [1.25, 3.375, 2.75, 4.5], "texture": "#1"},
				"south": {"uv": [0, 0, 0, 1.125], "texture": "#1"},
				"west": {"uv": [1.25, 1.125, 2.75, 2.25], "texture": "#1"},
				"up": {"uv": [0, 1.5, 0, 0], "texture": "#1"},
				"down": {"uv": [0, 0, 0, 1.5], "texture": "#1"}
			}
		},
		{
			"from": [5.5, 15, -6],
			"to": [5.5, 24, 6],
			"rotation": {"angle": 0, "axis": "y", "origin": [4.5, 9, 3]},
			"faces": {
				"north": {"uv": [0, 0, 0, 1.125], "texture": "#1"},
				"east": {"uv": [2.75, 1.125, 4.25, 2.25], "texture": "#1"},
				"south": {"uv": [0, 0, 0, 1.125], "texture": "#1"},
				"west": {"uv": [1.25, 3.375, 2.75, 4.5], "texture": "#1"},
				"up": {"uv": [0, 1.5, 0, 0], "texture": "#1"},
				"down": {"uv": [0, 0, 0, 1.5], "texture": "#1"}
			}
		}
	],
	"display": {
		"thirdperson_righthand": {
			"rotation": [0, 45, 0],
			"translation": [0, 2.5, 0],
			"scale": [0.75, 0.75, 0.75]
		},
		"thirdperson_lefthand": {
			"rotation": [0, 45, 0],
			"translation": [0, 2.5, 0],
			"scale": [0.75, 0.75, 0.75]
		},
		"firstperson_righthand": {
			"rotation": [-180, -10, 180],
			"translation": [0, 2.25, 0],
			"scale": [0.4, 0.4, 0.4]
		},
		"firstperson_lefthand": {
			"rotation": [-180, -10, 180],
			"translation": [0, 2.25, 0],
			"scale": [0.4, 0.4, 0.4]
		},
		"ground": {
			"translation": [0, 7.25, 0],
			"scale": [0.75, 0.75, 0.75]
		},
		"gui": {
			"rotation": [30, 225, 0],
			"translation": [0, -1.25, 0],
			"scale": [0.505, 0.505, 0.505]
		},
		"head": {
			"translation": [0, 16.5, 0]
		},
		"fixed": {
			"rotation": [-90, 0, 0],
			"translation": [0, 0, -23.75],
			"scale": [2.36, 2.36, 2.36]
		}
	},
	"groups": [
		0,
		1,
		2,
		{
			"name": "group",
			"origin": [7.16002, 16.08709, 8],
			"color": 0,
			"children": []
		},
		3,
		4,
		5,
		6,
		7,
		8,
		9,
		10,
		11,
		12,
		13,
		14,
		15,
		16,
		17,
		18,
		19,
		{
			"name": "group",
			"origin": [4.5, 9, 3],
			"color": 0,
			"children": [20, 21, 22, 23]
		}
	]
}