{
	"credit": "Made with Blockbench",
	"texture_size": [32, 32],
	"textures": {
		"1": "item/custom/models/bubblegum_trophy/bubblegum_trophy",
		"3": "item/custom/models/bubblegum_trophy/bubblegums"
	},
	"elements": [
		{
			"from": [4, 8.75, 4],
			"to": [12, 16.75, 12],
			"rotation": {"angle": 0, "axis": "y", "origin": [0, -1, 0]},
			"faces": {
				"north": {"uv": [0, 0, 4, 4], "texture": "#1"},
				"east": {"uv": [0, 0, 4, 4], "texture": "#1"},
				"south": {"uv": [0, 0, 4, 4], "texture": "#1"},
				"west": {"uv": [0, 0, 4, 4], "texture": "#1"},
				"up": {"uv": [4, 4, 0, 0], "texture": "#1"},
				"down": {"uv": [4, 0, 0, 4], "texture": "#1"}
			}
		},
		{
			"from": [4.5, -1, 4.5],
			"to": [11.5, 1, 11.5],
			"rotation": {"angle": 0, "axis": "y", "origin": [7, 11, 9]},
			"faces": {
				"north": {"uv": [11.5, 10, 15, 11], "texture": "#1"},
				"east": {"uv": [11.5, 11, 15, 12], "texture": "#1"},
				"south": {"uv": [0, 12, 3.5, 13], "texture": "#1"},
				"west": {"uv": [12, 0, 15.5, 1], "texture": "#1"},
				"up": {"uv": [7.5, 11.5, 4, 8], "texture": "#1"},
				"down": {"uv": [11.5, 4, 8, 7.5], "texture": "#1"}
			}
		},
		{
			"from": [4.5, -1, 4.5],
			"to": [11.5, 1, 11.5],
			"rotation": {"angle": 0, "axis": "y", "origin": [7, 11, 9]},
			"faces": {
				"north": {"uv": [11.5, 10, 15, 11], "texture": "#1"},
				"east": {"uv": [11.5, 11, 15, 12], "texture": "#1"},
				"south": {"uv": [0, 12, 3.5, 13], "texture": "#1"},
				"west": {"uv": [12, 0, 15.5, 1], "texture": "#1"},
				"up": {"uv": [7.5, 11.5, 4, 8], "texture": "#1"},
				"down": {"uv": [11.5, 4, 8, 7.5], "texture": "#1"}
			}
		},
		{
			"from": [5.5, 1, 5.5],
			"to": [10.5, 2, 10.5],
			"rotation": {"angle": 0, "axis": "y", "origin": [8, 11, 10]},
			"faces": {
				"north": {"uv": [11.5, 12, 14, 12.5], "texture": "#1"},
				"east": {"uv": [12.5, 7.5, 15, 8], "texture": "#1"},
				"south": {"uv": [12.5, 8, 15, 8.5], "texture": "#1"},
				"west": {"uv": [12.5, 8.5, 15, 9], "texture": "#1"},
				"up": {"uv": [10, 10.5, 7.5, 8], "texture": "#1"},
				"down": {"uv": [12.5, 7.5, 10, 10], "texture": "#1"}
			}
		},
		{
			"from": [0.50523, 6.2584, 7.5],
			"to": [1.50523, 8.2584, 8.5],
			"rotation": {"angle": -45, "axis": "z", "origin": [2.00523, 5.7584, 8]},
			"faces": {
				"north": {"uv": [12.5, 9, 13, 10], "texture": "#1"},
				"east": {"uv": [6, 13, 6.5, 14], "texture": "#1"},
				"south": {"uv": [6.5, 13, 7, 14], "texture": "#1"},
				"west": {"uv": [9, 13, 9.5, 14], "texture": "#1"},
				"up": {"uv": [8.5, 8, 8, 7.5], "texture": "#1"},
				"down": {"uv": [9, 7.5, 8.5, 8], "texture": "#1"}
			}
		},
		{
			"from": [2.41944, 7.87972, 7.5],
			"to": [3.41944, 9.87972, 8.5],
			"rotation": {"angle": 0, "axis": "y", "origin": [2.41944, 8.87972, 8]},
			"faces": {
				"north": {"uv": [13, 9, 13.5, 10], "texture": "#1"},
				"east": {"uv": [9.5, 13, 10, 14], "texture": "#1"},
				"south": {"uv": [10, 13, 10.5, 14], "texture": "#1"},
				"west": {"uv": [10.5, 13, 11, 14], "texture": "#1"},
				"up": {"uv": [9.5, 8, 9, 7.5], "texture": "#1"},
				"down": {"uv": [10, 7.5, 9.5, 8], "texture": "#1"}
			}
		},
		{
			"from": [14.49477, 11.50104, 7.5],
			"to": [15.49477, 16.50104, 8.5],
			"rotation": {"angle": 0, "axis": "y", "origin": [13.99477, 14.00104, 8]},
			"faces": {
				"north": {"uv": [9, 10.5, 9.5, 13], "texture": "#1"},
				"east": {"uv": [9.5, 10.5, 10, 13], "texture": "#1"},
				"south": {"uv": [7, 11.5, 7.5, 14], "texture": "#1"},
				"west": {"uv": [3.5, 12, 4, 14.5], "texture": "#1"},
				"up": {"uv": [13.5, 7, 13, 6.5], "texture": "#1"},
				"down": {"uv": [14, 2, 13.5, 2.5], "texture": "#1"}
			}
		},
		{
			"from": [13.49477, 15.50104, 7.5],
			"to": [14.49477, 16.50104, 8.5],
			"rotation": {"angle": 0, "axis": "y", "origin": [13.99477, 15.00104, 8]},
			"faces": {
				"north": {"uv": [10, 14, 10.5, 14.5], "texture": "#1"},
				"east": {"uv": [10.5, 14, 11, 14.5], "texture": "#1"},
				"south": {"uv": [11, 14, 11.5, 14.5], "texture": "#1"},
				"west": {"uv": [14, 12, 14.5, 12.5], "texture": "#1"},
				"up": {"uv": [14.5, 13, 14, 12.5], "texture": "#1"},
				"down": {"uv": [14.5, 13, 14, 13.5], "texture": "#1"}
			}
		},
		{
			"from": [0.50523, 11.50104, 7.5],
			"to": [1.50523, 16.50104, 8.5],
			"rotation": {"angle": 0, "axis": "y", "origin": [2.00523, 14.00104, 8]},
			"faces": {
				"north": {"uv": [11.5, 12.5, 12, 15], "texture": "#1"},
				"east": {"uv": [12, 12.5, 12.5, 15], "texture": "#1"},
				"south": {"uv": [12.5, 12.5, 13, 15], "texture": "#1"},
				"west": {"uv": [0, 13, 0.5, 15.5], "texture": "#1"},
				"up": {"uv": [14.5, 2.5, 14, 2], "texture": "#1"},
				"down": {"uv": [6.5, 14, 6, 14.5], "texture": "#1"}
			}
		},
		{
			"from": [4.04076, 7.96551, 7.5],
			"to": [11.95924, 8.96551, 8.5],
			"rotation": {"angle": 0, "axis": "y", "origin": [5.54076, 15.46551, 8]},
			"faces": {
				"north": {"uv": [11.5, 7, 15.5, 7.5], "texture": "#1"},
				"east": {"uv": [5, 14.5, 5.5, 15], "texture": "#1"},
				"south": {"uv": [12, 2.5, 16, 3], "texture": "#1"},
				"west": {"uv": [14.5, 5, 15, 5.5], "texture": "#1"},
				"up": {"uv": [16, 3.5, 12, 3], "texture": "#1"},
				"down": {"uv": [16, 3.5, 12, 4], "texture": "#1"}
			}
		},
		{
			"from": [2.41944, 6.87972, 7.5],
			"to": [3.41944, 11.87972, 8.5],
			"rotation": {"angle": 45, "axis": "z", "origin": [1.91944, 9.37972, 8]},
			"faces": {
				"north": {"uv": [0.5, 13, 1, 15.5], "texture": "#1"},
				"east": {"uv": [1, 13, 1.5, 15.5], "texture": "#1"},
				"south": {"uv": [1.5, 13, 2, 15.5], "texture": "#1"},
				"west": {"uv": [2, 13, 2.5, 15.5], "texture": "#1"},
				"up": {"uv": [14.5, 6.5, 14, 6], "texture": "#1"},
				"down": {"uv": [7, 14, 6.5, 14.5], "texture": "#1"}
			}
		},
		{
			"from": [14.49477, 6.2584, 7.5],
			"to": [15.49477, 8.2584, 8.5],
			"rotation": {"angle": 45, "axis": "z", "origin": [13.99477, 5.7584, 8]},
			"faces": {
				"north": {"uv": [11, 13, 11.5, 14], "texture": "#1"},
				"east": {"uv": [13, 12.5, 13.5, 13.5], "texture": "#1"},
				"south": {"uv": [13.5, 1, 14, 2], "texture": "#1"},
				"west": {"uv": [13.5, 4, 14, 5], "texture": "#1"},
				"up": {"uv": [14.5, 7, 14, 6.5], "texture": "#1"},
				"down": {"uv": [7.5, 14, 7, 14.5], "texture": "#1"}
			}
		},
		{
			"from": [12.58056, 7.87972, 7.5],
			"to": [13.58056, 9.87972, 8.5],
			"rotation": {"angle": 0, "axis": "y", "origin": [13.58056, 8.87972, 8]},
			"faces": {
				"north": {"uv": [13.5, 5, 14, 6], "texture": "#1"},
				"east": {"uv": [13.5, 6, 14, 7], "texture": "#1"},
				"south": {"uv": [7.5, 13.5, 8, 14.5], "texture": "#1"},
				"west": {"uv": [8, 13.5, 8.5, 14.5], "texture": "#1"},
				"up": {"uv": [9.5, 14.5, 9, 14], "texture": "#1"},
				"down": {"uv": [14.5, 9, 14, 9.5], "texture": "#1"}
			}
		},
		{
			"from": [12.58056, 6.87972, 7.5],
			"to": [13.58056, 11.87972, 8.5],
			"rotation": {"angle": -45, "axis": "z", "origin": [14.08056, 9.37972, 8]},
			"faces": {
				"north": {"uv": [2.5, 13, 3, 15.5], "texture": "#1"},
				"east": {"uv": [3, 13, 3.5, 15.5], "texture": "#1"},
				"south": {"uv": [13, 4, 13.5, 6.5], "texture": "#1"},
				"west": {"uv": [5.5, 13, 6, 15.5], "texture": "#1"},
				"up": {"uv": [10, 14.5, 9.5, 14], "texture": "#1"},
				"down": {"uv": [14.5, 9.5, 14, 10], "texture": "#1"}
			}
		},
		{
			"from": [11.28766, 14.17261, 7.5],
			"to": [12.28766, 16.17261, 8.5],
			"rotation": {"angle": -45, "axis": "z", "origin": [12.78766, 13.67261, 8]},
			"faces": {
				"north": {"uv": [8.5, 13.5, 9, 14.5], "texture": "#1"},
				"east": {"uv": [13.5, 9, 14, 10], "texture": "#1"},
				"south": {"uv": [13.5, 12.5, 14, 13.5], "texture": "#1"},
				"west": {"uv": [13, 13.5, 13.5, 14.5], "texture": "#1"},
				"up": {"uv": [14.5, 14, 14, 13.5], "texture": "#1"},
				"down": {"uv": [14.5, 14, 14, 14.5], "texture": "#1"}
			}
		},
		{
			"from": [3.71234, 14.17261, 7.5],
			"to": [4.71234, 16.17261, 8.5],
			"rotation": {"angle": 45, "axis": "z", "origin": [3.21234, 13.67261, 8]},
			"faces": {
				"north": {"uv": [13.5, 13.5, 14, 14.5], "texture": "#1"},
				"east": {"uv": [14, 1, 14.5, 2], "texture": "#1"},
				"south": {"uv": [14, 4, 14.5, 5], "texture": "#1"},
				"west": {"uv": [14, 5, 14.5, 6], "texture": "#1"},
				"up": {"uv": [5, 15, 4.5, 14.5], "texture": "#1"},
				"down": {"uv": [15, 4.5, 14.5, 5], "texture": "#1"}
			}
		},
		{
			"from": [1.50523, 15.50104, 7.5],
			"to": [2.50523, 16.50104, 8.5],
			"rotation": {"angle": 0, "axis": "y", "origin": [2.00523, 15.00104, 8]},
			"faces": {
				"north": {"uv": [14.5, 1, 15, 1.5], "texture": "#1"},
				"east": {"uv": [14.5, 1.5, 15, 2], "texture": "#1"},
				"south": {"uv": [14.5, 2, 15, 2.5], "texture": "#1"},
				"west": {"uv": [3.5, 14.5, 4, 15], "texture": "#1"},
				"up": {"uv": [4.5, 15, 4, 14.5], "texture": "#1"},
				"down": {"uv": [15, 4, 14.5, 4.5], "texture": "#1"}
			}
		},
		{
			"from": [6.5, 2, 6.5],
			"to": [9.5, 8, 9.5],
			"rotation": {"angle": 0, "axis": "y", "origin": [-2.5, 6, 6.5]},
			"faces": {
				"north": {"uv": [10, 10, 11.5, 13], "texture": "#1"},
				"east": {"uv": [7.5, 10.5, 9, 13.5], "texture": "#1"},
				"south": {"uv": [4, 11.5, 5.5, 14.5], "texture": "#1"},
				"west": {"uv": [11.5, 4, 13, 7], "texture": "#1"},
				"up": {"uv": [7, 13, 5.5, 11.5], "texture": "#1"},
				"down": {"uv": [13.5, 1, 12, 2.5], "texture": "#1"}
			}
		},
		{
			"from": [9, 9.25, 5],
			"to": [11, 11.25, 7],
			"rotation": {"angle": 0, "axis": "y", "origin": [-7, -12, -8]},
			"faces": {
				"north": {"uv": [0, 0, 1, 1], "texture": "#3"},
				"east": {"uv": [0, 1, 1, 2], "texture": "#3"},
				"south": {"uv": [1, 0, 2, 1], "texture": "#3"},
				"west": {"uv": [1, 1, 2, 2], "texture": "#3"},
				"up": {"uv": [1, 3, 0, 2], "texture": "#3"},
				"down": {"uv": [3, 0, 2, 1], "texture": "#3"}
			}
		},
		{
			"from": [5, 9.25, 9],
			"to": [7, 11.25, 11],
			"rotation": {"angle": 0, "axis": "y", "origin": [-7, -12, -8]},
			"faces": {
				"north": {"uv": [7, 2, 8, 3], "texture": "#3"},
				"east": {"uv": [3, 7, 4, 8], "texture": "#3"},
				"south": {"uv": [7, 3, 8, 4], "texture": "#3"},
				"west": {"uv": [4, 7, 5, 8], "texture": "#3"},
				"up": {"uv": [8, 5, 7, 4], "texture": "#3"},
				"down": {"uv": [6, 7, 5, 8], "texture": "#3"}
			}
		},
		{
			"from": [6, 9.25, 5],
			"to": [8, 11.25, 7],
			"rotation": {"angle": 22.5, "axis": "y", "origin": [6, 10.25, 6]},
			"faces": {
				"north": {"uv": [7, 5, 8, 6], "texture": "#3"},
				"east": {"uv": [6, 7, 7, 8], "texture": "#3"},
				"south": {"uv": [7, 6, 8, 7], "texture": "#3"},
				"west": {"uv": [7, 7, 8, 8], "texture": "#3"},
				"up": {"uv": [1, 9, 0, 8], "texture": "#3"},
				"down": {"uv": [9, 0, 8, 1], "texture": "#3"}
			}
		},
		{
			"from": [7, 12, 9.5],
			"to": [9, 14, 11.5],
			"rotation": {"angle": 22.5, "axis": "y", "origin": [8, 13, 11]},
			"faces": {
				"north": {"uv": [3, 6, 4, 7], "texture": "#3"},
				"east": {"uv": [6, 3, 7, 4], "texture": "#3"},
				"south": {"uv": [4, 6, 5, 7], "texture": "#3"},
				"west": {"uv": [6, 4, 7, 5], "texture": "#3"},
				"up": {"uv": [6, 7, 5, 6], "texture": "#3"},
				"down": {"uv": [7, 5, 6, 6], "texture": "#3"}
			}
		},
		{
			"from": [4, 12, 7],
			"to": [6, 14, 9],
			"rotation": {"angle": -22.5, "axis": "y", "origin": [8, 13, 11]},
			"faces": {
				"north": {"uv": [1, 8, 2, 9], "texture": "#3"},
				"east": {"uv": [8, 1, 9, 2], "texture": "#3"},
				"south": {"uv": [2, 8, 3, 9], "texture": "#3"},
				"west": {"uv": [8, 2, 9, 3], "texture": "#3"},
				"up": {"uv": [4, 9, 3, 8], "texture": "#3"},
				"down": {"uv": [9, 3, 8, 4], "texture": "#3"}
			}
		},
		{
			"from": [9, 12, 9],
			"to": [11, 14, 11],
			"rotation": {"angle": -22.5, "axis": "z", "origin": [8, 13, 11]},
			"faces": {
				"north": {"uv": [4, 8, 5, 9], "texture": "#3"},
				"east": {"uv": [8, 4, 9, 5], "texture": "#3"},
				"south": {"uv": [5, 8, 6, 9], "texture": "#3"},
				"west": {"uv": [8, 5, 9, 6], "texture": "#3"},
				"up": {"uv": [7, 9, 6, 8], "texture": "#3"},
				"down": {"uv": [9, 6, 8, 7], "texture": "#3"}
			}
		},
		{
			"from": [11, 12, 7],
			"to": [13, 14, 9],
			"rotation": {"angle": -22.5, "axis": "z", "origin": [4, 19, 13]},
			"faces": {
				"north": {"uv": [6, 6, 7, 7], "texture": "#3"},
				"east": {"uv": [0, 7, 1, 8], "texture": "#3"},
				"south": {"uv": [7, 0, 8, 1], "texture": "#3"},
				"west": {"uv": [1, 7, 2, 8], "texture": "#3"},
				"up": {"uv": [8, 2, 7, 1], "texture": "#3"},
				"down": {"uv": [3, 7, 2, 8], "texture": "#3"}
			}
		},
		{
			"from": [4.61732, 10.92388, 5],
			"to": [6.61732, 12.92388, 7],
			"rotation": {"angle": -22.5, "axis": "z", "origin": [5.61732, 11.92388, 6]},
			"faces": {
				"north": {"uv": [1, 2, 2, 3], "texture": "#3"},
				"east": {"uv": [2, 1, 3, 2], "texture": "#3"},
				"south": {"uv": [2, 2, 3, 3], "texture": "#3"},
				"west": {"uv": [0, 3, 1, 4], "texture": "#3"},
				"up": {"uv": [4, 1, 3, 0], "texture": "#3"},
				"down": {"uv": [2, 3, 1, 4], "texture": "#3"}
			}
		},
		{
			"from": [9, 12, 7],
			"to": [11, 14, 9],
			"rotation": {"angle": 22.5, "axis": "z", "origin": [6, 11, 3]},
			"faces": {
				"north": {"uv": [3, 1, 4, 2], "texture": "#3"},
				"east": {"uv": [2, 3, 3, 4], "texture": "#3"},
				"south": {"uv": [3, 2, 4, 3], "texture": "#3"},
				"west": {"uv": [3, 3, 4, 4], "texture": "#3"},
				"up": {"uv": [1, 5, 0, 4], "texture": "#3"},
				"down": {"uv": [5, 0, 4, 1], "texture": "#3"}
			}
		},
		{
			"from": [8.18015, 11.37849, 4.5],
			"to": [10.18015, 13.37849, 6.5],
			"rotation": {"angle": -22.5, "axis": "y", "origin": [8.93015, 14.37849, 5]},
			"faces": {
				"north": {"uv": [1, 4, 2, 5], "texture": "#3"},
				"east": {"uv": [4, 1, 5, 2], "texture": "#3"},
				"south": {"uv": [2, 4, 3, 5], "texture": "#3"},
				"west": {"uv": [4, 2, 5, 3], "texture": "#3"},
				"up": {"uv": [4, 5, 3, 4], "texture": "#3"},
				"down": {"uv": [5, 3, 4, 4], "texture": "#3"}
			}
		},
		{
			"from": [7.93015, 9.37849, 9.5],
			"to": [9.93015, 11.37849, 11.5],
			"rotation": {"angle": -22.5, "axis": "z", "origin": [8.93015, 14.37849, 5]},
			"faces": {
				"north": {"uv": [4, 4, 5, 5], "texture": "#3"},
				"east": {"uv": [0, 5, 1, 6], "texture": "#3"},
				"south": {"uv": [5, 0, 6, 1], "texture": "#3"},
				"west": {"uv": [1, 5, 2, 6], "texture": "#3"},
				"up": {"uv": [6, 2, 5, 1], "texture": "#3"},
				"down": {"uv": [3, 5, 2, 6], "texture": "#3"}
			}
		},
		{
			"from": [11.30864, 8.30864, 8],
			"to": [13.30864, 10.30864, 10],
			"rotation": {"angle": -45, "axis": "z", "origin": [12.30864, 17.30864, 9]},
			"faces": {
				"north": {"uv": [5, 2, 6, 3], "texture": "#3"},
				"east": {"uv": [3, 5, 4, 6], "texture": "#3"},
				"south": {"uv": [5, 3, 6, 4], "texture": "#3"},
				"west": {"uv": [4, 5, 5, 6], "texture": "#3"},
				"up": {"uv": [6, 5, 5, 4], "texture": "#3"},
				"down": {"uv": [6, 5, 5, 6], "texture": "#3"}
			}
		},
		{
			"from": [14.30864, 10.30864, 8],
			"to": [16.30864, 12.30864, 10],
			"rotation": {"angle": -45, "axis": "z", "origin": [12.30864, 17.30864, 9]},
			"faces": {
				"north": {"uv": [0, 6, 1, 7], "texture": "#3"},
				"east": {"uv": [6, 0, 7, 1], "texture": "#3"},
				"south": {"uv": [1, 6, 2, 7], "texture": "#3"},
				"west": {"uv": [6, 1, 7, 2], "texture": "#3"},
				"up": {"uv": [3, 7, 2, 6], "texture": "#3"},
				"down": {"uv": [7, 2, 6, 3], "texture": "#3"}
			}
		}
	],
	"display": {
		"thirdperson_righthand": {
			"rotation": [50, 0, 0],
			"translation": [0, -0.5, 1],
			"scale": [0.7, 0.7, 0.7]
		},
		"thirdperson_lefthand": {
			"rotation": [50, 0, 0],
			"translation": [0, -0.5, 1],
			"scale": [0.7, 0.7, 0.7]
		},
		"firstperson_righthand": {
			"rotation": [0, 140, 0],
			"translation": [0, 2, 0],
			"scale": [0.4, 0.4, 0.4]
		},
		"firstperson_lefthand": {
			"rotation": [0, 140, 0],
			"translation": [0, 2, 0],
			"scale": [0.4, 0.4, 0.4]
		},
		"ground": {
			"translation": [0, 4, 0],
			"scale": [0.8, 0.8, 0.8]
		},
		"gui": {
			"rotation": [30, 225, 0],
			"scale": [0.625, 0.625, 0.625]
		},
		"head": {
			"translation": [0, 14, 0]
		},
		"fixed": {
			"rotation": [-90, 0, 0],
			"translation": [0, 0, -18],
			"scale": [2, 2, 2]
		}
	},
	"groups": [
		{
			"name": "trophy",
			"origin": [8, 5, 8],
			"color": 0,
			"children": [0, 1, 2, 3, 4, 5, 6, 7, 8, 9, 10, 11, 12, 13, 14, 15, 16, 17]
		},
		{
			"name": "bubblegums",
			"origin": [0, 0, 0],
			"color": 0,
			"children": [18, 19, 20, 21, 22, 23, 24, 25, 26, 27, 28, 29, 30]
		}
	]
}