{
	"credit": "Made with Blockbench",
	"texture_size": [32, 32],
	"textures": {
		"4": "item/custom/models/carrot"
	},
	"elements": [
		{
			"from": [3, 0, 9],
			"to": [7, 4, 13],
			"rotation": {"angle": 0, "axis": "y", "origin": [5, 0, 11]},
			"faces": {
				"north": {"uv": [4, 0, 6, 2], "texture": "#4"},
				"east": {"uv": [4, 2, 6, 4], "texture": "#4"},
				"south": {"uv": [4, 4, 6, 6], "texture": "#4"},
				"west": {"uv": [0, 5, 2, 7], "texture": "#4"},
				"up": {"uv": [4, 7, 2, 5], "texture": "#4"},
				"down": {"uv": [8, 0, 6, 2], "texture": "#4"}
			}
		},
		{
			"from": [3.5, -4, 9.5],
			"to": [6.5, 0, 12.5],
			"rotation": {"angle": 0, "axis": "y", "origin": [4.5, -4, 11.5]},
			"faces": {
				"north": {"uv": [6, 2, 7.5, 4], "texture": "#4"},
				"east": {"uv": [4, 6, 5.5, 8], "texture": "#4"},
				"south": {"uv": [6, 4, 7.5, 6], "texture": "#4"},
				"west": {"uv": [5.5, 6, 7, 8], "texture": "#4"},
				"up": {"uv": [1.5, 8.5, 0, 7], "texture": "#4"},
				"down": {"uv": [3, 7, 1.5, 8.5], "texture": "#4"}
			}
		},
		{
			"from": [4, -8, 10],
			"to": [6, -4, 12],
			"rotation": {"angle": 0, "axis": "y", "origin": [4, -8, 11]},
			"faces": {
				"north": {"uv": [3, 7, 4, 9], "texture": "#4"},
				"east": {"uv": [7, 6, 8, 8], "texture": "#4"},
				"south": {"uv": [7.5, 2, 8.5, 4], "texture": "#4"},
				"west": {"uv": [7.5, 4, 8.5, 6], "texture": "#4"},
				"up": {"uv": [9, 1, 8, 0], "texture": "#4"},
				"down": {"uv": [9, 1, 8, 2], "texture": "#4"}
			}
		},
		{
			"from": [5, 4, 7],
			"to": [5, 14, 15],
			"rotation": {"angle": -45, "axis": "y", "origin": [5, 7.5, 11]},
			"faces": {
				"north": {"uv": [0, 0, 0, 5], "texture": "#4"},
				"east": {"uv": [0, 0, 4, 5], "texture": "#4"},
				"south": {"uv": [0, 0, 0, 5], "texture": "#4"},
				"west": {"uv": [0, 0, 4, 5], "texture": "#4"},
				"up": {"uv": [0, 4, 0, 0], "texture": "#4"},
				"down": {"uv": [0, 0, 0, 4], "texture": "#4"}
			}
		},
		{
			"from": [1, 4, 11],
			"to": [9, 14, 11],
			"rotation": {"angle": -45, "axis": "y", "origin": [5, 7.5, 11]},
			"faces": {
				"north": {"uv": [0, 0, 4, 5], "texture": "#4"},
				"east": {"uv": [0, 0, 0, 5], "texture": "#4"},
				"south": {"uv": [0, 0, 4, 5], "texture": "#4"},
				"west": {"uv": [0, 0, 0, 5], "texture": "#4"},
				"up": {"uv": [4, 0, 0, 0], "texture": "#4"},
				"down": {"uv": [4, 0, 0, 0], "texture": "#4"}
			}
		},
		{
			"from": [8, -1, 3],
			"to": [12, 3, 7],
			"rotation": {"angle": 0, "axis": "y", "origin": [10, -1, 5]},
			"faces": {
				"north": {"uv": [4, 0, 6, 2], "texture": "#4"},
				"east": {"uv": [4, 2, 6, 4], "texture": "#4"},
				"south": {"uv": [4, 4, 6, 6], "texture": "#4"},
				"west": {"uv": [0, 5, 2, 7], "texture": "#4"},
				"up": {"uv": [4, 7, 2, 5], "texture": "#4"},
				"down": {"uv": [8, 0, 6, 2], "texture": "#4"}
			}
		},
		{
			"from": [8.5, -5, 3.5],
			"to": [11.5, -1, 6.5],
			"rotation": {"angle": 0, "axis": "y", "origin": [9.5, -5, 5.5]},
			"faces": {
				"north": {"uv": [6, 2, 7.5, 4], "texture": "#4"},
				"east": {"uv": [4, 6, 5.5, 8], "texture": "#4"},
				"south": {"uv": [6, 4, 7.5, 6], "texture": "#4"},
				"west": {"uv": [5.5, 6, 7, 8], "texture": "#4"},
				"up": {"uv": [1.5, 8.5, 0, 7], "texture": "#4"},
				"down": {"uv": [3, 7, 1.5, 8.5], "texture": "#4"}
			}
		},
		{
			"from": [9, -9, 4],
			"to": [11, -5, 6],
			"rotation": {"angle": 0, "axis": "y", "origin": [9, -9, 5]},
			"faces": {
				"north": {"uv": [3, 7, 4, 9], "texture": "#4"},
				"east": {"uv": [7, 6, 8, 8], "texture": "#4"},
				"south": {"uv": [7.5, 2, 8.5, 4], "texture": "#4"},
				"west": {"uv": [7.5, 4, 8.5, 6], "texture": "#4"},
				"up": {"uv": [9, 1, 8, 0], "texture": "#4"},
				"down": {"uv": [9, 1, 8, 2], "texture": "#4"}
			}
		},
		{
			"from": [10, 3, 1],
			"to": [10, 13, 9],
			"rotation": {"angle": -45, "axis": "y", "origin": [10, 6.5, 5]},
			"faces": {
				"north": {"uv": [0, 0, 0, 5], "texture": "#4"},
				"east": {"uv": [0, 0, 4, 5], "texture": "#4"},
				"south": {"uv": [0, 0, 0, 5], "texture": "#4"},
				"west": {"uv": [0, 0, 4, 5], "texture": "#4"},
				"up": {"uv": [0, 4, 0, 0], "texture": "#4"},
				"down": {"uv": [0, 0, 0, 4], "texture": "#4"}
			}
		},
		{
			"from": [6, 3, 5],
			"to": [14, 13, 5],
			"rotation": {"angle": -45, "axis": "y", "origin": [10, 6.5, 5]},
			"faces": {
				"north": {"uv": [0, 0, 4, 5], "texture": "#4"},
				"east": {"uv": [0, 0, 0, 5], "texture": "#4"},
				"south": {"uv": [0, 0, 4, 5], "texture": "#4"},
				"west": {"uv": [0, 0, 0, 5], "texture": "#4"},
				"up": {"uv": [4, 0, 0, 0], "texture": "#4"},
				"down": {"uv": [4, 0, 0, 0], "texture": "#4"}
			}
		}
	],
	"display": {
		"thirdperson_righthand": {
			"rotation": [75, 45, 0],
			"translation": [0, 2.5, 0],
			"scale": [0.375, 0.375, 0.375]
		},
		"thirdperson_lefthand": {
			"rotation": [75, 45, 0],
			"translation": [0, 2.5, 0],
			"scale": [0.375, 0.375, 0.375]
		},
		"firstperson_righthand": {
			"rotation": [0, 45, 0],
			"translation": [0, 3.5, 0],
			"scale": [0.4, 0.4, 0.4]
		},
		"firstperson_lefthand": {
			"rotation": [0, 225, 0],
			"translation": [0, 3.5, 0],
			"scale": [0.4, 0.4, 0.4]
		},
		"ground": {
			"translation": [0, 3, 0],
			"scale": [0.25, 0.25, 0.25]
		},
		"gui": {
			"rotation": [30, 135, 0],
			"translation": [0, 3.75, 0],
			"scale": [0.7, 0.7, 0.7]
		},
		"fixed": {
			"rotation": [-90, 0, 0],
			"translation": [0, 0, -16],
			"scale": [2, 2, 2]
		}
	},
	"groups": [
		{
			"name": "group",
			"origin": [8, 8.5, 8],
			"color": 0,
			"children": [0, 1, 2, 3, 4]
		},
		{
			"name": "group",
			"origin": [8, 8.5, 8],
			"color": 0,
			"children": [5, 6, 7, 8, 9]
		}
	]
}