{
	"credit": "Made with Blockbench",
	"textures": {
		"1": "item/custom/models/cauldron/crow",
		"2": "item/custom/models/cauldron/cauldron_soup",
		"3": "item/custom/models/cauldron/cauldron",
		"4": "item/custom/models/cauldron/cauldron_bubbles",
		"particle": "item/custom/models/cauldron/cauldron"
	},
	"elements": [
		{
			"from": [2, 1, 2],
			"to": [14, 10, 14],
			"rotation": {"angle": 0, "axis": "y", "origin": [13, 0, 2]},
			"faces": {
				"north": {"uv": [3, 5.5, 6, 7.75], "texture": "#3"},
				"east": {"uv": [0, 6, 3, 8.25], "texture": "#3"},
				"south": {"uv": [6, 5.5, 9, 7.75], "texture": "#3"},
				"west": {"uv": [3, 7.75, 6, 10], "texture": "#3"},
				"up": {"uv": [3, 3, 0, 0], "texture": "#3"},
				"down": {"uv": [3, 3, 0, 6], "texture": "#3"}
			}
		},
		{
			"from": [3, 0, 3],
			"to": [13, 11, 13],
			"rotation": {"angle": 0, "axis": "y", "origin": [14, 0, 3]},
			"faces": {
				"north": {"uv": [3, 0, 5.5, 2.75], "texture": "#3"},
				"east": {"uv": [3, 2.75, 5.5, 5.5], "texture": "#3"},
				"south": {"uv": [5.5, 0, 8, 2.75], "texture": "#3"},
				"west": {"uv": [5.5, 2.75, 8, 5.5], "texture": "#3"},
				"up": {"uv": [8.5, 10.25, 6, 7.75], "texture": "#3"},
				"down": {"uv": [10.5, 0, 8, 2.5], "texture": "#3"}
			}
		},
		{
			"from": [2.5, 11, 2.5],
			"to": [3.5, 12, 13.5],
			"rotation": {"angle": 0, "axis": "y", "origin": [13.5, 0, 2.5]},
			"faces": {
				"north": {"uv": [9, 6.75, 9.25, 7], "texture": "#3"},
				"east": {"uv": [8, 2.5, 10.75, 2.75], "texture": "#3"},
				"south": {"uv": [9, 7, 9.25, 7.25], "texture": "#3"},
				"west": {"uv": [8, 2.75, 10.75, 3], "texture": "#3"},
				"up": {"uv": [0.25, 11, 0, 8.25], "texture": "#3"},
				"down": {"uv": [0.5, 8.25, 0.25, 11], "texture": "#3"}
			}
		},
		{
			"from": [12.5, 11, 2.5],
			"to": [13.5, 12, 13.5],
			"rotation": {"angle": 0, "axis": "y", "origin": [13.5, 0, 2.5]},
			"faces": {
				"north": {"uv": [9, 7.25, 9.25, 7.5], "texture": "#3"},
				"east": {"uv": [8, 3, 10.75, 3.25], "texture": "#3"},
				"south": {"uv": [9, 7.5, 9.25, 7.75], "texture": "#3"},
				"west": {"uv": [8, 3.25, 10.75, 3.5], "texture": "#3"},
				"up": {"uv": [0.75, 11, 0.5, 8.25], "texture": "#3"},
				"down": {"uv": [1, 8.25, 0.75, 11], "texture": "#3"}
			}
		},
		{
			"from": [3.5, 11, 2.5],
			"to": [12.5, 12, 3.5],
			"rotation": {"angle": 0, "axis": "y", "origin": [3, 11.5, 8]},
			"faces": {
				"north": {"uv": [8, 3.5, 10.25, 3.75], "texture": "#3"},
				"east": {"uv": [9.25, 6.75, 9.5, 7], "texture": "#3"},
				"south": {"uv": [8, 3.75, 10.25, 4], "texture": "#3"},
				"west": {"uv": [9.25, 7, 9.5, 7.25], "texture": "#3"},
				"up": {"uv": [10.25, 4.25, 8, 4], "texture": "#3"},
				"down": {"uv": [10.25, 4.25, 8, 4.5], "texture": "#3"}
			}
		},
		{
			"from": [3.5, 11, 12.5],
			"to": [12.5, 12, 13.5],
			"rotation": {"angle": 0, "axis": "y", "origin": [3, 11.5, 8]},
			"faces": {
				"north": {"uv": [8, 4.5, 10.25, 4.75], "texture": "#3"},
				"east": {"uv": [9.25, 7.25, 9.5, 7.5], "texture": "#3"},
				"south": {"uv": [8, 4.75, 10.25, 5], "texture": "#3"},
				"west": {"uv": [9.25, 7.5, 9.5, 7.75], "texture": "#3"},
				"up": {"uv": [10.25, 5.25, 8, 5], "texture": "#3"},
				"down": {"uv": [10.25, 5.25, 8, 5.5], "texture": "#3"}
			}
		},
		{
			"from": [0.8, 5.6, 11],
			"to": [1.8, 10.6, 12],
			"rotation": {"angle": -22.5, "axis": "z", "origin": [1, 8.5, 8]},
			"faces": {
				"north": {"uv": [8.5, 8.75, 8.75, 10], "texture": "#3"},
				"east": {"uv": [8.75, 8.75, 9, 10], "texture": "#3"},
				"south": {"uv": [9, 5.5, 9.25, 6.75], "texture": "#3"},
				"west": {"uv": [9, 8.75, 9.25, 10], "texture": "#3"},
				"up": {"uv": [9.75, 7, 9.5, 6.75], "texture": "#3"},
				"down": {"uv": [9.75, 7, 9.5, 7.25], "texture": "#3"}
			}
		},
		{
			"from": [0.8, 5.6, 4],
			"to": [1.8, 10.6, 5],
			"rotation": {"angle": -22.5, "axis": "z", "origin": [1, 8.5, 8]},
			"faces": {
				"north": {"uv": [9.25, 5.5, 9.5, 6.75], "texture": "#3"},
				"east": {"uv": [9.25, 8.75, 9.5, 10], "texture": "#3"},
				"south": {"uv": [9.5, 5.5, 9.75, 6.75], "texture": "#3"},
				"west": {"uv": [9.5, 8.75, 9.75, 10], "texture": "#3"},
				"up": {"uv": [9.75, 7.5, 9.5, 7.25], "texture": "#3"},
				"down": {"uv": [9.75, 7.5, 9.5, 7.75], "texture": "#3"}
			}
		},
		{
			"from": [0.8, 5.6, 5],
			"to": [1.8, 6.6, 11],
			"rotation": {"angle": -22.5, "axis": "z", "origin": [1, 8.5, 8]},
			"faces": {
				"north": {"uv": [9.75, 6.75, 10, 7], "texture": "#3"},
				"east": {"uv": [8.5, 7.75, 10, 8], "texture": "#3"},
				"south": {"uv": [9.75, 7, 10, 7.25], "texture": "#3"},
				"west": {"uv": [8.5, 8, 10, 8.25], "texture": "#3"},
				"up": {"uv": [2.25, 9.75, 2, 8.25], "texture": "#3"},
				"down": {"uv": [2.5, 8.25, 2.25, 9.75], "texture": "#3"}
			}
		},
		{
			"from": [14.2, 5.6, 5],
			"to": [15.2, 6.6, 11],
			"rotation": {"angle": 22.5, "axis": "z", "origin": [15, 8.5, 8]},
			"faces": {
				"north": {"uv": [9.75, 7.25, 10, 7.5], "texture": "#3"},
				"east": {"uv": [8.5, 8.25, 10, 8.5], "texture": "#3"},
				"south": {"uv": [9.75, 7.5, 10, 7.75], "texture": "#3"},
				"west": {"uv": [8.5, 8.5, 10, 8.75], "texture": "#3"},
				"up": {"uv": [2.75, 9.75, 2.5, 8.25], "texture": "#3"},
				"down": {"uv": [3, 8.25, 2.75, 9.75], "texture": "#3"}
			}
		},
		{
			"from": [14.2, 5.6, 11],
			"to": [15.2, 10.6, 12],
			"rotation": {"angle": 22.5, "axis": "z", "origin": [15, 8.5, 8]},
			"faces": {
				"north": {"uv": [2, 9.75, 2.25, 11], "texture": "#3"},
				"east": {"uv": [2.25, 9.75, 2.5, 11], "texture": "#3"},
				"south": {"uv": [2.5, 9.75, 2.75, 11], "texture": "#3"},
				"west": {"uv": [2.75, 9.75, 3, 11], "texture": "#3"},
				"up": {"uv": [3.75, 10.25, 3.5, 10], "texture": "#3"},
				"down": {"uv": [4, 10, 3.75, 10.25], "texture": "#3"}
			}
		},
		{
			"from": [14.2, 5.6, 4],
			"to": [15.2, 10.6, 5],
			"rotation": {"angle": 22.5, "axis": "z", "origin": [15, 8.5, 8]},
			"faces": {
				"north": {"uv": [9.75, 5.5, 10, 6.75], "texture": "#3"},
				"east": {"uv": [9.75, 8.75, 10, 10], "texture": "#3"},
				"south": {"uv": [3, 10, 3.25, 11.25], "texture": "#3"},
				"west": {"uv": [3.25, 10, 3.5, 11.25], "texture": "#3"},
				"up": {"uv": [4.25, 10.25, 4, 10], "texture": "#3"},
				"down": {"uv": [4.5, 10, 4.25, 10.25], "texture": "#3"}
			}
		},
		{
			"from": [6.3, 9, 9.5],
			"to": [7.3, 17, 10.5],
			"rotation": {"angle": 22.5, "axis": "z", "origin": [2.5, 6, -3.5]},
			"faces": {
				"north": {"uv": [1, 8.25, 1.25, 10.25], "texture": "#3"},
				"east": {"uv": [1.25, 8.25, 1.5, 10.25], "texture": "#3"},
				"south": {"uv": [1.5, 8.25, 1.75, 10.25], "texture": "#3"},
				"west": {"uv": [1.75, 8.25, 2, 10.25], "texture": "#3"},
				"up": {"uv": [4.75, 10.25, 4.5, 10], "texture": "#3"},
				"down": {"uv": [5, 10, 4.75, 10.25], "texture": "#3"}
			}
		},
		{
			"from": [9, 11.96217, 13.82346],
			"to": [10, 13.96217, 13.82346],
			"rotation": {"angle": 22.5, "axis": "x", "origin": [10.5, 15.775, 12.9568]},
			"faces": {
				"north": {"uv": [4.5, 6.5, 5, 7.5], "texture": "#1"},
				"east": {"uv": [0, 0, 0, 1], "texture": "#1"},
				"south": {"uv": [5, 6.5, 5.5, 7.5], "texture": "#1"},
				"west": {"uv": [0, 0, 0, 1], "texture": "#1"},
				"up": {"uv": [0.5, 0, 0, 0], "texture": "#1"},
				"down": {"uv": [0.5, 0, 0, 0], "texture": "#1"}
			}
		},
		{
			"from": [11, 11.96217, 13.82346],
			"to": [12, 13.96217, 13.82346],
			"rotation": {"angle": 22.5, "axis": "x", "origin": [10.5, 15.775, 12.9568]},
			"faces": {
				"north": {"uv": [6.5, 5, 7, 6], "texture": "#1"},
				"east": {"uv": [0, 0, 0, 1], "texture": "#1"},
				"south": {"uv": [5.5, 6.5, 6, 7.5], "texture": "#1"},
				"west": {"uv": [0, 0, 0, 1], "texture": "#1"},
				"up": {"uv": [0.5, 0, 0, 0], "texture": "#1"},
				"down": {"uv": [0.5, 0, 0, 0], "texture": "#1"}
			}
		},
		{
			"from": [9.5, 11.5, 10.9136],
			"to": [9.5, 12.5, 12.9136],
			"rotation": {"angle": 0, "axis": "y", "origin": [10.5, 15.775, 12.9568]},
			"faces": {
				"north": {"uv": [0, 0, 0, 0.5], "texture": "#1"},
				"east": {"uv": [6, 6.5, 7, 7], "texture": "#1"},
				"south": {"uv": [0, 0, 0, 0.5], "texture": "#1"},
				"west": {"uv": [6.5, 6, 7.5, 6.5], "texture": "#1"},
				"up": {"uv": [0, 1, 0, 0], "texture": "#1"},
				"down": {"uv": [0, 0, 0, 1], "texture": "#1"}
			}
		},
		{
			"from": [9.95959, 11.5, 11.29958],
			"to": [9.95959, 12.5, 13.29958],
			"rotation": {"angle": -22.5, "axis": "y", "origin": [10.5, 15.775, 12.9568]},
			"faces": {
				"north": {"uv": [0, 0, 0, 0.5], "texture": "#1"},
				"east": {"uv": [7, 0, 8, 0.5], "texture": "#1"},
				"south": {"uv": [0, 0, 0, 0.5], "texture": "#1"},
				"west": {"uv": [7, 0.5, 8, 1], "texture": "#1"},
				"up": {"uv": [0, 1, 0, 0], "texture": "#1"},
				"down": {"uv": [0, 0, 0, 1], "texture": "#1"}
			}
		},
		{
			"from": [9.19265, 11.5, 10.53421],
			"to": [9.19265, 12.5, 12.53421],
			"rotation": {"angle": 22.5, "axis": "y", "origin": [10.5, 15.775, 12.9568]},
			"faces": {
				"north": {"uv": [0, 0, 0, 0.5], "texture": "#1"},
				"east": {"uv": [7, 1, 8, 1.5], "texture": "#1"},
				"south": {"uv": [0, 0, 0, 0.5], "texture": "#1"},
				"west": {"uv": [7, 3.5, 8, 4], "texture": "#1"},
				"up": {"uv": [0, 1, 0, 0], "texture": "#1"},
				"down": {"uv": [0, 0, 0, 1], "texture": "#1"}
			}
		},
		{
			"from": [11.04041, 11.5, 11.29958],
			"to": [11.04041, 12.5, 13.29958],
			"rotation": {"angle": 22.5, "axis": "y", "origin": [10.5, 15.775, 12.9568]},
			"faces": {
				"north": {"uv": [0, 0, 0, 0.5], "texture": "#1"},
				"east": {"uv": [7, 4, 8, 4.5], "texture": "#1"},
				"south": {"uv": [0, 0, 0, 0.5], "texture": "#1"},
				"west": {"uv": [7, 4.5, 8, 5], "texture": "#1"},
				"up": {"uv": [0, 1, 0, 0], "texture": "#1"},
				"down": {"uv": [0, 0, 0, 1], "texture": "#1"}
			}
		},
		{
			"from": [11.5, 11.5, 10.9136],
			"to": [11.5, 12.5, 12.9136],
			"rotation": {"angle": 0, "axis": "y", "origin": [10.5, 15.775, 12.9568]},
			"faces": {
				"north": {"uv": [0, 0, 0, 0.5], "texture": "#1"},
				"east": {"uv": [7, 5, 8, 5.5], "texture": "#1"},
				"south": {"uv": [0, 0, 0, 0.5], "texture": "#1"},
				"west": {"uv": [7, 5.5, 8, 6], "texture": "#1"},
				"up": {"uv": [0, 1, 0, 0], "texture": "#1"},
				"down": {"uv": [0, 0, 0, 1], "texture": "#1"}
			}
		},
		{
			"from": [11.80735, 11.5, 10.53421],
			"to": [11.80735, 12.5, 12.53421],
			"rotation": {"angle": -22.5, "axis": "y", "origin": [10.5, 15.775, 12.9568]},
			"faces": {
				"north": {"uv": [0, 0, 0, 0.5], "texture": "#1"},
				"east": {"uv": [6, 7, 7, 7.5], "texture": "#1"},
				"south": {"uv": [0, 0, 0, 0.5], "texture": "#1"},
				"west": {"uv": [7, 6.5, 8, 7], "texture": "#1"},
				"up": {"uv": [0, 1, 0, 0], "texture": "#1"},
				"down": {"uv": [0, 0, 0, 1], "texture": "#1"}
			}
		},
		{
			"from": [9, 13.26344, 11.39747],
			"to": [12, 18.26344, 14.39747],
			"rotation": {"angle": -22.5, "axis": "x", "origin": [10.5, 15.775, 12.9568]},
			"faces": {
				"north": {"uv": [0, 0, 1.5, 2.5], "texture": "#1"},
				"east": {"uv": [1.5, 0, 3, 2.5], "texture": "#1"},
				"south": {"uv": [0, 2.5, 1.5, 5], "texture": "#1"},
				"west": {"uv": [1.5, 2.5, 3, 5], "texture": "#1"},
				"up": {"uv": [1.5, 6.5, 0, 5], "texture": "#1"},
				"down": {"uv": [3, 5, 1.5, 6.5], "texture": "#1"}
			}
		},
		{
			"from": [9.5, 17.05, 10.8636],
			"to": [11.5, 20.05, 12.8636],
			"rotation": {"angle": 0, "axis": "x", "origin": [10.5, 15.775, 12.9568]},
			"faces": {
				"north": {"uv": [3, 5, 4, 6.5], "texture": "#1"},
				"east": {"uv": [4, 5, 5, 6.5], "texture": "#1"},
				"south": {"uv": [5, 5, 6, 6.5], "texture": "#1"},
				"west": {"uv": [6, 0, 7, 1.5], "texture": "#1"},
				"up": {"uv": [2, 7.5, 1, 6.5], "texture": "#1"},
				"down": {"uv": [7.5, 1.5, 6.5, 2.5], "texture": "#1"}
			}
		},
		{
			"from": [9.75, 19.05, 8.8636],
			"to": [11.25, 20.05, 10.8636],
			"rotation": {"angle": 0, "axis": "x", "origin": [10.5, 15.775, 12.9568]},
			"faces": {
				"north": {"uv": [7, 7, 8, 7.5], "texture": "#1"},
				"east": {"uv": [1, 7.5, 2, 8], "texture": "#1"},
				"south": {"uv": [7.5, 1.5, 8.5, 2], "texture": "#1"},
				"west": {"uv": [2, 7.5, 3, 8], "texture": "#1"},
				"up": {"uv": [3, 7.5, 2, 6.5], "texture": "#1"},
				"down": {"uv": [7.5, 2.5, 6.5, 3.5], "texture": "#1"}
			}
		},
		{
			"from": [10, 18.05, 9.8636],
			"to": [11, 19.05, 10.8636],
			"rotation": {"angle": 0, "axis": "x", "origin": [10.5, 15.775, 12.9568]},
			"faces": {
				"north": {"uv": [7.5, 2, 8, 2.5], "texture": "#1"},
				"east": {"uv": [7.5, 2.5, 8, 3], "texture": "#1"},
				"south": {"uv": [7.5, 3, 8, 3.5], "texture": "#1"},
				"west": {"uv": [4.5, 7.5, 5, 8], "texture": "#1"},
				"up": {"uv": [5.5, 8, 5, 7.5], "texture": "#1"},
				"down": {"uv": [6, 7.5, 5.5, 8], "texture": "#1"}
			}
		},
		{
			"from": [8.2, 12.85043, 12.19246],
			"to": [9, 17.35043, 14.69246],
			"rotation": {"angle": -45, "axis": "x", "origin": [10.5, 15.775, 12.9568]},
			"faces": {
				"north": {"uv": [6, 1.5, 6.5, 4], "texture": "#1"},
				"east": {"uv": [3, 0, 4.5, 2.5], "texture": "#1"},
				"south": {"uv": [6, 4, 6.5, 6.5], "texture": "#1"},
				"west": {"uv": [3, 2.5, 4.5, 5], "texture": "#1"},
				"up": {"uv": [3.5, 8, 3, 6.5], "texture": "#1"},
				"down": {"uv": [4, 6.5, 3.5, 8], "texture": "#1"}
			}
		},
		{
			"from": [12, 12.85043, 12.19246],
			"to": [12.8, 17.35043, 14.69246],
			"rotation": {"angle": -45, "axis": "x", "origin": [10.5, 15.775, 12.9568]},
			"faces": {
				"north": {"uv": [0, 6.5, 0.5, 9], "texture": "#1"},
				"east": {"uv": [4.5, 0, 6, 2.5], "texture": "#1"},
				"south": {"uv": [0.5, 6.5, 1, 9], "texture": "#1"},
				"west": {"uv": [4.5, 2.5, 6, 5], "texture": "#1"},
				"up": {"uv": [7, 5, 6.5, 3.5], "texture": "#1"},
				"down": {"uv": [4.5, 6.5, 4, 8], "texture": "#1"}
			}
		},
		{
			"from": [3.7549, 11, 6.84984],
			"to": [7.7549, 19, 6.84984],
			"rotation": {"angle": 45, "axis": "y", "origin": [5.7549, 15, 6.84984]},
			"faces": {
				"north": {"uv": [0, 0, 8, 16], "texture": "#4"},
				"south": {"uv": [0, 0, 8, 16], "texture": "#4"}
			}
		},
		{
			"from": [3.7549, 11, 6.84984],
			"to": [7.7549, 19, 6.84984],
			"rotation": {"angle": -45, "axis": "y", "origin": [5.7549, 15, 6.84984]},
			"faces": {
				"north": {"uv": [0, 0, 8, 16], "texture": "#4"},
				"south": {"uv": [0, 0, 8, 16], "texture": "#4"}
			}
		},
		{
			"from": [10.02513, 11, 5.18198],
			"to": [13.02513, 18, 5.18198],
			"rotation": {"angle": -45, "axis": "y", "origin": [5.52513, 14.5, 5.18198]},
			"faces": {
				"north": {"uv": [8, 2, 14, 16], "texture": "#4"},
				"south": {"uv": [8, 2, 14, 16], "texture": "#4"}
			}
		},
		{
			"from": [11.52513, 11, 3.68198],
			"to": [11.52513, 18, 6.68198],
			"rotation": {"angle": -45, "axis": "y", "origin": [5.52513, 14.5, 5.18198]},
			"faces": {
				"east": {"uv": [8, 2, 14, 16], "texture": "#4"},
				"west": {"uv": [8, 2, 14, 16], "texture": "#4"}
			}
		},
		{
			"from": [3.5, 10.25, 3.5],
			"to": [12.5, 11.25, 12.5],
			"rotation": {"angle": 0, "axis": "y", "origin": [-0.5, 0, -0.5]},
			"faces": {
				"north": {"uv": [0, 0, 9, 1], "texture": "#missing"},
				"east": {"uv": [0, 0, 9, 1], "texture": "#missing"},
				"south": {"uv": [0, 0, 9, 1], "texture": "#missing"},
				"west": {"uv": [0, 0, 9, 1], "texture": "#missing"},
				"up": {"uv": [3, 3, 13, 13], "texture": "#2"},
				"down": {"uv": [0, 0, 9, 9], "texture": "#missing"}
			}
		}
	],
	"display": {
		"thirdperson_righthand": {
			"rotation": [75, 45, 0],
			"translation": [0, 2.5, 0],
			"scale": [0.65, 0.65, 0.65]
		},
		"thirdperson_lefthand": {
			"rotation": [75, 45, 0],
			"translation": [0, 2.5, 0],
			"scale": [0.65, 0.65, 0.65]
		},
		"firstperson_righthand": {
			"rotation": [0, 45, 0],
			"translation": [0, 1, 0],
			"scale": [0.6, 0.6, 0.6]
		},
		"firstperson_lefthand": {
			"rotation": [0, 45, 0],
			"translation": [0, 1, 0],
			"scale": [0.6, 0.6, 0.6]
		},
		"ground": {
			"translation": [0, 6.5, 0]
		},
		"gui": {
			"rotation": [30, -135, 0],
			"translation": [0, 0.5, 0],
			"scale": [0.8, 0.8, 0.8]
		},
		"head": {
			"translation": [0, 6.25, 0],
			"scale": [1.6, 1.6, 1.6]
		},
		"fixed": {
			"rotation": [-90, 0, 0],
			"translation": [0, 0, -15.75],
			"scale": [2, 2, 2]
		}
	},
	"groups": [
		{
			"name": "cauldron",
			"origin": [8.35355, 4.64645, 2],
			"color": 0,
			"children": [0, 1, 2, 3, 4, 5, 6, 7, 8, 9, 10, 11, 12]
		},
		{
			"name": "crow",
			"origin": [8, 8, 8],
			"color": 0,
			"children": [13, 14, 15, 16, 17, 18, 19, 20, 21, 22, 23, 24, 25, 26]
		},
		27,
		28,
		29,
		30,
		31
	]
}