{
	"credit": "Made with Blockbench",
	"textures": {
		"1": "item/custom/models/chainsaw",
		"2": "item/custom/models/chainsaw_blade"
	},
	"elements": [
		{
			"from": [6.25, 5.20096, 9],
			"to": [9.25, 11.20096, 18],
			"rotation": {"angle": 0, "axis": "x", "origin": [8, 13.20096, 6]},
			"faces": {
				"north": {"uv": [0, 6, 1.5, 9], "texture": "#1"},
				"east": {"uv": [0, 0, 4.5, 3], "texture": "#1"},
				"south": {"uv": [6, 0, 7.5, 3], "texture": "#1"},
				"west": {"uv": [0, 3, 4.5, 6], "texture": "#1"},
				"up": {"uv": [6, 4.5, 4.5, 0], "texture": "#1"},
				"down": {"uv": [6, 4.5, 4.5, 9], "texture": "#1"}
			}
		},
		{
			"from": [5.25, 11.20096, 15],
			"to": [6.25, 16.20096, 16],
			"rotation": {"angle": 22.5, "axis": "x", "origin": [8, 13.20096, 6]},
			"faces": {
				"north": {"uv": [1.5, 6, 2, 8.5], "texture": "#1"},
				"east": {"uv": [2, 6, 2.5, 8.5], "texture": "#1"},
				"south": {"uv": [2.5, 6, 3, 8.5], "texture": "#1"},
				"west": {"uv": [3, 6, 3.5, 8.5], "texture": "#1"},
				"up": {"uv": [8.5, 2.5, 8, 2], "texture": "#1"},
				"down": {"uv": [7, 8, 6.5, 8.5], "texture": "#1"}
			}
		},
		{
			"from": [9.25, 11.20096, 15],
			"to": [10.25, 16.20096, 16],
			"rotation": {"angle": 22.5, "axis": "x", "origin": [8, 13.20096, 6]},
			"faces": {
				"north": {"uv": [3.5, 6, 4, 8.5], "texture": "#1"},
				"east": {"uv": [4, 6, 4.5, 8.5], "texture": "#1"},
				"south": {"uv": [6, 5, 6.5, 7.5], "texture": "#1"},
				"west": {"uv": [6.5, 5, 7, 7.5], "texture": "#1"},
				"up": {"uv": [8.5, 8, 8, 7.5], "texture": "#1"},
				"down": {"uv": [8.5, 8, 8, 8.5], "texture": "#1"}
			}
		},
		{
			"from": [5.25, 16.20096, 15],
			"to": [10.25, 17.20096, 16],
			"rotation": {"angle": 22.5, "axis": "x", "origin": [8, 13.20096, 6]},
			"faces": {
				"north": {"uv": [6, 3, 8.5, 3.5], "texture": "#1"},
				"east": {"uv": [7, 8, 7.5, 8.5], "texture": "#1"},
				"south": {"uv": [6, 3.5, 8.5, 4], "texture": "#1"},
				"west": {"uv": [8, 7, 8.5, 7.5], "texture": "#1"},
				"up": {"uv": [8.5, 4.5, 6, 4], "texture": "#1"},
				"down": {"uv": [8.5, 4.5, 6, 5], "texture": "#1"}
			}
		},
		{
			"from": [7.5, 9.70096, 17.5],
			"to": [8.5, 10.70096, 19.5],
			"rotation": {"angle": 0, "axis": "z", "origin": [8, 10.70096, 4.5]},
			"faces": {
				"north": {"uv": [8.5, 2, 9, 2.5], "texture": "#1"},
				"east": {"uv": [8, 1, 9, 1.5], "texture": "#1"},
				"south": {"uv": [2.5, 8.5, 3, 9], "texture": "#1"},
				"west": {"uv": [8, 1.5, 9, 2], "texture": "#1"},
				"up": {"uv": [8.5, 6, 8, 5], "texture": "#1"},
				"down": {"uv": [8.5, 6, 8, 7], "texture": "#1"}
			}
		},
		{
			"from": [7.5, 5.70096, 19.5],
			"to": [8.5, 10.70096, 20.5],
			"rotation": {"angle": 0, "axis": "z", "origin": [8, 10.70096, 4.5]},
			"faces": {
				"north": {"uv": [7, 5, 7.5, 7.5], "texture": "#1"},
				"east": {"uv": [7.5, 0, 8, 2.5], "texture": "#1"},
				"south": {"uv": [7.5, 5, 8, 7.5], "texture": "#1"},
				"west": {"uv": [6, 7.5, 6.5, 10], "texture": "#1"},
				"up": {"uv": [2, 9, 1.5, 8.5], "texture": "#1"},
				"down": {"uv": [2.5, 8.5, 2, 9], "texture": "#1"}
			}
		},
		{
			"from": [7.5, 5.70096, 17.5],
			"to": [8.5, 6.70096, 19.5],
			"rotation": {"angle": 0, "axis": "z", "origin": [8, 10.70096, 4.5]},
			"faces": {
				"north": {"uv": [8.5, 0, 9, 0.5], "texture": "#1"},
				"east": {"uv": [7.5, 2.5, 8.5, 3], "texture": "#1"},
				"south": {"uv": [8.5, 0.5, 9, 1], "texture": "#1"},
				"west": {"uv": [6.5, 7.5, 7.5, 8], "texture": "#1"},
				"up": {"uv": [8, 8.5, 7.5, 7.5], "texture": "#1"},
				"down": {"uv": [8.5, 0, 8, 1], "texture": "#1"}
			}
		},
		{
			"from": [8.25, 5.20096, -5],
			"to": [8.25, 10.20096, 9],
			"rotation": {"angle": 0, "axis": "x", "origin": [8, 13.20096, 6]},
			"faces": {
				"north": {"uv": [0, 0, 0, 5], "texture": "#2"},
				"east": {"uv": [0, 0, 14, 5], "texture": "#2"},
				"south": {"uv": [0, 0, 0, 5], "texture": "#2"},
				"west": {"uv": [14, 0, 0, 5], "texture": "#2"},
				"up": {"uv": [0, 14, 0, 0], "texture": "#2"},
				"down": {"uv": [0, 0, 0, 14], "texture": "#2"}
			}
		}
	],
	"gui_light": "front",
	"display": {
		"thirdperson_righthand": {
			"translation": [0, -4.25, -4.75]
		},
		"thirdperson_lefthand": {
			"translation": [0, -4.25, -4.75]
		},
		"firstperson_righthand": {
			"rotation": [62, -5, 0],
			"translation": [1.5, 4.5, 0],
			"scale": [0.5, 0.5, 0.5]
		},
		"firstperson_lefthand": {
			"rotation": [62, -5, 0],
			"translation": [1.5, 4.5, 0],
			"scale": [0.5, 0.5, 0.5]
		},
		"ground": {
			"translation": [0, 1, 0],
			"scale": [0.65, 0.65, 0.65]
		},
		"gui": {
			"rotation": [-90, -135, -90],
			"scale": [0.7, 0.7, 0.7]
		},
		"head": {
			"rotation": [8.5, 0, 0],
			"translation": [0, 7.75, -11.5]
		},
		"fixed": {
			"rotation": [90, 45, -90]
		}
	}
}