{
	"credit": "Made with Blockbench",
	"textures": {
		"1": "item/custom/models/chips/blue_chip",
		"2": "item/custom/models/chips/red_chip",
		"3": "item/custom/models/chips/black_chip",
		"particle": "item/custom/models/chips/red_chip"
	},
	"elements": [
		{
			"from": [1, 0, 6],
			"to": [6, 1, 11],
			"rotation": {"angle": 0, "axis": "y", "origin": [1, 0, 6]},
			"faces": {
				"north": {"uv": [0, 0, 5, 1], "texture": "#2"},
				"east": {"uv": [0, 0, 5, 1], "texture": "#2"},
				"south": {"uv": [0, 0, 5, 1], "texture": "#2"},
				"west": {"uv": [0, 0, 5, 1], "texture": "#2"},
				"up": {"uv": [0, 0, 5, 5], "texture": "#2"},
				"down": {"uv": [0, 0, 5, 5], "texture": "#2"}
			}
		},
		{
			"from": [0.5, 1, 7],
			"to": [5.5, 2, 12],
			"rotation": {"angle": 22.5, "axis": "y", "origin": [0.5, 1, 7]},
			"faces": {
				"north": {"uv": [0, 0, 5, 1], "texture": "#2"},
				"east": {"uv": [0, 0, 5, 1], "texture": "#2"},
				"south": {"uv": [0, 0, 5, 1], "texture": "#2"},
				"west": {"uv": [0, 0, 5, 1], "texture": "#2"},
				"up": {"uv": [0, 0, 5, 5], "texture": "#2"},
				"down": {"uv": [0, 0, 5, 5], "texture": "#2"}
			}
		},
		{
			"from": [1, 2, 6.25],
			"to": [6, 3, 11.25],
			"rotation": {"angle": 0, "axis": "y", "origin": [1, 2, 6.25]},
			"faces": {
				"north": {"uv": [0, 0, 5, 1], "texture": "#2"},
				"east": {"uv": [0, 0, 5, 1], "texture": "#2"},
				"south": {"uv": [0, 0, 5, 1], "texture": "#2"},
				"west": {"uv": [0, 0, 5, 1], "texture": "#2"},
				"up": {"uv": [0, 0, 5, 5], "texture": "#2"},
				"down": {"uv": [0, 0, 5, 5], "texture": "#2"}
			}
		},
		{
			"from": [1.25, 3, 6.25],
			"to": [6.25, 4, 11.25],
			"rotation": {"angle": 0, "axis": "y", "origin": [1.25, 3, 6.25]},
			"faces": {
				"north": {"uv": [0, 0, 5, 1], "texture": "#2"},
				"east": {"uv": [0, 0, 5, 1], "texture": "#2"},
				"south": {"uv": [0, 0, 5, 1], "texture": "#2"},
				"west": {"uv": [0, 0, 5, 1], "texture": "#2"},
				"up": {"uv": [0, 0, 5, 5], "texture": "#2"},
				"down": {"uv": [0, 0, 5, 5], "texture": "#2"}
			}
		},
		{
			"from": [2.5, 4, 5.5],
			"to": [7.5, 5, 10.5],
			"rotation": {"angle": -22.5, "axis": "y", "origin": [2.5, 4, 5.5]},
			"faces": {
				"north": {"uv": [5, 0, 10, 1], "texture": "#2"},
				"east": {"uv": [5, 1, 10, 2], "texture": "#2"},
				"south": {"uv": [5, 2, 10, 3], "texture": "#2"},
				"west": {"uv": [5, 3, 10, 4], "texture": "#2"},
				"up": {"uv": [5, 5, 0, 0], "texture": "#2"},
				"down": {"uv": [5, 5, 0, 10], "texture": "#2"}
			}
		},
		{
			"from": [1.5, 5, 5.5],
			"to": [6.5, 6, 10.5],
			"rotation": {"angle": 0, "axis": "y", "origin": [1.5, 5, 5.5]},
			"faces": {
				"north": {"uv": [5, 0, 10, 1], "texture": "#2"},
				"east": {"uv": [5, 1, 10, 2], "texture": "#2"},
				"south": {"uv": [5, 2, 10, 3], "texture": "#2"},
				"west": {"uv": [5, 3, 10, 4], "texture": "#2"},
				"up": {"uv": [5, 5, 0, 0], "texture": "#2"},
				"down": {"uv": [5, 5, 0, 10], "texture": "#2"}
			}
		},
		{
			"from": [7, 0, 1],
			"to": [12, 1, 6],
			"rotation": {"angle": 22.5, "axis": "y", "origin": [9.6765, 2.5, 3.5597]},
			"faces": {
				"north": {"uv": [0, 0, 5, 1], "texture": "#1"},
				"east": {"uv": [0, 0, 5, 1], "texture": "#1"},
				"south": {"uv": [0, 0, 5, 1], "texture": "#1"},
				"west": {"uv": [0, 0, 5, 1], "texture": "#1"},
				"up": {"uv": [0, 0, 5, 5], "texture": "#1"},
				"down": {"uv": [0, 0, 5, 5], "texture": "#1"}
			}
		},
		{
			"from": [7.01993, 1, 0.89753],
			"to": [12.01993, 2, 5.89753],
			"rotation": {"angle": -45, "axis": "y", "origin": [9.6765, 2.5, 3.5597]},
			"faces": {
				"north": {"uv": [0, 0, 5, 1], "texture": "#1"},
				"east": {"uv": [0, 0, 5, 1], "texture": "#1"},
				"south": {"uv": [0, 0, 5, 1], "texture": "#1"},
				"west": {"uv": [0, 0, 5, 1], "texture": "#1"},
				"up": {"uv": [0, 0, 5, 5], "rotation": 270, "texture": "#1"},
				"down": {"uv": [0, 0, 5, 5], "rotation": 90, "texture": "#1"}
			}
		},
		{
			"from": [7, 2, 1.25],
			"to": [12, 3, 6.25],
			"rotation": {"angle": 22.5, "axis": "y", "origin": [9.6765, 2.5, 3.5597]},
			"faces": {
				"north": {"uv": [0, 0, 5, 1], "texture": "#1"},
				"east": {"uv": [0, 0, 5, 1], "texture": "#1"},
				"south": {"uv": [0, 0, 5, 1], "texture": "#1"},
				"west": {"uv": [0, 0, 5, 1], "texture": "#1"},
				"up": {"uv": [0, 0, 5, 5], "texture": "#1"},
				"down": {"uv": [0, 0, 5, 5], "texture": "#1"}
			}
		},
		{
			"from": [7.25, 3, 1.25],
			"to": [12.25, 4, 6.25],
			"rotation": {"angle": 22.5, "axis": "y", "origin": [9.6765, 2.5, 3.5597]},
			"faces": {
				"north": {"uv": [0, 0, 5, 1], "texture": "#1"},
				"east": {"uv": [0, 0, 5, 1], "texture": "#1"},
				"south": {"uv": [0, 0, 5, 1], "texture": "#1"},
				"west": {"uv": [0, 0, 5, 1], "texture": "#1"},
				"up": {"uv": [0, 0, 5, 5], "texture": "#1"},
				"down": {"uv": [0, 0, 5, 5], "texture": "#1"}
			}
		},
		{
			"from": [8.5, 4, 8.5],
			"to": [13.5, 5, 13.5],
			"rotation": {"angle": 0, "axis": "y", "origin": [8.5, 4, 8.5]},
			"faces": {
				"north": {"uv": [0, 0, 5, 1], "texture": "#3"},
				"east": {"uv": [0, 0, 5, 1], "texture": "#3"},
				"south": {"uv": [0, 0, 5, 1], "texture": "#3"},
				"west": {"uv": [0, 0, 5, 1], "texture": "#3"},
				"up": {"uv": [0, 0, 5, 5], "texture": "#3"},
				"down": {"uv": [0, 0, 5, 5], "texture": "#3"}
			}
		},
		{
			"from": [8, 0, 8],
			"to": [13, 1, 13],
			"rotation": {"angle": 0, "axis": "y", "origin": [8, 0, 8]},
			"faces": {
				"north": {"uv": [0, 0, 5, 1], "texture": "#3"},
				"east": {"uv": [0, 0, 5, 1], "texture": "#3"},
				"south": {"uv": [0, 0, 5, 1], "texture": "#3"},
				"west": {"uv": [0, 0, 5, 1], "texture": "#3"},
				"up": {"uv": [0, 0, 5, 5], "texture": "#3"},
				"down": {"uv": [0, 0, 5, 5], "texture": "#3"}
			}
		},
		{
			"from": [8.5, 1, 8.5],
			"to": [13.5, 2, 13.5],
			"rotation": {"angle": 0, "axis": "y", "origin": [8.5, 1, 8.5]},
			"faces": {
				"north": {"uv": [0, 0, 5, 1], "texture": "#3"},
				"east": {"uv": [0, 0, 5, 1], "texture": "#3"},
				"south": {"uv": [0, 0, 5, 1], "texture": "#3"},
				"west": {"uv": [0, 0, 5, 1], "texture": "#3"},
				"up": {"uv": [0, 0, 5, 5], "texture": "#3"},
				"down": {"uv": [0, 0, 5, 5], "texture": "#3"}
			}
		},
		{
			"from": [9, 2, 8.25],
			"to": [14, 3, 13.25],
			"rotation": {"angle": -22.5, "axis": "y", "origin": [9, 2, 8.25]},
			"faces": {
				"north": {"uv": [0, 0, 5, 1], "texture": "#3"},
				"east": {"uv": [0, 0, 5, 1], "texture": "#3"},
				"south": {"uv": [0, 0, 5, 1], "texture": "#3"},
				"west": {"uv": [0, 0, 5, 1], "texture": "#3"},
				"up": {"uv": [0, 0, 5, 5], "texture": "#3"},
				"down": {"uv": [0, 0, 5, 5], "texture": "#3"}
			}
		},
		{
			"from": [8.25, 3, 8.25],
			"to": [13.25, 4, 13.25],
			"rotation": {"angle": 0, "axis": "y", "origin": [8.25, 3, 8.25]},
			"faces": {
				"north": {"uv": [0, 0, 5, 1], "texture": "#3"},
				"east": {"uv": [0, 0, 5, 1], "texture": "#3"},
				"south": {"uv": [0, 0, 5, 1], "texture": "#3"},
				"west": {"uv": [0, 0, 5, 1], "texture": "#3"},
				"up": {"uv": [0, 0, 5, 5], "texture": "#3"},
				"down": {"uv": [0, 0, 5, 5], "texture": "#3"}
			}
		},
		{
			"from": [8.25, 8, 8.25],
			"to": [13.25, 9, 13.25],
			"rotation": {"angle": -22.5, "axis": "y", "origin": [10.75, 7.5, 10.75]},
			"faces": {
				"north": {"uv": [0, 0, 5, 1], "texture": "#3"},
				"east": {"uv": [0, 0, 5, 1], "texture": "#3"},
				"south": {"uv": [0, 0, 5, 1], "texture": "#3"},
				"west": {"uv": [0, 0, 5, 1], "texture": "#3"},
				"up": {"uv": [0, 0, 5, 5], "rotation": 90, "texture": "#3"},
				"down": {"uv": [0, 0, 5, 5], "rotation": 270, "texture": "#3"}
			}
		},
		{
			"from": [8.25, 7, 8],
			"to": [13.25, 8, 13],
			"rotation": {"angle": 0, "axis": "y", "origin": [10.75, 7.5, 10.75]},
			"faces": {
				"north": {"uv": [0, 5, 5, 6], "texture": "#3"},
				"east": {"uv": [0, 5, 5, 6], "texture": "#3"},
				"south": {"uv": [0, 5, 5, 6], "texture": "#3"},
				"west": {"uv": [0, 5, 5, 6], "texture": "#3"},
				"up": {"uv": [5, 5, 0, 0], "texture": "#3"},
				"down": {"uv": [5, 0, 0, 5], "texture": "#3"}
			}
		},
		{
			"from": [8, 6, 8.5],
			"to": [13, 7, 13.5],
			"rotation": {"angle": 0, "axis": "y", "origin": [10.75, 7.5, 10.75]},
			"faces": {
				"north": {"uv": [0, 0, 5, 1], "texture": "#3"},
				"east": {"uv": [0, 0, 5, 1], "texture": "#3"},
				"south": {"uv": [0, 0, 5, 1], "texture": "#3"},
				"west": {"uv": [0, 0, 5, 1], "texture": "#3"},
				"up": {"uv": [0, 0, 5, 5], "rotation": 90, "texture": "#3"},
				"down": {"uv": [0, 0, 5, 5], "rotation": 270, "texture": "#3"}
			}
		},
		{
			"from": [8.5, 5, 8],
			"to": [13.5, 6, 13],
			"rotation": {"angle": 22.5, "axis": "y", "origin": [11, 5.5, 10.5]},
			"faces": {
				"north": {"uv": [0, 0, 5, 1], "texture": "#3"},
				"east": {"uv": [0, 0, 5, 1], "texture": "#3"},
				"south": {"uv": [0, 0, 5, 1], "texture": "#3"},
				"west": {"uv": [0, 0, 5, 1], "texture": "#3"},
				"up": {"uv": [0, 0, 5, 5], "rotation": 90, "texture": "#3"},
				"down": {"uv": [0, 0, 5, 5], "rotation": 270, "texture": "#3"}
			}
		},
		{
			"from": [8.5, 9, 8],
			"to": [13.5, 10, 13],
			"rotation": {"angle": 0, "axis": "y", "origin": [10.75, 11.5, 10.75]},
			"faces": {
				"north": {"uv": [0, 0, 5, 1], "texture": "#3"},
				"east": {"uv": [0, 0, 5, 1], "texture": "#3"},
				"south": {"uv": [0, 0, 5, 1], "texture": "#3"},
				"west": {"uv": [0, 0, 5, 1], "texture": "#3"},
				"up": {"uv": [0, 0, 5, 5], "rotation": 270, "texture": "#3"},
				"down": {"uv": [0, 0, 5, 5], "rotation": 90, "texture": "#3"}
			}
		},
		{
			"from": [8.5, 11, 8.5],
			"to": [13.5, 12, 13.5],
			"rotation": {"angle": 0, "axis": "y", "origin": [10.75, 11.5, 10.75]},
			"faces": {
				"north": {"uv": [0, 0, 5, 1], "texture": "#3"},
				"east": {"uv": [0, 0, 5, 1], "texture": "#3"},
				"south": {"uv": [0, 0, 5, 1], "texture": "#3"},
				"west": {"uv": [0, 0, 5, 1], "texture": "#3"},
				"up": {"uv": [0, 0, 5, 5], "texture": "#3"},
				"down": {"uv": [0, 0, 5, 5], "texture": "#3"}
			}
		},
		{
			"from": [8.25, 12, 8.25],
			"to": [13.25, 13, 13.25],
			"rotation": {"angle": -22.5, "axis": "y", "origin": [10.75, 10.5, 10.75]},
			"faces": {
				"north": {"uv": [0, 0, 5, 1], "texture": "#3"},
				"east": {"uv": [0, 0, 5, 1], "texture": "#3"},
				"south": {"uv": [0, 0, 5, 1], "texture": "#3"},
				"west": {"uv": [0, 0, 5, 1], "texture": "#3"},
				"up": {"uv": [0, 0, 5, 5], "texture": "#3"},
				"down": {"uv": [0, 0, 5, 5], "texture": "#3"}
			}
		},
		{
			"from": [8.1147, 10, 7.92336],
			"to": [13.1147, 11, 12.92336],
			"rotation": {"angle": 22.5, "axis": "y", "origin": [10.75, 11.5, 10.75]},
			"faces": {
				"north": {"uv": [0, 0, 5, 1], "texture": "#3"},
				"east": {"uv": [0, 0, 5, 1], "texture": "#3"},
				"south": {"uv": [0, 0, 5, 1], "texture": "#3"},
				"west": {"uv": [0, 0, 5, 1], "texture": "#3"},
				"up": {"uv": [0, 0, 5, 5], "texture": "#3"},
				"down": {"uv": [0, 0, 5, 5], "texture": "#3"}
			}
		}
	],
	"display": {
		"thirdperson_righthand": {
			"rotation": [75, 45, 0],
			"translation": [0, 2.5, 0],
			"scale": [0.375, 0.375, 0.375]
		},
		"thirdperson_lefthand": {
			"rotation": [75, 45, 0],
			"translation": [0, 2.5, 0],
			"scale": [0.375, 0.375, 0.375]
		},
		"firstperson_righthand": {
			"rotation": [0, 45, 0],
			"translation": [0, 2.5, 0],
			"scale": [0.4, 0.4, 0.4]
		},
		"firstperson_lefthand": {
			"rotation": [0, 225, 0],
			"translation": [0, 2.5, 0],
			"scale": [0.4, 0.4, 0.4]
		},
		"ground": {
			"translation": [0, 3, 0],
			"scale": [0.25, 0.25, 0.25]
		},
		"gui": {
			"rotation": [30, 225, 0],
			"translation": [0.5, 0.5, 0],
			"scale": [0.765, 0.765, 0.765]
		},
		"fixed": {
			"rotation": [-90, 0, 0],
			"translation": [0, 0.75, -12],
			"scale": [1.5, 1.5, 1.5]
		}
	}
}