{
	"credit": "Made with Blockbench",
	"texture_size": [32, 32],
	"textures": {
		"2": "item/custom/models/christmas_trophy",
		"4": "item/custom/models/christmas_hat"
	},
	"elements": [
		{
			"from": [4.5, 8, 4.5],
			"to": [11.5, 10, 11.5],
			"rotation": {"angle": 0, "axis": "y", "origin": [8, 14, 8]},
			"faces": {
				"north": {"uv": [5, 5.75, 6.75, 6.25], "texture": "#2"},
				"east": {"uv": [0, 6, 1.75, 6.5], "texture": "#2"},
				"south": {"uv": [6, 2.25, 7.75, 2.75], "texture": "#2"},
				"west": {"uv": [6, 2.75, 7.75, 3.25], "texture": "#2"},
				"up": {"uv": [1.75, 1.75, 0, 0], "texture": "#2"},
				"down": {"uv": [1.75, 1.75, 0, 3.5], "texture": "#2"}
			}
		},
		{
			"from": [5.5, 6, 5.5],
			"to": [10.5, 8, 10.5],
			"rotation": {"angle": 0, "axis": "y", "origin": [7, 12, 9]},
			"faces": {
				"north": {"uv": [6, 3.25, 7.25, 3.75], "texture": "#2"},
				"east": {"uv": [6, 3.75, 7.25, 4.25], "texture": "#2"},
				"south": {"uv": [6, 4.25, 7.25, 4.75], "texture": "#2"},
				"west": {"uv": [1.75, 6.25, 3, 6.75], "texture": "#2"},
				"up": {"uv": [4.75, 3.75, 3.5, 2.5], "texture": "#2"},
				"down": {"uv": [4.75, 3.75, 3.5, 5], "texture": "#2"}
			}
		},
		{
			"from": [4.5, 0, 4.5],
			"to": [11.5, 3, 11.5],
			"rotation": {"angle": 0, "axis": "y", "origin": [7, 12, 9]},
			"faces": {
				"north": {"uv": [5, 5, 6.75, 5.75], "texture": "#2"},
				"east": {"uv": [5.25, 0, 7, 0.75], "texture": "#2"},
				"south": {"uv": [5.25, 0.75, 7, 1.5], "texture": "#2"},
				"west": {"uv": [5.25, 1.5, 7, 2.25], "texture": "#2"},
				"up": {"uv": [3.5, 1.75, 1.75, 0], "texture": "#2"},
				"down": {"uv": [3.5, 1.75, 1.75, 3.5], "texture": "#2"}
			}
		},
		{
			"from": [5.5, 3, 5.5],
			"to": [10.5, 4, 10.5],
			"rotation": {"angle": 0, "axis": "y", "origin": [8, 12, 10]},
			"faces": {
				"north": {"uv": [0.75, 6.75, 2, 7], "texture": "#2"},
				"east": {"uv": [6.75, 5, 8, 5.25], "texture": "#2"},
				"south": {"uv": [6.75, 5.25, 8, 5.5], "texture": "#2"},
				"west": {"uv": [6.75, 5.5, 8, 5.75], "texture": "#2"},
				"up": {"uv": [1.25, 6, 0, 4.75], "texture": "#2"},
				"down": {"uv": [2.5, 4.75, 1.25, 6], "texture": "#2"}
			}
		},
		{
			"from": [4.5, 10, 4.5],
			"to": [11.5, 15, 5.5],
			"rotation": {"angle": 0, "axis": "y", "origin": [8, 12, 9]},
			"faces": {
				"north": {"uv": [0, 3.5, 1.75, 4.75], "texture": "#2"},
				"east": {"uv": [2, 6.75, 2.25, 8], "texture": "#2"},
				"south": {"uv": [3.5, 0, 5.25, 1.25], "texture": "#2"},
				"west": {"uv": [2.25, 6.75, 2.5, 8], "texture": "#2"},
				"up": {"uv": [7.75, 5, 6, 4.75], "texture": "#2"},
				"down": {"uv": [6.25, 6.25, 4.5, 6.5], "texture": "#2"}
			}
		},
		{
			"from": [4.5, 10, 10.5],
			"to": [11.5, 15, 11.5],
			"rotation": {"angle": 0, "axis": "y", "origin": [8, 12, 7]},
			"faces": {
				"north": {"uv": [3.5, 1.25, 5.25, 2.5], "texture": "#2"},
				"east": {"uv": [2.5, 6.75, 2.75, 8], "texture": "#2"},
				"south": {"uv": [1.75, 3.5, 3.5, 4.75], "texture": "#2"},
				"west": {"uv": [2.75, 6.75, 3, 8], "texture": "#2"},
				"up": {"uv": [8, 6.5, 6.25, 6.25], "texture": "#2"},
				"down": {"uv": [1.75, 6.5, 0, 6.75], "texture": "#2"}
			}
		},
		{
			"from": [10.5, 10, 5.5],
			"to": [11.5, 15, 10.5],
			"rotation": {"angle": 0, "axis": "y", "origin": [7, 12, 8]},
			"faces": {
				"north": {"uv": [6.75, 6.5, 7, 7.75], "texture": "#2"},
				"east": {"uv": [4.75, 2.5, 6, 3.75], "texture": "#2"},
				"south": {"uv": [7, 0, 7.25, 1.25], "texture": "#2"},
				"west": {"uv": [4.75, 3.75, 6, 5], "texture": "#2"},
				"up": {"uv": [1, 8.25, 0.75, 7], "texture": "#2"},
				"down": {"uv": [1.25, 7, 1, 8.25], "texture": "#2"}
			}
		},
		{
			"from": [4.5, 10, 5.5],
			"to": [5.5, 15, 10.5],
			"rotation": {"angle": 0, "axis": "y", "origin": [9, 12, 8]},
			"faces": {
				"north": {"uv": [1.25, 7, 1.5, 8.25], "texture": "#2"},
				"east": {"uv": [2.5, 5, 3.75, 6.25], "texture": "#2"},
				"south": {"uv": [1.5, 7, 1.75, 8.25], "texture": "#2"},
				"west": {"uv": [3.75, 5, 5, 6.25], "texture": "#2"},
				"up": {"uv": [2, 8.25, 1.75, 7], "texture": "#2"},
				"down": {"uv": [3.25, 7, 3, 8.25], "texture": "#2"}
			}
		},
		{
			"from": [1.00523, 7.2584, 7.5],
			"to": [2.00523, 9.2584, 8.5],
			"rotation": {"angle": -45, "axis": "z", "origin": [2.50523, 6.7584, 8]},
			"faces": {
				"north": {"uv": [6.75, 5.75, 7, 6.25], "texture": "#2"},
				"east": {"uv": [7, 1.25, 7.25, 1.75], "texture": "#2"},
				"south": {"uv": [7, 1.75, 7.25, 2.25], "texture": "#2"},
				"west": {"uv": [5.25, 7, 5.5, 7.5], "texture": "#2"},
				"up": {"uv": [2.75, 5, 2.5, 4.75], "texture": "#2"},
				"down": {"uv": [3, 4.75, 2.75, 5], "texture": "#2"}
			}
		},
		{
			"from": [2.91944, 8.87972, 7.5],
			"to": [3.91944, 10.87972, 8.5],
			"rotation": {"angle": 0, "axis": "y", "origin": [2.91944, 9.87972, 8]},
			"faces": {
				"north": {"uv": [5.5, 7, 5.75, 7.5], "texture": "#2"},
				"east": {"uv": [5.75, 7, 6, 7.5], "texture": "#2"},
				"south": {"uv": [7, 5.75, 7.25, 6.25], "texture": "#2"},
				"west": {"uv": [6, 7, 6.25, 7.5], "texture": "#2"},
				"up": {"uv": [3.25, 5, 3, 4.75], "texture": "#2"},
				"down": {"uv": [3.5, 4.75, 3.25, 5], "texture": "#2"}
			}
		},
		{
			"from": [14.58056, 12.37972, 7.5],
			"to": [15.58056, 14.37972, 8.5],
			"rotation": {"angle": 45, "axis": "z", "origin": [13.08056, 11.87972, 8]},
			"faces": {
				"north": {"uv": [6.25, 7, 6.5, 7.5], "texture": "#2"},
				"east": {"uv": [6.5, 7, 6.75, 7.5], "texture": "#2"},
				"south": {"uv": [7, 6.5, 7.25, 7], "texture": "#2"},
				"west": {"uv": [7, 7, 7.25, 7.5], "texture": "#2"},
				"up": {"uv": [5.5, 2.5, 5.25, 2.25], "texture": "#2"},
				"down": {"uv": [5.75, 2.25, 5.5, 2.5], "texture": "#2"}
			}
		},
		{
			"from": [13.58056, 13.37972, 7.5],
			"to": [14.58056, 14.37972, 8.5],
			"rotation": {"angle": 45, "axis": "z", "origin": [13.08056, 11.87972, 8]},
			"faces": {
				"north": {"uv": [5.75, 2.25, 6, 2.5], "texture": "#2"},
				"east": {"uv": [1.75, 6, 2, 6.25], "texture": "#2"},
				"south": {"uv": [2, 6, 2.25, 6.25], "texture": "#2"},
				"west": {"uv": [2.25, 6, 2.5, 6.25], "texture": "#2"},
				"up": {"uv": [7.5, 2.25, 7.25, 2], "texture": "#2"},
				"down": {"uv": [7.75, 2, 7.5, 2.25], "texture": "#2"}
			}
		},
		{
			"from": [1.41944, 13.37972, 7.5],
			"to": [2.41944, 14.37972, 8.5],
			"rotation": {"angle": -45, "axis": "z", "origin": [2.91944, 11.87972, 8]},
			"faces": {
				"north": {"uv": [5.25, 7.5, 5.5, 7.75], "texture": "#2"},
				"east": {"uv": [5.5, 7.5, 5.75, 7.75], "texture": "#2"},
				"south": {"uv": [5.75, 7.5, 6, 7.75], "texture": "#2"},
				"west": {"uv": [7.5, 5.75, 7.75, 6], "texture": "#2"},
				"up": {"uv": [6.25, 7.75, 6, 7.5], "texture": "#2"},
				"down": {"uv": [7.75, 6, 7.5, 6.25], "texture": "#2"}
			}
		},
		{
			"from": [0.41944, 12.37972, 7.5],
			"to": [1.41944, 14.37972, 8.5],
			"rotation": {"angle": -45, "axis": "z", "origin": [2.91944, 11.87972, 8]},
			"faces": {
				"north": {"uv": [0, 7.25, 0.25, 7.75], "texture": "#2"},
				"east": {"uv": [7.25, 0, 7.5, 0.5], "texture": "#2"},
				"south": {"uv": [0.25, 7.25, 0.5, 7.75], "texture": "#2"},
				"west": {"uv": [0.5, 7.25, 0.75, 7.75], "texture": "#2"},
				"up": {"uv": [6.5, 7.75, 6.25, 7.5], "texture": "#2"},
				"down": {"uv": [6.75, 7.5, 6.5, 7.75], "texture": "#2"}
			}
		},
		{
			"from": [13.49477, 12.00104, 7.5],
			"to": [14.49477, 14.00104, 8.5],
			"rotation": {"angle": 0, "axis": "y", "origin": [12.99477, 14.50104, 8]},
			"faces": {
				"north": {"uv": [7.25, 0.5, 7.5, 1], "texture": "#2"},
				"east": {"uv": [7.25, 1, 7.5, 1.5], "texture": "#2"},
				"south": {"uv": [7.25, 1.5, 7.5, 2], "texture": "#2"},
				"west": {"uv": [7.25, 3.25, 7.5, 3.75], "texture": "#2"},
				"up": {"uv": [7.75, 6.75, 7.5, 6.5], "texture": "#2"},
				"down": {"uv": [7.75, 6.75, 7.5, 7], "texture": "#2"}
			}
		},
		{
			"from": [1.50523, 12.00104, 7.5],
			"to": [2.50523, 14.00104, 8.5],
			"rotation": {"angle": 0, "axis": "y", "origin": [3.00523, 14.50104, 8]},
			"faces": {
				"north": {"uv": [7.25, 3.75, 7.5, 4.25], "texture": "#2"},
				"east": {"uv": [7.25, 4.25, 7.5, 4.75], "texture": "#2"},
				"south": {"uv": [7.25, 5.75, 7.5, 6.25], "texture": "#2"},
				"west": {"uv": [7.25, 6.5, 7.5, 7], "texture": "#2"},
				"up": {"uv": [7.25, 7.75, 7, 7.5], "texture": "#2"},
				"down": {"uv": [7.75, 7, 7.5, 7.25], "texture": "#2"}
			}
		},
		{
			"from": [3.41944, 7.37972, 7.5],
			"to": [4.41944, 12.37972, 8.5],
			"rotation": {"angle": 45, "axis": "z", "origin": [2.91944, 9.87972, 8]},
			"faces": {
				"north": {"uv": [3.25, 7, 3.5, 8.25], "texture": "#2"},
				"east": {"uv": [3.5, 7, 3.75, 8.25], "texture": "#2"},
				"south": {"uv": [3.75, 7, 4, 8.25], "texture": "#2"},
				"west": {"uv": [4, 7, 4.25, 8.25], "texture": "#2"},
				"up": {"uv": [7.5, 7.75, 7.25, 7.5], "texture": "#2"},
				"down": {"uv": [7.75, 7.25, 7.5, 7.5], "texture": "#2"}
			}
		},
		{
			"from": [13.99477, 7.2584, 7.5],
			"to": [14.99477, 9.2584, 8.5],
			"rotation": {"angle": 45, "axis": "z", "origin": [13.49477, 6.7584, 8]},
			"faces": {
				"north": {"uv": [7.25, 7, 7.5, 7.5], "texture": "#2"},
				"east": {"uv": [7.5, 0, 7.75, 0.5], "texture": "#2"},
				"south": {"uv": [7.5, 0.5, 7.75, 1], "texture": "#2"},
				"west": {"uv": [7.5, 1, 7.75, 1.5], "texture": "#2"},
				"up": {"uv": [7.75, 7.75, 7.5, 7.5], "texture": "#2"},
				"down": {"uv": [0.25, 7.75, 0, 8], "texture": "#2"}
			}
		},
		{
			"from": [12.08056, 8.87972, 7.5],
			"to": [13.08056, 10.87972, 8.5],
			"rotation": {"angle": 0, "axis": "y", "origin": [13.08056, 9.87972, 8]},
			"faces": {
				"north": {"uv": [7.5, 1.5, 7.75, 2], "texture": "#2"},
				"east": {"uv": [7.5, 3.25, 7.75, 3.75], "texture": "#2"},
				"south": {"uv": [7.5, 3.75, 7.75, 4.25], "texture": "#2"},
				"west": {"uv": [7.5, 4.25, 7.75, 4.75], "texture": "#2"},
				"up": {"uv": [8, 0.25, 7.75, 0], "texture": "#2"},
				"down": {"uv": [0.5, 7.75, 0.25, 8], "texture": "#2"}
			}
		},
		{
			"from": [11.58056, 7.37972, 7.5],
			"to": [12.58056, 12.37972, 8.5],
			"rotation": {"angle": -45, "axis": "z", "origin": [13.08056, 9.87972, 8]},
			"faces": {
				"north": {"uv": [4.25, 7, 4.5, 8.25], "texture": "#2"},
				"east": {"uv": [4.5, 7, 4.75, 8.25], "texture": "#2"},
				"south": {"uv": [4.75, 7, 5, 8.25], "texture": "#2"},
				"west": {"uv": [5, 7, 5.25, 8.25], "texture": "#2"},
				"up": {"uv": [8, 0.5, 7.75, 0.25], "texture": "#2"},
				"down": {"uv": [0.75, 7.75, 0.5, 8], "texture": "#2"}
			}
		},
		{
			"from": [6.5, 4, 6.5],
			"to": [9.5, 6, 9.5],
			"rotation": {"angle": 0, "axis": "y", "origin": [-2.5, 7, 6.5]},
			"faces": {
				"north": {"uv": [4.5, 6.5, 5.25, 7], "texture": "#2"},
				"east": {"uv": [5.25, 6.5, 6, 7], "texture": "#2"},
				"south": {"uv": [6, 6.5, 6.75, 7], "texture": "#2"},
				"west": {"uv": [0, 6.75, 0.75, 7.25], "texture": "#2"},
				"up": {"uv": [3.75, 7, 3, 6.25], "texture": "#2"},
				"down": {"uv": [4.5, 6.25, 3.75, 7], "texture": "#2"}
			}
		},
		{
			"from": [11.83952, 12.80533, 4],
			"to": [13.83952, 20.80533, 12],
			"rotation": {"angle": 45, "axis": "z", "origin": [15.91071, 13.88141, 8]},
			"faces": {
				"north": {"uv": [9, 11, 14, 12], "rotation": 270, "texture": "#4"},
				"east": {"uv": [5, 5, 0, 0], "rotation": 90, "texture": "#4"},
				"south": {"uv": [9, 12, 14, 13], "rotation": 90, "texture": "#4"},
				"west": {"uv": [5, 5, 0, 10], "rotation": 90, "texture": "#4"},
				"up": {"uv": [0, 13, 5, 14], "rotation": 90, "texture": "#4"},
				"down": {"uv": [11, 10, 16, 11], "rotation": 90, "texture": "#4"}
			}
		},
		{
			"from": [13.83952, 13.80533, 5],
			"to": [17.83952, 19.80533, 11],
			"rotation": {"angle": 45, "axis": "z", "origin": [15.91071, 13.88141, 8]},
			"faces": {
				"north": {"uv": [0, 10, 3, 12], "rotation": 270, "texture": "#4"},
				"east": {"uv": [8, 11, 5, 8], "rotation": 90, "texture": "#4"},
				"south": {"uv": [6, 11, 9, 13], "rotation": 90, "texture": "#4"},
				"west": {"uv": [11, 8, 8, 11], "rotation": 90, "texture": "#4"},
				"up": {"uv": [11, 8, 14, 10], "rotation": 90, "texture": "#4"},
				"down": {"uv": [3, 11, 6, 13], "rotation": 90, "texture": "#4"}
			}
		},
		{
			"from": [13.13383, 14.66115, 6],
			"to": [18.13383, 18.66115, 10],
			"rotation": {"angle": 0, "axis": "z", "origin": [15.91071, 13.88141, 8]},
			"faces": {
				"north": {"uv": [13, 0, 15.5, 2], "texture": "#4"},
				"east": {"uv": [13, 6, 15, 8], "texture": "#4"},
				"south": {"uv": [13, 2, 15.5, 4], "texture": "#4"},
				"west": {"uv": [7.5, 13, 9.5, 15], "texture": "#4"},
				"up": {"uv": [15.5, 6, 13, 4], "texture": "#4"},
				"down": {"uv": [7.5, 13, 5, 15], "texture": "#4"}
			}
		},
		{
			"from": [17.79374, 12.44656, 7],
			"to": [19.79374, 17.44656, 9],
			"rotation": {"angle": 22.5, "axis": "z", "origin": [15.91071, 13.88141, 8]},
			"faces": {
				"north": {"uv": [9.5, 13, 10.5, 15.5], "texture": "#4"},
				"east": {"uv": [10.5, 13, 11.5, 15.5], "texture": "#4"},
				"south": {"uv": [11.5, 13, 12.5, 15.5], "texture": "#4"},
				"west": {"uv": [12.5, 13, 13.5, 15.5], "texture": "#4"},
				"up": {"uv": [4, 11, 3, 10], "texture": "#4"},
				"down": {"uv": [5, 10, 4, 11], "texture": "#4"}
			}
		},
		{
			"from": [16.20281, 9.45749, 6.5],
			"to": [19.20281, 12.45749, 9.5],
			"rotation": {"angle": 45, "axis": "z", "origin": [15.91071, 13.88141, 8]},
			"faces": {
				"north": {"uv": [13.5, 13, 15, 14.5], "rotation": 270, "texture": "#4"},
				"east": {"uv": [15.5, 9.5, 14, 8], "rotation": 90, "texture": "#4"},
				"south": {"uv": [1.5, 14, 3, 15.5], "rotation": 90, "texture": "#4"},
				"west": {"uv": [15.5, 11, 14, 12.5], "rotation": 90, "texture": "#4"},
				"up": {"uv": [3, 14, 4.5, 15.5], "rotation": 90, "texture": "#4"},
				"down": {"uv": [0, 14, 1.5, 15.5], "rotation": 90, "texture": "#4"}
			}
		}
	],
	"display": {
		"thirdperson_righthand": {
			"rotation": [50, 0, 0],
			"translation": [0, -0.5, 1],
			"scale": [0.7, 0.7, 0.7]
		},
		"thirdperson_lefthand": {
			"rotation": [50, 0, 0],
			"translation": [0, -0.5, 1],
			"scale": [0.7, 0.7, 0.7]
		},
		"firstperson_righthand": {
			"rotation": [0, 140, 0],
			"translation": [0, 2, 0],
			"scale": [0.4, 0.4, 0.4]
		},
		"firstperson_lefthand": {
			"rotation": [0, 140, 0],
			"translation": [0, 2, 0],
			"scale": [0.4, 0.4, 0.4]
		},
		"ground": {
			"translation": [0, 4, 0],
			"scale": [0.8, 0.8, 0.8]
		},
		"gui": {
			"rotation": [30, 225, 0],
			"scale": [0.625, 0.625, 0.625]
		},
		"head": {
			"translation": [0, 14, 0]
		},
		"fixed": {
			"rotation": [-90, 0, 0],
			"translation": [0, 0, -16],
			"scale": [2, 2, 2]
		}
	},
	"groups": [
		{
			"name": "trophy",
			"origin": [8, 5, 8],
			"color": 0,
			"children": [0, 1, 2, 3, 4, 5, 6, 7, 8, 9, 10, 11, 12, 13, 14, 15, 16, 17, 18, 19, 20]
		},
		{
			"name": "group",
			"origin": [15, 23.5, 8],
			"color": 0,
			"children": [21, 22, 23, 24, 25]
		}
	]
}