{
	"credit": "Made with Blockbench",
	"texture_size": [32, 32],
	"textures": {
		"2": "item/custom/models/sleepy_hat",
		"particle": "item/custom/models/sleepy_hat"
	},
	"elements": [
		{
			"from": [3, 7, 3],
			"to": [13, 9, 13],
			"rotation": {"angle": 0, "axis": "y", "origin": [7, 0, 7]},
			"faces": {
				"north": {"uv": [0, 10, 5, 11], "texture": "#2"},
				"east": {"uv": [0, 11, 5, 12], "texture": "#2"},
				"south": {"uv": [5, 11, 10, 12], "texture": "#2"},
				"west": {"uv": [11, 8, 16, 9], "texture": "#2"},
				"up": {"uv": [5, 5, 0, 0], "texture": "#2"},
				"down": {"uv": [5, 5, 0, 10], "texture": "#2"}
			}
		},
		{
			"from": [4, 9, 4],
			"to": [12, 11, 12],
			"rotation": {"angle": 0, "axis": "y", "origin": [7, 0, 7]},
			"faces": {
				"north": {"uv": [12, 2, 16, 3], "texture": "#2"},
				"east": {"uv": [12, 2, 16, 3], "texture": "#2"},
				"south": {"uv": [12, 2, 16, 3], "texture": "#2"},
				"west": {"uv": [12, 2, 16, 3], "texture": "#2"},
				"up": {"uv": [9, 4, 5, 0], "texture": "#2"},
				"down": {"uv": [9, 4, 5, 8], "texture": "#2"}
			}
		},
		{
			"from": [5.23044, 8.75, 5],
			"to": [11.23044, 12.75, 11],
			"rotation": {"angle": -22.5, "axis": "z", "origin": [10.23044, 11, 10]},
			"faces": {
				"north": {"uv": [9, 0, 12, 2], "texture": "#2"},
				"east": {"uv": [9, 2, 12, 4], "texture": "#2"},
				"south": {"uv": [9, 4, 12, 6], "texture": "#2"},
				"west": {"uv": [9, 6, 12, 8], "texture": "#2"},
				"up": {"uv": [8, 11, 5, 8], "texture": "#2"},
				"down": {"uv": [11, 8, 8, 11], "texture": "#2"}
			}
		},
		{
			"from": [7.98044, 11, 6],
			"to": [12.98044, 15, 10],
			"rotation": {"angle": 22.5, "axis": "z", "origin": [10.23044, 11, 10]},
			"faces": {
				"north": {"uv": [11, 9, 13.5, 11], "texture": "#2"},
				"east": {"uv": [2.5, 12, 4.5, 14], "texture": "#2"},
				"south": {"uv": [10, 11, 12.5, 13], "texture": "#2"},
				"west": {"uv": [12, 3, 14, 5], "texture": "#2"},
				"up": {"uv": [2.5, 14, 0, 12], "texture": "#2"},
				"down": {"uv": [14.5, 0, 12, 2], "texture": "#2"}
			}
		},
		{
			"from": [7.7603, 6.82112, 7],
			"to": [9.7603, 11.82112, 9],
			"rotation": {"angle": 45, "axis": "z", "origin": [5.7603, 15.57112, 10]},
			"faces": {
				"north": {"uv": [4.5, 12, 5.5, 14.5], "texture": "#2"},
				"east": {"uv": [12, 5, 13, 7.5], "texture": "#2"},
				"south": {"uv": [5.5, 12, 6.5, 14.5], "texture": "#2"},
				"west": {"uv": [6.5, 12, 7.5, 14.5], "texture": "#2"},
				"up": {"uv": [10, 13, 9, 12], "texture": "#2"},
				"down": {"uv": [11.5, 13, 10.5, 14], "texture": "#2"}
			}
		},
		{
			"from": [12.75, 9.25, 6.5],
			"to": [15.75, 12.25, 9.5],
			"rotation": {"angle": -22.5, "axis": "z", "origin": [15, 10.5, 8]},
			"faces": {
				"north": {"uv": [7.5, 12, 9, 13.5], "texture": "#2"},
				"east": {"uv": [12.5, 11, 14, 12.5], "texture": "#2"},
				"south": {"uv": [12.5, 12.5, 14, 14], "texture": "#2"},
				"west": {"uv": [13, 5, 14.5, 6.5], "texture": "#2"},
				"up": {"uv": [14.5, 8, 13, 6.5], "texture": "#2"},
				"down": {"uv": [10.5, 13, 9, 14.5], "texture": "#2"}
			}
		}
	],
	"gui_light": "front",
	"display": {
		"thirdperson_righthand": {
			"translation": [0, 0, -3],
			"scale": [0.65, 0.65, 0.65]
		},
		"thirdperson_lefthand": {
			"translation": [0, 0, -3],
			"scale": [0.65, 0.65, 0.65]
		},
		"firstperson_righthand": {
			"rotation": [0, 45, 0],
			"scale": [0.4, 0.4, 0.4]
		},
		"firstperson_lefthand": {
			"rotation": [0, 45, 0],
			"scale": [0.4, 0.4, 0.4]
		},
		"ground": {
			"scale": [0.65, 0.65, 0.65]
		},
		"gui": {
			"rotation": [30, -135, 0],
			"translation": [0, -2.5, 0]
		},
		"head": {
			"translation": [0, 5.75, 0],
			"scale": [1.6, 1.6, 1.6]
		},
		"fixed": {
			"translation": [0, -4.25, 0]
		}
	},
	"groups": [
		0,
		1,
		2,
		3,
		4,
		5,
		{
			"name": "group",
			"origin": [10.21447, 6.94975, 7.5],
			"color": 0,
			"children": []
		}
	]
}