{
	"credit": "Made with Blockbench",
	"texture_size": [32, 32],
	"textures": {
		"4": "item/custom/models/chud"
	},
	"elements": [
		{
			"from": [0, 0, 0],
			"to": [16, 16, 0],
			"faces": {
				"north": {"uv": [0, 0, 8, 8], "texture": "#4"},
				"east": {"uv": [0, 0, 0, 8], "texture": "#4"},
				"south": {"uv": [0, 8, 8, 16], "texture": "#4"},
				"west": {"uv": [0, 0, 0, 8], "texture": "#4"},
				"up": {"uv": [8, 0, 0, 0], "texture": "#4"},
				"down": {"uv": [8, 0, 0, 0], "texture": "#4"}
			}
		},
		{
			"from": [0, 7, 0],
			"to": [0, 10, 16],
			"faces": {
				"north": {"uv": [0, 0, 0, 1.5], "texture": "#4"},
				"east": {"uv": [8, 0, 16, 1.5], "texture": "#4"},
				"south": {"uv": [0, 0, 0, 1.5], "texture": "#4"},
				"west": {"uv": [8, 1.5, 16, 3], "texture": "#4"},
				"up": {"uv": [0, 8, 0, 0], "texture": "#4"},
				"down": {"uv": [0, 0, 0, 8], "texture": "#4"}
			}
		},
		{
			"from": [16, 7, 0],
			"to": [16, 10, 16],
			"faces": {
				"north": {"uv": [0, 0, 0, 1.5], "texture": "#4"},
				"east": {"uv": [8, 3, 16, 4.5], "texture": "#4"},
				"south": {"uv": [0, 0, 0, 1.5], "texture": "#4"},
				"west": {"uv": [8, 4.5, 16, 6], "texture": "#4"},
				"up": {"uv": [0, 8, 0, 0], "texture": "#4"},
				"down": {"uv": [0, 0, 0, 8], "texture": "#4"}
			}
		},
		{
			"from": [0, 7, 16],
			"to": [16, 10, 16],
			"faces": {
				"north": {"uv": [8, 6, 16, 7.5], "texture": "#4"},
				"east": {"uv": [0, 0, 0, 1.5], "texture": "#4"},
				"south": {"uv": [8, 7.5, 16, 9], "texture": "#4"},
				"west": {"uv": [0, 0, 0, 1.5], "texture": "#4"},
				"up": {"uv": [8, 0, 0, 0], "texture": "#4"},
				"down": {"uv": [8, 0, 0, 0], "texture": "#4"}
			}
		}
	],
	"gui_light": "front",
	"display": {
		"thirdperson_righthand": {
			"rotation": [75, 45, 0],
			"translation": [0, 2.5, 0],
			"scale": [0.375, 0.375, 0.375]
		},
		"thirdperson_lefthand": {
			"rotation": [75, 45, 0],
			"translation": [0, 2.5, 0],
			"scale": [0.375, 0.375, 0.375]
		},
		"firstperson_righthand": {
			"rotation": [0, 45, 0],
			"scale": [0.4, 0.4, 0.4]
		},
		"firstperson_lefthand": {
			"rotation": [0, 225, 0],
			"scale": [0.4, 0.4, 0.4]
		},
		"ground": {
			"translation": [0, 3, 0],
			"scale": [0.25, 0.25, 0.25]
		},
		"gui": {
			"rotation": [30, 225, 0],
			"scale": [0.625, 0.625, 0.625]
		},
		"head": {
			"translation": [0, 0.25, 0]
		}
	}
}