{
	"credit": "Made with Blockbench",
	"texture_size": [64, 64],
	"textures": {
		"6": "item/custom/models/cow_skull"
	},
	"elements": [
		{
			"from": [6, 1, 5.625],
			"to": [10, 4.5, 9.625],
			"rotation": {"angle": 0, "axis": "y", "origin": [7.5, -2, 7.125]},
			"faces": {
				"north": {"uv": [2, 0, 4, 1.75], "texture": "#6"},
				"east": {"uv": [2, 1.75, 4, 3.5], "texture": "#6"},
				"south": {"uv": [2, 3.5, 4, 5.25], "texture": "#6"},
				"west": {"uv": [0, 4, 2, 5.75], "texture": "#6"},
				"up": {"uv": [2, 2, 0, 0], "texture": "#6"},
				"down": {"uv": [2, 2, 0, 4], "texture": "#6"}
			}
		},
		{
			"from": [6.5, 1, 3.125],
			"to": [9.5, 3.5, 5.625],
			"rotation": {"angle": 0, "axis": "y", "origin": [7.5, 0, 4.125]},
			"faces": {
				"north": {"uv": [4, 0, 5.5, 1.25], "texture": "#6"},
				"east": {"uv": [4, 5, 5.25, 6.25], "texture": "#6"},
				"south": {"uv": [4, 1.25, 5.5, 2.5], "texture": "#6"},
				"west": {"uv": [2, 5.25, 3.25, 6.5], "texture": "#6"},
				"up": {"uv": [5.5, 3.75, 4, 2.5], "texture": "#6"},
				"down": {"uv": [5.5, 3.75, 4, 5], "texture": "#6"}
			}
		},
		{
			"from": [7, 1, 1.125],
			"to": [9, 3, 3.125],
			"rotation": {"angle": 0, "axis": "y", "origin": [7.5, 0, 1.625]},
			"faces": {
				"north": {"uv": [5.25, 5, 6.25, 6], "texture": "#6"},
				"east": {"uv": [5.5, 0, 6.5, 1], "texture": "#6"},
				"south": {"uv": [5.5, 1, 6.5, 2], "texture": "#6"},
				"west": {"uv": [5.5, 2, 6.5, 3], "texture": "#6"},
				"up": {"uv": [6.5, 4, 5.5, 3], "texture": "#6"},
				"down": {"uv": [6.5, 4, 5.5, 5], "texture": "#6"}
			}
		},
		{
			"from": [5.11176, 3.17975, 8.5],
			"to": [6.61176, 4.67974, 10],
			"rotation": {"angle": 22.5, "axis": "y", "origin": [5.35064, 5.12421, 9.25]},
			"faces": {
				"north": {"uv": [0.75, 7, 1.5, 7.75], "texture": "#6"},
				"east": {"uv": [7, 4.5, 7.75, 5.25], "texture": "#6"},
				"south": {"uv": [7.25, 0, 8, 0.75], "texture": "#6"},
				"west": {"uv": [7.25, 0.75, 8, 1.5], "texture": "#6"},
				"up": {"uv": [2.25, 8, 1.5, 7.25], "texture": "#6"},
				"down": {"uv": [8, 1.5, 7.25, 2.25], "texture": "#6"}
			}
		},
		{
			"from": [4.6579, 3.42975, 9.77563],
			"to": [6.15791, 4.92974, 11.27563],
			"rotation": {"angle": 45, "axis": "y", "origin": [4.39679, 5.12421, 10.52563]},
			"faces": {
				"north": {"uv": [2.75, 6.5, 3.5, 7.25], "texture": "#6"},
				"east": {"uv": [6.5, 3, 7.25, 3.75], "texture": "#6"},
				"south": {"uv": [6.5, 3.75, 7.25, 4.5], "texture": "#6"},
				"west": {"uv": [6.5, 5.75, 7.25, 6.5], "texture": "#6"},
				"up": {"uv": [7.25, 7.25, 6.5, 6.5], "texture": "#6"},
				"down": {"uv": [0.75, 7, 0, 7.75], "texture": "#6"}
			}
		},
		{
			"from": [4.0511, 4.08889, 9.60219],
			"to": [5.5511, 5.58889, 11.10219],
			"rotation": {"angle": -22.5, "axis": "x", "origin": [4.8011, 5.78336, 11.3633]},
			"faces": {
				"north": {"uv": [6.25, 5, 7, 5.75], "texture": "#6"},
				"east": {"uv": [6.5, 0, 7.25, 0.75], "texture": "#6"},
				"south": {"uv": [6.5, 0.75, 7.25, 1.5], "texture": "#6"},
				"west": {"uv": [6.5, 1.5, 7.25, 2.25], "texture": "#6"},
				"up": {"uv": [2.75, 7.25, 2, 6.5], "texture": "#6"},
				"down": {"uv": [7.25, 2.25, 6.5, 3], "texture": "#6"}
			}
		},
		{
			"from": [4.3011, 4.40056, 11.12683],
			"to": [5.3011, 6.90056, 12.37683],
			"rotation": {"angle": 22.5, "axis": "x", "origin": [4.8011, 5.78336, 11.3633]},
			"faces": {
				"north": {"uv": [1.5, 5.75, 2, 7], "texture": "#6"},
				"east": {"uv": [3.25, 5.25, 4, 6.5], "texture": "#6"},
				"south": {"uv": [6, 6, 6.5, 7.25], "texture": "#6"},
				"west": {"uv": [0, 5.75, 0.75, 7], "texture": "#6"},
				"up": {"uv": [4, 7.25, 3.5, 6.5], "texture": "#6"},
				"down": {"uv": [5, 7.5, 4.5, 8.25], "texture": "#6"}
			}
		},
		{
			"from": [4.6761, 6.38854, 11.79199],
			"to": [5.1761, 7.88854, 12.54199],
			"rotation": {"angle": 0, "axis": "y", "origin": [4.9261, 5.78336, 11.3633]},
			"faces": {
				"north": {"uv": [5, 6.25, 5.25, 7], "texture": "#6"},
				"east": {"uv": [1.5, 8, 2, 8.75], "texture": "#6"},
				"south": {"uv": [8, 3, 8.25, 3.75], "texture": "#6"},
				"west": {"uv": [8, 1.5, 8.5, 2.25], "texture": "#6"},
				"up": {"uv": [6.75, 5, 6.5, 4.5], "texture": "#6"},
				"down": {"uv": [7, 4.5, 6.75, 5], "texture": "#6"}
			}
		},
		{
			"from": [9.38824, 3.17975, 8.5],
			"to": [10.88824, 4.67974, 10],
			"rotation": {"angle": -22.5, "axis": "y", "origin": [10.64936, 5.12421, 9.25]},
			"faces": {
				"north": {"uv": [7.25, 7.5, 8, 8.25], "texture": "#6"},
				"east": {"uv": [0, 7.75, 0.75, 8.5], "texture": "#6"},
				"south": {"uv": [0.75, 7.75, 1.5, 8.5], "texture": "#6"},
				"west": {"uv": [7.75, 4.5, 8.5, 5.25], "texture": "#6"},
				"up": {"uv": [8.75, 0.75, 8, 0], "texture": "#6"},
				"down": {"uv": [8.75, 0.75, 8, 1.5], "texture": "#6"}
			}
		},
		{
			"from": [9.8421, 3.42975, 9.77563],
			"to": [11.3421, 4.92974, 11.27563],
			"rotation": {"angle": -45, "axis": "y", "origin": [11.60321, 5.12421, 10.52563]},
			"faces": {
				"north": {"uv": [7.25, 5.25, 8, 6], "texture": "#6"},
				"east": {"uv": [5.75, 7.25, 6.5, 8], "texture": "#6"},
				"south": {"uv": [7.25, 6, 8, 6.75], "texture": "#6"},
				"west": {"uv": [6.5, 7.25, 7.25, 8], "texture": "#6"},
				"up": {"uv": [8, 7.5, 7.25, 6.75], "texture": "#6"},
				"down": {"uv": [4.5, 7.5, 3.75, 8.25], "texture": "#6"}
			}
		},
		{
			"from": [10.4489, 4.08889, 9.60219],
			"to": [11.9489, 5.58889, 11.10219],
			"rotation": {"angle": -22.5, "axis": "x", "origin": [11.1989, 5.78336, 11.3633]},
			"faces": {
				"north": {"uv": [2.25, 7.25, 3, 8], "texture": "#6"},
				"east": {"uv": [7.25, 2.25, 8, 3], "texture": "#6"},
				"south": {"uv": [3, 7.25, 3.75, 8], "texture": "#6"},
				"west": {"uv": [7.25, 3, 8, 3.75], "texture": "#6"},
				"up": {"uv": [8, 4.5, 7.25, 3.75], "texture": "#6"},
				"down": {"uv": [5.75, 7.25, 5, 8], "texture": "#6"}
			}
		},
		{
			"from": [10.6989, 4.40056, 11.12683],
			"to": [11.6989, 6.90056, 12.37683],
			"rotation": {"angle": 22.5, "axis": "x", "origin": [11.1989, 5.78336, 11.3633]},
			"faces": {
				"north": {"uv": [4, 6.25, 4.5, 7.5], "texture": "#6"},
				"east": {"uv": [0.75, 5.75, 1.5, 7], "texture": "#6"},
				"south": {"uv": [4.5, 6.25, 5, 7.5], "texture": "#6"},
				"west": {"uv": [5.25, 6, 6, 7.25], "texture": "#6"},
				"up": {"uv": [3, 8.75, 2.5, 8], "texture": "#6"},
				"down": {"uv": [3.5, 8, 3, 8.75], "texture": "#6"}
			}
		},
		{
			"from": [10.8239, 6.38854, 11.79199],
			"to": [11.3239, 7.88854, 12.54199],
			"rotation": {"angle": 0, "axis": "y", "origin": [11.0739, 5.78336, 11.3633]},
			"faces": {
				"north": {"uv": [3.5, 8, 3.75, 8.75], "texture": "#6"},
				"east": {"uv": [2, 8, 2.5, 8.75], "texture": "#6"},
				"south": {"uv": [8, 3.75, 8.25, 4.5], "texture": "#6"},
				"west": {"uv": [8, 2.25, 8.5, 3], "texture": "#6"},
				"up": {"uv": [7.25, 5.75, 7, 5.25], "texture": "#6"},
				"down": {"uv": [5.25, 8, 5, 8.5], "texture": "#6"}
			}
		}
	],
	"display": {
		"thirdperson_righthand": {
			"rotation": [75, 45, 0],
			"translation": [0, 0, 1.5],
			"scale": [0.565, 0.565, 0.565]
		},
		"thirdperson_lefthand": {
			"rotation": [75, 45, 0],
			"translation": [0, 0, 1.5],
			"scale": [0.565, 0.565, 0.565]
		},
		"firstperson_righthand": {
			"rotation": [0, 45, 0],
			"translation": [0, 1, 0],
			"scale": [0.4, 0.4, 0.4]
		},
		"firstperson_lefthand": {
			"rotation": [0, 45, 0],
			"translation": [0, 1, 0],
			"scale": [0.4, 0.4, 0.4]
		},
		"ground": {
			"translation": [0, 2, 0],
			"scale": [0.49, 0.49, 0.49]
		},
		"gui": {
			"rotation": [30, 225, 0],
			"scale": [0.63, 0.63, 0.63]
		},
		"head": {
			"translation": [0, 5.25, 1.5],
			"scale": [2, 2, 2]
		},
		"fixed": {
			"rotation": [-90, 0, 0],
			"translation": [0, 2, -17.5],
			"scale": [2.5, 2.5, 2.5]
		}
	},
	"groups": [
		0,
		1,
		2,
		{
			"name": "group",
			"origin": [14.1478, 11.81672, 16.7266],
			"color": 0,
			"children": [3, 4, 5, 6, 7, 8, 9, 10, 11, 12]
		}
	]
}