{
	"credit": "Made with Blockbench",
	"texture_size": [64, 64],
	"textures": {
		"6": "item/custom/models/cow_skull"
	},
	"elements": [
		{
			"from": [4, 2, 3.25],
			"to": [12, 9, 11.25],
			"rotation": {"angle": 0, "axis": "y", "origin": [7, -4, 6.25]},
			"faces": {
				"north": {"uv": [2, 0, 4, 1.75], "texture": "#6"},
				"east": {"uv": [2, 1.75, 4, 3.5], "texture": "#6"},
				"south": {"uv": [2, 3.5, 4, 5.25], "texture": "#6"},
				"west": {"uv": [0, 4, 2, 5.75], "texture": "#6"},
				"up": {"uv": [2, 2, 0, 0], "texture": "#6"},
				"down": {"uv": [2, 2, 0, 4], "texture": "#6"}
			}
		},
		{
			"from": [5, 2, -1.75],
			"to": [11, 7, 3.25],
			"rotation": {"angle": 0, "axis": "y", "origin": [7, 0, 0.25]},
			"faces": {
				"north": {"uv": [4, 0, 5.5, 1.25], "texture": "#6"},
				"east": {"uv": [4, 5, 5.25, 6.25], "texture": "#6"},
				"south": {"uv": [4, 1.25, 5.5, 2.5], "texture": "#6"},
				"west": {"uv": [2, 5.25, 3.25, 6.5], "texture": "#6"},
				"up": {"uv": [5.5, 3.75, 4, 2.5], "texture": "#6"},
				"down": {"uv": [5.5, 3.75, 4, 5], "texture": "#6"}
			}
		},
		{
			"from": [6, 2, -5.75],
			"to": [10, 6, -1.75],
			"rotation": {"angle": 0, "axis": "y", "origin": [7, 0, -4.75]},
			"faces": {
				"north": {"uv": [5.25, 5, 6.25, 6], "texture": "#6"},
				"east": {"uv": [5.5, 0, 6.5, 1], "texture": "#6"},
				"south": {"uv": [5.5, 1, 6.5, 2], "texture": "#6"},
				"west": {"uv": [5.5, 2, 6.5, 3], "texture": "#6"},
				"up": {"uv": [6.5, 4, 5.5, 3], "texture": "#6"},
				"down": {"uv": [6.5, 4, 5.5, 5], "texture": "#6"}
			}
		},
		{
			"from": [2.22352, 6.35949, 9],
			"to": [5.22352, 9.35949, 12],
			"rotation": {"angle": 22.5, "axis": "y", "origin": [2.70128, 10.24842, 10.5]},
			"faces": {
				"north": {"uv": [0.75, 7, 1.5, 7.75], "texture": "#6"},
				"east": {"uv": [7, 4.5, 7.75, 5.25], "texture": "#6"},
				"south": {"uv": [7.25, 0, 8, 0.75], "texture": "#6"},
				"west": {"uv": [7.25, 0.75, 8, 1.5], "texture": "#6"},
				"up": {"uv": [2.25, 8, 1.5, 7.25], "texture": "#6"},
				"down": {"uv": [8, 1.5, 7.25, 2.25], "texture": "#6"}
			}
		},
		{
			"from": [1.31581, 6.85949, 11.55125],
			"to": [4.31581, 9.85949, 14.55125],
			"rotation": {"angle": 45, "axis": "y", "origin": [0.79358, 10.24842, 13.05125]},
			"faces": {
				"north": {"uv": [2.75, 6.5, 3.5, 7.25], "texture": "#6"},
				"east": {"uv": [6.5, 3, 7.25, 3.75], "texture": "#6"},
				"south": {"uv": [6.5, 3.75, 7.25, 4.5], "texture": "#6"},
				"west": {"uv": [6.5, 5.75, 7.25, 6.5], "texture": "#6"},
				"up": {"uv": [7.25, 7.25, 6.5, 6.5], "texture": "#6"},
				"down": {"uv": [0.75, 7, 0, 7.75], "texture": "#6"}
			}
		},
		{
			"from": [0.1022, 8.17778, 11.20437],
			"to": [3.1022, 11.17778, 14.20437],
			"rotation": {"angle": -22.5, "axis": "x", "origin": [1.6022, 11.56672, 14.7266]},
			"faces": {
				"north": {"uv": [6.25, 5, 7, 5.75], "texture": "#6"},
				"east": {"uv": [6.5, 0, 7.25, 0.75], "texture": "#6"},
				"south": {"uv": [6.5, 0.75, 7.25, 1.5], "texture": "#6"},
				"west": {"uv": [6.5, 1.5, 7.25, 2.25], "texture": "#6"},
				"up": {"uv": [2.75, 7.25, 2, 6.5], "texture": "#6"},
				"down": {"uv": [7.25, 2.25, 6.5, 3], "texture": "#6"}
			}
		},
		{
			"from": [0.6022, 8.80111, 14.25366],
			"to": [2.6022, 13.80111, 16.75366],
			"rotation": {"angle": 22.5, "axis": "x", "origin": [1.6022, 11.56672, 14.7266]},
			"faces": {
				"north": {"uv": [1.5, 5.75, 2, 7], "texture": "#6"},
				"east": {"uv": [3.25, 5.25, 4, 6.5], "texture": "#6"},
				"south": {"uv": [6, 6, 6.5, 7.25], "texture": "#6"},
				"west": {"uv": [0, 5.75, 0.75, 7], "texture": "#6"},
				"up": {"uv": [4, 7.25, 3.5, 6.5], "texture": "#6"},
				"down": {"uv": [5, 7.5, 4.5, 8.25], "texture": "#6"}
			}
		},
		{
			"from": [1.3522, 12.77708, 15.58397],
			"to": [2.3522, 15.77708, 17.08397],
			"rotation": {"angle": 0, "axis": "y", "origin": [1.8522, 11.56672, 14.7266]},
			"faces": {
				"north": {"uv": [5, 6.25, 5.25, 7], "texture": "#6"},
				"east": {"uv": [1.5, 8, 2, 8.75], "texture": "#6"},
				"south": {"uv": [8, 3, 8.25, 3.75], "texture": "#6"},
				"west": {"uv": [8, 1.5, 8.5, 2.25], "texture": "#6"},
				"up": {"uv": [6.75, 5, 6.5, 4.5], "texture": "#6"},
				"down": {"uv": [7, 4.5, 6.75, 5], "texture": "#6"}
			}
		},
		{
			"from": [10.77648, 6.35949, 9],
			"to": [13.77648, 9.35949, 12],
			"rotation": {"angle": -22.5, "axis": "y", "origin": [13.29872, 10.24842, 10.5]},
			"faces": {
				"north": {"uv": [7.25, 7.5, 8, 8.25], "texture": "#6"},
				"east": {"uv": [0, 7.75, 0.75, 8.5], "texture": "#6"},
				"south": {"uv": [0.75, 7.75, 1.5, 8.5], "texture": "#6"},
				"west": {"uv": [7.75, 4.5, 8.5, 5.25], "texture": "#6"},
				"up": {"uv": [8.75, 0.75, 8, 0], "texture": "#6"},
				"down": {"uv": [8.75, 0.75, 8, 1.5], "texture": "#6"}
			}
		},
		{
			"from": [11.68419, 6.85949, 11.55125],
			"to": [14.68419, 9.85949, 14.55125],
			"rotation": {"angle": -45, "axis": "y", "origin": [15.20642, 10.24842, 13.05125]},
			"faces": {
				"north": {"uv": [7.25, 5.25, 8, 6], "texture": "#6"},
				"east": {"uv": [5.75, 7.25, 6.5, 8], "texture": "#6"},
				"south": {"uv": [7.25, 6, 8, 6.75], "texture": "#6"},
				"west": {"uv": [6.5, 7.25, 7.25, 8], "texture": "#6"},
				"up": {"uv": [8, 7.5, 7.25, 6.75], "texture": "#6"},
				"down": {"uv": [4.5, 7.5, 3.75, 8.25], "texture": "#6"}
			}
		},
		{
			"from": [12.8978, 8.17778, 11.20437],
			"to": [15.8978, 11.17778, 14.20437],
			"rotation": {"angle": -22.5, "axis": "x", "origin": [14.3978, 11.56672, 14.7266]},
			"faces": {
				"north": {"uv": [2.25, 7.25, 3, 8], "texture": "#6"},
				"east": {"uv": [7.25, 2.25, 8, 3], "texture": "#6"},
				"south": {"uv": [3, 7.25, 3.75, 8], "texture": "#6"},
				"west": {"uv": [7.25, 3, 8, 3.75], "texture": "#6"},
				"up": {"uv": [8, 4.5, 7.25, 3.75], "texture": "#6"},
				"down": {"uv": [5.75, 7.25, 5, 8], "texture": "#6"}
			}
		},
		{
			"from": [13.3978, 8.80111, 14.25366],
			"to": [15.3978, 13.80111, 16.75366],
			"rotation": {"angle": 22.5, "axis": "x", "origin": [14.3978, 11.56672, 14.7266]},
			"faces": {
				"north": {"uv": [4, 6.25, 4.5, 7.5], "texture": "#6"},
				"east": {"uv": [0.75, 5.75, 1.5, 7], "texture": "#6"},
				"south": {"uv": [4.5, 6.25, 5, 7.5], "texture": "#6"},
				"west": {"uv": [5.25, 6, 6, 7.25], "texture": "#6"},
				"up": {"uv": [3, 8.75, 2.5, 8], "texture": "#6"},
				"down": {"uv": [3.5, 8, 3, 8.75], "texture": "#6"}
			}
		},
		{
			"from": [13.6478, 12.77708, 15.58397],
			"to": [14.6478, 15.77708, 17.08397],
			"rotation": {"angle": 0, "axis": "y", "origin": [14.1478, 11.56672, 14.7266]},
			"faces": {
				"north": {"uv": [3.5, 8, 3.75, 8.75], "texture": "#6"},
				"east": {"uv": [2, 8, 2.5, 8.75], "texture": "#6"},
				"south": {"uv": [8, 3.75, 8.25, 4.5], "texture": "#6"},
				"west": {"uv": [8, 2.25, 8.5, 3], "texture": "#6"},
				"up": {"uv": [7.25, 5.75, 7, 5.25], "texture": "#6"},
				"down": {"uv": [5.25, 8, 5, 8.5], "texture": "#6"}
			}
		}
	],
	"display": {
		"thirdperson_righthand": {
			"rotation": [75, 45, 0],
			"scale": [0.565, 0.565, 0.565]
		},
		"thirdperson_lefthand": {
			"rotation": [75, 45, 0],
			"scale": [0.565, 0.565, 0.565]
		},
		"firstperson_righthand": {
			"rotation": [0, 45, 0],
			"translation": [0, 1, 0],
			"scale": [0.4, 0.4, 0.4]
		},
		"firstperson_lefthand": {
			"rotation": [0, 45, 0],
			"translation": [0, 1, 0],
			"scale": [0.4, 0.4, 0.4]
		},
		"ground": {
			"translation": [0, 2, 0],
			"scale": [0.49, 0.49, 0.49]
		},
		"gui": {
			"rotation": [30, 225, 0],
			"scale": [0.63, 0.63, 0.63]
		},
		"head": {
			"translation": [0, 5.25, 1.5],
			"scale": [2, 2, 2]
		},
		"fixed": {
			"rotation": [-90, 0, 0],
			"translation": [0, 3.25, -8],
			"scale": [1.35, 1.35, 1.35]
		}
	},
	"groups": [
		0,
		1,
		2,
		{
			"name": "group",
			"origin": [14.1478, 11.81672, 16.7266],
			"color": 0,
			"children": [3, 4, 5, 6, 7, 8, 9, 10, 11, 12]
		}
	]
}