{
	"credit": "Made with Blockbench",
	"texture_size": [64, 64],
	"textures": {
		"1": "item/custom/models/cowboy_hat"
	},
	"elements": [
		{
			"from": [4, 5, 4],
			"to": [12, 10, 4],
			"rotation": {"angle": 0, "axis": "y", "origin": [7, 0, 7]},
			"faces": {
				"north": {"uv": [1, 5.5, 3, 6.75], "texture": "#1"},
				"east": {"uv": [0, 0, 0, 1.25], "texture": "#1"},
				"south": {"uv": [6, 0, 8, 1.25], "texture": "#1"},
				"west": {"uv": [0, 0, 0, 1.25], "texture": "#1"},
				"up": {"uv": [2, 0, 0, 0], "texture": "#1"},
				"down": {"uv": [2, 0, 0, 0], "texture": "#1"}
			}
		},
		{
			"from": [4, 5, 12],
			"to": [12, 10, 12],
			"rotation": {"angle": 0, "axis": "y", "origin": [7, 0, 7]},
			"faces": {
				"north": {"uv": [6, 1.25, 8, 2.5], "texture": "#1"},
				"east": {"uv": [0, 0, 0, 1.25], "texture": "#1"},
				"south": {"uv": [6, 2.5, 8, 3.75], "texture": "#1"},
				"west": {"uv": [0, 0, 0, 1.25], "texture": "#1"},
				"up": {"uv": [2, 0, 0, 0], "texture": "#1"},
				"down": {"uv": [2, 0, 0, 0], "texture": "#1"}
			}
		},
		{
			"from": [4, 10, 4],
			"to": [12, 10, 12],
			"rotation": {"angle": 0, "axis": "y", "origin": [7, 0, 7]},
			"faces": {
				"north": {"uv": [0, 0, 2, 0], "texture": "#1"},
				"east": {"uv": [0, 0, 2, 0], "texture": "#1"},
				"south": {"uv": [0, 0, 2, 0], "texture": "#1"},
				"west": {"uv": [0, 0, 2, 0], "texture": "#1"},
				"up": {"uv": [2, 5.5, 0, 3.5], "texture": "#1"},
				"down": {"uv": [4, 3.5, 2, 5.5], "texture": "#1"}
			}
		},
		{
			"from": [3, 5, 1],
			"to": [13, 5, 15],
			"rotation": {"angle": 0, "axis": "y", "origin": [7, 0, 7]},
			"faces": {
				"north": {"uv": [0, 0, 2.5, 0], "texture": "#1"},
				"east": {"uv": [0, 0, 3.5, 0], "texture": "#1"},
				"south": {"uv": [0, 0, 2.5, 0], "texture": "#1"},
				"west": {"uv": [0, 0, 3.5, 0], "texture": "#1"},
				"up": {"uv": [2.5, 3.5, 0, 0], "texture": "#1"},
				"down": {"uv": [2.5, 0, 0, 3.5], "texture": "#1"}
			}
		},
		{
			"from": [-1.00038, 5.00008, 1],
			"to": [2.99962, 5.00008, 15],
			"rotation": {"angle": -22.5, "axis": "z", "origin": [2.99962, 5.00008, 8]},
			"faces": {
				"north": {"uv": [0, 0, 1, 0], "texture": "#1"},
				"east": {"uv": [0, 0, 3.5, 0], "texture": "#1"},
				"south": {"uv": [0, 0, 1, 0], "texture": "#1"},
				"west": {"uv": [0, 0, 3.5, 0], "texture": "#1"},
				"up": {"uv": [5, 7, 4, 3.5], "texture": "#1"},
				"down": {"uv": [5, 3.5, 4, 7], "texture": "#1"}
			}
		},
		{
			"from": [13.00038, 5.00008, 1],
			"to": [17.00038, 5.00008, 15],
			"rotation": {"angle": 22.5, "axis": "z", "origin": [13.00038, 5.00008, 8]},
			"faces": {
				"north": {"uv": [0, 0, 1, 0], "texture": "#1"},
				"east": {"uv": [0, 0, 3.5, 0], "texture": "#1"},
				"south": {"uv": [0, 0, 1, 0], "texture": "#1"},
				"west": {"uv": [0, 0, 3.5, 0], "texture": "#1"},
				"up": {"uv": [6, 7, 5, 3.5], "texture": "#1"},
				"down": {"uv": [6, 3.5, 5, 7], "texture": "#1"}
			}
		},
		{
			"from": [4, 5, 4],
			"to": [4, 10, 12],
			"rotation": {"angle": 0, "axis": "y", "origin": [7, 0, 7]},
			"faces": {
				"north": {"uv": [0, 0, 0, 1.25], "texture": "#1"},
				"east": {"uv": [6, 6.25, 8, 7.5], "texture": "#1"},
				"south": {"uv": [0, 0, 0, 1.25], "texture": "#1"},
				"west": {"uv": [1, 6.75, 3, 8], "texture": "#1"},
				"up": {"uv": [0, 2, 0, 0], "texture": "#1"},
				"down": {"uv": [0, 0, 0, 2], "texture": "#1"}
			}
		},
		{
			"from": [12, 5, 4],
			"to": [12, 10, 12],
			"rotation": {"angle": 0, "axis": "y", "origin": [7, 0, 7]},
			"faces": {
				"north": {"uv": [0, 0, 0, 1.25], "texture": "#1"},
				"east": {"uv": [6, 3.75, 8, 5], "texture": "#1"},
				"south": {"uv": [0, 0, 0, 1.25], "texture": "#1"},
				"west": {"uv": [6, 5, 8, 6.25], "texture": "#1"},
				"up": {"uv": [0, 2, 0, 0], "texture": "#1"},
				"down": {"uv": [0, 0, 0, 2], "texture": "#1"}
			}
		}
	],
	"display": {
		"thirdperson_righthand": {
			"rotation": [0, 90, 0],
			"translation": [0, -0.5, -3.75],
			"scale": [0.75, 0.75, 0.75]
		},
		"thirdperson_lefthand": {
			"rotation": [0, 90, 0],
			"translation": [0, -0.5, -3.75],
			"scale": [0.75, 0.75, 0.75]
		},
		"firstperson_righthand": {
			"rotation": [0, 45, 0],
			"scale": [0.4, 0.4, 0.4]
		},
		"firstperson_lefthand": {
			"rotation": [0, 225, 0],
			"scale": [0.4, 0.4, 0.4]
		},
		"ground": {
			"translation": [0, 3, 0],
			"scale": [0.25, 0.25, 0.25]
		},
		"gui": {
			"rotation": [30, 225, 0],
			"scale": [0.625, 0.625, 0.625]
		},
		"head": {
			"translation": [0, 9.25, 0],
			"scale": [1.81, 1.81, 1.81]
		},
		"fixed": {
			"scale": [0.5, 0.5, 0.5]
		}
	}
}