{
	"credit": "Made with Blockbench",
	"texture_size": [32, 32],
	"textures": {
		"2": "item/custom/cupid_wing"
	},
	"elements": [
		{
			"from": [-6, 3, 6],
			"to": [4, 11, 6],
			"rotation": {"angle": 45, "axis": "y", "origin": [4, 5, 6]},
			"faces": {
				"north": {"uv": [5, 0, 10, 4], "texture": "#2"},
				"south": {"uv": [10, 0, 5, 4], "texture": "#2"}
			}
		},
		{
			"from": [12, 3, 6],
			"to": [22, 11, 6],
			"rotation": {"angle": -45, "axis": "y", "origin": [12, 5, 6]},
			"faces": {
				"north": {"uv": [10, 0, 5, 4], "texture": "#2"},
				"south": {"uv": [5, 0, 10, 4], "texture": "#2"}
			}
		}
	],
	"display": {
		"thirdperson_righthand": {
			"translation": [0, 2.5, 0],
			"scale": [0.375, 0.375, 0.375]
		},
		"thirdperson_lefthand": {
			"translation": [0, 2.5, 0],
			"scale": [0.375, 0.375, 0.375]
		},
		"firstperson_righthand": {
			"rotation": [0, 45, 0],
			"scale": [0.4, 0.4, 0.4]
		},
		"firstperson_lefthand": {
			"rotation": [0, 225, 0],
			"scale": [0.4, 0.4, 0.4]
		},
		"ground": {
			"translation": [0, 3, 0],
			"scale": [0.25, 0.25, 0.25]
		},
		"gui": {
			"rotation": [30, 180, 0],
			"scale": [0.88, 0.88, 0.88]
		},
		"head": {
			"translation": [0, 6.5, 0],
			"scale": [1.6, 1.6, 1.6]
		},
		"fixed": {
			"scale": [0.5, 0.5, 0.5]
		}
	}
}