{
	"credit": "Made with Blockbench",
	"texture_size": [32, 32],
	"textures": {
		"0": "item/custom/models/cupid_bow",
		"1": "item/custom/models/cupid_arrow",
		"particle": "item/custom/models/cupid_bow"
	},
	"elements": [
		{
			"from": [6.65, 6, 5.61417],
			"to": [8.85, 11, 7.61417],
			"rotation": {"angle": 0, "axis": "y", "origin": [8, 8.5, 8]},
			"faces": {
				"north": {"uv": [4, 6, 5, 8.5], "texture": "#0"},
				"east": {"uv": [6, 5, 7, 7.5], "texture": "#0"},
				"south": {"uv": [7, 0, 8, 2.5], "texture": "#0"},
				"west": {"uv": [7, 2.5, 8, 5], "texture": "#0"},
				"up": {"uv": [8, 10.5, 7, 9.5], "texture": "#0"},
				"down": {"uv": [10.5, 7.5, 9.5, 8.5], "texture": "#0"}
			}
		},
		{
			"from": [6.75, 10.95735, 6.60025],
			"to": [8.75, 15.95735, 8.60025],
			"rotation": {"angle": -22.5, "axis": "x", "origin": [8, 8.5, 8]},
			"faces": {
				"north": {"uv": [5, 0, 6, 2.5], "texture": "#0"},
				"east": {"uv": [5, 2.5, 6, 5], "texture": "#0"},
				"south": {"uv": [5, 5, 6, 7.5], "texture": "#0"},
				"west": {"uv": [6, 0, 7, 2.5], "texture": "#0"},
				"up": {"uv": [5, 9.5, 4, 8.5], "texture": "#0"},
				"down": {"uv": [6, 9, 5, 10], "texture": "#0"}
			}
		},
		{
			"from": [6.75, 10.97561, 0.95141],
			"to": [8.75, 16.97561, 2.95141],
			"rotation": {"angle": 45, "axis": "x", "origin": [8, 8.5, 8]},
			"faces": {
				"north": {"uv": [1, 0, 2, 3], "texture": "#0"},
				"east": {"uv": [2, 0, 3, 3], "texture": "#0"},
				"south": {"uv": [3, 0, 4, 3], "texture": "#0"},
				"west": {"uv": [1, 3, 2, 6], "texture": "#0"},
				"up": {"uv": [10.5, 1, 9.5, 0], "texture": "#0"},
				"down": {"uv": [10.5, 1, 9.5, 2], "texture": "#0"}
			}
		},
		{
			"from": [6.25, 18.68438, 8.92327],
			"to": [9.25, 21.68438, 11.92327],
			"rotation": {"angle": -45, "axis": "x", "origin": [7.75, 20.18438, 10.42327]},
			"faces": {
				"north": {"uv": [7, 5, 8.5, 6.5], "texture": "#0"},
				"east": {"uv": [7, 6.5, 8.5, 8], "texture": "#0"},
				"south": {"uv": [5, 7.5, 6.5, 9], "texture": "#0"},
				"west": {"uv": [8, 0, 9.5, 1.5], "texture": "#0"},
				"up": {"uv": [9.5, 3, 8, 1.5], "texture": "#0"},
				"down": {"uv": [9.5, 3, 8, 4.5], "texture": "#0"}
			}
		},
		{
			"from": [6.75, 1.04265, 6.60025],
			"to": [8.75, 6.04265, 8.60025],
			"rotation": {"angle": 22.5, "axis": "x", "origin": [8, 8.5, 8]},
			"faces": {
				"north": {"uv": [1, 6, 2, 8.5], "texture": "#0"},
				"east": {"uv": [2, 6, 3, 8.5], "texture": "#0"},
				"south": {"uv": [6, 2.5, 7, 5], "texture": "#0"},
				"west": {"uv": [3, 6, 4, 8.5], "texture": "#0"},
				"up": {"uv": [5, 10.5, 4, 9.5], "texture": "#0"},
				"down": {"uv": [7, 9.5, 6, 10.5], "texture": "#0"}
			}
		},
		{
			"from": [6.75, 0.02439, 0.95141],
			"to": [8.75, 6.02439, 2.95141],
			"rotation": {"angle": -45, "axis": "x", "origin": [8, 8.5, 8]},
			"faces": {
				"north": {"uv": [2, 3, 3, 6], "texture": "#0"},
				"east": {"uv": [3, 3, 4, 6], "texture": "#0"},
				"south": {"uv": [4, 0, 5, 3], "texture": "#0"},
				"west": {"uv": [4, 3, 5, 6], "texture": "#0"},
				"up": {"uv": [10.5, 3, 9.5, 2], "texture": "#0"},
				"down": {"uv": [10.5, 3, 9.5, 4], "texture": "#0"}
			}
		},
		{
			"from": [6.25, -4.68438, 8.92327],
			"to": [9.25, -1.68438, 11.92327],
			"rotation": {"angle": 45, "axis": "x", "origin": [7.75, -3.18438, 10.42327]},
			"faces": {
				"north": {"uv": [6.5, 8, 8, 9.5], "texture": "#0"},
				"east": {"uv": [8, 8, 9.5, 9.5], "texture": "#0"},
				"south": {"uv": [1, 8.5, 2.5, 10], "texture": "#0"},
				"west": {"uv": [2.5, 8.5, 4, 10], "texture": "#0"},
				"up": {"uv": [10, 6, 8.5, 4.5], "texture": "#0"},
				"down": {"uv": [10, 6, 8.5, 7.5], "texture": "#0"}
			}
		},
		{
			"from": [7.749, 8.3, 13.9233],
			"to": [7.749, 19.5, 14.9233],
			"rotation": {"angle": -22.5, "axis": "x", "origin": [7.749, 8.5, 14.4233]},
			"faces": {
				"north": {"uv": [0, 0, 0, 11], "texture": "#0"},
				"east": {"uv": [0, 0, 0.5, 11], "texture": "#0"},
				"south": {"uv": [0, 0, 0, 11], "texture": "#0"},
				"west": {"uv": [0.5, 0, 1, 11], "texture": "#0"},
				"up": {"uv": [0, 0.5, 0, 0], "texture": "#0"},
				"down": {"uv": [0, 0, 0, 0.5], "texture": "#0"}
			}
		},
		{
			"from": [7.749, -2.5, 13.9233],
			"to": [7.749, 8.7, 14.9233],
			"rotation": {"angle": 22.5, "axis": "x", "origin": [7.749, 8.5, 14.4233]},
			"faces": {
				"north": {"uv": [0, 0, 0, 11], "texture": "#0"},
				"east": {"uv": [0, 0, 0.5, 11], "texture": "#0"},
				"south": {"uv": [0, 0, 0, 11], "texture": "#0"},
				"west": {"uv": [0.5, 0, 1, 11], "texture": "#0"},
				"up": {"uv": [0, 0.5, 0, 0], "texture": "#0"},
				"down": {"uv": [0, 0, 0, 0.5], "texture": "#0"}
			}
		},
		{
			"from": [8, 7, -1.25],
			"to": [8, 10, 18.75],
			"rotation": {"angle": 0, "axis": "y", "origin": [8, 7, -3.25]},
			"faces": {
				"north": {"uv": [0, 0, 0, 1.5], "texture": "#1"},
				"east": {"uv": [0, 0, 10, 1.5], "texture": "#1"},
				"south": {"uv": [0, 0, 0, 1.5], "texture": "#1"},
				"west": {"uv": [0, 1.5, 10, 3], "texture": "#1"},
				"up": {"uv": [0, 10, 0, 0], "texture": "#1"},
				"down": {"uv": [0, 0, 0, 10], "texture": "#1"}
			}
		}
	],
	"gui_light": "front",
	"display": {
		"thirdperson_righthand": {
			"rotation": [0, 0, 11],
			"translation": [0, -2.5, 1.25]
		},
		"thirdperson_lefthand": {
			"rotation": [0, 0, 11],
			"translation": [0, -2.5, 1.25]
		},
		"firstperson_righthand": {
			"rotation": [20, 0, 0],
			"translation": [0, 1.5, 0],
			"scale": [0.75, 0.75, 0.75]
		},
		"firstperson_lefthand": {
			"rotation": [20, 0, 0],
			"translation": [0, 1.5, 0],
			"scale": [0.75, 0.75, 0.75]
		},
		"ground": {
			"rotation": [45, 0, 0],
			"translation": [0, 9, 0],
			"scale": [0.7, 0.7, 0.7]
		},
		"gui": {
			"rotation": [90, 45, -90],
			"translation": [-1, 0.5, 0],
			"scale": [0.75, 0.75, 0.75]
		},
		"fixed": {
			"rotation": [180, 90, 1]
		}
	}
}