{
	"credit": "Made with Blockbench",
	"texture_size": [32, 32],
	"textures": {
		"1": "item/custom/models/cyberpunk_katana"
	},
	"elements": [
		{
			"from": [7.375, -8, 7.375],
			"to": [8.625, 0, 8.625],
			"rotation": {"angle": 0, "axis": "y", "origin": [7.875, 1.11091, 8.125]},
			"faces": {
				"north": {"uv": [3, 3, 3.5, 7], "texture": "#1"},
				"east": {"uv": [3.5, 3, 4, 7], "texture": "#1"},
				"south": {"uv": [4, 3, 4.5, 7], "texture": "#1"},
				"west": {"uv": [4.5, 0, 5, 4], "texture": "#1"},
				"up": {"uv": [5.5, 3.5, 5, 3], "texture": "#1"},
				"down": {"uv": [5.5, 3.5, 5, 4], "texture": "#1"}
			}
		},
		{
			"from": [7.25, -1.32107, 7.43198],
			"to": [8.75, 1.67893, 10.43198],
			"rotation": {"angle": 45, "axis": "x", "origin": [8, 1.11091, 8]},
			"faces": {
				"north": {"uv": [4.5, 4, 5.5, 5.5], "texture": "#1"},
				"east": {"uv": [3, 0, 4.5, 1.5], "texture": "#1"},
				"south": {"uv": [5, 0, 6, 1.5], "texture": "#1"},
				"west": {"uv": [3, 1.5, 4.5, 3], "texture": "#1"},
				"up": {"uv": [6, 3, 5, 1.5], "texture": "#1"},
				"down": {"uv": [6.5, 3, 5.5, 4.5], "texture": "#1"}
			}
		},
		{
			"from": [7.25, -5.82107, 12.93198],
			"to": [8.75, -3.82107, 14.93198],
			"rotation": {"angle": 45, "axis": "x", "origin": [8, 1.11091, 8]},
			"faces": {
				"north": {"uv": [4.5, 5.5, 5.5, 6.5], "texture": "#1"},
				"east": {"uv": [5.5, 4.5, 6.5, 5.5], "texture": "#1"},
				"south": {"uv": [5.5, 5.5, 6.5, 6.5], "texture": "#1"},
				"west": {"uv": [6, 0, 7, 1], "texture": "#1"},
				"up": {"uv": [7, 2, 6, 1], "texture": "#1"},
				"down": {"uv": [7, 2, 6, 3], "texture": "#1"}
			}
		},
		{
			"from": [8, 0, 6.5],
			"to": [8, 25, 9.5],
			"rotation": {"angle": 0, "axis": "y", "origin": [8, 1.11091, 7.5]},
			"faces": {
				"north": {"uv": [0, 0, 0, 12.5], "texture": "#1"},
				"east": {"uv": [0, 0, 1.5, 12.5], "texture": "#1"},
				"south": {"uv": [0, 0, 0, 12.5], "texture": "#1"},
				"west": {"uv": [1.5, 0, 0, 12.5], "texture": "#1"},
				"up": {"uv": [0, 1.5, 0, 0], "texture": "#1"},
				"down": {"uv": [0, 0, 0, 1.5], "texture": "#1"}
			}
		}
	],
	"display": {
		"thirdperson_righthand": {
			"rotation": [10, 180, 0],
			"translation": [0, 9.75, 2]
		},
		"thirdperson_lefthand": {
			"rotation": [10, 180, 0],
			"translation": [0, 7, 1.75]
		},
		"firstperson_righthand": {
			"rotation": [17, 180, 0],
			"translation": [3, -0.25, -2],
			"scale": [0.6, 0.6, 0.6]
		},
		"firstperson_lefthand": {
			"rotation": [17, 180, 0],
			"translation": [3, -0.25, -2],
			"scale": [0.6, 0.6, 0.6]
		},
		"ground": {
			"rotation": [45, 0, 0],
			"translation": [0, 7, 0],
			"scale": [0.7, 0.7, 0.7]
		},
		"gui": {
			"rotation": [-90, -45, -90],
			"scale": [0.65, 0.65, 0.65]
		},
		"head": {
			"rotation": [180, 90, 0],
			"translation": [0, 22, 0]
		},
		"fixed": {
			"rotation": [90, 135, -90],
			"scale": [0.9, 0.9, 0.9]
		}
	}
}