{
	"credit": "Made with Blockbench",
	"texture_size": [32, 32],
	"textures": {
		"1": "item/custom/models/cyberpunk_axe",
		"particle": "item/custom/models/cyberpunk_axe"
	},
	"elements": [
		{
			"from": [7.5, -9, 7.5],
			"to": [8.5, 7, 8.5],
			"rotation": {"angle": 0, "axis": "y", "origin": [7.75, 0.11091, 8.25]},
			"faces": {
				"north": {"uv": [6, 5, 6.5, 13], "texture": "#1"},
				"east": {"uv": [0, 6.5, 0.5, 14.5], "texture": "#1"},
				"south": {"uv": [0.5, 6.5, 1, 14.5], "texture": "#1"},
				"west": {"uv": [1, 6.5, 1.5, 14.5], "texture": "#1"},
				"up": {"uv": [9.5, 5, 9, 4.5], "texture": "#1"},
				"down": {"uv": [10, 9, 9.5, 9.5], "texture": "#1"}
			}
		},
		{
			"from": [7, 7, 7],
			"to": [9, 13, 9],
			"rotation": {"angle": 0, "axis": "y", "origin": [7.9, 0.11091, 7.75]},
			"faces": {
				"north": {"uv": [1.5, 6.5, 2.5, 9.5], "texture": "#1"},
				"east": {"uv": [2.5, 6.5, 3.5, 9.5], "texture": "#1"},
				"south": {"uv": [3.5, 6.5, 4.5, 9.5], "texture": "#1"},
				"west": {"uv": [4.5, 6.5, 5.5, 9.5], "texture": "#1"},
				"up": {"uv": [11, 7, 10, 6], "texture": "#1"},
				"down": {"uv": [11, 9, 10, 10], "texture": "#1"}
			}
		},
		{
			"from": [8, 10, 10],
			"to": [8, 23, 16],
			"rotation": {"angle": 0, "axis": "y", "origin": [7.25, 0.11091, -5]},
			"faces": {
				"north": {"uv": [0, 0, 0, 6.5], "texture": "#1"},
				"east": {"uv": [6, 0, 3, 6.5], "texture": "#1"},
				"south": {"uv": [0, 0, 0, 6.5], "texture": "#1"},
				"west": {"uv": [3, 0, 6, 6.5], "texture": "#1"},
				"up": {"uv": [0, 3, 0, 0], "texture": "#1"},
				"down": {"uv": [0, 0, 0, 3], "texture": "#1"}
			}
		},
		{
			"from": [7.5, 14, 5],
			"to": [8.5, 19, 11],
			"rotation": {"angle": 0, "axis": "y", "origin": [7.75, 0.11091, 2.25]},
			"faces": {
				"north": {"uv": [9.5, 4.5, 10, 7], "texture": "#1"},
				"east": {"uv": [6, 0, 9, 2.5], "texture": "#1"},
				"south": {"uv": [6.5, 9.5, 7, 12], "texture": "#1"},
				"west": {"uv": [6, 2.5, 9, 5], "texture": "#1"},
				"up": {"uv": [6, 9.5, 5.5, 6.5], "texture": "#1"},
				"down": {"uv": [2, 9.5, 1.5, 12.5], "texture": "#1"}
			}
		},
		{
			"from": [6.5, 15, 3],
			"to": [9.5, 18, 5],
			"rotation": {"angle": 0, "axis": "y", "origin": [7.75, 0.11091, 2.25]},
			"faces": {
				"north": {"uv": [9, 0, 10.5, 1.5], "texture": "#1"},
				"east": {"uv": [9, 3, 10, 4.5], "texture": "#1"},
				"south": {"uv": [9, 1.5, 10.5, 3], "texture": "#1"},
				"west": {"uv": [2, 9.5, 3, 11], "texture": "#1"},
				"up": {"uv": [4.5, 10.5, 3, 9.5], "texture": "#1"},
				"down": {"uv": [6, 9.5, 4.5, 10.5], "texture": "#1"}
			}
		},
		{
			"from": [6.75, 12.84924, 6.5],
			"to": [9.25, 15.84924, 9.5],
			"rotation": {"angle": -45, "axis": "x", "origin": [8.5, 14.34924, 8]},
			"faces": {
				"north": {"uv": [6.5, 5, 8, 6.5], "texture": "#1"},
				"east": {"uv": [6.5, 6.5, 8, 8], "texture": "#1"},
				"south": {"uv": [8, 5, 9.5, 6.5], "texture": "#1"},
				"west": {"uv": [6.5, 8, 8, 9.5], "texture": "#1"},
				"up": {"uv": [9.5, 8, 8, 6.5], "texture": "#1"},
				"down": {"uv": [9.5, 8, 8, 9.5], "texture": "#1"}
			}
		},
		{
			"from": [7.25, -6.82107, 12.93198],
			"to": [8.75, -4.82107, 14.93198],
			"rotation": {"angle": 45, "axis": "x", "origin": [8, 0.11091, 8]},
			"faces": {
				"north": {"uv": [7, 9.5, 8, 10.5], "texture": "#1"},
				"east": {"uv": [9.5, 7, 10.5, 8], "texture": "#1"},
				"south": {"uv": [8, 9.5, 9, 10.5], "texture": "#1"},
				"west": {"uv": [9.5, 8, 10.5, 9], "texture": "#1"},
				"up": {"uv": [10, 10.5, 9, 9.5], "texture": "#1"},
				"down": {"uv": [11, 3, 10, 4], "texture": "#1"}
			}
		},
		{
			"from": [7, -6.32107, 7],
			"to": [9, -5.32107, 9],
			"rotation": {"angle": 0, "axis": "x", "origin": [7.75, 0.11091, 5.06802]},
			"faces": {
				"north": {"uv": [4, 10.5, 5, 11], "texture": "#1"},
				"east": {"uv": [5, 10.5, 6, 11], "texture": "#1"},
				"south": {"uv": [7, 10.5, 8, 11], "texture": "#1"},
				"west": {"uv": [10.5, 7, 11.5, 7.5], "texture": "#1"},
				"up": {"uv": [11, 11, 10, 10], "texture": "#1"},
				"down": {"uv": [11.5, 0, 10.5, 1], "texture": "#1"}
			}
		},
		{
			"from": [8, 18.94544, 7],
			"to": [8, 19.94544, 9],
			"rotation": {"angle": 0, "axis": "x", "origin": [8.25, 18.94544, 8]},
			"faces": {
				"north": {"uv": [10.5, 1, 11, 2], "texture": "#1"},
				"east": {"uv": [10, 4, 11, 5], "texture": "#1"},
				"south": {"uv": [10.5, 2, 11, 3], "texture": "#1"},
				"west": {"uv": [10, 5, 11, 6], "texture": "#1"},
				"up": {"uv": [3.5, 11.5, 3, 10.5], "texture": "#1"},
				"down": {"uv": [4, 10.5, 3.5, 11.5], "texture": "#1"}
			}
		}
	],
	"display": {
		"thirdperson_righthand": {
			"rotation": [10, 180, 0],
			"translation": [0, 8.75, 2.25]
		},
		"thirdperson_lefthand": {
			"rotation": [10, 180, 0],
			"translation": [0, 8.75, 2.25]
		},
		"firstperson_righthand": {
			"rotation": [17, 180, 0],
			"translation": [3, -0.25, -2],
			"scale": [0.6, 0.6, 0.6]
		},
		"firstperson_lefthand": {
			"rotation": [17, 180, 0],
			"translation": [3, -0.25, -2],
			"scale": [0.6, 0.6, 0.6]
		},
		"ground": {
			"rotation": [-45, 0, 0],
			"translation": [0, 7.25, 0],
			"scale": [0.7, 0.7, 0.7]
		},
		"gui": {
			"rotation": [-90, -45, -90],
			"scale": [0.55, 0.55, 0.55]
		},
		"head": {
			"rotation": [180, 90, 0],
			"translation": [0, 22, 0]
		},
		"fixed": {
			"rotation": [90, 135, -90],
			"scale": [0.85, 0.85, 0.85]
		}
	}
}