{
	"credit": "Made with Blockbench",
	"texture_size": [32, 32],
	"textures": {
		"1": "item/custom/models/cyberpunk_sword",
		"particle": "item/custom/models/cyberpunk_sword"
	},
	"elements": [
		{
			"from": [7.5, -10, 7.5],
			"to": [8.5, 22, 8.5],
			"rotation": {"angle": 0, "axis": "y", "origin": [0.5, 0, 0.5]},
			"faces": {
				"north": {"uv": [7, 0, 7.5, 16], "texture": "#1"},
				"east": {"uv": [7.5, 0, 8, 16], "texture": "#1"},
				"south": {"uv": [8, 0, 8.5, 16], "texture": "#1"},
				"west": {"uv": [8.5, 0, 9, 16], "texture": "#1"},
				"up": {"uv": [11, 9.5, 10.5, 9], "texture": "#1"},
				"down": {"uv": [10, 10.5, 9.5, 11], "texture": "#1"}
			}
		},
		{
			"from": [6.5, 0, 8],
			"to": [9.5, 26, 8],
			"rotation": {"angle": 0, "axis": "y", "origin": [0.5, 0, 0]},
			"faces": {
				"north": {"uv": [4, 0, 5.5, 13], "texture": "#1"},
				"east": {"uv": [0, 0, 0, 13], "texture": "#1"},
				"south": {"uv": [5.5, 0, 7, 13], "texture": "#1"},
				"west": {"uv": [0, 0, 0, 13], "texture": "#1"},
				"up": {"uv": [1.5, 0, 0, 0], "texture": "#1"},
				"down": {"uv": [1.5, 0, 0, 0], "texture": "#1"}
			}
		},
		{
			"from": [6.25, 0.5, 8.25],
			"to": [9.75, 26, 8.25],
			"rotation": {"angle": 0, "axis": "y", "origin": [0.75, 0, -0.25]},
			"faces": {
				"north": {"uv": [0, 0, 1.75, 12.75], "texture": "#1"},
				"east": {"uv": [0, 0, 0, 12.75], "texture": "#1"},
				"west": {"uv": [0, 0, 0, 12.75], "texture": "#1"},
				"up": {"uv": [1.75, 0, 0, 0], "texture": "#1"},
				"down": {"uv": [1.75, 0, 0, 0], "texture": "#1"}
			}
		},
		{
			"from": [6.25, 0.5, 7.75],
			"to": [9.75, 26, 7.75],
			"rotation": {"angle": 0, "axis": "y", "origin": [0.75, 0, -0.25]},
			"faces": {
				"east": {"uv": [0, 0, 0, 12.75], "texture": "#1"},
				"south": {"uv": [2, 0, 3.75, 12.75], "texture": "#1"},
				"west": {"uv": [0, 0, 0, 12.75], "texture": "#1"},
				"up": {"uv": [1.75, 0, 0, 0], "texture": "#1"},
				"down": {"uv": [1.75, 0, 0, 0], "texture": "#1"}
			}
		},
		{
			"from": [6.25, 0.5, 7.75],
			"to": [6.25, 20.5, 8.25],
			"rotation": {"angle": 0, "axis": "y", "origin": [0.75, 0, -0.25]},
			"faces": {
				"north": {"uv": [0, 0, 0, 10], "texture": "#1"},
				"east": {"uv": [9, 0, 9.25, 10], "texture": "#1"},
				"south": {"uv": [0, 0, 0, 10], "texture": "#1"},
				"up": {"uv": [0, 0.25, 0, 0], "texture": "#1"},
				"down": {"uv": [0, 0, 0, 0.25], "texture": "#1"}
			}
		},
		{
			"from": [6.75, 20.5, 7.75],
			"to": [6.75, 26, 8.25],
			"rotation": {"angle": 0, "axis": "y", "origin": [0.75, 0, -0.25]},
			"faces": {
				"north": {"uv": [0, 0, 0, 2.75], "texture": "#1"},
				"east": {"uv": [10, 8, 10.25, 10.75], "texture": "#1"},
				"south": {"uv": [0, 0, 0, 2.75], "texture": "#1"},
				"up": {"uv": [0, 0.25, 0, 0], "texture": "#1"},
				"down": {"uv": [0, 0, 0, 0.25], "texture": "#1"}
			}
		},
		{
			"from": [6.75, 20.5, 7.75],
			"to": [6.75, 26, 8.25],
			"rotation": {"angle": 0, "axis": "y", "origin": [0.75, 0, -0.25]},
			"faces": {
				"north": {"uv": [0, 0, 0, 2.75], "texture": "#1"},
				"east": {"uv": [10, 8, 10.25, 10.75], "texture": "#1"},
				"south": {"uv": [0, 0, 0, 2.75], "texture": "#1"},
				"up": {"uv": [0, 0.25, 0, 0], "texture": "#1"},
				"down": {"uv": [0, 0, 0, 0.25], "texture": "#1"}
			}
		},
		{
			"from": [6.25, 20.5, 7.75],
			"to": [6.75, 20.5, 8.25],
			"rotation": {"angle": 0, "axis": "y", "origin": [0.75, 0, -0.25]},
			"faces": {
				"north": {"uv": [0, 0, 0.25, 0], "texture": "#1"},
				"east": {"uv": [0, 0, 0.25, 0], "texture": "#1"},
				"south": {"uv": [0, 0, 0.25, 0], "texture": "#1"},
				"down": {"uv": [10.75, 9.5, 10.5, 9.75], "texture": "#1"}
			}
		},
		{
			"from": [9.25, 20.5, 7.75],
			"to": [9.75, 20.5, 8.25],
			"rotation": {"angle": 0, "axis": "y", "origin": [0.75, 0, -0.25]},
			"faces": {
				"north": {"uv": [0, 0, 0.25, 0], "texture": "#1"},
				"east": {"uv": [0, 0, 0.25, 0], "texture": "#1"},
				"south": {"uv": [0, 0, 0.25, 0], "texture": "#1"},
				"down": {"uv": [10.75, 10, 10.5, 10.25], "texture": "#1"}
			}
		},
		{
			"from": [6.75, 26, 7.75],
			"to": [9.25, 26, 8.25],
			"rotation": {"angle": 0, "axis": "y", "origin": [0.75, 0, -0.25]},
			"faces": {
				"north": {"uv": [0, 0, 1.25, 0], "texture": "#1"},
				"east": {"uv": [0, 0, 0.25, 0], "texture": "#1"},
				"south": {"uv": [0, 0, 1.25, 0], "texture": "#1"},
				"down": {"uv": [11.75, 8, 10.5, 8.25], "texture": "#1"}
			}
		},
		{
			"from": [9.75, 0.5, 7.75],
			"to": [9.75, 20.5, 8.25],
			"rotation": {"angle": 0, "axis": "y", "origin": [0.75, 0, -0.25]},
			"faces": {
				"north": {"uv": [0, 0, 0, 10], "texture": "#1"},
				"south": {"uv": [0, 0, 0, 10], "texture": "#1"},
				"west": {"uv": [9.5, 0, 9.75, 10], "texture": "#1"},
				"up": {"uv": [0, 0.25, 0, 0], "texture": "#1"},
				"down": {"uv": [0, 0, 0, 0.25], "texture": "#1"}
			}
		},
		{
			"from": [9.25, 20.5, 7.75],
			"to": [9.25, 26, 8.25],
			"rotation": {"angle": 0, "axis": "y", "origin": [0.75, 0, -0.25]},
			"faces": {
				"north": {"uv": [0, 0, 0, 2.75], "texture": "#1"},
				"south": {"uv": [0, 0, 0, 2.75], "texture": "#1"},
				"west": {"uv": [9, 10, 9.25, 12.75], "texture": "#1"},
				"up": {"uv": [0, 0.25, 0, 0], "texture": "#1"},
				"down": {"uv": [0, 0, 0, 0.25], "texture": "#1"}
			}
		},
		{
			"from": [6.5, -3, 7],
			"to": [9.5, -1, 9],
			"rotation": {"angle": 0, "axis": "y", "origin": [0.5, 0, 1]},
			"faces": {
				"north": {"uv": [10, 2, 11.5, 3], "texture": "#1"},
				"east": {"uv": [10, 6, 11, 7], "texture": "#1"},
				"south": {"uv": [10, 3, 11.5, 4], "texture": "#1"},
				"west": {"uv": [10, 7, 11, 8], "texture": "#1"},
				"up": {"uv": [11.5, 5, 10, 4], "texture": "#1"},
				"down": {"uv": [11.5, 5, 10, 6], "texture": "#1"}
			}
		},
		{
			"from": [4.5, -2.5, 7.5],
			"to": [11.5, -1.5, 8.5],
			"rotation": {"angle": 0, "axis": "y", "origin": [0.5, 0, 0.5]},
			"faces": {
				"north": {"uv": [10, 0, 13.5, 0.5], "texture": "#1"},
				"east": {"uv": [9.5, 10, 10, 10.5], "texture": "#1"},
				"south": {"uv": [10, 0.5, 13.5, 1], "texture": "#1"},
				"west": {"uv": [10.5, 8.5, 11, 9], "texture": "#1"},
				"up": {"uv": [13.5, 1.5, 10, 1], "texture": "#1"},
				"down": {"uv": [13.5, 1.5, 10, 2], "texture": "#1"}
			}
		}
	],
	"display": {
		"thirdperson_righthand": {
			"rotation": [0, 90, 0],
			"translation": [0, 12, 0.5]
		},
		"thirdperson_lefthand": {
			"rotation": [0, 90, 0],
			"translation": [0, 12, 0.5]
		},
		"firstperson_righthand": {
			"rotation": [0, 90, 25],
			"translation": [1.13, 3.2, 1.13],
			"scale": [0.45, 0.45, 0.45]
		},
		"firstperson_lefthand": {
			"rotation": [0, 90, 25],
			"translation": [1.13, 3.2, 1.13],
			"scale": [0.45, 0.45, 0.45]
		},
		"ground": {
			"rotation": [0, 0, 45],
			"translation": [0, 5, 0],
			"scale": [0.48, 0.48, 0.48]
		},
		"gui": {
			"rotation": [0, 0, -45],
			"scale": [0.55, 0.55, 0.55]
		},
		"fixed": {
			"rotation": [0, 0, 45]
		}
	}
}