{
	"credit": "Made with Blockbench",
	"texture_size": [32, 32],
	"textures": {
		"0": "item/custom/models/dave_statue",
		"particle": "item/custom/models/dave_statue"
	},
	"elements": [
		{
			"from": [6, 3, 5],
			"to": [10, 4, 7],
			"faces": {
				"north": {"uv": [8, 3, 10, 3.5], "texture": "#0"},
				"east": {"uv": [5, 3.5, 6, 4], "texture": "#0"},
				"south": {"uv": [3.5, 8, 5.5, 8.5], "texture": "#0"},
				"west": {"uv": [7, 1, 8, 1.5], "texture": "#0"},
				"up": {"uv": [9, 1, 7, 0], "texture": "#0"},
				"down": {"uv": [5, 7, 3, 8], "texture": "#0"}
			}
		},
		{
			"from": [6, 4, 6],
			"to": [10, 5, 7],
			"faces": {
				"north": {"uv": [8, 3.5, 10, 4], "texture": "#0"},
				"east": {"uv": [2, 7.5, 2.5, 8], "texture": "#0"},
				"south": {"uv": [8, 4, 10, 4.5], "texture": "#0"},
				"west": {"uv": [2.5, 7.5, 3, 8], "texture": "#0"},
				"up": {"uv": [10, 5, 8, 4.5], "texture": "#0"},
				"down": {"uv": [10, 5, 8, 5.5], "texture": "#0"}
			}
		},
		{
			"from": [6, 3, 7],
			"to": [10, 5, 10],
			"faces": {
				"north": {"uv": [6, 3.5, 8, 4.5], "texture": "#0"},
				"east": {"uv": [7, 7.5, 8.5, 8.5], "texture": "#0"},
				"south": {"uv": [6, 4.5, 8, 5.5], "texture": "#0"},
				"west": {"uv": [8, 1, 9.5, 2], "texture": "#0"},
				"up": {"uv": [2, 5.5, 0, 4], "texture": "#0"},
				"down": {"uv": [4, 4, 2, 5.5], "texture": "#0"}
			}
		},
		{
			"from": [6, 5, 7],
			"to": [10, 7, 10],
			"faces": {
				"north": {"uv": [5, 7, 7, 8], "texture": "#0"},
				"east": {"uv": [2, 8, 3.5, 9], "texture": "#0"},
				"south": {"uv": [7, 5.5, 9, 6.5], "texture": "#0"},
				"west": {"uv": [8, 2, 9.5, 3], "texture": "#0"},
				"up": {"uv": [6, 5.5, 4, 4], "texture": "#0"},
				"down": {"uv": [7, 0, 5, 1.5], "texture": "#0"}
			}
		},
		{
			"from": [5, 7, 6],
			"to": [11, 9, 10],
			"faces": {
				"north": {"uv": [5, 1.5, 8, 2.5], "texture": "#0"},
				"east": {"uv": [7, 6.5, 9, 7.5], "texture": "#0"},
				"south": {"uv": [5, 2.5, 8, 3.5], "texture": "#0"},
				"west": {"uv": [0, 7.5, 2, 8.5], "texture": "#0"},
				"up": {"uv": [3, 2, 0, 0], "texture": "#0"},
				"down": {"uv": [3, 2, 0, 4], "texture": "#0"}
			}
		},
		{
			"from": [6, 9, 7],
			"to": [10, 13, 10],
			"faces": {
				"north": {"uv": [3, 0, 5, 2], "texture": "#0"},
				"east": {"uv": [0, 5.5, 1.5, 7.5], "texture": "#0"},
				"south": {"uv": [3, 2, 5, 4], "texture": "#0"},
				"west": {"uv": [1.5, 5.5, 3, 7.5], "texture": "#0"},
				"up": {"uv": [5, 7, 3, 5.5], "texture": "#0"},
				"down": {"uv": [7, 5.5, 5, 7], "texture": "#0"}
			}
		}
	],
	"display": {
		"thirdperson_righthand": {
			"rotation": [75, 45, 0],
			"translation": [0, 2.5, 0]
		},
		"thirdperson_lefthand": {
			"rotation": [75, 45, 0],
			"translation": [0, 2.5, 0]
		},
		"firstperson_righthand": {
			"rotation": [0, 135, 0]
		},
		"firstperson_lefthand": {
			"rotation": [0, 135, 0]
		},
		"ground": {
			"translation": [0, 6, 0]
		},
		"gui": {
			"rotation": [30, 225, 0]
		},
		"head": {
			"translation": [0, 11, 0]
		}
	}
}