{
	"credit": "Made with Blockbench",
	"texture_size": [32, 32],
	"textures": {
		"11": "item/custom/models/deborn_present",
		"particle": "item/custom/models/deborn_present"
	},
	"elements": [
		{
			"from": [4, 0, 4],
			"to": [12, 4, 12],
			"faces": {
				"north": {"uv": [4, 0, 8, 2], "texture": "#11"},
				"east": {"uv": [4, 2, 8, 4], "texture": "#11"},
				"south": {"uv": [4, 4, 8, 6], "texture": "#11"},
				"west": {"uv": [4, 6, 8, 8], "texture": "#11"},
				"up": {"uv": [4, 4, 0, 0], "texture": "#11"},
				"down": {"uv": [4, 4, 0, 8], "texture": "#11"}
			}
		},
		{
			"from": [12, 0.8, 5.9],
			"to": [18, 1, 10.1],
			"rotation": {"angle": 0, "axis": "y", "origin": [0, 0.4, 0]},
			"faces": {
				"north": {"uv": [8, 2, 11, 2.5], "texture": "#11"},
				"east": {"uv": [5.5, 9, 7.5, 9.5], "texture": "#11"},
				"south": {"uv": [8, 2.5, 11, 3], "texture": "#11"},
				"west": {"uv": [7.5, 9, 9.5, 9.5], "texture": "#11"},
				"up": {"uv": [3, 10, 0, 8], "texture": "#11"},
				"down": {"uv": [11, 0, 8, 2], "texture": "#11"}
			}
		},
		{
			"from": [12, -1.5, 4.7],
			"to": [18, -1.3, 5.7],
			"rotation": {"angle": -22.5, "axis": "x", "origin": [0, 0.4, 0]},
			"faces": {
				"north": {"uv": [3, 8, 6, 8.5], "texture": "#11"},
				"east": {"uv": [7, 10, 7.5, 10.5], "texture": "#11"},
				"south": {"uv": [8, 3, 11, 3.5], "texture": "#11"},
				"west": {"uv": [7.5, 10, 8, 10.5], "texture": "#11"},
				"up": {"uv": [11, 4, 8, 3.5], "texture": "#11"},
				"down": {"uv": [11, 4, 8, 4.5], "texture": "#11"}
			}
		},
		{
			"from": [12, -1.5, 3.7],
			"to": [17, -1.3, 4.7],
			"rotation": {"angle": -22.5, "axis": "x", "origin": [0, 0.4, 0]},
			"faces": {
				"north": {"uv": [8, 6, 10.5, 6.5], "texture": "#11"},
				"east": {"uv": [8, 10, 8.5, 10.5], "texture": "#11"},
				"south": {"uv": [8, 6.5, 10.5, 7], "texture": "#11"},
				"west": {"uv": [10, 8, 10.5, 8.5], "texture": "#11"},
				"up": {"uv": [10.5, 7.5, 8, 7], "texture": "#11"},
				"down": {"uv": [10.5, 7.5, 8, 8], "texture": "#11"}
			}
		},
		{
			"from": [12, 4.6, 9.1],
			"to": [18, 4.8, 10.1],
			"rotation": {"angle": 22.5, "axis": "x", "origin": [0, 0.4, 0]},
			"faces": {
				"north": {"uv": [8, 4.5, 11, 5], "texture": "#11"},
				"east": {"uv": [8.5, 10, 9, 10.5], "texture": "#11"},
				"south": {"uv": [8, 5, 11, 5.5], "texture": "#11"},
				"west": {"uv": [9, 10, 9.5, 10.5], "texture": "#11"},
				"up": {"uv": [11, 6, 8, 5.5], "texture": "#11"},
				"down": {"uv": [9, 8, 6, 8.5], "texture": "#11"}
			}
		},
		{
			"from": [12, 4.6, 10.1],
			"to": [17, 4.8, 11.1],
			"rotation": {"angle": 22.5, "axis": "x", "origin": [0, 0.4, 0]},
			"faces": {
				"north": {"uv": [3, 8.5, 5.5, 9], "texture": "#11"},
				"east": {"uv": [9.5, 10, 10, 10.5], "texture": "#11"},
				"south": {"uv": [5.5, 8.5, 8, 9], "texture": "#11"},
				"west": {"uv": [10, 9.5, 10.5, 10], "texture": "#11"},
				"up": {"uv": [10.5, 9, 8, 8.5], "texture": "#11"},
				"down": {"uv": [5.5, 9, 3, 9.5], "texture": "#11"}
			}
		},
		{
			"from": [7, 4, 7],
			"to": [9, 4.1, 9],
			"faces": {
				"north": {"uv": [9, 8, 10, 8.5], "texture": "#11"},
				"east": {"uv": [7, 9.5, 8, 10], "texture": "#11"},
				"south": {"uv": [8, 9.5, 9, 10], "texture": "#11"},
				"west": {"uv": [9, 9.5, 10, 10], "texture": "#11"},
				"up": {"uv": [4, 10.5, 3, 9.5], "texture": "#11"},
				"down": {"uv": [5, 9.5, 4, 10.5], "texture": "#11"}
			}
		},
		{
			"from": [11, 3.3, 6.8],
			"to": [12.1, 3.6, 9.1],
			"faces": {
				"north": {"uv": [10, 10, 10.5, 10.5], "texture": "#11"},
				"east": {"uv": [9.5, 9, 10.5, 9.5], "texture": "#11"},
				"south": {"uv": [0, 10.5, 0.5, 11], "texture": "#11"},
				"west": {"uv": [0, 10, 1, 10.5], "texture": "#11"},
				"up": {"uv": [1.5, 11, 1, 10], "texture": "#11"},
				"down": {"uv": [2, 10, 1.5, 11], "texture": "#11"}
			}
		},
		{
			"from": [11, 1.3, 7.8],
			"to": [12.1, 3.3, 8.1],
			"faces": {
				"north": {"uv": [5, 9.5, 5.5, 10.5], "texture": "#11"},
				"east": {"uv": [5.5, 9.5, 6, 10.5], "texture": "#11"},
				"south": {"uv": [6, 9.5, 6.5, 10.5], "texture": "#11"},
				"west": {"uv": [6.5, 9.5, 7, 10.5], "texture": "#11"},
				"up": {"uv": [2.5, 10.5, 2, 10], "texture": "#11"},
				"down": {"uv": [3, 10, 2.5, 10.5], "texture": "#11"}
			}
		}
	],
	"display": {
		"thirdperson_righthand": {
			"rotation": [28, 90, 12],
			"translation": [0, 3.5, 2.5],
			"scale": [0.5, 0.5, 0.5]
		},
		"thirdperson_lefthand": {
			"rotation": [28, -89, -13],
			"translation": [0, 3.5, 2],
			"scale": [0.5, 0.5, 0.5]
		},
		"firstperson_righthand": {
			"rotation": [0, -139, 14],
			"translation": [3, 9.25, -0.25]
		},
		"firstperson_lefthand": {
			"rotation": [0, 47, -14],
			"translation": [3, 9.25, -0.75]
		},
		"ground": {
			"translation": [0, 4.5, 0]
		},
		"gui": {
			"rotation": [1, -60, -29],
			"translation": [1, 6.25, 0]
		},
		"head": {
			"rotation": [138, -86, 113],
			"translation": [-0.5, 16, 6.25],
			"scale": [1.75, 1.75, 1.75]
		},
		"fixed": {
			"rotation": [0, 90, -90],
			"translation": [0, 2.75, -6.75]
		}
	}
}