{
	"credit": "Made with Blockbench",
	"textures": {
		"0": "item/custom/models/easter_basket/easter_basket",
		"1": "item/custom/models/dragonfruit",
		"particle": "item/custom/models/easter_basket/easter_basket"
	},
	"elements": [
		{
			"from": [3.5, 3, 3.5],
			"to": [12.5, 4, 12.5],
			"rotation": {"angle": 0, "axis": "y", "origin": [8, 5, 8]},
			"faces": {
				"north": {"uv": [8.5, 10.5, 13, 11], "texture": "#0"},
				"east": {"uv": [9, 7, 13.5, 7.5], "texture": "#0"},
				"south": {"uv": [9, 7.5, 13.5, 8], "texture": "#0"},
				"west": {"uv": [8.5, 10, 13, 10.5], "texture": "#0"},
				"up": {"uv": [4.5, 4.5, 0, 0], "rotation": 90, "texture": "#0"},
				"down": {"uv": [4.5, 4.5, 0, 9], "rotation": 270, "texture": "#0"}
			}
		},
		{
			"from": [3.5, 4, 3.5],
			"to": [12.5, 8, 4.5],
			"rotation": {"angle": 0, "axis": "y", "origin": [8, 5, 8]},
			"faces": {
				"north": {"uv": [4.5, 2, 9, 4], "texture": "#0"},
				"east": {"uv": [3, 11, 3.5, 13], "texture": "#0"},
				"south": {"uv": [4.5, 0, 9, 2], "texture": "#0"},
				"west": {"uv": [11.5, 4.5, 12, 6.5], "texture": "#0"},
				"up": {"uv": [0.5, 15.5, 0, 11], "rotation": 90, "texture": "#0"},
				"down": {"uv": [1, 11, 0.5, 15.5], "rotation": 270, "texture": "#0"}
			}
		},
		{
			"from": [3.5, 4, 11.5],
			"to": [12.5, 8, 12.5],
			"rotation": {"angle": 0, "axis": "y", "origin": [8, 5, 8]},
			"faces": {
				"north": {"uv": [4.5, 6, 9, 8], "texture": "#0"},
				"east": {"uv": [11.5, 8, 12, 10], "texture": "#0"},
				"south": {"uv": [4.5, 4, 9, 6], "texture": "#0"},
				"west": {"uv": [8.5, 11.5, 9, 13.5], "texture": "#0"},
				"up": {"uv": [1.5, 15.5, 1, 11], "rotation": 90, "texture": "#0"},
				"down": {"uv": [2, 11, 1.5, 15.5], "rotation": 270, "texture": "#0"}
			}
		},
		{
			"from": [11.5, 4, 4.5],
			"to": [12.5, 8, 11.5],
			"rotation": {"angle": 0, "axis": "y", "origin": [8, 5, 8]},
			"faces": {
				"north": {"uv": [9.5, 11.5, 10, 13.5], "texture": "#0"},
				"east": {"uv": [4.5, 8, 8, 10], "texture": "#0"},
				"south": {"uv": [9, 11.5, 9.5, 13.5], "texture": "#0"},
				"west": {"uv": [8, 8, 11.5, 10], "texture": "#0"},
				"up": {"uv": [15, 3, 11.5, 2.5], "rotation": 90, "texture": "#0"},
				"down": {"uv": [15, 3, 11.5, 3.5], "rotation": 270, "texture": "#0"}
			}
		},
		{
			"from": [3.5, 4, 4.5],
			"to": [4.5, 8, 11.5],
			"rotation": {"angle": 0, "axis": "y", "origin": [8, 5, 8]},
			"faces": {
				"north": {"uv": [10.5, 11.5, 11, 13.5], "texture": "#0"},
				"east": {"uv": [0, 9, 3.5, 11], "texture": "#0"},
				"south": {"uv": [10, 11.5, 10.5, 13.5], "texture": "#0"},
				"west": {"uv": [9, 0, 12.5, 2], "texture": "#0"},
				"up": {"uv": [15, 4, 11.5, 3.5], "rotation": 90, "texture": "#0"},
				"down": {"uv": [15, 4, 11.5, 4.5], "rotation": 270, "texture": "#0"}
			}
		},
		{
			"from": [3.5, 8, 7.5],
			"to": [4.5, 12, 8.5],
			"rotation": {"angle": 0, "axis": "y", "origin": [8, 5, 8]},
			"faces": {
				"north": {"uv": [12, 8, 12.5, 10], "texture": "#0"},
				"east": {"uv": [11, 11.5, 11.5, 13.5], "texture": "#0"},
				"south": {"uv": [11.5, 11.5, 12, 13.5], "texture": "#0"},
				"west": {"uv": [12, 4.5, 12.5, 6.5], "texture": "#0"},
				"up": {"uv": [4, 9.5, 3.5, 9], "rotation": 90, "texture": "#0"},
				"down": {"uv": [4.5, 9, 4, 9.5], "rotation": 270, "texture": "#0"}
			}
		},
		{
			"from": [11.5, 8, 7.5],
			"to": [12.5, 12, 8.5],
			"rotation": {"angle": 0, "axis": "y", "origin": [8, 5, 8]},
			"faces": {
				"north": {"uv": [4, 12.5, 4.5, 14.5], "texture": "#0"},
				"east": {"uv": [12, 11.5, 12.5, 13.5], "texture": "#0"},
				"south": {"uv": [12.5, 0, 13, 2], "texture": "#0"},
				"west": {"uv": [3.5, 12.5, 4, 14.5], "texture": "#0"},
				"up": {"uv": [12, 7, 11.5, 6.5], "rotation": 90, "texture": "#0"},
				"down": {"uv": [12.5, 6.5, 12, 7], "rotation": 270, "texture": "#0"}
			}
		},
		{
			"from": [3.5, 12, 7.5],
			"to": [12.5, 13, 8.5],
			"rotation": {"angle": 0, "axis": "y", "origin": [8, 5, 8]},
			"faces": {
				"north": {"uv": [11.5, 2, 16, 2.5], "texture": "#0"},
				"east": {"uv": [3.5, 9.5, 4, 10], "texture": "#0"},
				"south": {"uv": [8.5, 11, 13, 11.5], "texture": "#0"},
				"west": {"uv": [4, 9.5, 4.5, 10], "texture": "#0"},
				"up": {"uv": [2.5, 15.5, 2, 11], "rotation": 90, "texture": "#0"},
				"down": {"uv": [3, 11, 2.5, 15.5], "rotation": 270, "texture": "#0"}
			}
		},
		{
			"from": [8.5, 6.75, 4.5],
			"to": [11.5, 10.75, 7.5],
			"rotation": {"angle": 0, "axis": "x", "origin": [10, 10.71194, 6]},
			"faces": {
				"north": {"uv": [0, 0, 3, 4], "texture": "#1"},
				"east": {"uv": [3, 0, 6, 4], "texture": "#1"},
				"south": {"uv": [0, 4, 3, 8], "texture": "#1"},
				"west": {"uv": [3, 4, 6, 8], "texture": "#1"},
				"up": {"uv": [9, 3, 6, 0], "texture": "#1"},
				"down": {"uv": [9, 3, 6, 6], "texture": "#1"}
			}
		},
		{
			"from": [9.5, 10.75, 6.5],
			"to": [10.5, 14.75, 6.5],
			"rotation": {"angle": 0, "axis": "x", "origin": [10, 10.71194, 6]},
			"faces": {
				"north": {"uv": [6, 6, 7, 10], "texture": "#1"},
				"east": {"uv": [0, 0, 0, 4], "texture": "#1"},
				"south": {"uv": [7, 6, 8, 10], "texture": "#1"},
				"west": {"uv": [0, 0, 0, 4], "texture": "#1"},
				"up": {"uv": [1, 0, 0, 0], "texture": "#1"},
				"down": {"uv": [1, 0, 0, 0], "texture": "#1"}
			}
		},
		{
			"from": [9.5, 10.75, 5.5],
			"to": [10.5, 14.75, 5.5],
			"rotation": {"angle": 0, "axis": "x", "origin": [10, 10.71194, 6]},
			"faces": {
				"north": {"uv": [0, 8, 1, 12], "texture": "#1"},
				"east": {"uv": [0, 0, 0, 4], "texture": "#1"},
				"south": {"uv": [1, 8, 2, 12], "texture": "#1"},
				"west": {"uv": [0, 0, 0, 4], "texture": "#1"},
				"up": {"uv": [1, 0, 0, 0], "texture": "#1"},
				"down": {"uv": [1, 0, 0, 0], "texture": "#1"}
			}
		},
		{
			"from": [9.5, 10.93844, 5.55263],
			"to": [10.5, 13.93844, 5.55263],
			"rotation": {"angle": -22.5, "axis": "x", "origin": [10, 10.71194, 6]},
			"faces": {
				"north": {"uv": [8, 6, 9, 9], "texture": "#1"},
				"east": {"uv": [0, 0, 0, 3], "texture": "#1"},
				"south": {"uv": [9, 0, 10, 3], "texture": "#1"},
				"west": {"uv": [0, 0, 0, 3], "texture": "#1"},
				"up": {"uv": [1, 0, 0, 0], "texture": "#1"},
				"down": {"uv": [1, 0, 0, 0], "texture": "#1"}
			}
		},
		{
			"from": [10.5, 8.54949, 3.4807],
			"to": [11.5, 10.54949, 3.4807],
			"rotation": {"angle": -22.5, "axis": "x", "origin": [10, 10.71194, 6]},
			"faces": {
				"north": {"uv": [6, 10, 7, 12], "texture": "#1"},
				"east": {"uv": [0, 0, 0, 2], "texture": "#1"},
				"south": {"uv": [10, 6, 11, 8], "texture": "#1"},
				"west": {"uv": [0, 0, 0, 2], "texture": "#1"},
				"up": {"uv": [1, 0, 0, 0], "texture": "#1"},
				"down": {"uv": [1, 0, 0, 0], "texture": "#1"}
			}
		},
		{
			"from": [8.5, 9.47337, 3.86338],
			"to": [9.5, 11.47337, 3.86338],
			"rotation": {"angle": -22.5, "axis": "x", "origin": [10, 10.71194, 6]},
			"faces": {
				"north": {"uv": [7, 10, 8, 12], "texture": "#1"},
				"east": {"uv": [0, 0, 0, 2], "texture": "#1"},
				"south": {"uv": [10, 8, 11, 10], "texture": "#1"},
				"west": {"uv": [0, 0, 0, 2], "texture": "#1"},
				"up": {"uv": [1, 0, 0, 0], "texture": "#1"},
				"down": {"uv": [1, 0, 0, 0], "texture": "#1"}
			}
		},
		{
			"from": [12.5183, 8.54949, 6.5],
			"to": [12.5183, 10.54949, 7.5],
			"rotation": {"angle": -22.5, "axis": "z", "origin": [10, 10.71194, 6]},
			"faces": {
				"north": {"uv": [0, 0, 0, 2], "texture": "#1"},
				"east": {"uv": [11, 10, 12, 12], "texture": "#1"},
				"south": {"uv": [0, 0, 0, 2], "texture": "#1"},
				"west": {"uv": [0, 12, 1, 14], "texture": "#1"},
				"up": {"uv": [0, 1, 0, 0], "texture": "#1"},
				"down": {"uv": [0, 0, 0, 1], "texture": "#1"}
			}
		},
		{
			"from": [12.13562, 9.47337, 4.5],
			"to": [12.13562, 11.47337, 5.5],
			"rotation": {"angle": -22.5, "axis": "z", "origin": [10, 10.71194, 6]},
			"faces": {
				"north": {"uv": [0, 0, 0, 2], "texture": "#1"},
				"east": {"uv": [11, 6, 12, 8], "texture": "#1"},
				"south": {"uv": [0, 0, 0, 2], "texture": "#1"},
				"west": {"uv": [11, 8, 12, 10], "texture": "#1"},
				"up": {"uv": [0, 1, 0, 0], "texture": "#1"},
				"down": {"uv": [0, 0, 0, 1], "texture": "#1"}
			}
		},
		{
			"from": [7.86438, 9.47337, 6.5],
			"to": [7.86438, 11.47337, 7.5],
			"rotation": {"angle": 22.5, "axis": "z", "origin": [10, 10.71194, 6]},
			"faces": {
				"north": {"uv": [0, 0, 0, 2], "texture": "#1"},
				"east": {"uv": [2, 12, 3, 14], "texture": "#1"},
				"south": {"uv": [0, 0, 0, 2], "texture": "#1"},
				"west": {"uv": [12, 2, 13, 4], "texture": "#1"},
				"up": {"uv": [0, 1, 0, 0], "texture": "#1"},
				"down": {"uv": [0, 0, 0, 1], "texture": "#1"}
			}
		},
		{
			"from": [7.4817, 8.54949, 4.5],
			"to": [7.4817, 10.54949, 5.5],
			"rotation": {"angle": 22.5, "axis": "z", "origin": [10, 10.71194, 6]},
			"faces": {
				"north": {"uv": [0, 0, 0, 2], "texture": "#1"},
				"east": {"uv": [12, 0, 13, 2], "texture": "#1"},
				"south": {"uv": [0, 0, 0, 2], "texture": "#1"},
				"west": {"uv": [1, 12, 2, 14], "texture": "#1"},
				"up": {"uv": [0, 1, 0, 0], "texture": "#1"},
				"down": {"uv": [0, 0, 0, 1], "texture": "#1"}
			}
		},
		{
			"from": [10.5, 9.47337, 8.13662],
			"to": [11.5, 11.47337, 8.13662],
			"rotation": {"angle": 22.5, "axis": "x", "origin": [10, 10.71194, 6]},
			"faces": {
				"north": {"uv": [11, 2, 12, 4], "texture": "#1"},
				"east": {"uv": [0, 0, 0, 2], "texture": "#1"},
				"south": {"uv": [11, 4, 12, 6], "texture": "#1"},
				"west": {"uv": [0, 0, 0, 2], "texture": "#1"},
				"up": {"uv": [1, 0, 0, 0], "texture": "#1"},
				"down": {"uv": [1, 0, 0, 0], "texture": "#1"}
			}
		},
		{
			"from": [8.5, 8.54949, 8.5193],
			"to": [9.5, 10.54949, 8.5193],
			"rotation": {"angle": 22.5, "axis": "x", "origin": [10, 10.71194, 6]},
			"faces": {
				"north": {"uv": [10, 10, 11, 12], "texture": "#1"},
				"east": {"uv": [0, 0, 0, 2], "texture": "#1"},
				"south": {"uv": [11, 0, 12, 2], "texture": "#1"},
				"west": {"uv": [0, 0, 0, 2], "texture": "#1"},
				"up": {"uv": [1, 0, 0, 0], "texture": "#1"},
				"down": {"uv": [1, 0, 0, 0], "texture": "#1"}
			}
		},
		{
			"from": [9.5, 10.93844, 6.44737],
			"to": [10.5, 13.93844, 6.44737],
			"rotation": {"angle": 22.5, "axis": "x", "origin": [10, 10.71194, 6]},
			"faces": {
				"north": {"uv": [9, 3, 10, 6], "texture": "#1"},
				"east": {"uv": [0, 0, 0, 3], "texture": "#1"},
				"south": {"uv": [9, 6, 10, 9], "texture": "#1"},
				"west": {"uv": [0, 0, 0, 3], "texture": "#1"},
				"up": {"uv": [1, 0, 0, 0], "texture": "#1"},
				"down": {"uv": [1, 0, 0, 0], "texture": "#1"}
			}
		},
		{
			"from": [9.55148, 10.93809, 5.50092],
			"to": [9.55148, 13.93809, 6.50092],
			"rotation": {"angle": 22.5, "axis": "z", "origin": [10, 10.71194, 6]},
			"faces": {
				"north": {"uv": [0, 0, 0, 3], "texture": "#1"},
				"east": {"uv": [8, 9, 9, 12], "texture": "#1"},
				"south": {"uv": [0, 0, 0, 3], "texture": "#1"},
				"west": {"uv": [9, 9, 10, 12], "texture": "#1"},
				"up": {"uv": [0, 1, 0, 0], "texture": "#1"},
				"down": {"uv": [0, 0, 0, 1], "texture": "#1"}
			}
		},
		{
			"from": [10.44852, 10.93809, 5.49908],
			"to": [10.44852, 13.93809, 6.49908],
			"rotation": {"angle": -22.5, "axis": "z", "origin": [10, 10.71194, 6]},
			"faces": {
				"north": {"uv": [0, 0, 0, 3], "texture": "#1"},
				"east": {"uv": [10, 0, 11, 3], "texture": "#1"},
				"south": {"uv": [0, 0, 0, 3], "texture": "#1"},
				"west": {"uv": [10, 3, 11, 6], "texture": "#1"},
				"up": {"uv": [0, 1, 0, 0], "texture": "#1"},
				"down": {"uv": [0, 0, 0, 1], "texture": "#1"}
			}
		},
		{
			"from": [9.5, 10.75, 5.5],
			"to": [9.5, 14.75, 6.5],
			"rotation": {"angle": 0, "axis": "x", "origin": [10, 10.71194, 6]},
			"faces": {
				"north": {"uv": [0, 0, 0, 4], "texture": "#1"},
				"east": {"uv": [2, 8, 3, 12], "texture": "#1"},
				"south": {"uv": [0, 0, 0, 4], "texture": "#1"},
				"west": {"uv": [3, 8, 4, 12], "texture": "#1"},
				"up": {"uv": [0, 1, 0, 0], "texture": "#1"},
				"down": {"uv": [0, 0, 0, 1], "texture": "#1"}
			}
		},
		{
			"from": [10.5, 10.75, 5.5],
			"to": [10.5, 14.75, 6.5],
			"rotation": {"angle": 0, "axis": "x", "origin": [10, 10.71194, 6]},
			"faces": {
				"north": {"uv": [0, 0, 0, 4], "texture": "#1"},
				"east": {"uv": [4, 8, 5, 12], "texture": "#1"},
				"south": {"uv": [0, 0, 0, 4], "texture": "#1"},
				"west": {"uv": [5, 8, 6, 12], "texture": "#1"},
				"up": {"uv": [0, 1, 0, 0], "texture": "#1"},
				"down": {"uv": [0, 0, 0, 1], "texture": "#1"}
			}
		},
		{
			"from": [4.5, 5.75, 8.5],
			"to": [7.5, 9.75, 11.5],
			"rotation": {"angle": 0, "axis": "x", "origin": [6, 9.71194, 10]},
			"faces": {
				"north": {"uv": [0, 0, 3, 4], "texture": "#1"},
				"east": {"uv": [3, 0, 6, 4], "texture": "#1"},
				"south": {"uv": [0, 4, 3, 8], "texture": "#1"},
				"west": {"uv": [3, 4, 6, 8], "texture": "#1"},
				"up": {"uv": [9, 3, 6, 0], "texture": "#1"},
				"down": {"uv": [9, 3, 6, 6], "texture": "#1"}
			}
		},
		{
			"from": [5.5, 9.75, 10.5],
			"to": [6.5, 13.75, 10.5],
			"rotation": {"angle": 0, "axis": "x", "origin": [6, 9.71194, 10]},
			"faces": {
				"north": {"uv": [6, 6, 7, 10], "texture": "#1"},
				"east": {"uv": [0, 0, 0, 4], "texture": "#1"},
				"south": {"uv": [7, 6, 8, 10], "texture": "#1"},
				"west": {"uv": [0, 0, 0, 4], "texture": "#1"},
				"up": {"uv": [1, 0, 0, 0], "texture": "#1"},
				"down": {"uv": [1, 0, 0, 0], "texture": "#1"}
			}
		},
		{
			"from": [5.5, 9.75, 9.5],
			"to": [6.5, 13.75, 9.5],
			"rotation": {"angle": 0, "axis": "x", "origin": [6, 9.71194, 10]},
			"faces": {
				"north": {"uv": [0, 8, 1, 12], "texture": "#1"},
				"east": {"uv": [0, 0, 0, 4], "texture": "#1"},
				"south": {"uv": [1, 8, 2, 12], "texture": "#1"},
				"west": {"uv": [0, 0, 0, 4], "texture": "#1"},
				"up": {"uv": [1, 0, 0, 0], "texture": "#1"},
				"down": {"uv": [1, 0, 0, 0], "texture": "#1"}
			}
		},
		{
			"from": [5.5, 9.93844, 9.55263],
			"to": [6.5, 12.93844, 9.55263],
			"rotation": {"angle": -22.5, "axis": "x", "origin": [6, 9.71194, 10]},
			"faces": {
				"north": {"uv": [8, 6, 9, 9], "texture": "#1"},
				"east": {"uv": [0, 0, 0, 3], "texture": "#1"},
				"south": {"uv": [9, 0, 10, 3], "texture": "#1"},
				"west": {"uv": [0, 0, 0, 3], "texture": "#1"},
				"up": {"uv": [1, 0, 0, 0], "texture": "#1"},
				"down": {"uv": [1, 0, 0, 0], "texture": "#1"}
			}
		},
		{
			"from": [6.5, 7.54949, 7.4807],
			"to": [7.5, 9.54949, 7.4807],
			"rotation": {"angle": -22.5, "axis": "x", "origin": [6, 9.71194, 10]},
			"faces": {
				"north": {"uv": [6, 10, 7, 12], "texture": "#1"},
				"east": {"uv": [0, 0, 0, 2], "texture": "#1"},
				"south": {"uv": [10, 6, 11, 8], "texture": "#1"},
				"west": {"uv": [0, 0, 0, 2], "texture": "#1"},
				"up": {"uv": [1, 0, 0, 0], "texture": "#1"},
				"down": {"uv": [1, 0, 0, 0], "texture": "#1"}
			}
		},
		{
			"from": [4.5, 8.47337, 7.86338],
			"to": [5.5, 10.47337, 7.86338],
			"rotation": {"angle": -22.5, "axis": "x", "origin": [6, 9.71194, 10]},
			"faces": {
				"north": {"uv": [7, 10, 8, 12], "texture": "#1"},
				"east": {"uv": [0, 0, 0, 2], "texture": "#1"},
				"south": {"uv": [10, 8, 11, 10], "texture": "#1"},
				"west": {"uv": [0, 0, 0, 2], "texture": "#1"},
				"up": {"uv": [1, 0, 0, 0], "texture": "#1"},
				"down": {"uv": [1, 0, 0, 0], "texture": "#1"}
			}
		},
		{
			"from": [8.5183, 7.54949, 10.5],
			"to": [8.5183, 9.54949, 11.5],
			"rotation": {"angle": -22.5, "axis": "z", "origin": [6, 9.71194, 10]},
			"faces": {
				"north": {"uv": [0, 0, 0, 2], "texture": "#1"},
				"east": {"uv": [11, 10, 12, 12], "texture": "#1"},
				"south": {"uv": [0, 0, 0, 2], "texture": "#1"},
				"west": {"uv": [0, 12, 1, 14], "texture": "#1"},
				"up": {"uv": [0, 1, 0, 0], "texture": "#1"},
				"down": {"uv": [0, 0, 0, 1], "texture": "#1"}
			}
		},
		{
			"from": [8.13562, 8.47337, 8.5],
			"to": [8.13562, 10.47337, 9.5],
			"rotation": {"angle": -22.5, "axis": "z", "origin": [6, 9.71194, 10]},
			"faces": {
				"north": {"uv": [0, 0, 0, 2], "texture": "#1"},
				"east": {"uv": [11, 6, 12, 8], "texture": "#1"},
				"south": {"uv": [0, 0, 0, 2], "texture": "#1"},
				"west": {"uv": [11, 8, 12, 10], "texture": "#1"},
				"up": {"uv": [0, 1, 0, 0], "texture": "#1"},
				"down": {"uv": [0, 0, 0, 1], "texture": "#1"}
			}
		},
		{
			"from": [3.86438, 8.47337, 10.5],
			"to": [3.86438, 10.47337, 11.5],
			"rotation": {"angle": 22.5, "axis": "z", "origin": [6, 9.71194, 10]},
			"faces": {
				"north": {"uv": [0, 0, 0, 2], "texture": "#1"},
				"east": {"uv": [2, 12, 3, 14], "texture": "#1"},
				"south": {"uv": [0, 0, 0, 2], "texture": "#1"},
				"west": {"uv": [12, 2, 13, 4], "texture": "#1"},
				"up": {"uv": [0, 1, 0, 0], "texture": "#1"},
				"down": {"uv": [0, 0, 0, 1], "texture": "#1"}
			}
		},
		{
			"from": [3.4817, 7.54949, 8.5],
			"to": [3.4817, 9.54949, 9.5],
			"rotation": {"angle": 22.5, "axis": "z", "origin": [6, 9.71194, 10]},
			"faces": {
				"north": {"uv": [0, 0, 0, 2], "texture": "#1"},
				"east": {"uv": [12, 0, 13, 2], "texture": "#1"},
				"south": {"uv": [0, 0, 0, 2], "texture": "#1"},
				"west": {"uv": [1, 12, 2, 14], "texture": "#1"},
				"up": {"uv": [0, 1, 0, 0], "texture": "#1"},
				"down": {"uv": [0, 0, 0, 1], "texture": "#1"}
			}
		},
		{
			"from": [6.5, 8.47337, 12.13662],
			"to": [7.5, 10.47337, 12.13662],
			"rotation": {"angle": 22.5, "axis": "x", "origin": [6, 9.71194, 10]},
			"faces": {
				"north": {"uv": [11, 2, 12, 4], "texture": "#1"},
				"east": {"uv": [0, 0, 0, 2], "texture": "#1"},
				"south": {"uv": [11, 4, 12, 6], "texture": "#1"},
				"west": {"uv": [0, 0, 0, 2], "texture": "#1"},
				"up": {"uv": [1, 0, 0, 0], "texture": "#1"},
				"down": {"uv": [1, 0, 0, 0], "texture": "#1"}
			}
		},
		{
			"from": [4.5, 7.54949, 12.5193],
			"to": [5.5, 9.54949, 12.5193],
			"rotation": {"angle": 22.5, "axis": "x", "origin": [6, 9.71194, 10]},
			"faces": {
				"north": {"uv": [10, 10, 11, 12], "texture": "#1"},
				"east": {"uv": [0, 0, 0, 2], "texture": "#1"},
				"south": {"uv": [11, 0, 12, 2], "texture": "#1"},
				"west": {"uv": [0, 0, 0, 2], "texture": "#1"},
				"up": {"uv": [1, 0, 0, 0], "texture": "#1"},
				"down": {"uv": [1, 0, 0, 0], "texture": "#1"}
			}
		},
		{
			"from": [5.5, 9.93844, 10.44737],
			"to": [6.5, 12.93844, 10.44737],
			"rotation": {"angle": 22.5, "axis": "x", "origin": [6, 9.71194, 10]},
			"faces": {
				"north": {"uv": [9, 3, 10, 6], "texture": "#1"},
				"east": {"uv": [0, 0, 0, 3], "texture": "#1"},
				"south": {"uv": [9, 6, 10, 9], "texture": "#1"},
				"west": {"uv": [0, 0, 0, 3], "texture": "#1"},
				"up": {"uv": [1, 0, 0, 0], "texture": "#1"},
				"down": {"uv": [1, 0, 0, 0], "texture": "#1"}
			}
		},
		{
			"from": [5.55148, 9.93809, 9.50092],
			"to": [5.55148, 12.93809, 10.50092],
			"rotation": {"angle": 22.5, "axis": "z", "origin": [6, 9.71194, 10]},
			"faces": {
				"north": {"uv": [0, 0, 0, 3], "texture": "#1"},
				"east": {"uv": [8, 9, 9, 12], "texture": "#1"},
				"south": {"uv": [0, 0, 0, 3], "texture": "#1"},
				"west": {"uv": [9, 9, 10, 12], "texture": "#1"},
				"up": {"uv": [0, 1, 0, 0], "texture": "#1"},
				"down": {"uv": [0, 0, 0, 1], "texture": "#1"}
			}
		},
		{
			"from": [6.44852, 9.93809, 9.49908],
			"to": [6.44852, 12.93809, 10.49908],
			"rotation": {"angle": -22.5, "axis": "z", "origin": [6, 9.71194, 10]},
			"faces": {
				"north": {"uv": [0, 0, 0, 3], "texture": "#1"},
				"east": {"uv": [10, 0, 11, 3], "texture": "#1"},
				"south": {"uv": [0, 0, 0, 3], "texture": "#1"},
				"west": {"uv": [10, 3, 11, 6], "texture": "#1"},
				"up": {"uv": [0, 1, 0, 0], "texture": "#1"},
				"down": {"uv": [0, 0, 0, 1], "texture": "#1"}
			}
		},
		{
			"from": [5.5, 9.75, 9.5],
			"to": [5.5, 13.75, 10.5],
			"rotation": {"angle": 0, "axis": "x", "origin": [6, 9.71194, 10]},
			"faces": {
				"north": {"uv": [0, 0, 0, 4], "texture": "#1"},
				"east": {"uv": [2, 8, 3, 12], "texture": "#1"},
				"south": {"uv": [0, 0, 0, 4], "texture": "#1"},
				"west": {"uv": [3, 8, 4, 12], "texture": "#1"},
				"up": {"uv": [0, 1, 0, 0], "texture": "#1"},
				"down": {"uv": [0, 0, 0, 1], "texture": "#1"}
			}
		},
		{
			"from": [6.5, 9.75, 9.5],
			"to": [6.5, 13.75, 10.5],
			"rotation": {"angle": 0, "axis": "x", "origin": [6, 9.71194, 10]},
			"faces": {
				"north": {"uv": [0, 0, 0, 4], "texture": "#1"},
				"east": {"uv": [4, 8, 5, 12], "texture": "#1"},
				"south": {"uv": [0, 0, 0, 4], "texture": "#1"},
				"west": {"uv": [5, 8, 6, 12], "texture": "#1"},
				"up": {"uv": [0, 1, 0, 0], "texture": "#1"},
				"down": {"uv": [0, 0, 0, 1], "texture": "#1"}
			}
		},
		{
			"from": [8.5, 4.25, 8.5],
			"to": [11.5, 8.25, 11.5],
			"rotation": {"angle": 0, "axis": "x", "origin": [10, 8.21194, 10]},
			"faces": {
				"north": {"uv": [0, 0, 3, 4], "texture": "#1"},
				"east": {"uv": [3, 0, 6, 4], "texture": "#1"},
				"south": {"uv": [0, 4, 3, 8], "texture": "#1"},
				"west": {"uv": [3, 4, 6, 8], "texture": "#1"},
				"up": {"uv": [9, 3, 6, 0], "texture": "#1"},
				"down": {"uv": [9, 3, 6, 6], "texture": "#1"}
			}
		},
		{
			"from": [9.5, 8.25, 10.5],
			"to": [10.5, 12.25, 10.5],
			"rotation": {"angle": 0, "axis": "x", "origin": [10, 8.21194, 10]},
			"faces": {
				"north": {"uv": [6, 6, 7, 10], "texture": "#1"},
				"east": {"uv": [0, 0, 0, 4], "texture": "#1"},
				"south": {"uv": [7, 6, 8, 10], "texture": "#1"},
				"west": {"uv": [0, 0, 0, 4], "texture": "#1"},
				"up": {"uv": [1, 0, 0, 0], "texture": "#1"},
				"down": {"uv": [1, 0, 0, 0], "texture": "#1"}
			}
		},
		{
			"from": [9.5, 8.25, 9.5],
			"to": [10.5, 12.25, 9.5],
			"rotation": {"angle": 0, "axis": "x", "origin": [10, 8.21194, 10]},
			"faces": {
				"north": {"uv": [0, 8, 1, 12], "texture": "#1"},
				"east": {"uv": [0, 0, 0, 4], "texture": "#1"},
				"south": {"uv": [1, 8, 2, 12], "texture": "#1"},
				"west": {"uv": [0, 0, 0, 4], "texture": "#1"},
				"up": {"uv": [1, 0, 0, 0], "texture": "#1"},
				"down": {"uv": [1, 0, 0, 0], "texture": "#1"}
			}
		},
		{
			"from": [9.5, 8.43844, 9.55263],
			"to": [10.5, 11.43844, 9.55263],
			"rotation": {"angle": -22.5, "axis": "x", "origin": [10, 8.21194, 10]},
			"faces": {
				"north": {"uv": [8, 6, 9, 9], "texture": "#1"},
				"east": {"uv": [0, 0, 0, 3], "texture": "#1"},
				"south": {"uv": [9, 0, 10, 3], "texture": "#1"},
				"west": {"uv": [0, 0, 0, 3], "texture": "#1"},
				"up": {"uv": [1, 0, 0, 0], "texture": "#1"},
				"down": {"uv": [1, 0, 0, 0], "texture": "#1"}
			}
		},
		{
			"from": [10.5, 6.04949, 7.4807],
			"to": [11.5, 8.04949, 7.4807],
			"rotation": {"angle": -22.5, "axis": "x", "origin": [10, 8.21194, 10]},
			"faces": {
				"north": {"uv": [6, 10, 7, 12], "texture": "#1"},
				"east": {"uv": [0, 0, 0, 2], "texture": "#1"},
				"south": {"uv": [10, 6, 11, 8], "texture": "#1"},
				"west": {"uv": [0, 0, 0, 2], "texture": "#1"},
				"up": {"uv": [1, 0, 0, 0], "texture": "#1"},
				"down": {"uv": [1, 0, 0, 0], "texture": "#1"}
			}
		},
		{
			"from": [8.5, 6.97337, 7.86338],
			"to": [9.5, 8.97337, 7.86338],
			"rotation": {"angle": -22.5, "axis": "x", "origin": [10, 8.21194, 10]},
			"faces": {
				"north": {"uv": [7, 10, 8, 12], "texture": "#1"},
				"east": {"uv": [0, 0, 0, 2], "texture": "#1"},
				"south": {"uv": [10, 8, 11, 10], "texture": "#1"},
				"west": {"uv": [0, 0, 0, 2], "texture": "#1"},
				"up": {"uv": [1, 0, 0, 0], "texture": "#1"},
				"down": {"uv": [1, 0, 0, 0], "texture": "#1"}
			}
		},
		{
			"from": [12.5183, 6.04949, 10.5],
			"to": [12.5183, 8.04949, 11.5],
			"rotation": {"angle": -22.5, "axis": "z", "origin": [10, 8.21194, 10]},
			"faces": {
				"north": {"uv": [0, 0, 0, 2], "texture": "#1"},
				"east": {"uv": [11, 10, 12, 12], "texture": "#1"},
				"south": {"uv": [0, 0, 0, 2], "texture": "#1"},
				"west": {"uv": [0, 12, 1, 14], "texture": "#1"},
				"up": {"uv": [0, 1, 0, 0], "texture": "#1"},
				"down": {"uv": [0, 0, 0, 1], "texture": "#1"}
			}
		},
		{
			"from": [12.13562, 6.97337, 8.5],
			"to": [12.13562, 8.97337, 9.5],
			"rotation": {"angle": -22.5, "axis": "z", "origin": [10, 8.21194, 10]},
			"faces": {
				"north": {"uv": [0, 0, 0, 2], "texture": "#1"},
				"east": {"uv": [11, 6, 12, 8], "texture": "#1"},
				"south": {"uv": [0, 0, 0, 2], "texture": "#1"},
				"west": {"uv": [11, 8, 12, 10], "texture": "#1"},
				"up": {"uv": [0, 1, 0, 0], "texture": "#1"},
				"down": {"uv": [0, 0, 0, 1], "texture": "#1"}
			}
		},
		{
			"from": [7.86438, 6.97337, 10.5],
			"to": [7.86438, 8.97337, 11.5],
			"rotation": {"angle": 22.5, "axis": "z", "origin": [10, 8.21194, 10]},
			"faces": {
				"north": {"uv": [0, 0, 0, 2], "texture": "#1"},
				"east": {"uv": [2, 12, 3, 14], "texture": "#1"},
				"south": {"uv": [0, 0, 0, 2], "texture": "#1"},
				"west": {"uv": [12, 2, 13, 4], "texture": "#1"},
				"up": {"uv": [0, 1, 0, 0], "texture": "#1"},
				"down": {"uv": [0, 0, 0, 1], "texture": "#1"}
			}
		},
		{
			"from": [7.4817, 6.04949, 8.5],
			"to": [7.4817, 8.04949, 9.5],
			"rotation": {"angle": 22.5, "axis": "z", "origin": [10, 8.21194, 10]},
			"faces": {
				"north": {"uv": [0, 0, 0, 2], "texture": "#1"},
				"east": {"uv": [12, 0, 13, 2], "texture": "#1"},
				"south": {"uv": [0, 0, 0, 2], "texture": "#1"},
				"west": {"uv": [1, 12, 2, 14], "texture": "#1"},
				"up": {"uv": [0, 1, 0, 0], "texture": "#1"},
				"down": {"uv": [0, 0, 0, 1], "texture": "#1"}
			}
		},
		{
			"from": [10.5, 6.97337, 12.13662],
			"to": [11.5, 8.97337, 12.13662],
			"rotation": {"angle": 22.5, "axis": "x", "origin": [10, 8.21194, 10]},
			"faces": {
				"north": {"uv": [11, 2, 12, 4], "texture": "#1"},
				"east": {"uv": [0, 0, 0, 2], "texture": "#1"},
				"south": {"uv": [11, 4, 12, 6], "texture": "#1"},
				"west": {"uv": [0, 0, 0, 2], "texture": "#1"},
				"up": {"uv": [1, 0, 0, 0], "texture": "#1"},
				"down": {"uv": [1, 0, 0, 0], "texture": "#1"}
			}
		},
		{
			"from": [8.5, 6.04949, 12.5193],
			"to": [9.5, 8.04949, 12.5193],
			"rotation": {"angle": 22.5, "axis": "x", "origin": [10, 8.21194, 10]},
			"faces": {
				"north": {"uv": [10, 10, 11, 12], "texture": "#1"},
				"east": {"uv": [0, 0, 0, 2], "texture": "#1"},
				"south": {"uv": [11, 0, 12, 2], "texture": "#1"},
				"west": {"uv": [0, 0, 0, 2], "texture": "#1"},
				"up": {"uv": [1, 0, 0, 0], "texture": "#1"},
				"down": {"uv": [1, 0, 0, 0], "texture": "#1"}
			}
		},
		{
			"from": [9.5, 8.43844, 10.44737],
			"to": [10.5, 11.43844, 10.44737],
			"rotation": {"angle": 22.5, "axis": "x", "origin": [10, 8.21194, 10]},
			"faces": {
				"north": {"uv": [9, 3, 10, 6], "texture": "#1"},
				"east": {"uv": [0, 0, 0, 3], "texture": "#1"},
				"south": {"uv": [9, 6, 10, 9], "texture": "#1"},
				"west": {"uv": [0, 0, 0, 3], "texture": "#1"},
				"up": {"uv": [1, 0, 0, 0], "texture": "#1"},
				"down": {"uv": [1, 0, 0, 0], "texture": "#1"}
			}
		},
		{
			"from": [9.55148, 8.43809, 9.50092],
			"to": [9.55148, 11.43809, 10.50092],
			"rotation": {"angle": 22.5, "axis": "z", "origin": [10, 8.21194, 10]},
			"faces": {
				"north": {"uv": [0, 0, 0, 3], "texture": "#1"},
				"east": {"uv": [8, 9, 9, 12], "texture": "#1"},
				"south": {"uv": [0, 0, 0, 3], "texture": "#1"},
				"west": {"uv": [9, 9, 10, 12], "texture": "#1"},
				"up": {"uv": [0, 1, 0, 0], "texture": "#1"},
				"down": {"uv": [0, 0, 0, 1], "texture": "#1"}
			}
		},
		{
			"from": [10.44852, 8.43809, 9.49908],
			"to": [10.44852, 11.43809, 10.49908],
			"rotation": {"angle": -22.5, "axis": "z", "origin": [10, 8.21194, 10]},
			"faces": {
				"north": {"uv": [0, 0, 0, 3], "texture": "#1"},
				"east": {"uv": [10, 0, 11, 3], "texture": "#1"},
				"south": {"uv": [0, 0, 0, 3], "texture": "#1"},
				"west": {"uv": [10, 3, 11, 6], "texture": "#1"},
				"up": {"uv": [0, 1, 0, 0], "texture": "#1"},
				"down": {"uv": [0, 0, 0, 1], "texture": "#1"}
			}
		},
		{
			"from": [9.5, 8.25, 9.5],
			"to": [9.5, 12.25, 10.5],
			"rotation": {"angle": 0, "axis": "x", "origin": [10, 8.21194, 10]},
			"faces": {
				"north": {"uv": [0, 0, 0, 4], "texture": "#1"},
				"east": {"uv": [2, 8, 3, 12], "texture": "#1"},
				"south": {"uv": [0, 0, 0, 4], "texture": "#1"},
				"west": {"uv": [3, 8, 4, 12], "texture": "#1"},
				"up": {"uv": [0, 1, 0, 0], "texture": "#1"},
				"down": {"uv": [0, 0, 0, 1], "texture": "#1"}
			}
		},
		{
			"from": [10.5, 8.25, 9.5],
			"to": [10.5, 12.25, 10.5],
			"rotation": {"angle": 0, "axis": "x", "origin": [10, 8.21194, 10]},
			"faces": {
				"north": {"uv": [0, 0, 0, 4], "texture": "#1"},
				"east": {"uv": [4, 8, 5, 12], "texture": "#1"},
				"south": {"uv": [0, 0, 0, 4], "texture": "#1"},
				"west": {"uv": [5, 8, 6, 12], "texture": "#1"},
				"up": {"uv": [0, 1, 0, 0], "texture": "#1"},
				"down": {"uv": [0, 0, 0, 1], "texture": "#1"}
			}
		},
		{
			"from": [5.5, 4.71194, 4.03806],
			"to": [8.5, 7.71194, 8.03806],
			"rotation": {"angle": 0, "axis": "x", "origin": [7, 6.21194, 8]},
			"faces": {
				"north": {"uv": [9, 3, 6, 6], "rotation": 180, "texture": "#1"},
				"east": {"uv": [3, 0, 6, 4], "rotation": 270, "texture": "#1"},
				"south": {"uv": [9, 3, 6, 0], "texture": "#1"},
				"west": {"uv": [3, 4, 6, 8], "rotation": 90, "texture": "#1"},
				"up": {"uv": [0, 0, 3, 4], "rotation": 180, "texture": "#1"},
				"down": {"uv": [0, 4, 3, 8], "texture": "#1"}
			}
		},
		{
			"from": [6.5, 5.71194, 8.03806],
			"to": [7.5, 5.71194, 12.03806],
			"rotation": {"angle": 0, "axis": "x", "origin": [7, 6.21194, 8]},
			"faces": {
				"north": {"uv": [1, 0, 0, 0], "rotation": 180, "texture": "#1"},
				"east": {"uv": [0, 0, 0, 4], "rotation": 270, "texture": "#1"},
				"south": {"uv": [1, 0, 0, 0], "texture": "#1"},
				"west": {"uv": [0, 0, 0, 4], "rotation": 90, "texture": "#1"},
				"up": {"uv": [6, 6, 7, 10], "rotation": 180, "texture": "#1"},
				"down": {"uv": [7, 6, 8, 10], "texture": "#1"}
			}
		},
		{
			"from": [6.5, 6.71194, 8.03806],
			"to": [7.5, 6.71194, 12.03806],
			"rotation": {"angle": 0, "axis": "x", "origin": [7, 6.21194, 8]},
			"faces": {
				"north": {"uv": [1, 0, 0, 0], "rotation": 180, "texture": "#1"},
				"east": {"uv": [0, 0, 0, 4], "rotation": 270, "texture": "#1"},
				"south": {"uv": [1, 0, 0, 0], "texture": "#1"},
				"west": {"uv": [0, 0, 0, 4], "rotation": 90, "texture": "#1"},
				"up": {"uv": [0, 8, 1, 12], "rotation": 180, "texture": "#1"},
				"down": {"uv": [1, 8, 2, 12], "texture": "#1"}
			}
		},
		{
			"from": [6.5, 6.65931, 8.2265],
			"to": [7.5, 6.65931, 11.2265],
			"rotation": {"angle": -22.5, "axis": "x", "origin": [7, 6.21194, 8]},
			"faces": {
				"north": {"uv": [1, 0, 0, 0], "rotation": 180, "texture": "#1"},
				"east": {"uv": [0, 0, 0, 3], "rotation": 270, "texture": "#1"},
				"south": {"uv": [1, 0, 0, 0], "texture": "#1"},
				"west": {"uv": [0, 0, 0, 3], "rotation": 90, "texture": "#1"},
				"up": {"uv": [8, 6, 9, 9], "rotation": 180, "texture": "#1"},
				"down": {"uv": [9, 0, 10, 3], "texture": "#1"}
			}
		},
		{
			"from": [7.5, 8.73124, 5.83755],
			"to": [8.5, 8.73124, 7.83755],
			"rotation": {"angle": -22.5, "axis": "x", "origin": [7, 6.21194, 8]},
			"faces": {
				"north": {"uv": [1, 0, 0, 0], "rotation": 180, "texture": "#1"},
				"east": {"uv": [0, 0, 0, 2], "rotation": 270, "texture": "#1"},
				"south": {"uv": [1, 0, 0, 0], "texture": "#1"},
				"west": {"uv": [0, 0, 0, 2], "rotation": 90, "texture": "#1"},
				"up": {"uv": [6, 10, 7, 12], "rotation": 180, "texture": "#1"},
				"down": {"uv": [10, 6, 11, 8], "texture": "#1"}
			}
		},
		{
			"from": [5.5, 8.34856, 6.76143],
			"to": [6.5, 8.34856, 8.76143],
			"rotation": {"angle": -22.5, "axis": "x", "origin": [7, 6.21194, 8]},
			"faces": {
				"north": {"uv": [1, 0, 0, 0], "rotation": 180, "texture": "#1"},
				"east": {"uv": [0, 0, 0, 2], "rotation": 270, "texture": "#1"},
				"south": {"uv": [1, 0, 0, 0], "texture": "#1"},
				"west": {"uv": [0, 0, 0, 2], "rotation": 90, "texture": "#1"},
				"up": {"uv": [7, 10, 8, 12], "rotation": 180, "texture": "#1"},
				"down": {"uv": [10, 8, 11, 10], "texture": "#1"}
			}
		},
		{
			"from": [9.5183, 4.71194, 5.83755],
			"to": [9.5183, 5.71194, 7.83755],
			"rotation": {"angle": 22.5, "axis": "y", "origin": [7, 6.21194, 8]},
			"faces": {
				"north": {"uv": [0, 0, 0, 1], "rotation": 180, "texture": "#1"},
				"east": {"uv": [11, 10, 12, 12], "rotation": 270, "texture": "#1"},
				"south": {"uv": [0, 1, 0, 0], "texture": "#1"},
				"west": {"uv": [0, 12, 1, 14], "rotation": 90, "texture": "#1"},
				"up": {"uv": [0, 0, 0, 2], "rotation": 180, "texture": "#1"},
				"down": {"uv": [0, 0, 0, 2], "texture": "#1"}
			}
		},
		{
			"from": [9.13562, 6.71194, 6.76143],
			"to": [9.13562, 7.71194, 8.76143],
			"rotation": {"angle": 22.5, "axis": "y", "origin": [7, 6.21194, 8]},
			"faces": {
				"north": {"uv": [0, 0, 0, 1], "rotation": 180, "texture": "#1"},
				"east": {"uv": [11, 6, 12, 8], "rotation": 270, "texture": "#1"},
				"south": {"uv": [0, 1, 0, 0], "texture": "#1"},
				"west": {"uv": [11, 8, 12, 10], "rotation": 90, "texture": "#1"},
				"up": {"uv": [0, 0, 0, 2], "rotation": 180, "texture": "#1"},
				"down": {"uv": [0, 0, 0, 2], "texture": "#1"}
			}
		},
		{
			"from": [4.86438, 4.71194, 6.76143],
			"to": [4.86438, 5.71194, 8.76143],
			"rotation": {"angle": -22.5, "axis": "y", "origin": [7, 6.21194, 8]},
			"faces": {
				"north": {"uv": [0, 0, 0, 1], "rotation": 180, "texture": "#1"},
				"east": {"uv": [2, 12, 3, 14], "rotation": 270, "texture": "#1"},
				"south": {"uv": [0, 1, 0, 0], "texture": "#1"},
				"west": {"uv": [12, 2, 13, 4], "rotation": 90, "texture": "#1"},
				"up": {"uv": [0, 0, 0, 2], "rotation": 180, "texture": "#1"},
				"down": {"uv": [0, 0, 0, 2], "texture": "#1"}
			}
		},
		{
			"from": [4.4817, 6.71194, 5.83755],
			"to": [4.4817, 7.71194, 7.83755],
			"rotation": {"angle": -22.5, "axis": "y", "origin": [7, 6.21194, 8]},
			"faces": {
				"north": {"uv": [0, 0, 0, 1], "rotation": 180, "texture": "#1"},
				"east": {"uv": [12, 0, 13, 2], "rotation": 270, "texture": "#1"},
				"south": {"uv": [0, 1, 0, 0], "texture": "#1"},
				"west": {"uv": [1, 12, 2, 14], "rotation": 90, "texture": "#1"},
				"up": {"uv": [0, 0, 0, 2], "rotation": 180, "texture": "#1"},
				"down": {"uv": [0, 0, 0, 2], "texture": "#1"}
			}
		},
		{
			"from": [7.5, 4.07532, 6.76143],
			"to": [8.5, 4.07532, 8.76143],
			"rotation": {"angle": 22.5, "axis": "x", "origin": [7, 6.21194, 8]},
			"faces": {
				"north": {"uv": [1, 0, 0, 0], "rotation": 180, "texture": "#1"},
				"east": {"uv": [0, 0, 0, 2], "rotation": 270, "texture": "#1"},
				"south": {"uv": [1, 0, 0, 0], "texture": "#1"},
				"west": {"uv": [0, 0, 0, 2], "rotation": 90, "texture": "#1"},
				"up": {"uv": [11, 2, 12, 4], "rotation": 180, "texture": "#1"},
				"down": {"uv": [11, 4, 12, 6], "texture": "#1"}
			}
		},
		{
			"from": [5.5, 3.69264, 5.83755],
			"to": [6.5, 3.69264, 7.83755],
			"rotation": {"angle": 22.5, "axis": "x", "origin": [7, 6.21194, 8]},
			"faces": {
				"north": {"uv": [1, 0, 0, 0], "rotation": 180, "texture": "#1"},
				"east": {"uv": [0, 0, 0, 2], "rotation": 270, "texture": "#1"},
				"south": {"uv": [1, 0, 0, 0], "texture": "#1"},
				"west": {"uv": [0, 0, 0, 2], "rotation": 90, "texture": "#1"},
				"up": {"uv": [10, 10, 11, 12], "rotation": 180, "texture": "#1"},
				"down": {"uv": [11, 0, 12, 2], "texture": "#1"}
			}
		},
		{
			"from": [6.5, 5.76457, 8.2265],
			"to": [7.5, 5.76457, 11.2265],
			"rotation": {"angle": 22.5, "axis": "x", "origin": [7, 6.21194, 8]},
			"faces": {
				"north": {"uv": [1, 0, 0, 0], "rotation": 180, "texture": "#1"},
				"east": {"uv": [0, 0, 0, 3], "rotation": 270, "texture": "#1"},
				"south": {"uv": [1, 0, 0, 0], "texture": "#1"},
				"west": {"uv": [0, 0, 0, 3], "rotation": 90, "texture": "#1"},
				"up": {"uv": [9, 3, 10, 6], "rotation": 180, "texture": "#1"},
				"down": {"uv": [9, 6, 10, 9], "texture": "#1"}
			}
		},
		{
			"from": [6.55148, 5.71102, 8.22615],
			"to": [6.55148, 6.71102, 11.22615],
			"rotation": {"angle": -22.5, "axis": "y", "origin": [7, 6.21194, 8]},
			"faces": {
				"north": {"uv": [0, 0, 0, 1], "rotation": 180, "texture": "#1"},
				"east": {"uv": [8, 9, 9, 12], "rotation": 270, "texture": "#1"},
				"south": {"uv": [0, 1, 0, 0], "texture": "#1"},
				"west": {"uv": [9, 9, 10, 12], "rotation": 90, "texture": "#1"},
				"up": {"uv": [0, 0, 0, 3], "rotation": 180, "texture": "#1"},
				"down": {"uv": [0, 0, 0, 3], "texture": "#1"}
			}
		},
		{
			"from": [7.44852, 5.71286, 8.22615],
			"to": [7.44852, 6.71286, 11.22615],
			"rotation": {"angle": 22.5, "axis": "y", "origin": [7, 6.21194, 8]},
			"faces": {
				"north": {"uv": [0, 0, 0, 1], "rotation": 180, "texture": "#1"},
				"east": {"uv": [10, 0, 11, 3], "rotation": 270, "texture": "#1"},
				"south": {"uv": [0, 1, 0, 0], "texture": "#1"},
				"west": {"uv": [10, 3, 11, 6], "rotation": 90, "texture": "#1"},
				"up": {"uv": [0, 0, 0, 3], "rotation": 180, "texture": "#1"},
				"down": {"uv": [0, 0, 0, 3], "texture": "#1"}
			}
		},
		{
			"from": [6.5, 5.71194, 8.03806],
			"to": [6.5, 6.71194, 12.03806],
			"rotation": {"angle": 0, "axis": "x", "origin": [7, 6.21194, 8]},
			"faces": {
				"north": {"uv": [0, 0, 0, 1], "rotation": 180, "texture": "#1"},
				"east": {"uv": [2, 8, 3, 12], "rotation": 270, "texture": "#1"},
				"south": {"uv": [0, 1, 0, 0], "texture": "#1"},
				"west": {"uv": [3, 8, 4, 12], "rotation": 90, "texture": "#1"},
				"up": {"uv": [0, 0, 0, 4], "rotation": 180, "texture": "#1"},
				"down": {"uv": [0, 0, 0, 4], "texture": "#1"}
			}
		},
		{
			"from": [7.5, 5.71194, 8.03806],
			"to": [7.5, 6.71194, 12.03806],
			"rotation": {"angle": 0, "axis": "x", "origin": [7, 6.21194, 8]},
			"faces": {
				"north": {"uv": [0, 0, 0, 1], "rotation": 180, "texture": "#1"},
				"east": {"uv": [4, 8, 5, 12], "rotation": 270, "texture": "#1"},
				"south": {"uv": [0, 1, 0, 0], "texture": "#1"},
				"west": {"uv": [5, 8, 6, 12], "rotation": 90, "texture": "#1"},
				"up": {"uv": [0, 0, 0, 4], "rotation": 180, "texture": "#1"},
				"down": {"uv": [0, 0, 0, 4], "texture": "#1"}
			}
		}
	],
	"display": {
		"thirdperson_righthand": {
			"rotation": [70, 0, 0],
			"translation": [0, -1.5, -3.75]
		},
		"thirdperson_lefthand": {
			"rotation": [70, 0, 0],
			"translation": [0, -1.5, -3.75]
		},
		"firstperson_righthand": {
			"rotation": [0, -45, 0],
			"scale": [0.7, 0.7, 0.7]
		},
		"firstperson_lefthand": {
			"rotation": [0, -45, 0],
			"scale": [0.7, 0.7, 0.7]
		},
		"ground": {
			"translation": [0, 3, 0],
			"scale": [0.8, 0.8, 0.8]
		},
		"gui": {
			"rotation": [30, 225, 0]
		},
		"fixed": {
			"rotation": [-90, 0, 0],
			"translation": [0, 0, -9.75],
			"scale": [2, 2, 2]
		}
	},
	"groups": [
		{
			"name": "basket",
			"origin": [8, 5, 8],
			"color": 0,
			"children": [0, 1, 2, 3, 4, 5, 6, 7]
		},
		{
			"name": "dragonfruit",
			"origin": [8, 6, 7.28701],
			"color": 0,
			"children": [8, 9, 10, 11, 12, 13, 14, 15, 16, 17, 18, 19, 20, 21, 22, 23, 24]
		},
		{
			"name": "dragonfruit",
			"origin": [8, 6, 7.28701],
			"color": 0,
			"children": [25, 26, 27, 28, 29, 30, 31, 32, 33, 34, 35, 36, 37, 38, 39, 40, 41]
		},
		{
			"name": "dragonfruit",
			"origin": [8, 6, 7.28701],
			"color": 0,
			"children": [42, 43, 44, 45, 46, 47, 48, 49, 50, 51, 52, 53, 54, 55, 56, 57, 58]
		},
		{
			"name": "dragonfruit",
			"origin": [8, 6, 7.28701],
			"color": 0,
			"children": [59, 60, 61, 62, 63, 64, 65, 66, 67, 68, 69, 70, 71, 72, 73, 74, 75]
		}
	]
}