{
	"credit": "Made with Blockbench",
	"texture_size": [32, 32],
	"textures": {
		"0": "item/custom/models/easter_basket/easter_basket",
		"3": "item/custom/models/easter_basket/easter_eggs",
		"particle": "item/custom/models/easter_basket/easter_basket"
	},
	"elements": [
		{
			"from": [3.5, 3, 3.5],
			"to": [12.5, 4, 12.5],
			"rotation": {"angle": 0, "axis": "y", "origin": [8, 5, 8]},
			"faces": {
				"north": {"uv": [8.5, 10.5, 13, 11], "texture": "#0"},
				"east": {"uv": [9, 7, 13.5, 7.5], "texture": "#0"},
				"south": {"uv": [9, 7.5, 13.5, 8], "texture": "#0"},
				"west": {"uv": [8.5, 10, 13, 10.5], "texture": "#0"},
				"up": {"uv": [4.5, 4.5, 0, 0], "rotation": 90, "texture": "#0"},
				"down": {"uv": [4.5, 4.5, 0, 9], "rotation": 270, "texture": "#0"}
			}
		},
		{
			"from": [3.5, 4, 3.5],
			"to": [12.5, 8, 4.5],
			"rotation": {"angle": 0, "axis": "y", "origin": [8, 5, 8]},
			"faces": {
				"north": {"uv": [4.5, 2, 9, 4], "texture": "#0"},
				"east": {"uv": [3, 11, 3.5, 13], "texture": "#0"},
				"south": {"uv": [4.5, 0, 9, 2], "texture": "#0"},
				"west": {"uv": [11.5, 4.5, 12, 6.5], "texture": "#0"},
				"up": {"uv": [0.5, 15.5, 0, 11], "rotation": 90, "texture": "#0"},
				"down": {"uv": [1, 11, 0.5, 15.5], "rotation": 270, "texture": "#0"}
			}
		},
		{
			"from": [3.5, 4, 11.5],
			"to": [12.5, 8, 12.5],
			"rotation": {"angle": 0, "axis": "y", "origin": [8, 5, 8]},
			"faces": {
				"north": {"uv": [4.5, 6, 9, 8], "texture": "#0"},
				"east": {"uv": [11.5, 8, 12, 10], "texture": "#0"},
				"south": {"uv": [4.5, 4, 9, 6], "texture": "#0"},
				"west": {"uv": [8.5, 11.5, 9, 13.5], "texture": "#0"},
				"up": {"uv": [1.5, 15.5, 1, 11], "rotation": 90, "texture": "#0"},
				"down": {"uv": [2, 11, 1.5, 15.5], "rotation": 270, "texture": "#0"}
			}
		},
		{
			"from": [11.5, 4, 4.5],
			"to": [12.5, 8, 11.5],
			"rotation": {"angle": 0, "axis": "y", "origin": [8, 5, 8]},
			"faces": {
				"north": {"uv": [9.5, 11.5, 10, 13.5], "texture": "#0"},
				"east": {"uv": [4.5, 8, 8, 10], "texture": "#0"},
				"south": {"uv": [9, 11.5, 9.5, 13.5], "texture": "#0"},
				"west": {"uv": [8, 8, 11.5, 10], "texture": "#0"},
				"up": {"uv": [15, 3, 11.5, 2.5], "rotation": 90, "texture": "#0"},
				"down": {"uv": [15, 3, 11.5, 3.5], "rotation": 270, "texture": "#0"}
			}
		},
		{
			"from": [3.5, 4, 4.5],
			"to": [4.5, 8, 11.5],
			"rotation": {"angle": 0, "axis": "y", "origin": [8, 5, 8]},
			"faces": {
				"north": {"uv": [10.5, 11.5, 11, 13.5], "texture": "#0"},
				"east": {"uv": [0, 9, 3.5, 11], "texture": "#0"},
				"south": {"uv": [10, 11.5, 10.5, 13.5], "texture": "#0"},
				"west": {"uv": [9, 0, 12.5, 2], "texture": "#0"},
				"up": {"uv": [15, 4, 11.5, 3.5], "rotation": 90, "texture": "#0"},
				"down": {"uv": [15, 4, 11.5, 4.5], "rotation": 270, "texture": "#0"}
			}
		},
		{
			"from": [3.5, 8, 7.5],
			"to": [4.5, 12, 8.5],
			"rotation": {"angle": 0, "axis": "y", "origin": [8, 5, 8]},
			"faces": {
				"north": {"uv": [12, 8, 12.5, 10], "texture": "#0"},
				"east": {"uv": [11, 11.5, 11.5, 13.5], "texture": "#0"},
				"south": {"uv": [11.5, 11.5, 12, 13.5], "texture": "#0"},
				"west": {"uv": [12, 4.5, 12.5, 6.5], "texture": "#0"},
				"up": {"uv": [4, 9.5, 3.5, 9], "rotation": 90, "texture": "#0"},
				"down": {"uv": [4.5, 9, 4, 9.5], "rotation": 270, "texture": "#0"}
			}
		},
		{
			"from": [11.5, 8, 7.5],
			"to": [12.5, 12, 8.5],
			"rotation": {"angle": 0, "axis": "y", "origin": [8, 5, 8]},
			"faces": {
				"north": {"uv": [4, 12.5, 4.5, 14.5], "texture": "#0"},
				"east": {"uv": [12, 11.5, 12.5, 13.5], "texture": "#0"},
				"south": {"uv": [12.5, 0, 13, 2], "texture": "#0"},
				"west": {"uv": [3.5, 12.5, 4, 14.5], "texture": "#0"},
				"up": {"uv": [12, 7, 11.5, 6.5], "rotation": 90, "texture": "#0"},
				"down": {"uv": [12.5, 6.5, 12, 7], "rotation": 270, "texture": "#0"}
			}
		},
		{
			"from": [3.5, 12, 7.5],
			"to": [12.5, 13, 8.5],
			"rotation": {"angle": 0, "axis": "y", "origin": [8, 5, 8]},
			"faces": {
				"north": {"uv": [11.5, 2, 16, 2.5], "texture": "#0"},
				"east": {"uv": [3.5, 9.5, 4, 10], "texture": "#0"},
				"south": {"uv": [8.5, 11, 13, 11.5], "texture": "#0"},
				"west": {"uv": [4, 9.5, 4.5, 10], "texture": "#0"},
				"up": {"uv": [2.5, 15.5, 2, 11], "rotation": 90, "texture": "#0"},
				"down": {"uv": [3, 11, 2.5, 15.5], "rotation": 270, "texture": "#0"}
			}
		},
		{
			"from": [5.5, 10, 7.4],
			"to": [10.5, 15, 7.4],
			"rotation": {"angle": 0, "axis": "y", "origin": [8, 5, 8]},
			"faces": {
				"north": {"uv": [9, 4.5, 11.5, 7], "texture": "#0"},
				"east": {"uv": [0, 0, 0, 2.5], "texture": "#0"},
				"west": {"uv": [0, 0, 0, 2.5], "texture": "#0"},
				"up": {"uv": [0, 2.5, 0, 0], "rotation": 90, "texture": "#0"},
				"down": {"uv": [0, 0, 0, 2.5], "rotation": 270, "texture": "#0"}
			}
		},
		{
			"from": [5.5, 10, 8.6],
			"to": [10.5, 15, 8.6],
			"rotation": {"angle": 0, "axis": "y", "origin": [8, 5, 8]},
			"faces": {
				"east": {"uv": [0, 0, 0, 2.5], "texture": "#0"},
				"south": {"uv": [11.5, 4.5, 9, 7], "texture": "#0"},
				"west": {"uv": [0, 0, 0, 2.5], "texture": "#0"},
				"up": {"uv": [0, 2.5, 0, 0], "rotation": 90, "texture": "#0"},
				"down": {"uv": [0, 0, 0, 2.5], "rotation": 270, "texture": "#0"}
			}
		},
		{
			"from": [5, 4, 9],
			"to": [7, 7, 11],
			"rotation": {"angle": 22.5, "axis": "x", "origin": [7, 6.5, 10]},
			"faces": {
				"north": {"uv": [9, 2.5, 10, 4], "texture": "#3"},
				"east": {"uv": [8, 2.5, 9, 4], "texture": "#3"},
				"south": {"uv": [11, 2.5, 12, 4], "texture": "#3"},
				"west": {"uv": [10, 2.5, 11, 4], "texture": "#3"},
				"up": {"uv": [10, 2.5, 9, 1.5], "texture": "#3"},
				"down": {"uv": [11, 1.5, 10, 2.5], "texture": "#3"}
			}
		},
		{
			"from": [8.5, 6, 8],
			"to": [10.5, 9, 10],
			"rotation": {"angle": -45, "axis": "z", "origin": [7, 6.5, 10]},
			"faces": {
				"north": {"uv": [7, 8, 8, 9.5], "texture": "#3"},
				"east": {"uv": [6, 8, 7, 9.5], "texture": "#3"},
				"south": {"uv": [9, 8, 10, 9.5], "texture": "#3"},
				"west": {"uv": [8, 8, 9, 9.5], "texture": "#3"},
				"up": {"uv": [8, 8, 7, 7], "texture": "#3"},
				"down": {"uv": [9, 7, 8, 8], "texture": "#3"}
			}
		},
		{
			"from": [7, 9, 7.25],
			"to": [9, 12, 9.25],
			"rotation": {"angle": -45, "axis": "x", "origin": [7, 6.5, 10]},
			"faces": {
				"north": {"uv": [8, 5.5, 9, 7], "texture": "#3"},
				"east": {"uv": [7, 5.5, 8, 7], "texture": "#3"},
				"south": {"uv": [10, 5.5, 11, 7], "texture": "#3"},
				"west": {"uv": [9, 5.5, 10, 7], "texture": "#3"},
				"up": {"uv": [9, 5.5, 8, 4.5], "texture": "#3"},
				"down": {"uv": [10, 4.5, 9, 5.5], "texture": "#3"}
			}
		},
		{
			"from": [8.41421, 3.78579, 5],
			"to": [10.41421, 6.78579, 7],
			"rotation": {"angle": -22.5, "axis": "z", "origin": [8.41421, 5.08579, 6]},
			"faces": {
				"north": {"uv": [1, 8, 2, 9.5], "texture": "#3"},
				"east": {"uv": [0, 8, 1, 9.5], "texture": "#3"},
				"south": {"uv": [3, 8, 4, 9.5], "texture": "#3"},
				"west": {"uv": [2, 8, 3, 9.5], "texture": "#3"},
				"up": {"uv": [2, 8, 1, 7], "texture": "#3"},
				"down": {"uv": [3, 7, 2, 8], "texture": "#3"}
			}
		},
		{
			"from": [8.33182, 7.50861, 9.95671],
			"to": [10.33182, 10.50861, 11.95671],
			"rotation": {"angle": 22.5, "axis": "x", "origin": [8.33182, 10.00861, 8.95671]},
			"faces": {
				"north": {"uv": [4, 6.5, 5, 8], "texture": "#3"},
				"east": {"uv": [3, 6.5, 4, 8], "texture": "#3"},
				"south": {"uv": [6, 6.5, 7, 8], "texture": "#3"},
				"west": {"uv": [5, 6.5, 6, 8], "texture": "#3"},
				"up": {"uv": [5, 6.5, 4, 5.5], "texture": "#3"},
				"down": {"uv": [6, 5.5, 5, 6.5], "texture": "#3"}
			}
		},
		{
			"from": [5.41421, 4.58579, 6],
			"to": [7.41421, 7.58579, 8],
			"rotation": {"angle": 22.5, "axis": "z", "origin": [8.41421, 5.08579, 6]},
			"faces": {
				"north": {"uv": [5, 4, 6, 5.5], "texture": "#3"},
				"east": {"uv": [4, 4, 5, 5.5], "texture": "#3"},
				"south": {"uv": [7, 4, 8, 5.5], "texture": "#3"},
				"west": {"uv": [6, 4, 7, 5.5], "texture": "#3"},
				"up": {"uv": [6, 4, 5, 3], "texture": "#3"},
				"down": {"uv": [7, 3, 6, 4], "texture": "#3"}
			}
		}
	],
	"display": {
		"thirdperson_righthand": {
			"rotation": [70, 0, 0],
			"translation": [0, -1.5, -3.75]
		},
		"thirdperson_lefthand": {
			"rotation": [70, 0, 0],
			"translation": [0, -1.5, -3.75]
		},
		"firstperson_righthand": {
			"rotation": [0, -45, 0],
			"scale": [0.7, 0.7, 0.7]
		},
		"firstperson_lefthand": {
			"rotation": [0, -45, 0],
			"scale": [0.7, 0.7, 0.7]
		},
		"ground": {
			"translation": [0, 3, 0],
			"scale": [0.8, 0.8, 0.8]
		},
		"gui": {
			"rotation": [30, 225, 0]
		},
		"fixed": {
			"rotation": [-90, 0, 0],
			"translation": [0, 0, -10],
			"scale": [2, 2, 2]
		}
	},
	"groups": [
		{
			"name": "basket",
			"origin": [8, 5, 8],
			"color": 0,
			"children": [0, 1, 2, 3, 4, 5, 6, 7, 8, 9]
		},
		{
			"name": "eggs",
			"origin": [8.41421, 5.08579, 6],
			"color": 0,
			"children": [10, 11, 12, 13, 14, 15]
		}
	]
}