{
	"credit": "Made with Blockbench",
	"texture_size": [32, 32],
	"textures": {
		"0": "item/custom/models/easter_basket/easter_basket",
		"particle": "item/custom/models/easter_basket/easter_basket"
	},
	"elements": [
		{
			"from": [3.5, 3, 3.5],
			"to": [12.5, 4, 12.5],
			"rotation": {"angle": 0, "axis": "y", "origin": [8, 5, 8]},
			"faces": {
				"north": {"uv": [8.5, 10.5, 13, 11], "texture": "#0"},
				"east": {"uv": [9, 7, 13.5, 7.5], "texture": "#0"},
				"south": {"uv": [9, 7.5, 13.5, 8], "texture": "#0"},
				"west": {"uv": [8.5, 10, 13, 10.5], "texture": "#0"},
				"up": {"uv": [4.5, 4.5, 0, 0], "rotation": 90, "texture": "#0"},
				"down": {"uv": [4.5, 4.5, 0, 9], "rotation": 270, "texture": "#0"}
			}
		},
		{
			"from": [3.5, 4, 3.5],
			"to": [12.5, 8, 4.5],
			"rotation": {"angle": 0, "axis": "y", "origin": [8, 5, 8]},
			"faces": {
				"north": {"uv": [4.5, 2, 9, 4], "texture": "#0"},
				"east": {"uv": [3, 11, 3.5, 13], "texture": "#0"},
				"south": {"uv": [4.5, 0, 9, 2], "texture": "#0"},
				"west": {"uv": [11.5, 4.5, 12, 6.5], "texture": "#0"},
				"up": {"uv": [0.5, 15.5, 0, 11], "rotation": 90, "texture": "#0"},
				"down": {"uv": [1, 11, 0.5, 15.5], "rotation": 270, "texture": "#0"}
			}
		},
		{
			"from": [3.5, 4, 11.5],
			"to": [12.5, 8, 12.5],
			"rotation": {"angle": 0, "axis": "y", "origin": [8, 5, 8]},
			"faces": {
				"north": {"uv": [4.5, 6, 9, 8], "texture": "#0"},
				"east": {"uv": [11.5, 8, 12, 10], "texture": "#0"},
				"south": {"uv": [4.5, 4, 9, 6], "texture": "#0"},
				"west": {"uv": [8.5, 11.5, 9, 13.5], "texture": "#0"},
				"up": {"uv": [1.5, 15.5, 1, 11], "rotation": 90, "texture": "#0"},
				"down": {"uv": [2, 11, 1.5, 15.5], "rotation": 270, "texture": "#0"}
			}
		},
		{
			"from": [11.5, 4, 4.5],
			"to": [12.5, 8, 11.5],
			"rotation": {"angle": 0, "axis": "y", "origin": [8, 5, 8]},
			"faces": {
				"north": {"uv": [9.5, 11.5, 10, 13.5], "texture": "#0"},
				"east": {"uv": [4.5, 8, 8, 10], "texture": "#0"},
				"south": {"uv": [9, 11.5, 9.5, 13.5], "texture": "#0"},
				"west": {"uv": [8, 8, 11.5, 10], "texture": "#0"},
				"up": {"uv": [15, 3, 11.5, 2.5], "rotation": 90, "texture": "#0"},
				"down": {"uv": [15, 3, 11.5, 3.5], "rotation": 270, "texture": "#0"}
			}
		},
		{
			"from": [3.5, 4, 4.5],
			"to": [4.5, 8, 11.5],
			"rotation": {"angle": 0, "axis": "y", "origin": [8, 5, 8]},
			"faces": {
				"north": {"uv": [10.5, 11.5, 11, 13.5], "texture": "#0"},
				"east": {"uv": [0, 9, 3.5, 11], "texture": "#0"},
				"south": {"uv": [10, 11.5, 10.5, 13.5], "texture": "#0"},
				"west": {"uv": [9, 0, 12.5, 2], "texture": "#0"},
				"up": {"uv": [15, 4, 11.5, 3.5], "rotation": 90, "texture": "#0"},
				"down": {"uv": [15, 4, 11.5, 4.5], "rotation": 270, "texture": "#0"}
			}
		},
		{
			"from": [3.5, 8, 7.5],
			"to": [4.5, 12, 8.5],
			"rotation": {"angle": 0, "axis": "y", "origin": [8, 5, 8]},
			"faces": {
				"north": {"uv": [12, 8, 12.5, 10], "texture": "#0"},
				"east": {"uv": [11, 11.5, 11.5, 13.5], "texture": "#0"},
				"south": {"uv": [11.5, 11.5, 12, 13.5], "texture": "#0"},
				"west": {"uv": [12, 4.5, 12.5, 6.5], "texture": "#0"},
				"up": {"uv": [4, 9.5, 3.5, 9], "rotation": 90, "texture": "#0"},
				"down": {"uv": [4.5, 9, 4, 9.5], "rotation": 270, "texture": "#0"}
			}
		},
		{
			"from": [11.5, 8, 7.5],
			"to": [12.5, 12, 8.5],
			"rotation": {"angle": 0, "axis": "y", "origin": [8, 5, 8]},
			"faces": {
				"north": {"uv": [4, 12.5, 4.5, 14.5], "texture": "#0"},
				"east": {"uv": [12, 11.5, 12.5, 13.5], "texture": "#0"},
				"south": {"uv": [12.5, 0, 13, 2], "texture": "#0"},
				"west": {"uv": [3.5, 12.5, 4, 14.5], "texture": "#0"},
				"up": {"uv": [12, 7, 11.5, 6.5], "rotation": 90, "texture": "#0"},
				"down": {"uv": [12.5, 6.5, 12, 7], "rotation": 270, "texture": "#0"}
			}
		},
		{
			"from": [3.5, 12, 7.5],
			"to": [12.5, 13, 8.5],
			"rotation": {"angle": 0, "axis": "y", "origin": [8, 5, 8]},
			"faces": {
				"north": {"uv": [11.5, 2, 16, 2.5], "texture": "#0"},
				"east": {"uv": [3.5, 9.5, 4, 10], "texture": "#0"},
				"south": {"uv": [8.5, 11, 13, 11.5], "texture": "#0"},
				"west": {"uv": [4, 9.5, 4.5, 10], "texture": "#0"},
				"up": {"uv": [2.5, 15.5, 2, 11], "rotation": 90, "texture": "#0"},
				"down": {"uv": [3, 11, 2.5, 15.5], "rotation": 270, "texture": "#0"}
			}
		},
		{
			"from": [5.5, 10, 7.4],
			"to": [10.5, 15, 7.4],
			"rotation": {"angle": 0, "axis": "y", "origin": [8, 5, 8]},
			"faces": {
				"north": {"uv": [9, 4.5, 11.5, 7], "texture": "#0"},
				"east": {"uv": [0, 0, 0, 2.5], "texture": "#0"},
				"west": {"uv": [0, 0, 0, 2.5], "texture": "#0"},
				"up": {"uv": [0, 2.5, 0, 0], "rotation": 90, "texture": "#0"},
				"down": {"uv": [0, 0, 0, 2.5], "rotation": 270, "texture": "#0"}
			}
		},
		{
			"from": [5.5, 10, 8.6],
			"to": [10.5, 15, 8.6],
			"rotation": {"angle": 0, "axis": "y", "origin": [8, 5, 8]},
			"faces": {
				"east": {"uv": [0, 0, 0, 2.5], "texture": "#0"},
				"south": {"uv": [11.5, 4.5, 9, 7], "texture": "#0"},
				"west": {"uv": [0, 0, 0, 2.5], "texture": "#0"},
				"up": {"uv": [0, 2.5, 0, 0], "rotation": 90, "texture": "#0"},
				"down": {"uv": [0, 0, 0, 2.5], "rotation": 270, "texture": "#0"}
			}
		}
	],
	"display": {
		"thirdperson_righthand": {
			"rotation": [70, 0, 0],
			"translation": [0, -1.5, -3.75]
		},
		"thirdperson_lefthand": {
			"rotation": [70, 0, 0],
			"translation": [0, -1.5, -3.75]
		},
		"firstperson_righthand": {
			"rotation": [0, -45, 0],
			"scale": [0.7, 0.7, 0.7]
		},
		"firstperson_lefthand": {
			"rotation": [0, -45, 0],
			"scale": [0.7, 0.7, 0.7]
		},
		"ground": {
			"translation": [0, 3, 0],
			"scale": [0.8, 0.8, 0.8]
		},
		"gui": {
			"rotation": [30, 225, 0]
		}
	},
	"groups": [
		{
			"name": "basket",
			"origin": [8, 5, 8],
			"color": 0,
			"children": [0, 1, 2, 3, 4, 5, 6, 7, 8, 9]
		}
	]
}