{
	"credit": "Made with Blockbench",
	"texture_size": [64, 64],
	"textures": {
		"3": "item/custom/models/easter_trophy/easter_trophy",
		"particle": "item/custom/models/easter_trophy/easter_trophy"
	},
	"elements": [
		{
			"from": [3.5, 7, 3.5],
			"to": [12.5, 8, 12.5],
			"rotation": {"angle": 0, "axis": "y", "origin": [8, 12, 8]},
			"faces": {
				"north": {"uv": [2.25, 2.25, 4.5, 2.5], "texture": "#3"},
				"east": {"uv": [0, 2.25, 2.25, 2.5], "texture": "#3"},
				"south": {"uv": [6.75, 2.25, 9, 2.5], "texture": "#3"},
				"west": {"uv": [4.5, 2.25, 6.75, 2.5], "texture": "#3"},
				"up": {"uv": [4.5, 2.25, 2.25, 0], "texture": "#3"},
				"down": {"uv": [6.75, 0, 4.5, 2.25], "texture": "#3"}
			}
		},
		{
			"from": [4.5, 6, 4.5],
			"to": [11.5, 7, 11.5],
			"rotation": {"angle": 0, "axis": "y", "origin": [7, 12, 9]},
			"faces": {
				"north": {"uv": [1.75, 6.25, 3.5, 6.5], "texture": "#3"},
				"east": {"uv": [0, 6.25, 1.75, 6.5], "texture": "#3"},
				"south": {"uv": [5.25, 6.25, 7, 6.5], "texture": "#3"},
				"west": {"uv": [3.5, 6.25, 5.25, 6.5], "texture": "#3"},
				"up": {"uv": [3.5, 6.25, 1.75, 4.5], "texture": "#3"},
				"down": {"uv": [5.25, 4.5, 3.5, 6.25], "texture": "#3"}
			}
		},
		{
			"from": [4.5, 0, 4.5],
			"to": [11.5, 1, 11.5],
			"rotation": {"angle": 0, "axis": "y", "origin": [7, 12, 9]},
			"faces": {
				"north": {"uv": [1.75, 4.25, 3.5, 4.5], "texture": "#3"},
				"east": {"uv": [0, 4.25, 1.75, 4.5], "texture": "#3"},
				"south": {"uv": [5.25, 4.25, 7, 4.5], "texture": "#3"},
				"west": {"uv": [3.5, 4.25, 5.25, 4.5], "texture": "#3"},
				"up": {"uv": [3.5, 4.25, 1.75, 2.5], "texture": "#3"},
				"down": {"uv": [5.25, 2.5, 3.5, 4.25], "texture": "#3"}
			}
		},
		{
			"from": [5.5, 1, 5.5],
			"to": [10.5, 2, 10.5],
			"rotation": {"angle": 0, "axis": "y", "origin": [8, 12, 10]},
			"faces": {
				"north": {"uv": [8.75, 3.75, 10, 4], "texture": "#3"},
				"east": {"uv": [7.5, 3.75, 8.75, 4], "texture": "#3"},
				"south": {"uv": [11.25, 3.75, 12.5, 4], "texture": "#3"},
				"west": {"uv": [10, 3.75, 11.25, 4], "texture": "#3"},
				"up": {"uv": [10, 3.75, 8.75, 2.5], "texture": "#3"},
				"down": {"uv": [11.25, 2.5, 10, 3.75], "texture": "#3"}
			}
		},
		{
			"from": [3.5, 8, 3.5],
			"to": [12.5, 15, 4.5],
			"rotation": {"angle": 0, "axis": "y", "origin": [8, 12, 8]},
			"faces": {
				"north": {"uv": [7, 0.25, 9.25, 2], "texture": "#3"},
				"east": {"uv": [6.75, 0.25, 7, 2], "texture": "#3"},
				"south": {"uv": [9.5, 0.25, 11.75, 2], "texture": "#3"},
				"west": {"uv": [9.25, 0.25, 9.5, 2], "texture": "#3"},
				"up": {"uv": [9.25, 0.25, 7, 0], "texture": "#3"},
				"down": {"uv": [11.5, 0, 9.25, 0.25], "texture": "#3"}
			}
		},
		{
			"from": [3.5, 8, 11.5],
			"to": [12.5, 15, 12.5],
			"rotation": {"angle": 0, "axis": "y", "origin": [8, 12, 8]},
			"faces": {
				"north": {"uv": [0.25, 6.75, 2.5, 8.5], "texture": "#3"},
				"east": {"uv": [0, 6.75, 0.25, 8.5], "texture": "#3"},
				"south": {"uv": [2.75, 6.75, 5, 8.5], "texture": "#3"},
				"west": {"uv": [2.5, 6.75, 2.75, 8.5], "texture": "#3"},
				"up": {"uv": [2.5, 6.75, 0.25, 6.5], "texture": "#3"},
				"down": {"uv": [4.75, 6.5, 2.5, 6.75], "texture": "#3"}
			}
		},
		{
			"from": [11.5, 8, 4.5],
			"to": [12.5, 15, 11.5],
			"rotation": {"angle": 0, "axis": "y", "origin": [8, 12, 8]},
			"faces": {
				"north": {"uv": [7, 8, 7.25, 9.75], "texture": "#3"},
				"east": {"uv": [5.25, 8, 7, 9.75], "texture": "#3"},
				"south": {"uv": [9, 8, 9.25, 9.75], "texture": "#3"},
				"west": {"uv": [7.25, 8, 9, 9.75], "texture": "#3"},
				"up": {"uv": [7.25, 8, 7, 6.25], "texture": "#3"},
				"down": {"uv": [7.5, 6.25, 7.25, 8], "texture": "#3"}
			}
		},
		{
			"from": [3.5, 8, 4.5],
			"to": [4.5, 15, 11.5],
			"rotation": {"angle": 0, "axis": "y", "origin": [8, 12, 8]},
			"faces": {
				"north": {"uv": [7, 4.5, 7.25, 6.25], "texture": "#3"},
				"east": {"uv": [5.25, 4.5, 7, 6.25], "texture": "#3"},
				"south": {"uv": [9, 4.5, 9.25, 6.25], "texture": "#3"},
				"west": {"uv": [7.25, 4.5, 9, 6.25], "texture": "#3"},
				"up": {"uv": [7.25, 4.5, 7, 2.75], "texture": "#3"},
				"down": {"uv": [7.5, 2.75, 7.25, 4.5], "texture": "#3"}
			}
		},
		{
			"from": [0.00523, 8.2584, 7.5],
			"to": [1.00523, 10.2584, 8.5],
			"rotation": {"angle": -45, "axis": "z", "origin": [1.50523, 7.7584, 8]},
			"faces": {
				"north": {"uv": [5.5, 2.75, 5.75, 3.25], "texture": "#3"},
				"east": {"uv": [5.25, 2.75, 5.5, 3.25], "texture": "#3"},
				"south": {"uv": [6, 2.75, 6.25, 3.25], "texture": "#3"},
				"west": {"uv": [5.75, 2.75, 6, 3.25], "texture": "#3"},
				"up": {"uv": [5.75, 2.75, 5.5, 2.5], "texture": "#3"},
				"down": {"uv": [6, 2.5, 5.75, 2.75], "texture": "#3"}
			}
		},
		{
			"from": [1.91944, 9.87972, 7.5],
			"to": [2.91944, 11.87972, 8.5],
			"rotation": {"angle": 0, "axis": "y", "origin": [1.91944, 10.87972, 8]},
			"faces": {
				"north": {"uv": [1, 5.25, 1.25, 5.75], "texture": "#3"},
				"east": {"uv": [0.75, 5.25, 1, 5.75], "texture": "#3"},
				"south": {"uv": [1.5, 5.25, 1.75, 5.75], "texture": "#3"},
				"west": {"uv": [1.25, 5.25, 1.5, 5.75], "texture": "#3"},
				"up": {"uv": [1.25, 5.25, 1, 5], "texture": "#3"},
				"down": {"uv": [1.5, 5, 1.25, 5.25], "texture": "#3"}
			}
		},
		{
			"from": [15.58056, 13.37972, 7.5],
			"to": [16.58056, 15.37972, 8.5],
			"rotation": {"angle": 45, "axis": "z", "origin": [14.08056, 12.87972, 8]},
			"faces": {
				"north": {"uv": [0.25, 4.75, 0.5, 5.25], "texture": "#3"},
				"east": {"uv": [0, 4.75, 0.25, 5.25], "texture": "#3"},
				"south": {"uv": [0.75, 4.75, 1, 5.25], "texture": "#3"},
				"west": {"uv": [0.5, 4.75, 0.75, 5.25], "texture": "#3"},
				"up": {"uv": [0.5, 4.75, 0.25, 4.5], "texture": "#3"},
				"down": {"uv": [0.75, 4.5, 0.5, 4.75], "texture": "#3"}
			}
		},
		{
			"from": [14.58056, 14.37972, 7.5],
			"to": [15.58056, 15.37972, 8.5],
			"rotation": {"angle": 45, "axis": "z", "origin": [14.08056, 12.87972, 8]},
			"faces": {
				"north": {"uv": [5.5, 4, 5.75, 4.25], "texture": "#3"},
				"east": {"uv": [5.25, 4, 5.5, 4.25], "texture": "#3"},
				"south": {"uv": [6, 4, 6.25, 4.25], "texture": "#3"},
				"west": {"uv": [5.75, 4, 6, 4.25], "texture": "#3"},
				"up": {"uv": [5.75, 4, 5.5, 3.75], "texture": "#3"},
				"down": {"uv": [6, 3.75, 5.75, 4], "texture": "#3"}
			}
		},
		{
			"from": [0.41944, 14.37972, 7.5],
			"to": [1.41944, 15.37972, 8.5],
			"rotation": {"angle": -45, "axis": "z", "origin": [1.91944, 12.87972, 8]},
			"faces": {
				"north": {"uv": [5.5, 3.5, 5.75, 3.75], "texture": "#3"},
				"east": {"uv": [5.25, 3.5, 5.5, 3.75], "texture": "#3"},
				"south": {"uv": [6, 3.5, 6.25, 3.75], "texture": "#3"},
				"west": {"uv": [5.75, 3.5, 6, 3.75], "texture": "#3"},
				"up": {"uv": [5.75, 3.5, 5.5, 3.25], "texture": "#3"},
				"down": {"uv": [6, 3.25, 5.75, 3.5], "texture": "#3"}
			}
		},
		{
			"from": [-0.58056, 13.37972, 7.5],
			"to": [0.41944, 15.37972, 8.5],
			"rotation": {"angle": -45, "axis": "z", "origin": [1.91944, 12.87972, 8]},
			"faces": {
				"north": {"uv": [0.25, 3.75, 0.5, 4.25], "texture": "#3"},
				"east": {"uv": [0, 3.75, 0.25, 4.25], "texture": "#3"},
				"south": {"uv": [0.75, 3.75, 1, 4.25], "texture": "#3"},
				"west": {"uv": [0.5, 3.75, 0.75, 4.25], "texture": "#3"},
				"up": {"uv": [0.5, 3.75, 0.25, 3.5], "texture": "#3"},
				"down": {"uv": [0.75, 3.5, 0.5, 3.75], "texture": "#3"}
			}
		},
		{
			"from": [14.49477, 13.00104, 7.5],
			"to": [15.49477, 15.00104, 8.5],
			"rotation": {"angle": 0, "axis": "y", "origin": [13.99477, 15.50104, 8]},
			"faces": {
				"north": {"uv": [1, 3.25, 1.25, 3.75], "texture": "#3"},
				"east": {"uv": [0.75, 3.25, 1, 3.75], "texture": "#3"},
				"south": {"uv": [1.5, 3.25, 1.75, 3.75], "texture": "#3"},
				"west": {"uv": [1.25, 3.25, 1.5, 3.75], "texture": "#3"},
				"up": {"uv": [1.25, 3.25, 1, 3], "texture": "#3"},
				"down": {"uv": [1.5, 3, 1.25, 3.25], "texture": "#3"}
			}
		},
		{
			"from": [0.50523, 13.00104, 7.5],
			"to": [1.50523, 15.00104, 8.5],
			"rotation": {"angle": 0, "axis": "y", "origin": [2.00523, 15.50104, 8]},
			"faces": {
				"north": {"uv": [0.25, 2.75, 0.5, 3.25], "texture": "#3"},
				"east": {"uv": [0, 2.75, 0.25, 3.25], "texture": "#3"},
				"south": {"uv": [0.75, 2.75, 1, 3.25], "texture": "#3"},
				"west": {"uv": [0.5, 2.75, 0.75, 3.25], "texture": "#3"},
				"up": {"uv": [0.5, 2.75, 0.25, 2.5], "texture": "#3"},
				"down": {"uv": [0.75, 2.5, 0.5, 2.75], "texture": "#3"}
			}
		},
		{
			"from": [2.41944, 8.37972, 7.5],
			"to": [3.41944, 13.37972, 8.5],
			"rotation": {"angle": 45, "axis": "z", "origin": [1.91944, 10.87972, 8]},
			"faces": {
				"north": {"uv": [1.25, 0.25, 1.5, 1.5], "texture": "#3"},
				"east": {"uv": [1, 0.25, 1.25, 1.5], "texture": "#3"},
				"south": {"uv": [1.75, 0.25, 2, 1.5], "texture": "#3"},
				"west": {"uv": [1.5, 0.25, 1.75, 1.5], "texture": "#3"},
				"up": {"uv": [1.5, 0.25, 1.25, 0], "texture": "#3"},
				"down": {"uv": [1.75, 0, 1.5, 0.25], "texture": "#3"}
			}
		},
		{
			"from": [14.99477, 8.2584, 7.5],
			"to": [15.99477, 10.2584, 8.5],
			"rotation": {"angle": 45, "axis": "z", "origin": [14.49477, 7.7584, 8]},
			"faces": {
				"north": {"uv": [1.25, 1.75, 1.5, 2.25], "texture": "#3"},
				"east": {"uv": [1, 1.75, 1.25, 2.25], "texture": "#3"},
				"south": {"uv": [1.75, 1.75, 2, 2.25], "texture": "#3"},
				"west": {"uv": [1.5, 1.75, 1.75, 2.25], "texture": "#3"},
				"up": {"uv": [1.5, 1.75, 1.25, 1.5], "texture": "#3"},
				"down": {"uv": [1.75, 1.5, 1.5, 1.75], "texture": "#3"}
			}
		},
		{
			"from": [13.08056, 9.87972, 7.5],
			"to": [14.08056, 11.87972, 8.5],
			"rotation": {"angle": 0, "axis": "y", "origin": [14.08056, 10.87972, 8]},
			"faces": {
				"north": {"uv": [0.25, 1.75, 0.5, 2.25], "texture": "#3"},
				"east": {"uv": [0, 1.75, 0.25, 2.25], "texture": "#3"},
				"south": {"uv": [0.75, 1.75, 1, 2.25], "texture": "#3"},
				"west": {"uv": [0.5, 1.75, 0.75, 2.25], "texture": "#3"},
				"up": {"uv": [0.5, 1.75, 0.25, 1.5], "texture": "#3"},
				"down": {"uv": [0.75, 1.5, 0.5, 1.75], "texture": "#3"}
			}
		},
		{
			"from": [12.58056, 8.37972, 7.5],
			"to": [13.58056, 13.37972, 8.5],
			"rotation": {"angle": -45, "axis": "z", "origin": [14.08056, 10.87972, 8]},
			"faces": {
				"north": {"uv": [0.25, 0.25, 0.5, 1.5], "texture": "#3"},
				"east": {"uv": [0, 0.25, 0.25, 1.5], "texture": "#3"},
				"south": {"uv": [0.75, 0.25, 1, 1.5], "texture": "#3"},
				"west": {"uv": [0.5, 0.25, 0.75, 1.5], "texture": "#3"},
				"up": {"uv": [0.5, 0.25, 0.25, 0], "texture": "#3"},
				"down": {"uv": [0.75, 0, 0.5, 0.25], "texture": "#3"}
			}
		},
		{
			"from": [6.5, 2, 6.5],
			"to": [9.5, 6, 9.5],
			"rotation": {"angle": 0, "axis": "y", "origin": [-2.5, 7, 6.5]},
			"faces": {
				"north": {"uv": [8.25, 7, 9, 8], "texture": "#3"},
				"east": {"uv": [7.5, 7, 8.25, 8], "texture": "#3"},
				"south": {"uv": [9.75, 7, 10.5, 8], "texture": "#3"},
				"west": {"uv": [9, 7, 9.75, 8], "texture": "#3"},
				"up": {"uv": [9, 7, 8.25, 6.25], "texture": "#3"},
				"down": {"uv": [9.75, 6.25, 9, 7], "texture": "#3"}
			}
		},
		{
			"from": [5, 11, 9],
			"to": [7, 14, 11],
			"rotation": {"angle": 22.5, "axis": "x", "origin": [7, 13.5, 10]},
			"faces": {
				"north": {"uv": [4.5, 1.25, 5, 2], "texture": "#1"},
				"east": {"uv": [4, 1.25, 4.5, 2], "texture": "#1"},
				"south": {"uv": [5.5, 1.25, 6, 2], "texture": "#1"},
				"west": {"uv": [5, 1.25, 5.5, 2], "texture": "#1"},
				"up": {"uv": [5, 1.25, 4.5, 0.75], "texture": "#1"},
				"down": {"uv": [5.5, 0.75, 5, 1.25], "texture": "#1"}
			}
		},
		{
			"from": [4.43934, 14.26777, 9],
			"to": [7.43934, 16.26777, 11],
			"rotation": {"angle": -45, "axis": "z", "origin": [5.93934, 15.26777, 10]},
			"faces": {
				"north": {"uv": [0.5, 1.5, 1.25, 2], "texture": "#1"},
				"east": {"uv": [0, 1.5, 0.5, 2], "texture": "#1"},
				"south": {"uv": [1.75, 1.5, 2.5, 2], "texture": "#1"},
				"west": {"uv": [1.25, 1.5, 1.75, 2], "texture": "#1"},
				"up": {"uv": [1.25, 1.5, 0.5, 1], "texture": "#1"},
				"down": {"uv": [2, 1, 1.25, 1.5], "texture": "#1"}
			}
		},
		{
			"from": [8.5, 13, 8],
			"to": [10.5, 16, 10],
			"rotation": {"angle": -45, "axis": "z", "origin": [7, 13.5, 10]},
			"faces": {
				"north": {"uv": [3.5, 4, 4, 4.75], "texture": "#1"},
				"east": {"uv": [3, 4, 3.5, 4.75], "texture": "#1"},
				"south": {"uv": [4.5, 4, 5, 4.75], "texture": "#1"},
				"west": {"uv": [4, 4, 4.5, 4.75], "texture": "#1"},
				"up": {"uv": [4, 4, 3.5, 3.5], "texture": "#1"},
				"down": {"uv": [4.5, 3.5, 4, 4], "texture": "#1"}
			}
		},
		{
			"from": [7, 16, 7.25],
			"to": [9, 19, 9.25],
			"rotation": {"angle": -45, "axis": "x", "origin": [7, 13.5, 10]},
			"faces": {
				"north": {"uv": [4, 2.75, 4.5, 3.5], "texture": "#1"},
				"east": {"uv": [3.5, 2.75, 4, 3.5], "texture": "#1"},
				"south": {"uv": [5, 2.75, 5.5, 3.5], "texture": "#1"},
				"west": {"uv": [4.5, 2.75, 5, 3.5], "texture": "#1"},
				"up": {"uv": [4.5, 2.75, 4, 2.25], "texture": "#1"},
				"down": {"uv": [5, 2.25, 4.5, 2.75], "texture": "#1"}
			}
		},
		{
			"from": [8.41421, 10.78579, 5],
			"to": [10.41421, 13.78579, 7],
			"rotation": {"angle": -22.5, "axis": "z", "origin": [8.41421, 12.08579, 6]},
			"faces": {
				"north": {"uv": [0.5, 4, 1, 4.75], "texture": "#1"},
				"east": {"uv": [0, 4, 0.5, 4.75], "texture": "#1"},
				"south": {"uv": [1.5, 4, 2, 4.75], "texture": "#1"},
				"west": {"uv": [1, 4, 1.5, 4.75], "texture": "#1"},
				"up": {"uv": [1, 4, 0.5, 3.5], "texture": "#1"},
				"down": {"uv": [1.5, 3.5, 1, 4], "texture": "#1"}
			}
		},
		{
			"from": [8.33182, 14.50861, 9.95671],
			"to": [10.33182, 17.50861, 11.95671],
			"rotation": {"angle": 22.5, "axis": "x", "origin": [8.33182, 17.00861, 8.95671]},
			"faces": {
				"north": {"uv": [2, 3.25, 2.5, 4], "texture": "#1"},
				"east": {"uv": [1.5, 3.25, 2, 4], "texture": "#1"},
				"south": {"uv": [3, 3.25, 3.5, 4], "texture": "#1"},
				"west": {"uv": [2.5, 3.25, 3, 4], "texture": "#1"},
				"up": {"uv": [2.5, 3.25, 2, 2.75], "texture": "#1"},
				"down": {"uv": [3, 2.75, 2.5, 3.25], "texture": "#1"}
			}
		},
		{
			"from": [6.33182, 14.94891, 7.75],
			"to": [8.33182, 17.94891, 9.75],
			"rotation": {"angle": -22.5, "axis": "x", "origin": [7.33182, 14.69891, 8]},
			"faces": {
				"north": {"uv": [3, 0.5, 3.5, 1.25], "texture": "#1"},
				"east": {"uv": [2.5, 0.5, 3, 1.25], "texture": "#1"},
				"south": {"uv": [4, 0.5, 4.5, 1.25], "texture": "#1"},
				"west": {"uv": [3.5, 0.5, 4, 1.25], "texture": "#1"},
				"up": {"uv": [3.5, 0.5, 3, 0], "texture": "#1"},
				"down": {"uv": [4, 0, 3.5, 0.5], "texture": "#1"}
			}
		},
		{
			"from": [3.83182, 13.94891, 5],
			"to": [6.83182, 15.94891, 7],
			"rotation": {"angle": -22.5, "axis": "z", "origin": [7.33182, 14.69891, 8]},
			"faces": {
				"north": {"uv": [0.5, 0.5, 1.25, 1], "texture": "#1"},
				"east": {"uv": [0, 0.5, 0.5, 1], "texture": "#1"},
				"south": {"uv": [1.75, 0.5, 2.5, 1], "texture": "#1"},
				"west": {"uv": [1.25, 0.5, 1.75, 1], "texture": "#1"},
				"up": {"uv": [1.25, 0.5, 0.5, 0], "texture": "#1"},
				"down": {"uv": [2, 0, 1.25, 0.5], "texture": "#1"}
			}
		},
		{
			"from": [5.41421, 11.58579, 6],
			"to": [7.41421, 14.58579, 8],
			"rotation": {"angle": 22.5, "axis": "z", "origin": [8.41421, 12.08579, 6]},
			"faces": {
				"north": {"uv": [2.5, 2, 3, 2.75], "texture": "#1"},
				"east": {"uv": [2, 2, 2.5, 2.75], "texture": "#1"},
				"south": {"uv": [3.5, 2, 4, 2.75], "texture": "#1"},
				"west": {"uv": [3, 2, 3.5, 2.75], "texture": "#1"},
				"up": {"uv": [3, 2, 2.5, 1.5], "texture": "#1"},
				"down": {"uv": [3.5, 1.5, 3, 2], "texture": "#1"}
			}
		},
		{
			"from": [9.07273, 14.81623, 5],
			"to": [11.07273, 17.81623, 7],
			"rotation": {"angle": -22.5, "axis": "z", "origin": [8.57273, 14.31623, 9]},
			"faces": {
				"north": {"uv": [0.5, 2.5, 1, 3.25], "texture": "#1"},
				"east": {"uv": [0, 2.5, 0.5, 3.25], "texture": "#1"},
				"south": {"uv": [1.5, 2.5, 2, 3.25], "texture": "#1"},
				"west": {"uv": [1, 2.5, 1.5, 3.25], "texture": "#1"},
				"up": {"uv": [1, 2.5, 0.5, 2], "texture": "#1"},
				"down": {"uv": [1.5, 2, 1, 2.5], "texture": "#1"}
			}
		}
	],
	"display": {
		"thirdperson_righthand": {
			"rotation": [50, 0, 0],
			"translation": [0, -0.5, 1],
			"scale": [0.7, 0.7, 0.7]
		},
		"thirdperson_lefthand": {
			"rotation": [50, 0, 0],
			"translation": [0, -0.5, 1],
			"scale": [0.7, 0.7, 0.7]
		},
		"firstperson_righthand": {
			"rotation": [0, 140, 0],
			"translation": [0, 2, 0],
			"scale": [0.4, 0.4, 0.4]
		},
		"firstperson_lefthand": {
			"rotation": [0, 140, 0],
			"translation": [0, 2, 0],
			"scale": [0.4, 0.4, 0.4]
		},
		"ground": {
			"translation": [0, 4, 0],
			"scale": [0.8, 0.8, 0.8]
		},
		"gui": {
			"rotation": [30, 225, 0],
			"scale": [0.625, 0.625, 0.625]
		},
		"head": {
			"translation": [0, 14, 0]
		},
		"fixed": {
			"rotation": [-90, 0, 0],
			"translation": [0, 0, -16],
			"scale": [2, 2, 2]
		}
	},
	"groups": [
		{
			"name": "trophy",
			"origin": [8, 5, 8],
			"color": 0,
			"children": [0, 1, 2, 3, 4, 5, 6, 7, 8, 9, 10, 11, 12, 13, 14, 15, 16, 17, 18, 19, 20]
		},
		{
			"name": "eggs",
			"origin": [8.41421, 5.08579, 6],
			"color": 0,
			"children": [21, 22, 23, 24, 25, 26, 27, 28, 29, 30]
		}
	]
}