{
	"credit": "Made with Blockbench",
	"texture_size": [64, 64],
	"textures": {
		"2": "item/custom/models/fish_skeleton"
	},
	"elements": [
		{
			"from": [26, 9.0481, 6.5],
			"to": [29, 10.5481, 9.5],
			"rotation": {"angle": 0, "axis": "y", "origin": [0, 9.0481, 0]},
			"faces": {
				"north": {"uv": [9.25, 10.25, 10, 10.625], "texture": "#2"},
				"east": {"uv": [10.5, 0, 11.25, 0.375], "texture": "#2"},
				"south": {"uv": [0.5, 10.5, 1.25, 10.875], "texture": "#2"},
				"west": {"uv": [10.5, 0.5, 11.25, 0.875], "texture": "#2"},
				"up": {"uv": [10, 8.5, 9.25, 7.75], "texture": "#2"},
				"down": {"uv": [10, 8.5, 9.25, 9.25], "texture": "#2"}
			}
		},
		{
			"from": [21, 9.0481, 6],
			"to": [26, 11.0481, 10],
			"rotation": {"angle": 0, "axis": "y", "origin": [0, 9.0481, 0]},
			"faces": {
				"north": {"uv": [9.25, 6.75, 10.5, 7.25], "texture": "#2"},
				"east": {"uv": [9.25, 9.25, 10.25, 9.75], "texture": "#2"},
				"south": {"uv": [9.25, 7.25, 10.5, 7.75], "texture": "#2"},
				"west": {"uv": [9.5, 0, 10.5, 0.5], "texture": "#2"},
				"up": {"uv": [5.25, 6.5, 4, 5.5], "texture": "#2"},
				"down": {"uv": [6.5, 5.5, 5.25, 6.5], "texture": "#2"}
			}
		},
		{
			"from": [-16, 7.0481, 8],
			"to": [22, 13.0481, 8],
			"rotation": {"angle": 0, "axis": "y", "origin": [0, 9.0481, 0]},
			"faces": {
				"north": {"uv": [0, 0, 9.5, 1.5], "texture": "#2"},
				"east": {"uv": [0, 0, 0, 1.5], "texture": "#2"},
				"south": {"uv": [0, 1.5, 9.5, 3], "texture": "#2"},
				"west": {"uv": [0, 0, 0, 1.5], "texture": "#2"},
				"up": {"uv": [9.5, 0, 0, 0], "texture": "#2"},
				"down": {"uv": [9.5, 0, 0, 0], "texture": "#2"}
			}
		},
		{
			"from": [11, 11.5481, 4],
			"to": [13, 11.5481, 12],
			"rotation": {"angle": 0, "axis": "y", "origin": [1.5, 9.0481, 0]},
			"faces": {
				"north": {"uv": [0, 0, 0.5, 0], "texture": "#2"},
				"east": {"uv": [0, 0, 2, 0], "texture": "#2"},
				"south": {"uv": [0, 0, 0.5, 0], "texture": "#2"},
				"west": {"uv": [0, 0, 2, 0], "texture": "#2"},
				"up": {"uv": [0.5, 8.75, 0, 6.75], "texture": "#2"},
				"down": {"uv": [1, 6.75, 0.5, 8.75], "texture": "#2"}
			}
		},
		{
			"from": [1, 11.5481, 4],
			"to": [3, 11.5481, 12],
			"rotation": {"angle": 0, "axis": "y", "origin": [1.5, 9.0481, 0]},
			"faces": {
				"north": {"uv": [0, 0, 0.5, 0], "texture": "#2"},
				"east": {"uv": [0, 0, 2, 0], "texture": "#2"},
				"south": {"uv": [0, 0, 0.5, 0], "texture": "#2"},
				"west": {"uv": [0, 0, 2, 0], "texture": "#2"},
				"up": {"uv": [1.5, 8.75, 1, 6.75], "texture": "#2"},
				"down": {"uv": [2, 6.75, 1.5, 8.75], "texture": "#2"}
			}
		},
		{
			"from": [11, 7.5481, 4],
			"to": [13, 11.5481, 4],
			"rotation": {"angle": 0, "axis": "y", "origin": [1.5, 9.0481, 0]},
			"faces": {
				"north": {"uv": [4.5, 9.5, 5, 10.5], "texture": "#2"},
				"east": {"uv": [0, 0, 0, 1], "texture": "#2"},
				"south": {"uv": [5, 9.5, 5.5, 10.5], "texture": "#2"},
				"west": {"uv": [0, 0, 0, 1], "texture": "#2"},
				"up": {"uv": [0.5, 0, 0, 0], "texture": "#2"},
				"down": {"uv": [0.5, 0, 0, 0], "texture": "#2"}
			}
		},
		{
			"from": [1, 7.5481, 4],
			"to": [3, 11.5481, 4],
			"rotation": {"angle": 0, "axis": "y", "origin": [1.5, 9.0481, 0]},
			"faces": {
				"north": {"uv": [9.5, 3.5, 10, 4.5], "texture": "#2"},
				"east": {"uv": [0, 0, 0, 1], "texture": "#2"},
				"south": {"uv": [4, 9.5, 4.5, 10.5], "texture": "#2"},
				"west": {"uv": [0, 0, 0, 1], "texture": "#2"},
				"up": {"uv": [0.5, 0, 0, 0], "texture": "#2"},
				"down": {"uv": [0.5, 0, 0, 0], "texture": "#2"}
			}
		},
		{
			"from": [11, 7.5481, 12],
			"to": [13, 11.5481, 12],
			"rotation": {"angle": 0, "axis": "y", "origin": [1.5, 9.0481, 0]},
			"faces": {
				"north": {"uv": [9.5, 1.5, 10, 2.5], "texture": "#2"},
				"east": {"uv": [0, 0, 0, 1], "texture": "#2"},
				"south": {"uv": [9.5, 2.5, 10, 3.5], "texture": "#2"},
				"west": {"uv": [0, 0, 0, 1], "texture": "#2"},
				"up": {"uv": [0.5, 0, 0, 0], "texture": "#2"},
				"down": {"uv": [0.5, 0, 0, 0], "texture": "#2"}
			}
		},
		{
			"from": [1, 7.5481, 12],
			"to": [3, 11.5481, 12],
			"rotation": {"angle": 0, "axis": "y", "origin": [1.5, 9.0481, 0]},
			"faces": {
				"north": {"uv": [6, 4.5, 6.5, 5.5], "texture": "#2"},
				"east": {"uv": [0, 0, 0, 1], "texture": "#2"},
				"south": {"uv": [9.5, 0.5, 10, 1.5], "texture": "#2"},
				"west": {"uv": [0, 0, 0, 1], "texture": "#2"},
				"up": {"uv": [0.5, 0, 0, 0], "texture": "#2"},
				"down": {"uv": [0.5, 0, 0, 0], "texture": "#2"}
			}
		},
		{
			"from": [3, 6.5481, 13],
			"to": [11, 11.5481, 13],
			"rotation": {"angle": 0, "axis": "y", "origin": [1.5, 9.0481, 0]},
			"faces": {
				"north": {"uv": [4, 3, 6, 4.25], "texture": "#2"},
				"east": {"uv": [0, 0, 0, 1.25], "texture": "#2"},
				"south": {"uv": [4, 4.25, 6, 5.5], "texture": "#2"},
				"west": {"uv": [0, 0, 0, 1.25], "texture": "#2"},
				"up": {"uv": [2, 0, 0, 0], "texture": "#2"},
				"down": {"uv": [2, 0, 0, 0], "texture": "#2"}
			}
		},
		{
			"from": [3, 11.5481, 3],
			"to": [11, 11.5481, 13],
			"rotation": {"angle": 0, "axis": "y", "origin": [1.5, 9.0481, 0]},
			"faces": {
				"north": {"uv": [0, 0, 2, 0], "texture": "#2"},
				"east": {"uv": [0, 0, 2.5, 0], "texture": "#2"},
				"south": {"uv": [0, 0, 2, 0], "texture": "#2"},
				"west": {"uv": [0, 0, 2.5, 0], "texture": "#2"},
				"up": {"uv": [2, 5.5, 0, 3], "texture": "#2"},
				"down": {"uv": [4, 3, 2, 5.5], "texture": "#2"}
			}
		},
		{
			"from": [3, 6.5481, 3],
			"to": [11, 11.5481, 3],
			"rotation": {"angle": 0, "axis": "y", "origin": [1.5, 9.0481, 0]},
			"faces": {
				"north": {"uv": [0, 5.5, 2, 6.75], "texture": "#2"},
				"east": {"uv": [0, 0, 0, 1.25], "texture": "#2"},
				"south": {"uv": [2, 5.5, 4, 6.75], "texture": "#2"},
				"west": {"uv": [0, 0, 0, 1.25], "texture": "#2"},
				"up": {"uv": [2, 0, 0, 0], "texture": "#2"},
				"down": {"uv": [2, 0, 0, 0], "texture": "#2"}
			}
		},
		{
			"from": [-1, 11.5481, 5],
			"to": [1, 11.5481, 11],
			"rotation": {"angle": 0, "axis": "y", "origin": [1.5, 9.0481, 0]},
			"faces": {
				"north": {"uv": [0, 0, 0.5, 0], "texture": "#2"},
				"east": {"uv": [0, 0, 1.5, 0], "texture": "#2"},
				"south": {"uv": [0, 0, 0.5, 0], "texture": "#2"},
				"west": {"uv": [0, 0, 1.5, 0], "texture": "#2"},
				"up": {"uv": [7.25, 9, 6.75, 7.5], "texture": "#2"},
				"down": {"uv": [7.75, 7.5, 7.25, 9], "texture": "#2"}
			}
		},
		{
			"from": [-1, 8.5481, 11],
			"to": [1, 11.5481, 11],
			"rotation": {"angle": 0, "axis": "y", "origin": [1.5, 9.0481, 0]},
			"faces": {
				"north": {"uv": [10, 9.75, 10.5, 10.5], "texture": "#2"},
				"east": {"uv": [0, 0, 0, 0.75], "texture": "#2"},
				"south": {"uv": [1.25, 10.25, 1.75, 11], "texture": "#2"},
				"west": {"uv": [0, 0, 0, 0.75], "texture": "#2"},
				"up": {"uv": [0.5, 0, 0, 0], "texture": "#2"},
				"down": {"uv": [0.5, 0, 0, 0], "texture": "#2"}
			}
		},
		{
			"from": [-1, 8.5481, 5],
			"to": [1, 11.5481, 5],
			"rotation": {"angle": 0, "axis": "y", "origin": [1.5, 9.0481, 0]},
			"faces": {
				"north": {"uv": [8, 10, 8.5, 10.75], "texture": "#2"},
				"east": {"uv": [0, 0, 0, 0.75], "texture": "#2"},
				"south": {"uv": [10, 8.5, 10.5, 9.25], "texture": "#2"},
				"west": {"uv": [0, 0, 0, 0.75], "texture": "#2"},
				"up": {"uv": [0.5, 0, 0, 0], "texture": "#2"},
				"down": {"uv": [0.5, 0, 0, 0], "texture": "#2"}
			}
		},
		{
			"from": [13, 11.5481, 5],
			"to": [15, 11.5481, 11],
			"rotation": {"angle": 0, "axis": "y", "origin": [1.5, 9.0481, 0]},
			"faces": {
				"north": {"uv": [0, 0, 0.5, 0], "texture": "#2"},
				"east": {"uv": [0, 0, 1.5, 0], "texture": "#2"},
				"south": {"uv": [0, 0, 0.5, 0], "texture": "#2"},
				"west": {"uv": [0, 0, 1.5, 0], "texture": "#2"},
				"up": {"uv": [8.25, 6, 7.75, 4.5], "texture": "#2"},
				"down": {"uv": [8.25, 6, 7.75, 7.5], "texture": "#2"}
			}
		},
		{
			"from": [15, 11.0481, 5],
			"to": [15, 11.5481, 11],
			"rotation": {"angle": 0, "axis": "y", "origin": [1.5, 9.0481, 0]},
			"faces": {
				"north": {"uv": [0, 0, 0, 0.125], "texture": "#2"},
				"east": {"uv": [10, 10.5, 11.5, 10.625], "texture": "#2"},
				"south": {"uv": [0, 0, 0, 0.125], "texture": "#2"},
				"west": {"uv": [10.5, 10, 12, 10.125], "texture": "#2"},
				"up": {"uv": [0, 1.5, 0, 0], "texture": "#2"},
				"down": {"uv": [0, 0, 0, 1.5], "texture": "#2"}
			}
		},
		{
			"from": [15, 11.0481, 5],
			"to": [15.5, 11.0481, 11],
			"rotation": {"angle": 0, "axis": "y", "origin": [1.5, 9.0481, 0]},
			"faces": {
				"north": {"uv": [0, 0, 0.125, 0], "texture": "#2"},
				"east": {"uv": [0, 0, 1.5, 0], "texture": "#2"},
				"south": {"uv": [0, 0, 0.125, 0], "texture": "#2"},
				"west": {"uv": [0, 0, 1.5, 0], "texture": "#2"},
				"up": {"uv": [5.375, 12, 5.25, 10.5], "texture": "#2"},
				"down": {"uv": [7.625, 10.5, 7.5, 12], "texture": "#2"}
			}
		},
		{
			"from": [13, 8.5481, 11],
			"to": [15, 11.5481, 11],
			"rotation": {"angle": 0, "axis": "y", "origin": [1.5, 9.0481, 0]},
			"faces": {
				"north": {"uv": [10, 3.5, 10.5, 4.25], "texture": "#2"},
				"east": {"uv": [0, 0, 0, 0.75], "texture": "#2"},
				"south": {"uv": [10, 7.75, 10.5, 8.5], "texture": "#2"},
				"west": {"uv": [0, 0, 0, 0.75], "texture": "#2"},
				"up": {"uv": [0.5, 0, 0, 0], "texture": "#2"},
				"down": {"uv": [0.5, 0, 0, 0], "texture": "#2"}
			}
		},
		{
			"from": [13, 8.5481, 5],
			"to": [15, 11.5481, 5],
			"rotation": {"angle": 0, "axis": "y", "origin": [1.5, 9.0481, 0]},
			"faces": {
				"north": {"uv": [10, 2, 10.5, 2.75], "texture": "#2"},
				"east": {"uv": [0, 0, 0, 0.75], "texture": "#2"},
				"south": {"uv": [10, 2.75, 10.5, 3.5], "texture": "#2"},
				"west": {"uv": [0, 0, 0, 0.75], "texture": "#2"},
				"up": {"uv": [0.5, 0, 0, 0], "texture": "#2"},
				"down": {"uv": [0.5, 0, 0, 0], "texture": "#2"}
			}
		},
		{
			"from": [15.5, 9.0481, 5],
			"to": [18, 11.0481, 11],
			"rotation": {"angle": 0, "axis": "y", "origin": [-3, 9.0481, 0]},
			"faces": {
				"north": {"uv": [10.25, 5.5, 10.875, 6], "texture": "#2"},
				"east": {"uv": [8.25, 4.5, 9.75, 5], "texture": "#2"},
				"south": {"uv": [10.25, 6, 10.875, 6.5], "texture": "#2"},
				"west": {"uv": [8.25, 5, 9.75, 5.5], "texture": "#2"},
				"up": {"uv": [2.625, 8.25, 2, 6.75], "texture": "#2"},
				"down": {"uv": [3.375, 6.75, 2.75, 8.25], "texture": "#2"}
			}
		},
		{
			"from": [18, 9.5481, 7],
			"to": [21, 10.5481, 9],
			"rotation": {"angle": 0, "axis": "y", "origin": [-3, 9.0481, 0]},
			"faces": {
				"north": {"uv": [10.5, 8.25, 11.25, 8.5], "texture": "#2"},
				"east": {"uv": [0, 10.75, 0.5, 11], "texture": "#2"},
				"south": {"uv": [8.5, 10.5, 9.25, 10.75], "texture": "#2"},
				"west": {"uv": [5.5, 10.75, 6, 11], "texture": "#2"},
				"up": {"uv": [10, 10.25, 9.25, 9.75], "texture": "#2"},
				"down": {"uv": [1.25, 10, 0.5, 10.5], "texture": "#2"}
			}
		},
		{
			"from": [12, 3.0481, 3],
			"to": [14, 9.0481, 5],
			"rotation": {"angle": -45, "axis": "z", "origin": [9, 8.0481, 1]},
			"faces": {
				"north": {"uv": [7.75, 7.5, 8.25, 9], "texture": "#2"},
				"east": {"uv": [8, 3, 8.5, 4.5], "texture": "#2"},
				"south": {"uv": [4, 8, 4.5, 9.5], "texture": "#2"},
				"west": {"uv": [4.5, 8, 5, 9.5], "texture": "#2"},
				"up": {"uv": [11, 2, 10.5, 1.5], "texture": "#2"},
				"down": {"uv": [11, 2, 10.5, 2.5], "texture": "#2"}
			}
		},
		{
			"from": [12, 8.0481, 4],
			"to": [14, 14.0481, 6],
			"rotation": {"angle": -45, "axis": "z", "origin": [9, 8.0481, 1]},
			"faces": {
				"north": {"uv": [5, 8, 5.5, 9.5], "texture": "#2"},
				"east": {"uv": [5.5, 8, 6, 9.5], "texture": "#2"},
				"south": {"uv": [2, 8.25, 2.5, 9.75], "texture": "#2"},
				"west": {"uv": [2.5, 8.25, 3, 9.75], "texture": "#2"},
				"up": {"uv": [11, 3, 10.5, 2.5], "texture": "#2"},
				"down": {"uv": [11, 3, 10.5, 3.5], "texture": "#2"}
			}
		},
		{
			"from": [-4, 9.0481, 5],
			"to": [-1, 11.0481, 11],
			"rotation": {"angle": 0, "axis": "y", "origin": [-22.5, 9.0481, 0]},
			"faces": {
				"north": {"uv": [9.75, 4.5, 10.5, 5], "texture": "#2"},
				"east": {"uv": [0, 8.75, 1.5, 9.25], "texture": "#2"},
				"south": {"uv": [9.75, 5, 10.5, 5.5], "texture": "#2"},
				"west": {"uv": [8.75, 5.5, 10.25, 6], "texture": "#2"},
				"up": {"uv": [7.25, 6, 6.5, 4.5], "texture": "#2"},
				"down": {"uv": [5.5, 6.5, 4.75, 8], "texture": "#2"}
			}
		},
		{
			"from": [-8.5, 10.0481, 7.5],
			"to": [-6, 11.0481, 8.5],
			"rotation": {"angle": 0, "axis": "y", "origin": [-24, 9.0481, 0]},
			"faces": {
				"north": {"uv": [10.5, 10.25, 11.125, 10.5], "texture": "#2"},
				"east": {"uv": [6.25, 6.5, 6.5, 6.75], "texture": "#2"},
				"south": {"uv": [1.75, 10.75, 2.375, 11], "texture": "#2"},
				"west": {"uv": [6.25, 6.75, 6.5, 7], "texture": "#2"},
				"up": {"uv": [3.125, 11, 2.5, 10.75], "texture": "#2"},
				"down": {"uv": [7.125, 10.75, 6.5, 11], "texture": "#2"}
			}
		},
		{
			"from": [-6, 10.0481, 6.5],
			"to": [-4, 11.0481, 9.5],
			"rotation": {"angle": 0, "axis": "y", "origin": [-24, 9.0481, 0]},
			"faces": {
				"north": {"uv": [11, 1.25, 11.5, 1.5], "texture": "#2"},
				"east": {"uv": [10.5, 9, 11.25, 9.25], "texture": "#2"},
				"south": {"uv": [1.5, 11, 2, 11.25], "texture": "#2"},
				"west": {"uv": [10.5, 9.75, 11.25, 10], "texture": "#2"},
				"up": {"uv": [10.5, 1.25, 10, 0.5], "texture": "#2"},
				"down": {"uv": [10.5, 1.25, 10, 2], "texture": "#2"}
			}
		},
		{
			"from": [-13, 9.5481, 7.5],
			"to": [-8.5, 10.5481, 8.5],
			"rotation": {"angle": 0, "axis": "y", "origin": [-24, 9.0481, 0]},
			"faces": {
				"north": {"uv": [10, 4.25, 11.125, 4.5], "texture": "#2"},
				"east": {"uv": [6.25, 7, 6.5, 7.25], "texture": "#2"},
				"south": {"uv": [10.25, 6.5, 11.375, 6.75], "texture": "#2"},
				"west": {"uv": [6.25, 7.25, 6.5, 7.5], "texture": "#2"},
				"up": {"uv": [11.375, 9.5, 10.25, 9.25], "texture": "#2"},
				"down": {"uv": [11.375, 9.5, 10.25, 9.75], "texture": "#2"}
			}
		},
		{
			"from": [-16, 9.0481, 7.5],
			"to": [-13, 10.0481, 8.5],
			"rotation": {"angle": 0, "axis": "y", "origin": [-24, 9.0481, 0]},
			"faces": {
				"north": {"uv": [10.5, 7.25, 11.25, 7.5], "texture": "#2"},
				"east": {"uv": [6, 8, 6.25, 8.25], "texture": "#2"},
				"south": {"uv": [10.5, 7.5, 11.25, 7.75], "texture": "#2"},
				"west": {"uv": [6, 8.25, 6.25, 8.5], "texture": "#2"},
				"up": {"uv": [11.25, 8, 10.5, 7.75], "texture": "#2"},
				"down": {"uv": [11.25, 8, 10.5, 8.25], "texture": "#2"}
			}
		},
		{
			"from": [-7.5, 8.0481, 4],
			"to": [-4.5, 14.0481, 6],
			"rotation": {"angle": -45, "axis": "z", "origin": [-10.5, 8.0481, 1]},
			"faces": {
				"north": {"uv": [6, 3, 6.75, 4.5], "texture": "#2"},
				"east": {"uv": [8.5, 3, 9, 4.5], "texture": "#2"},
				"south": {"uv": [4, 6.5, 4.75, 8], "texture": "#2"},
				"west": {"uv": [8.25, 8.5, 8.75, 10], "texture": "#2"},
				"up": {"uv": [2.75, 10.25, 2, 9.75], "texture": "#2"},
				"down": {"uv": [3.5, 9.75, 2.75, 10.25], "texture": "#2"}
			}
		},
		{
			"from": [-7, 3.0481, 3],
			"to": [-5, 9.0481, 5],
			"rotation": {"angle": -45, "axis": "z", "origin": [-10.5, 8.0481, 1]},
			"faces": {
				"north": {"uv": [3, 8.25, 3.5, 9.75], "texture": "#2"},
				"east": {"uv": [3.5, 8.25, 4, 9.75], "texture": "#2"},
				"south": {"uv": [8.25, 5.5, 8.75, 7], "texture": "#2"},
				"west": {"uv": [8.25, 7, 8.75, 8.5], "texture": "#2"},
				"up": {"uv": [3.75, 11, 3.25, 10.5], "texture": "#2"},
				"down": {"uv": [11, 3.5, 10.5, 4], "texture": "#2"}
			}
		},
		{
			"from": [-7.5, 8.0481, 10],
			"to": [-4.5, 14.0481, 12],
			"rotation": {"angle": -45, "axis": "z", "origin": [-10.5, 8.0481, 15]},
			"faces": {
				"north": {"uv": [5.5, 6.5, 6.25, 8], "texture": "#2"},
				"east": {"uv": [8.75, 9, 9.25, 10.5], "texture": "#2"},
				"south": {"uv": [6.5, 6, 7.25, 7.5], "texture": "#2"},
				"west": {"uv": [0, 9.25, 0.5, 10.75], "texture": "#2"},
				"up": {"uv": [2.5, 10.75, 1.75, 10.25], "texture": "#2"},
				"down": {"uv": [3.25, 10.25, 2.5, 10.75], "texture": "#2"}
			}
		},
		{
			"from": [-7, 3.0481, 11],
			"to": [-5, 9.0481, 13],
			"rotation": {"angle": -45, "axis": "z", "origin": [-10.5, 8.0481, 15]},
			"faces": {
				"north": {"uv": [3.5, 6.75, 4, 8.25], "texture": "#2"},
				"east": {"uv": [7.25, 4.5, 7.75, 6], "texture": "#2"},
				"south": {"uv": [7.25, 6, 7.75, 7.5], "texture": "#2"},
				"west": {"uv": [6.25, 7.5, 6.75, 9], "texture": "#2"},
				"up": {"uv": [6, 10.75, 5.5, 10.25], "texture": "#2"},
				"down": {"uv": [11, 1, 10.5, 1.5], "texture": "#2"}
			}
		},
		{
			"from": [12, 8.0481, 10],
			"to": [14, 14.0481, 12],
			"rotation": {"angle": -45, "axis": "z", "origin": [9, 8.0481, 15]},
			"faces": {
				"north": {"uv": [6, 9, 6.5, 10.5], "texture": "#2"},
				"east": {"uv": [6.5, 9, 7, 10.5], "texture": "#2"},
				"south": {"uv": [7, 9, 7.5, 10.5], "texture": "#2"},
				"west": {"uv": [7.5, 9, 8, 10.5], "texture": "#2"},
				"up": {"uv": [11, 5.5, 10.5, 5], "texture": "#2"},
				"down": {"uv": [6.5, 10.5, 6, 11], "texture": "#2"}
			}
		},
		{
			"from": [12, 3.0481, 11],
			"to": [14, 9.0481, 13],
			"rotation": {"angle": -45, "axis": "z", "origin": [9, 8.0481, 15]},
			"faces": {
				"north": {"uv": [1.5, 8.75, 2, 10.25], "texture": "#2"},
				"east": {"uv": [8.75, 6, 9.25, 7.5], "texture": "#2"},
				"south": {"uv": [8.75, 7.5, 9.25, 9], "texture": "#2"},
				"west": {"uv": [9, 3, 9.5, 4.5], "texture": "#2"},
				"up": {"uv": [11, 5, 10.5, 4.5], "texture": "#2"},
				"down": {"uv": [5.25, 10.5, 4.75, 11], "texture": "#2"}
			}
		},
		{
			"from": [21.711, 16.6499, 6.5],
			"to": [25.211, 17.6499, 9.5],
			"rotation": {"angle": -22.5, "axis": "z", "origin": [1.23341, 17.6499, -2]},
			"faces": {
				"north": {"uv": [10.5, 4, 11.375, 4.25], "texture": "#2"},
				"east": {"uv": [10.5, 6.75, 11.25, 7], "texture": "#2"},
				"south": {"uv": [6.5, 10.5, 7.375, 10.75], "texture": "#2"},
				"west": {"uv": [10.5, 7, 11.25, 7.25], "texture": "#2"},
				"up": {"uv": [1.375, 10, 0.5, 9.25], "texture": "#2"},
				"down": {"uv": [10.125, 6, 9.25, 6.75], "texture": "#2"}
			}
		},
		{
			"from": [25.211, 17.1499, 6.5],
			"to": [29.711, 17.6499, 9.5],
			"rotation": {"angle": -22.5, "axis": "z", "origin": [1.23341, 17.6499, -2]},
			"faces": {
				"north": {"uv": [7.75, 10.75, 8.875, 10.875], "texture": "#2"},
				"east": {"uv": [11, 1.5, 11.75, 1.625], "texture": "#2"},
				"south": {"uv": [9, 10.75, 10.125, 10.875], "texture": "#2"},
				"west": {"uv": [11, 1.75, 11.75, 1.875], "texture": "#2"},
				"up": {"uv": [7.875, 3.75, 6.75, 3], "texture": "#2"},
				"down": {"uv": [7.875, 3.75, 6.75, 4.5], "texture": "#2"}
			}
		},
		{
			"from": [29.711, 16.6499, 6.5],
			"to": [31.711, 17.6499, 9.5],
			"rotation": {"angle": -22.5, "axis": "z", "origin": [1.23341, 17.6499, -2]},
			"faces": {
				"north": {"uv": [1, 11, 1.5, 11.25], "texture": "#2"},
				"east": {"uv": [10.5, 8.5, 11.25, 8.75], "texture": "#2"},
				"south": {"uv": [11, 1, 11.5, 1.25], "texture": "#2"},
				"west": {"uv": [10.5, 8.75, 11.25, 9], "texture": "#2"},
				"up": {"uv": [6, 10.25, 5.5, 9.5], "texture": "#2"},
				"down": {"uv": [4, 9.75, 3.5, 10.5], "texture": "#2"}
			}
		},
		{
			"from": [29.211, 17.6499, 6.5],
			"to": [31.711, 18.1499, 6.5],
			"rotation": {"angle": -22.5, "axis": "z", "origin": [1.23341, 17.6499, -2]},
			"faces": {
				"north": {"uv": [11, 2.25, 11.625, 2.375], "texture": "#2"},
				"east": {"uv": [0, 0, 0, 0.125], "texture": "#2"},
				"south": {"uv": [11, 2.5, 11.625, 2.625], "texture": "#2"},
				"west": {"uv": [0, 0, 0, 0.125], "texture": "#2"},
				"up": {"uv": [0.625, 0, 0, 0], "texture": "#2"},
				"down": {"uv": [0.625, 0, 0, 0], "texture": "#2"}
			}
		},
		{
			"from": [31.711, 17.6499, 6.5],
			"to": [31.711, 18.1499, 9.5],
			"rotation": {"angle": -22.5, "axis": "z", "origin": [1.23341, 17.6499, -2]},
			"faces": {
				"north": {"uv": [0, 0, 0, 0.125], "texture": "#2"},
				"east": {"uv": [2, 11, 2.75, 11.125], "texture": "#2"},
				"south": {"uv": [0, 0, 0, 0.125], "texture": "#2"},
				"west": {"uv": [11, 2, 11.75, 2.125], "texture": "#2"},
				"up": {"uv": [0, 0.75, 0, 0], "texture": "#2"},
				"down": {"uv": [0, 0, 0, 0.75], "texture": "#2"}
			}
		},
		{
			"from": [29.211, 17.6499, 9.5],
			"to": [31.711, 18.1499, 9.5],
			"rotation": {"angle": -22.5, "axis": "z", "origin": [1.23341, 17.6499, -2]},
			"faces": {
				"north": {"uv": [2.75, 11, 3.375, 11.125], "texture": "#2"},
				"east": {"uv": [0, 0, 0, 0.125], "texture": "#2"},
				"south": {"uv": [11, 2.75, 11.625, 2.875], "texture": "#2"},
				"west": {"uv": [0, 0, 0, 0.125], "texture": "#2"},
				"up": {"uv": [0.625, 0, 0, 0], "texture": "#2"},
				"down": {"uv": [0.625, 0, 0, 0], "texture": "#2"}
			}
		},
		{
			"from": [29, 9.0481, 7],
			"to": [31, 10.0481, 9],
			"rotation": {"angle": 0, "axis": "y", "origin": [0, -4.9519, 0]},
			"faces": {
				"north": {"uv": [10.25, 10.75, 10.75, 11], "texture": "#2"},
				"east": {"uv": [10.75, 10.75, 11.25, 11], "texture": "#2"},
				"south": {"uv": [0, 11, 0.5, 11.25], "texture": "#2"},
				"west": {"uv": [0.5, 11, 1, 11.25], "texture": "#2"},
				"up": {"uv": [4.25, 11, 3.75, 10.5], "texture": "#2"},
				"down": {"uv": [4.75, 10.5, 4.25, 11], "texture": "#2"}
			}
		},
		{
			"from": [29, 8.5481, 7],
			"to": [31, 9.0481, 7],
			"rotation": {"angle": 0, "axis": "y", "origin": [0, -4.9519, 0]},
			"faces": {
				"north": {"uv": [11, 3, 11.5, 3.125], "texture": "#2"},
				"east": {"uv": [0, 0, 0, 0.125], "texture": "#2"},
				"south": {"uv": [11, 3.25, 11.5, 3.375], "texture": "#2"},
				"west": {"uv": [0, 0, 0, 0.125], "texture": "#2"},
				"up": {"uv": [0.5, 0, 0, 0], "texture": "#2"},
				"down": {"uv": [0.5, 0, 0, 0], "texture": "#2"}
			}
		},
		{
			"from": [29, 8.5481, 9],
			"to": [31, 9.0481, 9],
			"rotation": {"angle": 0, "axis": "y", "origin": [0, -4.9519, 0]},
			"faces": {
				"north": {"uv": [3.5, 11, 4, 11.125], "texture": "#2"},
				"east": {"uv": [0, 0, 0, 0.125], "texture": "#2"},
				"south": {"uv": [11, 3.5, 11.5, 3.625], "texture": "#2"},
				"west": {"uv": [0, 0, 0, 0.125], "texture": "#2"},
				"up": {"uv": [0.5, 0, 0, 0], "texture": "#2"},
				"down": {"uv": [0.5, 0, 0, 0], "texture": "#2"}
			}
		},
		{
			"from": [31, 8.5481, 7],
			"to": [31, 9.0481, 9],
			"rotation": {"angle": 0, "axis": "y", "origin": [0, -4.9519, 0]},
			"faces": {
				"north": {"uv": [0, 0, 0, 0.125], "texture": "#2"},
				"east": {"uv": [11, 3.75, 11.5, 3.875], "texture": "#2"},
				"south": {"uv": [0, 0, 0, 0.125], "texture": "#2"},
				"west": {"uv": [4, 11, 4.5, 11.125], "texture": "#2"},
				"up": {"uv": [0, 0.5, 0, 0], "texture": "#2"},
				"down": {"uv": [0, 0, 0, 0.5], "texture": "#2"}
			}
		}
	],
	"display": {
		"thirdperson_righthand": {
			"rotation": [90, 0, 0],
			"translation": [-8, -2, 0],
			"scale": [1.75, 1.75, 1.75]
		},
		"thirdperson_lefthand": {
			"rotation": [90, 0, 0],
			"translation": [-8, -2, 0],
			"scale": [1.75, 1.75, 1.75]
		},
		"firstperson_righthand": {
			"rotation": [0, 135, 0],
			"scale": [0.4, 0.4, 0.4]
		},
		"firstperson_lefthand": {
			"rotation": [0, -45, 0],
			"scale": [0.4, 0.4, 0.4]
		},
		"ground": {
			"translation": [0, 8, 0],
			"scale": [0.5, 0.5, 0.5]
		},
		"gui": {
			"rotation": [30, 225, 0],
			"scale": [0.465, 0.465, 0.465]
		},
		"fixed": {
			"translation": [0, 0, -0.25],
			"scale": [0.5, 0.5, 0.5]
		}
	}
}