{
	"credit": "Made with Blockbench",
	"texture_size": [32, 32],
	"textures": {
		"1": "item/custom/models/flat_cap"
	},
	"elements": [
		{
			"from": [4, 8, 6],
			"to": [13, 8, 12],
			"faces": {
				"north": {"uv": [0, 0, 4.5, 0], "texture": "#1"},
				"east": {"uv": [0, 0, 3, 0], "texture": "#1"},
				"south": {"uv": [0, 0, 4.5, 0], "texture": "#1"},
				"west": {"uv": [0, 0, 3, 0], "texture": "#1"},
				"up": {"uv": [4.5, 3, 0, 0], "texture": "#1"},
				"down": {"uv": [4.5, 0, 0, 3], "texture": "#1"}
			}
		},
		{
			"from": [7.5, 8, 7.5],
			"to": [9.5, 8.5, 9.5],
			"faces": {
				"north": {"uv": [1.5, 9, 2.5, 9.5], "texture": "#1"},
				"east": {"uv": [9, 1.5, 10, 2], "texture": "#1"},
				"south": {"uv": [9, 2, 10, 2.5], "texture": "#1"},
				"west": {"uv": [9, 2.5, 10, 3], "texture": "#1"},
				"up": {"uv": [4, 9.5, 3, 8.5], "texture": "#1"}
			}
		},
		{
			"from": [4, 6.74052, 3.69199],
			"to": [13, 6.74052, 6.30512],
			"rotation": {"angle": -22.5, "axis": "x", "origin": [8, 6.60428, 2.98664]},
			"faces": {
				"north": {"uv": [0, 0, 4.5, 0], "texture": "#1"},
				"east": {"uv": [0, 0, 1.5, 0], "texture": "#1"},
				"south": {"uv": [0, 0, 4.5, 0], "texture": "#1"},
				"west": {"uv": [0, 0, 1.5, 0], "texture": "#1"},
				"up": {"uv": [9, 4.5, 4.5, 3], "texture": "#1"},
				"down": {"uv": [9, 3, 4.5, 4.5], "texture": "#1"}
			}
		},
		{
			"from": [13, 5, 6],
			"to": [13, 8, 12],
			"rotation": {"angle": 0, "axis": "y", "origin": [1, 0, 0]},
			"faces": {
				"north": {"uv": [0, 0, 0, 1.5], "texture": "#1"},
				"east": {"uv": [0, 6, 3, 7.5], "texture": "#1"},
				"south": {"uv": [0, 0, 0, 1.5], "texture": "#1"},
				"west": {"uv": [0, 6, 3, 7.5], "texture": "#1"},
				"up": {"uv": [0, 3, 0, 0], "texture": "#1"},
				"down": {"uv": [0, 0, 0, 3], "texture": "#1"}
			}
		},
		{
			"from": [4, 5, 6],
			"to": [4, 8, 12],
			"faces": {
				"north": {"uv": [0, 0, 0, 1.5], "texture": "#1"},
				"east": {"uv": [0, 7.5, 3, 9], "texture": "#1"},
				"south": {"uv": [0, 0, 0, 1.5], "texture": "#1"},
				"west": {"uv": [0, 7.5, 3, 9], "texture": "#1"},
				"up": {"uv": [0, 3, 0, 0], "texture": "#1"},
				"down": {"uv": [0, 0, 0, 3], "texture": "#1"}
			}
		},
		{
			"from": [13, 5, 2.58579],
			"to": [13, 6, 3.58579],
			"rotation": {"angle": 0, "axis": "y", "origin": [9, -0.14705, -1.91421]},
			"faces": {
				"north": {"uv": [0, 0, 0, 0.5], "texture": "#1"},
				"east": {"uv": [9, 3.5, 9.5, 4], "texture": "#1"},
				"south": {"uv": [0, 0, 0, 0.5], "texture": "#1"},
				"west": {"uv": [9, 4, 9.5, 4.5], "texture": "#1"},
				"up": {"uv": [0, 0.5, 0, 0], "texture": "#1"},
				"down": {"uv": [0, 0, 0, 0.5], "texture": "#1"}
			}
		},
		{
			"from": [13, 5, 3.58579],
			"to": [13, 7, 6],
			"rotation": {"angle": 0, "axis": "y", "origin": [9, -0.14705, -2.31421]},
			"faces": {
				"north": {"uv": [0, 0, 0, 1], "texture": "#1"},
				"east": {"uv": [7, 8.5, 8, 9.5], "texture": "#1"},
				"south": {"uv": [0, 0, 0, 1], "texture": "#1"},
				"west": {"uv": [7, 8.5, 8, 9.5], "texture": "#1"},
				"up": {"uv": [0, 1, 0, 0], "texture": "#1"},
				"down": {"uv": [0, 0, 0, 1], "texture": "#1"}
			}
		},
		{
			"from": [12.99, 5.74052, 3.69199],
			"to": [12.99, 6.74052, 6.30512],
			"rotation": {"angle": -22.5, "axis": "x", "origin": [17, 6.60428, 2.98664]},
			"faces": {
				"north": {"uv": [0, 0, 0, 0.5], "texture": "#1"},
				"east": {"uv": [9, 0.5, 10.5, 1], "texture": "#1"},
				"south": {"uv": [0, 0, 0, 0.5], "texture": "#1"},
				"west": {"uv": [9, 1, 10.5, 1.5], "texture": "#1"},
				"up": {"uv": [0, 1.5, 0, 0], "texture": "#1"},
				"down": {"uv": [0, 0, 0, 1.5], "texture": "#1"}
			}
		},
		{
			"from": [4, 5, 2.58579],
			"to": [4, 6, 3.58579],
			"rotation": {"angle": 0, "axis": "y", "origin": [0, -0.14705, -1.91421]},
			"faces": {
				"north": {"uv": [0, 0, 0, 0.5], "texture": "#1"},
				"east": {"uv": [2.5, 9, 3, 9.5], "texture": "#1"},
				"south": {"uv": [0, 0, 0, 0.5], "texture": "#1"},
				"west": {"uv": [9, 3, 9.5, 3.5], "texture": "#1"},
				"up": {"uv": [0, 0.5, 0, 0], "texture": "#1"},
				"down": {"uv": [0, 0, 0, 0.5], "texture": "#1"}
			}
		},
		{
			"from": [4, 5, 3.58579],
			"to": [4, 7, 6],
			"rotation": {"angle": 0, "axis": "y", "origin": [0, -0.14705, -2.31421]},
			"faces": {
				"north": {"uv": [0, 0, 0, 1], "texture": "#1"},
				"east": {"uv": [6, 8.5, 7, 9.5], "texture": "#1"},
				"south": {"uv": [0, 0, 0, 1], "texture": "#1"},
				"west": {"uv": [6, 8.5, 7, 9.5], "texture": "#1"},
				"up": {"uv": [0, 1, 0, 0], "texture": "#1"},
				"down": {"uv": [0, 0, 0, 1], "texture": "#1"}
			}
		},
		{
			"from": [4.01, 5.74052, 3.69199],
			"to": [4.01, 6.74052, 6.30512],
			"rotation": {"angle": -22.5, "axis": "x", "origin": [8, 6.60428, 2.98664]},
			"faces": {
				"north": {"uv": [0, 0, 0, 0.5], "texture": "#1"},
				"east": {"uv": [0, 9, 1.5, 9.5], "texture": "#1"},
				"south": {"uv": [0, 0, 0, 0.5], "texture": "#1"},
				"west": {"uv": [9, 0, 10.5, 0.5], "texture": "#1"},
				"up": {"uv": [0, 1.5, 0, 0], "texture": "#1"},
				"down": {"uv": [0, 0, 0, 1.5], "texture": "#1"}
			}
		},
		{
			"from": [4, 5, 12],
			"to": [13, 8, 12],
			"rotation": {"angle": 0, "axis": "y", "origin": [8, 7, 12]},
			"faces": {
				"north": {"uv": [4.5, 1.5, 9, 3], "texture": "#1"},
				"east": {"uv": [0, 0, 0, 1.5], "texture": "#1"},
				"south": {"uv": [4.5, 1.5, 9, 3], "texture": "#1"},
				"west": {"uv": [0, 0, 0, 1.5], "texture": "#1"},
				"up": {"uv": [4.5, 0, 0, 0], "texture": "#1"},
				"down": {"uv": [4.5, 0, 0, 0], "texture": "#1"}
			}
		},
		{
			"from": [4, 6, 3.58579],
			"to": [13, 7, 3.58579],
			"rotation": {"angle": 0, "axis": "y", "origin": [8, 7.5, 11.33579]},
			"faces": {
				"north": {"uv": [3, 7.5, 7.5, 8], "texture": "#1"},
				"east": {"uv": [0, 0, 0, 0.5], "texture": "#1"},
				"south": {"uv": [3, 7.5, 7.5, 8], "texture": "#1"},
				"west": {"uv": [0, 0, 0, 0.5], "texture": "#1"},
				"up": {"uv": [4.5, 0, 0, 0], "texture": "#1"},
				"down": {"uv": [4.5, 0, 0, 0], "texture": "#1"}
			}
		},
		{
			"from": [4, 5.999, 2.58579],
			"to": [13, 5.999, 3.58579],
			"rotation": {"angle": 0, "axis": "y", "origin": [8, 7.499, 11.33579]},
			"faces": {
				"north": {"uv": [0, 0, 4.5, 0], "texture": "#1"},
				"east": {"uv": [0, 0, 0.5, 0], "texture": "#1"},
				"south": {"uv": [0, 0, 4.5, 0], "texture": "#1"},
				"west": {"uv": [0, 0, 0.5, 0], "texture": "#1"},
				"up": {"uv": [7.5, 8.5, 3, 8], "texture": "#1"},
				"down": {"uv": [7.5, 8, 3, 8.5], "texture": "#1"}
			}
		}
	],
	"display": {
		"head": {
			"translation": [-0.75, 8.75, 0],
			"scale": [1.8, 1.8, 1.8]
		}
	}
}