{
	"credit": "Made with Blockbench",
	"texture_size": [32, 32],
	"textures": {
		"1": "item/custom/models/flintlock_pistol"
	},
	"elements": [
		{
			"from": [7.5, 7.65, -3],
			"to": [8.5, 8.65, 12],
			"rotation": {"angle": 45, "axis": "z", "origin": [8, 8.15, -2]},
			"faces": {
				"north": {"uv": [2.5, 4.5, 3, 5], "texture": "#1"},
				"east": {"uv": [0, 0, 7.5, 0.5], "texture": "#1"},
				"south": {"uv": [2.5, 5, 3, 5.5], "texture": "#1"},
				"west": {"uv": [0, 0.5, 7.5, 1], "texture": "#1"},
				"up": {"uv": [0.5, 8.5, 0, 1], "texture": "#1"},
				"down": {"uv": [1, 1, 0.5, 8.5], "texture": "#1"}
			}
		},
		{
			"from": [7, 6.5, -2],
			"to": [9, 7.5, 5],
			"rotation": {"angle": 0, "axis": "z", "origin": [7.5, 7, -3]},
			"faces": {
				"north": {"uv": [4, 6.5, 5, 7], "texture": "#1"},
				"east": {"uv": [6.5, 4.5, 10, 5], "texture": "#1"},
				"south": {"uv": [8.5, 5, 9.5, 5.5], "texture": "#1"},
				"west": {"uv": [7.5, 2, 11, 2.5], "texture": "#1"},
				"up": {"uv": [2, 4.5, 1, 1], "texture": "#1"},
				"down": {"uv": [3, 1, 2, 4.5], "texture": "#1"}
			}
		},
		{
			"from": [7, 6.5, 5],
			"to": [9, 8.5, 12],
			"rotation": {"angle": 0, "axis": "z", "origin": [7.5, 8, 4]},
			"faces": {
				"north": {"uv": [7.5, 2.5, 8.5, 3.5], "texture": "#1"},
				"east": {"uv": [3, 1, 6.5, 2], "texture": "#1"},
				"south": {"uv": [6, 8, 7, 9], "texture": "#1"},
				"west": {"uv": [3, 2, 6.5, 3], "texture": "#1"},
				"up": {"uv": [4, 6.5, 3, 3], "texture": "#1"},
				"down": {"uv": [5, 3, 4, 6.5], "texture": "#1"}
			}
		},
		{
			"from": [7, 6.63599, 16.03382],
			"to": [9, 8.48599, 20.78382],
			"rotation": {"angle": 45, "axis": "x", "origin": [7.65, 8.13599, 14.03382]},
			"faces": {
				"north": {"uv": [8.5, 0, 9.5, 1], "texture": "#1"},
				"east": {"uv": [5, 5, 7.5, 6], "texture": "#1"},
				"south": {"uv": [8.5, 1, 9.5, 2], "texture": "#1"},
				"west": {"uv": [5, 6, 7.5, 7], "texture": "#1"},
				"up": {"uv": [2, 9, 1, 6.5], "texture": "#1"},
				"down": {"uv": [7.5, 1, 6.5, 3.5], "texture": "#1"}
			}
		},
		{
			"from": [9, 8.5, 9],
			"to": [9, 9.5, 10],
			"rotation": {"angle": 0, "axis": "y", "origin": [7.5, 8, 2]},
			"faces": {
				"north": {"uv": [0, 0, 0, 0.5], "texture": "#1"},
				"east": {"uv": [2.5, 5.5, 3, 6], "texture": "#1"},
				"south": {"uv": [0, 0, 0, 0.5], "texture": "#1"},
				"west": {"uv": [2.5, 6, 3, 6.5], "texture": "#1"},
				"up": {"uv": [0, 0.5, 0, 0], "texture": "#1"},
				"down": {"uv": [0, 0, 0, 0.5], "texture": "#1"}
			}
		},
		{
			"from": [8, 4.5, 8],
			"to": [8, 6.5, 12],
			"rotation": {"angle": 0, "axis": "y", "origin": [7.5, 8, 4]},
			"faces": {
				"north": {"uv": [0, 0, 0, 1], "texture": "#1"},
				"east": {"uv": [2, 6.5, 4, 7.5], "texture": "#1"},
				"south": {"uv": [0, 0, 0, 1], "texture": "#1"},
				"west": {"uv": [6.5, 3.5, 8.5, 4.5], "texture": "#1"},
				"up": {"uv": [0, 2, 0, 0], "texture": "#1"},
				"down": {"uv": [0, 0, 0, 2], "texture": "#1"}
			}
		},
		{
			"from": [6.95, 6.53806, 11.80866],
			"to": [9.05, 8.53806, 15.80866],
			"rotation": {"angle": 22.5, "axis": "x", "origin": [7.5, 8.03806, 11.80866]},
			"faces": {
				"north": {"uv": [8, 6.5, 9, 7.5], "texture": "#1"},
				"east": {"uv": [4, 7, 6, 8], "texture": "#1"},
				"south": {"uv": [7, 8, 8, 9], "texture": "#1"},
				"west": {"uv": [6, 7, 8, 8], "texture": "#1"},
				"up": {"uv": [8.5, 2, 7.5, 0], "texture": "#1"},
				"down": {"uv": [3, 7.5, 2, 9.5], "texture": "#1"}
			}
		},
		{
			"from": [7.05, 2.27375, 15.69552],
			"to": [8.95, 5.27375, 17.69552],
			"rotation": {"angle": -22.5, "axis": "x", "origin": [7.1, 3.27375, 15.69552]},
			"faces": {
				"north": {"uv": [3, 7.5, 4, 9], "texture": "#1"},
				"east": {"uv": [7.5, 5, 8.5, 6.5], "texture": "#1"},
				"south": {"uv": [4, 8, 5, 9.5], "texture": "#1"},
				"west": {"uv": [5, 8, 6, 9.5], "texture": "#1"},
				"up": {"uv": [9, 8.5, 8, 7.5], "texture": "#1"},
				"down": {"uv": [1, 8.5, 0, 9.5], "texture": "#1"}
			}
		},
		{
			"from": [6.55, 2.1533, 15.6173],
			"to": [9.55, 3.1533, 19.6173],
			"rotation": {"angle": -22.5, "axis": "x", "origin": [8.05, 2.6533, 17.6173]},
			"faces": {
				"north": {"uv": [8.5, 3.5, 10, 4], "texture": "#1"},
				"east": {"uv": [8.5, 2.5, 10.5, 3], "texture": "#1"},
				"south": {"uv": [8.5, 4, 10, 4.5], "texture": "#1"},
				"west": {"uv": [8.5, 3, 10.5, 3.5], "texture": "#1"},
				"up": {"uv": [2.5, 6.5, 1, 4.5], "texture": "#1"},
				"down": {"uv": [6.5, 3, 5, 5], "texture": "#1"}
			}
		}
	],
	"display": {
		"thirdperson_righthand": {
			"rotation": [0, -12, 0],
			"translation": [0, 1.25, -1],
			"scale": [0.75, 0.75, 0.75]
		},
		"thirdperson_lefthand": {
			"rotation": [0, -12, 0],
			"translation": [0, 1.25, -1],
			"scale": [0.75, 0.75, 0.75]
		},
		"firstperson_righthand": {
			"translation": [4.25, 3.75, 0],
			"scale": [0.45, 0.45, 0.45]
		},
		"firstperson_lefthand": {
			"translation": [4.25, 3.75, 0],
			"scale": [0.45, 0.45, 0.45]
		},
		"ground": {
			"translation": [0, 3.75, 0]
		},
		"gui": {
			"rotation": [30, -45, 0],
			"scale": [0.625, 0.625, 0.625]
		},
		"fixed": {
			"rotation": [0, 90, 0],
			"scale": [2, 2, 2]
		}
	}
}