{
	"credit": "Made with Blockbench",
	"textures": {
		"2": "item/custom/models/flower_crown",
		"particle": "item/custom/models/flower_crown"
	},
	"elements": [
		{
			"from": [3.4995, 4.81046, 12.4995],
			"to": [12.4995, 7.81046, 12.4995],
			"rotation": {"angle": 0, "axis": "y", "origin": [5.75, 6.31046, 10.2495]},
			"faces": {
				"north": {"uv": [0, 0, 4.5, 1.5], "texture": "#2"},
				"east": {"uv": [0, 0, 0, 1.5], "texture": "#2"},
				"south": {"uv": [0, 1.5, 4.5, 3], "texture": "#2"},
				"west": {"uv": [0, 0, 0, 1.5], "texture": "#2"},
				"up": {"uv": [4.5, 0, 0, 0], "texture": "#2"},
				"down": {"uv": [4.5, 0, 0, 0], "texture": "#2"}
			}
		},
		{
			"from": [4.4995, 3.00038, 13.55628],
			"to": [7.4995, 6.00038, 13.55628],
			"rotation": {"angle": -22.5, "axis": "x", "origin": [5.9995, 3.50038, 13.55628]},
			"faces": {
				"north": {"uv": [1.5, 7.5, 3, 9], "texture": "#2"},
				"east": {"uv": [0, 0, 0, 1.5], "texture": "#2"},
				"south": {"uv": [3, 7.5, 4.5, 9], "texture": "#2"},
				"west": {"uv": [0, 0, 0, 1.5], "texture": "#2"},
				"up": {"uv": [1.5, 0, 0, 0], "texture": "#2"},
				"down": {"uv": [1.5, 0, 0, 0], "texture": "#2"}
			}
		},
		{
			"from": [2.30882, 4.81046, 11.64287],
			"to": [5.30882, 7.81046, 11.64287],
			"rotation": {"angle": 22.5, "axis": "y", "origin": [7.80882, 8.31046, 11.64287]},
			"faces": {
				"north": {"uv": [6, 6, 7.5, 7.5], "texture": "#2"},
				"east": {"uv": [0, 0, 0, 1.5], "texture": "#2"},
				"south": {"uv": [0, 7.5, 1.5, 9], "texture": "#2"},
				"west": {"uv": [0, 0, 0, 1.5], "texture": "#2"},
				"up": {"uv": [1.5, 0, 0, 0], "texture": "#2"},
				"down": {"uv": [1.5, 0, 0, 0], "texture": "#2"}
			}
		},
		{
			"from": [4.4995, 6.62055, 13.55628],
			"to": [7.4995, 9.62055, 13.55628],
			"rotation": {"angle": 22.5, "axis": "x", "origin": [5.9995, 9.12055, 13.55628]},
			"faces": {
				"north": {"uv": [3, 6, 4.5, 7.5], "texture": "#2"},
				"east": {"uv": [0, 0, 0, 1.5], "texture": "#2"},
				"south": {"uv": [4.5, 6, 6, 7.5], "texture": "#2"},
				"west": {"uv": [0, 0, 0, 1.5], "texture": "#2"},
				"up": {"uv": [1.5, 0, 0, 0], "texture": "#2"},
				"down": {"uv": [1.5, 0, 0, 0], "texture": "#2"}
			}
		},
		{
			"from": [6.69018, 4.81046, 11.64287],
			"to": [9.69018, 7.81046, 11.64287],
			"rotation": {"angle": -22.5, "axis": "y", "origin": [4.19018, 8.31046, 11.64287]},
			"faces": {
				"north": {"uv": [0, 6, 1.5, 7.5], "texture": "#2"},
				"east": {"uv": [0, 0, 0, 1.5], "texture": "#2"},
				"south": {"uv": [1.5, 6, 3, 7.5], "texture": "#2"},
				"west": {"uv": [0, 0, 0, 1.5], "texture": "#2"},
				"up": {"uv": [1.5, 0, 0, 0], "texture": "#2"},
				"down": {"uv": [1.5, 0, 0, 0], "texture": "#2"}
			}
		},
		{
			"from": [3.4995, 4.81046, 3.5005],
			"to": [3.4995, 7.81046, 12.5005],
			"rotation": {"angle": 0, "axis": "y", "origin": [5.7495, 6.31046, 5.751]},
			"faces": {
				"north": {"uv": [0, 0, 0, 1.5], "texture": "#2"},
				"east": {"uv": [0, 3, 4.5, 4.5], "texture": "#2"},
				"south": {"uv": [0, 0, 0, 1.5], "texture": "#2"},
				"west": {"uv": [0, 4.5, 4.5, 6], "texture": "#2"},
				"up": {"uv": [0, 4.5, 0, 0], "texture": "#2"},
				"down": {"uv": [0, 0, 0, 4.5], "texture": "#2"}
			}
		},
		{
			"from": [3.4995, 4.81046, 3.4995],
			"to": [12.4995, 7.81046, 3.4995],
			"rotation": {"angle": 0, "axis": "y", "origin": [10.249, 6.31046, 5.7495]},
			"faces": {
				"north": {"uv": [4.5, 0, 9, 1.5], "texture": "#2"},
				"east": {"uv": [0, 0, 0, 1.5], "texture": "#2"},
				"south": {"uv": [4.5, 1.5, 9, 3], "texture": "#2"},
				"west": {"uv": [0, 0, 0, 1.5], "texture": "#2"},
				"up": {"uv": [4.5, 0, 0, 0], "texture": "#2"},
				"down": {"uv": [4.5, 0, 0, 0], "texture": "#2"}
			}
		},
		{
			"from": [8.4995, 3.00038, 2.44272],
			"to": [11.4995, 6.00038, 2.44272],
			"rotation": {"angle": 22.5, "axis": "x", "origin": [9.9995, 3.50038, 2.44272]},
			"faces": {
				"north": {"uv": [1.5, 9, 3, 10.5], "texture": "#2"},
				"east": {"uv": [0, 0, 0, 1.5], "texture": "#2"},
				"south": {"uv": [9, 1.5, 10.5, 3], "texture": "#2"},
				"west": {"uv": [0, 0, 0, 1.5], "texture": "#2"},
				"up": {"uv": [1.5, 0, 0, 0], "texture": "#2"},
				"down": {"uv": [1.5, 0, 0, 0], "texture": "#2"}
			}
		},
		{
			"from": [10.69018, 4.81046, 4.35613],
			"to": [13.69018, 7.81046, 4.35613],
			"rotation": {"angle": 22.5, "axis": "y", "origin": [8.19018, 8.31046, 4.35613]},
			"faces": {
				"north": {"uv": [0, 9, 1.5, 10.5], "texture": "#2"},
				"east": {"uv": [0, 0, 0, 1.5], "texture": "#2"},
				"south": {"uv": [9, 0, 10.5, 1.5], "texture": "#2"},
				"west": {"uv": [0, 0, 0, 1.5], "texture": "#2"},
				"up": {"uv": [1.5, 0, 0, 0], "texture": "#2"},
				"down": {"uv": [1.5, 0, 0, 0], "texture": "#2"}
			}
		},
		{
			"from": [8.4995, 6.62055, 2.44272],
			"to": [11.4995, 9.62055, 2.44272],
			"rotation": {"angle": -22.5, "axis": "x", "origin": [9.9995, 9.12055, 2.44272]},
			"faces": {
				"north": {"uv": [7.5, 6, 9, 7.5], "texture": "#2"},
				"east": {"uv": [0, 0, 0, 1.5], "texture": "#2"},
				"south": {"uv": [7.5, 7.5, 9, 9], "texture": "#2"},
				"west": {"uv": [0, 0, 0, 1.5], "texture": "#2"},
				"up": {"uv": [1.5, 0, 0, 0], "texture": "#2"},
				"down": {"uv": [1.5, 0, 0, 0], "texture": "#2"}
			}
		},
		{
			"from": [6.30882, 4.81046, 4.35613],
			"to": [9.30882, 7.81046, 4.35613],
			"rotation": {"angle": -22.5, "axis": "y", "origin": [11.80882, 8.31046, 4.35613]},
			"faces": {
				"north": {"uv": [4.5, 7.5, 6, 9], "texture": "#2"},
				"east": {"uv": [0, 0, 0, 1.5], "texture": "#2"},
				"south": {"uv": [6, 7.5, 7.5, 9], "texture": "#2"},
				"west": {"uv": [0, 0, 0, 1.5], "texture": "#2"},
				"up": {"uv": [1.5, 0, 0, 0], "texture": "#2"},
				"down": {"uv": [1.5, 0, 0, 0], "texture": "#2"}
			}
		},
		{
			"from": [11.64187, 5.31046, 6.30882],
			"to": [11.64187, 8.31046, 9.30882],
			"rotation": {"angle": -22.5, "axis": "y", "origin": [11.64187, 8.81046, 11.80882]},
			"faces": {
				"north": {"uv": [0, 0, 0, 1.5], "texture": "#2"},
				"east": {"uv": [7.5, 9, 9, 10.5], "texture": "#2"},
				"south": {"uv": [0, 0, 0, 1.5], "texture": "#2"},
				"west": {"uv": [9, 7.5, 10.5, 9], "texture": "#2"},
				"up": {"uv": [0, 1.5, 0, 0], "texture": "#2"},
				"down": {"uv": [0, 0, 0, 1.5], "texture": "#2"}
			}
		},
		{
			"from": [13.55528, 7.12055, 8.4995],
			"to": [13.55528, 10.12055, 11.4995],
			"rotation": {"angle": -22.5, "axis": "z", "origin": [13.55528, 9.62055, 9.9995]},
			"faces": {
				"north": {"uv": [0, 0, 0, 1.5], "texture": "#2"},
				"east": {"uv": [6, 9, 7.5, 10.5], "texture": "#2"},
				"south": {"uv": [0, 0, 0, 1.5], "texture": "#2"},
				"west": {"uv": [9, 6, 10.5, 7.5], "texture": "#2"},
				"up": {"uv": [0, 1.5, 0, 0], "texture": "#2"},
				"down": {"uv": [0, 0, 0, 1.5], "texture": "#2"}
			}
		},
		{
			"from": [11.64187, 5.31046, 10.69018],
			"to": [11.64187, 8.31046, 13.69018],
			"rotation": {"angle": 22.5, "axis": "y", "origin": [11.64187, 8.81046, 8.19018]},
			"faces": {
				"north": {"uv": [0, 0, 0, 1.5], "texture": "#2"},
				"east": {"uv": [4.5, 9, 6, 10.5], "texture": "#2"},
				"south": {"uv": [0, 0, 0, 1.5], "texture": "#2"},
				"west": {"uv": [9, 4.5, 10.5, 6], "texture": "#2"},
				"up": {"uv": [0, 1.5, 0, 0], "texture": "#2"},
				"down": {"uv": [0, 0, 0, 1.5], "texture": "#2"}
			}
		},
		{
			"from": [13.55528, 3.50038, 8.4995],
			"to": [13.55528, 6.50038, 11.4995],
			"rotation": {"angle": 22.5, "axis": "z", "origin": [13.55528, 4.00038, 9.9995]},
			"faces": {
				"north": {"uv": [0, 0, 0, 1.5], "texture": "#2"},
				"east": {"uv": [3, 9, 4.5, 10.5], "texture": "#2"},
				"south": {"uv": [0, 0, 0, 1.5], "texture": "#2"},
				"west": {"uv": [9, 3, 10.5, 4.5], "texture": "#2"},
				"up": {"uv": [0, 1.5, 0, 0], "texture": "#2"},
				"down": {"uv": [0, 0, 0, 1.5], "texture": "#2"}
			}
		},
		{
			"from": [12.4985, 4.81046, 3.4995],
			"to": [12.4985, 7.81046, 12.4995],
			"rotation": {"angle": 0, "axis": "y", "origin": [10.2485, 6.31046, 10.249]},
			"faces": {
				"north": {"uv": [0, 0, 0, 1.5], "texture": "#2"},
				"east": {"uv": [4.5, 3, 9, 4.5], "texture": "#2"},
				"south": {"uv": [0, 0, 0, 1.5], "texture": "#2"},
				"west": {"uv": [4.5, 4.5, 9, 6], "texture": "#2"},
				"up": {"uv": [0, 4.5, 0, 0], "texture": "#2"},
				"down": {"uv": [0, 0, 0, 4.5], "texture": "#2"}
			}
		},
		{
			"from": [5.4995, 5.81046, 12.6005],
			"to": [6.4995, 6.81046, 12.6005],
			"rotation": {"angle": 0, "axis": "y", "origin": [0.4995, -0.18954, -0.0495]},
			"faces": {
				"north": {"uv": [10.5, 4.5, 11, 5], "texture": "#2"},
				"east": {"uv": [0, 0, 0, 0.5], "texture": "#2"},
				"south": {"uv": [10.5, 5, 11, 5.5], "texture": "#2"},
				"west": {"uv": [0, 0, 0, 0.5], "texture": "#2"},
				"up": {"uv": [0.5, 0, 0, 0], "texture": "#2"},
				"down": {"uv": [0.5, 0, 0, 0], "texture": "#2"}
			}
		},
		{
			"from": [12.5985, 6.31046, 9.4995],
			"to": [12.5985, 7.31046, 10.4995],
			"rotation": {"angle": 0, "axis": "y", "origin": [12.5985, 6.81046, 10.9995]},
			"faces": {
				"north": {"uv": [0, 0, 0, 0.5], "texture": "#2"},
				"east": {"uv": [10.5, 5.5, 11, 6], "texture": "#2"},
				"south": {"uv": [0, 0, 0, 0.5], "texture": "#2"},
				"west": {"uv": [6, 10.5, 6.5, 11], "texture": "#2"},
				"up": {"uv": [0, 0.5, 0, 0], "texture": "#2"},
				"down": {"uv": [0, 0, 0, 0.5], "texture": "#2"}
			}
		},
		{
			"from": [4.35813, 5.31046, 2.30882],
			"to": [4.35813, 8.31046, 5.30882],
			"rotation": {"angle": 22.5, "axis": "y", "origin": [4.35813, 8.81046, 7.80882]},
			"faces": {
				"north": {"uv": [0, 0, 0, 1.5], "texture": "#2"},
				"east": {"uv": [10.5, 3, 12, 4.5], "texture": "#2"},
				"south": {"uv": [0, 0, 0, 1.5], "texture": "#2"},
				"west": {"uv": [4.5, 10.5, 6, 12], "texture": "#2"},
				"up": {"uv": [0, 1.5, 0, 0], "texture": "#2"},
				"down": {"uv": [0, 0, 0, 1.5], "texture": "#2"}
			}
		},
		{
			"from": [4.35813, 5.31046, 6.69018],
			"to": [4.35813, 8.31046, 9.69018],
			"rotation": {"angle": -22.5, "axis": "y", "origin": [4.35813, 8.81046, 4.19018]},
			"faces": {
				"north": {"uv": [0, 0, 0, 1.5], "texture": "#2"},
				"east": {"uv": [10.5, 1.5, 12, 3], "texture": "#2"},
				"south": {"uv": [0, 0, 0, 1.5], "texture": "#2"},
				"west": {"uv": [3, 10.5, 4.5, 12], "texture": "#2"},
				"up": {"uv": [0, 1.5, 0, 0], "texture": "#2"},
				"down": {"uv": [0, 0, 0, 1.5], "texture": "#2"}
			}
		},
		{
			"from": [2.44472, 7.12055, 4.4995],
			"to": [2.44472, 10.12055, 7.4995],
			"rotation": {"angle": 22.5, "axis": "z", "origin": [2.44472, 9.62055, 5.9995]},
			"faces": {
				"north": {"uv": [0, 0, 0, 1.5], "texture": "#2"},
				"east": {"uv": [10.5, 0, 12, 1.5], "texture": "#2"},
				"south": {"uv": [0, 0, 0, 1.5], "texture": "#2"},
				"west": {"uv": [1.5, 10.5, 3, 12], "texture": "#2"},
				"up": {"uv": [0, 1.5, 0, 0], "texture": "#2"},
				"down": {"uv": [0, 0, 0, 1.5], "texture": "#2"}
			}
		},
		{
			"from": [3.4015, 6.31046, 5.4995],
			"to": [3.4015, 7.31046, 6.4995],
			"rotation": {"angle": 0, "axis": "y", "origin": [3.4015, 6.81046, 6.9995]},
			"faces": {
				"north": {"uv": [0, 0, 0, 0.5], "texture": "#2"},
				"east": {"uv": [10.5, 6.5, 11, 7], "texture": "#2"},
				"south": {"uv": [0, 0, 0, 0.5], "texture": "#2"},
				"west": {"uv": [7, 10.5, 7.5, 11], "texture": "#2"},
				"up": {"uv": [0, 0.5, 0, 0], "texture": "#2"},
				"down": {"uv": [0, 0, 0, 0.5], "texture": "#2"}
			}
		},
		{
			"from": [2.44472, 3.50038, 4.4995],
			"to": [2.44472, 6.50038, 7.4995],
			"rotation": {"angle": -22.5, "axis": "z", "origin": [2.44472, 4.00038, 5.9995]},
			"faces": {
				"north": {"uv": [0, 0, 0, 1.5], "texture": "#2"},
				"east": {"uv": [9, 9, 10.5, 10.5], "texture": "#2"},
				"south": {"uv": [0, 0, 0, 1.5], "texture": "#2"},
				"west": {"uv": [0, 10.5, 1.5, 12], "texture": "#2"},
				"up": {"uv": [0, 1.5, 0, 0], "texture": "#2"},
				"down": {"uv": [0, 0, 0, 1.5], "texture": "#2"}
			}
		},
		{
			"from": [9.49988, 5.81046, 3.39942],
			"to": [10.49988, 6.81046, 3.39942],
			"rotation": {"angle": 0, "axis": "y", "origin": [12.99988, 7.31046, 3.39942]},
			"faces": {
				"north": {"uv": [10.5, 6, 11, 6.5], "texture": "#2"},
				"east": {"uv": [0, 0, 0, 0.5], "texture": "#2"},
				"south": {"uv": [6.5, 10.5, 7, 11], "texture": "#2"},
				"west": {"uv": [0, 0, 0, 0.5], "texture": "#2"},
				"up": {"uv": [0.5, 0, 0, 0], "texture": "#2"},
				"down": {"uv": [0.5, 0, 0, 0], "texture": "#2"}
			}
		}
	],
	"display": {
		"thirdperson_righthand": {
			"translation": [0, 0, -3.25],
			"scale": [0.68, 0.68, 0.68]
		},
		"thirdperson_lefthand": {
			"translation": [0, 0, -3.25],
			"scale": [0.68, 0.68, 0.68]
		},
		"firstperson_righthand": {
			"rotation": [0, 45, 0],
			"scale": [0.4, 0.4, 0.4]
		},
		"firstperson_lefthand": {
			"rotation": [0, 225, 0],
			"scale": [0.4, 0.4, 0.4]
		},
		"ground": {
			"translation": [0, 5, 0]
		},
		"gui": {
			"rotation": [30, 135, 0]
		},
		"head": {
			"rotation": [9, 0, 0],
			"translation": [0, 5.25, 0.25],
			"scale": [1.75, 1.75, 1.75]
		}
	}
}