{
	"credit": "Made with Blockbench",
	"texture_size": [64, 64],
	"textures": {
		"1": "item/custom/models/gingerbread_trophy"
	},
	"elements": [
		{
			"from": [3, -4, 3],
			"to": [13, -2, 13],
			"rotation": {"angle": 0, "axis": "y", "origin": [7, -4, 9]},
			"faces": {
				"north": {"uv": [2.5, 10.25, 0, 10.75], "texture": "#1"},
				"east": {"uv": [8.25, 9.75, 5.75, 10.25], "texture": "#1"},
				"south": {"uv": [2.5, 9.75, 0, 10.25], "texture": "#1"},
				"west": {"uv": [8.25, 10.25, 5.75, 10.75], "texture": "#1"},
				"up": {"uv": [2.5, 5.5, 0, 8], "texture": "#1"},
				"down": {"uv": [8, 2.5, 5.5, 0], "texture": "#1"}
			}
		},
		{
			"from": [4, -2, 4],
			"to": [12, -1, 12],
			"rotation": {"angle": 0, "axis": "y", "origin": [7, -2, 9]},
			"faces": {
				"north": {"uv": [13, 7, 11, 7.25], "texture": "#1"},
				"east": {"uv": [13, 6.75, 11, 7], "texture": "#1"},
				"south": {"uv": [2, 8, 0, 8.25], "texture": "#1"},
				"west": {"uv": [13, 7.25, 11, 7.5], "texture": "#1"},
				"up": {"uv": [10.75, 1.5, 8.75, 3.5], "texture": "#1"},
				"down": {"uv": [10.75, 5.5, 8.75, 3.5], "texture": "#1"}
			}
		},
		{
			"from": [6.5, 2, 6.5],
			"to": [9.5, 8, 9.5],
			"rotation": {"angle": 0, "axis": "y", "origin": [7.5, -1, 8.5]},
			"faces": {
				"north": {"uv": [0.75, 10.75, 0, 12.25], "texture": "#1"},
				"east": {"uv": [11, 10.25, 10.25, 11.75], "texture": "#1"},
				"south": {"uv": [10.25, 10.25, 9.5, 11.75], "texture": "#1"},
				"west": {"uv": [11.5, 0, 10.75, 1.5], "texture": "#1"},
				"up": {"uv": [8.75, 1.5, 8, 2.25], "texture": "#1"},
				"down": {"uv": [11.75, 6.75, 11, 6], "texture": "#1"}
			}
		},
		{
			"from": [10.21447, 3.94975, 7.5],
			"to": [11.21447, 9.94975, 8.5],
			"rotation": {"angle": -45, "axis": "z", "origin": [10.21447, 6.94975, 7.5]},
			"faces": {
				"north": {"uv": [4, 11.25, 3.75, 12.75], "texture": "#1"},
				"east": {"uv": [3.75, 11.25, 3.5, 12.75], "texture": "#1"},
				"south": {"uv": [3.5, 11.25, 3.25, 12.75], "texture": "#1"},
				"west": {"uv": [4.25, 11.25, 4, 12.75], "texture": "#1"},
				"up": {"uv": [6.75, 5.25, 6.5, 5.5], "texture": "#1"},
				"down": {"uv": [7, 5.5, 6.75, 5.25], "texture": "#1"}
			}
		},
		{
			"from": [4.78553, 3.94975, 7.5],
			"to": [5.78553, 9.94975, 8.5],
			"rotation": {"angle": 45, "axis": "z", "origin": [5.78553, 6.94975, 7.5]},
			"faces": {
				"north": {"uv": [6, 11.25, 5.75, 12.75], "texture": "#1"},
				"east": {"uv": [5.75, 11.25, 5.5, 12.75], "texture": "#1"},
				"south": {"uv": [5.5, 11.25, 5.25, 12.75], "texture": "#1"},
				"west": {"uv": [11.25, 11.25, 11, 12.75], "texture": "#1"},
				"up": {"uv": [8.25, 2.25, 8, 2.5], "texture": "#1"},
				"down": {"uv": [8.5, 2.5, 8.25, 2.25], "texture": "#1"}
			}
		},
		{
			"from": [7.56802, 3.59619, 10.5],
			"to": [8.56802, 9.59619, 11.5],
			"rotation": {"angle": 45, "axis": "x", "origin": [8.06802, 6.59619, 11]},
			"faces": {
				"north": {"uv": [5, 11.25, 4.75, 12.75], "texture": "#1"},
				"east": {"uv": [4.75, 11.25, 4.5, 12.75], "texture": "#1"},
				"south": {"uv": [4.5, 11.25, 4.25, 12.75], "texture": "#1"},
				"west": {"uv": [5.25, 11.25, 5, 12.75], "texture": "#1"},
				"up": {"uv": [2.25, 8, 2, 8.25], "texture": "#1"},
				"down": {"uv": [2.5, 8.25, 2.25, 8], "texture": "#1"}
			}
		},
		{
			"from": [6, -1, 6],
			"to": [10, 2, 10],
			"rotation": {"angle": 0, "axis": "y", "origin": [8, -1, 8]},
			"faces": {
				"north": {"uv": [7, 10.75, 6, 11.5], "texture": "#1"},
				"east": {"uv": [6.75, 8.25, 5.75, 9], "texture": "#1"},
				"south": {"uv": [6.5, 2.5, 5.5, 3.25], "texture": "#1"},
				"west": {"uv": [8, 10.75, 7, 11.5], "texture": "#1"},
				"up": {"uv": [11.75, 2.25, 10.75, 3.25], "texture": "#1"},
				"down": {"uv": [11.75, 4.25, 10.75, 3.25], "texture": "#1"}
			}
		},
		{
			"from": [3.5, 9, 2.5],
			"to": [12.5, 15, 13.5],
			"rotation": {"angle": 0, "axis": "y", "origin": [7.5, 9, 8.5]},
			"faces": {
				"north": {"uv": [11, 7, 8.75, 8.5], "texture": "#1"},
				"east": {"uv": [10.75, 0, 8, 1.5], "texture": "#1"},
				"south": {"uv": [11, 5.5, 8.75, 7], "texture": "#1"},
				"west": {"uv": [2.75, 8.25, 0, 9.75], "texture": "#1"},
				"up": {"uv": [4.75, 5.5, 2.5, 8.25], "texture": "#1"},
				"down": {"uv": [7, 8.25, 4.75, 5.5], "texture": "#1"}
			}
		},
		{
			"from": [5, 15, 2.5],
			"to": [11, 18, 13.5],
			"rotation": {"angle": 0, "axis": "y", "origin": [7, 15, 8.5]},
			"faces": {
				"north": {"uv": [12.25, 1.5, 10.75, 2.25], "texture": "#1"},
				"east": {"uv": [11.5, 8.5, 8.75, 9.25], "texture": "#1"},
				"south": {"uv": [2.75, 10.75, 1.25, 11.5], "texture": "#1"},
				"west": {"uv": [8.5, 9, 5.75, 9.75], "texture": "#1"},
				"up": {"uv": [4.25, 8.25, 2.75, 11], "texture": "#1"},
				"down": {"uv": [5.75, 11, 4.25, 8.25], "texture": "#1"}
			}
		},
		{
			"from": [9.5, 17, 10],
			"to": [11.5, 21, 12],
			"rotation": {"angle": 0, "axis": "y", "origin": [9.5, 17, 11.5]},
			"faces": {
				"north": {"uv": [11.5, 10.25, 11, 11.25], "texture": "#1"},
				"east": {"uv": [11.5, 7.5, 11, 8.5], "texture": "#1"},
				"south": {"uv": [8.5, 10.75, 8, 11.75], "texture": "#1"},
				"west": {"uv": [3.25, 11.25, 2.75, 12.25], "texture": "#1"},
				"up": {"uv": [7, 4.75, 6.5, 5.25], "texture": "#1"},
				"down": {"uv": [11.75, 11.75, 11.25, 11.25], "texture": "#1"}
			}
		},
		{
			"from": [2.5, 8, 1.5],
			"to": [13.5, 9, 14.5],
			"rotation": {"angle": 0, "axis": "y", "origin": [7.5, 9, 7.5]},
			"faces": {
				"north": {"uv": [13.75, 5.75, 11, 6], "texture": "#1"},
				"east": {"uv": [14, 5.25, 10.75, 5.5], "texture": "#1"},
				"south": {"uv": [13.75, 5.5, 11, 5.75], "texture": "#1"},
				"west": {"uv": [6, 11, 2.75, 11.25], "texture": "#1"},
				"up": {"uv": [2.75, 0, 0, 3.25], "texture": "#1"},
				"down": {"uv": [5.5, 3.25, 2.75, 0], "texture": "#1"}
			}
		},
		{
			"from": [8.25, 10.5, 1.5],
			"to": [10.25, 19.5, 14.5],
			"rotation": {"angle": 45, "axis": "z", "origin": [8, 17.25, 8]},
			"faces": {
				"north": {"uv": [1.25, 10.75, 0.75, 13], "texture": "#1"},
				"east": {"uv": [3.25, 3.25, 0, 5.5], "texture": "#1"},
				"south": {"uv": [7, 2.5, 6.5, 4.75], "texture": "#1"},
				"west": {"uv": [6.5, 3.25, 3.25, 5.5], "texture": "#1"},
				"up": {"uv": [9, 9.25, 8.5, 12.5], "texture": "#1"},
				"down": {"uv": [9.5, 12.5, 9, 9.25], "texture": "#1"}
			}
		},
		{
			"from": [1.25, 17.5, 1.5],
			"to": [8.25, 19.5, 14.5],
			"rotation": {"angle": 45, "axis": "z", "origin": [8, 17.25, 8]},
			"faces": {
				"north": {"uv": [12.5, 4.75, 10.75, 5.25], "texture": "#1"},
				"east": {"uv": [12.75, 9.25, 9.5, 9.75], "texture": "#1"},
				"south": {"uv": [12.5, 4.25, 10.75, 4.75], "texture": "#1"},
				"west": {"uv": [12.75, 9.75, 9.5, 10.25], "texture": "#1"},
				"up": {"uv": [8.75, 2.5, 7, 5.75], "texture": "#1"},
				"down": {"uv": [8.75, 9, 7, 5.75], "texture": "#1"}
			}
		}
	],
	"display": {
		"thirdperson_righthand": {
			"rotation": [75, 45, 0],
			"translation": [0, 2.5, 0],
			"scale": [0.65, 0.65, 0.65]
		},
		"thirdperson_lefthand": {
			"rotation": [75, 45, 0],
			"translation": [0, 2.5, 0],
			"scale": [0.65, 0.65, 0.65]
		},
		"firstperson_righthand": {
			"rotation": [0, 125, 0],
			"translation": [0, 2.75, 0],
			"scale": [0.4, 0.4, 0.4]
		},
		"firstperson_lefthand": {
			"rotation": [0, 125, 0],
			"translation": [0, 2.75, 0],
			"scale": [0.4, 0.4, 0.4]
		},
		"ground": {
			"translation": [0, 3, 0],
			"scale": [0.25, 0.25, 0.25]
		},
		"gui": {
			"rotation": [30, 225, 0],
			"scale": [0.625, 0.625, 0.625]
		},
		"fixed": {
			"rotation": [-90, 0, 0],
			"translation": [0, 0, -19],
			"scale": [1.6, 1.6, 1.6]
		}
	}
}