{
	"credit": "Made with Blockbench",
	"texture_size": [32, 32],
	"textures": {
		"2": "item/custom/models/golden_crown",
		"particle": "item/custom/models/golden_crown"
	},
	"elements": [
		{
			"from": [3.5, 6, 3.5],
			"to": [4.5, 9, 12.5],
			"rotation": {"angle": 0, "axis": "y", "origin": [4.5, 0, 4.5]},
			"faces": {
				"north": {"uv": [7.5, 9.5, 8, 11], "texture": "#2"},
				"east": {"uv": [0, 8, 4.5, 9.5], "texture": "#2"},
				"south": {"uv": [2.5, 10, 3, 11.5], "texture": "#2"},
				"west": {"uv": [8, 1.5, 12.5, 3], "texture": "#2"},
				"up": {"uv": [8.5, 13.5, 8, 9], "texture": "#2"},
				"down": {"uv": [9, 9, 8.5, 13.5], "texture": "#2"}
			}
		},
		{
			"from": [11.5, 6, 3.5],
			"to": [12.5, 9, 12.5],
			"rotation": {"angle": 0, "axis": "y", "origin": [4.5, 0, 4.5]},
			"faces": {
				"north": {"uv": [3, 10, 3.5, 11.5], "texture": "#2"},
				"east": {"uv": [8, 1.5, 12.5, 3], "texture": "#2"},
				"south": {"uv": [3.5, 10, 4, 11.5], "texture": "#2"},
				"west": {"uv": [8, 3, 12.5, 4.5], "texture": "#2"},
				"up": {"uv": [9.5, 13.5, 9, 9], "texture": "#2"},
				"down": {"uv": [0.5, 9.5, 0, 14], "texture": "#2"}
			}
		},
		{
			"from": [4.5, 6, 11.5],
			"to": [11.5, 9, 12.5],
			"rotation": {"angle": 0, "axis": "y", "origin": [4.5, 0, 4.5]},
			"faces": {
				"north": {"uv": [4.5, 8, 8, 9.5], "texture": "#2"},
				"east": {"uv": [4, 10, 4.5, 11.5], "texture": "#2"},
				"south": {"uv": [8, 4.5, 11.5, 6], "texture": "#2"},
				"west": {"uv": [4.5, 10, 5, 11.5], "texture": "#2"},
				"up": {"uv": [4, 10, 0.5, 9.5], "texture": "#2"},
				"down": {"uv": [7.5, 9.5, 4, 10], "texture": "#2"}
			}
		},
		{
			"from": [4.5, 6, 3.5],
			"to": [11.5, 9, 4.5],
			"rotation": {"angle": 0, "axis": "y", "origin": [4.5, 0, 4.5]},
			"faces": {
				"north": {"uv": [8, 4.5, 11.5, 6], "texture": "#2"},
				"east": {"uv": [5, 10, 5.5, 11.5], "texture": "#2"},
				"south": {"uv": [8, 7.5, 11.5, 9], "texture": "#2"},
				"west": {"uv": [5.5, 10, 6, 11.5], "texture": "#2"},
				"up": {"uv": [13, 9.5, 9.5, 9], "texture": "#2"},
				"down": {"uv": [13, 9.5, 9.5, 10], "texture": "#2"}
			}
		},
		{
			"from": [6.65, 6.35503, 3],
			"to": [8.65, 8.35503, 4],
			"rotation": {"angle": -45, "axis": "z", "origin": [8, 7.00503, 7.5]},
			"faces": {
				"north": {"uv": [0.5, 10, 1.5, 11], "texture": "#2"},
				"east": {"uv": [6, 10, 6.5, 11], "texture": "#2"},
				"south": {"uv": [1.5, 10, 2.5, 11], "texture": "#2"},
				"west": {"uv": [6.5, 10, 7, 11], "texture": "#2"},
				"up": {"uv": [10.5, 10.5, 9.5, 10], "texture": "#2"},
				"down": {"uv": [10.5, 10.5, 9.5, 11], "texture": "#2"}
			}
		},
		{
			"from": [4, 9, 4],
			"to": [12, 13, 4],
			"rotation": {"angle": 0, "axis": "y", "origin": [4.5, 0, 4.5]},
			"faces": {
				"north": {"uv": [0, 0, 4, 2], "texture": "#2"},
				"east": {"uv": [0, 0, 0, 2], "texture": "#2"},
				"south": {"uv": [0, 6, 4, 8], "texture": "#2"},
				"west": {"uv": [0, 0, 0, 2], "texture": "#2"},
				"up": {"uv": [4, 0, 0, 0], "texture": "#2"},
				"down": {"uv": [4, 0, 0, 0], "texture": "#2"}
			}
		},
		{
			"from": [4, 9, 12],
			"to": [12, 13, 12],
			"rotation": {"angle": 0, "axis": "y", "origin": [4.5, 0, 4.5]},
			"faces": {
				"north": {"uv": [0, 6, 4, 8], "texture": "#2"},
				"east": {"uv": [0, 0, 0, 2], "texture": "#2"},
				"south": {"uv": [0, 0, 4, 2], "texture": "#2"},
				"west": {"uv": [0, 0, 0, 2], "texture": "#2"},
				"up": {"uv": [4, 0, 0, 0], "texture": "#2"},
				"down": {"uv": [4, 0, 0, 0], "texture": "#2"}
			}
		},
		{
			"from": [12, 9, 4],
			"to": [12, 13, 12],
			"rotation": {"angle": 0, "axis": "y", "origin": [8, 9, 11]},
			"faces": {
				"north": {"uv": [0, 0, 0, 2], "texture": "#2"},
				"east": {"uv": [0, 0, 4, 2], "texture": "#2"},
				"south": {"uv": [0, 0, 0, 2], "texture": "#2"},
				"west": {"uv": [0, 6, 4, 8], "texture": "#2"},
				"up": {"uv": [0, 4, 0, 0], "texture": "#2"},
				"down": {"uv": [0, 0, 0, 4], "texture": "#2"}
			}
		},
		{
			"from": [4, 9, 4],
			"to": [4, 13, 12],
			"rotation": {"angle": 0, "axis": "y", "origin": [8, 9, 11]},
			"faces": {
				"north": {"uv": [0, 0, 0, 2], "texture": "#2"},
				"east": {"uv": [0, 6, 4, 8], "texture": "#2"},
				"south": {"uv": [0, 0, 0, 2], "texture": "#2"},
				"west": {"uv": [0, 0, 4, 2], "texture": "#2"},
				"up": {"uv": [0, 4, 0, 0], "texture": "#2"},
				"down": {"uv": [0, 0, 0, 4], "texture": "#2"}
			}
		}
	],
	"display": {
		"thirdperson_righthand": {
			"rotation": [75, 45, 0],
			"translation": [0, 2.5, 0],
			"scale": [0.375, 0.375, 0.375]
		},
		"thirdperson_lefthand": {
			"rotation": [75, 45, 0],
			"translation": [0, 2.5, 0],
			"scale": [0.375, 0.375, 0.375]
		},
		"firstperson_righthand": {
			"rotation": [0, 45, 0],
			"scale": [0.4, 0.4, 0.4]
		},
		"firstperson_lefthand": {
			"rotation": [0, 225, 0],
			"scale": [0.4, 0.4, 0.4]
		},
		"ground": {
			"translation": [0, 3, 0]
		},
		"gui": {
			"rotation": [30, 225, 0],
			"translation": [0, -1, 0]
		},
		"head": {
			"translation": [0, 7, 0],
			"scale": [1.71, 1.71, 1.71]
		}
	}
}