{
	"credit": "Made with Blockbench",
	"texture_size": [32, 32],
	"textures": {
		"2": "item/custom/models/easter_eggs/golden_easter_egg_model",
		"particle": "item/custom/models/easter_eggs/golden_easter_egg_model"
	},
	"elements": [
		{
			"from": [5.5, 3, 5.5],
			"to": [10.5, 4, 10.5],
			"rotation": {"angle": 0, "axis": "y", "origin": [7.5, 0, 7.5]},
			"faces": {
				"north": {"uv": [9.5, 6, 12, 6.5], "texture": "#2"},
				"east": {"uv": [9.5, 6.5, 12, 7], "texture": "#2"},
				"south": {"uv": [9.5, 7, 12, 7.5], "texture": "#2"},
				"west": {"uv": [9.5, 7.5, 12, 8], "texture": "#2"},
				"up": {"uv": [9.5, 2.5, 7, 0], "texture": "#2"},
				"down": {"uv": [9.5, 2.5, 7, 5], "texture": "#2"}
			}
		},
		{
			"from": [4.5, 4, 4.5],
			"to": [11.5, 10, 11.5],
			"rotation": {"angle": 0, "axis": "y", "origin": [7.5, 0, 7.5]},
			"faces": {
				"north": {"uv": [3.5, 0, 7, 3], "texture": "#2"},
				"east": {"uv": [3.5, 3, 7, 6], "texture": "#2"},
				"south": {"uv": [3.5, 6, 7, 9], "texture": "#2"},
				"west": {"uv": [0, 7, 3.5, 10], "texture": "#2"},
				"up": {"uv": [3.5, 3.5, 0, 0], "texture": "#2"},
				"down": {"uv": [3.5, 3.5, 0, 7], "texture": "#2"}
			}
		},
		{
			"from": [5.5, 10, 5.5],
			"to": [10.5, 12, 10.5],
			"rotation": {"angle": 0, "axis": "y", "origin": [7.5, 0, 7.5]},
			"faces": {
				"north": {"uv": [3.5, 9, 6, 10], "texture": "#2"},
				"east": {"uv": [9.5, 0, 12, 1], "texture": "#2"},
				"south": {"uv": [9.5, 1, 12, 2], "texture": "#2"},
				"west": {"uv": [9.5, 2, 12, 3], "texture": "#2"},
				"up": {"uv": [9.5, 7.5, 7, 5], "texture": "#2"},
				"down": {"uv": [9.5, 7.5, 7, 10], "texture": "#2"}
			}
		},
		{
			"from": [6.5, 12, 6.5],
			"to": [9.5, 13, 9.5],
			"rotation": {"angle": 0, "axis": "y", "origin": [7.5, 0, 7.5]},
			"faces": {
				"north": {"uv": [9.5, 8, 11, 8.5], "texture": "#2"},
				"east": {"uv": [9.5, 8.5, 11, 9], "texture": "#2"},
				"south": {"uv": [9.5, 9, 11, 9.5], "texture": "#2"},
				"west": {"uv": [9.5, 9.5, 11, 10], "texture": "#2"},
				"up": {"uv": [11, 4.5, 9.5, 3], "texture": "#2"},
				"down": {"uv": [11, 4.5, 9.5, 6], "texture": "#2"}
			}
		}
	],
	"display": {
		"thirdperson_righthand": {
			"rotation": [75, 45, 0],
			"translation": [0, 2.5, 0],
			"scale": [0.375, 0.375, 0.375]
		},
		"thirdperson_lefthand": {
			"rotation": [75, 45, 0],
			"translation": [0, 2.5, 0],
			"scale": [0.375, 0.375, 0.375]
		},
		"firstperson_righthand": {
			"rotation": [0, 45, 0],
			"scale": [0.4, 0.4, 0.4]
		},
		"firstperson_lefthand": {
			"rotation": [0, 225, 0],
			"scale": [0.4, 0.4, 0.4]
		},
		"ground": {
			"translation": [0, 3, 0]
		},
		"gui": {
			"rotation": [30, 225, 0]
		},
		"head": {
			"translation": [0, 11.25, 0]
		},
		"fixed": {
			"rotation": [-90, 0, 0],
			"translation": [0, 0, -10],
			"scale": [2, 2, 2]
		}
	}
}