{
	"credit": "Made with Blockbench",
	"texture_size": [64, 64],
	"textures": {
		"2": "item/custom/models/ham"
	},
	"elements": [
		{
			"from": [4, 6, 2],
			"to": [12, 13, 9],
			"rotation": {"angle": 0, "axis": "y", "origin": [7, 6, 4]},
			"faces": {
				"north": {"uv": [3.5, 0, 5.5, 1.75], "texture": "#2"},
				"east": {"uv": [0, 7, 1.75, 8.75], "texture": "#2"},
				"south": {"uv": [3.5, 1.75, 5.5, 3.5], "texture": "#2"},
				"west": {"uv": [1.75, 7, 3.5, 8.75], "texture": "#2"},
				"up": {"uv": [5.5, 5.25, 3.5, 3.5], "texture": "#2"},
				"down": {"uv": [5.5, 5.25, 3.5, 7], "texture": "#2"}
			}
		},
		{
			"from": [7, 8, -1],
			"to": [9, 10, 2],
			"rotation": {"angle": 0, "axis": "y", "origin": [7, 5, 4]},
			"faces": {
				"north": {"uv": [7.5, 4.75, 8, 5.25], "texture": "#2"},
				"east": {"uv": [7.5, 2.25, 8.25, 2.75], "texture": "#2"},
				"south": {"uv": [7.5, 5.25, 8, 5.75], "texture": "#2"},
				"west": {"uv": [7.5, 2.75, 8.25, 3.25], "texture": "#2"},
				"up": {"uv": [8, 4, 7.5, 3.25], "texture": "#2"},
				"down": {"uv": [8, 4, 7.5, 4.75], "texture": "#2"}
			}
		},
		{
			"from": [6, 7, -2],
			"to": [10, 11, -1],
			"rotation": {"angle": 0, "axis": "y", "origin": [7, 5, 4]},
			"faces": {
				"north": {"uv": [3.5, 7, 4.5, 8], "texture": "#2"},
				"east": {"uv": [5.5, 7.5, 5.75, 8.5], "texture": "#2"},
				"south": {"uv": [4.5, 7, 5.5, 8], "texture": "#2"},
				"west": {"uv": [5.75, 7.5, 6, 8.5], "texture": "#2"},
				"up": {"uv": [8.5, 6, 7.5, 5.75], "texture": "#2"},
				"down": {"uv": [7, 7.5, 6, 7.75], "texture": "#2"}
			}
		},
		{
			"from": [4.01, 5, 5.04435],
			"to": [11.99, 6, 12.04435],
			"rotation": {"angle": -22.5, "axis": "x", "origin": [7.01, 10, 5.04435]},
			"faces": {
				"north": {"uv": [7.5, 0.25, 9.5, 0.5], "texture": "#2"},
				"east": {"uv": [7.5, 1.25, 9.25, 1.5], "texture": "#2"},
				"south": {"uv": [7.5, 0.5, 9.5, 0.75], "texture": "#2"},
				"west": {"uv": [7.5, 1.5, 9.25, 1.75], "texture": "#2"},
				"up": {"uv": [7.5, 1.75, 5.5, 0], "texture": "#2"},
				"down": {"uv": [7.5, 1.75, 5.5, 3.5], "texture": "#2"}
			}
		},
		{
			"from": [4.005, 6, 7.5],
			"to": [11.995, 7, 14.5],
			"rotation": {"angle": 0, "axis": "x", "origin": [7.005, 11, 7.5]},
			"faces": {
				"north": {"uv": [7.5, 0.75, 9.5, 1], "texture": "#2"},
				"east": {"uv": [7.5, 1.75, 9.25, 2], "texture": "#2"},
				"south": {"uv": [7.5, 1, 9.5, 1.25], "texture": "#2"},
				"west": {"uv": [7.5, 2, 9.25, 2.25], "texture": "#2"},
				"up": {"uv": [7.5, 5.25, 5.5, 3.5], "texture": "#2"},
				"down": {"uv": [7.5, 5.25, 5.5, 7], "texture": "#2"}
			}
		},
		{
			"from": [1, 5, 1],
			"to": [15, 6, 15],
			"rotation": {"angle": 0, "axis": "x", "origin": [7, 10, 1]},
			"faces": {
				"north": {"uv": [5.5, 7.25, 9, 7.5], "texture": "#2"},
				"east": {"uv": [5.5, 7, 9, 7.25], "texture": "#2"},
				"south": {"uv": [5.5, 7.25, 9, 7.5], "texture": "#2"},
				"west": {"uv": [7.5, 0, 11, 0.25], "texture": "#2"},
				"up": {"uv": [3.5, 3.5, 0, 0], "texture": "#2"},
				"down": {"uv": [3.5, 3.5, 0, 7], "texture": "#2"}
			}
		}
	],
	"display": {
		"thirdperson_righthand": {
			"rotation": [75, 135, 0],
			"translation": [0, 2.5, 0],
			"scale": [0.375, 0.375, 0.375]
		},
		"thirdperson_lefthand": {
			"rotation": [75, 135, 0],
			"translation": [0, 2.5, 0],
			"scale": [0.375, 0.375, 0.375]
		},
		"firstperson_righthand": {
			"rotation": [0, 45, 0],
			"translation": [0, 1.25, 0],
			"scale": [0.4, 0.4, 0.4]
		},
		"firstperson_lefthand": {
			"rotation": [0, 225, 0],
			"translation": [0, 1, 0],
			"scale": [0.4, 0.4, 0.4]
		},
		"ground": {
			"translation": [0, 3, 0]
		},
		"gui": {
			"rotation": [30, 45, 0],
			"scale": [0.785, 0.785, 0.785]
		},
		"fixed": {
			"rotation": [-90, 0, 0],
			"translation": [0, 0, -6],
			"scale": [2, 2, 2]
		}
	}
}