{
	"credit": "Made with Blockbench",
	"texture_size": [128, 128],
	"textures": {
		"7": "item/custom/models/heinz"
	},
	"elements": [
		{
			"from": [0, 0, -16],
			"to": [16, 1.02, 27.75],
			"faces": {
				"north": {"uv": [8, 7.75, 10, 7.875], "texture": "#7"},
				"east": {"uv": [8, 6, 13.5, 6.125], "texture": "#7"},
				"south": {"uv": [8.25, 7.875, 10.25, 8], "texture": "#7"},
				"west": {"uv": [8, 6.125, 13.5, 6.25], "texture": "#7"},
				"up": {"uv": [2, 5.5, 0, 0], "texture": "#7"},
				"down": {"uv": [4, 0, 2, 5.5], "texture": "#7"}
			}
		},
		{
			"from": [16, 0, 0],
			"to": [32, 1.02, 21],
			"faces": {
				"north": {"uv": [8.25, 8.25, 10.25, 8.375], "texture": "#7"},
				"east": {"uv": [8, 6.75, 10.625, 6.875], "texture": "#7"},
				"south": {"uv": [0, 8.375, 2, 8.5], "texture": "#7"},
				"west": {"uv": [8, 6.875, 10.625, 7], "texture": "#7"},
				"up": {"uv": [6, 8.375, 4, 5.75], "texture": "#7"},
				"down": {"uv": [8, 0, 6, 2.625], "texture": "#7"}
			}
		},
		{
			"from": [4.1, 0, 15.65],
			"to": [21.6, 1, 31.65],
			"rotation": {"angle": 22.5, "axis": "y", "origin": [0, 0, 0]},
			"faces": {
				"north": {"uv": [8, 7.25, 10.25, 7.375], "texture": "#7"},
				"east": {"uv": [2, 8.5, 4, 8.625], "texture": "#7"},
				"south": {"uv": [8, 7.375, 10.25, 7.5], "texture": "#7"},
				"west": {"uv": [4, 8.5, 6, 8.625], "texture": "#7"},
				"up": {"uv": [8.25, 9.875, 6, 7.875], "texture": "#7"},
				"down": {"uv": [10.25, 0, 8, 2], "texture": "#7"}
			}
		},
		{
			"from": [-6.8, 0, 9.65],
			"to": [10.7, 1, 25.65],
			"rotation": {"angle": -22.5, "axis": "y", "origin": [0, 0, 0]},
			"faces": {
				"north": {"uv": [8, 7.5, 10.25, 7.625], "texture": "#7"},
				"east": {"uv": [8.25, 8.5, 10.25, 8.625], "texture": "#7"},
				"south": {"uv": [8, 7.625, 10.25, 7.75], "texture": "#7"},
				"west": {"uv": [0, 8.625, 2, 8.75], "texture": "#7"},
				"up": {"uv": [10.25, 4, 8, 2], "texture": "#7"},
				"down": {"uv": [10.25, 4, 8, 6], "texture": "#7"}
			}
		},
		{
			"from": [-16, 0, 0],
			"to": [0, 1.01, 21],
			"faces": {
				"north": {"uv": [8.25, 8.375, 10.25, 8.5], "texture": "#7"},
				"east": {"uv": [8, 7, 10.625, 7.125], "texture": "#7"},
				"south": {"uv": [0, 8.5, 2, 8.625], "texture": "#7"},
				"west": {"uv": [8, 7.125, 10.625, 7.25], "texture": "#7"},
				"up": {"uv": [8, 5.25, 6, 2.625], "texture": "#7"},
				"down": {"uv": [8, 5.25, 6, 7.875], "texture": "#7"}
			}
		},
		{
			"from": [6.6, 0, 0],
			"to": [22.6, 1, 22.7],
			"rotation": {"angle": 45, "axis": "y", "origin": [0, 0, 0]},
			"faces": {
				"north": {"uv": [8.25, 8, 10.25, 8.125], "texture": "#7"},
				"east": {"uv": [8, 6.25, 10.875, 6.375], "texture": "#7"},
				"south": {"uv": [8.25, 8.125, 10.25, 8.25], "texture": "#7"},
				"west": {"uv": [8, 6.375, 10.875, 6.5], "texture": "#7"},
				"up": {"uv": [6, 2.875, 4, 0], "texture": "#7"},
				"down": {"uv": [6, 2.875, 4, 5.75], "texture": "#7"}
			}
		},
		{
			"from": [-11.3, 0, -11.4],
			"to": [4.7, 1, 11.3],
			"rotation": {"angle": -45, "axis": "y", "origin": [0, 0, 0]},
			"faces": {
				"north": {"uv": [2, 8.375, 4, 8.5], "texture": "#7"},
				"east": {"uv": [8, 6.5, 10.875, 6.625], "texture": "#7"},
				"south": {"uv": [4, 8.375, 6, 8.5], "texture": "#7"},
				"west": {"uv": [8, 6.625, 10.875, 6.75], "texture": "#7"},
				"up": {"uv": [2, 8.375, 0, 5.5], "texture": "#7"},
				"down": {"uv": [4, 5.5, 2, 8.375], "texture": "#7"}
			}
		}
	],
	"display": {
		"thirdperson_righthand": {
			"rotation": [3.75, 45, 0],
			"translation": [0, 2.5, -6],
			"scale": [0.375, 0.375, 0.375]
		},
		"thirdperson_lefthand": {
			"rotation": [3.75, 45, 0],
			"translation": [0, 2.5, -6],
			"scale": [0.375, 0.375, 0.375]
		},
		"firstperson_righthand": {
			"rotation": [50, -157, -70],
			"scale": [0.3, 0.3, 0.3]
		},
		"firstperson_lefthand": {
			"rotation": [50, -157, -70],
			"scale": [0.3, 0.3, 0.3]
		},
		"ground": {
			"translation": [0, 2, 0],
			"scale": [0.5, 0.5, 0.5]
		},
		"gui": {
			"rotation": [90, 180, 0],
			"scale": [0.3, 0.3, 0.3]
		},
		"head": {
			"rotation": [-90, 0, 0],
			"translation": [0, 0, -10.75],
			"scale": [1.5, 1.5, 1.5]
		},
		"fixed": {
			"rotation": [-90, 0, 0],
			"translation": [0, 0, -7.5]
		}
	}
}