{
	"credit": "Made with Blockbench",
	"textures": {
		"0": "item/custom/models/hoops",
		"particle": "item/custom/models/hoops"
	},
	"elements": [
		{
			"from": [2.6, 2.1, 6.2],
			"to": [4.6, 2.6, 6.7],
			"rotation": {"angle": -22.5, "axis": "z", "origin": [1, 0, 0]},
			"faces": {
				"north": {"uv": [0, 0, 2, 1], "texture": "#0"},
				"east": {"uv": [2, 5, 3, 6], "texture": "#0"},
				"south": {"uv": [0, 1, 2, 2], "texture": "#0"},
				"west": {"uv": [3, 5, 4, 6], "texture": "#0"},
				"up": {"uv": [2, 3, 0, 2], "texture": "#0"},
				"down": {"uv": [4, 0, 2, 1], "texture": "#0"}
			}
		},
		{
			"from": [2.6, 0.6, 6.2],
			"to": [4.6, 1.1, 6.7],
			"rotation": {"angle": -22.5, "axis": "z", "origin": [1, 0, 0]},
			"faces": {
				"north": {"uv": [2, 1, 4, 2], "texture": "#0"},
				"east": {"uv": [4, 5, 5, 6], "texture": "#0"},
				"south": {"uv": [2, 2, 4, 3], "texture": "#0"},
				"west": {"uv": [5, 5, 6, 6], "texture": "#0"},
				"up": {"uv": [2, 4, 0, 3], "texture": "#0"},
				"down": {"uv": [4, 3, 2, 4], "texture": "#0"}
			}
		},
		{
			"from": [2.6, 1.1, 6.2],
			"to": [3.1, 2.1, 6.7],
			"rotation": {"angle": -22.5, "axis": "z", "origin": [1, 0, 0]},
			"faces": {
				"north": {"uv": [0, 6, 1, 7], "texture": "#0"},
				"east": {"uv": [6, 0, 7, 1], "texture": "#0"},
				"south": {"uv": [1, 6, 2, 7], "texture": "#0"},
				"west": {"uv": [6, 1, 7, 2], "texture": "#0"},
				"up": {"uv": [3, 7, 2, 6], "texture": "#0"},
				"down": {"uv": [7, 2, 6, 3], "texture": "#0"}
			}
		},
		{
			"from": [4.1, 1.1, 6.2],
			"to": [4.6, 2.1, 6.7],
			"rotation": {"angle": -22.5, "axis": "z", "origin": [1, 0, 0]},
			"faces": {
				"north": {"uv": [3, 6, 4, 7], "texture": "#0"},
				"east": {"uv": [6, 3, 7, 4], "texture": "#0"},
				"south": {"uv": [4, 6, 5, 7], "texture": "#0"},
				"west": {"uv": [6, 4, 7, 5], "texture": "#0"},
				"up": {"uv": [6, 7, 5, 6], "texture": "#0"},
				"down": {"uv": [7, 5, 6, 6], "texture": "#0"}
			}
		},
		{
			"from": [11.4, 0.6, 6.2],
			"to": [13.4, 1.1, 6.7],
			"rotation": {"angle": 22.5, "axis": "z", "origin": [15, 0, 0]},
			"faces": {
				"north": {"uv": [0, 4, 2, 5], "texture": "#0"},
				"east": {"uv": [6, 6, 7, 7], "texture": "#0"},
				"south": {"uv": [4, 0, 6, 1], "texture": "#0"},
				"west": {"uv": [0, 7, 1, 8], "texture": "#0"},
				"up": {"uv": [6, 2, 4, 1], "texture": "#0"},
				"down": {"uv": [4, 4, 2, 5], "texture": "#0"}
			}
		},
		{
			"from": [12.9, 1.1, 6.2],
			"to": [13.4, 2.1, 6.7],
			"rotation": {"angle": 22.5, "axis": "z", "origin": [15, 0, 0]},
			"faces": {
				"north": {"uv": [7, 0, 8, 1], "texture": "#0"},
				"east": {"uv": [1, 7, 2, 8], "texture": "#0"},
				"south": {"uv": [7, 1, 8, 2], "texture": "#0"},
				"west": {"uv": [2, 7, 3, 8], "texture": "#0"},
				"up": {"uv": [8, 3, 7, 2], "texture": "#0"},
				"down": {"uv": [4, 7, 3, 8], "texture": "#0"}
			}
		},
		{
			"from": [11.4, 2.1, 6.2],
			"to": [13.4, 2.6, 6.7],
			"rotation": {"angle": 22.5, "axis": "z", "origin": [15, 0, 0]},
			"faces": {
				"north": {"uv": [4, 2, 6, 3], "texture": "#0"},
				"east": {"uv": [7, 3, 8, 4], "texture": "#0"},
				"south": {"uv": [4, 3, 6, 4], "texture": "#0"},
				"west": {"uv": [4, 7, 5, 8], "texture": "#0"},
				"up": {"uv": [6, 5, 4, 4], "texture": "#0"},
				"down": {"uv": [2, 5, 0, 6], "texture": "#0"}
			}
		},
		{
			"from": [11.4, 1.1, 6.2],
			"to": [11.9, 2.1, 6.7],
			"rotation": {"angle": 22.5, "axis": "z", "origin": [15, 0, 0]},
			"faces": {
				"north": {"uv": [7, 4, 8, 5], "texture": "#0"},
				"east": {"uv": [5, 7, 6, 8], "texture": "#0"},
				"south": {"uv": [7, 5, 8, 6], "texture": "#0"},
				"west": {"uv": [6, 7, 7, 8], "texture": "#0"},
				"up": {"uv": [8, 7, 7, 6], "texture": "#0"},
				"down": {"uv": [8, 7, 7, 8], "texture": "#0"}
			}
		}
	],
	"gui_light": "front",
	"display": {
		"firstperson_righthand": {
			"translation": [6, 9.5, 1.75]
		},
		"firstperson_lefthand": {
			"translation": [6, 9.5, 1.75]
		},
		"ground": {
			"translation": [0, 37.25, 0],
			"scale": [4, 4, 4]
		},
		"gui": {
			"translation": [0, 15, 0],
			"scale": [1.6, 1.6, 1.6]
		},
		"head": {
			"translation": [0, 7.5, -1.25],
			"scale": [1.75, 1.75, 1.75]
		},
		"fixed": {
			"translation": [0, 7.5, 0]
		}
	}
}