{
	"credit": "Made with Blockbench",
	"textures": {
		"1": "item/custom/models/ice_pickaxe"
	},
	"elements": [
		{
			"from": [3, 1, 7],
			"to": [5, 3, 8],
			"rotation": {"angle": 0, "axis": "y", "origin": [7, 6.5, 7.5]},
			"faces": {
				"north": {"uv": [5, 2, 7, 4], "texture": "#1"},
				"east": {"uv": [3, 10, 4, 12], "texture": "#1"},
				"south": {"uv": [5, 0, 7, 2], "texture": "#1"},
				"west": {"uv": [2, 10, 3, 12], "texture": "#1"},
				"up": {"uv": [6, 11, 4, 10], "rotation": 180, "texture": "#1"},
				"down": {"uv": [8, 10, 6, 11], "rotation": 180, "texture": "#1"}
			}
		},
		{
			"from": [4, 3, 7],
			"to": [6, 5, 8],
			"rotation": {"angle": 0, "axis": "y", "origin": [7, 6.5, 7.5]},
			"faces": {
				"north": {"uv": [5, 6, 7, 8], "texture": "#1"},
				"east": {"uv": [10, 8, 11, 10], "texture": "#1"},
				"south": {"uv": [5, 4, 7, 6], "texture": "#1"},
				"west": {"uv": [8, 10, 9, 12], "texture": "#1"},
				"up": {"uv": [11, 11, 9, 10], "rotation": 180, "texture": "#1"},
				"down": {"uv": [13, 0, 11, 1], "rotation": 180, "texture": "#1"}
			}
		},
		{
			"from": [5, 5, 7],
			"to": [7, 7, 8],
			"rotation": {"angle": 0, "axis": "y", "origin": [7, 6.5, 7.5]},
			"faces": {
				"north": {"uv": [7, 2, 9, 4], "texture": "#1"},
				"east": {"uv": [11, 3, 12, 5], "texture": "#1"},
				"south": {"uv": [7, 0, 9, 2], "texture": "#1"},
				"west": {"uv": [11, 1, 12, 3], "texture": "#1"},
				"up": {"uv": [6, 12, 4, 11], "rotation": 180, "texture": "#1"},
				"down": {"uv": [13, 5, 11, 6], "rotation": 180, "texture": "#1"}
			}
		},
		{
			"from": [6, 7, 7],
			"to": [8, 9, 8],
			"rotation": {"angle": 0, "axis": "y", "origin": [7, 6.5, 7.5]},
			"faces": {
				"north": {"uv": [7, 6, 9, 8], "texture": "#1"},
				"east": {"uv": [11, 6, 12, 8], "texture": "#1"},
				"south": {"uv": [7, 4, 9, 6], "texture": "#1"},
				"west": {"uv": [6, 11, 7, 13], "texture": "#1"},
				"up": {"uv": [13, 9, 11, 8], "rotation": 180, "texture": "#1"},
				"down": {"uv": [11, 11, 9, 12], "rotation": 180, "texture": "#1"}
			}
		},
		{
			"from": [7, 9, 7],
			"to": [9, 11, 8],
			"rotation": {"angle": 0, "axis": "y", "origin": [7, 6.5, 7.5]},
			"faces": {
				"north": {"uv": [2, 8, 4, 10], "texture": "#1"},
				"east": {"uv": [11, 9, 12, 11], "texture": "#1"},
				"south": {"uv": [0, 8, 2, 10], "texture": "#1"},
				"west": {"uv": [7, 11, 8, 13], "texture": "#1"},
				"up": {"uv": [13, 12, 11, 11], "rotation": 180, "texture": "#1"},
				"down": {"uv": [2, 12, 0, 13], "rotation": 180, "texture": "#1"}
			}
		},
		{
			"from": [9, 10, 7],
			"to": [11, 12, 8],
			"rotation": {"angle": 0, "axis": "y", "origin": [7, 6.5, 7.5]},
			"faces": {
				"north": {"uv": [6, 8, 8, 10], "texture": "#1"},
				"east": {"uv": [2, 12, 3, 14], "texture": "#1"},
				"south": {"uv": [4, 8, 6, 10], "texture": "#1"},
				"west": {"uv": [12, 1, 13, 3], "texture": "#1"},
				"up": {"uv": [5, 13, 3, 12], "rotation": 180, "texture": "#1"},
				"down": {"uv": [14, 3, 12, 4], "rotation": 180, "texture": "#1"}
			}
		},
		{
			"from": [7, 11, 7],
			"to": [9, 13, 8],
			"rotation": {"angle": 0, "axis": "y", "origin": [7, 6.5, 7.5]},
			"faces": {
				"north": {"uv": [9, 0, 11, 2], "texture": "#1"},
				"east": {"uv": [12, 6, 13, 8], "texture": "#1"},
				"south": {"uv": [8, 8, 10, 10], "texture": "#1"},
				"west": {"uv": [5, 12, 6, 14], "texture": "#1"},
				"up": {"uv": [14, 5, 12, 4], "rotation": 180, "texture": "#1"},
				"down": {"uv": [10, 12, 8, 13], "rotation": 180, "texture": "#1"}
			}
		},
		{
			"from": [11, 9, 7],
			"to": [13, 11, 8],
			"rotation": {"angle": 0, "axis": "y", "origin": [7, 6.5, 7.5]},
			"faces": {
				"north": {"uv": [9, 4, 11, 6], "texture": "#1"},
				"east": {"uv": [10, 12, 11, 14], "texture": "#1"},
				"south": {"uv": [9, 2, 11, 4], "texture": "#1"},
				"west": {"uv": [12, 9, 13, 11], "texture": "#1"},
				"up": {"uv": [13, 13, 11, 12], "rotation": 180, "texture": "#1"},
				"down": {"uv": [2, 13, 0, 14], "rotation": 180, "texture": "#1"}
			}
		},
		{
			"from": [13, 9, 7],
			"to": [14, 10, 8],
			"rotation": {"angle": 0, "axis": "y", "origin": [7, 6.5, 7.5]},
			"faces": {
				"north": {"uv": [14, 1, 15, 2], "texture": "#1"},
				"east": {"uv": [2, 14, 3, 15], "texture": "#1"},
				"south": {"uv": [14, 0, 15, 1], "texture": "#1"},
				"west": {"uv": [1, 14, 2, 15], "texture": "#1"},
				"up": {"uv": [15, 4, 14, 3], "rotation": 180, "texture": "#1"},
				"down": {"uv": [15, 4, 14, 5], "rotation": 180, "texture": "#1"}
			}
		},
		{
			"from": [13, 8, 7],
			"to": [15, 9, 8],
			"rotation": {"angle": 0, "axis": "y", "origin": [7, 6.5, 7.5]},
			"faces": {
				"north": {"uv": [13, 9, 15, 10], "texture": "#1"},
				"east": {"uv": [6, 14, 7, 15], "texture": "#1"},
				"south": {"uv": [13, 8, 15, 9], "texture": "#1"},
				"west": {"uv": [5, 14, 6, 15], "texture": "#1"},
				"up": {"uv": [15, 11, 13, 10], "rotation": 180, "texture": "#1"},
				"down": {"uv": [13, 13, 11, 14], "rotation": 180, "texture": "#1"}
			}
		},
		{
			"from": [5, 12, 7],
			"to": [7, 14, 8],
			"rotation": {"angle": 0, "axis": "y", "origin": [7, 6.5, 7.5]},
			"faces": {
				"north": {"uv": [0, 10, 2, 12], "texture": "#1"},
				"east": {"uv": [3, 13, 4, 15], "texture": "#1"},
				"south": {"uv": [9, 6, 11, 8], "texture": "#1"},
				"west": {"uv": [13, 0, 14, 2], "texture": "#1"},
				"up": {"uv": [15, 3, 13, 2], "rotation": 180, "texture": "#1"},
				"down": {"uv": [15, 5, 13, 6], "rotation": 180, "texture": "#1"}
			}
		},
		{
			"from": [3, 12, 7],
			"to": [5, 13, 8],
			"rotation": {"angle": 0, "axis": "y", "origin": [7, 6.5, 7.5]},
			"faces": {
				"north": {"uv": [13, 6, 15, 7], "texture": "#1"},
				"east": {"uv": [0, 14, 1, 15], "texture": "#1"},
				"south": {"uv": [6, 13, 8, 14], "texture": "#1"},
				"west": {"uv": [13, 13, 14, 14], "texture": "#1"},
				"up": {"uv": [15, 8, 13, 7], "rotation": 180, "texture": "#1"},
				"down": {"uv": [10, 13, 8, 14], "rotation": 180, "texture": "#1"}
			}
		},
		{
			"from": [2, 7, 7.5],
			"to": [7, 11, 7.5],
			"rotation": {"angle": 0, "axis": "y", "origin": [7, 6.5, 7.5]},
			"faces": {
				"north": {"uv": [0, 4, 5, 8], "texture": "#1"},
				"east": {"uv": [0, 0, 0, 4], "texture": "#1"},
				"south": {"uv": [0, 0, 5, 4], "texture": "#1"},
				"west": {"uv": [0, 0, 0, 4], "texture": "#1"},
				"up": {"uv": [5, 0, 0, 0], "rotation": 180, "texture": "#1"},
				"down": {"uv": [5, 0, 0, 0], "rotation": 180, "texture": "#1"}
			}
		},
		{
			"from": [11, 8, 8],
			"to": [12, 9, 8],
			"rotation": {"angle": 0, "axis": "y", "origin": [7, 6.5, 7.5]},
			"faces": {
				"north": {"uv": [8, 14, 9, 15], "texture": "#1"},
				"east": {"uv": [0, 0, 0, 1], "texture": "#1"},
				"south": {"uv": [7, 14, 8, 15], "texture": "#1"},
				"west": {"uv": [0, 0, 0, 1], "texture": "#1"},
				"up": {"uv": [1, 0, 0, 0], "rotation": 180, "texture": "#1"},
				"down": {"uv": [1, 0, 0, 0], "rotation": 180, "texture": "#1"}
			}
		},
		{
			"from": [13, 6, 7],
			"to": [14, 8, 7],
			"rotation": {"angle": 0, "axis": "y", "origin": [7, 6.5, 7.5]},
			"faces": {
				"north": {"uv": [13, 11, 14, 13], "texture": "#1"},
				"east": {"uv": [0, 0, 0, 2], "texture": "#1"},
				"south": {"uv": [4, 13, 5, 15], "texture": "#1"},
				"west": {"uv": [0, 0, 0, 2], "texture": "#1"},
				"up": {"uv": [1, 0, 0, 0], "rotation": 180, "texture": "#1"},
				"down": {"uv": [1, 0, 0, 0], "rotation": 180, "texture": "#1"}
			}
		}
	],
	"gui_light": "front",
	"display": {
		"thirdperson_righthand": {
			"rotation": [31.5, 90, 0],
			"translation": [0, 5.25, 1],
			"scale": [0.85, 0.85, 0.85]
		},
		"thirdperson_lefthand": {
			"rotation": [31.5, -90, 0],
			"translation": [0, 5.25, 1],
			"scale": [0.85, 0.85, 0.85]
		},
		"firstperson_righthand": {
			"rotation": [0, 90, 25],
			"translation": [1.13, 3.2, 0.38],
			"scale": [0.68, 0.68, 0.68]
		},
		"firstperson_lefthand": {
			"rotation": [0, -90, -25],
			"translation": [1.13, 3.2, 0.38],
			"scale": [0.68, 0.68, 0.68]
		},
		"ground": {
			"translation": [0, 2, 0],
			"scale": [0.5, 0.5, 0.5]
		},
		"fixed": {
			"rotation": [0, 180, 0]
		}
	}
}