{
	"credit": "Made with Blockbench",
	"texture_size": [128, 128],
	"textures": {
		"1": "item/custom/models/knight_statue",
		"particle": "item/custom/models/knight_statue"
	},
	"elements": [
		{
			"from": [3.5, 15.08313, -11.3138],
			"to": [12.5, 24.08313, -0.3138],
			"rotation": {"angle": 22.5, "axis": "x", "origin": [8.31066, 10.46837, 5.5]},
			"faces": {
				"north": {"uv": [5.875, 4.25, 7, 5.375], "texture": "#1"},
				"east": {"uv": [5.5, 1.125, 6.875, 2.25], "texture": "#1"},
				"south": {"uv": [6.25, 2.25, 7.375, 3.375], "texture": "#1"},
				"west": {"uv": [2.75, 5.625, 4.125, 6.75], "texture": "#1"},
				"up": {"uv": [5.25, 7.125, 4.125, 5.75], "texture": "#1"},
				"down": {"uv": [6.375, 5.75, 5.25, 7.125], "texture": "#1"}
			}
		},
		{
			"from": [4.25, 14.33313, -5.3138],
			"to": [11.75, 15.08313, -0.8138],
			"rotation": {"angle": 22.5, "axis": "x", "origin": [8.31066, 10.46837, 5.5]},
			"faces": {
				"north": {"uv": [9.625, 8.5, 10.625, 8.625], "texture": "#1"},
				"east": {"uv": [5.5, 2.625, 6.125, 2.75], "texture": "#1"},
				"south": {"uv": [9.625, 8.625, 10.625, 8.75], "texture": "#1"},
				"west": {"uv": [4.125, 5.625, 4.75, 5.75], "texture": "#1"},
				"up": {"uv": [9.625, 9.125, 8.625, 8.5], "texture": "#1"},
				"down": {"uv": [1, 8.75, 0, 9.375], "texture": "#1"}
			}
		},
		{
			"from": [3.5, 15.23118, -9.08544],
			"to": [12.5, 16.23118, -6.83544],
			"rotation": {"angle": 22.5, "axis": "x", "origin": [8.31066, 11.61642, 2.72836]},
			"faces": {
				"north": {"uv": [9.625, 6.875, 10.75, 7], "texture": "#1"},
				"east": {"uv": [2.5, 6.5, 2.75, 6.625], "texture": "#1"},
				"south": {"uv": [9.625, 7, 10.75, 7.125], "texture": "#1"},
				"west": {"uv": [2.25, 6.625, 2.5, 6.75], "texture": "#1"},
				"up": {"uv": [10.75, 6.625, 9.625, 6.375], "texture": "#1"},
				"down": {"uv": [10.75, 6.625, 9.625, 6.875], "texture": "#1"}
			}
		},
		{
			"from": [6.5, 14.33313, -12.1638],
			"to": [9.5, 22.58313, -9.4138],
			"rotation": {"angle": 22.5, "axis": "x", "origin": [8.31066, 10.46837, 5.4]},
			"faces": {
				"north": {"uv": [6.875, 1.25, 7.25, 2.25], "texture": "#1"},
				"east": {"uv": [5.625, 9.625, 6, 10.625], "texture": "#1"},
				"south": {"uv": [9.75, 0.375, 10.125, 1.375], "texture": "#1"},
				"west": {"uv": [8.625, 9.75, 9, 10.75], "texture": "#1"},
				"up": {"uv": [6.25, 5.75, 5.875, 5.375], "texture": "#1"},
				"down": {"uv": [6.375, 7.125, 6, 7.5], "texture": "#1"}
			}
		},
		{
			"from": [1.95, 2.03934, 7.44453],
			"to": [14.05, 14.03934, 16.44453],
			"rotation": {"angle": -22.5, "axis": "x", "origin": [7.2, 10.79605, 4.63372]},
			"faces": {
				"north": {"uv": [3.625, 2.75, 5.125, 4.25], "texture": "#1"},
				"east": {"uv": [4.75, 4.25, 5.875, 5.75], "texture": "#1"},
				"south": {"uv": [3.75, 0, 5.25, 1.5], "texture": "#1"},
				"west": {"uv": [5.125, 2.75, 6.25, 4.25], "texture": "#1"},
				"up": {"uv": [6.75, 1.125, 5.25, 0], "texture": "#1"},
				"down": {"uv": [2.75, 5.375, 1.25, 6.5], "texture": "#1"}
			}
		},
		{
			"from": [1.25, 10.24114, 6.47878],
			"to": [14.75, 21.24114, 16.47878],
			"rotation": {"angle": -45, "axis": "x", "origin": [7.985, 11.65191, 5.64885]},
			"faces": {
				"north": {"uv": [1.875, 2.75, 3.625, 4.125], "texture": "#1"},
				"east": {"uv": [3.5, 4.25, 4.75, 5.625], "texture": "#1"},
				"south": {"uv": [0, 3.25, 1.75, 4.625], "texture": "#1"},
				"west": {"uv": [0, 4.625, 1.25, 6], "texture": "#1"},
				"up": {"uv": [5.5, 2.75, 3.75, 1.5], "texture": "#1"},
				"down": {"uv": [3.5, 4.125, 1.75, 5.375], "texture": "#1"}
			}
		},
		{
			"from": [-3.75, 18, 3],
			"to": [1.25, 23, 8],
			"rotation": {"angle": 0, "axis": "y", "origin": [0.25, 21, 3]},
			"faces": {
				"north": {"uv": [0.625, 9.5, 1.25, 10.125], "texture": "#1"},
				"east": {"uv": [1.25, 9.5, 1.875, 10.125], "texture": "#1"},
				"south": {"uv": [9.5, 4.25, 10.125, 4.875], "texture": "#1"},
				"west": {"uv": [9.5, 4.875, 10.125, 5.5], "texture": "#1"},
				"up": {"uv": [7.25, 10.125, 6.625, 9.5], "texture": "#1"},
				"down": {"uv": [7.875, 9.5, 7.25, 10.125], "texture": "#1"}
			}
		},
		{
			"from": [14.75, 18, 3],
			"to": [19.75, 23, 8],
			"rotation": {"angle": 0, "axis": "y", "origin": [15.75, 21, 3]},
			"faces": {
				"north": {"uv": [9.625, 1.625, 10.25, 2.25], "texture": "#1"},
				"east": {"uv": [1.875, 9.625, 2.5, 10.25], "texture": "#1"},
				"south": {"uv": [9.625, 2.25, 10.25, 2.875], "texture": "#1"},
				"west": {"uv": [9.625, 2.875, 10.25, 3.5], "texture": "#1"},
				"up": {"uv": [5, 10.25, 4.375, 9.625], "texture": "#1"},
				"down": {"uv": [5.625, 9.625, 5, 10.25], "texture": "#1"}
			}
		},
		{
			"from": [2, -5, -1.10329],
			"to": [7.25, 9.25, 4.14671],
			"rotation": {"angle": 0, "axis": "y", "origin": [8, 11.21837, 1.5]},
			"faces": {
				"north": {"uv": [6.375, 6, 7, 7.75], "texture": "#1"},
				"east": {"uv": [1, 6.5, 1.625, 8.25], "texture": "#1"},
				"south": {"uv": [1.625, 6.5, 2.25, 8.25], "texture": "#1"},
				"west": {"uv": [2.25, 6.75, 2.875, 8.5], "texture": "#1"},
				"up": {"uv": [8, 3.25, 7.375, 2.625], "texture": "#1"},
				"down": {"uv": [9.375, 7.125, 8.75, 7.75], "texture": "#1"}
			}
		},
		{
			"from": [2, 4, 4.14671],
			"to": [7.25, 9.25, 11.64671],
			"rotation": {"angle": 0, "axis": "y", "origin": [8, 11.21837, 1.5]},
			"faces": {
				"north": {"uv": [8.75, 7.75, 9.375, 8.375], "texture": "#1"},
				"east": {"uv": [8.625, 1.75, 9.625, 2.375], "texture": "#1"},
				"south": {"uv": [1, 8.875, 1.625, 9.5], "texture": "#1"},
				"west": {"uv": [3.75, 8.625, 4.75, 9.25], "texture": "#1"},
				"up": {"uv": [5.375, 9.625, 4.75, 8.625], "texture": "#1"},
				"down": {"uv": [6, 8.625, 5.375, 9.625], "texture": "#1"}
			}
		},
		{
			"from": [8.775, 2.9908, 13.25523],
			"to": [13.975, 12.7408, 18.50523],
			"rotation": {"angle": 22.5, "axis": "x", "origin": [8, 11.21837, 5]},
			"faces": {
				"north": {"uv": [8, 1.25, 8.625, 2.5], "texture": "#1"},
				"east": {"uv": [8.125, 2.5, 8.75, 3.75], "texture": "#1"},
				"south": {"uv": [8.125, 6, 8.75, 7.25], "texture": "#1"},
				"west": {"uv": [8.125, 7.25, 8.75, 8.5], "texture": "#1"},
				"up": {"uv": [9.5, 5, 8.875, 4.375], "texture": "#1"},
				"down": {"uv": [7.625, 8.875, 7, 9.5], "texture": "#1"}
			}
		},
		{
			"from": [8.75, -4.79206, 9.47829],
			"to": [14, 0.45794, 23.72829],
			"rotation": {"angle": 0, "axis": "x", "origin": [8, 11.21837, 5]},
			"faces": {
				"north": {"uv": [9.125, 0.375, 9.75, 1], "texture": "#1"},
				"east": {"uv": [6.75, 0, 8.5, 0.625], "texture": "#1"},
				"south": {"uv": [9.125, 1, 9.75, 1.625], "texture": "#1"},
				"west": {"uv": [6.875, 0.625, 8.625, 1.25], "texture": "#1"},
				"up": {"uv": [3.5, 8.5, 2.875, 6.75], "texture": "#1"},
				"down": {"uv": [4.125, 6.75, 3.5, 8.5], "texture": "#1"}
			}
		},
		{
			"from": [1.25, 8.25, -0.47829],
			"to": [8.25, 13.25, 4.02171],
			"rotation": {"angle": 22.5, "axis": "x", "origin": [8, 10.21837, 1.75]},
			"faces": {
				"north": {"uv": [8.75, 2.375, 9.625, 3], "texture": "#1"},
				"east": {"uv": [8.625, 9.125, 9.25, 9.75], "texture": "#1"},
				"south": {"uv": [8.75, 3, 9.625, 3.625], "texture": "#1"},
				"west": {"uv": [3.75, 9.25, 4.375, 9.875], "texture": "#1"},
				"up": {"uv": [9.625, 6.5, 8.75, 5.875], "texture": "#1"},
				"down": {"uv": [9.625, 6.5, 8.75, 7.125], "texture": "#1"}
			}
		},
		{
			"from": [-3.25, 8.25, -0.47829],
			"to": [1.25, 20.5, 4.02171],
			"rotation": {"angle": 22.5, "axis": "x", "origin": [8, 10.21837, 1.75]},
			"faces": {
				"north": {"uv": [7, 6, 7.625, 7.5], "texture": "#1"},
				"east": {"uv": [4.125, 7.125, 4.75, 8.625], "texture": "#1"},
				"south": {"uv": [4.75, 7.125, 5.375, 8.625], "texture": "#1"},
				"west": {"uv": [5.375, 7.125, 6, 8.625], "texture": "#1"},
				"up": {"uv": [9.875, 9.75, 9.25, 9.125], "texture": "#1"},
				"down": {"uv": [0.625, 9.375, 0, 10], "texture": "#1"}
			}
		},
		{
			"from": [14.75, 7.07377, -13.21153],
			"to": [19.25, 11.57377, -4.21153],
			"rotation": {"angle": 45, "axis": "x", "origin": [8, 10.21837, 4.75]},
			"faces": {
				"north": {"uv": [9.375, 3.625, 10, 4.25], "texture": "#1"},
				"east": {"uv": [1, 8.25, 2.125, 8.875], "texture": "#1"},
				"south": {"uv": [6, 9.375, 6.625, 10], "texture": "#1"},
				"west": {"uv": [8.25, 3.75, 9.375, 4.375], "texture": "#1"},
				"up": {"uv": [8.875, 5.5, 8.25, 4.375], "texture": "#1"},
				"down": {"uv": [2.75, 8.5, 2.125, 9.625], "texture": "#1"}
			}
		},
		{
			"from": [14.75, 7.07377, -4.21153],
			"to": [19.25, 18.07377, 0.28847],
			"rotation": {"angle": 45, "axis": "x", "origin": [8, 10.21837, 4.75]},
			"faces": {
				"north": {"uv": [7, 4, 7.625, 5.375], "texture": "#1"},
				"east": {"uv": [7.375, 1.25, 8, 2.625], "texture": "#1"},
				"south": {"uv": [7, 7.5, 7.625, 8.875], "texture": "#1"},
				"west": {"uv": [7.625, 4, 8.25, 5.375], "texture": "#1"},
				"up": {"uv": [10, 7.75, 9.375, 7.125], "texture": "#1"},
				"down": {"uv": [10, 7.75, 9.375, 8.375], "texture": "#1"}
			}
		},
		{
			"from": [16.125, 18.25, -7.60329],
			"to": [17.875, 29.25, -6.60329],
			"rotation": {"angle": 0, "axis": "y", "origin": [8, 22.21836, 4.25]},
			"faces": {
				"north": {"uv": [7.875, 9.25, 8.125, 10.625], "texture": "#1"},
				"east": {"uv": [9.25, 9.75, 9.375, 11.125], "texture": "#1"},
				"south": {"uv": [2.5, 9.625, 2.75, 11], "texture": "#1"},
				"west": {"uv": [9.375, 9.75, 9.5, 11.125], "texture": "#1"},
				"up": {"uv": [1.25, 6.5, 1, 6.375], "texture": "#1"},
				"down": {"uv": [2.5, 6.5, 2.25, 6.625], "texture": "#1"}
			}
		},
		{
			"from": [15.125, -6, -7.60329],
			"to": [18.875, 16.25, -6.60329],
			"rotation": {"angle": 0, "axis": "y", "origin": [8, 9.21837, 4.25]},
			"faces": {
				"north": {"uv": [0, 6, 0.5, 8.75], "texture": "#1"},
				"east": {"uv": [9, 9.75, 9.125, 12.5], "texture": "#1"},
				"south": {"uv": [0.5, 6, 1, 8.75], "texture": "#1"},
				"west": {"uv": [9.125, 9.75, 9.25, 12.5], "texture": "#1"},
				"up": {"uv": [6.75, 4.125, 6.25, 4], "texture": "#1"},
				"down": {"uv": [6.75, 4.125, 6.25, 4.25], "texture": "#1"}
			}
		},
		{
			"from": [11.125, 16, -7.85329],
			"to": [22.875, 18.25, -6.35329],
			"rotation": {"angle": 0, "axis": "y", "origin": [8, 9.21837, 4.25]},
			"faces": {
				"north": {"uv": [9.625, 5.875, 11.125, 6.125], "texture": "#1"},
				"east": {"uv": [1.75, 3.25, 1.875, 3.5], "texture": "#1"},
				"south": {"uv": [9.625, 6.125, 11.125, 6.375], "texture": "#1"},
				"west": {"uv": [1.75, 3.5, 1.875, 3.75], "texture": "#1"},
				"up": {"uv": [10.25, 8.5, 8.75, 8.375], "texture": "#1"},
				"down": {"uv": [11.125, 3.5, 9.625, 3.625], "texture": "#1"}
			}
		},
		{
			"from": [15.375, 15.5, -8.35329],
			"to": [18.625, 18.75, -5.85329],
			"rotation": {"angle": -45, "axis": "z", "origin": [17, 17.125, -7.10329]},
			"faces": {
				"north": {"uv": [1.25, 4.625, 1.625, 5], "texture": "#1"},
				"east": {"uv": [5.25, 1.125, 5.5, 1.5], "texture": "#1"},
				"south": {"uv": [1.25, 5, 1.625, 5.375], "texture": "#1"},
				"west": {"uv": [1, 6, 1.25, 6.375], "texture": "#1"},
				"up": {"uv": [3.125, 5.625, 2.75, 5.375], "texture": "#1"},
				"down": {"uv": [3.5, 5.375, 3.125, 5.625], "texture": "#1"}
			}
		},
		{
			"from": [0.5, 27.5, 7.47183],
			"to": [15.5, 30.5, 12.47183],
			"rotation": {"angle": 45, "axis": "x", "origin": [6.5, 28.5, 3.47183]},
			"faces": {
				"north": {"uv": [8.25, 5.5, 10.125, 5.875], "texture": "#1"},
				"east": {"uv": [5.5, 2.25, 6.125, 2.625], "texture": "#1"},
				"south": {"uv": [8.5, 0, 10.375, 0.375], "texture": "#1"},
				"west": {"uv": [8.875, 5, 9.5, 5.375], "texture": "#1"},
				"up": {"uv": [8.125, 4, 6.25, 3.375], "texture": "#1"},
				"down": {"uv": [8.25, 5.375, 6.375, 6], "texture": "#1"}
			}
		},
		{
			"from": [0.5, 2.78852, 21.01031],
			"to": [15.5, 15.56669, 21.01031],
			"rotation": {"angle": -22.5, "axis": "x", "origin": [8, 9.17761, 20.51031]},
			"faces": {
				"north": {"uv": [0, 0, 1.875, 1.625], "texture": "#1"},
				"east": {"uv": [0, 0, 0, 1.625], "texture": "#1"},
				"south": {"uv": [0, 1.625, 1.875, 3.25], "texture": "#1"},
				"west": {"uv": [0, 0, 0, 1.625], "texture": "#1"},
				"up": {"uv": [1.875, 0, 0, 0], "texture": "#1"},
				"down": {"uv": [1.875, 0, 0, 0], "texture": "#1"}
			}
		},
		{
			"from": [0.5, 2.78852, 17.01031],
			"to": [0.5, 15.56669, 21.01031],
			"rotation": {"angle": -22.5, "axis": "x", "origin": [8, 9.17761, 20.51031]},
			"faces": {
				"north": {"uv": [0, 0, 0, 1.625], "texture": "#1"},
				"east": {"uv": [7.625, 6, 8.125, 7.625], "texture": "#1"},
				"south": {"uv": [0, 0, 0, 1.625], "texture": "#1"},
				"west": {"uv": [7.625, 7.625, 8.125, 9.25], "texture": "#1"},
				"up": {"uv": [0, 0.5, 0, 0], "texture": "#1"},
				"down": {"uv": [0, 0, 0, 0.5], "texture": "#1"}
			}
		},
		{
			"from": [15.5, 2.78852, 17.01031],
			"to": [15.5, 15.56669, 21.01031],
			"rotation": {"angle": -22.5, "axis": "x", "origin": [8, 9.17761, 20.51031]},
			"faces": {
				"north": {"uv": [0, 0, 0, 1.625], "texture": "#1"},
				"east": {"uv": [6, 7.75, 6.5, 9.375], "texture": "#1"},
				"south": {"uv": [0, 0, 0, 1.625], "texture": "#1"},
				"west": {"uv": [6.5, 7.75, 7, 9.375], "texture": "#1"},
				"up": {"uv": [0, 0.5, 0, 0], "texture": "#1"},
				"down": {"uv": [0, 0, 0, 0.5], "texture": "#1"}
			}
		},
		{
			"from": [0.5, 13.85716, 19.11325],
			"to": [15.5, 24.85716, 19.11325],
			"rotation": {"angle": -45, "axis": "x", "origin": [0.5, 13.85716, 17.11325]},
			"faces": {
				"north": {"uv": [1.875, 0, 3.75, 1.375], "texture": "#1"},
				"east": {"uv": [0, 0, 0, 1.375], "texture": "#1"},
				"south": {"uv": [1.875, 1.375, 3.75, 2.75], "texture": "#1"},
				"west": {"uv": [0, 0, 0, 1.375], "texture": "#1"},
				"up": {"uv": [1.875, 0, 0, 0], "texture": "#1"},
				"down": {"uv": [1.875, 0, 0, 0], "texture": "#1"}
			}
		},
		{
			"from": [15.49, 13.85716, 15.36325],
			"to": [15.49, 24.85716, 19.11325],
			"rotation": {"angle": -45, "axis": "x", "origin": [0.5, 13.85716, 17.11325]},
			"faces": {
				"north": {"uv": [0, 0, 0, 1.375], "texture": "#1"},
				"east": {"uv": [8.125, 8.5, 8.625, 9.875], "texture": "#1"},
				"south": {"uv": [0, 0, 0, 1.375], "texture": "#1"},
				"west": {"uv": [8.625, 0.375, 9.125, 1.75], "texture": "#1"},
				"up": {"uv": [0, 0.5, 0, 0], "texture": "#1"},
				"down": {"uv": [0, 0, 0, 0.5], "texture": "#1"}
			}
		},
		{
			"from": [0.51, 13.85716, 15.36325],
			"to": [0.51, 24.85716, 19.11325],
			"rotation": {"angle": -45, "axis": "x", "origin": [0.5, 13.85716, 17.11325]},
			"faces": {
				"north": {"uv": [0, 0, 0, 1.375], "texture": "#1"},
				"east": {"uv": [2.75, 8.5, 3.25, 9.875], "texture": "#1"},
				"south": {"uv": [0, 0, 0, 1.375], "texture": "#1"},
				"west": {"uv": [3.25, 8.5, 3.75, 9.875], "texture": "#1"},
				"up": {"uv": [0, 0.5, 0, 0], "texture": "#1"},
				"down": {"uv": [0, 0, 0, 0.5], "texture": "#1"}
			}
		}
	],
	"display": {
		"thirdperson_righthand": {
			"rotation": [75, 45, 0],
			"translation": [0, 2.5, 0],
			"scale": [0.375, 0.375, 0.375]
		},
		"thirdperson_lefthand": {
			"rotation": [75, 45, 0],
			"translation": [0, 2.5, 0],
			"scale": [0.375, 0.375, 0.375]
		},
		"firstperson_righthand": {
			"rotation": [0, 225, 0],
			"scale": [0.25, 0.25, 0.25]
		},
		"firstperson_lefthand": {
			"rotation": [0, 225, 0],
			"scale": [0.25, 0.25, 0.25]
		},
		"ground": {
			"translation": [0, 3, 0],
			"scale": [0.3, 0.3, 0.3]
		},
		"gui": {
			"rotation": [0, 135, 0],
			"translation": [1.5, -1.5, 0],
			"scale": [0.365, 0.365, 0.365]
		},
		"head": {
			"translation": [0, -13.5, 0],
			"scale": [2.3, 2.3, 2.3]
		}
	},
	"groups": [
		{
			"name": "body",
			"origin": [8, 8, 8],
			"color": 0,
			"children": [
				{
					"name": "head",
					"origin": [7.79289, 19.57223, -3.03878],
					"color": 0,
					"children": [0, 1, 2, 3]
				},
				{
					"name": "chest",
					"origin": [15.75, 21, 2],
					"color": 0,
					"children": [4, 5, 6, 7]
				},
				{
					"name": "limbs",
					"origin": [8, 11.21837, 3],
					"color": 0,
					"children": [8, 9, 10, 11, 12, 13, 14, 15]
				}
			]
		},
		{
			"name": "sword",
			"origin": [17, 19.125, -11.10329],
			"color": 0,
			"children": [16, 17, 18, 19]
		},
		{
			"name": "cape",
			"origin": [21.5, 22, 8.22183],
			"color": 0,
			"children": [20, 21, 22, 23, 24, 25, 26]
		}
	]
}