{
	"credit": "Made with Blockbench",
	"texture_size": [32, 32],
	"textures": {
		"0": "item/custom/models/laptop",
		"particle": "item/custom/models/laptop"
	},
	"elements": [
		{
			"from": [1.5, 0, 1.5],
			"to": [14.5, 1, 10.5],
			"rotation": {"angle": 0, "axis": "y", "origin": [5.5, 0, 1.5]},
			"faces": {
				"north": {"uv": [0, 9, 6.5, 9.5], "texture": "#0"},
				"east": {"uv": [0, 10, 4.5, 10.5], "texture": "#0"},
				"south": {"uv": [6.5, 9, 13, 9.5], "texture": "#0"},
				"west": {"uv": [4.5, 10, 9, 10.5], "texture": "#0"},
				"up": {"uv": [6.5, 4.5, 0, 0], "texture": "#0"},
				"down": {"uv": [6.5, 4.5, 0, 9], "texture": "#0"}
			}
		},
		{
			"from": [1.5, -0.3024, 13.02027],
			"to": [14.5, 8.6976, 14.02027],
			"rotation": {"angle": 22.5, "axis": "x", "origin": [5.5, 8.6976, 13.02027]},
			"faces": {
				"north": {"uv": [6.5, 0, 13, 4.5], "texture": "#0"},
				"east": {"uv": [9, 10, 9.5, 14.5], "texture": "#0"},
				"south": {"uv": [6.5, 4.5, 13, 9], "texture": "#0"},
				"west": {"uv": [9.5, 10, 10, 14.5], "texture": "#0"},
				"up": {"uv": [6.5, 10, 0, 9.5], "texture": "#0"},
				"down": {"uv": [13, 9.5, 6.5, 10], "texture": "#0"}
			}
		}
	],
	"display": {
		"thirdperson_righthand": {
			"rotation": [75, -180, 0],
			"translation": [0, 2.75, 3.25],
			"scale": [0.605, 0.605, 0.605]
		},
		"thirdperson_lefthand": {
			"rotation": [75, -180, 0],
			"translation": [0, 2.75, 3.25],
			"scale": [0.605, 0.605, 0.605]
		},
		"firstperson_righthand": {
			"rotation": [0, 125, 0],
			"translation": [0, 2.75, 0],
			"scale": [0.4, 0.4, 0.4]
		},
		"firstperson_lefthand": {
			"rotation": [0, 135, 0],
			"translation": [0, 2.75, 0],
			"scale": [0.4, 0.4, 0.4]
		},
		"ground": {
			"translation": [0, 4, 0],
			"scale": [0.75, 0.75, 0.75]
		},
		"gui": {
			"rotation": [30, 135, 0],
			"translation": [0, 1.75, 0],
			"scale": [0.705, 0.705, 0.705]
		},
		"fixed": {
			"rotation": [-90, 0, 0],
			"translation": [0, 0, -19],
			"scale": [2.4, 2.4, 2.4]
		}
	}
}