{
	"credit": "Made with Blockbench",
	"textures": {
		"2": "item/custom/models/portal_trophy",
		"3": "item/custom/models/mace_trophy",
		"particle": "item/custom/models/portal_trophy"
	},
	"elements": [
		{
			"from": [5, 0, 5],
			"to": [11, 1, 11],
			"rotation": {"angle": -45, "axis": "y", "origin": [8, 5.5, 8]},
			"faces": {
				"north": {"uv": [6, 9, 12, 10], "texture": "#2"},
				"east": {"uv": [10, 0, 16, 1], "texture": "#2"},
				"south": {"uv": [10, 1, 16, 2], "texture": "#2"},
				"west": {"uv": [10, 2, 16, 3], "texture": "#2"},
				"up": {"uv": [6, 6, 0, 0], "texture": "#2"},
				"down": {"uv": [6, 6, 0, 12], "texture": "#2"}
			}
		},
		{
			"from": [5, 10, 5],
			"to": [11, 11, 11],
			"rotation": {"angle": -45, "axis": "y", "origin": [8, 5.5, 8]},
			"faces": {
				"north": {"uv": [6, 9, 12, 10], "texture": "#2"},
				"east": {"uv": [10, 0, 16, 1], "texture": "#2"},
				"south": {"uv": [10, 1, 16, 2], "texture": "#2"},
				"west": {"uv": [10, 2, 16, 3], "texture": "#2"},
				"up": {"uv": [6, 6, 0, 0], "texture": "#2"},
				"down": {"uv": [6, 6, 0, 12], "texture": "#2"}
			}
		},
		{
			"from": [9.5, 1, 5.5],
			"to": [10.5, 10, 6.5],
			"rotation": {"angle": -45, "axis": "y", "origin": [8, 5.5, 8]},
			"faces": {
				"north": {"uv": [6, 0, 7, 9], "texture": "#2"},
				"east": {"uv": [7, 0, 8, 9], "texture": "#2"},
				"south": {"uv": [8, 0, 9, 9], "texture": "#2"},
				"west": {"uv": [9, 0, 10, 9], "texture": "#2"},
				"up": {"uv": [13, 13, 12, 12], "texture": "#2"},
				"down": {"uv": [1, 13, 0, 14], "texture": "#2"}
			}
		},
		{
			"from": [9.5, 1, 9.5],
			"to": [10.5, 10, 10.5],
			"rotation": {"angle": -45, "axis": "y", "origin": [8, 5.5, 8]},
			"faces": {
				"north": {"uv": [6, 0, 7, 9], "texture": "#2"},
				"east": {"uv": [7, 0, 8, 9], "texture": "#2"},
				"south": {"uv": [8, 0, 9, 9], "texture": "#2"},
				"west": {"uv": [9, 0, 10, 9], "texture": "#2"},
				"up": {"uv": [13, 13, 12, 12], "texture": "#2"},
				"down": {"uv": [1, 13, 0, 14], "texture": "#2"}
			}
		},
		{
			"from": [5.5, 1, 5.5],
			"to": [6.5, 10, 6.5],
			"rotation": {"angle": -45, "axis": "y", "origin": [8, 5.5, 8]},
			"faces": {
				"north": {"uv": [6, 0, 7, 9], "texture": "#2"},
				"east": {"uv": [7, 0, 8, 9], "texture": "#2"},
				"south": {"uv": [8, 0, 9, 9], "texture": "#2"},
				"west": {"uv": [9, 0, 10, 9], "texture": "#2"},
				"up": {"uv": [13, 13, 12, 12], "texture": "#2"},
				"down": {"uv": [1, 13, 0, 14], "texture": "#2"}
			}
		},
		{
			"from": [5.5, 1, 9.5],
			"to": [6.5, 10, 10.5],
			"rotation": {"angle": -45, "axis": "y", "origin": [8, 5.5, 8]},
			"faces": {
				"north": {"uv": [6, 0, 7, 9], "texture": "#2"},
				"east": {"uv": [7, 0, 8, 9], "texture": "#2"},
				"south": {"uv": [8, 0, 9, 9], "texture": "#2"},
				"west": {"uv": [9, 0, 10, 9], "texture": "#2"},
				"up": {"uv": [13, 13, 12, 12], "texture": "#2"},
				"down": {"uv": [1, 13, 0, 14], "texture": "#2"}
			}
		},
		{
			"from": [7.82843, 10.35, 6.5],
			"to": [10.82843, 13.35, 9.5],
			"rotation": {"angle": -45, "axis": "z", "origin": [10.82843, 14.35, 6.5]},
			"faces": {
				"north": {"uv": [0, 6, 1.5, 7.5], "rotation": 90, "texture": "#3"},
				"east": {"uv": [1.5, 6, 0, 7.5], "rotation": 270, "texture": "#3"},
				"south": {"uv": [0, 6, 1.5, 7.5], "rotation": 270, "texture": "#3"},
				"west": {"uv": [1.5, 7.5, 0, 6], "rotation": 270, "texture": "#3"},
				"up": {"uv": [6, 0, 7.5, 1.5], "rotation": 270, "texture": "#3"},
				"down": {"uv": [6, 1.5, 7.5, 3], "rotation": 270, "texture": "#3"}
			}
		},
		{
			"from": [5.30962, 13.72157, 7.5],
			"to": [12.30962, 14.72157, 8.5],
			"rotation": {"angle": 45, "axis": "z", "origin": [8.45962, 14.47157, 8]},
			"faces": {
				"north": {"uv": [8, 2.5, 11.25, 2.75], "texture": "#3"},
				"east": {"uv": [9.75, 2.5, 10, 2.75], "texture": "#3"},
				"south": {"uv": [11.25, 2.5, 8, 2.75], "texture": "#3"},
				"west": {"uv": [9.75, 2.5, 10, 2.75], "texture": "#3"},
				"up": {"uv": [11.25, 2.75, 8, 2.5], "texture": "#3"},
				"down": {"uv": [11.25, 2.5, 8, 2.75], "texture": "#3"}
			}
		},
		{
			"from": [7, 11, 7],
			"to": [9, 12, 9],
			"rotation": {"angle": 45, "axis": "y", "origin": [8, 11.5, 8]},
			"faces": {
				"north": {"uv": [12, 4, 14, 5], "texture": "#2"},
				"east": {"uv": [12, 5, 14, 6], "texture": "#2"},
				"south": {"uv": [12, 6, 14, 7], "texture": "#2"},
				"west": {"uv": [12, 9, 14, 10], "texture": "#2"},
				"up": {"uv": [12, 5, 10, 3], "texture": "#2"},
				"down": {"uv": [12, 5, 10, 7], "texture": "#2"}
			}
		}
	],
	"gui_light": "front",
	"display": {
		"thirdperson_righthand": {
			"rotation": [0, 45, 0]
		},
		"thirdperson_lefthand": {
			"rotation": [0, 45, 0]
		},
		"firstperson_righthand": {
			"rotation": [0, 146, 0],
			"scale": [0.75, 0.75, 0.75]
		},
		"firstperson_lefthand": {
			"rotation": [0, 146, 0],
			"scale": [0.75, 0.75, 0.75]
		},
		"ground": {
			"translation": [0, 5.5, 0]
		},
		"gui": {
			"rotation": [25, 0, 0],
			"translation": [0, -0.5, 0],
			"scale": [0.8, 0.8, 0.8]
		},
		"head": {
			"rotation": [0, 45, 0],
			"translation": [0, 19.25, 0],
			"scale": [1.6, 1.6, 1.6]
		},
		"fixed": {
			"rotation": [-90, 45, 0],
			"translation": [0, 0, -31.25],
			"scale": [4, 4, 4]
		}
	}
}