{
	"credit": "Made with Blockbench",
	"texture_size": [32, 32],
	"textures": {
		"0": "item/custom/models/mace_trophy",
		"particle": "item/custom/models/mace_trophy"
	},
	"elements": [
		{
			"from": [3.8, 0, 6],
			"to": [9.8, 1, 12],
			"rotation": {"angle": 45, "axis": "y", "origin": [5.8, 0, 8]},
			"faces": {
				"north": {"uv": [7.5, 4.5, 10.5, 5], "texture": "#0"},
				"east": {"uv": [7.5, 5, 10.5, 5.5], "texture": "#0"},
				"south": {"uv": [7.5, 5.5, 10.5, 6], "texture": "#0"},
				"west": {"uv": [7.5, 6, 10.5, 6.5], "texture": "#0"},
				"up": {"uv": [3, 3, 0, 0], "texture": "#0"},
				"down": {"uv": [3, 3, 0, 6], "texture": "#0"}
			}
		},
		{
			"from": [3.8, 10, 6],
			"to": [9.8, 11, 12],
			"rotation": {"angle": 45, "axis": "y", "origin": [5.8, 10, 8]},
			"faces": {
				"north": {"uv": [7.5, 6.5, 10.5, 7], "texture": "#0"},
				"east": {"uv": [7.5, 7, 10.5, 7.5], "texture": "#0"},
				"south": {"uv": [7.5, 7.5, 10.5, 8], "texture": "#0"},
				"west": {"uv": [8, 0, 11, 0.5], "texture": "#0"},
				"up": {"uv": [6, 3, 3, 0], "texture": "#0"},
				"down": {"uv": [6, 3, 3, 6], "texture": "#0"}
			}
		},
		{
			"from": [5.8, 11, 8],
			"to": [7.8, 12, 10],
			"rotation": {"angle": 45, "axis": "y", "origin": [5.8, 11, 8]},
			"faces": {
				"north": {"uv": [7.5, 8, 8.5, 8.5], "texture": "#0"},
				"east": {"uv": [7.5, 8.5, 8.5, 9], "texture": "#0"},
				"south": {"uv": [8.5, 8, 9.5, 8.5], "texture": "#0"},
				"west": {"uv": [8.5, 8.5, 9.5, 9], "texture": "#0"},
				"up": {"uv": [9, 1.5, 8, 0.5], "texture": "#0"},
				"down": {"uv": [9, 1.5, 8, 2.5], "texture": "#0"}
			}
		},
		{
			"from": [9, 1, 8.6],
			"to": [10, 10, 9.6],
			"rotation": {"angle": 45, "axis": "y", "origin": [8, 1, 8.6]},
			"faces": {
				"north": {"uv": [4.5, 6, 5, 10.5], "texture": "#0"},
				"east": {"uv": [6, 4.5, 6.5, 9], "texture": "#0"},
				"south": {"uv": [5, 6, 5.5, 10.5], "texture": "#0"},
				"west": {"uv": [5.5, 6, 6, 10.5], "texture": "#0"},
				"up": {"uv": [9.5, 1, 9, 0.5], "texture": "#0"},
				"down": {"uv": [9.5, 1, 9, 1.5], "texture": "#0"}
			}
		},
		{
			"from": [6.7, 1, 10.9],
			"to": [7.7, 10, 11.9],
			"rotation": {"angle": 45, "axis": "y", "origin": [5.7, 1, 10.9]},
			"faces": {
				"north": {"uv": [6.5, 4.5, 7, 9], "texture": "#0"},
				"east": {"uv": [7, 4.5, 7.5, 9], "texture": "#0"},
				"south": {"uv": [0, 7.5, 0.5, 12], "texture": "#0"},
				"west": {"uv": [7.5, 0, 8, 4.5], "texture": "#0"},
				"up": {"uv": [9.5, 2, 9, 1.5], "texture": "#0"},
				"down": {"uv": [9.5, 2, 9, 2.5], "texture": "#0"}
			}
		},
		{
			"from": [6.8, 1, 6.4],
			"to": [7.8, 10, 7.4],
			"rotation": {"angle": 45, "axis": "y", "origin": [5.8, 1, 6.4]},
			"faces": {
				"north": {"uv": [0.5, 7.5, 1, 12], "texture": "#0"},
				"east": {"uv": [1, 7.5, 1.5, 12], "texture": "#0"},
				"south": {"uv": [1.5, 7.5, 2, 12], "texture": "#0"},
				"west": {"uv": [2, 7.5, 2.5, 12], "texture": "#0"},
				"up": {"uv": [6.5, 9.5, 6, 9], "texture": "#0"},
				"down": {"uv": [7, 9, 6.5, 9.5], "texture": "#0"}
			}
		},
		{
			"from": [4.6, 1, 8.6],
			"to": [5.6, 10, 9.6],
			"rotation": {"angle": 45, "axis": "y", "origin": [3.6, 1, 8.6]},
			"faces": {
				"north": {"uv": [2.5, 7.5, 3, 12], "texture": "#0"},
				"east": {"uv": [3, 7.5, 3.5, 12], "texture": "#0"},
				"south": {"uv": [3.5, 7.5, 4, 12], "texture": "#0"},
				"west": {"uv": [4, 7.5, 4.5, 12], "texture": "#0"},
				"up": {"uv": [7.5, 9.5, 7, 9], "texture": "#0"},
				"down": {"uv": [8, 9, 7.5, 9.5], "texture": "#0"}
			}
		},
		{
			"from": [4.4, 18.8, 7.7],
			"to": [10.7, 19.3, 8.2],
			"rotation": {"angle": 45, "axis": "z", "origin": [12.8, 17.8, 6.2]},
			"faces": {
				"north": {"uv": [8, 2.5, 11.25, 2.75], "texture": "#0"},
				"east": {"uv": [8, 9, 8.25, 9.25], "texture": "#0"},
				"south": {"uv": [8, 3, 11.25, 3.25], "texture": "#0"},
				"west": {"uv": [8.5, 9, 8.75, 9.25], "texture": "#0"},
				"up": {"uv": [11.25, 3.75, 8, 3.5], "texture": "#0"},
				"down": {"uv": [11.25, 4, 8, 4.25], "texture": "#0"}
			}
		},
		{
			"from": [7, 10.6, 6.5],
			"to": [10, 13.6, 9.5],
			"rotation": {"angle": -45, "axis": "z", "origin": [10, 14.6, 6.5]},
			"faces": {
				"north": {"uv": [0, 6, 1.5, 7.5], "rotation": 90, "texture": "#0"},
				"east": {"uv": [7.5, 3, 6, 4.5], "rotation": 270, "texture": "#0"},
				"south": {"uv": [1.5, 6, 3, 7.5], "rotation": 270, "texture": "#0"},
				"west": {"uv": [4.5, 7.5, 3, 6], "rotation": 270, "texture": "#0"},
				"up": {"uv": [6, 0, 7.5, 1.5], "rotation": 270, "texture": "#0"},
				"down": {"uv": [6, 1.5, 7.5, 3], "rotation": 270, "texture": "#0"}
			}
		}
	],
	"gui_light": "front",
	"display": {
		"thirdperson_righthand": {
			"translation": [0, 5, 0]
		},
		"ground": {
			"translation": [0, 4.25, 0]
		},
		"gui": {
			"rotation": [15.75, -13.75, 0],
			"translation": [0, -0.5, 0],
			"scale": [0.8, 0.8, 0.8]
		},
		"head": {
			"rotation": [0, -45, 0],
			"translation": [1, 19.25, 0],
			"scale": [1.6, 1.6, 1.6]
		},
		"fixed": {
			"rotation": [-90, 45, 0],
			"translation": [2.25, -2.25, -31.25],
			"scale": [4, 4, 4]
		}
	}
}