{
	"credit": "Made with Blockbench",
	"texture_size": [64, 64],
	"textures": {
		"0": "item/custom/models/mayor_hat",
		"particle": "item/custom/models/mayor_hat"
	},
	"elements": [
		{
			"from": [0, 0, 0],
			"to": [16, 2, 16],
			"faces": {
				"north": {"uv": [0, 8, 4, 8.5], "texture": "#0"},
				"east": {"uv": [0, 8.5, 4, 9], "texture": "#0"},
				"south": {"uv": [0, 9, 4, 9.5], "texture": "#0"},
				"west": {"uv": [0, 9.5, 4, 10], "texture": "#0"},
				"up": {"uv": [4, 4, 0, 0], "texture": "#0"},
				"down": {"uv": [4, 4, 0, 8], "texture": "#0"}
			}
		},
		{
			"from": [2, 2, 2],
			"to": [14, 16, 14],
			"faces": {
				"north": {"uv": [4, 0, 7, 3.5], "texture": "#0"},
				"east": {"uv": [4, 3.5, 7, 7], "texture": "#0"},
				"south": {"uv": [7, 0, 10, 3.5], "texture": "#0"},
				"west": {"uv": [7, 3.5, 10, 7], "texture": "#0"},
				"up": {"uv": [7, 10, 4, 7], "texture": "#0"},
				"down": {"uv": [10, 7, 7, 10], "texture": "#0"}
			}
		}
	],
	"gui_light": "front",
	"display": {
		"thirdperson_righthand": {
			"translation": [0, 7.25, 0]
		},
		"thirdperson_lefthand": {
			"translation": [0, 7.25, 0]
		},
		"ground": {
			"translation": [0, 9, 0]
		},
		"gui": {
			"rotation": [17, 47, 0],
			"scale": [0.7, 0.7, 0.7]
		},
		"head": {
			"translation": [0, 12.5, 0]
		}
	}
}