{
	"credit": "Made with Blockbench",
	"textures": {
		"0": "item/custom/models/moon/moon_0",
		"1": "item/custom/models/moon/moon_1",
		"2": "item/custom/models/moon/moon_2",
		"3": "item/custom/models/moon/moon_3",
		"4": "item/custom/models/moon/moon_4",
		"5": "item/custom/models/moon/moon_5",
		"6": "item/custom/models/moon/moon_6",
		"7": "item/custom/models/moon/moon_7",
		"8": "item/custom/models/moon/moon_8",
		"9": "item/custom/models/moon/moon_9",
		"10": "item/custom/models/moon/moon_10",
		"11": "item/custom/models/moon/moon_11",
		"12": "item/custom/models/moon/moon_12",
		"13": "item/custom/models/moon/moon_13",
		"14": "item/custom/models/moon/moon_14",
		"15": "item/custom/models/moon/moon_15",
		"16": "item/custom/models/moon/moon_16",
		"17": "item/custom/models/moon/moon_17",
		"18": "item/custom/models/moon/moon_18",
		"19": "item/custom/models/moon/moon_19",
		"20": "item/custom/models/moon/moon_20",
		"21": "item/custom/models/moon/moon_21",
		"22": "item/custom/models/moon/moon_22",
		"23": "item/custom/models/moon/moon_23",
		"24": "item/custom/models/moon/moon_24",
		"25": "item/custom/models/moon/moon_25",
		"26": "item/custom/models/moon/moon_26",
		"27": "item/custom/models/moon/moon_27",
		"28": "item/custom/models/moon/moon_28",
		"29": "item/custom/models/moon/moon_29",
		"30": "item/custom/models/moon/moon_30",
		"31": "item/custom/models/moon/moon_31",
		"particle": "item/custom/models/moon/moon_0"
	},
	"elements": [
		{
			"from": [-4, 12, 16],
			"to": [0, 16, 20],
			"rotation": {"angle": 0, "axis": "y", "origin": [8, 9, 8]},
			"faces": {
				"north": {"uv": [0, 4, 4, 8], "texture": "#0"},
				"east": {"uv": [4, 0, 8, 4], "texture": "#0"},
				"south": {"uv": [4, 4, 8, 8], "texture": "#0"},
				"west": {"uv": [0, 0, 4, 4], "texture": "#0"},
				"up": {"uv": [4, 12, 0, 8], "rotation": 270, "texture": "#0"},
				"down": {"uv": [12, 0, 8, 4], "rotation": 90, "texture": "#0"}
			}
		},
		{
			"from": [-6, 11.75, 14],
			"to": [-2, 15.75, 18],
			"rotation": {"angle": 0, "axis": "y", "origin": [8, 9, 8]},
			"faces": {
				"north": {"uv": [0, 4, 4, 8], "texture": "#1"},
				"east": {"uv": [4, 0, 8, 4], "texture": "#1"},
				"south": {"uv": [4, 4, 8, 8], "texture": "#1"},
				"west": {"uv": [0, 0, 4, 4], "texture": "#1"},
				"up": {"uv": [4, 12, 0, 8], "rotation": 270, "texture": "#1"},
				"down": {"uv": [12, 0, 8, 4], "rotation": 90, "texture": "#1"}
			}
		},
		{
			"from": [-7, 11.5, 12],
			"to": [-3, 15.5, 16],
			"rotation": {"angle": 0, "axis": "y", "origin": [8, 9, 8]},
			"faces": {
				"north": {"uv": [0, 4, 4, 8], "texture": "#2"},
				"east": {"uv": [4, 0, 8, 4], "texture": "#2"},
				"south": {"uv": [4, 4, 8, 8], "texture": "#2"},
				"west": {"uv": [0, 0, 4, 4], "texture": "#2"},
				"up": {"uv": [4, 12, 0, 8], "rotation": 270, "texture": "#2"},
				"down": {"uv": [12, 0, 8, 4], "rotation": 90, "texture": "#2"}
			}
		},
		{
			"from": [-8, 11, 9],
			"to": [-4, 15, 13],
			"rotation": {"angle": 0, "axis": "y", "origin": [8, 9, 8]},
			"faces": {
				"north": {"uv": [0, 4, 4, 8], "texture": "#3"},
				"east": {"uv": [4, 0, 8, 4], "texture": "#3"},
				"south": {"uv": [4, 4, 8, 8], "texture": "#3"},
				"west": {"uv": [0, 0, 4, 4], "texture": "#3"},
				"up": {"uv": [4, 12, 0, 8], "rotation": 270, "texture": "#3"},
				"down": {"uv": [12, 0, 8, 4], "rotation": 90, "texture": "#3"}
			}
		},
		{
			"from": [-8, 9, 3],
			"to": [-4, 13, 7],
			"rotation": {"angle": 0, "axis": "y", "origin": [8, 9, 8]},
			"faces": {
				"north": {"uv": [0, 4, 4, 8], "texture": "#5"},
				"east": {"uv": [4, 0, 8, 4], "texture": "#5"},
				"south": {"uv": [4, 4, 8, 8], "texture": "#5"},
				"west": {"uv": [0, 0, 4, 4], "texture": "#5"},
				"up": {"uv": [4, 12, 0, 8], "rotation": 270, "texture": "#5"},
				"down": {"uv": [12, 0, 8, 4], "rotation": 90, "texture": "#5"}
			}
		},
		{
			"from": [-7, 8, 0],
			"to": [-3, 12, 4],
			"rotation": {"angle": 0, "axis": "y", "origin": [8, 9, 8]},
			"faces": {
				"north": {"uv": [0, 4, 4, 8], "texture": "#6"},
				"east": {"uv": [4, 0, 8, 4], "texture": "#6"},
				"south": {"uv": [4, 4, 8, 8], "texture": "#6"},
				"west": {"uv": [0, 0, 4, 4], "texture": "#6"},
				"up": {"uv": [4, 12, 0, 8], "rotation": 270, "texture": "#6"},
				"down": {"uv": [12, 0, 8, 4], "rotation": 90, "texture": "#6"}
			}
		},
		{
			"from": [-6, 7, -2],
			"to": [-2, 11, 2],
			"rotation": {"angle": 0, "axis": "y", "origin": [8, 9, 8]},
			"faces": {
				"north": {"uv": [0, 4, 4, 8], "texture": "#7"},
				"east": {"uv": [4, 0, 8, 4], "texture": "#7"},
				"south": {"uv": [4, 4, 8, 8], "texture": "#7"},
				"west": {"uv": [0, 0, 4, 4], "texture": "#7"},
				"up": {"uv": [4, 12, 0, 8], "rotation": 270, "texture": "#7"},
				"down": {"uv": [12, 0, 8, 4], "rotation": 90, "texture": "#7"}
			}
		},
		{
			"from": [-2, 5, -6],
			"to": [2, 9, -2],
			"rotation": {"angle": 0, "axis": "y", "origin": [8, 9, 8]},
			"faces": {
				"north": {"uv": [0, 4, 4, 8], "texture": "#9"},
				"east": {"uv": [4, 0, 8, 4], "texture": "#9"},
				"south": {"uv": [4, 4, 8, 8], "texture": "#9"},
				"west": {"uv": [0, 0, 4, 4], "texture": "#9"},
				"up": {"uv": [4, 12, 0, 8], "rotation": 270, "texture": "#9"},
				"down": {"uv": [12, 0, 8, 4], "rotation": 90, "texture": "#9"}
			}
		},
		{
			"from": [0, 4, -7],
			"to": [4, 8, -3],
			"rotation": {"angle": 0, "axis": "y", "origin": [8, 9, 8]},
			"faces": {
				"north": {"uv": [0, 4, 4, 8], "texture": "#10"},
				"east": {"uv": [4, 0, 8, 4], "texture": "#10"},
				"south": {"uv": [4, 4, 8, 8], "texture": "#10"},
				"west": {"uv": [0, 0, 4, 4], "texture": "#10"},
				"up": {"uv": [4, 12, 0, 8], "rotation": 270, "texture": "#10"},
				"down": {"uv": [12, 0, 8, 4], "rotation": 90, "texture": "#10"}
			}
		},
		{
			"from": [3, 3, -8],
			"to": [7, 7, -4],
			"rotation": {"angle": 0, "axis": "y", "origin": [8, 9, 8]},
			"faces": {
				"north": {"uv": [0, 4, 4, 8], "texture": "#11"},
				"east": {"uv": [4, 0, 8, 4], "texture": "#11"},
				"south": {"uv": [4, 4, 8, 8], "texture": "#11"},
				"west": {"uv": [0, 0, 4, 4], "texture": "#11"},
				"up": {"uv": [4, 12, 0, 8], "rotation": 270, "texture": "#11"},
				"down": {"uv": [12, 0, 8, 4], "rotation": 90, "texture": "#11"}
			}
		},
		{
			"from": [6, 2, -8],
			"to": [10, 6, -4],
			"rotation": {"angle": 0, "axis": "y", "origin": [8, 9, 8]},
			"faces": {
				"north": {"uv": [0, 4, 4, 8], "texture": "#12"},
				"east": {"uv": [4, 0, 8, 4], "texture": "#12"},
				"south": {"uv": [4, 4, 8, 8], "texture": "#12"},
				"west": {"uv": [0, 0, 4, 4], "texture": "#12"},
				"up": {"uv": [4, 12, 0, 8], "rotation": 270, "texture": "#12"},
				"down": {"uv": [12, 0, 8, 4], "rotation": 90, "texture": "#12"}
			}
		},
		{
			"from": [9, 1, -8],
			"to": [13, 5, -4],
			"rotation": {"angle": 0, "axis": "y", "origin": [8, 9, 8]},
			"faces": {
				"north": {"uv": [0, 4, 4, 8], "texture": "#13"},
				"east": {"uv": [4, 0, 8, 4], "texture": "#13"},
				"south": {"uv": [4, 4, 8, 8], "texture": "#13"},
				"west": {"uv": [0, 0, 4, 4], "texture": "#13"},
				"up": {"uv": [4, 12, 0, 8], "rotation": 270, "texture": "#13"},
				"down": {"uv": [12, 0, 8, 4], "rotation": 90, "texture": "#13"}
			}
		},
		{
			"from": [12, 0.5, -7],
			"to": [16, 4.5, -3],
			"rotation": {"angle": 0, "axis": "y", "origin": [8, 9, 8]},
			"faces": {
				"north": {"uv": [0, 4, 4, 8], "texture": "#14"},
				"east": {"uv": [4, 0, 8, 4], "texture": "#14"},
				"south": {"uv": [4, 4, 8, 8], "texture": "#14"},
				"west": {"uv": [0, 0, 4, 4], "texture": "#14"},
				"up": {"uv": [4, 12, 0, 8], "rotation": 270, "texture": "#14"},
				"down": {"uv": [12, 0, 8, 4], "rotation": 90, "texture": "#14"}
			}
		},
		{
			"from": [14, 0.25, -6],
			"to": [18, 4.25, -2],
			"rotation": {"angle": 0, "axis": "y", "origin": [8, 9, 8]},
			"faces": {
				"north": {"uv": [0, 4, 4, 8], "texture": "#15"},
				"east": {"uv": [4, 0, 8, 4], "texture": "#15"},
				"south": {"uv": [4, 4, 8, 8], "texture": "#15"},
				"west": {"uv": [0, 0, 4, 4], "texture": "#15"},
				"up": {"uv": [4, 12, 0, 8], "rotation": 270, "texture": "#15"},
				"down": {"uv": [12, 0, 8, 4], "rotation": 90, "texture": "#15"}
			}
		},
		{
			"from": [16, 0, -4],
			"to": [20, 4, 0],
			"rotation": {"angle": 0, "axis": "y", "origin": [8, 9, 8]},
			"faces": {
				"north": {"uv": [0, 4, 4, 8], "texture": "#16"},
				"east": {"uv": [4, 0, 8, 4], "texture": "#16"},
				"south": {"uv": [4, 4, 8, 8], "texture": "#16"},
				"west": {"uv": [0, 0, 4, 4], "texture": "#16"},
				"up": {"uv": [4, 12, 0, 8], "rotation": 270, "texture": "#16"},
				"down": {"uv": [12, 0, 8, 4], "rotation": 90, "texture": "#16"}
			}
		},
		{
			"from": [18, 0.25, -2],
			"to": [22, 4.25, 2],
			"rotation": {"angle": 0, "axis": "y", "origin": [8, 9, 8]},
			"faces": {
				"north": {"uv": [0, 4, 4, 8], "texture": "#17"},
				"east": {"uv": [4, 0, 8, 4], "texture": "#17"},
				"south": {"uv": [4, 4, 8, 8], "texture": "#17"},
				"west": {"uv": [0, 0, 4, 4], "texture": "#17"},
				"up": {"uv": [4, 12, 0, 8], "rotation": 270, "texture": "#17"},
				"down": {"uv": [12, 0, 8, 4], "rotation": 90, "texture": "#17"}
			}
		},
		{
			"from": [19, 0.5, 0],
			"to": [23, 4.5, 4],
			"rotation": {"angle": 0, "axis": "y", "origin": [8, 9, 8]},
			"faces": {
				"north": {"uv": [0, 4, 4, 8], "texture": "#18"},
				"east": {"uv": [4, 0, 8, 4], "texture": "#18"},
				"south": {"uv": [4, 4, 8, 8], "texture": "#18"},
				"west": {"uv": [0, 0, 4, 4], "texture": "#18"},
				"up": {"uv": [4, 12, 0, 8], "rotation": 270, "texture": "#18"},
				"down": {"uv": [12, 0, 8, 4], "rotation": 90, "texture": "#18"}
			}
		},
		{
			"from": [20, 1, 3],
			"to": [24, 5, 7],
			"rotation": {"angle": 0, "axis": "y", "origin": [8, 9, 8]},
			"faces": {
				"north": {"uv": [0, 4, 4, 8], "texture": "#19"},
				"east": {"uv": [4, 0, 8, 4], "texture": "#19"},
				"south": {"uv": [4, 4, 8, 8], "texture": "#19"},
				"west": {"uv": [0, 0, 4, 4], "texture": "#19"},
				"up": {"uv": [4, 12, 0, 8], "rotation": 270, "texture": "#19"},
				"down": {"uv": [12, 0, 8, 4], "rotation": 90, "texture": "#19"}
			}
		},
		{
			"from": [20, 2, 6],
			"to": [24, 6, 10],
			"rotation": {"angle": 0, "axis": "y", "origin": [8, 9, 8]},
			"faces": {
				"north": {"uv": [0, 4, 4, 8], "texture": "#20"},
				"east": {"uv": [4, 0, 8, 4], "texture": "#20"},
				"south": {"uv": [4, 4, 8, 8], "texture": "#20"},
				"west": {"uv": [0, 0, 4, 4], "texture": "#20"},
				"up": {"uv": [4, 12, 0, 8], "rotation": 270, "texture": "#20"},
				"down": {"uv": [12, 0, 8, 4], "rotation": 90, "texture": "#20"}
			}
		},
		{
			"from": [20, 3, 9],
			"to": [24, 7, 13],
			"rotation": {"angle": 0, "axis": "y", "origin": [8, 9, 8]},
			"faces": {
				"north": {"uv": [0, 4, 4, 8], "texture": "#21"},
				"east": {"uv": [4, 0, 8, 4], "texture": "#21"},
				"south": {"uv": [4, 4, 8, 8], "texture": "#21"},
				"west": {"uv": [0, 0, 4, 4], "texture": "#21"},
				"up": {"uv": [4, 12, 0, 8], "rotation": 270, "texture": "#21"},
				"down": {"uv": [12, 0, 8, 4], "rotation": 90, "texture": "#21"}
			}
		},
		{
			"from": [19, 4, 12],
			"to": [23, 8, 16],
			"rotation": {"angle": 0, "axis": "y", "origin": [8, 9, 8]},
			"faces": {
				"north": {"uv": [0, 4, 4, 8], "texture": "#22"},
				"east": {"uv": [4, 0, 8, 4], "texture": "#22"},
				"south": {"uv": [4, 4, 8, 8], "texture": "#22"},
				"west": {"uv": [0, 0, 4, 4], "texture": "#22"},
				"up": {"uv": [4, 12, 0, 8], "rotation": 270, "texture": "#22"},
				"down": {"uv": [12, 0, 8, 4], "rotation": 90, "texture": "#22"}
			}
		},
		{
			"from": [18, 5, 14],
			"to": [22, 9, 18],
			"rotation": {"angle": 0, "axis": "y", "origin": [8, 9, 8]},
			"faces": {
				"north": {"uv": [0, 4, 4, 8], "texture": "#23"},
				"east": {"uv": [4, 0, 8, 4], "texture": "#23"},
				"south": {"uv": [4, 4, 8, 8], "texture": "#23"},
				"west": {"uv": [0, 0, 4, 4], "texture": "#23"},
				"up": {"uv": [4, 12, 0, 8], "rotation": 270, "texture": "#23"},
				"down": {"uv": [12, 0, 8, 4], "rotation": 90, "texture": "#23"}
			}
		},
		{
			"from": [16, 6, 16],
			"to": [20, 10, 20],
			"rotation": {"angle": 0, "axis": "y", "origin": [8, 9, 8]},
			"faces": {
				"north": {"uv": [0, 4, 4, 8], "texture": "#24"},
				"east": {"uv": [4, 0, 8, 4], "texture": "#24"},
				"south": {"uv": [4, 4, 8, 8], "texture": "#24"},
				"west": {"uv": [0, 0, 4, 4], "texture": "#24"},
				"up": {"uv": [4, 12, 0, 8], "rotation": 270, "texture": "#24"},
				"down": {"uv": [12, 0, 8, 4], "rotation": 90, "texture": "#24"}
			}
		},
		{
			"from": [14, 7, 18],
			"to": [18, 11, 22],
			"rotation": {"angle": 0, "axis": "y", "origin": [8, 9, 8]},
			"faces": {
				"north": {"uv": [0, 4, 4, 8], "texture": "#25"},
				"east": {"uv": [4, 0, 8, 4], "texture": "#25"},
				"south": {"uv": [4, 4, 8, 8], "texture": "#25"},
				"west": {"uv": [0, 0, 4, 4], "texture": "#25"},
				"up": {"uv": [4, 12, 0, 8], "rotation": 270, "texture": "#25"},
				"down": {"uv": [12, 0, 8, 4], "rotation": 90, "texture": "#25"}
			}
		},
		{
			"from": [12, 8, 19],
			"to": [16, 12, 23],
			"rotation": {"angle": 0, "axis": "y", "origin": [8, 9, 8]},
			"faces": {
				"north": {"uv": [0, 4, 4, 8], "texture": "#26"},
				"east": {"uv": [4, 0, 8, 4], "texture": "#26"},
				"south": {"uv": [4, 4, 8, 8], "texture": "#26"},
				"west": {"uv": [0, 0, 4, 4], "texture": "#26"},
				"up": {"uv": [4, 12, 0, 8], "rotation": 270, "texture": "#26"},
				"down": {"uv": [12, 0, 8, 4], "rotation": 90, "texture": "#26"}
			}
		},
		{
			"from": [9, 9, 20],
			"to": [13, 13, 24],
			"rotation": {"angle": 0, "axis": "y", "origin": [8, 9, 8]},
			"faces": {
				"north": {"uv": [0, 4, 4, 8], "texture": "#27"},
				"east": {"uv": [4, 0, 8, 4], "texture": "#27"},
				"south": {"uv": [4, 4, 8, 8], "texture": "#27"},
				"west": {"uv": [0, 0, 4, 4], "texture": "#27"},
				"up": {"uv": [4, 12, 0, 8], "rotation": 270, "texture": "#27"},
				"down": {"uv": [12, 0, 8, 4], "rotation": 90, "texture": "#27"}
			}
		},
		{
			"from": [6, 10, 20],
			"to": [10, 14, 24],
			"rotation": {"angle": 0, "axis": "y", "origin": [8, 9, 8]},
			"faces": {
				"north": {"uv": [0, 4, 4, 8], "texture": "#28"},
				"east": {"uv": [4, 0, 8, 4], "texture": "#28"},
				"south": {"uv": [4, 4, 8, 8], "texture": "#28"},
				"west": {"uv": [0, 0, 4, 4], "texture": "#28"},
				"up": {"uv": [4, 12, 0, 8], "rotation": 270, "texture": "#28"},
				"down": {"uv": [12, 0, 8, 4], "rotation": 90, "texture": "#28"}
			}
		},
		{
			"from": [3, 11, 20],
			"to": [7, 15, 24],
			"rotation": {"angle": 0, "axis": "y", "origin": [8, 9, 8]},
			"faces": {
				"north": {"uv": [0, 4, 4, 8], "texture": "#29"},
				"east": {"uv": [4, 0, 8, 4], "texture": "#29"},
				"south": {"uv": [4, 4, 8, 8], "texture": "#29"},
				"west": {"uv": [0, 0, 4, 4], "texture": "#29"},
				"up": {"uv": [4, 12, 0, 8], "rotation": 270, "texture": "#29"},
				"down": {"uv": [12, 0, 8, 4], "rotation": 90, "texture": "#29"}
			}
		},
		{
			"from": [0, 11.5, 19],
			"to": [4, 15.5, 23],
			"rotation": {"angle": 0, "axis": "y", "origin": [8, 9, 8]},
			"faces": {
				"north": {"uv": [0, 4, 4, 8], "texture": "#30"},
				"east": {"uv": [4, 0, 8, 4], "texture": "#30"},
				"south": {"uv": [4, 4, 8, 8], "texture": "#30"},
				"west": {"uv": [0, 0, 4, 4], "texture": "#30"},
				"up": {"uv": [4, 12, 0, 8], "rotation": 270, "texture": "#30"},
				"down": {"uv": [12, 0, 8, 4], "rotation": 90, "texture": "#30"}
			}
		},
		{
			"from": [-2, 11.75, 18],
			"to": [2, 15.75, 22],
			"rotation": {"angle": 0, "axis": "y", "origin": [8, 9, 8]},
			"faces": {
				"north": {"uv": [0, 4, 4, 8], "texture": "#31"},
				"east": {"uv": [4, 0, 8, 4], "texture": "#31"},
				"south": {"uv": [4, 4, 8, 8], "texture": "#31"},
				"west": {"uv": [0, 0, 4, 4], "texture": "#31"},
				"up": {"uv": [4, 12, 0, 8], "rotation": 270, "texture": "#31"},
				"down": {"uv": [12, 0, 8, 4], "rotation": 90, "texture": "#31"}
			}
		},
		{
			"from": [-8, 10, 6],
			"to": [-4, 14, 10],
			"rotation": {"angle": 0, "axis": "y", "origin": [8, 9, 8]},
			"faces": {
				"north": {"uv": [0, 4, 4, 8], "texture": "#4"},
				"east": {"uv": [4, 0, 8, 4], "texture": "#4"},
				"south": {"uv": [4, 4, 8, 8], "texture": "#4"},
				"west": {"uv": [0, 0, 4, 4], "texture": "#4"},
				"up": {"uv": [4, 12, 0, 8], "rotation": 270, "texture": "#4"},
				"down": {"uv": [12, 0, 8, 4], "rotation": 90, "texture": "#4"}
			}
		},
		{
			"from": [-4, 6, -4],
			"to": [0, 10, 0],
			"rotation": {"angle": 0, "axis": "y", "origin": [8, 9, 8]},
			"faces": {
				"north": {"uv": [0, 4, 4, 8], "texture": "#8"},
				"east": {"uv": [4, 0, 8, 4], "texture": "#8"},
				"south": {"uv": [4, 4, 8, 8], "texture": "#8"},
				"west": {"uv": [0, 0, 4, 4], "texture": "#8"},
				"up": {"uv": [4, 12, 0, 8], "rotation": 270, "texture": "#8"},
				"down": {"uv": [12, 0, 8, 4], "rotation": 90, "texture": "#8"}
			}
		}
	],
	"display": {
		"thirdperson_righthand": {
			"scale": [0.3, 0.3, 0.3]
		},
		"thirdperson_lefthand": {
			"scale": [0.3, 0.3, 0.3]
		},
		"firstperson_righthand": {
			"translation": [0, 2, 0],
			"scale": [0.45, 0.45, 0.45]
		},
		"firstperson_lefthand": {
			"translation": [0, 2, 0],
			"scale": [0.45, 0.45, 0.45]
		},
		"ground": {
			"scale": [0.5, 0.5, 0.5]
		},
		"gui": {
			"scale": [0.47, 0.47, 0.47]
		},
		"head": {
			"scale": [0.9, 0.9, 0.9]
		},
		"fixed": {
			"rotation": [-90, 0, 0]
		}
	}
}