{
	"credit": "Made with Blockbench",
	"textures": {
		"1": "item/custom/models/mushroom_hat"
	},
	"elements": [
		{
			"from": [5.93934, 0, 5.02513],
			"to": [13.93934, 7, 5.02513],
			"rotation": {"angle": -45, "axis": "y", "origin": [10, 3.75, 5.08579]},
			"faces": {
				"north": {"uv": [4, 9, 12, 16], "texture": "#1"},
				"east": {"uv": [0, 0, 0, 15], "texture": "#missing"},
				"south": {"uv": [4, 9, 12, 16], "texture": "#1"},
				"west": {"uv": [0, 0, 0, 15], "texture": "#missing"},
				"up": {"uv": [0, 0, 12, 0], "texture": "#missing"},
				"down": {"uv": [0, 0, 12, 0], "texture": "#missing"}
			}
		},
		{
			"from": [5.93934, 0, 4.97487],
			"to": [13.93934, 7, 4.97487],
			"rotation": {"angle": 45, "axis": "y", "origin": [10, 3.75, 4.91421]},
			"faces": {
				"north": {"uv": [4, 9, 12, 16], "texture": "#1"},
				"east": {"uv": [0, 0, 0, 15], "texture": "#missing"},
				"south": {"uv": [4, 9, 12, 16], "texture": "#1"},
				"west": {"uv": [0, 0, 0, 15], "texture": "#missing"},
				"up": {"uv": [0, 0, 12, 0], "texture": "#missing"},
				"down": {"uv": [0, 0, 12, 0], "texture": "#missing"}
			}
		},
		{
			"from": [3.5, 1, 10],
			"to": [8.5, 4, 10],
			"rotation": {"angle": -45, "axis": "y", "origin": [6, 2.5, 10]},
			"faces": {
				"north": {"uv": [4, 2, 9, 5], "texture": "#1"},
				"east": {"uv": [0, 0, 0, 15], "texture": "#missing"},
				"south": {"uv": [4, 2, 9, 5], "texture": "#1"},
				"west": {"uv": [0, 0, 0, 15], "texture": "#missing"},
				"up": {"uv": [0, 0, 12, 0], "texture": "#missing"},
				"down": {"uv": [0, 0, 12, 0], "texture": "#missing"}
			}
		},
		{
			"from": [3.5, 1, 10],
			"to": [8.5, 4, 10],
			"rotation": {"angle": 45, "axis": "y", "origin": [6, 2.5, 10]},
			"faces": {
				"north": {"uv": [4, 2, 9, 5], "texture": "#1"},
				"east": {"uv": [0, 0, 0, 15], "texture": "#missing"},
				"south": {"uv": [4, 2, 9, 5], "texture": "#1"},
				"west": {"uv": [0, 0, 0, 15], "texture": "#missing"},
				"up": {"uv": [0, 0, 12, 0], "texture": "#missing"},
				"down": {"uv": [0, 0, 12, 0], "texture": "#missing"}
			}
		}
	],
	"gui_light": "front",
	"display": {
		"thirdperson_righthand": {
			"rotation": [75, 45, 0],
			"translation": [0, 2.5, 2.5],
			"scale": [0.375, 0.375, 0.375]
		},
		"thirdperson_lefthand": {
			"rotation": [75, 45, 0],
			"translation": [0, 2.5, 2.5],
			"scale": [0.375, 0.375, 0.375]
		},
		"firstperson_righthand": {
			"rotation": [0, 45, 0],
			"translation": [0, 4, 0],
			"scale": [0.4, 0.4, 0.4]
		},
		"firstperson_lefthand": {
			"rotation": [0, 45, 0],
			"translation": [0, 4, 0],
			"scale": [0.4, 0.4, 0.4]
		},
		"ground": {
			"translation": [0, 3, 0],
			"scale": [0.5, 0.5, 0.5]
		},
		"gui": {
			"rotation": [0, 135, 0],
			"translation": [0.5, 0, 0]
		},
		"head": {
			"translation": [-2.5, 13.4, 0]
		},
		"fixed": {
			"rotation": [-90, 0, 0],
			"translation": [0, 1.5, -16.75],
			"scale": [2.5, 2.5, 2.5]
		}
	},
	"groups": [
		{
			"name": "Mushroom1",
			"origin": [8, 8, 8],
			"color": 0,
			"children": [0, 1]
		},
		{
			"name": "Mushroom2",
			"origin": [8, 8, 8],
			"color": 0,
			"children": [2, 3]
		}
	]
}