{
	"credit": "Made with Blockbench",
	"texture_size": [64, 64],
	"textures": {
		"1": "item/custom/models/peter_plush",
		"particle": "item/custom/models/peter_plush"
	},
	"elements": [
		{
			"from": [3, 4, 6.93297],
			"to": [13, 8, 11.93297],
			"rotation": {"angle": 0, "axis": "y", "origin": [8, 5.91759, 8]},
			"faces": {
				"north": {"uv": [5.5, 3, 8, 4], "texture": "#1"},
				"east": {"uv": [6, 5, 7.25, 6], "texture": "#1"},
				"south": {"uv": [5.5, 2, 8, 3], "texture": "#1"},
				"west": {"uv": [6, 6, 7.25, 7], "texture": "#1"},
				"up": {"uv": [4.75, 7, 3.5, 4.5], "rotation": 90, "texture": "#1"},
				"down": {"uv": [6, 4.5, 4.75, 7], "rotation": 270, "texture": "#1"}
			}
		},
		{
			"from": [8.45197, 0, 1.25721],
			"to": [11.45197, 2, 6.25721],
			"rotation": {"angle": -22.5, "axis": "y", "origin": [8, 5.91759, 8]},
			"faces": {
				"north": {"uv": [3.25, 7.75, 4, 8.25], "texture": "#1"},
				"east": {"uv": [5.25, 7, 6.5, 7.5], "texture": "#1"},
				"south": {"uv": [2.75, 6.5, 3.5, 7], "texture": "#1"},
				"west": {"uv": [6.5, 7, 7.75, 7.5], "texture": "#1"},
				"up": {"uv": [2.75, 7.25, 1.5, 6.5], "rotation": 90, "texture": "#1"},
				"down": {"uv": [1.25, 7, 0, 7.75], "rotation": 270, "texture": "#1"}
			}
		},
		{
			"from": [4.54803, 0, 1.25721],
			"to": [7.54803, 2, 6.25721],
			"rotation": {"angle": 22.5, "axis": "y", "origin": [8, 5.91759, 8]},
			"faces": {
				"north": {"uv": [7.75, 5.5, 8.5, 6], "texture": "#1"},
				"east": {"uv": [1.25, 7.25, 2.5, 7.75], "texture": "#1"},
				"south": {"uv": [4, 7.75, 4.75, 8.25], "texture": "#1"},
				"west": {"uv": [7.25, 5, 8.5, 5.5], "texture": "#1"},
				"up": {"uv": [4, 7.75, 2.75, 7], "rotation": 90, "texture": "#1"},
				"down": {"uv": [5.25, 7, 4, 7.75], "rotation": 270, "texture": "#1"}
			}
		},
		{
			"from": [12.12647, 0.38898, 7.93297],
			"to": [14.12647, 5.38898, 9.93297],
			"rotation": {"angle": 22.5, "axis": "z", "origin": [8, 5.91759, 8]},
			"faces": {
				"north": {"uv": [6.25, 7.5, 6.75, 8.75], "texture": "#1"},
				"east": {"uv": [7.25, 5.5, 7.75, 6.75], "texture": "#1"},
				"south": {"uv": [5.25, 7.5, 5.75, 8.75], "texture": "#1"},
				"west": {"uv": [5.75, 7.5, 6.25, 8.75], "texture": "#1"},
				"up": {"uv": [4, 4.5, 3.5, 4], "rotation": 90, "texture": "#1"},
				"down": {"uv": [6, 4, 5.5, 4.5], "rotation": 270, "texture": "#1"}
			}
		},
		{
			"from": [3, 0, 5.93297],
			"to": [13, 4, 11.93297],
			"rotation": {"angle": 0, "axis": "y", "origin": [8, 5.91759, 8]},
			"faces": {
				"north": {"uv": [6, 1, 8.5, 2], "texture": "#1"},
				"east": {"uv": [0, 6, 1.5, 7], "texture": "#1"},
				"south": {"uv": [6, 0, 8.5, 1], "texture": "#1"},
				"west": {"uv": [6, 4, 7.5, 5], "texture": "#1"},
				"up": {"uv": [3.5, 6.5, 2, 4], "rotation": 90, "texture": "#1"},
				"down": {"uv": [5.5, 2, 4, 4.5], "rotation": 270, "texture": "#1"}
			}
		},
		{
			"from": [10, 0, 11.93297],
			"to": [13, 3, 12.93297],
			"rotation": {"angle": 0, "axis": "y", "origin": [8, 5.91759, 8]},
			"faces": {
				"north": {"uv": [1, 7.75, 1.75, 8.5], "texture": "#1"},
				"east": {"uv": [8, 3, 8.25, 3.75], "texture": "#1"},
				"south": {"uv": [7.5, 4, 8.25, 4.75], "texture": "#1"},
				"west": {"uv": [7.75, 8, 8, 8.75], "texture": "#1"},
				"up": {"uv": [8.25, 8.75, 8, 8], "rotation": 90, "texture": "#1"},
				"down": {"uv": [8.5, 3, 8.25, 3.75], "rotation": 270, "texture": "#1"}
			}
		},
		{
			"from": [3, 0, 11.93297],
			"to": [6, 3, 12.93297],
			"rotation": {"angle": 0, "axis": "y", "origin": [8, 5.91759, 8]},
			"faces": {
				"north": {"uv": [2.5, 7.75, 3.25, 8.5], "texture": "#1"},
				"east": {"uv": [3.25, 8.25, 3.5, 9], "texture": "#1"},
				"south": {"uv": [1.75, 7.75, 2.5, 8.5], "texture": "#1"},
				"west": {"uv": [3.5, 8.25, 3.75, 9], "texture": "#1"},
				"up": {"uv": [4, 9, 3.75, 8.25], "rotation": 90, "texture": "#1"},
				"down": {"uv": [8.5, 3.75, 8.25, 4.5], "rotation": 270, "texture": "#1"}
			}
		},
		{
			"from": [6, 0, 11.93297],
			"to": [7, 2, 12.93297],
			"rotation": {"angle": 0, "axis": "y", "origin": [8, 5.91759, 8]},
			"faces": {
				"north": {"uv": [4.5, 8.25, 4.75, 8.75], "texture": "#1"},
				"east": {"uv": [2.5, 7.25, 2.75, 7.75], "texture": "#1"},
				"south": {"uv": [4, 8.25, 4.25, 8.75], "texture": "#1"},
				"west": {"uv": [4.25, 8.25, 4.5, 8.75], "texture": "#1"},
				"up": {"uv": [1.5, 7.25, 1.25, 7], "rotation": 90, "texture": "#1"},
				"down": {"uv": [7.5, 6.75, 7.25, 7], "rotation": 270, "texture": "#1"}
			}
		},
		{
			"from": [9, 0, 11.93297],
			"to": [10, 2, 12.93297],
			"rotation": {"angle": 0, "axis": "y", "origin": [8, 5.91759, 8]},
			"faces": {
				"north": {"uv": [8.25, 6, 8.5, 6.5], "texture": "#1"},
				"east": {"uv": [8.25, 4.5, 8.5, 5], "texture": "#1"},
				"south": {"uv": [4.75, 8.25, 5, 8.75], "texture": "#1"},
				"west": {"uv": [5, 8.25, 5.25, 8.75], "texture": "#1"},
				"up": {"uv": [7.75, 5, 7.5, 4.75], "rotation": 90, "texture": "#1"},
				"down": {"uv": [7.75, 6.75, 7.5, 7], "rotation": 270, "texture": "#1"}
			}
		},
		{
			"from": [1.87353, 0.38898, 7.93297],
			"to": [3.87353, 5.38898, 9.93297],
			"rotation": {"angle": -22.5, "axis": "z", "origin": [8, 5.91759, 8]},
			"faces": {
				"north": {"uv": [0.5, 7.75, 1, 9], "texture": "#1"},
				"east": {"uv": [6.75, 7.5, 7.25, 8.75], "texture": "#1"},
				"south": {"uv": [7.25, 7.5, 7.75, 8.75], "texture": "#1"},
				"west": {"uv": [0, 7.75, 0.5, 9], "texture": "#1"},
				"up": {"uv": [2, 6.5, 1.5, 6], "rotation": 90, "texture": "#1"},
				"down": {"uv": [5.25, 7.75, 4.75, 8.25], "rotation": 270, "texture": "#1"}
			}
		},
		{
			"from": [4, 6.38952, 6.05411],
			"to": [12, 14.38952, 14.05411],
			"rotation": {"angle": -22.5, "axis": "x", "origin": [8, 5.91759, 8]},
			"faces": {
				"north": {"uv": [2, 2, 4, 4], "texture": "#1"},
				"east": {"uv": [0, 0, 2, 2], "texture": "#1"},
				"south": {"uv": [0, 2, 2, 4], "texture": "#1"},
				"west": {"uv": [2, 0, 4, 2], "texture": "#1"},
				"up": {"uv": [2, 6, 0, 4], "rotation": 90, "texture": "#1"},
				"down": {"uv": [6, 0, 4, 2], "rotation": 270, "texture": "#1"}
			}
		},
		{
			"from": [7, 9.38952, 4.05411],
			"to": [9, 11.38952, 6.05411],
			"rotation": {"angle": -22.5, "axis": "x", "origin": [8, 5.91759, 8]},
			"faces": {
				"north": {"uv": [7.75, 7.5, 8.25, 8], "texture": "#1"},
				"east": {"uv": [7.75, 6, 8.25, 6.5], "texture": "#1"},
				"south": {"uv": [7.75, 6.5, 8.25, 7], "texture": "#1"},
				"west": {"uv": [7.75, 7, 8.25, 7.5], "texture": "#1"},
				"up": {"uv": [8.5, 2.5, 8, 2], "rotation": 90, "texture": "#1"},
				"down": {"uv": [8.5, 2.5, 8, 3], "rotation": 270, "texture": "#1"}
			}
		}
	],
	"display": {
		"thirdperson_righthand": {
			"rotation": [75, 45, 0],
			"translation": [0, 2.5, 0],
			"scale": [0.375, 0.375, 0.375]
		},
		"thirdperson_lefthand": {
			"rotation": [75, 45, 0],
			"translation": [0, 2.5, 0],
			"scale": [0.375, 0.375, 0.375]
		},
		"firstperson_righthand": {
			"rotation": [0, 150, 0],
			"translation": [0, 2.5, 0],
			"scale": [0.4, 0.4, 0.4]
		},
		"firstperson_lefthand": {
			"rotation": [0, 150, 0],
			"translation": [0, 2.5, 0],
			"scale": [0.4, 0.4, 0.4]
		},
		"ground": {
			"translation": [0, 4.5, 0],
			"scale": [0.6, 0.6, 0.6]
		},
		"gui": {
			"rotation": [30, 225, 0],
			"scale": [0.625, 0.625, 0.625]
		},
		"head": {
			"rotation": [0, 25.25, 0],
			"translation": [0, 14.5, 0]
		},
		"fixed": {
			"rotation": [-90, -90, 0],
			"translation": [0, 0, -16],
			"scale": [2.01, 2.01, 2.01]
		}
	},
	"groups": [
		{
			"name": "group",
			"origin": [0, 0, 0],
			"color": 0,
			"children": [0, 1, 2, 3, 4, 5, 6, 7, 8]
		},
		9,
		10,
		11
	]
}