{
	"credit": "Made with Blockbench",
	"texture_size": [32, 32],
	"textures": {
		"1": "item/custom/models/bowl",
		"3": "item/custom/models/candy/pink_candy",
		"particle": "item/custom/models/bowl"
	},
	"elements": [
		{
			"from": [6.75, 7.75, 7],
			"to": [8.75, 9.75, 9],
			"rotation": {"angle": -22.5, "axis": "z", "origin": [7.75, 7.375, 8]},
			"faces": {
				"north": {"uv": [0, 0, 2, 2], "texture": "#3"},
				"east": {"uv": [0, 2, 2, 4], "texture": "#3"},
				"south": {"uv": [2, 0, 4, 2], "texture": "#3"},
				"west": {"uv": [2, 2, 4, 4], "texture": "#3"},
				"up": {"uv": [2, 6, 0, 4], "texture": "#3"},
				"down": {"uv": [6, 0, 4, 2], "texture": "#3"}
			}
		},
		{
			"from": [5.75, 5.75, 8],
			"to": [7.75, 7.75, 10],
			"rotation": {"angle": 45, "axis": "z", "origin": [6.75, 5.375, 9]},
			"faces": {
				"north": {"uv": [0, 0, 2, 2], "texture": "#3"},
				"east": {"uv": [0, 2, 2, 4], "texture": "#3"},
				"south": {"uv": [2, 0, 4, 2], "texture": "#3"},
				"west": {"uv": [2, 2, 4, 4], "texture": "#3"},
				"up": {"uv": [2, 6, 0, 4], "texture": "#3"},
				"down": {"uv": [6, 0, 4, 2], "texture": "#3"}
			}
		},
		{
			"from": [7.02619, 5.10467, 9],
			"to": [9.02619, 7.10467, 11],
			"rotation": {"angle": 22.5, "axis": "y", "origin": [8.02619, 6.10467, 10]},
			"faces": {
				"north": {"uv": [0, 0, 2, 2], "texture": "#3"},
				"east": {"uv": [0, 2, 2, 4], "texture": "#3"},
				"south": {"uv": [2, 0, 4, 2], "texture": "#3"},
				"west": {"uv": [2, 2, 4, 4], "texture": "#3"},
				"up": {"uv": [2, 6, 0, 4], "texture": "#3"},
				"down": {"uv": [6, 0, 4, 2], "texture": "#3"}
			}
		},
		{
			"from": [5, 5, 5],
			"to": [7, 7, 7],
			"rotation": {"angle": 0, "axis": "z", "origin": [6, 6, 6]},
			"faces": {
				"north": {"uv": [2, 2, 4, 4], "texture": "#3"},
				"east": {"uv": [0, 0, 2, 2], "texture": "#3"},
				"south": {"uv": [0, 2, 2, 4], "texture": "#3"},
				"west": {"uv": [2, 0, 4, 2], "texture": "#3"},
				"up": {"uv": [2, 6, 0, 4], "rotation": 90, "texture": "#3"},
				"down": {"uv": [6, 0, 4, 2], "rotation": 270, "texture": "#3"}
			}
		},
		{
			"from": [9, 5, 7],
			"to": [11, 7, 9],
			"rotation": {"angle": 0, "axis": "z", "origin": [10, 6, 8]},
			"faces": {
				"north": {"uv": [2, 2, 4, 4], "texture": "#3"},
				"east": {"uv": [0, 0, 2, 2], "texture": "#3"},
				"south": {"uv": [0, 2, 2, 4], "texture": "#3"},
				"west": {"uv": [2, 0, 4, 2], "texture": "#3"},
				"up": {"uv": [2, 6, 0, 4], "rotation": 90, "texture": "#3"},
				"down": {"uv": [6, 0, 4, 2], "rotation": 270, "texture": "#3"}
			}
		},
		{
			"from": [8, 5, 5],
			"to": [10, 7, 7],
			"rotation": {"angle": -45, "axis": "y", "origin": [9, 6, 6]},
			"faces": {
				"north": {"uv": [2, 2, 4, 4], "texture": "#3"},
				"east": {"uv": [0, 0, 2, 2], "texture": "#3"},
				"south": {"uv": [0, 2, 2, 4], "texture": "#3"},
				"west": {"uv": [2, 0, 4, 2], "texture": "#3"},
				"up": {"uv": [2, 6, 0, 4], "rotation": 90, "texture": "#3"},
				"down": {"uv": [6, 0, 4, 2], "rotation": 270, "texture": "#3"}
			}
		},
		{
			"from": [8, 6.75, 8],
			"to": [10, 8.75, 10],
			"rotation": {"angle": 22.5, "axis": "x", "origin": [9, 6.375, 9]},
			"faces": {
				"north": {"uv": [0, 0, 2, 2], "texture": "#3"},
				"east": {"uv": [0, 2, 2, 4], "texture": "#3"},
				"south": {"uv": [2, 0, 4, 2], "texture": "#3"},
				"west": {"uv": [2, 2, 4, 4], "texture": "#3"},
				"up": {"uv": [2, 6, 0, 4], "texture": "#3"},
				"down": {"uv": [6, 0, 4, 2], "texture": "#3"}
			}
		},
		{
			"from": [5.75, 6.75, 6],
			"to": [7.75, 8.75, 8],
			"rotation": {"angle": -22.5, "axis": "x", "origin": [6.75, 6.375, 7]},
			"faces": {
				"north": {"uv": [0, 0, 2, 2], "texture": "#3"},
				"east": {"uv": [0, 2, 2, 4], "texture": "#3"},
				"south": {"uv": [2, 0, 4, 2], "texture": "#3"},
				"west": {"uv": [2, 2, 4, 4], "texture": "#3"},
				"up": {"uv": [2, 6, 0, 4], "texture": "#3"},
				"down": {"uv": [6, 0, 4, 2], "texture": "#3"}
			}
		},
		{
			"from": [8.75, 7, 6],
			"to": [10.75, 9, 8],
			"rotation": {"angle": 45, "axis": "y", "origin": [9.75, 6.625, 7]},
			"faces": {
				"north": {"uv": [0, 0, 2, 2], "texture": "#3"},
				"east": {"uv": [0, 2, 2, 4], "texture": "#3"},
				"south": {"uv": [2, 0, 4, 2], "texture": "#3"},
				"west": {"uv": [2, 2, 4, 4], "texture": "#3"},
				"up": {"uv": [2, 6, 0, 4], "texture": "#3"},
				"down": {"uv": [6, 0, 4, 2], "texture": "#3"}
			}
		},
		{
			"from": [12.75, 3, 6],
			"to": [14.75, 5, 8],
			"rotation": {"angle": 45, "axis": "y", "origin": [13.75, 2.625, 7]},
			"faces": {
				"north": {"uv": [0, 0, 2, 2], "texture": "#3"},
				"east": {"uv": [0, 2, 2, 4], "texture": "#3"},
				"south": {"uv": [2, 0, 4, 2], "texture": "#3"},
				"west": {"uv": [2, 2, 4, 4], "texture": "#3"},
				"up": {"uv": [2, 6, 0, 4], "texture": "#3"},
				"down": {"uv": [6, 0, 4, 2], "texture": "#3"}
			}
		},
		{
			"from": [0.75, 3, 11],
			"to": [2.75, 5, 13],
			"rotation": {"angle": -22.5, "axis": "y", "origin": [1.75, 2.625, 12]},
			"faces": {
				"north": {"uv": [0, 2, 2, 4], "texture": "#3"},
				"east": {"uv": [2, 0, 4, 2], "texture": "#3"},
				"south": {"uv": [2, 2, 4, 4], "texture": "#3"},
				"west": {"uv": [0, 0, 2, 2], "texture": "#3"},
				"up": {"uv": [2, 6, 0, 4], "rotation": 270, "texture": "#3"},
				"down": {"uv": [6, 0, 4, 2], "rotation": 90, "texture": "#3"}
			}
		},
		{
			"from": [11.75, 3, 3.5],
			"to": [13.75, 5, 5.5],
			"rotation": {"angle": 22.5, "axis": "y", "origin": [12.75, 2.625, 4.5]},
			"faces": {
				"north": {"uv": [0, 0, 2, 2], "texture": "#3"},
				"east": {"uv": [0, 2, 2, 4], "texture": "#3"},
				"south": {"uv": [2, 0, 4, 2], "texture": "#3"},
				"west": {"uv": [2, 2, 4, 4], "texture": "#3"},
				"up": {"uv": [2, 6, 0, 4], "texture": "#3"},
				"down": {"uv": [6, 0, 4, 2], "texture": "#3"}
			}
		},
		{
			"from": [4, 3, 4],
			"to": [12, 4, 12],
			"rotation": {"angle": 0, "axis": "y", "origin": [7, 3, 7]},
			"faces": {
				"north": {"uv": [7, 4, 11, 4.5], "texture": "#1"},
				"east": {"uv": [7, 4.5, 11, 5], "texture": "#1"},
				"south": {"uv": [7, 5, 11, 5.5], "texture": "#1"},
				"west": {"uv": [7, 5.5, 11, 6], "texture": "#1"},
				"up": {"uv": [4, 4, 0, 0], "texture": "#1"},
				"down": {"uv": [4, 4, 0, 8], "texture": "#1"}
			}
		},
		{
			"from": [4, 4, 4],
			"to": [12, 6, 5],
			"rotation": {"angle": 0, "axis": "y", "origin": [7, 3, 7]},
			"faces": {
				"north": {"uv": [4, 0, 8, 1], "texture": "#1"},
				"east": {"uv": [1.5, 8, 2, 9], "texture": "#1"},
				"south": {"uv": [4, 1, 8, 2], "texture": "#1"},
				"west": {"uv": [2, 8, 2.5, 9], "texture": "#1"},
				"up": {"uv": [11, 6.5, 7, 6], "texture": "#1"},
				"down": {"uv": [11, 6.5, 7, 7], "texture": "#1"}
			}
		},
		{
			"from": [4, 4, 11],
			"to": [12, 6, 12],
			"rotation": {"angle": 0, "axis": "y", "origin": [7, 3, 14]},
			"faces": {
				"north": {"uv": [4, 2, 8, 3], "texture": "#1"},
				"east": {"uv": [2.5, 8, 3, 9], "texture": "#1"},
				"south": {"uv": [4, 3, 8, 4], "texture": "#1"},
				"west": {"uv": [3, 8, 3.5, 9], "texture": "#1"},
				"up": {"uv": [11, 7.5, 7, 7], "texture": "#1"},
				"down": {"uv": [11, 7.5, 7, 8], "texture": "#1"}
			}
		},
		{
			"from": [4, 4, 5],
			"to": [5, 6, 11],
			"rotation": {"angle": 0, "axis": "y", "origin": [7, 3, 14]},
			"faces": {
				"north": {"uv": [8, 3, 8.5, 4], "texture": "#1"},
				"east": {"uv": [4, 4, 7, 5], "texture": "#1"},
				"south": {"uv": [3.5, 8, 4, 9], "texture": "#1"},
				"west": {"uv": [4, 5, 7, 6], "texture": "#1"},
				"up": {"uv": [0.5, 11, 0, 8], "texture": "#1"},
				"down": {"uv": [8.5, 0, 8, 3], "texture": "#1"}
			}
		},
		{
			"from": [11, 4, 5],
			"to": [12, 6, 11],
			"rotation": {"angle": 0, "axis": "y", "origin": [14, 3, 14]},
			"faces": {
				"north": {"uv": [4, 8, 4.5, 9], "texture": "#1"},
				"east": {"uv": [4, 6, 7, 7], "texture": "#1"},
				"south": {"uv": [4.5, 8, 5, 9], "texture": "#1"},
				"west": {"uv": [4, 7, 7, 8], "texture": "#1"},
				"up": {"uv": [1, 11, 0.5, 8], "texture": "#1"},
				"down": {"uv": [1.5, 8, 1, 11], "texture": "#1"}
			}
		}
	],
	"display": {
		"thirdperson_righthand": {
			"rotation": [70, 0, 0],
			"translation": [0, -1.5, -3.75]
		},
		"thirdperson_lefthand": {
			"rotation": [70, 0, 0],
			"translation": [0, -1.5, -3.75]
		},
		"firstperson_righthand": {
			"rotation": [0, -45, 0],
			"scale": [0.7, 0.7, 0.7]
		},
		"firstperson_lefthand": {
			"rotation": [0, -45, 0],
			"scale": [0.7, 0.7, 0.7]
		},
		"ground": {
			"translation": [0, 3, 0],
			"scale": [0.8, 0.8, 0.8]
		},
		"gui": {
			"rotation": [30, 225, 0]
		},
		"fixed": {
			"rotation": [-90, 0, 0],
			"translation": [0, 0, -9.75],
			"scale": [2, 2, 2]
		}
	},
	"groups": [
		{
			"name": "group",
			"origin": [8, 6, 8],
			"color": 0,
			"children": [0, 1, 2, 3, 4, 5, 6, 7, 8, 9, 10, 11]
		},
		{
			"name": "group",
			"origin": [14, 0, 14],
			"color": 0,
			"children": [12, 13, 14, 15, 16]
		}
	]
}