{
	"credit": "Made with Blockbench",
	"textures": {
		"0": "item/custom/models/playing_card",
		"particle": "item/custom/models/playing_card"
	},
	"elements": [
		{
			"from": [3.4974, 3.5, 8.25],
			"to": [8.4974, 10.5, 8.2501],
			"rotation": {"angle": 0, "axis": "y", "origin": [-0.0026, 3, 0.25]},
			"faces": {
				"north": {"uv": [10, 0, 15, 7], "texture": "#0"},
				"east": {"uv": [0, 0, 0, 7], "texture": "#0"},
				"south": {"uv": [10, 7, 15, 14], "texture": "#0"},
				"west": {"uv": [0, 0, 0, 7], "texture": "#0"},
				"up": {"uv": [5, 0, 0, 0], "texture": "#0"},
				"down": {"uv": [5, 0, 0, 0], "texture": "#0"}
			}
		},
		{
			"from": [5.9974, 3, 8],
			"to": [10.9974, 10, 8.0001],
			"rotation": {"angle": -22.5, "axis": "z", "origin": [6.9974, 6, 8.25]},
			"faces": {
				"north": {"uv": [0, 7, 5, 14], "texture": "#0"},
				"east": {"uv": [0, 0, 0, 7], "texture": "#0"},
				"south": {"uv": [5, 7, 10, 14], "texture": "#0"},
				"west": {"uv": [0, 0, 0, 7], "texture": "#0"},
				"up": {"uv": [5, 0, 0, 0], "texture": "#0"},
				"down": {"uv": [5, 0, 0, 0], "texture": "#0"}
			}
		},
		{
			"from": [7.9974, 3.25, 7.75],
			"to": [12.9974, 10.25, 7.7501],
			"rotation": {"angle": -45, "axis": "z", "origin": [6.9974, 6, 8.25]},
			"faces": {
				"north": {"uv": [0, 0, 5, 7], "texture": "#0"},
				"east": {"uv": [0, 0, 0, 7], "texture": "#0"},
				"south": {"uv": [5, 0, 10, 7], "texture": "#0"},
				"west": {"uv": [0, 0, 0, 7], "texture": "#0"},
				"up": {"uv": [5, 0, 0, 0], "texture": "#0"},
				"down": {"uv": [5, 0, 0, 0], "texture": "#0"}
			}
		}
	],
	"gui_light": "front",
	"display": {
		"thirdperson_righthand": {
			"rotation": [20, 180, 0],
			"translation": [-1.5, 2.25, 1.25],
			"scale": [0.6, 0.6, 0.6]
		},
		"thirdperson_lefthand": {
			"rotation": [20, 180, -45],
			"translation": [-3, 1.75, 1.25],
			"scale": [0.6, 0.6, 0.6]
		},
		"firstperson_righthand": {
			"rotation": [160, 0, -160],
			"translation": [1.5, 3.5, 0],
			"scale": [0.65, 0.65, 0.65]
		},
		"firstperson_lefthand": {
			"rotation": [160, 0, 160],
			"translation": [0.25, 3.5, 0],
			"scale": [0.65, 0.65, 0.65]
		},
		"ground": {
			"translation": [0, 4.5, 0],
			"scale": [0.8, 0.8, 0.8]
		},
		"gui": {
			"rotation": [0, 180, 25],
			"translation": [1, 2, 0]
		},
		"fixed": {
			"translation": [0, 2, 0]
		}
	}
}