{
	"credit": "Made with Blockbench",
	"texture_size": [32, 32],
	"textures": {
		"0": "item/custom/models/portal_trophy",
		"particle": "item/custom/models/portal_trophy"
	},
	"elements": [
		{
			"from": [5, 0, 5],
			"to": [11, 1, 11],
			"rotation": {"angle": 0, "axis": "y", "origin": [7, 0, 7]},
			"faces": {
				"north": {"uv": [7, 4, 10, 4.5], "texture": "#0"},
				"east": {"uv": [7, 4.5, 10, 5], "texture": "#0"},
				"south": {"uv": [7, 5, 10, 5.5], "texture": "#0"},
				"west": {"uv": [7, 5.5, 10, 6], "texture": "#0"},
				"up": {"uv": [3, 3, 0, 0], "texture": "#0"},
				"down": {"uv": [3, 3, 0, 6], "texture": "#0"}
			}
		},
		{
			"from": [5, 10, 5],
			"to": [11, 11, 11],
			"rotation": {"angle": 0, "axis": "y", "origin": [7, 10, 7]},
			"faces": {
				"north": {"uv": [7, 6, 10, 6.5], "texture": "#0"},
				"east": {"uv": [7, 6.5, 10, 7], "texture": "#0"},
				"south": {"uv": [7, 7, 10, 7.5], "texture": "#0"},
				"west": {"uv": [7, 7.5, 10, 8], "texture": "#0"},
				"up": {"uv": [6, 3, 3, 0], "texture": "#0"},
				"down": {"uv": [6, 3, 3, 6], "texture": "#0"}
			}
		},
		{
			"from": [7, 11, 7],
			"to": [9, 12, 9],
			"rotation": {"angle": 0, "axis": "y", "origin": [7, 11, 7]},
			"faces": {
				"north": {"uv": [9, 1, 10, 1.5], "texture": "#0"},
				"east": {"uv": [9, 1.5, 10, 2], "texture": "#0"},
				"south": {"uv": [10, 1, 11, 1.5], "texture": "#0"},
				"west": {"uv": [10, 1.5, 11, 2], "texture": "#0"},
				"up": {"uv": [9, 1, 8, 0], "texture": "#0"},
				"down": {"uv": [9, 1, 8, 2], "texture": "#0"}
			}
		},
		{
			"from": [6, 1, 6],
			"to": [7, 10, 7],
			"rotation": {"angle": 0, "axis": "y", "origin": [5, 1, 6]},
			"faces": {
				"north": {"uv": [0, 6, 0.5, 10.5], "texture": "#0"},
				"east": {"uv": [6, 0, 6.5, 4.5], "texture": "#0"},
				"south": {"uv": [0.5, 6, 1, 10.5], "texture": "#0"},
				"west": {"uv": [1, 6, 1.5, 10.5], "texture": "#0"},
				"up": {"uv": [10.5, 2.5, 10, 2], "texture": "#0"},
				"down": {"uv": [10.5, 2.5, 10, 3], "texture": "#0"}
			}
		},
		{
			"from": [9, 1, 6],
			"to": [10, 10, 7],
			"rotation": {"angle": 0, "axis": "y", "origin": [8, 1, 6]},
			"faces": {
				"north": {"uv": [1.5, 6, 2, 10.5], "texture": "#0"},
				"east": {"uv": [2, 6, 2.5, 10.5], "texture": "#0"},
				"south": {"uv": [2.5, 6, 3, 10.5], "texture": "#0"},
				"west": {"uv": [3, 6, 3.5, 10.5], "texture": "#0"},
				"up": {"uv": [10.5, 3.5, 10, 3], "texture": "#0"},
				"down": {"uv": [10.5, 3.5, 10, 4], "texture": "#0"}
			}
		},
		{
			"from": [9, 1, 9],
			"to": [10, 10, 10],
			"rotation": {"angle": 0, "axis": "y", "origin": [8, 1, 9]},
			"faces": {
				"north": {"uv": [3.5, 6, 4, 10.5], "texture": "#0"},
				"east": {"uv": [4, 6, 4.5, 10.5], "texture": "#0"},
				"south": {"uv": [4.5, 6, 5, 10.5], "texture": "#0"},
				"west": {"uv": [6, 4.5, 6.5, 9], "texture": "#0"},
				"up": {"uv": [10.5, 4.5, 10, 4], "texture": "#0"},
				"down": {"uv": [10.5, 4.5, 10, 5], "texture": "#0"}
			}
		},
		{
			"from": [6, 1, 9],
			"to": [7, 10, 10],
			"rotation": {"angle": 0, "axis": "y", "origin": [5, 1, 9]},
			"faces": {
				"north": {"uv": [5, 6, 5.5, 10.5], "texture": "#0"},
				"east": {"uv": [5.5, 6, 6, 10.5], "texture": "#0"},
				"south": {"uv": [6.5, 0, 7, 4.5], "texture": "#0"},
				"west": {"uv": [6.5, 4.5, 7, 9], "texture": "#0"},
				"up": {"uv": [10.5, 5.5, 10, 5], "texture": "#0"},
				"down": {"uv": [10.5, 5.5, 10, 6], "texture": "#0"}
			}
		},
		{
			"from": [8, 11.7, 7.5],
			"to": [12, 12.7, 8.5],
			"rotation": {"angle": 45, "axis": "z", "origin": [8, 11.7, 7.5]},
			"faces": {
				"north": {"uv": [8, 2, 10, 2.5], "texture": "#0"},
				"east": {"uv": [10, 6, 10.5, 6.5], "texture": "#0"},
				"south": {"uv": [8, 2.5, 10, 3], "texture": "#0"},
				"west": {"uv": [10, 6.5, 10.5, 7], "texture": "#0"},
				"up": {"uv": [10, 3.5, 8, 3], "texture": "#0"},
				"down": {"uv": [10, 3.5, 8, 4], "texture": "#0"}
			}
		},
		{
			"from": [4.5, 15.2, 7.5],
			"to": [8.5, 16.2, 8.5],
			"rotation": {"angle": 45, "axis": "z", "origin": [4.5, 15.2, 7.5]},
			"faces": {
				"north": {"uv": [7, 8, 9, 8.5], "texture": "#0"},
				"east": {"uv": [10, 7, 10.5, 7.5], "texture": "#0"},
				"south": {"uv": [7, 8.5, 9, 9], "texture": "#0"},
				"west": {"uv": [10, 7.5, 10.5, 8], "texture": "#0"},
				"up": {"uv": [11, 0.5, 9, 0], "texture": "#0"},
				"down": {"uv": [11, 0.5, 9, 1], "texture": "#0"}
			}
		},
		{
			"from": [9.05, 15.2, 7.5],
			"to": [10.05, 19.2, 8.5],
			"rotation": {"angle": 45, "axis": "z", "origin": [10.1, 15.3, 7.5]},
			"faces": {
				"north": {"uv": [6, 9, 6.5, 11], "texture": "#0"},
				"east": {"uv": [6.5, 9, 7, 11], "texture": "#0"},
				"south": {"uv": [7, 9, 7.5, 11], "texture": "#0"},
				"west": {"uv": [7.5, 9, 8, 11], "texture": "#0"},
				"up": {"uv": [10.5, 8.5, 10, 8], "texture": "#0"},
				"down": {"uv": [10.5, 8.5, 10, 9], "texture": "#0"}
			}
		},
		{
			"from": [7, 13.1, 7.5],
			"to": [8, 17.1, 8.5],
			"rotation": {"angle": 45, "axis": "z", "origin": [8, 13.1, 7.5]},
			"faces": {
				"north": {"uv": [8, 9, 8.5, 11], "texture": "#0"},
				"east": {"uv": [9, 8, 9.5, 10], "texture": "#0"},
				"south": {"uv": [8.5, 9, 9, 11], "texture": "#0"},
				"west": {"uv": [9.5, 8, 10, 10], "texture": "#0"},
				"up": {"uv": [9.5, 10.5, 9, 10], "texture": "#0"},
				"down": {"uv": [10.5, 9, 10, 9.5], "texture": "#0"}
			}
		},
		{
			"from": [7.7, 13.8, 8],
			"to": [9.7, 17.8, 8],
			"rotation": {"angle": 45, "axis": "z", "origin": [8.7, 13.8, 8]},
			"faces": {
				"north": {"uv": [7, 0, 8, 2], "texture": "#0"},
				"east": {"uv": [0, 0, 0, 2], "texture": "#0"},
				"south": {"uv": [7, 2, 8, 4], "texture": "#0"},
				"west": {"uv": [0, 0, 0, 2], "texture": "#0"},
				"up": {"uv": [1, 0, 0, 0], "texture": "#0"},
				"down": {"uv": [1, 0, 0, 0], "texture": "#0"}
			}
		}
	],
	"gui_light": "front",
	"display": {
		"gui": {
			"rotation": [15.75, -13.75, 0],
			"translation": [0, -0.5, 0],
			"scale": [0.8, 0.8, 0.8]
		},
		"head": {
			"translation": [0, 19.25, 0],
			"scale": [1.6, 1.6, 1.6]
		},
		"fixed": {
			"rotation": [-90, 0, 0],
			"translation": [0, 0, -31.25],
			"scale": [4, 4, 4]
		}
	}
}