{
	"credit": "Made with Blockbench",
	"textures": {
		"1": "item/custom/models/nether_portal",
		"2": "item/custom/models/portal_trophy",
		"particle": "item/custom/models/portal_trophy"
	},
	"elements": [
		{
			"from": [5, 0, 5],
			"to": [11, 1, 11],
			"rotation": {"angle": 0, "axis": "y", "origin": [7, 0, 7]},
			"faces": {
				"north": {"uv": [6, 9, 12, 10], "texture": "#2"},
				"east": {"uv": [10, 0, 16, 1], "texture": "#2"},
				"south": {"uv": [10, 1, 16, 2], "texture": "#2"},
				"west": {"uv": [10, 2, 16, 3], "texture": "#2"},
				"up": {"uv": [6, 6, 0, 0], "texture": "#2"},
				"down": {"uv": [6, 6, 0, 12], "texture": "#2"}
			}
		},
		{
			"from": [5, 10, 5],
			"to": [11, 11, 11],
			"rotation": {"angle": 0, "axis": "y", "origin": [7, 10, 7]},
			"faces": {
				"north": {"uv": [6, 9, 12, 10], "texture": "#2"},
				"east": {"uv": [10, 0, 16, 1], "texture": "#2"},
				"south": {"uv": [10, 1, 16, 2], "texture": "#2"},
				"west": {"uv": [10, 2, 16, 3], "texture": "#2"},
				"up": {"uv": [6, 6, 0, 0], "texture": "#2"},
				"down": {"uv": [6, 6, 0, 12], "texture": "#2"}
			}
		},
		{
			"from": [7, 11, 7],
			"to": [9, 12, 9],
			"rotation": {"angle": 0, "axis": "y", "origin": [7, 11, 7]},
			"faces": {
				"north": {"uv": [12, 4, 14, 5], "texture": "#2"},
				"east": {"uv": [12, 5, 14, 6], "texture": "#2"},
				"south": {"uv": [12, 6, 14, 7], "texture": "#2"},
				"west": {"uv": [12, 9, 14, 10], "texture": "#2"},
				"up": {"uv": [12, 5, 10, 3], "texture": "#2"},
				"down": {"uv": [12, 5, 10, 7], "texture": "#2"}
			}
		},
		{
			"from": [9.5, 1, 5.5],
			"to": [10.5, 10, 6.5],
			"rotation": {"angle": 0, "axis": "y", "origin": [8.5, 1, 5.5]},
			"faces": {
				"north": {"uv": [6, 0, 7, 9], "texture": "#2"},
				"east": {"uv": [7, 0, 8, 9], "texture": "#2"},
				"south": {"uv": [8, 0, 9, 9], "texture": "#2"},
				"west": {"uv": [9, 0, 10, 9], "texture": "#2"},
				"up": {"uv": [13, 13, 12, 12], "texture": "#2"},
				"down": {"uv": [1, 13, 0, 14], "texture": "#2"}
			}
		},
		{
			"from": [9.5, 1, 9.5],
			"to": [10.5, 10, 10.5],
			"rotation": {"angle": 0, "axis": "y", "origin": [8.5, 1, 9.5]},
			"faces": {
				"north": {"uv": [6, 0, 7, 9], "texture": "#2"},
				"east": {"uv": [7, 0, 8, 9], "texture": "#2"},
				"south": {"uv": [8, 0, 9, 9], "texture": "#2"},
				"west": {"uv": [9, 0, 10, 9], "texture": "#2"},
				"up": {"uv": [13, 13, 12, 12], "texture": "#2"},
				"down": {"uv": [1, 13, 0, 14], "texture": "#2"}
			}
		},
		{
			"from": [5.5, 1, 5.5],
			"to": [6.5, 10, 6.5],
			"rotation": {"angle": 0, "axis": "y", "origin": [4.5, 1, 5.5]},
			"faces": {
				"north": {"uv": [6, 0, 7, 9], "texture": "#2"},
				"east": {"uv": [7, 0, 8, 9], "texture": "#2"},
				"south": {"uv": [8, 0, 9, 9], "texture": "#2"},
				"west": {"uv": [9, 0, 10, 9], "texture": "#2"},
				"up": {"uv": [13, 13, 12, 12], "texture": "#2"},
				"down": {"uv": [1, 13, 0, 14], "texture": "#2"}
			}
		},
		{
			"from": [5.5, 1, 9.5],
			"to": [6.5, 10, 10.5],
			"rotation": {"angle": 0, "axis": "y", "origin": [4.5, 1, 9.5]},
			"faces": {
				"north": {"uv": [6, 0, 7, 9], "texture": "#2"},
				"east": {"uv": [7, 0, 8, 9], "texture": "#2"},
				"south": {"uv": [8, 0, 9, 9], "texture": "#2"},
				"west": {"uv": [9, 0, 10, 9], "texture": "#2"},
				"up": {"uv": [13, 13, 12, 12], "texture": "#2"},
				"down": {"uv": [1, 13, 0, 14], "texture": "#2"}
			}
		},
		{
			"from": [8.03553, 11.66447, 7.5],
			"to": [12.03553, 12.66447, 8.5],
			"rotation": {"angle": 45, "axis": "z", "origin": [8.03553, 11.66447, 7.5]},
			"faces": {
				"north": {"uv": [6, 10, 10, 11], "texture": "#2"},
				"east": {"uv": [1, 13, 2, 14], "texture": "#2"},
				"south": {"uv": [10, 7, 14, 8], "texture": "#2"},
				"west": {"uv": [2, 13, 3, 14], "texture": "#2"},
				"up": {"uv": [14, 9, 10, 8], "texture": "#2"},
				"down": {"uv": [14, 10, 10, 11], "texture": "#2"}
			}
		},
		{
			"from": [4.5, 15.2, 7.5],
			"to": [8.5, 16.2, 8.5],
			"rotation": {"angle": 45, "axis": "z", "origin": [4.5, 15.2, 7.5]},
			"faces": {
				"north": {"uv": [6, 11, 10, 12], "texture": "#2"},
				"east": {"uv": [3, 13, 4, 14], "texture": "#2"},
				"south": {"uv": [10, 11, 14, 12], "texture": "#2"},
				"west": {"uv": [12, 13, 13, 14], "texture": "#2"},
				"up": {"uv": [4, 13, 0, 12], "texture": "#2"},
				"down": {"uv": [16, 3, 12, 4], "texture": "#2"}
			}
		},
		{
			"from": [9.0715, 15.20607, 7.5],
			"to": [10.0715, 19.20607, 8.5],
			"rotation": {"angle": 45, "axis": "z", "origin": [10.1215, 15.30607, 7.5]},
			"faces": {
				"north": {"uv": [4, 12, 5, 16], "texture": "#2"},
				"east": {"uv": [5, 12, 6, 16], "texture": "#2"},
				"south": {"uv": [6, 12, 7, 16], "texture": "#2"},
				"west": {"uv": [7, 12, 8, 16], "texture": "#2"},
				"up": {"uv": [14, 13, 13, 12], "texture": "#2"},
				"down": {"uv": [14, 13, 13, 14], "texture": "#2"}
			}
		},
		{
			"from": [7.03553, 13.07868, 7.5],
			"to": [8.03553, 17.07868, 8.5],
			"rotation": {"angle": 45, "axis": "z", "origin": [8.03553, 13.07868, 7.5]},
			"faces": {
				"north": {"uv": [8, 12, 9, 16], "texture": "#2"},
				"east": {"uv": [9, 12, 10, 16], "texture": "#2"},
				"south": {"uv": [10, 12, 11, 16], "texture": "#2"},
				"west": {"uv": [11, 12, 12, 16], "texture": "#2"},
				"up": {"uv": [1, 15, 0, 14], "texture": "#2"},
				"down": {"uv": [2, 14, 1, 15], "texture": "#2"}
			}
		},
		{
			"from": [7.74264, 13.78579, 7.999],
			"to": [9.74264, 17.78579, 7.999],
			"rotation": {"angle": 45, "axis": "z", "origin": [8.74264, 13.78579, 7.999]},
			"faces": {
				"north": {"uv": [10, 8, 14, 16], "texture": "#1"},
				"east": {"uv": [0, 0, 0, 2], "texture": "#missing"},
				"south": {"uv": [10, 8, 14, 16], "texture": "#1"},
				"west": {"uv": [0, 0, 0, 2], "texture": "#missing"},
				"up": {"uv": [1, 0, 0, 0], "texture": "#missing"},
				"down": {"uv": [1, 0, 0, 0], "texture": "#missing"}
			}
		}
	],
	"gui_light": "front",
	"display": {
		"firstperson_righthand": {
			"rotation": [0, 101, 0],
			"scale": [0.75, 0.75, 0.75]
		},
		"firstperson_lefthand": {
			"rotation": [0, 101, 0],
			"scale": [0.75, 0.75, 0.75]
		},
		"gui": {
			"rotation": [25, -45, 0],
			"translation": [0, -0.5, 0],
			"scale": [0.8, 0.8, 0.8]
		},
		"head": {
			"translation": [0, 19.25, 0],
			"scale": [1.6, 1.6, 1.6]
		},
		"fixed": {
			"rotation": [-90, 0, 0],
			"translation": [0, 0, -31.25],
			"scale": [4, 4, 4]
		}
	}
}