{
	"credit": "Made with Blockbench",
	"texture_size": [32, 32],
	"textures": {
		"0": "item/custom/models/propeller_hat/propeller_hat",
		"1": "item/custom/models/propeller_hat/propeller_hat_spinner",
		"particle": "item/custom/models/propeller_hat/propeller_hat"
	},
	"elements": [
		{
			"from": [4, 9, 4],
			"to": [12, 9, 12],
			"faces": {
				"north": {"uv": [4, 4, 8, 4], "texture": "#0"},
				"east": {"uv": [0, 4, 4, 4], "texture": "#0"},
				"south": {"uv": [12, 4, 16, 4], "texture": "#0"},
				"west": {"uv": [8, 4, 12, 4], "texture": "#0"},
				"up": {"uv": [8, 4, 4, 0], "texture": "#0"},
				"down": {"uv": [12, 0, 8, 4], "texture": "#0"}
			}
		},
		{
			"from": [4, 6, 0],
			"to": [12, 6, 4],
			"faces": {
				"north": {"uv": [2, 6, 6, 6], "texture": "#0"},
				"east": {"uv": [0, 6, 2, 6], "texture": "#0"},
				"south": {"uv": [8, 6, 12, 6], "texture": "#0"},
				"west": {"uv": [6, 6, 8, 6], "texture": "#0"},
				"up": {"uv": [6, 6, 2, 4], "texture": "#0"},
				"down": {"uv": [10, 4, 6, 6], "texture": "#0"}
			}
		},
		{
			"from": [12, 5, 0],
			"to": [12, 6, 4],
			"faces": {
				"north": {"uv": [2, 2.5, 2, 3], "texture": "#0"},
				"east": {"uv": [0, 2.5, 2, 3], "texture": "#0"},
				"south": {"uv": [4, 2.5, 4, 3], "texture": "#0"},
				"west": {"uv": [2, 2.5, 4, 3], "texture": "#0"},
				"up": {"uv": [2, 2.5, 2, 0.5], "texture": "#0"},
				"down": {"uv": [2, 0.5, 2, 2.5], "texture": "#0"}
			}
		},
		{
			"from": [4, 5, 0],
			"to": [4, 6, 4],
			"faces": {
				"north": {"uv": [2, 2, 2, 2.5], "texture": "#0"},
				"east": {"uv": [0, 2, 2, 2.5], "texture": "#0"},
				"south": {"uv": [4, 2, 4, 2.5], "texture": "#0"},
				"west": {"uv": [2, 2, 4, 2.5], "texture": "#0"},
				"up": {"uv": [2, 2, 2, 0], "texture": "#0"},
				"down": {"uv": [2, 0, 2, 2], "texture": "#0"}
			}
		},
		{
			"from": [12, 5, 4],
			"to": [12, 9, 12],
			"faces": {
				"north": {"uv": [4, 8, 4, 10], "texture": "#0"},
				"east": {"uv": [0, 8, 4, 10], "texture": "#0"},
				"south": {"uv": [8, 8, 8, 10], "texture": "#0"},
				"west": {"uv": [4, 8, 8, 10], "texture": "#0"},
				"up": {"uv": [4, 8, 4, 4], "texture": "#0"},
				"down": {"uv": [4, 4, 4, 8], "texture": "#0"}
			}
		},
		{
			"from": [4, 6, 4],
			"to": [12, 9, 4],
			"faces": {
				"north": {"uv": [8, 8, 12, 9.5], "texture": "#0"},
				"east": {"uv": [8, 8, 8, 9.5], "texture": "#0"},
				"south": {"uv": [12, 8, 16, 9.5], "texture": "#0"},
				"west": {"uv": [12, 8, 12, 9.5], "texture": "#0"},
				"up": {"uv": [12, 8, 8, 8], "texture": "#0"},
				"down": {"uv": [16, 8, 12, 8], "texture": "#0"}
			}
		},
		{
			"from": [4, 5, 4],
			"to": [4, 9, 12],
			"faces": {
				"north": {"uv": [4, 6, 4, 8], "texture": "#0"},
				"east": {"uv": [0, 6, 4, 8], "texture": "#0"},
				"south": {"uv": [8, 6, 8, 8], "texture": "#0"},
				"west": {"uv": [4, 6, 8, 8], "texture": "#0"},
				"up": {"uv": [4, 6, 4, 2], "texture": "#0"},
				"down": {"uv": [4, 2, 4, 6], "texture": "#0"}
			}
		},
		{
			"from": [4, 5, 12],
			"to": [12, 9, 12],
			"rotation": {"angle": 0, "axis": "y", "origin": [8, 7, 12]},
			"faces": {
				"north": {"uv": [8, 6, 12, 8], "texture": "#0"},
				"east": {"uv": [8, 6, 8, 8], "texture": "#0"},
				"south": {"uv": [12, 6, 16, 8], "texture": "#0"},
				"west": {"uv": [12, 6, 12, 8], "texture": "#0"},
				"up": {"uv": [12, 6, 8, 6], "texture": "#0"},
				"down": {"uv": [16, 6, 12, 6], "texture": "#0"}
			}
		},
		{
			"from": [8, 9, 7],
			"to": [8, 11, 9],
			"rotation": {"angle": 45, "axis": "y", "origin": [8, 10, 8]},
			"faces": {
				"north": {"uv": [1, 1, 1, 2], "texture": "#0"},
				"east": {"uv": [0, 1, 1, 2], "texture": "#0"},
				"south": {"uv": [2, 1, 2, 2], "texture": "#0"},
				"west": {"uv": [1, 1, 2, 2], "texture": "#0"},
				"up": {"uv": [1, 1, 1, 0], "texture": "#0"},
				"down": {"uv": [1, 0, 1, 1], "texture": "#0"}
			}
		},
		{
			"from": [7, 9, 8],
			"to": [9, 11, 8],
			"rotation": {"angle": 45, "axis": "y", "origin": [8, 10, 8]},
			"faces": {
				"north": {"uv": [0, 0, 1, 1], "texture": "#0"},
				"east": {"uv": [0, 0, 0, 1], "texture": "#0"},
				"south": {"uv": [1, 0, 2, 1], "texture": "#0"},
				"west": {"uv": [1, 0, 1, 1], "texture": "#0"},
				"up": {"uv": [1, 0, 0, 0], "texture": "#0"},
				"down": {"uv": [2, 0, 1, 0], "texture": "#0"}
			}
		},
		{
			"from": [4, 11, 4],
			"to": [12, 11, 12],
			"rotation": {"angle": 0, "axis": "y", "origin": [8, 10, 8]},
			"faces": {
				"up": {"uv": [16, 16, 0, 0], "texture": "#1"},
				"down": {"uv": [16, 0, 0, 16], "texture": "#1"}
			}
		}
	],
	"gui_light": "front",
	"display": {
		"thirdperson_righthand": {
			"translation": [0, 0, -2],
			"scale": [0.65, 0.65, 0.65]
		},
		"thirdperson_lefthand": {
			"translation": [0, 0, -2],
			"scale": [0.65, 0.65, 0.65]
		},
		"gui": {
			"rotation": [30, -45, 0],
			"translation": [-1.25, 0, 0]
		},
		"head": {
			"translation": [0, 6.5, 0],
			"scale": [1.7, 1.7, 1.7]
		}
	}
}