{
	"credit": "Made with Blockbench",
	"texture_size": [32, 32],
	"textures": {
		"0": "item/custom/models/rainbow_stick",
		"particle": "item/custom/models/rainbow_stick"
	},
	"elements": [
		{
			"from": [6, 0, 7],
			"to": [10, 0.6, 9],
			"rotation": {"angle": 0, "axis": "y", "origin": [7, 0, 7]},
			"faces": {
				"north": {"uv": [5, 0, 7, 0.5], "texture": "#0"},
				"east": {"uv": [6.5, 6, 7.5, 6.5], "texture": "#0"},
				"south": {"uv": [5, 0.5, 7, 1], "texture": "#0"},
				"west": {"uv": [7, 6.5, 8, 7], "texture": "#0"},
				"up": {"uv": [3, 3.5, 1, 2.5], "texture": "#0"},
				"down": {"uv": [5, 0, 3, 1], "texture": "#0"}
			}
		},
		{
			"from": [7, 0, 9],
			"to": [9, 0.6, 10],
			"rotation": {"angle": 0, "axis": "y", "origin": [7, 0, 8]},
			"faces": {
				"north": {"uv": [7, 7, 8, 7.5], "texture": "#0"},
				"east": {"uv": [2.5, 5, 3, 5.5], "texture": "#0"},
				"south": {"uv": [1, 7.5, 2, 8], "texture": "#0"},
				"west": {"uv": [1, 6, 1.5, 6.5], "texture": "#0"},
				"up": {"uv": [8.5, 1.5, 7.5, 1], "texture": "#0"},
				"down": {"uv": [8.5, 1.5, 7.5, 2], "texture": "#0"}
			}
		},
		{
			"from": [7, 0, 6],
			"to": [9, 0.6, 7],
			"rotation": {"angle": 0, "axis": "y", "origin": [7, 0, 5]},
			"faces": {
				"north": {"uv": [2, 7.5, 3, 8], "texture": "#0"},
				"east": {"uv": [6, 4, 6.5, 4.5], "texture": "#0"},
				"south": {"uv": [7.5, 2, 8.5, 2.5], "texture": "#0"},
				"west": {"uv": [4, 7.5, 4.5, 8], "texture": "#0"},
				"up": {"uv": [8.5, 3, 7.5, 2.5], "texture": "#0"},
				"down": {"uv": [4, 7.5, 3, 8], "texture": "#0"}
			}
		},
		{
			"from": [7.5, 0, 9.4],
			"to": [8.9, 0.6, 10.45],
			"rotation": {"angle": 45, "axis": "y", "origin": [7.7, 0, 8.4]},
			"faces": {
				"north": {"uv": [7.5, 4, 8, 4.5], "texture": "#0"},
				"east": {"uv": [4.5, 7.5, 5, 8], "texture": "#0"},
				"south": {"uv": [7.5, 4.5, 8, 5], "texture": "#0"},
				"west": {"uv": [5, 7.5, 5.5, 8], "texture": "#0"},
				"up": {"uv": [8, 5.5, 7.5, 5], "texture": "#0"},
				"down": {"uv": [6, 7.5, 5.5, 8], "texture": "#0"}
			}
		},
		{
			"from": [7.30503, 0, 9.07071],
			"to": [8.70503, 0.6, 10.12071],
			"rotation": {"angle": -45, "axis": "y", "origin": [8, 0, 8]},
			"faces": {
				"north": {"uv": [7.5, 5.5, 8, 6], "texture": "#0"},
				"east": {"uv": [6, 7.5, 6.5, 8], "texture": "#0"},
				"south": {"uv": [7.5, 6, 8, 6.5], "texture": "#0"},
				"west": {"uv": [6.5, 7.5, 7, 8], "texture": "#0"},
				"up": {"uv": [7.5, 8, 7, 7.5], "texture": "#0"},
				"down": {"uv": [8, 7.5, 7.5, 8], "texture": "#0"}
			}
		},
		{
			"from": [9.07071, 0, 7.29497],
			"to": [10.12071, 0.6, 8.69497],
			"rotation": {"angle": 45, "axis": "y", "origin": [8, 0, 8]},
			"faces": {
				"north": {"uv": [0, 8, 0.5, 8.5], "texture": "#0"},
				"east": {"uv": [8, 0, 8.5, 0.5], "texture": "#0"},
				"south": {"uv": [0.5, 8, 1, 8.5], "texture": "#0"},
				"west": {"uv": [8, 0.5, 8.5, 1], "texture": "#0"},
				"up": {"uv": [1.5, 8.5, 1, 8], "texture": "#0"},
				"down": {"uv": [2, 8, 1.5, 8.5], "texture": "#0"}
			}
		},
		{
			"from": [7.29497, 0, 5.87929],
			"to": [8.69497, 0.6, 6.92929],
			"rotation": {"angle": 45, "axis": "y", "origin": [8, 0, 8]},
			"faces": {
				"north": {"uv": [2, 8, 2.5, 8.5], "texture": "#0"},
				"east": {"uv": [2.5, 8, 3, 8.5], "texture": "#0"},
				"south": {"uv": [3, 8, 3.5, 8.5], "texture": "#0"},
				"west": {"uv": [8, 3, 8.5, 3.5], "texture": "#0"},
				"up": {"uv": [4, 8.5, 3.5, 8], "texture": "#0"},
				"down": {"uv": [8.5, 3.5, 8, 4], "texture": "#0"}
			}
		},
		{
			"from": [7.005, 4.15, 7.2],
			"to": [8.995, 7, 9.2],
			"rotation": {"angle": -22.5, "axis": "x", "origin": [7.005, 4, 7.2]},
			"faces": {
				"north": {"uv": [3, 1, 4, 2.5], "texture": "#0"},
				"east": {"uv": [3, 2.5, 4, 4], "texture": "#0"},
				"south": {"uv": [1, 3.5, 2, 5], "texture": "#0"},
				"west": {"uv": [2, 3.5, 3, 5], "texture": "#0"},
				"up": {"uv": [6.5, 2, 5.5, 1], "texture": "#0"},
				"down": {"uv": [6.5, 2, 5.5, 3], "texture": "#0"}
			}
		},
		{
			"from": [7, 6.1, 6.5],
			"to": [9, 8.1, 8.5],
			"rotation": {"angle": -45, "axis": "x", "origin": [7, 6.1, 6.5]},
			"faces": {
				"north": {"uv": [4.5, 5.5, 5.5, 6.5], "texture": "#0"},
				"east": {"uv": [5.5, 4.5, 6.5, 5.5], "texture": "#0"},
				"south": {"uv": [5.5, 5.5, 6.5, 6.5], "texture": "#0"},
				"west": {"uv": [0, 6, 1, 7], "texture": "#0"},
				"up": {"uv": [7, 4, 6, 3], "texture": "#0"},
				"down": {"uv": [2, 6.5, 1, 7.5], "texture": "#0"}
			}
		},
		{
			"from": [6.9, 4.625, 6.9],
			"to": [9.1, 6.625, 6.9],
			"rotation": {"angle": -45, "axis": "x", "origin": [7, 4.625, 4.9]},
			"faces": {
				"north": {"uv": [4, 6.5, 5, 7.5], "texture": "#0"},
				"east": {"uv": [0, 0, 0, 1], "texture": "#0"},
				"south": {"uv": [6.5, 4, 7.5, 5], "texture": "#0"},
				"west": {"uv": [0, 0, 0, 1], "texture": "#0"},
				"up": {"uv": [1, 0, 0, 0], "texture": "#0"},
				"down": {"uv": [1, 0, 0, 0], "texture": "#0"}
			}
		},
		{
			"from": [6.9, 6.175, 8.475],
			"to": [9.1, 8.175, 8.475],
			"rotation": {"angle": -45, "axis": "x", "origin": [7, 6.175, 6.475]},
			"faces": {
				"north": {"uv": [5, 6.5, 6, 7.5], "texture": "#0"},
				"east": {"uv": [0, 0, 0, 1], "texture": "#0"},
				"south": {"uv": [6.5, 5, 7.5, 6], "texture": "#0"},
				"west": {"uv": [0, 0, 0, 1], "texture": "#0"},
				"up": {"uv": [1, 0, 0, 0], "texture": "#0"},
				"down": {"uv": [1, 0, 0, 0], "texture": "#0"}
			}
		},
		{
			"from": [9.1, 6.125, 6.275],
			"to": [9.1, 8.125, 8.5],
			"rotation": {"angle": -45, "axis": "x", "origin": [9.1, 6.125, 6.4]},
			"faces": {
				"north": {"uv": [0, 0, 0, 1], "texture": "#0"},
				"east": {"uv": [6.5, 1, 7.5, 2], "texture": "#0"},
				"south": {"uv": [0, 0, 0, 1], "texture": "#0"},
				"west": {"uv": [2, 6.5, 3, 7.5], "texture": "#0"},
				"up": {"uv": [0, 1, 0, 0], "texture": "#0"},
				"down": {"uv": [0, 0, 0, 1], "texture": "#0"}
			}
		},
		{
			"from": [6.9, 6.125, 6.275],
			"to": [6.9, 8.125, 8.5],
			"rotation": {"angle": -45, "axis": "x", "origin": [6.9, 6.125, 6.4]},
			"faces": {
				"north": {"uv": [0, 0, 0, 1], "texture": "#0"},
				"east": {"uv": [6.5, 2, 7.5, 3], "texture": "#0"},
				"south": {"uv": [0, 0, 0, 1], "texture": "#0"},
				"west": {"uv": [3, 6.5, 4, 7.5], "texture": "#0"},
				"up": {"uv": [0, 1, 0, 0], "texture": "#0"},
				"down": {"uv": [0, 0, 0, 1], "texture": "#0"}
			}
		},
		{
			"from": [7, 0.6, 7],
			"to": [9, 4.9, 9],
			"rotation": {"angle": 0, "axis": "y", "origin": [7, 1, 7]},
			"faces": {
				"north": {"uv": [0, 0, 1, 2.5], "texture": "#0"},
				"east": {"uv": [1, 0, 2, 2.5], "texture": "#0"},
				"south": {"uv": [2, 0, 3, 2.5], "texture": "#0"},
				"west": {"uv": [0, 2.5, 1, 5], "texture": "#0"},
				"up": {"uv": [3.5, 6.5, 2.5, 5.5], "texture": "#0"},
				"down": {"uv": [4.5, 5.5, 3.5, 6.5], "texture": "#0"}
			}
		},
		{
			"from": [7.24985, 0.5, 7.7685],
			"to": [9.14985, 2, 10.3685],
			"rotation": {"angle": 22.5, "axis": "y", "origin": [8, 0, 8]},
			"faces": {
				"north": {"uv": [0, 7, 1, 8], "texture": "#0"},
				"east": {"uv": [4, 2, 5.5, 3], "texture": "#0"},
				"south": {"uv": [6, 6.5, 7, 7.5], "texture": "#0"},
				"west": {"uv": [4, 1, 5.5, 2], "texture": "#0"},
				"up": {"uv": [4, 5.5, 3, 4], "rotation": 180, "texture": "#0"},
				"down": {"uv": [5, 3, 4, 4.5], "rotation": 180, "texture": "#0"}
			}
		},
		{
			"from": [6.85015, 0.5, 7.7685],
			"to": [8.75015, 2, 10.3685],
			"rotation": {"angle": -22.5, "axis": "y", "origin": [8, 0, 8]},
			"faces": {
				"north": {"uv": [7, 3, 8, 4], "texture": "#0"},
				"east": {"uv": [0, 5, 1.5, 6], "texture": "#0"},
				"south": {"uv": [7, 0, 8, 1], "texture": "#0"},
				"west": {"uv": [4, 4.5, 5.5, 5.5], "texture": "#0"},
				"up": {"uv": [2.5, 6.5, 1.5, 5], "rotation": 180, "texture": "#0"},
				"down": {"uv": [6, 3, 5, 4.5], "rotation": 180, "texture": "#0"}
			}
		}
	],
	"display": {
		"thirdperson_righthand": {
			"rotation": [0, 180, 0],
			"translation": [0, 3, -1.25]
		},
		"thirdperson_lefthand": {
			"rotation": [-85, 180, 0],
			"translation": [0, -0.25, -8]
		},
		"firstperson_righthand": {
			"rotation": [-35, 144, 38],
			"translation": [3.25, 4.25, 0],
			"scale": [0.69, 0.69, 0.69]
		},
		"firstperson_lefthand": {
			"rotation": [-35, 144, 38],
			"translation": [3.25, 4.25, 0],
			"scale": [0.69, 0.69, 0.69]
		},
		"ground": {
			"rotation": [90, 90, 0],
			"translation": [0, 0, 3],
			"scale": [0.76, 0.76, 0.76]
		},
		"gui": {
			"rotation": [0, 90, 0],
			"translation": [0, 5.25, 0],
			"scale": [1.51, 1.51, 1.51]
		},
		"head": {
			"rotation": [-75, 180, 0],
			"translation": [0, 7, -16.75],
			"scale": [1.36, 1.36, 1.36]
		},
		"fixed": {
			"rotation": [-90, 180, 0],
			"translation": [0, -0.25, -15.75],
			"scale": [2.1, 2.1, 2.1]
		}
	}
}