{
	"credit": "Made with Blockbench",
	"texture_size": [64, 64],
	"textures": {
		"2": "item/custom/models/ranger_hat",
		"particle": "item/custom/models/ranger_hat"
	},
	"elements": [
		{
			"from": [4, 5, 4],
			"to": [12, 10, 4],
			"rotation": {"angle": 0, "axis": "y", "origin": [7, 0, 7]},
			"faces": {
				"north": {"uv": [4, 4, 6, 5.25], "texture": "#2"},
				"east": {"uv": [0, 0, 0, 1.25], "texture": "#2"},
				"south": {"uv": [4, 5.25, 6, 6.5], "texture": "#2"},
				"west": {"uv": [0, 0, 0, 1.25], "texture": "#2"},
				"up": {"uv": [2, 0, 0, 0], "texture": "#2"},
				"down": {"uv": [2, 0, 0, 0], "texture": "#2"}
			}
		},
		{
			"from": [4, 5, 12],
			"to": [12, 10, 12],
			"rotation": {"angle": 0, "axis": "y", "origin": [7, 0, 7]},
			"faces": {
				"north": {"uv": [6, 0, 8, 1.25], "texture": "#2"},
				"east": {"uv": [0, 0, 0, 1.25], "texture": "#2"},
				"south": {"uv": [6, 1.25, 8, 2.5], "texture": "#2"},
				"west": {"uv": [0, 0, 0, 1.25], "texture": "#2"},
				"up": {"uv": [2, 0, 0, 0], "texture": "#2"},
				"down": {"uv": [2, 0, 0, 0], "texture": "#2"}
			}
		},
		{
			"from": [4, 10, 4],
			"to": [12, 10, 12],
			"rotation": {"angle": 0, "axis": "y", "origin": [7, 0, 7]},
			"faces": {
				"north": {"uv": [0, 0, 2, 0], "texture": "#2"},
				"east": {"uv": [0, 0, 2, 0], "texture": "#2"},
				"south": {"uv": [0, 0, 2, 0], "texture": "#2"},
				"west": {"uv": [0, 0, 2, 0], "texture": "#2"},
				"up": {"uv": [6, 2, 4, 0], "texture": "#2"},
				"down": {"uv": [6, 2, 4, 4], "texture": "#2"}
			}
		},
		{
			"from": [0, 5, 0],
			"to": [16, 5, 16],
			"rotation": {"angle": 0, "axis": "y", "origin": [7, 0, 7]},
			"faces": {
				"north": {"uv": [0, 0, 4, 0], "texture": "#2"},
				"east": {"uv": [0, 0, 4, 0], "texture": "#2"},
				"south": {"uv": [0, 0, 4, 0], "texture": "#2"},
				"west": {"uv": [0, 0, 4, 0], "texture": "#2"},
				"up": {"uv": [4, 4, 0, 0], "texture": "#2"},
				"down": {"uv": [4, 4, 0, 8], "texture": "#2"}
			}
		},
		{
			"from": [4, 5, 4],
			"to": [4, 10, 12],
			"rotation": {"angle": 0, "axis": "y", "origin": [7, 0, 7]},
			"faces": {
				"north": {"uv": [0, 0, 0, 1.25], "texture": "#2"},
				"east": {"uv": [6, 2.5, 8, 3.75], "texture": "#2"},
				"south": {"uv": [0, 0, 0, 1.25], "texture": "#2"},
				"west": {"uv": [6, 3.75, 8, 5], "texture": "#2"},
				"up": {"uv": [0, 2, 0, 0], "texture": "#2"},
				"down": {"uv": [0, 0, 0, 2], "texture": "#2"}
			}
		},
		{
			"from": [12, 5, 4],
			"to": [12, 10, 12],
			"rotation": {"angle": 0, "axis": "y", "origin": [7, 0, 7]},
			"faces": {
				"north": {"uv": [0, 0, 0, 1.25], "texture": "#2"},
				"east": {"uv": [6, 5, 8, 6.25], "texture": "#2"},
				"south": {"uv": [0, 0, 0, 1.25], "texture": "#2"},
				"west": {"uv": [6, 6.25, 8, 7.5], "texture": "#2"},
				"up": {"uv": [0, 2, 0, 0], "texture": "#2"},
				"down": {"uv": [0, 0, 0, 2], "texture": "#2"}
			}
		},
		{
			"from": [4, -1, 7.5],
			"to": [4, 5, 8.5],
			"rotation": {"angle": 0, "axis": "y", "origin": [4, 2.5, 8]},
			"faces": {
				"north": {"uv": [0, 0, 0, 1.5], "texture": "#2"},
				"east": {"uv": [4, 7, 4.25, 8.5], "texture": "#2"},
				"south": {"uv": [0, 0, 0, 1.5], "texture": "#2"},
				"west": {"uv": [4.25, 7, 4.5, 8.5], "texture": "#2"},
				"up": {"uv": [0, 0.25, 0, 0], "texture": "#2"},
				"down": {"uv": [0, 0, 0, 0.25], "texture": "#2"}
			}
		},
		{
			"from": [12, -1, 7.5],
			"to": [12, 5, 8.5],
			"rotation": {"angle": 0, "axis": "y", "origin": [12, 2.5, 8]},
			"faces": {
				"north": {"uv": [0, 0, 0, 1.5], "texture": "#2"},
				"east": {"uv": [4.5, 7, 4.75, 8.5], "texture": "#2"},
				"south": {"uv": [0, 0, 0, 1.5], "texture": "#2"},
				"west": {"uv": [4.75, 7, 5, 8.5], "texture": "#2"},
				"up": {"uv": [0, 0.25, 0, 0], "texture": "#2"},
				"down": {"uv": [0, 0, 0, 0.25], "texture": "#2"}
			}
		},
		{
			"from": [4, -1, 7.5],
			"to": [12, -1, 8.5],
			"rotation": {"angle": 0, "axis": "y", "origin": [12, 1.5, 8]},
			"faces": {
				"north": {"uv": [0, 0, 2, 0], "texture": "#2"},
				"east": {"uv": [0, 0, 0.25, 0], "texture": "#2"},
				"south": {"uv": [0, 0, 2, 0], "texture": "#2"},
				"west": {"uv": [0, 0, 0.25, 0], "texture": "#2"},
				"up": {"uv": [6, 6.75, 4, 6.5], "texture": "#2"},
				"down": {"uv": [6, 6.75, 4, 7], "texture": "#2"}
			}
		}
	],
	"display": {
		"thirdperson_righthand": {
			"rotation": [0, 90, 0],
			"translation": [0, -0.5, -3.75],
			"scale": [0.75, 0.75, 0.75]
		},
		"thirdperson_lefthand": {
			"rotation": [0, 90, 0],
			"translation": [0, -0.5, -3.75],
			"scale": [0.75, 0.75, 0.75]
		},
		"firstperson_righthand": {
			"rotation": [0, 45, 0],
			"scale": [0.4, 0.4, 0.4]
		},
		"firstperson_lefthand": {
			"rotation": [0, 225, 0],
			"scale": [0.4, 0.4, 0.4]
		},
		"ground": {
			"translation": [0, 3, 0],
			"scale": [0.25, 0.25, 0.25]
		},
		"gui": {
			"rotation": [30, 225, 0],
			"scale": [0.625, 0.625, 0.625]
		},
		"head": {
			"translation": [0, 9.25, 0],
			"scale": [1.81, 1.81, 1.81]
		},
		"fixed": {
			"scale": [0.5, 0.5, 0.5]
		}
	}
}