{
	"credit": "Made with Blockbench",
	"texture_size": [32, 32],
	"textures": {
		"0": "item/custom/models/rat/rat1",
		"particle": "item/custom/models/rat/rat1"
	},
	"elements": [
		{
			"from": [6.75, 5.75, 6],
			"to": [10.75, 7.75, 10],
			"rotation": {"angle": -22.5, "axis": "z", "origin": [9.25, 7.25, 8]},
			"faces": {
				"north": {"uv": [4, 6, 6, 7], "texture": "#0"},
				"east": {"uv": [6, 6, 8, 7], "texture": "#0"},
				"south": {"uv": [6.5, 3, 8.5, 4], "texture": "#0"},
				"west": {"uv": [6.5, 4, 8.5, 5], "texture": "#0"},
				"up": {"uv": [2, 8, 0, 6], "texture": "#0"},
				"down": {"uv": [4, 6, 2, 8], "texture": "#0"}
			}
		},
		{
			"from": [9.75, 6.75, 5],
			"to": [9.75, 8.75, 7],
			"rotation": {"angle": -22.5, "axis": "z", "origin": [9.25, 7.25, 8]},
			"faces": {
				"north": {"uv": [0, 0, 0, 1], "texture": "#0"},
				"east": {"uv": [6.5, 5, 7.5, 6], "texture": "#0"},
				"south": {"uv": [0, 0, 0, 1], "texture": "#0"},
				"west": {"uv": [7, 0, 8, 1], "texture": "#0"},
				"up": {"uv": [0, 1, 0, 0], "texture": "#0"},
				"down": {"uv": [0, 0, 0, 1], "texture": "#0"}
			}
		},
		{
			"from": [9.75, 6.75, 9],
			"to": [9.75, 8.75, 11],
			"rotation": {"angle": -22.5, "axis": "z", "origin": [9.25, 7.25, 8]},
			"faces": {
				"north": {"uv": [0, 0, 0, 1], "texture": "#0"},
				"east": {"uv": [6.5, 5, 7.5, 6], "texture": "#0"},
				"south": {"uv": [0, 0, 0, 1], "texture": "#0"},
				"west": {"uv": [7, 0, 8, 1], "texture": "#0"},
				"up": {"uv": [0, 1, 0, 0], "texture": "#0"},
				"down": {"uv": [0, 0, 0, 1], "texture": "#0"}
			}
		},
		{
			"from": [13, -6.20711, 7.5],
			"to": [14, 0.79289, 8.5],
			"rotation": {"angle": 0, "axis": "y", "origin": [13, -2.20711, 6.5]},
			"faces": {
				"north": {"uv": [4, 7, 4.5, 10.5], "texture": "#0"},
				"east": {"uv": [4.5, 7, 5, 10.5], "texture": "#0"},
				"south": {"uv": [5, 7, 5.5, 10.5], "texture": "#0"},
				"west": {"uv": [5.5, 7, 6, 10.5], "texture": "#0"},
				"up": {"uv": [8, 8.5, 7.5, 8], "texture": "#0"},
				"down": {"uv": [8.5, 8, 8, 8.5], "texture": "#0"}
			}
		},
		{
			"from": [11.75, -0.75, 5.5],
			"to": [14.75, 6.25, 10.5],
			"rotation": {"angle": 22.5, "axis": "z", "origin": [12, 0.25, 7.5]},
			"faces": {
				"north": {"uv": [3.5, 0, 7, 1.5], "rotation": 270, "texture": "#0"},
				"east": {"uv": [3.5, 3, 0, 0], "rotation": 90, "texture": "#0"},
				"south": {"uv": [3.5, 1.5, 7, 3], "rotation": 90, "texture": "#0"},
				"west": {"uv": [3.5, 3, 0, 6], "rotation": 90, "texture": "#0"},
				"up": {"uv": [3.5, 4.5, 6.5, 6], "rotation": 90, "texture": "#0"},
				"down": {"uv": [3.5, 3, 6.5, 4.5], "rotation": 90, "texture": "#0"}
			}
		},
		{
			"from": [13, -6.20711, 7.5],
			"to": [14, 0.79289, 8.5],
			"rotation": {"angle": 0, "axis": "z", "origin": [13, -2.20711, 6.5]},
			"faces": {
				"north": {"uv": [4, 7, 4.5, 10.5], "texture": "#0"},
				"east": {"uv": [4.5, 7, 5, 10.5], "texture": "#0"},
				"south": {"uv": [5, 7, 5.5, 10.5], "texture": "#0"},
				"west": {"uv": [5.5, 7, 6, 10.5], "texture": "#0"},
				"up": {"uv": [8, 8.5, 7.5, 8], "texture": "#0"},
				"down": {"uv": [8.5, 8, 8, 8.5], "texture": "#0"}
			}
		},
		{
			"from": [8, 4, 5],
			"to": [10, 5, 6],
			"rotation": {"angle": -22.5, "axis": "y", "origin": [10, 5, 7]},
			"faces": {
				"north": {"uv": [8, 0.5, 9, 1], "texture": "#0"},
				"east": {"uv": [3.5, 8, 4, 8.5], "texture": "#0"},
				"south": {"uv": [8, 1, 9, 1.5], "texture": "#0"},
				"west": {"uv": [8, 6, 8.5, 6.5], "texture": "#0"},
				"up": {"uv": [2.5, 8.5, 1.5, 8], "texture": "#0"},
				"down": {"uv": [9, 1.5, 8, 2], "texture": "#0"}
			}
		},
		{
			"from": [9, -1, 5],
			"to": [12, 0, 6],
			"rotation": {"angle": -22.5, "axis": "y", "origin": [12, 0, 7]},
			"faces": {
				"north": {"uv": [6, 7, 7.5, 7.5], "texture": "#0"},
				"east": {"uv": [8, 6.5, 8.5, 7], "texture": "#0"},
				"south": {"uv": [7.5, 5, 9, 5.5], "texture": "#0"},
				"west": {"uv": [7, 8, 7.5, 8.5], "texture": "#0"},
				"up": {"uv": [9, 6, 7.5, 5.5], "texture": "#0"},
				"down": {"uv": [7.5, 7.5, 6, 8], "texture": "#0"}
			}
		},
		{
			"from": [9, -1, 10],
			"to": [12, 0, 11],
			"rotation": {"angle": 22.5, "axis": "y", "origin": [12, 0, 9]},
			"faces": {
				"north": {"uv": [7.5, 7, 9, 7.5], "texture": "#0"},
				"east": {"uv": [0, 8.5, 0.5, 9], "texture": "#0"},
				"south": {"uv": [7.5, 7.5, 9, 8], "texture": "#0"},
				"west": {"uv": [0.5, 8.5, 1, 9], "texture": "#0"},
				"up": {"uv": [1.5, 8.5, 0, 8], "texture": "#0"},
				"down": {"uv": [9.5, 0, 8, 0.5], "texture": "#0"}
			}
		},
		{
			"from": [8, 4, 10],
			"to": [10, 5, 11],
			"rotation": {"angle": 22.5, "axis": "y", "origin": [10, 5, 9]},
			"faces": {
				"north": {"uv": [8, 2, 9, 2.5], "texture": "#0"},
				"east": {"uv": [1, 8.5, 1.5, 9], "texture": "#0"},
				"south": {"uv": [2.5, 8, 3.5, 8.5], "texture": "#0"},
				"west": {"uv": [1.5, 8.5, 2, 9], "texture": "#0"},
				"up": {"uv": [9, 3, 8, 2.5], "texture": "#0"},
				"down": {"uv": [7, 8, 6, 8.5], "texture": "#0"}
			}
		}
	],
	"display": {
		"thirdperson_righthand": {
			"rotation": [1.5, 90, 0],
			"translation": [0, 2, 2.25],
			"scale": [0.7, 0.7, 0.7]
		},
		"thirdperson_lefthand": {
			"rotation": [90, 90, 0],
			"translation": [0.25, -0.5, 17.25],
			"scale": [0.65, 0.65, 0.65]
		},
		"firstperson_righthand": {
			"rotation": [0, 40, 0],
			"translation": [-1, 2, 0],
			"scale": [0.5, 0.5, 0.5]
		},
		"firstperson_lefthand": {
			"rotation": [0, -150, 0],
			"translation": [2.25, -3.25, 0],
			"scale": [0, 0, 0]
		},
		"ground": {
			"translation": [0, 6, 0],
			"scale": [0.67, 0.67, 0.67]
		},
		"gui": {
			"rotation": [30, 45, 0],
			"translation": [-2.25, 4.25, 0],
			"scale": [1.1, 1.1, 1.1]
		},
		"head": {
			"rotation": [0, -90, 0],
			"translation": [0, 15.25, 1.25]
		},
		"fixed": {
			"translation": [-3, 0, 0]
		}
	},
	"groups": [
		{
			"name": "group",
			"origin": [7, 0, 9],
			"color": 0,
			"children": [0, 1, 2, 3]
		},
		{
			"name": "group",
			"origin": [7, 0, 9],
			"color": 0,
			"children": [4, 5, 6, 7, 8, 9]
		}
	]
}