{
	"credit": "Made with Blockbench",
	"texture_size": [64, 64],
	"textures": {
		"1": "item/custom/models/red_ship",
		"2": "item/custom/models/wooden_board",
		"particle": "item/custom/models/red_ship"
	},
	"elements": [
		{
			"from": [20, 7, 6],
			"to": [20, 10, 10],
			"rotation": {"angle": 0, "axis": "y", "origin": [13, 3, 1]},
			"faces": {
				"north": {"uv": [0, 0, 0, 0.75], "texture": "#1"},
				"east": {"uv": [4, 12, 5, 12.75], "texture": "#1"},
				"south": {"uv": [0, 0, 0, 0.75], "texture": "#1"},
				"west": {"uv": [5, 12, 6, 12.75], "texture": "#1"},
				"up": {"uv": [0, 1, 0, 0], "texture": "#1"},
				"down": {"uv": [0, 0, 0, 1], "texture": "#1"}
			}
		},
		{
			"from": [-3, 7, 12],
			"to": [16, 10, 12],
			"rotation": {"angle": 0, "axis": "y", "origin": [7, 3, 7]},
			"faces": {
				"north": {"uv": [4.75, 8.5, 0, 9.25], "texture": "#1"},
				"east": {"uv": [0, 0, 0, 0.75], "texture": "#1"},
				"south": {"uv": [0, 8.5, 4.75, 9.25], "texture": "#1"},
				"west": {"uv": [0, 0, 0, 0.75], "texture": "#1"},
				"up": {"uv": [4.75, 0, 0, 0], "texture": "#1"},
				"down": {"uv": [4.75, 0, 0, 0], "texture": "#1"}
			}
		},
		{
			"from": [16, 7, 10],
			"to": [20, 10, 10],
			"rotation": {"angle": 0, "axis": "y", "origin": [13, 3, 5]},
			"faces": {
				"north": {"uv": [12, 5.5, 13, 6.25], "texture": "#1"},
				"east": {"uv": [0, 0, 0, 0.75], "texture": "#1"},
				"south": {"uv": [12, 6.25, 13, 7], "texture": "#1"},
				"west": {"uv": [0, 0, 0, 0.75], "texture": "#1"},
				"up": {"uv": [1, 0, 0, 0], "texture": "#1"},
				"down": {"uv": [1, 0, 0, 0], "texture": "#1"}
			}
		},
		{
			"from": [16, 7, 6],
			"to": [20, 10, 6],
			"rotation": {"angle": 0, "axis": "y", "origin": [13, 3, 1]},
			"faces": {
				"north": {"uv": [12, 8.5, 13, 9.25], "texture": "#1"},
				"east": {"uv": [0, 0, 0, 0.75], "texture": "#1"},
				"south": {"uv": [9.5, 12, 10.5, 12.75], "texture": "#1"},
				"west": {"uv": [0, 0, 0, 0.75], "texture": "#1"},
				"up": {"uv": [1, 0, 0, 0], "texture": "#1"},
				"down": {"uv": [1, 0, 0, 0], "texture": "#1"}
			}
		},
		{
			"from": [16, 7, 10],
			"to": [16, 10, 12],
			"rotation": {"angle": 0, "axis": "y", "origin": [13, 3, 7]},
			"faces": {
				"north": {"uv": [0, 0, 0, 0.75], "texture": "#1"},
				"east": {"uv": [4, 9.25, 4.5, 10], "texture": "#1"},
				"south": {"uv": [0, 0, 0, 0.75], "texture": "#1"},
				"west": {"uv": [2.5, 12.25, 3, 13], "texture": "#1"},
				"up": {"uv": [0, 0.5, 0, 0], "texture": "#1"},
				"down": {"uv": [0, 0, 0, 0.5], "texture": "#1"}
			}
		},
		{
			"from": [-3, 7, 4],
			"to": [16, 10, 4],
			"rotation": {"angle": 0, "axis": "y", "origin": [7, 3, -1]},
			"faces": {
				"north": {"uv": [4.75, 8.5, 0, 9.25], "texture": "#1"},
				"east": {"uv": [0, 0, 0, 0.75], "texture": "#1"},
				"south": {"uv": [0, 8.5, 4.75, 9.25], "texture": "#1"},
				"west": {"uv": [0, 0, 0, 0.75], "texture": "#1"},
				"up": {"uv": [4.75, 0, 0, 0], "texture": "#1"},
				"down": {"uv": [4.75, 0, 0, 0], "texture": "#1"}
			}
		},
		{
			"from": [16, 7, 4],
			"to": [16, 10, 6],
			"rotation": {"angle": 0, "axis": "y", "origin": [13, 3, 1]},
			"faces": {
				"north": {"uv": [0, 0, 0, 0.75], "texture": "#1"},
				"east": {"uv": [3.5, 12.25, 4, 13], "texture": "#1"},
				"south": {"uv": [0, 0, 0, 0.75], "texture": "#1"},
				"west": {"uv": [7.75, 12.25, 8.25, 13], "texture": "#1"},
				"up": {"uv": [0, 0.5, 0, 0], "texture": "#1"},
				"down": {"uv": [0, 0, 0, 0.5], "texture": "#1"}
			}
		},
		{
			"from": [-3, 7, 4],
			"to": [-3, 10, 12],
			"rotation": {"angle": 0, "axis": "y", "origin": [-4, 3, 7]},
			"faces": {
				"north": {"uv": [0, 0, 0, 0.75], "texture": "#1"},
				"east": {"uv": [10.25, 9.75, 12.25, 10.5], "texture": "#1"},
				"south": {"uv": [0, 0, 0, 0.75], "texture": "#1"},
				"west": {"uv": [10.25, 10.5, 12.25, 11.25], "texture": "#1"},
				"up": {"uv": [0, 2, 0, 0], "texture": "#1"},
				"down": {"uv": [0, 0, 0, 2], "texture": "#1"}
			}
		},
		{
			"from": [-3, 3, 4],
			"to": [16, 7, 12],
			"rotation": {"angle": 0, "axis": "y", "origin": [7, 3, 7]},
			"faces": {
				"north": {"uv": [11.25, 3, 6.5, 4], "texture": "#1"},
				"east": {"uv": [8.75, 4.75, 10.75, 5.75], "texture": "#1"},
				"south": {"uv": [6.5, 3, 11.25, 4], "texture": "#1"},
				"west": {"uv": [8.25, 8.75, 10.25, 9.75], "texture": "#1"},
				"up": {"uv": [4.75, 8.5, 0, 6.5], "texture": "#1"},
				"down": {"uv": [11.25, 0, 6.5, 2], "texture": "#1"}
			}
		},
		{
			"from": [16.78553, -0.46447, 6.1],
			"to": [19.53553, 4.53553, 9.9],
			"rotation": {"angle": -45, "axis": "z", "origin": [19.53553, 4.53553, 7]},
			"faces": {
				"north": {"uv": [6, 11.25, 6.75, 12.5], "texture": "#1"},
				"east": {"uv": [10.75, 4.75, 11.75, 6], "texture": "#1"},
				"south": {"uv": [6.75, 11.25, 7.5, 12.5], "texture": "#1"},
				"west": {"uv": [11, 6, 12, 7.25], "texture": "#1"},
				"up": {"uv": [11.25, 13, 10.5, 12], "texture": "#1"},
				"down": {"uv": [12, 12, 11.25, 13], "texture": "#1"}
			}
		},
		{
			"from": [16, 4, 6],
			"to": [20, 7, 10],
			"rotation": {"angle": 0, "axis": "y", "origin": [21, 3, 7]},
			"faces": {
				"north": {"uv": [12, 12, 13, 12.75], "texture": "#1"},
				"east": {"uv": [0, 12.25, 1, 13], "texture": "#1"},
				"south": {"uv": [12.25, 0, 13.25, 0.75], "texture": "#1"},
				"west": {"uv": [12.25, 0.75, 13.25, 1.5], "texture": "#1"},
				"up": {"uv": [1, 12.25, 0, 11.25], "texture": "#1"},
				"down": {"uv": [12.25, 0, 11.25, 1], "texture": "#1"}
			}
		},
		{
			"from": [0, 1, 6],
			"to": [16, 3, 10],
			"rotation": {"angle": 0, "axis": "y", "origin": [7, -1, 7]},
			"faces": {
				"north": {"uv": [0, 9.25, 4, 9.75], "texture": "#1"},
				"east": {"uv": [12, 9.25, 13, 9.75], "texture": "#1"},
				"south": {"uv": [0, 9.75, 4, 10.25], "texture": "#1"},
				"west": {"uv": [1.5, 12.25, 2.5, 12.75], "texture": "#1"},
				"up": {"uv": [11, 7, 7, 6], "texture": "#1"},
				"down": {"uv": [11, 7, 7, 8], "texture": "#1"}
			}
		},
		{
			"from": [-1, 7, 6],
			"to": [6, 11, 10],
			"rotation": {"angle": 0, "axis": "y", "origin": [6, 7, 7]},
			"faces": {
				"north": {"uv": [0, 10.25, 1.75, 11.25], "texture": "#1"},
				"east": {"uv": [1, 11.25, 2, 12.25], "texture": "#1"},
				"south": {"uv": [1.75, 10.25, 3.5, 11.25], "texture": "#1"},
				"west": {"uv": [11.25, 1, 12.25, 2], "texture": "#1"},
				"up": {"uv": [7.75, 11.25, 6, 10.25], "texture": "#1"},
				"down": {"uv": [12, 8.75, 10.25, 9.75], "texture": "#1"}
			}
		},
		{
			"from": [-3, 1, 7.5],
			"to": [0, 3, 8.5],
			"rotation": {"angle": 0, "axis": "y", "origin": [5, -1, 7.5]},
			"faces": {
				"north": {"uv": [6, 12.5, 6.75, 13], "texture": "#1"},
				"east": {"uv": [4.5, 9.25, 4.75, 9.75], "texture": "#1"},
				"south": {"uv": [6.75, 12.5, 7.5, 13], "texture": "#1"},
				"west": {"uv": [11.75, 5.5, 12, 6], "texture": "#1"},
				"up": {"uv": [11.75, 8, 11, 7.75], "texture": "#1"},
				"down": {"uv": [10.25, 11.75, 9.5, 12], "texture": "#1"}
			}
		},
		{
			"from": [-1, 11, 5],
			"to": [6, 12, 11],
			"rotation": {"angle": 0, "axis": "y", "origin": [6, 11, 7]},
			"faces": {
				"north": {"uv": [12.25, 10.75, 14, 11], "texture": "#1"},
				"east": {"uv": [4, 12.75, 5.5, 13], "texture": "#1"},
				"south": {"uv": [12.25, 11, 14, 11.25], "texture": "#1"},
				"west": {"uv": [12.75, 11.25, 14.25, 11.5], "texture": "#1"},
				"up": {"uv": [6.5, 10, 4.75, 8.5], "texture": "#1"},
				"down": {"uv": [8.25, 8.75, 6.5, 10.25], "texture": "#1"}
			}
		},
		{
			"from": [11, 7, 7.5],
			"to": [12, 21, 8.5],
			"rotation": {"angle": 0, "axis": "y", "origin": [10, 11, 6.5]},
			"faces": {
				"north": {"uv": [3, 11.25, 3.25, 14.75], "texture": "#1"},
				"east": {"uv": [3.25, 11.25, 3.5, 14.75], "texture": "#1"},
				"south": {"uv": [7.5, 11.25, 7.75, 14.75], "texture": "#1"},
				"west": {"uv": [8.25, 11.75, 8.5, 15.25], "texture": "#1"},
				"up": {"uv": [6.75, 8.75, 6.5, 8.5], "texture": "#1"},
				"down": {"uv": [7, 8.5, 6.75, 8.75], "texture": "#1"}
			}
		},
		{
			"from": [-2, 7, 7.5],
			"to": [-1, 21, 8.5],
			"rotation": {"angle": 0, "axis": "y", "origin": [-3, 11, 6.5]},
			"faces": {
				"north": {"uv": [8.5, 11.75, 8.75, 15.25], "texture": "#1"},
				"east": {"uv": [8.75, 11.75, 9, 15.25], "texture": "#1"},
				"south": {"uv": [9, 11.75, 9.25, 15.25], "texture": "#1"},
				"west": {"uv": [9.25, 11.75, 9.5, 15.25], "texture": "#1"},
				"up": {"uv": [4.75, 10, 4.5, 9.75], "texture": "#1"},
				"down": {"uv": [6.25, 10, 6, 10.25], "texture": "#1"}
			}
		},
		{
			"from": [-6, 7, 8],
			"to": [20, 20, 8],
			"rotation": {"angle": 0, "axis": "y", "origin": [13, 11, 7]},
			"faces": {
				"north": {"uv": [0, 0, 6.5, 3.25], "texture": "#1"},
				"east": {"uv": [0, 0, 0, 3.25], "texture": "#1"},
				"south": {"uv": [0, 3.25, 6.5, 6.5], "texture": "#1"},
				"west": {"uv": [0, 0, 0, 3.25], "texture": "#1"},
				"up": {"uv": [6.5, 0, 0, 0], "texture": "#1"},
				"down": {"uv": [6.5, 0, 0, 0], "texture": "#1"}
			}
		},
		{
			"from": [-7, 11, 7.5],
			"to": [-2, 12, 8.5],
			"rotation": {"angle": 0, "axis": "y", "origin": [-3, 10, 6.5]},
			"faces": {
				"north": {"uv": [12.75, 11.5, 14, 11.75], "texture": "#1"},
				"east": {"uv": [6.25, 10, 6.5, 10.25], "texture": "#1"},
				"south": {"uv": [12.75, 11.75, 14, 12], "texture": "#1"},
				"west": {"uv": [11.75, 8.5, 12, 8.75], "texture": "#1"},
				"up": {"uv": [13.25, 13, 12, 12.75], "texture": "#1"},
				"down": {"uv": [2.75, 13, 1.5, 13.25], "texture": "#1"}
			}
		},
		{
			"from": [-2, 12, 2.5],
			"to": [-1, 13, 13.5],
			"rotation": {"angle": 0, "axis": "y", "origin": [-3, 11, 6.5]},
			"faces": {
				"north": {"uv": [5.5, 12.75, 5.75, 13], "texture": "#1"},
				"east": {"uv": [11.25, 3.5, 14, 3.75], "texture": "#1"},
				"south": {"uv": [5.75, 12.75, 6, 13], "texture": "#1"},
				"west": {"uv": [11.25, 3.75, 14, 4], "texture": "#1"},
				"up": {"uv": [1.25, 15, 1, 12.25], "texture": "#1"},
				"down": {"uv": [1.5, 12.25, 1.25, 15], "texture": "#1"}
			}
		},
		{
			"from": [-2, 21, 5.5],
			"to": [-1, 22, 10.5],
			"rotation": {"angle": 0, "axis": "y", "origin": [-3, 20, 6.5]},
			"faces": {
				"north": {"uv": [2.75, 13, 3, 13.25], "texture": "#1"},
				"east": {"uv": [3.5, 13, 4.75, 13.25], "texture": "#1"},
				"south": {"uv": [13, 5.25, 13.25, 5.5], "texture": "#1"},
				"west": {"uv": [4.75, 13, 6, 13.25], "texture": "#1"},
				"up": {"uv": [9.75, 14, 9.5, 12.75], "texture": "#1"},
				"down": {"uv": [10, 12.75, 9.75, 14], "texture": "#1"}
			}
		},
		{
			"from": [-1.5, 13, 3.5],
			"to": [-1.5, 21, 12.5],
			"rotation": {"angle": 0, "axis": "y", "origin": [13.5, 11, 6.5]},
			"faces": {
				"north": {"uv": [0, 0, 0, 2], "texture": "#1"},
				"east": {"uv": [6.5, 4, 8.75, 6], "texture": "#1"},
				"south": {"uv": [0, 0, 0, 2], "texture": "#1"},
				"west": {"uv": [4.75, 6.5, 7, 8.5], "texture": "#1"},
				"up": {"uv": [0, 2.25, 0, 0], "texture": "#1"},
				"down": {"uv": [0, 0, 0, 2.25], "texture": "#1"}
			}
		},
		{
			"from": [11, 21, 5.5],
			"to": [12, 22, 10.5],
			"rotation": {"angle": 0, "axis": "y", "origin": [10, 20, 6.5]},
			"faces": {
				"north": {"uv": [2.75, 13, 3, 13.25], "texture": "#1"},
				"east": {"uv": [3.5, 13, 4.75, 13.25], "texture": "#1"},
				"south": {"uv": [13, 5.25, 13.25, 5.5], "texture": "#1"},
				"west": {"uv": [4.75, 13, 6, 13.25], "texture": "#1"},
				"up": {"uv": [9.75, 14, 9.5, 12.75], "texture": "#1"},
				"down": {"uv": [10, 12.75, 9.75, 14], "texture": "#1"}
			}
		},
		{
			"from": [11.5, 22, 5.5],
			"to": [11.5, 25, 10.5],
			"rotation": {"angle": 0, "axis": "y", "origin": [3.5, 21, 6.5]},
			"faces": {
				"north": {"uv": [0, 0, 0, 0.75], "texture": "#1"},
				"east": {"uv": [10.25, 11.25, 11.5, 12], "texture": "#1"},
				"south": {"uv": [0, 0, 0, 0.75], "texture": "#1"},
				"west": {"uv": [11.5, 11.25, 12.75, 12], "texture": "#1"},
				"up": {"uv": [0, 1.25, 0, 0], "texture": "#1"},
				"down": {"uv": [0, 0, 0, 0.75], "texture": "#1"}
			}
		},
		{
			"from": [-1.5, 22, 5.5],
			"to": [-1.5, 25, 10.5],
			"rotation": {"angle": 0, "axis": "y", "origin": [-9.5, 21, 6.5]},
			"faces": {
				"north": {"uv": [0, 0, 0, 0.75], "texture": "#1"},
				"east": {"uv": [11.75, 4.75, 13, 5.5], "texture": "#1"},
				"south": {"uv": [0, 0, 0, 0.75], "texture": "#1"},
				"west": {"uv": [11.75, 7.75, 13, 8.5], "texture": "#1"},
				"up": {"uv": [0, 1.25, 0, 0], "texture": "#1"},
				"down": {"uv": [0, 0, 0, 0.75], "texture": "#1"}
			}
		},
		{
			"from": [12, 7, 4],
			"to": [16, 8, 12],
			"rotation": {"angle": 0, "axis": "y", "origin": [12, 6, 10]},
			"faces": {
				"west": {"uv": [12, 7, 14, 7.25], "texture": "#1"},
				"up": {"uv": [9.25, 11.75, 8.25, 9.75], "texture": "#1"}
			}
		},
		{
			"from": [16, 7, 6],
			"to": [20, 9, 10],
			"rotation": {"angle": 0, "axis": "y", "origin": [16, 6, 10]},
			"faces": {
				"west": {"uv": [12.25, 9.75, 13.25, 10.25], "texture": "#1"},
				"up": {"uv": [3, 12.25, 2, 11.25], "texture": "#1"}
			}
		},
		{
			"from": [-3, 7, 4],
			"to": [-1, 9, 12],
			"rotation": {"angle": 0, "axis": "y", "origin": [-3, 6, 10]},
			"faces": {
				"east": {"uv": [11, 7.25, 13, 7.75], "texture": "#1"},
				"up": {"uv": [4, 12.25, 3.5, 10.25], "texture": "#1"}
			}
		},
		{
			"from": [-1, 7, 4],
			"to": [3, 8, 12],
			"rotation": {"angle": 0, "axis": "y", "origin": [-1, 6, 10]},
			"faces": {
				"east": {"uv": [12.25, 10.25, 14.25, 10.5], "texture": "#1"},
				"up": {"uv": [5, 12, 4, 10], "texture": "#1"}
			}
		},
		{
			"from": [-5.5, -1, 0.5],
			"to": [21.5, 0, 15.5],
			"rotation": {"angle": 0, "axis": "y", "origin": [2.5, -1, 0.5]},
			"faces": {
				"north": {"uv": [0, 0, 7, 0.25], "texture": "#2"},
				"east": {"uv": [0, 0, 3.75, 0.25], "texture": "#2"},
				"south": {"uv": [0, 0, 7, 0.25], "texture": "#2"},
				"west": {"uv": [0, 0, 3.75, 0.25], "texture": "#2"},
				"up": {"uv": [2, 4.25, 8.75, 8], "texture": "#2"},
				"down": {"uv": [2, 0, 8.75, 3.75], "texture": "#2"}
			}
		},
		{
			"from": [1.5, 0, 1.5],
			"to": [2.5, 2, 14.5],
			"rotation": {"angle": 0, "axis": "y", "origin": [5.5, -1, 0.5]},
			"faces": {
				"north": {"uv": [0, 0, 0.25, 0.5], "texture": "#2"},
				"east": {"uv": [0, 0, 3.25, 0.5], "texture": "#2"},
				"south": {"uv": [0, 0, 0.25, 0.5], "texture": "#2"},
				"west": {"uv": [0, 0, 3.25, 0.5], "texture": "#2"},
				"up": {"uv": [0, 0, 0.25, 3.25], "texture": "#2"},
				"down": {"uv": [0, 0, 0.25, 3.25], "texture": "#2"}
			}
		},
		{
			"from": [13.5, 0, 1.5],
			"to": [14.5, 2, 14.5],
			"rotation": {"angle": 0, "axis": "y", "origin": [17.5, -1, 0.5]},
			"faces": {
				"north": {"uv": [0, 0, 0.25, 0.5], "texture": "#2"},
				"east": {"uv": [0, 0, 3.25, 0.5], "texture": "#2"},
				"south": {"uv": [0, 0, 0.25, 0.5], "texture": "#2"},
				"west": {"uv": [0, 0, 3.25, 0.5], "texture": "#2"},
				"up": {"uv": [0, 0, 0.25, 3.25], "texture": "#2"},
				"down": {"uv": [0, 0, 0.25, 3.25], "texture": "#2"}
			}
		}
	],
	"display": {
		"thirdperson_righthand": {
			"rotation": [75, 45, 0],
			"translation": [0, 2.5, 0],
			"scale": [0.375, 0.375, 0.375]
		},
		"thirdperson_lefthand": {
			"rotation": [75, 45, 0],
			"translation": [0, 2.5, 0],
			"scale": [0.375, 0.375, 0.375]
		},
		"firstperson_righthand": {
			"rotation": [0, 45, 0],
			"scale": [0.4, 0.4, 0.4]
		},
		"firstperson_lefthand": {
			"rotation": [0, 225, 0],
			"scale": [0.4, 0.4, 0.4]
		},
		"ground": {
			"translation": [0, 3, 0],
			"scale": [0.25, 0.25, 0.25]
		},
		"gui": {
			"rotation": [30, 225, 0],
			"translation": [0, -0.75, 0],
			"scale": [0.445, 0.445, 0.445]
		},
		"fixed": {
			"rotation": [-90, 0, 0],
			"translation": [-16, 0, -16],
			"scale": [1.79, 1.79, 1.79]
		}
	},
	"groups": [
		{
			"name": "ship",
			"origin": [-3, 6, 10],
			"color": 0,
			"children": [0, 1, 2, 3, 4, 5, 6, 7, 8, 9, 10, 11, 12, 13, 14, 15, 16, 17, 18, 19, 20, 21, 22, 23, 24, 25, 26, 27, 28]
		},
		{
			"name": "stand",
			"origin": [2, -1, 0.5],
			"color": 0,
			"children": [29, 30, 31]
		}
	]
}