{
	"credit": "Made with Blockbench",
	"texture_size": [64, 64],
	"textures": {
		"2": "item/custom/models/shoulder_mount_camera",
		"particle": "item/custom/models/mic"
	},
	"elements": [
		{
			"from": [5, 0, 7],
			"to": [11, 6, 12],
			"rotation": {"angle": 0, "axis": "y", "origin": [7, 0, 7]},
			"faces": {
				"north": {"uv": [0, 3.5, 1.5, 5], "texture": "#2"},
				"east": {"uv": [4.75, 0, 6, 1.5], "texture": "#2"},
				"south": {"uv": [1.5, 3.5, 3, 5], "texture": "#2"},
				"west": {"uv": [4.75, 1.5, 6, 3], "texture": "#2"},
				"up": {"uv": [1.5, 6.25, 0, 5], "texture": "#2"},
				"down": {"uv": [3, 5, 1.5, 6.25], "texture": "#2"}
			}
		},
		{
			"from": [5, 0, 12],
			"to": [11, 7, 19],
			"rotation": {"angle": 0, "axis": "y", "origin": [7, 0, 14]},
			"faces": {
				"north": {"uv": [1.75, 0, 3.25, 1.75], "texture": "#2"},
				"east": {"uv": [0, 0, 1.75, 1.75], "texture": "#2"},
				"south": {"uv": [1.75, 1.75, 3.25, 3.5], "texture": "#2"},
				"west": {"uv": [0, 1.75, 1.75, 3.5], "texture": "#2"},
				"up": {"uv": [4.75, 1.75, 3.25, 0], "texture": "#2"},
				"down": {"uv": [4.75, 1.75, 3.25, 3.5], "texture": "#2"}
			}
		},
		{
			"from": [9, 7, 17],
			"to": [10, 11, 18],
			"rotation": {"angle": 0, "axis": "y", "origin": [7, 7, 13]},
			"faces": {
				"north": {"uv": [7.5, 1, 7.75, 2], "texture": "#2"},
				"east": {"uv": [4, 7.5, 4.25, 8.5], "texture": "#2"},
				"south": {"uv": [4.25, 7.5, 4.5, 8.5], "texture": "#2"},
				"west": {"uv": [4.5, 7.5, 4.75, 8.5], "texture": "#2"},
				"up": {"uv": [7.25, 5.5, 7, 5.25], "texture": "#2"},
				"down": {"uv": [7.25, 5.5, 7, 5.75], "texture": "#2"}
			}
		},
		{
			"from": [6, 7, 17],
			"to": [7, 11, 18],
			"rotation": {"angle": 0, "axis": "y", "origin": [4, 7, 13]},
			"faces": {
				"north": {"uv": [7.5, 5.25, 7.75, 6.25], "texture": "#2"},
				"east": {"uv": [7.5, 6.25, 7.75, 7.25], "texture": "#2"},
				"south": {"uv": [7.5, 7.25, 7.75, 8.25], "texture": "#2"},
				"west": {"uv": [7.75, 0, 8, 1], "texture": "#2"},
				"up": {"uv": [7.25, 6, 7, 5.75], "texture": "#2"},
				"down": {"uv": [7.5, 1.5, 7.25, 1.75], "texture": "#2"}
			}
		},
		{
			"from": [5, -1, 7],
			"to": [11, 0, 10],
			"rotation": {"angle": 0, "axis": "y", "origin": [7, -7, 6]},
			"faces": {
				"north": {"uv": [7, 3, 8.5, 3.25], "texture": "#2"},
				"east": {"uv": [7.75, 5.75, 8.5, 6], "texture": "#2"},
				"south": {"uv": [7, 4, 8.5, 4.25], "texture": "#2"},
				"west": {"uv": [7.75, 6, 8.5, 6.25], "texture": "#2"},
				"up": {"uv": [7.5, 4, 6, 3.25], "texture": "#2"},
				"down": {"uv": [5.5, 6, 4, 6.75], "texture": "#2"}
			}
		},
		{
			"from": [5, -1, 14],
			"to": [11, 0, 18],
			"rotation": {"angle": 0, "axis": "y", "origin": [7, -7, 14]},
			"faces": {
				"north": {"uv": [7, 4.25, 8.5, 4.5], "texture": "#2"},
				"east": {"uv": [7.5, 3.25, 8.5, 3.5], "texture": "#2"},
				"south": {"uv": [7, 4.5, 8.5, 4.75], "texture": "#2"},
				"west": {"uv": [7.5, 3.5, 8.5, 3.75], "texture": "#2"},
				"up": {"uv": [4.5, 6, 3, 5], "texture": "#2"},
				"down": {"uv": [6, 5, 4.5, 6], "texture": "#2"}
			}
		},
		{
			"from": [7, 8, 9],
			"to": [9, 9, 16],
			"rotation": {"angle": 0, "axis": "y", "origin": [7, 7, 10]},
			"faces": {
				"north": {"uv": [4.75, 7.75, 5.25, 8], "texture": "#2"},
				"east": {"uv": [7, 2, 8.75, 2.25], "texture": "#2"},
				"south": {"uv": [7.75, 6.25, 8.25, 6.5], "texture": "#2"},
				"west": {"uv": [7, 2.25, 8.75, 2.5], "texture": "#2"},
				"up": {"uv": [6, 7.75, 5.5, 6], "texture": "#2"},
				"down": {"uv": [6.5, 6, 6, 7.75], "texture": "#2"}
			}
		},
		{
			"from": [7.5, 7, 2],
			"to": [8.5, 8, 9],
			"rotation": {"angle": 0, "axis": "y", "origin": [6.5, 6, 3]},
			"faces": {
				"north": {"uv": [5.75, 3, 6, 3.25], "texture": "#2"},
				"east": {"uv": [7, 2.5, 8.75, 2.75], "texture": "#2"},
				"south": {"uv": [5.75, 3.25, 6, 3.5], "texture": "#2"},
				"west": {"uv": [7, 2.75, 8.75, 3], "texture": "#2"},
				"up": {"uv": [5.5, 8.5, 5.25, 6.75], "texture": "#2"},
				"down": {"uv": [2.25, 7, 2, 8.75], "texture": "#2"}
			}
		},
		{
			"from": [7, 4.91972, 17.59639],
			"to": [9, 8.91972, 19.59639],
			"rotation": {"angle": -22.5, "axis": "x", "origin": [7, -0.08028, 17.59639]},
			"faces": {
				"north": {"uv": [4.75, 6.75, 5.25, 7.75], "texture": "#2"},
				"east": {"uv": [6.5, 6.75, 7, 7.75], "texture": "#2"},
				"south": {"uv": [0, 7, 0.5, 8], "texture": "#2"},
				"west": {"uv": [0.5, 7, 1, 8], "texture": "#2"},
				"up": {"uv": [5.25, 3.5, 4.75, 3], "texture": "#2"},
				"down": {"uv": [5.75, 3, 5.25, 3.5], "texture": "#2"}
			}
		},
		{
			"from": [7, 4.9609, 8.80343],
			"to": [9, 8.9609, 9.80343],
			"rotation": {"angle": -22.5, "axis": "x", "origin": [8, 6.9609, 9.30343]},
			"faces": {
				"north": {"uv": [1, 7, 1.5, 8], "texture": "#2"},
				"east": {"uv": [7.25, 6.75, 7.5, 7.75], "texture": "#2"},
				"south": {"uv": [1.5, 7, 2, 8], "texture": "#2"},
				"west": {"uv": [7.5, 0, 7.75, 1], "texture": "#2"},
				"up": {"uv": [7, 8, 6.5, 7.75], "texture": "#2"},
				"down": {"uv": [8.25, 6.5, 7.75, 6.75], "texture": "#2"}
			}
		},
		{
			"from": [5, -0.5, -2],
			"to": [11, 5.5, -1],
			"rotation": {"angle": 0, "axis": "y", "origin": [7, 0.5, -2]},
			"faces": {
				"north": {"uv": [3, 3.5, 4.5, 5], "texture": "#2"},
				"east": {"uv": [2.25, 7, 2.5, 8.5], "texture": "#2"},
				"south": {"uv": [4.5, 3.5, 6, 5], "texture": "#2"},
				"west": {"uv": [2.5, 7, 2.75, 8.5], "texture": "#2"},
				"up": {"uv": [8.5, 5, 7, 4.75], "texture": "#2"},
				"down": {"uv": [8.5, 5, 7, 5.25], "texture": "#2"}
			}
		},
		{
			"from": [6, 0.5, -1],
			"to": [10, 4.5, 4],
			"rotation": {"angle": -45, "axis": "z", "origin": [8, 2.5, 3]},
			"faces": {
				"north": {"uv": [6, 4, 7, 5], "texture": "#2"},
				"east": {"uv": [6, 0, 7.25, 1], "texture": "#2"},
				"south": {"uv": [6, 5, 7, 6], "texture": "#2"},
				"west": {"uv": [6, 1, 7.25, 2], "texture": "#2"},
				"up": {"uv": [7, 3.25, 6, 2], "texture": "#2"},
				"down": {"uv": [4, 6, 3, 7.25], "texture": "#2"}
			}
		},
		{
			"from": [6.5, 1, 4],
			"to": [9.5, 4, 7],
			"rotation": {"angle": -45, "axis": "z", "origin": [8, 2.5, 3]},
			"faces": {
				"north": {"uv": [0, 6.25, 0.75, 7], "texture": "#2"},
				"east": {"uv": [0.75, 6.25, 1.5, 7], "texture": "#2"},
				"south": {"uv": [1.5, 6.25, 2.25, 7], "texture": "#2"},
				"west": {"uv": [2.25, 6.25, 3, 7], "texture": "#2"},
				"up": {"uv": [7.25, 6.75, 6.5, 6], "texture": "#2"},
				"down": {"uv": [4.75, 6.75, 4, 7.5], "texture": "#2"}
			}
		},
		{
			"from": [10, -0.5, -3],
			"to": [11, 5.5, -2],
			"rotation": {"angle": 0, "axis": "y", "origin": [9, -0.5, -4]},
			"faces": {
				"north": {"uv": [2.75, 7, 3, 8.5], "texture": "#2"},
				"east": {"uv": [7, 6.75, 7.25, 8.25], "texture": "#2"},
				"south": {"uv": [7.25, 0, 7.5, 1.5], "texture": "#2"},
				"west": {"uv": [3, 7.25, 3.25, 8.75], "texture": "#2"},
				"up": {"uv": [7.5, 2, 7.25, 1.75], "texture": "#2"},
				"down": {"uv": [8, 6.75, 7.75, 7], "texture": "#2"}
			}
		},
		{
			"from": [5, -0.5, -3],
			"to": [6, 5.5, -2],
			"rotation": {"angle": 0, "axis": "y", "origin": [4, -0.5, -4]},
			"faces": {
				"north": {"uv": [3.25, 7.25, 3.5, 8.75], "texture": "#2"},
				"east": {"uv": [3.5, 7.25, 3.75, 8.75], "texture": "#2"},
				"south": {"uv": [3.75, 7.25, 4, 8.75], "texture": "#2"},
				"west": {"uv": [7.25, 5.25, 7.5, 6.75], "texture": "#2"},
				"up": {"uv": [8, 7.25, 7.75, 7], "texture": "#2"},
				"down": {"uv": [7.5, 7.75, 7.25, 8], "texture": "#2"}
			}
		},
		{
			"from": [6, 4.5, -3],
			"to": [10, 5.5, -2],
			"rotation": {"angle": 0, "axis": "y", "origin": [4, -0.5, -4]},
			"faces": {
				"north": {"uv": [7.5, 3.75, 8.5, 4], "texture": "#2"},
				"east": {"uv": [7.75, 7.25, 8, 7.5], "texture": "#2"},
				"south": {"uv": [7.75, 1, 8.75, 1.25], "texture": "#2"},
				"west": {"uv": [7.75, 7.5, 8, 7.75], "texture": "#2"},
				"up": {"uv": [8.75, 1.5, 7.75, 1.25], "texture": "#2"},
				"down": {"uv": [8.75, 1.5, 7.75, 1.75], "texture": "#2"}
			}
		},
		{
			"from": [6, -0.5, -3],
			"to": [10, 0.5, -2],
			"rotation": {"angle": 0, "axis": "y", "origin": [4, -5.5, -4]},
			"faces": {
				"north": {"uv": [7.75, 1.75, 8.75, 2], "texture": "#2"},
				"east": {"uv": [7.75, 7.75, 8, 8], "texture": "#2"},
				"south": {"uv": [7.75, 5.25, 8.75, 5.5], "texture": "#2"},
				"west": {"uv": [0, 8, 0.25, 8.25], "texture": "#2"},
				"up": {"uv": [6.5, 8, 5.5, 7.75], "texture": "#2"},
				"down": {"uv": [8.75, 5.5, 7.75, 5.75], "texture": "#2"}
			}
		}
	],
	"gui_light": "front",
	"display": {
		"thirdperson_righthand": {
			"rotation": [75.25, 0, 0],
			"translation": [0, 2.5, 0.25]
		},
		"thirdperson_lefthand": {
			"rotation": [75.25, 0, 0],
			"translation": [0, 2.5, 0.25]
		},
		"firstperson_righthand": {
			"rotation": [0, 13, 0],
			"translation": [0, 1.5, 0],
			"scale": [0.4, 0.4, 0.4]
		},
		"firstperson_lefthand": {
			"rotation": [0, 13, 0],
			"translation": [0, 1.5, 0],
			"scale": [0.4, 0.4, 0.4]
		},
		"ground": {
			"translation": [0, 4, 0],
			"scale": [0.5, 0.5, 0.5]
		},
		"gui": {
			"rotation": [30, 225, 0],
			"translation": [0, 1.5, 0],
			"scale": [0.75, 0.75, 0.75]
		},
		"head": {
			"translation": [6.5, 6.75, -7.5],
			"scale": [1.6, 1.6, 1.6]
		},
		"fixed": {
			"rotation": [0, 90, 0],
			"translation": [0, 3, 0]
		}
	}
}