{
	"credit": "Made with Blockbench",
	"texture_size": [128, 128],
	"textures": {
		"1": "item/custom/models/shtreimel"
	},
	"elements": [
		{
			"from": [0.5, 4, 4.90641],
			"to": [15.51301, 14, 11.09359],
			"rotation": {"angle": 0, "axis": "y", "origin": [6.75, 4, 6.125]},
			"faces": {
				"east": {"uv": [1, 5, 1.75, 6.25], "texture": "#1"},
				"west": {"uv": [6.625, 0, 7.375, 1.25], "texture": "#1"},
				"up": {"uv": [5.625, 2, 3.75, 1.25], "texture": "#1"},
				"down": {"uv": [3.75, 3.75, 1.875, 4.5], "texture": "#1"}
			}
		},
		{
			"from": [4.90641, 4, 0.48699],
			"to": [11.09359, 14, 15.5],
			"rotation": {"angle": 0, "axis": "y", "origin": [7.375, 5.25, 8]},
			"faces": {
				"north": {"uv": [3, 7, 3.75, 8.25], "texture": "#1"},
				"south": {"uv": [3.75, 7, 4.5, 8.25], "texture": "#1"},
				"up": {"uv": [4.5, 3.875, 3.75, 2], "texture": "#1"},
				"down": {"uv": [4.5, 3.875, 3.75, 5.75], "texture": "#1"}
			}
		},
		{
			"from": [4.875, 4, 0.5],
			"to": [11.125, 14, 15.5],
			"rotation": {"angle": 45, "axis": "y", "origin": [8, 5.25, 8]},
			"faces": {
				"north": {"uv": [4.5, 7, 5.25, 8.25], "texture": "#1"},
				"south": {"uv": [5.25, 7, 6, 8.25], "texture": "#1"},
				"up": {"uv": [2.625, 6.375, 1.875, 4.5], "texture": "#1"},
				"down": {"uv": [5.25, 2, 4.5, 3.875], "texture": "#1"}
			}
		},
		{
			"from": [4.875, 4, 0.5],
			"to": [11.125, 14, 15.5],
			"rotation": {"angle": -45, "axis": "y", "origin": [8, 5.25, 8]},
			"faces": {
				"north": {"uv": [7.25, 1.25, 8, 2.5], "texture": "#1"},
				"south": {"uv": [7.25, 2.5, 8, 3.75], "texture": "#1"},
				"up": {"uv": [3.375, 6.375, 2.625, 4.5], "texture": "#1"},
				"down": {"uv": [5.25, 3.875, 4.5, 5.75], "texture": "#1"}
			}
		},
		{
			"from": [3.875, 4, 15.5],
			"to": [12.125, 14, 15.5],
			"rotation": {"angle": 45, "axis": "y", "origin": [8, 5.25, 8]},
			"faces": {
				"north": {"uv": [7.25, 1.25, 6.25, 2.5], "texture": "#1"},
				"east": {"uv": [0, 0, 0, 1.25], "texture": "#1"},
				"south": {"uv": [6.25, 1.25, 7.25, 2.5], "texture": "#1"},
				"west": {"uv": [0, 0, 0, 1.25], "texture": "#1"},
				"up": {"uv": [1, 0, 0, 0], "texture": "#1"},
				"down": {"uv": [1, 0, 0, 0], "texture": "#1"}
			}
		},
		{
			"from": [15.5, 4, 3.875],
			"to": [15.5, 14, 12.125],
			"rotation": {"angle": 0, "axis": "y", "origin": [6.75, 4, 6.125]},
			"faces": {
				"north": {"uv": [0, 0, 0, 1.25], "texture": "#1"},
				"east": {"uv": [6.375, 5, 7.375, 6.25], "texture": "#1"},
				"south": {"uv": [0, 0, 0, 1.25], "texture": "#1"},
				"west": {"uv": [7.375, 5, 6.375, 6.25], "texture": "#1"},
				"up": {"uv": [0, 1, 0, 0], "texture": "#1"},
				"down": {"uv": [0, 0, 0, 1], "texture": "#1"}
			}
		},
		{
			"from": [0.5, 4, 3.875],
			"to": [0.5, 14, 12.125],
			"rotation": {"angle": 0, "axis": "y", "origin": [6.75, 4, 6.125]},
			"faces": {
				"north": {"uv": [0, 0, 0, 1.25], "texture": "#1"},
				"east": {"uv": [4.375, 5.75, 3.375, 7], "texture": "#1"},
				"south": {"uv": [0, 0, 0, 1.25], "texture": "#1"},
				"west": {"uv": [3.375, 5.75, 4.375, 7], "texture": "#1"},
				"up": {"uv": [0, 1, 0, 0], "texture": "#1"},
				"down": {"uv": [0, 0, 0, 1], "texture": "#1"}
			}
		},
		{
			"from": [3.875, 4, 0.5],
			"to": [12.125, 14, 0.5],
			"rotation": {"angle": 45, "axis": "y", "origin": [8, 5.25, 8]},
			"faces": {
				"north": {"uv": [5.25, 3.25, 6.25, 4.5], "texture": "#1"},
				"east": {"uv": [0, 0, 0, 1.25], "texture": "#1"},
				"south": {"uv": [6.25, 3.25, 5.25, 4.5], "texture": "#1"},
				"west": {"uv": [0, 0, 0, 1.25], "texture": "#1"},
				"up": {"uv": [1, 0, 0, 0], "texture": "#1"},
				"down": {"uv": [1, 0, 0, 0], "texture": "#1"}
			}
		},
		{
			"from": [3.875, 4, 0.5],
			"to": [12.125, 14, 0.5],
			"rotation": {"angle": -45, "axis": "y", "origin": [8, 5.25, 8]},
			"faces": {
				"north": {"uv": [4.375, 5.75, 5.375, 7], "texture": "#1"},
				"east": {"uv": [0, 0, 0, 1.25], "texture": "#1"},
				"south": {"uv": [5.375, 5.75, 4.375, 7], "texture": "#1"},
				"west": {"uv": [0, 0, 0, 1.25], "texture": "#1"},
				"up": {"uv": [1, 0, 0, 0], "texture": "#1"},
				"down": {"uv": [1, 0, 0, 0], "texture": "#1"}
			}
		},
		{
			"from": [3.875, 4, 0.5],
			"to": [12.125, 14, 0.5],
			"rotation": {"angle": 0, "axis": "y", "origin": [7.375, 5.25, 8]},
			"faces": {
				"north": {"uv": [0, 5, 1, 6.25], "texture": "#1"},
				"east": {"uv": [0, 0, 0, 1.25], "texture": "#1"},
				"south": {"uv": [1, 5, 0, 6.25], "texture": "#1"},
				"west": {"uv": [0, 0, 0, 1.25], "texture": "#1"},
				"up": {"uv": [1, 0, 0, 0], "texture": "#1"},
				"down": {"uv": [1, 0, 0, 0], "texture": "#1"}
			}
		},
		{
			"from": [0.5, 4, 3.875],
			"to": [0.5, 14, 12.125],
			"rotation": {"angle": 45, "axis": "y", "origin": [8, 5.25, 8]},
			"faces": {
				"north": {"uv": [0, 0, 0, 1.25], "texture": "#1"},
				"east": {"uv": [3, 6.375, 2, 7.625], "texture": "#1"},
				"south": {"uv": [0, 0, 0, 1.25], "texture": "#1"},
				"west": {"uv": [2, 6.375, 3, 7.625], "texture": "#1"},
				"up": {"uv": [0, 1, 0, 0], "texture": "#1"},
				"down": {"uv": [0, 0, 0, 1], "texture": "#1"}
			}
		},
		{
			"from": [3.875, 4, 15.5],
			"to": [11.875, 14, 15.5],
			"rotation": {"angle": 0, "axis": "y", "origin": [7.375, 5.25, 8]},
			"faces": {
				"north": {"uv": [7.25, 3.75, 6.25, 5], "texture": "#1"},
				"east": {"uv": [0, 0, 0, 1.25], "texture": "#1"},
				"south": {"uv": [6.25, 3.75, 7.25, 5], "texture": "#1"},
				"west": {"uv": [0, 0, 0, 1.25], "texture": "#1"},
				"up": {"uv": [1, 0, 0, 0], "texture": "#1"},
				"down": {"uv": [1, 0, 0, 0], "texture": "#1"}
			}
		},
		{
			"from": [2, 0, 7],
			"to": [4, 4, 9],
			"rotation": {"angle": 0, "axis": "y", "origin": [7, 4, 7]},
			"faces": {
				"north": {"uv": [3.375, 4.5, 3.625, 5], "texture": "#1"},
				"east": {"uv": [3.375, 5, 3.625, 5.5], "texture": "#1"},
				"south": {"uv": [5.625, 1.25, 5.875, 1.75], "texture": "#1"},
				"west": {"uv": [5.875, 1.25, 6.125, 1.75], "texture": "#1"},
				"up": {"uv": [3.625, 5.75, 3.375, 5.5], "texture": "#1"},
				"down": {"uv": [5.875, 1.75, 5.625, 2], "texture": "#1"}
			}
		},
		{
			"from": [12, 0, 7],
			"to": [14, 4, 9],
			"rotation": {"angle": 0, "axis": "y", "origin": [7, 4, 7]},
			"faces": {
				"north": {"uv": [3, 6.375, 3.25, 6.875], "texture": "#1"},
				"east": {"uv": [6, 7, 6.25, 7.5], "texture": "#1"},
				"south": {"uv": [7.25, 3.75, 7.5, 4.25], "texture": "#1"},
				"west": {"uv": [7.25, 4.25, 7.5, 4.75], "texture": "#1"},
				"up": {"uv": [6.125, 2, 5.875, 1.75], "texture": "#1"},
				"down": {"uv": [7.5, 4.75, 7.25, 5], "texture": "#1"}
			}
		},
		{
			"from": [12.5, -4, 7.5],
			"to": [13.5, 0, 8.5],
			"rotation": {"angle": 0, "axis": "y", "origin": [7, 4, 7]},
			"faces": {
				"north": {"uv": [6.125, 1.25, 6.25, 1.75], "texture": "#1"},
				"east": {"uv": [6.25, 5, 6.375, 5.5], "texture": "#1"},
				"south": {"uv": [3.25, 6.375, 3.375, 6.875], "texture": "#1"},
				"west": {"uv": [6.25, 7, 6.375, 7.5], "texture": "#1"},
				"up": {"uv": [1.875, 6.125, 1.75, 6], "texture": "#1"},
				"down": {"uv": [1.875, 6.125, 1.75, 6.25], "texture": "#1"}
			}
		},
		{
			"from": [2.5, -4, 7.5],
			"to": [3.5, 0, 8.5],
			"rotation": {"angle": 0, "axis": "y", "origin": [7, 4, 7]},
			"faces": {
				"north": {"uv": [3.625, 4.5, 3.75, 5], "texture": "#1"},
				"east": {"uv": [1.75, 5, 1.875, 5.5], "texture": "#1"},
				"south": {"uv": [3.625, 5, 3.75, 5.5], "texture": "#1"},
				"west": {"uv": [1.75, 5.5, 1.875, 6], "texture": "#1"},
				"up": {"uv": [3.75, 5.625, 3.625, 5.5], "texture": "#1"},
				"down": {"uv": [3.75, 5.625, 3.625, 5.75], "texture": "#1"}
			}
		}
	],
	"display": {
		"thirdperson_righthand": {
			"rotation": [75, 45, 0],
			"translation": [0, 2.5, 0],
			"scale": [0.375, 0.375, 0.375]
		},
		"thirdperson_lefthand": {
			"rotation": [75, 45, 0],
			"translation": [0, 2.5, 0],
			"scale": [0.375, 0.375, 0.375]
		},
		"firstperson_righthand": {
			"rotation": [0, 45, 0],
			"scale": [0.4, 0.4, 0.4]
		},
		"firstperson_lefthand": {
			"rotation": [0, 225, 0],
			"scale": [0.4, 0.4, 0.4]
		},
		"ground": {
			"translation": [0, 3, 0],
			"scale": [0.25, 0.25, 0.25]
		},
		"gui": {
			"rotation": [30, 225, 0],
			"scale": [0.625, 0.625, 0.625]
		},
		"head": {
			"translation": [0, 9.25, 0],
			"scale": [1.61, 1.61, 1.61]
		},
		"fixed": {
			"scale": [0.5, 0.5, 0.5]
		}
	},
	"groups": [
		{
			"name": "group",
			"origin": [8, 1.25, 8],
			"color": 0,
			"children": [0, 1, 2, 3]
		},
		{
			"name": "group",
			"origin": [7.375, 1.25, 8],
			"color": 0,
			"children": [4, 5, 6, 7, 8, 9, 10, 11]
		},
		{
			"name": "group",
			"origin": [7, 0, 7],
			"color": 0,
			"children": [12, 13, 14, 15]
		}
	]
}