{
	"credit": "Made with Blockbench",
	"texture_size": [32, 32],
	"textures": {
		"6": "item/custom/models/skull_ornament"
	},
	"elements": [
		{
			"from": [4, 6, 4],
			"to": [12, 13, 12],
			"rotation": {"angle": 0, "axis": "y", "origin": [7, 0, 7]},
			"faces": {
				"north": {"uv": [4, 0, 8, 3.5], "texture": "#6"},
				"east": {"uv": [4, 3.5, 8, 7], "texture": "#6"},
				"south": {"uv": [4, 7, 8, 10.5], "texture": "#6"},
				"west": {"uv": [0, 8, 4, 11.5], "texture": "#6"},
				"up": {"uv": [4, 4, 0, 0], "texture": "#6"},
				"down": {"uv": [4, 4, 0, 8], "texture": "#6"}
			}
		},
		{
			"from": [5.5, 2, 4],
			"to": [10.5, 6, 5],
			"rotation": {"angle": 0, "axis": "y", "origin": [7, 0, 7]},
			"faces": {
				"north": {"uv": [11, 0, 13.5, 2], "texture": "#6"},
				"east": {"uv": [7, 10.5, 7.5, 12.5], "texture": "#6"},
				"south": {"uv": [11, 2, 13.5, 4], "texture": "#6"},
				"west": {"uv": [7.5, 10.5, 8, 12.5], "texture": "#6"},
				"up": {"uv": [13.5, 4.5, 11, 4], "texture": "#6"},
				"down": {"uv": [13.5, 4.5, 11, 5], "texture": "#6"}
			}
		},
		{
			"from": [5, 2, 5],
			"to": [11, 6, 10],
			"rotation": {"angle": 0, "axis": "y", "origin": [7, 0, 7]},
			"faces": {
				"north": {"uv": [8, 6, 11, 8], "texture": "#6"},
				"east": {"uv": [8, 8, 11, 10], "texture": "#6"},
				"south": {"uv": [8, 10, 11, 12], "texture": "#6"},
				"west": {"uv": [4, 10.5, 7, 12.5], "texture": "#6"},
				"up": {"uv": [11, 3, 8, 0], "texture": "#6"},
				"down": {"uv": [11, 3, 8, 6], "texture": "#6"}
			}
		}
	],
	"display": {
		"thirdperson_righthand": {
			"rotation": [75, 45, 0],
			"translation": [0, 2.5, 0],
			"scale": [0.565, 0.565, 0.565]
		},
		"thirdperson_lefthand": {
			"rotation": [75, 45, 0],
			"translation": [0, 2.5, 0],
			"scale": [0.565, 0.565, 0.565]
		},
		"firstperson_righthand": {
			"rotation": [0, 135, 0],
			"translation": [0, 1, 0],
			"scale": [0.4, 0.4, 0.4]
		},
		"firstperson_lefthand": {
			"rotation": [0, 135, 0],
			"translation": [0, 1, 0],
			"scale": [0.4, 0.4, 0.4]
		},
		"ground": {
			"translation": [0, 2, 0],
			"scale": [0.49, 0.49, 0.49]
		},
		"gui": {
			"rotation": [30, 225, 0],
			"scale": [0.75, 0.75, 0.75]
		},
		"head": {
			"translation": [0, 2.5, 0],
			"scale": [1.81, 1.81, 1.81]
		},
		"fixed": {
			"rotation": [0, 25, 0],
			"translation": [0, 31, 16],
			"scale": [2.5, 2.5, 2.5]
		}
	}
}