{
	"credit": "Made with Blockbench",
	"texture_size": [64, 64],
	"textures": {
		"1": "item/custom/models/snow_fox"
	},
	"elements": [
		{
			"from": [4, 9.75, 5],
			"to": [12, 15.75, 11],
			"rotation": {"angle": 0, "axis": "y", "origin": [0, 4.75, -2]},
			"faces": {
				"north": {"uv": [1.75, 2.75, 3.75, 4.25], "texture": "#1"},
				"east": {"uv": [0.25, 2.75, 1.75, 4.25], "texture": "#1"},
				"south": {"uv": [5.25, 2.75, 7.25, 4.25], "texture": "#1"},
				"west": {"uv": [3.75, 2.75, 5.25, 4.25], "texture": "#1"},
				"up": {"uv": [3.75, 2.75, 1.75, 1.25], "texture": "#1"},
				"down": {"uv": [5.75, 1.25, 3.75, 2.75], "texture": "#1"}
			}
		},
		{
			"from": [5, 1.75, 6],
			"to": [11, 9.75, 10],
			"rotation": {"angle": 0, "axis": "y", "origin": [0, 4.75, -2]},
			"faces": {
				"north": {"uv": [7.5, 5.25, 9, 7.25], "texture": "#1"},
				"east": {"uv": [6.5, 5.25, 7.5, 7.25], "texture": "#1"},
				"south": {"uv": [10, 5.25, 11.5, 7.25], "texture": "#1"},
				"west": {"uv": [9, 5.25, 10, 7.25], "texture": "#1"},
				"up": {"uv": [9, 5.25, 7.5, 4.25], "texture": "#1"},
				"down": {"uv": [10.5, 4.25, 9, 5.25], "texture": "#1"}
			}
		},
		{
			"from": [10, 15.75, 6],
			"to": [12, 17.75, 7],
			"rotation": {"angle": 0, "axis": "y", "origin": [0, 4.75, -2]},
			"faces": {
				"north": {"uv": [2.25, 0.5, 2.75, 1], "texture": "#1"},
				"east": {"uv": [2, 0.5, 2.25, 1], "texture": "#1"},
				"south": {"uv": [3, 0.5, 3.5, 1], "texture": "#1"},
				"west": {"uv": [2.75, 0.5, 3, 1], "texture": "#1"},
				"up": {"uv": [2.75, 0.5, 2.25, 0.25], "texture": "#1"},
				"down": {"uv": [3.25, 0.25, 2.75, 0.5], "texture": "#1"}
			}
		},
		{
			"from": [4, 15.75, 6],
			"to": [6, 17.75, 7],
			"rotation": {"angle": 0, "axis": "y", "origin": [0, 4.75, -2]},
			"faces": {
				"north": {"uv": [2.25, 0.5, 2.75, 1], "texture": "#1"},
				"east": {"uv": [2, 0.5, 2.25, 1], "texture": "#1"},
				"south": {"uv": [3, 0.5, 3.5, 1], "texture": "#1"},
				"west": {"uv": [2.75, 0.5, 3, 1], "texture": "#1"},
				"up": {"uv": [2.75, 0.5, 2.25, 0.25], "texture": "#1"},
				"down": {"uv": [3.25, 0.25, 2.75, 0.5], "texture": "#1"}
			}
		},
		{
			"from": [6, 9.75, 2],
			"to": [10, 11.75, 5],
			"rotation": {"angle": 0, "axis": "y", "origin": [0, 4.75, -2]},
			"faces": {
				"north": {"uv": [2.25, 5.25, 3.25, 5.75], "texture": "#1"},
				"east": {"uv": [1.5, 5.25, 2.25, 5.75], "texture": "#1"},
				"south": {"uv": [4, 5.25, 5, 5.75], "texture": "#1"},
				"west": {"uv": [3.25, 5.25, 4, 5.75], "texture": "#1"},
				"up": {"uv": [3.25, 5.25, 2.25, 4.5], "texture": "#1"},
				"down": {"uv": [4.25, 4.5, 3.25, 5.25], "texture": "#1"}
			}
		},
		{
			"from": [0, 6.75, 7],
			"to": [5, 8.75, 9],
			"rotation": {"angle": 0, "axis": "z", "origin": [2.5, 7.75, 8]},
			"faces": {
				"north": {"uv": [1.5, 6.5, 2, 7.75], "rotation": 270, "texture": "#1"},
				"east": {"uv": [2, 6.5, 1.5, 6], "rotation": 90, "texture": "#1"},
				"south": {"uv": [2.5, 6.5, 3, 7.75], "rotation": 90, "texture": "#1"},
				"west": {"uv": [2.5, 6, 2, 6.5], "rotation": 90, "texture": "#1"},
				"up": {"uv": [2, 6.5, 2.5, 7.75], "rotation": 90, "texture": "#1"},
				"down": {"uv": [1, 6.5, 1.5, 7.75], "rotation": 90, "texture": "#1"}
			}
		},
		{
			"from": [11, 6.75, 7],
			"to": [16, 8.75, 9],
			"rotation": {"angle": 0, "axis": "z", "origin": [13.5, 7.75, 8]},
			"faces": {
				"north": {"uv": [3.75, 6.5, 4.25, 7.75], "rotation": 90, "texture": "#1"},
				"east": {"uv": [4.75, 6, 4.25, 6.5], "rotation": 270, "texture": "#1"},
				"south": {"uv": [4.75, 6.5, 5.25, 7.75], "rotation": 270, "texture": "#1"},
				"west": {"uv": [4.25, 6.5, 3.75, 6], "rotation": 270, "texture": "#1"},
				"up": {"uv": [3.25, 6.5, 3.75, 7.75], "rotation": 270, "texture": "#1"},
				"down": {"uv": [4.25, 6.5, 4.75, 7.75], "rotation": 270, "texture": "#1"}
			}
		},
		{
			"from": [8.5, -3.25, 7],
			"to": [10.5, 1.75, 9],
			"rotation": {"angle": 0, "axis": "y", "origin": [0, 4.75, -2]},
			"faces": {
				"north": {"uv": [3.75, 6.5, 4.25, 7.75], "texture": "#1"},
				"east": {"uv": [3.25, 6.5, 3.75, 7.75], "texture": "#1"},
				"south": {"uv": [4.75, 6.5, 5.25, 7.75], "texture": "#1"},
				"west": {"uv": [4.25, 6.5, 4.75, 7.75], "texture": "#1"},
				"up": {"uv": [4.25, 6.5, 3.75, 6], "texture": "#1"},
				"down": {"uv": [4.75, 6, 4.25, 6.5], "texture": "#1"}
			}
		},
		{
			"from": [5.5, -3.25, 7],
			"to": [7.5, 1.75, 9],
			"rotation": {"angle": 0, "axis": "y", "origin": [0, 4.75, -2]},
			"faces": {
				"north": {"uv": [1.5, 6.5, 2, 7.75], "texture": "#1"},
				"east": {"uv": [1, 6.5, 1.5, 7.75], "texture": "#1"},
				"south": {"uv": [2.5, 6.5, 3, 7.75], "texture": "#1"},
				"west": {"uv": [2, 6.5, 2.5, 7.75], "texture": "#1"},
				"up": {"uv": [2, 6.5, 1.5, 6], "texture": "#1"},
				"down": {"uv": [2.5, 6, 2, 6.5], "texture": "#1"}
			}
		},
		{
			"from": [6, 1.27929, 8.50311],
			"to": [10, 5.27929, 15.50311],
			"rotation": {"angle": 22.5, "axis": "x", "origin": [8, 3.27929, 12.00311]},
			"faces": {
				"north": {"uv": [9.75, 1.25, 8.75, 0.25], "rotation": 180, "texture": "#1"},
				"east": {"uv": [7.75, 1.25, 8.75, 3], "rotation": 90, "texture": "#1"},
				"south": {"uv": [10.75, 0.25, 9.75, 1.25], "texture": "#1"},
				"west": {"uv": [9.75, 1.25, 10.75, 3], "rotation": 270, "texture": "#1"},
				"up": {"uv": [10.75, 1.25, 11.75, 3], "texture": "#1"},
				"down": {"uv": [8.75, 1.25, 9.75, 3], "rotation": 180, "texture": "#1"}
			}
		}
	],
	"gui_light": "front",
	"display": {
		"thirdperson_righthand": {
			"scale": [0.67, 0.67, 0.67]
		},
		"thirdperson_lefthand": {
			"scale": [0.67, 0.67, 0.67]
		},
		"firstperson_righthand": {
			"rotation": [150, 41.24, -150],
			"translation": [1.75, 2.75, 0.75],
			"scale": [0.3, 0.3, 0.3]
		},
		"firstperson_lefthand": {
			"rotation": [150, 41.24, -150],
			"translation": [1.75, 2.75, 0.75],
			"scale": [0.3, 0.3, 0.3]
		},
		"ground": {
			"translation": [0, 4.5, 0],
			"scale": [0.67, 0.67, 0.67]
		},
		"gui": {
			"rotation": [170.7, 10.81, 177.96],
			"translation": [0, 0.5, 0],
			"scale": [0.7, 0.7, 0.7]
		}
	}
}