{
	"credit": "Made with Blockbench",
	"texture_size": [64, 64],
	"textures": {
		"1": "item/custom/models/afoxtotem"
	},
	"elements": [
		{
			"from": [4, 9.75, 5],
			"to": [12, 15.75, 11],
			"rotation": {"angle": 0, "axis": "y", "origin": [0, 4.75, -2]},
			"faces": {
				"north": {"uv": [1.5, 1.5, 3.5, 3], "texture": "#1"},
				"east": {"uv": [0, 1.5, 1.5, 3], "texture": "#1"},
				"south": {"uv": [5, 1.5, 7, 3], "texture": "#1"},
				"west": {"uv": [3.5, 1.5, 5, 3], "texture": "#1"},
				"up": {"uv": [3.5, 1.5, 1.5, 0], "texture": "#1"},
				"down": {"uv": [5.5, 0, 3.5, 1.5], "texture": "#1"}
			}
		},
		{
			"from": [5, 1.75, 6],
			"to": [11, 9.75, 10],
			"rotation": {"angle": 0, "axis": "y", "origin": [0, 4.75, -2]},
			"faces": {
				"north": {"uv": [5.5, 5.75, 7, 7.75], "texture": "#1"},
				"east": {"uv": [4.5, 5.75, 5.5, 7.75], "texture": "#1"},
				"south": {"uv": [8, 5.75, 9.5, 7.75], "texture": "#1"},
				"west": {"uv": [7, 5.75, 8, 7.75], "texture": "#1"},
				"up": {"uv": [7, 5.75, 5.5, 4.75], "texture": "#1"},
				"down": {"uv": [8.5, 4.75, 7, 5.75], "texture": "#1"}
			}
		},
		{
			"from": [10, 15.75, 6],
			"to": [12, 17.75, 7],
			"rotation": {"angle": 0, "axis": "y", "origin": [0, 4.75, -2]},
			"faces": {
				"north": {"uv": [0.25, 1, 0.75, 1.5], "texture": "#1"},
				"east": {"uv": [0, 1, 0.25, 1.5], "texture": "#1"},
				"south": {"uv": [1, 1, 1.5, 1.5], "texture": "#1"},
				"west": {"uv": [0.75, 1, 1, 1.5], "texture": "#1"},
				"up": {"uv": [0.75, 1, 0.25, 0.75], "texture": "#1"},
				"down": {"uv": [1.25, 0.75, 0.75, 1], "texture": "#1"}
			}
		},
		{
			"from": [4, 15.75, 6],
			"to": [6, 17.75, 7],
			"rotation": {"angle": 0, "axis": "y", "origin": [0, 4.75, -2]},
			"faces": {
				"north": {"uv": [0.25, 0.25, 0.75, 0.75], "texture": "#1"},
				"east": {"uv": [0, 0.25, 0.25, 0.75], "texture": "#1"},
				"south": {"uv": [1, 0.25, 1.5, 0.75], "texture": "#1"},
				"west": {"uv": [0.75, 0.25, 1, 0.75], "texture": "#1"},
				"up": {"uv": [0.75, 0.25, 0.25, 0], "texture": "#1"},
				"down": {"uv": [1.25, 0, 0.75, 0.25], "texture": "#1"}
			}
		},
		{
			"from": [6, 9.75, 2],
			"to": [10, 11.75, 5],
			"rotation": {"angle": 0, "axis": "y", "origin": [0, 4.75, -2]},
			"faces": {
				"north": {"uv": [4.5, 3.75, 5.5, 4.25], "texture": "#1"},
				"east": {"uv": [3.75, 3.75, 4.5, 4.25], "texture": "#1"},
				"south": {"uv": [6.25, 3.75, 7.25, 4.25], "texture": "#1"},
				"west": {"uv": [5.5, 3.75, 6.25, 4.25], "texture": "#1"},
				"up": {"uv": [5.5, 3.75, 4.5, 3], "texture": "#1"},
				"down": {"uv": [6.5, 3, 5.5, 3.75], "texture": "#1"}
			}
		},
		{
			"from": [0, 6.75, 7],
			"to": [5, 8.75, 9],
			"rotation": {"angle": 0, "axis": "y", "origin": [0, 4.75, -2]},
			"faces": {
				"north": {"uv": [0.5, 6.25, 1.75, 6.75], "texture": "#1"},
				"east": {"uv": [0, 6.25, 0.5, 6.75], "texture": "#1"},
				"south": {"uv": [2.25, 6.25, 3.5, 6.75], "texture": "#1"},
				"west": {"uv": [1.75, 6.25, 2.25, 6.75], "texture": "#1"},
				"up": {"uv": [1.75, 6.25, 0.5, 5.75], "texture": "#1"},
				"down": {"uv": [3, 5.75, 1.75, 6.25], "texture": "#1"}
			}
		},
		{
			"from": [11, 6.75, 7],
			"to": [16, 8.75, 9],
			"rotation": {"angle": 0, "axis": "y", "origin": [0, 4.75, 0]},
			"faces": {
				"north": {"uv": [6, 0.5, 7.25, 1], "texture": "#1"},
				"east": {"uv": [5.5, 0.5, 6, 1], "texture": "#1"},
				"south": {"uv": [7.75, 0.5, 9, 1], "texture": "#1"},
				"west": {"uv": [7.25, 0.5, 7.75, 1], "texture": "#1"},
				"up": {"uv": [7.25, 0.5, 6, 0], "texture": "#1"},
				"down": {"uv": [8.5, 0, 7.25, 0.5], "texture": "#1"}
			}
		},
		{
			"from": [8.5, -3.25, 7],
			"to": [10.5, 1.75, 9],
			"rotation": {"angle": 0, "axis": "y", "origin": [0, 4.75, -2]},
			"faces": {
				"north": {"uv": [2.5, 7.25, 3, 8.5], "texture": "#1"},
				"east": {"uv": [2, 7.25, 2.5, 8.5], "texture": "#1"},
				"south": {"uv": [3.5, 7.25, 4, 8.5], "texture": "#1"},
				"west": {"uv": [3, 7.25, 3.5, 8.5], "texture": "#1"},
				"up": {"uv": [3, 7.25, 2.5, 6.75], "texture": "#1"},
				"down": {"uv": [3.5, 6.75, 3, 7.25], "texture": "#1"}
			}
		},
		{
			"from": [5.5, -3.25, 7],
			"to": [7.5, 1.75, 9],
			"rotation": {"angle": 0, "axis": "y", "origin": [0, 4.75, -2]},
			"faces": {
				"north": {"uv": [0.5, 7.25, 1, 8.5], "texture": "#1"},
				"east": {"uv": [0, 7.25, 0.5, 8.5], "texture": "#1"},
				"south": {"uv": [1.5, 7.25, 2, 8.5], "texture": "#1"},
				"west": {"uv": [1, 7.25, 1.5, 8.5], "texture": "#1"},
				"up": {"uv": [1, 7.25, 0.5, 6.75], "texture": "#1"},
				"down": {"uv": [1.5, 6.75, 1, 7.25], "texture": "#1"}
			}
		},
		{
			"from": [6, 6.75, 8],
			"to": [10, 10.75, 15],
			"rotation": {"angle": 22.5, "axis": "x", "origin": [0, 4.75, -2]},
			"faces": {
				"north": {"uv": [1.75, 4.75, 2.75, 5.75], "texture": "#1"},
				"east": {"uv": [0, 4.75, 1.75, 5.75], "texture": "#1"},
				"south": {"uv": [4.5, 4.75, 5.5, 5.75], "texture": "#1"},
				"west": {"uv": [2.75, 4.75, 4.5, 5.75], "texture": "#1"},
				"up": {"uv": [2.75, 4.75, 1.75, 3], "texture": "#1"},
				"down": {"uv": [3.75, 3, 2.75, 4.75], "texture": "#1"}
			}
		}
	],
	"gui_light": "front",
	"display": {
		"thirdperson_righthand": {
			"scale": [0.67, 0.67, 0.67]
		},
		"thirdperson_lefthand": {
			"scale": [0.67, 0.67, 0.67]
		},
		"firstperson_righthand": {
			"rotation": [150, 41.24, -150],
			"translation": [0.75, 5.5, 0.75],
			"scale": [0.5, 0.5, 0.5]
		},
		"firstperson_lefthand": {
			"rotation": [150, 41.24, -150],
			"translation": [0.75, 5.5, 0.75],
			"scale": [0.5, 0.5, 0.5]
		},
		"ground": {
			"translation": [0, 4.5, 0],
			"scale": [0.67, 0.67, 0.67]
		},
		"gui": {
			"rotation": [170.7, 10.81, 177.96],
			"translation": [0, 0.5, 0],
			"scale": [0.7, 0.7, 0.7]
		}
	}
}