{
	"credit": "Made with Blockbench",
	"texture_size": [32, 32],
	"textures": {
		"1": "item/custom/models/star_guitar"
	},
	"elements": [
		{
			"from": [7, 5.2, 6.5],
			"to": [9, 18, 8.5],
			"faces": {
				"north": {"uv": [0, 3, 1, 9.5], "texture": "#1"},
				"east": {"uv": [1, 3, 2, 9.5], "texture": "#1"},
				"south": {"uv": [2, 3, 3, 9.5], "texture": "#1"},
				"west": {"uv": [3, 3, 4, 9.5], "texture": "#1"},
				"up": {"uv": [1, 10.5, 0, 9.5], "texture": "#1"},
				"down": {"uv": [2, 9.5, 1, 10.5], "texture": "#1"}
			}
		},
		{
			"from": [6.5, 18, 6.2],
			"to": [9.5, 20, 8.7],
			"faces": {
				"north": {"uv": [7.5, 8, 9, 9], "texture": "#1"},
				"east": {"uv": [2, 9.5, 3, 10.5], "texture": "#1"},
				"south": {"uv": [8.5, 0, 10, 1], "texture": "#1"},
				"west": {"uv": [3, 9.5, 4, 10.5], "texture": "#1"},
				"up": {"uv": [10, 2, 8.5, 1], "texture": "#1"},
				"down": {"uv": [10, 2, 8.5, 3], "texture": "#1"}
			}
		},
		{
			"from": [5.5, 2, 6.7],
			"to": [10.5, 8, 8.7],
			"faces": {
				"north": {"uv": [0, 0, 2.5, 3], "texture": "#1"},
				"east": {"uv": [4, 3, 5, 6], "texture": "#1"},
				"south": {"uv": [2.5, 0, 5, 3], "texture": "#1"},
				"west": {"uv": [5, 0, 6, 3], "texture": "#1"},
				"up": {"uv": [7.5, 4, 5, 3], "texture": "#1"},
				"down": {"uv": [7.5, 4, 5, 5], "texture": "#1"}
			}
		},
		{
			"from": [0.6, 11.1, 6.705],
			"to": [3.4, 13.9, 8.695],
			"rotation": {"angle": -45, "axis": "z", "origin": [0, 0, 0]},
			"faces": {
				"north": {"uv": [5, 5, 6.5, 6.5], "texture": "#1"},
				"east": {"uv": [8.5, 3, 9.5, 4.5], "texture": "#1"},
				"south": {"uv": [6, 0, 7.5, 1.5], "texture": "#1"},
				"west": {"uv": [8.5, 4.5, 9.5, 6], "texture": "#1"},
				"up": {"uv": [6.5, 9.5, 5, 8.5], "texture": "#1"},
				"down": {"uv": [10, 6, 8.5, 7], "texture": "#1"}
			}
		},
		{
			"from": [12.6, 11.1, 6.705],
			"to": [15.4, 13.9, 8.695],
			"rotation": {"angle": 45, "axis": "z", "origin": [16, 0, 0]},
			"faces": {
				"north": {"uv": [6, 1.5, 7.5, 3], "texture": "#1"},
				"east": {"uv": [6.5, 9, 7.5, 10.5], "texture": "#1"},
				"south": {"uv": [4, 6.5, 5.5, 8], "texture": "#1"},
				"west": {"uv": [9, 7, 10, 8.5], "texture": "#1"},
				"up": {"uv": [9, 10, 7.5, 9], "texture": "#1"},
				"down": {"uv": [10.5, 8.5, 9, 9.5], "texture": "#1"}
			}
		},
		{
			"from": [3.8, 7.4, 6.7],
			"to": [5.7, 9.4, 8.7],
			"rotation": {"angle": 0, "axis": "y", "origin": [16, 0, 0]},
			"faces": {
				"north": {"uv": [10, 1, 11, 2], "texture": "#1"},
				"east": {"uv": [10, 2, 11, 3], "texture": "#1"},
				"south": {"uv": [4, 10, 5, 11], "texture": "#1"},
				"west": {"uv": [10, 6, 11, 7], "texture": "#1"},
				"up": {"uv": [11, 8, 10, 7], "texture": "#1"},
				"down": {"uv": [8.5, 10, 7.5, 11], "texture": "#1"}
			}
		},
		{
			"from": [4.5, -3.5, 6.705],
			"to": [6.2, 0.3, 8.695],
			"rotation": {"angle": -22.5, "axis": "z", "origin": [16, 0, 0]},
			"faces": {
				"north": {"uv": [6.5, 5, 7.5, 7], "texture": "#1"},
				"east": {"uv": [5.5, 6.5, 6.5, 8.5], "texture": "#1"},
				"south": {"uv": [6.5, 7, 7.5, 9], "texture": "#1"},
				"west": {"uv": [7.5, 0, 8.5, 2], "texture": "#1"},
				"up": {"uv": [11.5, 5, 10.5, 4], "texture": "#1"},
				"down": {"uv": [6, 10.5, 5, 11.5], "texture": "#1"}
			}
		},
		{
			"from": [9.8, -3.5, 6.705],
			"to": [11.5, 0.3, 8.695],
			"rotation": {"angle": 22.5, "axis": "z", "origin": [0, 0, 0]},
			"faces": {
				"north": {"uv": [7.5, 2, 8.5, 4], "texture": "#1"},
				"east": {"uv": [7.5, 4, 8.5, 6], "texture": "#1"},
				"south": {"uv": [7.5, 6, 8.5, 8], "texture": "#1"},
				"west": {"uv": [4, 8, 5, 10], "texture": "#1"},
				"up": {"uv": [11.5, 6, 10.5, 5], "texture": "#1"},
				"down": {"uv": [7, 10.5, 6, 11.5], "texture": "#1"}
			}
		},
		{
			"from": [10.3, 7.4, 6.7],
			"to": [12.2, 9.4, 8.7],
			"faces": {
				"north": {"uv": [10, 9.5, 11, 10.5], "texture": "#1"},
				"east": {"uv": [0, 10.5, 1, 11.5], "texture": "#1"},
				"south": {"uv": [1, 10.5, 2, 11.5], "texture": "#1"},
				"west": {"uv": [2, 10.5, 3, 11.5], "texture": "#1"},
				"up": {"uv": [4, 11.5, 3, 10.5], "texture": "#1"},
				"down": {"uv": [11.5, 3, 10.5, 4], "texture": "#1"}
			}
		},
		{
			"from": [6.5, 20, 6.2],
			"to": [8.5, 22, 8.7],
			"faces": {
				"north": {"uv": [9.5, 3, 10.5, 4], "texture": "#1"},
				"east": {"uv": [9.5, 4, 10.5, 5], "texture": "#1"},
				"south": {"uv": [5, 9.5, 6, 10.5], "texture": "#1"},
				"west": {"uv": [9.5, 5, 10.5, 6], "texture": "#1"},
				"up": {"uv": [10, 10.5, 9, 9.5], "texture": "#1"},
				"down": {"uv": [11, 0, 10, 1], "texture": "#1"}
			}
		}
	],
	"gui_light": "front",
	"display": {
		"thirdperson_righthand": {
			"rotation": [68.39, 5.58, -45.24],
			"translation": [-3.25, -2, 0.75],
			"scale": [1.25, 1.25, 1.25]
		},
		"thirdperson_lefthand": {
			"rotation": [68.39, 5.58, -45.24],
			"translation": [-3.25, -2, 0.75],
			"scale": [1.25, 1.25, 1.25]
		},
		"firstperson_righthand": {
			"rotation": [20, 90, 0],
			"translation": [3, -0.25, -2],
			"scale": [0.78, 0.78, 0.78]
		},
		"firstperson_lefthand": {
			"rotation": [20, 90, 0],
			"translation": [3, -0.25, -2],
			"scale": [0.78, 0.78, 0.78]
		},
		"ground": {
			"rotation": [0, 0, 45],
			"translation": [0.75, 6, 0]
		},
		"gui": {
			"rotation": [180, 0, -135.5],
			"translation": [-1, -1, 0],
			"scale": [0.81, 0.81, 0.81]
		},
		"head": {
			"rotation": [90.96, -4.95, -127.59],
			"translation": [0, 6.75, 0]
		},
		"fixed": {
			"rotation": [0, 0, 43.75],
			"translation": [1, -1.75, 0],
			"scale": [1.2, 1.2, 1.2]
		}
	}
}