{
	"credit": "Made with Blockbench",
	"textures": {
		"53": "block/cauldron_inner",
		"56": "block/smithing_table_side",
		"67": "block/polished_blackstone",
		"68": "block/polished_blackstone_bricks",
		"73": "block/hopper_top",
		"76": "block/black_concrete_powder",
		"77": "block/dark_oak_planks",
		"78": "block/hopper_outside",
		"79": "block/smithing_table_top",
		"80": "block/smithing_table_bottom",
		"81": "block/polished_deepslate",
		"82": "block/cauldron_side",
		"85": "block/hopper_inside",
		"89": "block/chiseled_polished_blackstone",
		"90": "block/black_wool",
		"91": "block/cauldron_bottom",
		"particle": "block/iron_trapdoor"
	},
	"elements": [
		{
			"from": [13.6017, -10.2919, -1.6051],
			"to": [20.0051, -3.8885, 4.7983],
			"rotation": {"angle": 0, "axis": "y", "origin": [-8.0085, -10.2919, -14.4119]},
			"faces": {
				"north": {"uv": [0, 0, 16, 16], "texture": "#89"},
				"east": {"uv": [0, 0, 16, 16], "texture": "#89"},
				"south": {"uv": [0, 0, 16, 16], "texture": "#89"},
				"west": {"uv": [0, 0, 16, 16], "texture": "#89"},
				"up": {"uv": [0, 0, 16, 16], "texture": "#89"},
				"down": {"uv": [0, 0, 16, 16], "texture": "#89"}
			}
		},
		{
			"from": [13.6017, -10.2919, 11.2017],
			"to": [20.0051, -3.8885, 17.6051],
			"rotation": {"angle": 0, "axis": "y", "origin": [-8.0085, -10.2919, -14.4119]},
			"faces": {
				"north": {"uv": [0, 0, 16, 16], "texture": "#89"},
				"east": {"uv": [0, 0, 16, 16], "texture": "#89"},
				"south": {"uv": [0, 0, 16, 16], "texture": "#89"},
				"west": {"uv": [0, 0, 16, 16], "texture": "#89"},
				"up": {"uv": [0, 0, 16, 16], "texture": "#89"},
				"down": {"uv": [0, 0, 16, 16], "texture": "#89"}
			}
		},
		{
			"from": [7.1983, 2.5149, -8.0085],
			"to": [13.6017, 8.9183, -1.6051],
			"rotation": {"angle": 0, "axis": "y", "origin": [-8.0085, -10.2919, -14.4119]},
			"faces": {
				"north": {"uv": [0, 0, 16, 16], "texture": "#76"},
				"west": {"uv": [0, 0, 16, 16], "texture": "#76"}
			}
		},
		{
			"from": [7.1983, 2.5149, -1.6051],
			"to": [13.6017, 8.9183, 4.7983],
			"rotation": {"angle": 0, "axis": "y", "origin": [-8.0085, -10.2919, -14.4119]},
			"faces": {
				"east": {"uv": [0, 0, 16, 16], "texture": "#76"},
				"west": {"uv": [0, 0, 16, 16], "texture": "#76"}
			}
		},
		{
			"from": [7.1983, 2.5149, 4.7983],
			"to": [13.6017, 8.9183, 11.2017],
			"rotation": {"angle": 0, "axis": "y", "origin": [-8.0085, -10.2919, -14.4119]},
			"faces": {
				"east": {"uv": [0, 0, 16, 16], "texture": "#76"},
				"west": {"uv": [0, 0, 16, 16], "texture": "#76"}
			}
		},
		{
			"from": [7.1983, 2.5149, 11.2017],
			"to": [13.6017, 8.9183, 17.6051],
			"rotation": {"angle": 0, "axis": "y", "origin": [-8.0085, -10.2919, -14.4119]},
			"faces": {
				"east": {"uv": [0, 0, 16, 16], "texture": "#76"},
				"west": {"uv": [0, 0, 16, 16], "texture": "#76"}
			}
		},
		{
			"from": [7.1983, 2.5149, 17.6051],
			"to": [13.6017, 8.9183, 24.0085],
			"rotation": {"angle": 0, "axis": "y", "origin": [-8.0085, -10.2919, -14.4119]},
			"faces": {
				"south": {"uv": [0, 0, 16, 16], "texture": "#76"},
				"west": {"uv": [0, 0, 16, 16], "texture": "#76"}
			}
		},
		{
			"from": [13.6017, 2.5149, -8.0085],
			"to": [20.0051, 8.9183, -1.6051],
			"rotation": {"angle": 0, "axis": "y", "origin": [-8.0085, -10.2919, -14.4119]},
			"faces": {
				"north": {"uv": [0, 0, 16, 16], "texture": "#76"},
				"south": {"uv": [0, 0, 16, 16], "texture": "#76"}
			}
		},
		{
			"from": [13.6017, 2.5149, 17.6051],
			"to": [20.0051, 8.9183, 24.0085],
			"rotation": {"angle": 0, "axis": "y", "origin": [-8.0085, -10.2919, -14.4119]},
			"faces": {
				"north": {"uv": [0, 0, 16, 16], "texture": "#76"},
				"south": {"uv": [0, 0, 16, 16], "texture": "#76"}
			}
		},
		{
			"from": [20.0051, 2.5149, -8.0085],
			"to": [26.4085, 8.9183, -1.6051],
			"rotation": {"angle": 0, "axis": "y", "origin": [-8.0085, -10.2919, -14.4119]},
			"faces": {
				"north": {"uv": [0, 0, 16, 16], "texture": "#76"},
				"east": {"uv": [0, 0, 16, 16], "texture": "#76"},
				"south": {"uv": [0, 0, 16, 16], "texture": "#76"}
			}
		},
		{
			"from": [20.0051, 2.5149, 17.6051],
			"to": [26.4085, 8.9183, 24.0085],
			"rotation": {"angle": 0, "axis": "y", "origin": [-8.0085, -10.2919, -14.4119]},
			"faces": {
				"north": {"uv": [0, 0, 16, 16], "texture": "#90"},
				"east": {"uv": [0, 0, 16, 16], "texture": "#90"},
				"south": {"uv": [0, 0, 16, 16], "texture": "#90"}
			}
		},
		{
			"from": [7.1983, 8.9183, -8.0085],
			"to": [13.6017, 15.3217, -1.6051],
			"rotation": {"angle": 0, "axis": "y", "origin": [-8.0085, -10.2919, -14.4119]},
			"faces": {
				"north": {"uv": [0, 0, 16, 16], "texture": "#76"},
				"west": {"uv": [0, 0, 16, 16], "texture": "#76"}
			}
		},
		{
			"from": [7.1983, 8.9183, -1.6051],
			"to": [13.6017, 15.3217, 4.7983],
			"rotation": {"angle": 0, "axis": "y", "origin": [-8.0085, -10.2919, -14.4119]},
			"faces": {
				"east": {"uv": [0, 0, 16, 16], "texture": "#90"},
				"west": {"uv": [0, 0, 16, 16], "texture": "#90"}
			}
		},
		{
			"from": [7.1983, 8.9183, 4.7983],
			"to": [13.6017, 15.3217, 11.2017],
			"rotation": {"angle": 0, "axis": "y", "origin": [-8.0085, -10.2919, -14.4119]},
			"faces": {
				"east": {"uv": [0, 0, 16, 16], "texture": "#90"},
				"west": {"uv": [0, 0, 16, 16], "texture": "#90"}
			}
		},
		{
			"from": [7.1983, 8.9183, 11.2017],
			"to": [13.6017, 15.3217, 17.6051],
			"rotation": {"angle": 0, "axis": "y", "origin": [-8.0085, -10.2919, -14.4119]},
			"faces": {
				"east": {"uv": [0, 0, 16, 16], "texture": "#76"},
				"west": {"uv": [0, 0, 16, 16], "texture": "#76"}
			}
		},
		{
			"from": [7.1983, 8.9183, 17.6051],
			"to": [13.6017, 15.3217, 24.0085],
			"rotation": {"angle": 0, "axis": "y", "origin": [-8.0085, -10.2919, -14.4119]},
			"faces": {
				"south": {"uv": [0, 0, 16, 16], "texture": "#76"},
				"west": {"uv": [0, 0, 16, 16], "texture": "#76"}
			}
		},
		{
			"from": [13.6017, 8.9183, -8.0085],
			"to": [20.0051, 15.3217, -1.6051],
			"rotation": {"angle": 0, "axis": "y", "origin": [-8.0085, -10.2919, -14.4119]},
			"faces": {
				"north": {"uv": [0, 0, 16, 16], "texture": "#90"},
				"south": {"uv": [0, 0, 16, 16], "texture": "#90"}
			}
		},
		{
			"from": [13.6017, 8.9183, 17.6051],
			"to": [20.0051, 15.3217, 24.0085],
			"rotation": {"angle": 0, "axis": "y", "origin": [-8.0085, -10.2919, -14.4119]},
			"faces": {
				"north": {"uv": [0, 0, 16, 16], "texture": "#76"},
				"south": {"uv": [0, 0, 16, 16], "texture": "#76"}
			}
		},
		{
			"from": [20.0051, 8.9183, -8.0085],
			"to": [26.4085, 15.3217, -1.6051],
			"rotation": {"angle": 0, "axis": "y", "origin": [-8.0085, -10.2919, -14.4119]},
			"faces": {
				"north": {"uv": [0, 0, 16, 16], "texture": "#76"},
				"east": {"uv": [0, 0, 16, 16], "texture": "#76"},
				"south": {"uv": [0, 0, 16, 16], "texture": "#76"}
			}
		},
		{
			"from": [20.0051, 8.9183, 17.6051],
			"to": [26.4085, 15.3217, 24.0085],
			"rotation": {"angle": 0, "axis": "y", "origin": [-8.0085, -10.2919, -14.4119]},
			"faces": {
				"north": {"uv": [0, 0, 16, 16], "texture": "#90"},
				"east": {"uv": [0, 0, 16, 16], "texture": "#90"},
				"south": {"uv": [0, 0, 16, 16], "texture": "#90"}
			}
		},
		{
			"from": [7.1983, 15.3217, -8.0085],
			"to": [13.6017, 21.7251, -1.6051],
			"rotation": {"angle": 0, "axis": "y", "origin": [-8.0085, -10.2919, -14.4119]},
			"faces": {
				"north": {"uv": [0, 0, 16, 16], "texture": "#76"},
				"west": {"uv": [0, 0, 16, 16], "texture": "#76"},
				"up": {"uv": [0, 0, 16, 16], "texture": "#76"}
			}
		},
		{
			"from": [7.1983, 15.3217, -1.6051],
			"to": [13.6017, 21.7251, 4.7983],
			"rotation": {"angle": 0, "axis": "y", "origin": [-8.0085, -10.2919, -14.4119]},
			"faces": {
				"west": {"uv": [0, 0, 16, 16], "texture": "#76"},
				"up": {"uv": [0, 0, 16, 16], "texture": "#76"}
			}
		},
		{
			"from": [7.1983, 15.3217, 4.7983],
			"to": [13.6017, 21.7251, 11.2017],
			"rotation": {"angle": 0, "axis": "y", "origin": [-8.0085, -10.2919, -14.4119]},
			"faces": {
				"west": {"uv": [0, 0, 16, 16], "texture": "#76"},
				"up": {"uv": [0, 0, 16, 16], "texture": "#76"}
			}
		},
		{
			"from": [7.1983, 15.3217, 11.2017],
			"to": [13.6017, 21.7251, 17.6051],
			"rotation": {"angle": 0, "axis": "y", "origin": [-8.0085, -10.2919, -14.4119]},
			"faces": {
				"west": {"uv": [0, 0, 16, 16], "texture": "#76"},
				"up": {"uv": [0, 0, 16, 16], "texture": "#76"}
			}
		},
		{
			"from": [7.1983, 15.3217, 17.6051],
			"to": [13.6017, 21.7251, 24.0085],
			"rotation": {"angle": 0, "axis": "y", "origin": [-8.0085, -10.2919, -14.4119]},
			"faces": {
				"south": {"uv": [0, 0, 16, 16], "texture": "#90"},
				"west": {"uv": [0, 0, 16, 16], "texture": "#90"},
				"up": {"uv": [0, 0, 16, 16], "texture": "#90"}
			}
		},
		{
			"from": [13.6017, 15.3217, -8.0085],
			"to": [20.0051, 21.7251, -1.6051],
			"rotation": {"angle": 0, "axis": "y", "origin": [-8.0085, -10.2919, -14.4119]},
			"faces": {
				"north": {"uv": [0, 0, 16, 16], "texture": "#90"},
				"up": {"uv": [0, 0, 16, 16], "texture": "#90"}
			}
		},
		{
			"from": [13.6017, 15.3217, -1.6051],
			"to": [20.0051, 21.7251, 4.7983],
			"rotation": {"angle": 0, "axis": "y", "origin": [-8.0085, -10.2919, -14.4119]},
			"faces": {
				"up": {"uv": [0, 0, 16, 16], "texture": "#79"},
				"down": {"uv": [0, 0, 16, 16], "texture": "#80"}
			}
		},
		{
			"from": [13.6017, 15.3217, 4.7983],
			"to": [20.0051, 21.7251, 11.2017],
			"rotation": {"angle": 0, "axis": "y", "origin": [-8.0085, -10.2919, -14.4119]},
			"faces": {
				"up": {"uv": [0, 0, 16, 16], "texture": "#79"},
				"down": {"uv": [0, 0, 16, 16], "texture": "#80"}
			}
		},
		{
			"from": [13.6017, 15.3217, 11.2017],
			"to": [20.0051, 21.7251, 17.6051],
			"rotation": {"angle": 0, "axis": "y", "origin": [-8.0085, -10.2919, -14.4119]},
			"faces": {
				"up": {"uv": [0, 0, 16, 16], "texture": "#79"},
				"down": {"uv": [0, 0, 16, 16], "texture": "#80"}
			}
		},
		{
			"from": [13.6017, 15.3217, 17.6051],
			"to": [20.0051, 21.7251, 24.0085],
			"rotation": {"angle": 0, "axis": "y", "origin": [-8.0085, -10.2919, -14.4119]},
			"faces": {
				"south": {"uv": [0, 0, 16, 16], "texture": "#76"},
				"up": {"uv": [0, 0, 16, 16], "texture": "#76"}
			}
		},
		{
			"from": [20.0051, 15.3217, -8.0085],
			"to": [26.4085, 21.7251, -1.6051],
			"rotation": {"angle": 0, "axis": "y", "origin": [-8.0085, -10.2919, -14.4119]},
			"faces": {
				"north": {"uv": [0, 0, 16, 16], "texture": "#90"},
				"east": {"uv": [0, 0, 16, 16], "texture": "#90"},
				"up": {"uv": [0, 0, 16, 16], "texture": "#90"}
			}
		},
		{
			"from": [20.0051, 15.3217, -1.6051],
			"to": [26.4085, 21.7251, 4.7983],
			"rotation": {"angle": 0, "axis": "y", "origin": [-8.0085, -10.2919, -14.4119]},
			"faces": {
				"east": {"uv": [0, 0, 16, 16], "texture": "#56"},
				"up": {"uv": [0, 0, 16, 16], "texture": "#79"},
				"down": {"uv": [0, 0, 16, 16], "texture": "#80"}
			}
		},
		{
			"from": [20.0051, 15.3217, 4.7983],
			"to": [26.4085, 21.7251, 11.2017],
			"rotation": {"angle": 0, "axis": "y", "origin": [-8.0085, -10.2919, -14.4119]},
			"faces": {
				"east": {"uv": [0, 0, 16, 16], "texture": "#56"},
				"up": {"uv": [0, 0, 16, 16], "texture": "#79"},
				"down": {"uv": [0, 0, 16, 16], "texture": "#80"}
			}
		},
		{
			"from": [20.0051, 15.3217, 11.2017],
			"to": [26.4085, 21.7251, 17.6051],
			"rotation": {"angle": 0, "axis": "y", "origin": [-8.0085, -10.2919, -14.4119]},
			"faces": {
				"east": {"uv": [0, 0, 16, 16], "texture": "#56"},
				"up": {"uv": [0, 0, 16, 16], "texture": "#79"},
				"down": {"uv": [0, 0, 16, 16], "texture": "#80"}
			}
		},
		{
			"from": [20.0051, 15.3217, 17.6051],
			"to": [26.4085, 21.7251, 24.0085],
			"rotation": {"angle": 0, "axis": "y", "origin": [-8.0085, -10.2919, -14.4119]},
			"faces": {
				"east": {"uv": [0, 0, 16, 16], "texture": "#76"},
				"south": {"uv": [0, 0, 16, 16], "texture": "#76"},
				"up": {"uv": [0, 0, 16, 16], "texture": "#76"}
			}
		},
		{
			"from": [20.0051, -7.0902, -8.0085],
			"to": [26.4085, -3.8885, -1.6051],
			"rotation": {"angle": 0, "axis": "y", "origin": [-8.0085, -10.2919, -14.4119]},
			"faces": {
				"north": {"uv": [0, 0, 16, 8], "texture": "#81"},
				"east": {"uv": [0, 0, 16, 8], "texture": "#81"},
				"south": {"uv": [0, 0, 16, 8], "texture": "#81"},
				"west": {"uv": [0, 0, 16, 8], "texture": "#81"},
				"up": {"uv": [0, 0, 16, 16], "texture": "#81"},
				"down": {"uv": [0, 0, 16, 16], "texture": "#81"}
			}
		},
		{
			"from": [20.0051, -7.0902, 17.6051],
			"to": [26.4085, -3.8885, 24.0085],
			"rotation": {"angle": 0, "axis": "y", "origin": [-8.0085, -10.2919, -14.4119]},
			"faces": {
				"north": {"uv": [0, 0, 16, 8], "texture": "#81"},
				"east": {"uv": [0, 0, 16, 8], "texture": "#81"},
				"south": {"uv": [0, 0, 16, 8], "texture": "#81"},
				"west": {"uv": [0, 0, 16, 8], "texture": "#81"},
				"up": {"uv": [0, 0, 16, 16], "texture": "#81"},
				"down": {"uv": [0, 0, 16, 16], "texture": "#81"}
			}
		},
		{
			"from": [0.7949, -1.88744, -11.61041],
			"to": [1.59533, 2.5149, -10.80999],
			"rotation": {"angle": 0, "axis": "y", "origin": [-8.0085, -10.2919, -14.4119]},
			"faces": {
				"north": {"uv": [0, 0, 2, 11], "texture": "#77"},
				"east": {"uv": [7, 0, 9, 11], "texture": "#77"},
				"south": {"uv": [0, 0, 2, 11], "texture": "#77"},
				"west": {"uv": [7, 0, 9, 11], "texture": "#77"},
				"up": {"uv": [0, 7, 2, 9], "texture": "#77"},
				"down": {"uv": [0, 7, 2, 9], "texture": "#77"}
			}
		},
		{
			"from": [6.39787, -1.88744, -11.61041],
			"to": [7.1983, 2.5149, -10.80999],
			"rotation": {"angle": 0, "axis": "y", "origin": [-8.0085, -10.2919, -14.4119]},
			"faces": {
				"north": {"uv": [14, 0, 16, 11], "texture": "#77"},
				"east": {"uv": [7, 0, 9, 11], "texture": "#77"},
				"south": {"uv": [14, 0, 16, 11], "texture": "#77"},
				"west": {"uv": [7, 0, 9, 11], "texture": "#77"},
				"up": {"uv": [14, 7, 16, 9], "texture": "#77"},
				"down": {"uv": [14, 7, 16, 9], "texture": "#77"}
			}
		},
		{
			"from": [0.7949, -1.48722, -9.20914],
			"to": [1.59533, 2.11469, -8.40871],
			"rotation": {"angle": 0, "axis": "y", "origin": [-8.0085, -10.2919, -14.4119]},
			"faces": {
				"north": {"uv": [0, 1, 2, 10], "texture": "#77"},
				"east": {"uv": [13, 1, 15, 10], "texture": "#77"},
				"south": {"uv": [0, 1, 2, 10], "texture": "#77"},
				"west": {"uv": [13, 1, 15, 10], "texture": "#77"},
				"up": {"uv": [0, 13, 2, 15], "texture": "#77"},
				"down": {"uv": [0, 13, 2, 15], "texture": "#77"}
			}
		},
		{
			"from": [6.39787, -1.48722, -9.20914],
			"to": [7.1983, 2.11469, -8.40871],
			"rotation": {"angle": 0, "axis": "y", "origin": [-8.0085, -10.2919, -14.4119]},
			"faces": {
				"north": {"uv": [14, 1, 16, 10], "texture": "#77"},
				"east": {"uv": [13, 1, 15, 10], "texture": "#77"},
				"south": {"uv": [14, 1, 16, 10], "texture": "#77"},
				"west": {"uv": [13, 1, 15, 10], "texture": "#77"},
				"up": {"uv": [14, 13, 16, 15], "texture": "#77"},
				"down": {"uv": [14, 13, 16, 15], "texture": "#77"}
			}
		},
		{
			"from": [0.7949, -1.48722, -10.80999],
			"to": [1.59533, -0.28659, -9.20914],
			"rotation": {"angle": 0, "axis": "y", "origin": [-8.0085, -10.2919, -14.4119]},
			"faces": {
				"east": {"uv": [13, 7, 15, 10], "texture": "#77"},
				"west": {"uv": [13, 7, 15, 10], "texture": "#77"},
				"up": {"uv": [0, 9, 2, 13], "texture": "#77"},
				"down": {"uv": [0, 9, 2, 13], "texture": "#77"}
			}
		},
		{
			"from": [0.7949, 0.91405, -10.80999],
			"to": [1.59533, 2.11469, -9.20914],
			"rotation": {"angle": 0, "axis": "y", "origin": [-8.0085, -10.2919, -14.4119]},
			"faces": {
				"east": {"uv": [13, 1, 15, 4], "texture": "#77"},
				"west": {"uv": [13, 1, 15, 4], "texture": "#77"},
				"up": {"uv": [0, 9, 2, 13], "texture": "#77"},
				"down": {"uv": [0, 9, 2, 13], "texture": "#77"}
			}
		},
		{
			"from": [6.39787, -1.48722, -10.80999],
			"to": [7.1983, -0.28659, -9.20914],
			"rotation": {"angle": 0, "axis": "y", "origin": [-8.0085, -10.2919, -14.4119]},
			"faces": {
				"east": {"uv": [13, 7, 15, 10], "texture": "#77"},
				"west": {"uv": [13, 7, 15, 10], "texture": "#77"},
				"up": {"uv": [14, 9, 16, 13], "texture": "#77"},
				"down": {"uv": [14, 9, 16, 13], "texture": "#77"}
			}
		},
		{
			"from": [6.39787, 0.91405, -10.80999],
			"to": [7.1983, 2.11469, -9.20914],
			"rotation": {"angle": 0, "axis": "y", "origin": [-8.0085, -10.2919, -14.4119]},
			"faces": {
				"east": {"uv": [13, 1, 15, 4], "texture": "#77"},
				"west": {"uv": [13, 1, 15, 4], "texture": "#77"},
				"up": {"uv": [14, 9, 16, 13], "texture": "#77"},
				"down": {"uv": [14, 9, 16, 13], "texture": "#77"}
			}
		},
		{
			"from": [0.7949, -0.6868, -8.0085],
			"to": [7.1983, 2.5149, -1.6051],
			"rotation": {"angle": 0, "axis": "y", "origin": [-8.0085, -10.2919, -14.4119]},
			"faces": {
				"north": {"uv": [0, 0, 16, 8], "texture": "#68"},
				"west": {"uv": [0, 0, 16, 8], "texture": "#68"},
				"up": {"uv": [0, 0, 16, 16], "texture": "#68"},
				"down": {"uv": [0, 0, 16, 16], "texture": "#68"}
			}
		},
		{
			"from": [0.7949, -0.6868, -1.6051],
			"to": [7.1983, 2.5149, 4.7983],
			"rotation": {"angle": 0, "axis": "y", "origin": [-8.0085, -10.2919, -14.4119]},
			"faces": {
				"west": {"uv": [0, 0, 16, 8], "texture": "#68"},
				"up": {"uv": [0, 0, 16, 16], "texture": "#68"},
				"down": {"uv": [0, 0, 16, 16], "texture": "#68"}
			}
		},
		{
			"from": [0.7949, -0.6868, 4.7983],
			"to": [7.1983, 2.5149, 11.2017],
			"rotation": {"angle": 0, "axis": "y", "origin": [-8.0085, -10.2919, -14.4119]},
			"faces": {
				"west": {"uv": [0, 0, 16, 8], "texture": "#68"},
				"up": {"uv": [0, 0, 16, 16], "texture": "#68"},
				"down": {"uv": [0, 0, 16, 16], "texture": "#68"}
			}
		},
		{
			"from": [0.7949, -0.6868, 11.2017],
			"to": [7.1983, 2.5149, 17.6051],
			"rotation": {"angle": 0, "axis": "y", "origin": [-8.0085, -10.2919, -14.4119]},
			"faces": {
				"west": {"uv": [0, 0, 16, 8], "texture": "#68"},
				"up": {"uv": [0, 0, 16, 16], "texture": "#68"},
				"down": {"uv": [0, 0, 16, 16], "texture": "#68"}
			}
		},
		{
			"from": [0.7949, -0.6868, 17.6051],
			"to": [7.1983, 2.5149, 24.0085],
			"rotation": {"angle": 0, "axis": "y", "origin": [-8.0085, -10.2919, -14.4119]},
			"faces": {
				"south": {"uv": [0, 0, 16, 8], "texture": "#68"},
				"west": {"uv": [0, 0, 16, 8], "texture": "#68"},
				"up": {"uv": [0, 0, 16, 16], "texture": "#68"},
				"down": {"uv": [0, 0, 16, 16], "texture": "#68"}
			}
		},
		{
			"from": [7.1983, -0.6868, -8.0085],
			"to": [13.6017, 2.5149, -1.6051],
			"rotation": {"angle": 0, "axis": "y", "origin": [-8.0085, -10.2919, -14.4119]},
			"faces": {
				"north": {"uv": [0, 0, 16, 8], "texture": "#68"},
				"down": {"uv": [0, 0, 16, 16], "texture": "#68"}
			}
		},
		{
			"from": [7.1983, -0.6868, -1.6051],
			"to": [13.6017, 2.5149, 4.7983],
			"rotation": {"angle": 0, "axis": "y", "origin": [-8.0085, -10.2919, -14.4119]},
			"faces": {
				"east": {"uv": [0, 0, 16, 8], "texture": "#68"},
				"down": {"uv": [0, 0, 16, 16], "texture": "#68"}
			}
		},
		{
			"from": [7.1983, -0.6868, 4.7983],
			"to": [13.6017, 2.5149, 11.2017],
			"rotation": {"angle": 0, "axis": "y", "origin": [-8.0085, -10.2919, -14.4119]},
			"faces": {
				"east": {"uv": [0, 0, 16, 8], "texture": "#68"},
				"down": {"uv": [0, 0, 16, 16], "texture": "#68"}
			}
		},
		{
			"from": [7.1983, -0.6868, 11.2017],
			"to": [13.6017, 2.5149, 17.6051],
			"rotation": {"angle": 0, "axis": "y", "origin": [-8.0085, -10.2919, -14.4119]},
			"faces": {
				"east": {"uv": [0, 0, 16, 8], "texture": "#68"},
				"down": {"uv": [0, 0, 16, 16], "texture": "#68"}
			}
		},
		{
			"from": [7.1983, -0.6868, 17.6051],
			"to": [13.6017, 2.5149, 24.0085],
			"rotation": {"angle": 0, "axis": "y", "origin": [-8.0085, -10.2919, -14.4119]},
			"faces": {
				"south": {"uv": [0, 0, 16, 8], "texture": "#68"},
				"down": {"uv": [0, 0, 16, 16], "texture": "#68"}
			}
		},
		{
			"from": [13.6017, -0.6868, -8.0085],
			"to": [20.0051, 2.5149, -1.6051],
			"rotation": {"angle": 0, "axis": "y", "origin": [-8.0085, -10.2919, -14.4119]},
			"faces": {
				"north": {"uv": [0, 0, 16, 8], "texture": "#68"},
				"south": {"uv": [0, 0, 16, 8], "texture": "#68"},
				"down": {"uv": [0, 0, 16, 16], "texture": "#68"}
			}
		},
		{
			"from": [13.6017, -2.68786, -1.6051],
			"to": [14.40212, 2.5149, 4.7983],
			"rotation": {"angle": 0, "axis": "y", "origin": [-8.0085, -10.2919, -14.4119]},
			"faces": {
				"north": {"uv": [14, 0, 16, 13], "texture": "#82"},
				"east": {"uv": [0, 0, 16, 13], "texture": "#82"},
				"south": {"uv": [0, 0, 2, 13], "texture": "#82"},
				"west": {"uv": [0, 0, 16, 13], "texture": "#82"},
				"down": {"uv": [0, 0, 2, 16], "texture": "#53"}
			}
		},
		{
			"from": [14.40212, -2.68786, -0.80467],
			"to": [19.20468, -2.28765, 3.99787],
			"rotation": {"angle": 0, "axis": "y", "origin": [-8.0085, -10.2919, -14.4119]},
			"faces": {
				"up": {"uv": [2, 2, 14, 14], "texture": "#53"},
				"down": {"uv": [2, 2, 14, 14], "texture": "#53"}
			}
		},
		{
			"from": [19.20468, -2.68786, -1.6051],
			"to": [20.0051, 2.5149, 4.7983],
			"rotation": {"angle": 0, "axis": "y", "origin": [-8.0085, -10.2919, -14.4119]},
			"faces": {
				"north": {"uv": [0, 0, 2, 13], "texture": "#82"},
				"east": {"uv": [0, 0, 16, 13], "texture": "#82"},
				"south": {"uv": [14, 0, 16, 13], "texture": "#82"},
				"west": {"uv": [0, 0, 16, 13], "texture": "#82"},
				"down": {"uv": [14, 0, 16, 16], "texture": "#53"}
			}
		},
		{
			"from": [14.40212, -2.68786, -1.6051],
			"to": [19.20468, 2.5149, -0.80467],
			"rotation": {"angle": 0, "axis": "y", "origin": [-8.0085, -10.2919, -14.4119]},
			"faces": {
				"north": {"uv": [2, 0, 14, 13], "texture": "#82"},
				"south": {"uv": [2, 0, 14, 13], "texture": "#82"},
				"down": {"uv": [2, 14, 14, 16], "texture": "#53"}
			}
		},
		{
			"from": [14.40212, -2.68786, 3.99787],
			"to": [19.20468, 2.5149, 4.7983],
			"rotation": {"angle": 0, "axis": "y", "origin": [-8.0085, -10.2919, -14.4119]},
			"faces": {
				"north": {"uv": [2, 0, 14, 13], "texture": "#82"},
				"south": {"uv": [2, 0, 14, 13], "texture": "#82"},
				"down": {"uv": [2, 0, 14, 2], "texture": "#53"}
			}
		},
		{
			"from": [13.6017, -3.8885, -1.6051],
			"to": [15.20255, -2.68786, -0.80467],
			"rotation": {"angle": 0, "axis": "y", "origin": [-8.0085, -10.2919, -14.4119]},
			"faces": {
				"north": {"uv": [12, 13, 16, 16], "texture": "#82"},
				"east": {"uv": [14, 13, 16, 16], "texture": "#82"},
				"south": {"uv": [0, 13, 4, 16], "texture": "#82"},
				"west": {"uv": [0, 13, 2, 16], "texture": "#82"}
			}
		},
		{
			"from": [13.6017, -3.8885, -0.80467],
			"to": [14.40212, -2.68786, -0.00425],
			"rotation": {"angle": 0, "axis": "y", "origin": [-8.0085, -10.2919, -14.4119]},
			"faces": {
				"east": {"uv": [12, 13, 14, 16], "texture": "#82"},
				"south": {"uv": [0, 13, 2, 16], "texture": "#82"},
				"west": {"uv": [2, 13, 4, 16], "texture": "#82"}
			}
		},
		{
			"from": [18.40425, -3.8885, -1.6051],
			"to": [20.0051, -2.68786, -0.80467],
			"rotation": {"angle": 0, "axis": "y", "origin": [-8.0085, -10.2919, -14.4119]},
			"faces": {
				"north": {"uv": [0, 13, 4, 16], "texture": "#82"},
				"east": {"uv": [14, 13, 16, 16], "texture": "#82"},
				"south": {"uv": [12, 13, 16, 16], "texture": "#82"},
				"west": {"uv": [0, 13, 2, 16], "texture": "#82"}
			}
		},
		{
			"from": [19.20468, -3.8885, -0.80467],
			"to": [20.0051, -2.68786, -0.00425],
			"rotation": {"angle": 0, "axis": "y", "origin": [-8.0085, -10.2919, -14.4119]},
			"faces": {
				"east": {"uv": [12, 13, 14, 16], "texture": "#82"},
				"south": {"uv": [14, 13, 16, 16], "texture": "#82"},
				"west": {"uv": [2, 13, 4, 16], "texture": "#82"}
			}
		},
		{
			"from": [13.6017, -3.8885, 3.99787],
			"to": [15.20255, -2.68786, 4.7983],
			"rotation": {"angle": 0, "axis": "y", "origin": [-8.0085, -10.2919, -14.4119]},
			"faces": {
				"north": {"uv": [12, 13, 16, 16], "texture": "#82"},
				"east": {"uv": [0, 13, 2, 16], "texture": "#82"},
				"south": {"uv": [0, 13, 4, 16], "texture": "#82"},
				"west": {"uv": [14, 13, 16, 16], "texture": "#82"}
			}
		},
		{
			"from": [13.6017, -3.8885, 3.19745],
			"to": [14.40212, -2.68786, 3.99787],
			"rotation": {"angle": 0, "axis": "y", "origin": [-8.0085, -10.2919, -14.4119]},
			"faces": {
				"north": {"uv": [14, 13, 16, 16], "texture": "#82"},
				"east": {"uv": [2, 13, 4, 16], "texture": "#82"},
				"west": {"uv": [12, 13, 14, 16], "texture": "#82"}
			}
		},
		{
			"from": [18.40425, -3.8885, 3.99787],
			"to": [20.0051, -2.68786, 4.7983],
			"rotation": {"angle": 0, "axis": "y", "origin": [-8.0085, -10.2919, -14.4119]},
			"faces": {
				"north": {"uv": [0, 13, 4, 16], "texture": "#82"},
				"east": {"uv": [0, 13, 2, 16], "texture": "#82"},
				"south": {"uv": [12, 13, 16, 16], "texture": "#82"},
				"west": {"uv": [14, 13, 16, 16], "texture": "#82"}
			}
		},
		{
			"from": [19.20468, -3.8885, 3.19745],
			"to": [20.0051, -2.68786, 3.99787],
			"rotation": {"angle": 0, "axis": "y", "origin": [-8.0085, -10.2919, -14.4119]},
			"faces": {
				"north": {"uv": [0, 13, 2, 16], "texture": "#82"},
				"east": {"uv": [2, 13, 4, 16], "texture": "#82"},
				"west": {"uv": [12, 13, 14, 16], "texture": "#82"}
			}
		},
		{
			"from": [13.6017, -2.68786, 11.2017],
			"to": [14.40212, 2.5149, 17.6051],
			"rotation": {"angle": 0, "axis": "y", "origin": [-8.0085, -10.2919, -14.4119]},
			"faces": {
				"north": {"uv": [14, 0, 16, 13], "texture": "#82"},
				"east": {"uv": [0, 0, 16, 13], "texture": "#82"},
				"south": {"uv": [0, 0, 2, 13], "texture": "#82"},
				"west": {"uv": [0, 0, 16, 13], "texture": "#82"},
				"down": {"uv": [0, 0, 2, 16], "texture": "#53"}
			}
		},
		{
			"from": [14.40212, -2.68786, 12.00213],
			"to": [19.20468, -2.28765, 16.80468],
			"rotation": {"angle": 0, "axis": "y", "origin": [-8.0085, -10.2919, -14.4119]},
			"faces": {
				"up": {"uv": [2, 2, 14, 14], "texture": "#53"},
				"down": {"uv": [2, 2, 14, 14], "texture": "#53"}
			}
		},
		{
			"from": [19.20468, -2.68786, 11.2017],
			"to": [20.0051, 2.5149, 17.6051],
			"rotation": {"angle": 0, "axis": "y", "origin": [-8.0085, -10.2919, -14.4119]},
			"faces": {
				"north": {"uv": [0, 0, 2, 13], "texture": "#82"},
				"east": {"uv": [0, 0, 16, 13], "texture": "#82"},
				"south": {"uv": [14, 0, 16, 13], "texture": "#82"},
				"west": {"uv": [0, 0, 16, 13], "texture": "#82"},
				"down": {"uv": [14, 0, 16, 16], "texture": "#53"}
			}
		},
		{
			"from": [14.40212, -2.68786, 11.2017],
			"to": [19.20468, 2.5149, 12.00213],
			"rotation": {"angle": 0, "axis": "y", "origin": [-8.0085, -10.2919, -14.4119]},
			"faces": {
				"north": {"uv": [2, 0, 14, 13], "texture": "#82"},
				"south": {"uv": [2, 0, 14, 13], "texture": "#82"},
				"down": {"uv": [2, 14, 14, 16], "texture": "#53"}
			}
		},
		{
			"from": [14.40212, -2.68786, 16.80468],
			"to": [19.20468, 2.5149, 17.6051],
			"rotation": {"angle": 0, "axis": "y", "origin": [-8.0085, -10.2919, -14.4119]},
			"faces": {
				"north": {"uv": [2, 0, 14, 13], "texture": "#82"},
				"south": {"uv": [2, 0, 14, 13], "texture": "#82"},
				"down": {"uv": [2, 0, 14, 2], "texture": "#53"}
			}
		},
		{
			"from": [13.6017, -3.8885, 11.2017],
			"to": [15.20255, -2.68786, 12.00213],
			"rotation": {"angle": 0, "axis": "y", "origin": [-8.0085, -10.2919, -14.4119]},
			"faces": {
				"north": {"uv": [12, 13, 16, 16], "texture": "#82"},
				"east": {"uv": [14, 13, 16, 16], "texture": "#82"},
				"south": {"uv": [0, 13, 4, 16], "texture": "#82"},
				"west": {"uv": [0, 13, 2, 16], "texture": "#82"}
			}
		},
		{
			"from": [13.6017, -3.8885, 12.00213],
			"to": [14.40212, -2.68786, 12.80255],
			"rotation": {"angle": 0, "axis": "y", "origin": [-8.0085, -10.2919, -14.4119]},
			"faces": {
				"east": {"uv": [12, 13, 14, 16], "texture": "#82"},
				"south": {"uv": [0, 13, 2, 16], "texture": "#82"},
				"west": {"uv": [2, 13, 4, 16], "texture": "#82"}
			}
		},
		{
			"from": [18.40425, -3.8885, 11.2017],
			"to": [20.0051, -2.68786, 12.00213],
			"rotation": {"angle": 0, "axis": "y", "origin": [-8.0085, -10.2919, -14.4119]},
			"faces": {
				"north": {"uv": [0, 13, 4, 16], "texture": "#82"},
				"east": {"uv": [14, 13, 16, 16], "texture": "#82"},
				"south": {"uv": [12, 13, 16, 16], "texture": "#82"},
				"west": {"uv": [0, 13, 2, 16], "texture": "#82"}
			}
		},
		{
			"from": [19.20468, -3.8885, 12.00213],
			"to": [20.0051, -2.68786, 12.80255],
			"rotation": {"angle": 0, "axis": "y", "origin": [-8.0085, -10.2919, -14.4119]},
			"faces": {
				"east": {"uv": [12, 13, 14, 16], "texture": "#82"},
				"south": {"uv": [14, 13, 16, 16], "texture": "#82"},
				"west": {"uv": [2, 13, 4, 16], "texture": "#82"}
			}
		},
		{
			"from": [13.6017, -3.8885, 16.80468],
			"to": [15.20255, -2.68786, 17.6051],
			"rotation": {"angle": 0, "axis": "y", "origin": [-8.0085, -10.2919, -14.4119]},
			"faces": {
				"north": {"uv": [12, 13, 16, 16], "texture": "#82"},
				"east": {"uv": [0, 13, 2, 16], "texture": "#82"},
				"south": {"uv": [0, 13, 4, 16], "texture": "#82"},
				"west": {"uv": [14, 13, 16, 16], "texture": "#82"}
			}
		},
		{
			"from": [13.6017, -3.8885, 16.00425],
			"to": [14.40212, -2.68786, 16.80468],
			"rotation": {"angle": 0, "axis": "y", "origin": [-8.0085, -10.2919, -14.4119]},
			"faces": {
				"north": {"uv": [14, 13, 16, 16], "texture": "#82"},
				"east": {"uv": [2, 13, 4, 16], "texture": "#82"},
				"west": {"uv": [12, 13, 14, 16], "texture": "#82"}
			}
		},
		{
			"from": [18.40425, -3.8885, 16.80468],
			"to": [20.0051, -2.68786, 17.6051],
			"rotation": {"angle": 0, "axis": "y", "origin": [-8.0085, -10.2919, -14.4119]},
			"faces": {
				"north": {"uv": [0, 13, 4, 16], "texture": "#82"},
				"east": {"uv": [0, 13, 2, 16], "texture": "#82"},
				"south": {"uv": [12, 13, 16, 16], "texture": "#82"},
				"west": {"uv": [14, 13, 16, 16], "texture": "#82"}
			}
		},
		{
			"from": [19.20468, -3.8885, 16.00425],
			"to": [20.0051, -2.68786, 16.80468],
			"rotation": {"angle": 0, "axis": "y", "origin": [-8.0085, -10.2919, -14.4119]},
			"faces": {
				"north": {"uv": [0, 13, 2, 16], "texture": "#82"},
				"east": {"uv": [2, 13, 4, 16], "texture": "#82"},
				"west": {"uv": [12, 13, 14, 16], "texture": "#82"}
			}
		},
		{
			"from": [13.6017, -0.6868, 17.6051],
			"to": [20.0051, 2.5149, 24.0085],
			"rotation": {"angle": 0, "axis": "y", "origin": [-8.0085, -10.2919, -14.4119]},
			"faces": {
				"north": {"uv": [0, 0, 16, 8], "texture": "#68"},
				"south": {"uv": [0, 0, 16, 8], "texture": "#68"},
				"down": {"uv": [0, 0, 16, 16], "texture": "#68"}
			}
		},
		{
			"from": [20.0051, -0.6868, -8.0085],
			"to": [26.4085, 2.5149, -1.6051],
			"rotation": {"angle": 0, "axis": "y", "origin": [-8.0085, -10.2919, -14.4119]},
			"faces": {
				"north": {"uv": [0, 0, 16, 8], "texture": "#68"},
				"east": {"uv": [0, 0, 16, 8], "texture": "#68"},
				"south": {"uv": [0, 0, 16, 8], "texture": "#68"},
				"down": {"uv": [0, 0, 16, 16], "texture": "#68"}
			}
		},
		{
			"from": [20.0051, -2.68786, -1.6051],
			"to": [20.80553, 2.5149, 4.7983],
			"rotation": {"angle": 0, "axis": "y", "origin": [-8.0085, -10.2919, -14.4119]},
			"faces": {
				"north": {"uv": [14, 0, 16, 13], "texture": "#82"},
				"east": {"uv": [0, 0, 16, 13], "texture": "#82"},
				"south": {"uv": [0, 0, 2, 13], "texture": "#82"},
				"west": {"uv": [0, 0, 16, 13], "texture": "#82"},
				"down": {"uv": [0, 0, 2, 16], "texture": "#53"}
			}
		},
		{
			"from": [20.80553, -2.68786, -0.80467],
			"to": [25.60808, -2.28765, 3.99787],
			"rotation": {"angle": 0, "axis": "y", "origin": [-8.0085, -10.2919, -14.4119]},
			"faces": {
				"up": {"uv": [2, 2, 14, 14], "texture": "#53"},
				"down": {"uv": [2, 2, 14, 14], "texture": "#53"}
			}
		},
		{
			"from": [25.60808, -2.68786, -1.6051],
			"to": [26.4085, 2.5149, 4.7983],
			"rotation": {"angle": 0, "axis": "y", "origin": [-8.0085, -10.2919, -14.4119]},
			"faces": {
				"north": {"uv": [0, 0, 2, 13], "texture": "#82"},
				"east": {"uv": [0, 0, 16, 13], "texture": "#82"},
				"south": {"uv": [14, 0, 16, 13], "texture": "#82"},
				"west": {"uv": [0, 0, 16, 13], "texture": "#82"},
				"down": {"uv": [14, 0, 16, 16], "texture": "#53"}
			}
		},
		{
			"from": [20.80553, -2.68786, -1.6051],
			"to": [25.60808, 2.5149, -0.80467],
			"rotation": {"angle": 0, "axis": "y", "origin": [-8.0085, -10.2919, -14.4119]},
			"faces": {
				"north": {"uv": [2, 0, 14, 13], "texture": "#82"},
				"south": {"uv": [2, 0, 14, 13], "texture": "#82"},
				"down": {"uv": [2, 14, 14, 16], "texture": "#53"}
			}
		},
		{
			"from": [20.80553, -2.68786, 3.99787],
			"to": [25.60808, 2.5149, 4.7983],
			"rotation": {"angle": 0, "axis": "y", "origin": [-8.0085, -10.2919, -14.4119]},
			"faces": {
				"north": {"uv": [2, 0, 14, 13], "texture": "#82"},
				"south": {"uv": [2, 0, 14, 13], "texture": "#82"},
				"down": {"uv": [2, 0, 14, 2], "texture": "#53"}
			}
		},
		{
			"from": [20.0051, -3.8885, -1.6051],
			"to": [21.60595, -2.68786, -0.80467],
			"rotation": {"angle": 0, "axis": "y", "origin": [-8.0085, -10.2919, -14.4119]},
			"faces": {
				"north": {"uv": [12, 13, 16, 16], "texture": "#82"},
				"east": {"uv": [14, 13, 16, 16], "texture": "#82"},
				"south": {"uv": [0, 13, 4, 16], "texture": "#82"},
				"west": {"uv": [0, 13, 2, 16], "texture": "#82"},
				"down": {"uv": [0, 14, 4, 16], "texture": "#91"}
			}
		},
		{
			"from": [20.0051, -3.8885, -0.80467],
			"to": [20.80553, -2.68786, -0.00425],
			"rotation": {"angle": 0, "axis": "y", "origin": [-8.0085, -10.2919, -14.4119]},
			"faces": {
				"east": {"uv": [12, 13, 14, 16], "texture": "#82"},
				"south": {"uv": [0, 13, 2, 16], "texture": "#82"},
				"west": {"uv": [2, 13, 4, 16], "texture": "#82"},
				"down": {"uv": [0, 12, 2, 14], "texture": "#91"}
			}
		},
		{
			"from": [24.80765, -3.8885, -1.6051],
			"to": [26.4085, -2.68786, -0.80467],
			"rotation": {"angle": 0, "axis": "y", "origin": [-8.0085, -10.2919, -14.4119]},
			"faces": {
				"north": {"uv": [0, 13, 4, 16], "texture": "#82"},
				"east": {"uv": [14, 13, 16, 16], "texture": "#82"},
				"south": {"uv": [12, 13, 16, 16], "texture": "#82"},
				"west": {"uv": [0, 13, 2, 16], "texture": "#82"},
				"down": {"uv": [12, 14, 16, 16], "texture": "#91"}
			}
		},
		{
			"from": [25.60808, -3.8885, -0.80467],
			"to": [26.4085, -2.68786, -0.00425],
			"rotation": {"angle": 0, "axis": "y", "origin": [-8.0085, -10.2919, -14.4119]},
			"faces": {
				"east": {"uv": [12, 13, 14, 16], "texture": "#82"},
				"south": {"uv": [14, 13, 16, 16], "texture": "#82"},
				"west": {"uv": [2, 13, 4, 16], "texture": "#82"},
				"down": {"uv": [14, 12, 16, 14], "texture": "#91"}
			}
		},
		{
			"from": [20.0051, -3.8885, 3.99787],
			"to": [21.60595, -2.68786, 4.7983],
			"rotation": {"angle": 0, "axis": "y", "origin": [-8.0085, -10.2919, -14.4119]},
			"faces": {
				"north": {"uv": [12, 13, 16, 16], "texture": "#82"},
				"east": {"uv": [0, 13, 2, 16], "texture": "#82"},
				"south": {"uv": [0, 13, 4, 16], "texture": "#82"},
				"west": {"uv": [14, 13, 16, 16], "texture": "#82"},
				"down": {"uv": [0, 0, 4, 2], "texture": "#91"}
			}
		},
		{
			"from": [20.0051, -3.8885, 3.19745],
			"to": [20.80553, -2.68786, 3.99787],
			"rotation": {"angle": 0, "axis": "y", "origin": [-8.0085, -10.2919, -14.4119]},
			"faces": {
				"north": {"uv": [14, 13, 16, 16], "texture": "#82"},
				"east": {"uv": [2, 13, 4, 16], "texture": "#82"},
				"west": {"uv": [12, 13, 14, 16], "texture": "#82"},
				"down": {"uv": [0, 2, 2, 4], "texture": "#91"}
			}
		},
		{
			"from": [24.80765, -3.8885, 3.99787],
			"to": [26.4085, -2.68786, 4.7983],
			"rotation": {"angle": 0, "axis": "y", "origin": [-8.0085, -10.2919, -14.4119]},
			"faces": {
				"north": {"uv": [0, 13, 4, 16], "texture": "#82"},
				"east": {"uv": [0, 13, 2, 16], "texture": "#82"},
				"south": {"uv": [12, 13, 16, 16], "texture": "#82"},
				"west": {"uv": [14, 13, 16, 16], "texture": "#82"},
				"down": {"uv": [12, 0, 16, 2], "texture": "#91"}
			}
		},
		{
			"from": [25.60808, -3.8885, 3.19745],
			"to": [26.4085, -2.68786, 3.99787],
			"rotation": {"angle": 0, "axis": "y", "origin": [-8.0085, -10.2919, -14.4119]},
			"faces": {
				"north": {"uv": [0, 13, 2, 16], "texture": "#82"},
				"east": {"uv": [2, 13, 4, 16], "texture": "#82"},
				"west": {"uv": [12, 13, 14, 16], "texture": "#82"},
				"down": {"uv": [14, 2, 16, 4], "texture": "#91"}
			}
		},
		{
			"from": [20.0051, -2.68786, 11.2017],
			"to": [20.80553, 2.5149, 17.6051],
			"rotation": {"angle": 0, "axis": "y", "origin": [-8.0085, -10.2919, -14.4119]},
			"faces": {
				"north": {"uv": [14, 0, 16, 13], "texture": "#82"},
				"east": {"uv": [0, 0, 16, 13], "texture": "#82"},
				"south": {"uv": [0, 0, 2, 13], "texture": "#82"},
				"west": {"uv": [0, 0, 16, 13], "texture": "#82"},
				"down": {"uv": [0, 0, 2, 16], "texture": "#53"}
			}
		},
		{
			"from": [20.80553, -2.68786, 12.00213],
			"to": [25.60808, -2.28765, 16.80468],
			"rotation": {"angle": 0, "axis": "y", "origin": [-8.0085, -10.2919, -14.4119]},
			"faces": {
				"up": {"uv": [2, 2, 14, 14], "texture": "#53"},
				"down": {"uv": [2, 2, 14, 14], "texture": "#53"}
			}
		},
		{
			"from": [25.60808, -2.68786, 11.2017],
			"to": [26.4085, 2.5149, 17.6051],
			"rotation": {"angle": 0, "axis": "y", "origin": [-8.0085, -10.2919, -14.4119]},
			"faces": {
				"north": {"uv": [0, 0, 2, 13], "texture": "#82"},
				"east": {"uv": [0, 0, 16, 13], "texture": "#82"},
				"south": {"uv": [14, 0, 16, 13], "texture": "#82"},
				"west": {"uv": [0, 0, 16, 13], "texture": "#82"},
				"down": {"uv": [14, 0, 16, 16], "texture": "#53"}
			}
		},
		{
			"from": [20.80553, -2.68786, 11.2017],
			"to": [25.60808, 2.5149, 12.00213],
			"rotation": {"angle": 0, "axis": "y", "origin": [-8.0085, -10.2919, -14.4119]},
			"faces": {
				"north": {"uv": [2, 0, 14, 13], "texture": "#82"},
				"south": {"uv": [2, 0, 14, 13], "texture": "#82"},
				"down": {"uv": [2, 14, 14, 16], "texture": "#53"}
			}
		},
		{
			"from": [20.80553, -2.68786, 16.80468],
			"to": [25.60808, 2.5149, 17.6051],
			"rotation": {"angle": 0, "axis": "y", "origin": [-8.0085, -10.2919, -14.4119]},
			"faces": {
				"north": {"uv": [2, 0, 14, 13], "texture": "#82"},
				"south": {"uv": [2, 0, 14, 13], "texture": "#82"},
				"down": {"uv": [2, 0, 14, 2], "texture": "#53"}
			}
		},
		{
			"from": [20.0051, -3.8885, 11.2017],
			"to": [21.60595, -2.68786, 12.00213],
			"rotation": {"angle": 0, "axis": "y", "origin": [-8.0085, -10.2919, -14.4119]},
			"faces": {
				"north": {"uv": [12, 13, 16, 16], "texture": "#82"},
				"east": {"uv": [14, 13, 16, 16], "texture": "#82"},
				"south": {"uv": [0, 13, 4, 16], "texture": "#82"},
				"west": {"uv": [0, 13, 2, 16], "texture": "#82"},
				"down": {"uv": [0, 14, 4, 16], "texture": "#91"}
			}
		},
		{
			"from": [20.0051, -3.8885, 12.00213],
			"to": [20.80553, -2.68786, 12.80255],
			"rotation": {"angle": 0, "axis": "y", "origin": [-8.0085, -10.2919, -14.4119]},
			"faces": {
				"east": {"uv": [12, 13, 14, 16], "texture": "#82"},
				"south": {"uv": [0, 13, 2, 16], "texture": "#82"},
				"west": {"uv": [2, 13, 4, 16], "texture": "#82"},
				"down": {"uv": [0, 12, 2, 14], "texture": "#91"}
			}
		},
		{
			"from": [24.80765, -3.8885, 11.2017],
			"to": [26.4085, -2.68786, 12.00213],
			"rotation": {"angle": 0, "axis": "y", "origin": [-8.0085, -10.2919, -14.4119]},
			"faces": {
				"north": {"uv": [0, 13, 4, 16], "texture": "#82"},
				"east": {"uv": [14, 13, 16, 16], "texture": "#82"},
				"south": {"uv": [12, 13, 16, 16], "texture": "#82"},
				"west": {"uv": [0, 13, 2, 16], "texture": "#82"},
				"down": {"uv": [12, 14, 16, 16], "texture": "#91"}
			}
		},
		{
			"from": [25.60808, -3.8885, 12.00213],
			"to": [26.4085, -2.68786, 12.80255],
			"rotation": {"angle": 0, "axis": "y", "origin": [-8.0085, -10.2919, -14.4119]},
			"faces": {
				"east": {"uv": [12, 13, 14, 16], "texture": "#82"},
				"south": {"uv": [14, 13, 16, 16], "texture": "#82"},
				"west": {"uv": [2, 13, 4, 16], "texture": "#82"},
				"down": {"uv": [14, 12, 16, 14], "texture": "#91"}
			}
		},
		{
			"from": [20.0051, -3.8885, 16.80468],
			"to": [21.60595, -2.68786, 17.6051],
			"rotation": {"angle": 0, "axis": "y", "origin": [-8.0085, -10.2919, -14.4119]},
			"faces": {
				"north": {"uv": [12, 13, 16, 16], "texture": "#82"},
				"east": {"uv": [0, 13, 2, 16], "texture": "#82"},
				"south": {"uv": [0, 13, 4, 16], "texture": "#82"},
				"west": {"uv": [14, 13, 16, 16], "texture": "#82"},
				"down": {"uv": [0, 0, 4, 2], "texture": "#91"}
			}
		},
		{
			"from": [20.0051, -3.8885, 16.00425],
			"to": [20.80553, -2.68786, 16.80468],
			"rotation": {"angle": 0, "axis": "y", "origin": [-8.0085, -10.2919, -14.4119]},
			"faces": {
				"north": {"uv": [14, 13, 16, 16], "texture": "#82"},
				"east": {"uv": [2, 13, 4, 16], "texture": "#82"},
				"west": {"uv": [12, 13, 14, 16], "texture": "#82"},
				"down": {"uv": [0, 2, 2, 4], "texture": "#91"}
			}
		},
		{
			"from": [24.80765, -3.8885, 16.80468],
			"to": [26.4085, -2.68786, 17.6051],
			"rotation": {"angle": 0, "axis": "y", "origin": [-8.0085, -10.2919, -14.4119]},
			"faces": {
				"north": {"uv": [0, 13, 4, 16], "texture": "#82"},
				"east": {"uv": [0, 13, 2, 16], "texture": "#82"},
				"south": {"uv": [12, 13, 16, 16], "texture": "#82"},
				"west": {"uv": [14, 13, 16, 16], "texture": "#82"},
				"down": {"uv": [12, 0, 16, 2], "texture": "#91"}
			}
		},
		{
			"from": [25.60808, -3.8885, 16.00425],
			"to": [26.4085, -2.68786, 16.80468],
			"rotation": {"angle": 0, "axis": "y", "origin": [-8.0085, -10.2919, -14.4119]},
			"faces": {
				"north": {"uv": [0, 13, 2, 16], "texture": "#82"},
				"east": {"uv": [2, 13, 4, 16], "texture": "#82"},
				"west": {"uv": [12, 13, 14, 16], "texture": "#82"},
				"down": {"uv": [14, 2, 16, 4], "texture": "#91"}
			}
		},
		{
			"from": [20.0051, -0.6868, 17.6051],
			"to": [26.4085, 2.5149, 24.0085],
			"rotation": {"angle": 0, "axis": "y", "origin": [-8.0085, -10.2919, -14.4119]},
			"faces": {
				"north": {"uv": [0, 0, 16, 8], "texture": "#68"},
				"east": {"uv": [0, 0, 16, 8], "texture": "#68"},
				"south": {"uv": [0, 0, 16, 8], "texture": "#68"},
				"down": {"uv": [0, 0, 16, 16], "texture": "#68"}
			}
		},
		{
			"from": [0.7949, 4.51596, -11.61041],
			"to": [1.59533, 8.9183, -10.80999],
			"rotation": {"angle": 0, "axis": "y", "origin": [-8.0085, -10.2919, -14.4119]},
			"faces": {
				"north": {"uv": [0, 0, 2, 11], "texture": "#77"},
				"east": {"uv": [7, 0, 9, 11], "texture": "#77"},
				"south": {"uv": [0, 0, 2, 11], "texture": "#77"},
				"west": {"uv": [7, 0, 9, 11], "texture": "#77"},
				"up": {"uv": [0, 7, 2, 9], "texture": "#77"},
				"down": {"uv": [0, 7, 2, 9], "texture": "#77"}
			}
		},
		{
			"from": [6.39787, 4.51596, -11.61041],
			"to": [7.1983, 8.9183, -10.80999],
			"rotation": {"angle": 0, "axis": "y", "origin": [-8.0085, -10.2919, -14.4119]},
			"faces": {
				"north": {"uv": [14, 0, 16, 11], "texture": "#77"},
				"east": {"uv": [7, 0, 9, 11], "texture": "#77"},
				"south": {"uv": [14, 0, 16, 11], "texture": "#77"},
				"west": {"uv": [7, 0, 9, 11], "texture": "#77"},
				"up": {"uv": [14, 7, 16, 9], "texture": "#77"},
				"down": {"uv": [14, 7, 16, 9], "texture": "#77"}
			}
		},
		{
			"from": [0.7949, 4.91618, -9.20914],
			"to": [1.59533, 8.51809, -8.40871],
			"rotation": {"angle": 0, "axis": "y", "origin": [-8.0085, -10.2919, -14.4119]},
			"faces": {
				"north": {"uv": [0, 1, 2, 10], "texture": "#77"},
				"east": {"uv": [13, 1, 15, 10], "texture": "#77"},
				"south": {"uv": [0, 1, 2, 10], "texture": "#77"},
				"west": {"uv": [13, 1, 15, 10], "texture": "#77"},
				"up": {"uv": [0, 13, 2, 15], "texture": "#77"},
				"down": {"uv": [0, 13, 2, 15], "texture": "#77"}
			}
		},
		{
			"from": [6.39787, 4.91618, -9.20914],
			"to": [7.1983, 8.51809, -8.40871],
			"rotation": {"angle": 0, "axis": "y", "origin": [-8.0085, -10.2919, -14.4119]},
			"faces": {
				"north": {"uv": [14, 1, 16, 10], "texture": "#77"},
				"east": {"uv": [13, 1, 15, 10], "texture": "#77"},
				"south": {"uv": [14, 1, 16, 10], "texture": "#77"},
				"west": {"uv": [13, 1, 15, 10], "texture": "#77"},
				"up": {"uv": [14, 13, 16, 15], "texture": "#77"},
				"down": {"uv": [14, 13, 16, 15], "texture": "#77"}
			}
		},
		{
			"from": [0.7949, 4.91618, -10.80999],
			"to": [1.59533, 6.11681, -9.20914],
			"rotation": {"angle": 0, "axis": "y", "origin": [-8.0085, -10.2919, -14.4119]},
			"faces": {
				"east": {"uv": [13, 7, 15, 10], "texture": "#77"},
				"west": {"uv": [13, 7, 15, 10], "texture": "#77"},
				"up": {"uv": [0, 9, 2, 13], "texture": "#77"},
				"down": {"uv": [0, 9, 2, 13], "texture": "#77"}
			}
		},
		{
			"from": [0.7949, 7.31745, -10.80999],
			"to": [1.59533, 8.51809, -9.20914],
			"rotation": {"angle": 0, "axis": "y", "origin": [-8.0085, -10.2919, -14.4119]},
			"faces": {
				"east": {"uv": [13, 1, 15, 4], "texture": "#77"},
				"west": {"uv": [13, 1, 15, 4], "texture": "#77"},
				"up": {"uv": [0, 9, 2, 13], "texture": "#77"},
				"down": {"uv": [0, 9, 2, 13], "texture": "#77"}
			}
		},
		{
			"from": [6.39787, 4.91618, -10.80999],
			"to": [7.1983, 6.11681, -9.20914],
			"rotation": {"angle": 0, "axis": "y", "origin": [-8.0085, -10.2919, -14.4119]},
			"faces": {
				"east": {"uv": [13, 7, 15, 10], "texture": "#77"},
				"west": {"uv": [13, 7, 15, 10], "texture": "#77"},
				"up": {"uv": [14, 9, 16, 13], "texture": "#77"},
				"down": {"uv": [14, 9, 16, 13], "texture": "#77"}
			}
		},
		{
			"from": [6.39787, 7.31745, -10.80999],
			"to": [7.1983, 8.51809, -9.20914],
			"rotation": {"angle": 0, "axis": "y", "origin": [-8.0085, -10.2919, -14.4119]},
			"faces": {
				"east": {"uv": [13, 1, 15, 4], "texture": "#77"},
				"west": {"uv": [13, 1, 15, 4], "texture": "#77"},
				"up": {"uv": [14, 9, 16, 13], "texture": "#77"},
				"down": {"uv": [14, 9, 16, 13], "texture": "#77"}
			}
		},
		{
			"from": [3.59639, 4.51596, 3.99787],
			"to": [4.39681, 8.9183, 4.7983],
			"rotation": {"angle": 0, "axis": "y", "origin": [-8.0085, -10.2919, -14.4119]},
			"faces": {
				"north": {"uv": [7, 0, 9, 11], "texture": "#77"},
				"east": {"uv": [0, 0, 2, 11], "texture": "#77"},
				"south": {"uv": [7, 0, 9, 11], "texture": "#77"},
				"west": {"uv": [0, 0, 2, 11], "texture": "#77"},
				"up": {"uv": [7, 14, 9, 16], "texture": "#77"},
				"down": {"uv": [7, 0, 9, 2], "texture": "#77"}
			}
		},
		{
			"from": [3.59639, 4.51596, -1.6051],
			"to": [4.39681, 8.9183, -0.80467],
			"rotation": {"angle": 0, "axis": "y", "origin": [-8.0085, -10.2919, -14.4119]},
			"faces": {
				"north": {"uv": [7, 0, 9, 11], "texture": "#77"},
				"east": {"uv": [14, 0, 16, 11], "texture": "#77"},
				"south": {"uv": [7, 0, 9, 11], "texture": "#77"},
				"west": {"uv": [14, 0, 16, 11], "texture": "#77"},
				"up": {"uv": [7, 0, 9, 2], "texture": "#77"},
				"down": {"uv": [7, 14, 9, 16], "texture": "#77"}
			}
		},
		{
			"from": [5.99766, 4.91618, 3.99787],
			"to": [6.79809, 8.51809, 4.7983],
			"rotation": {"angle": 0, "axis": "y", "origin": [-8.0085, -10.2919, -14.4119]},
			"faces": {
				"north": {"uv": [13, 1, 15, 10], "texture": "#77"},
				"east": {"uv": [0, 1, 2, 10], "texture": "#77"},
				"south": {"uv": [13, 1, 15, 10], "texture": "#77"},
				"west": {"uv": [0, 1, 2, 10], "texture": "#77"},
				"up": {"uv": [13, 14, 15, 16], "texture": "#77"},
				"down": {"uv": [1, 0, 3, 2], "texture": "#77"}
			}
		},
		{
			"from": [5.99766, 4.91618, -1.6051],
			"to": [6.79809, 8.51809, -0.80467],
			"rotation": {"angle": 0, "axis": "y", "origin": [-8.0085, -10.2919, -14.4119]},
			"faces": {
				"north": {"uv": [13, 1, 15, 10], "texture": "#77"},
				"east": {"uv": [14, 1, 16, 10], "texture": "#77"},
				"south": {"uv": [13, 1, 15, 10], "texture": "#77"},
				"west": {"uv": [14, 1, 16, 10], "texture": "#77"},
				"up": {"uv": [13, 0, 15, 2], "texture": "#77"},
				"down": {"uv": [1, 14, 3, 16], "texture": "#77"}
			}
		},
		{
			"from": [4.39681, 4.91618, 3.99787],
			"to": [5.99766, 6.11681, 4.7983],
			"rotation": {"angle": 0, "axis": "y", "origin": [-8.0085, -10.2919, -14.4119]},
			"faces": {
				"north": {"uv": [13, 7, 15, 10], "texture": "#77"},
				"south": {"uv": [13, 7, 15, 10], "texture": "#77"},
				"up": {"uv": [9, 14, 13, 16], "texture": "#77"},
				"down": {"uv": [3, 0, 7, 2], "texture": "#77"}
			}
		},
		{
			"from": [4.39681, 7.31745, 3.99787],
			"to": [5.99766, 8.51809, 4.7983],
			"rotation": {"angle": 0, "axis": "y", "origin": [-8.0085, -10.2919, -14.4119]},
			"faces": {
				"north": {"uv": [13, 1, 15, 4], "texture": "#77"},
				"south": {"uv": [13, 1, 15, 4], "texture": "#77"},
				"up": {"uv": [9, 14, 13, 16], "texture": "#77"},
				"down": {"uv": [3, 0, 7, 2], "texture": "#77"}
			}
		},
		{
			"from": [4.39681, 4.91618, -1.6051],
			"to": [5.99766, 6.11681, -0.80467],
			"rotation": {"angle": 0, "axis": "y", "origin": [-8.0085, -10.2919, -14.4119]},
			"faces": {
				"north": {"uv": [13, 7, 15, 10], "texture": "#77"},
				"south": {"uv": [13, 7, 15, 10], "texture": "#77"},
				"up": {"uv": [9, 0, 13, 2], "texture": "#77"},
				"down": {"uv": [3, 14, 7, 16], "texture": "#77"}
			}
		},
		{
			"from": [4.39681, 7.31745, -1.6051],
			"to": [5.99766, 8.51809, -0.80467],
			"rotation": {"angle": 0, "axis": "y", "origin": [-8.0085, -10.2919, -14.4119]},
			"faces": {
				"north": {"uv": [13, 1, 15, 4], "texture": "#77"},
				"south": {"uv": [13, 1, 15, 4], "texture": "#77"},
				"up": {"uv": [9, 0, 13, 2], "texture": "#77"},
				"down": {"uv": [3, 14, 7, 16], "texture": "#77"}
			}
		},
		{
			"from": [9.19936, 4.91618, -8.80892],
			"to": [11.60064, 6.51702, -8.0085],
			"rotation": {"angle": 0, "axis": "y", "origin": [-8.0085, -10.2919, -14.4119]},
			"faces": {
				"north": {"uv": [5, 6, 11, 10], "texture": "#67"},
				"east": {"uv": [0, 6, 2, 10], "texture": "#67"},
				"west": {"uv": [14, 6, 16, 10], "texture": "#67"},
				"up": {"uv": [5, 14, 11, 16], "texture": "#67"},
				"down": {"uv": [5, 0, 11, 2], "texture": "#67"}
			}
		},
		{
			"from": [9.19936, 4.91618, 24.0085],
			"to": [11.60064, 6.51702, 24.80893],
			"rotation": {"angle": 0, "axis": "y", "origin": [-8.0085, -10.2919, -14.4119]},
			"faces": {
				"east": {"uv": [14, 6, 16, 10], "texture": "#67"},
				"south": {"uv": [5, 6, 11, 10], "texture": "#67"},
				"west": {"uv": [0, 6, 2, 10], "texture": "#67"},
				"up": {"uv": [5, 0, 11, 2], "texture": "#67"},
				"down": {"uv": [5, 14, 11, 16], "texture": "#67"}
			}
		},
		{
			"from": [15.60276, 4.91618, -8.80892],
			"to": [18.00404, 6.51702, -8.0085],
			"rotation": {"angle": 0, "axis": "y", "origin": [-8.0085, -10.2919, -14.4119]},
			"faces": {
				"north": {"uv": [5, 6, 11, 10], "texture": "#67"},
				"east": {"uv": [0, 6, 2, 10], "texture": "#67"},
				"west": {"uv": [14, 6, 16, 10], "texture": "#67"},
				"up": {"uv": [5, 14, 11, 16], "texture": "#67"},
				"down": {"uv": [5, 0, 11, 2], "texture": "#67"}
			}
		},
		{
			"from": [13.6017, 2.5149, -1.6051],
			"to": [20.0051, 5.7166, 4.7983],
			"rotation": {"angle": 0, "axis": "y", "origin": [-8.0085, -10.2919, -14.4119]},
			"faces": {
				"up": {"uv": [0, 0, 16, 16], "texture": "#68"},
				"down": {"uv": [0, 0, 16, 16], "texture": "#68"}
			}
		},
		{
			"from": [13.6017, 2.5149, 4.7983],
			"to": [20.0051, 5.7166, 11.2017],
			"rotation": {"angle": 0, "axis": "y", "origin": [-8.0085, -10.2919, -14.4119]},
			"faces": {
				"up": {"uv": [0, 0, 16, 16], "texture": "#68"},
				"down": {"uv": [0, 0, 16, 16], "texture": "#68"}
			}
		},
		{
			"from": [13.6017, 2.5149, 11.2017],
			"to": [20.0051, 5.7166, 17.6051],
			"rotation": {"angle": 0, "axis": "y", "origin": [-8.0085, -10.2919, -14.4119]},
			"faces": {
				"up": {"uv": [0, 0, 16, 16], "texture": "#68"},
				"down": {"uv": [0, 0, 16, 16], "texture": "#68"}
			}
		},
		{
			"from": [15.60276, 4.91618, 24.0085],
			"to": [18.00404, 6.51702, 24.80893],
			"rotation": {"angle": 0, "axis": "y", "origin": [-8.0085, -10.2919, -14.4119]},
			"faces": {
				"east": {"uv": [14, 6, 16, 10], "texture": "#67"},
				"south": {"uv": [5, 6, 11, 10], "texture": "#67"},
				"west": {"uv": [0, 6, 2, 10], "texture": "#67"},
				"up": {"uv": [5, 0, 11, 2], "texture": "#67"},
				"down": {"uv": [5, 14, 11, 16], "texture": "#67"}
			}
		},
		{
			"from": [22.00616, 4.91618, -8.80892],
			"to": [24.40744, 6.51702, -8.0085],
			"rotation": {"angle": 0, "axis": "y", "origin": [-8.0085, -10.2919, -14.4119]},
			"faces": {
				"north": {"uv": [5, 6, 11, 10], "texture": "#67"},
				"east": {"uv": [0, 6, 2, 10], "texture": "#67"},
				"west": {"uv": [14, 6, 16, 10], "texture": "#67"},
				"up": {"uv": [5, 14, 11, 16], "texture": "#67"},
				"down": {"uv": [5, 0, 11, 2], "texture": "#67"}
			}
		},
		{
			"from": [20.0051, 2.5149, -1.6051],
			"to": [26.4085, 5.7166, 4.7983],
			"rotation": {"angle": 0, "axis": "y", "origin": [-8.0085, -10.2919, -14.4119]},
			"faces": {
				"east": {"uv": [0, 8, 16, 16], "texture": "#68"},
				"up": {"uv": [0, 0, 16, 16], "texture": "#68"},
				"down": {"uv": [0, 0, 16, 16], "texture": "#68"}
			}
		},
		{
			"from": [20.0051, 2.5149, 4.7983],
			"to": [26.4085, 5.7166, 11.2017],
			"rotation": {"angle": 0, "axis": "y", "origin": [-8.0085, -10.2919, -14.4119]},
			"faces": {
				"east": {"uv": [0, 8, 16, 16], "texture": "#68"},
				"up": {"uv": [0, 0, 16, 16], "texture": "#68"},
				"down": {"uv": [0, 0, 16, 16], "texture": "#68"}
			}
		},
		{
			"from": [20.0051, 2.5149, 11.2017],
			"to": [26.4085, 5.7166, 17.6051],
			"rotation": {"angle": 0, "axis": "y", "origin": [-8.0085, -10.2919, -14.4119]},
			"faces": {
				"east": {"uv": [0, 8, 16, 16], "texture": "#68"},
				"up": {"uv": [0, 0, 16, 16], "texture": "#68"},
				"down": {"uv": [0, 0, 16, 16], "texture": "#68"}
			}
		},
		{
			"from": [3.59639, 10.91936, 3.99787],
			"to": [4.39681, 15.3217, 4.7983],
			"rotation": {"angle": 0, "axis": "y", "origin": [-8.0085, -10.2919, -14.4119]},
			"faces": {
				"north": {"uv": [7, 0, 9, 11], "texture": "#77"},
				"east": {"uv": [0, 0, 2, 11], "texture": "#77"},
				"south": {"uv": [7, 0, 9, 11], "texture": "#77"},
				"west": {"uv": [0, 0, 2, 11], "texture": "#77"},
				"up": {"uv": [7, 14, 9, 16], "texture": "#77"},
				"down": {"uv": [7, 0, 9, 2], "texture": "#77"}
			}
		},
		{
			"from": [3.59639, 10.91936, -1.6051],
			"to": [4.39681, 15.3217, -0.80467],
			"rotation": {"angle": 0, "axis": "y", "origin": [-8.0085, -10.2919, -14.4119]},
			"faces": {
				"north": {"uv": [7, 0, 9, 11], "texture": "#77"},
				"east": {"uv": [14, 0, 16, 11], "texture": "#77"},
				"south": {"uv": [7, 0, 9, 11], "texture": "#77"},
				"west": {"uv": [14, 0, 16, 11], "texture": "#77"},
				"up": {"uv": [7, 0, 9, 2], "texture": "#77"},
				"down": {"uv": [7, 14, 9, 16], "texture": "#77"}
			}
		},
		{
			"from": [5.99766, 11.31958, 3.99787],
			"to": [6.79809, 14.92149, 4.7983],
			"rotation": {"angle": 0, "axis": "y", "origin": [-8.0085, -10.2919, -14.4119]},
			"faces": {
				"north": {"uv": [13, 1, 15, 10], "texture": "#77"},
				"east": {"uv": [0, 1, 2, 10], "texture": "#77"},
				"south": {"uv": [13, 1, 15, 10], "texture": "#77"},
				"west": {"uv": [0, 1, 2, 10], "texture": "#77"},
				"up": {"uv": [13, 14, 15, 16], "texture": "#77"},
				"down": {"uv": [1, 0, 3, 2], "texture": "#77"}
			}
		},
		{
			"from": [5.99766, 11.31958, -1.6051],
			"to": [6.79809, 14.92149, -0.80467],
			"rotation": {"angle": 0, "axis": "y", "origin": [-8.0085, -10.2919, -14.4119]},
			"faces": {
				"north": {"uv": [13, 1, 15, 10], "texture": "#77"},
				"east": {"uv": [14, 1, 16, 10], "texture": "#77"},
				"south": {"uv": [13, 1, 15, 10], "texture": "#77"},
				"west": {"uv": [14, 1, 16, 10], "texture": "#77"},
				"up": {"uv": [13, 0, 15, 2], "texture": "#77"},
				"down": {"uv": [1, 14, 3, 16], "texture": "#77"}
			}
		},
		{
			"from": [4.39681, 11.31958, 3.99787],
			"to": [5.99766, 12.52021, 4.7983],
			"rotation": {"angle": 0, "axis": "y", "origin": [-8.0085, -10.2919, -14.4119]},
			"faces": {
				"north": {"uv": [13, 7, 15, 10], "texture": "#77"},
				"south": {"uv": [13, 7, 15, 10], "texture": "#77"},
				"up": {"uv": [9, 14, 13, 16], "texture": "#77"},
				"down": {"uv": [3, 0, 7, 2], "texture": "#77"}
			}
		},
		{
			"from": [4.39681, 13.72085, 3.99787],
			"to": [5.99766, 14.92149, 4.7983],
			"rotation": {"angle": 0, "axis": "y", "origin": [-8.0085, -10.2919, -14.4119]},
			"faces": {
				"north": {"uv": [13, 1, 15, 4], "texture": "#77"},
				"south": {"uv": [13, 1, 15, 4], "texture": "#77"},
				"up": {"uv": [9, 14, 13, 16], "texture": "#77"},
				"down": {"uv": [3, 0, 7, 2], "texture": "#77"}
			}
		},
		{
			"from": [4.39681, 11.31958, -1.6051],
			"to": [5.99766, 12.52021, -0.80467],
			"rotation": {"angle": 0, "axis": "y", "origin": [-8.0085, -10.2919, -14.4119]},
			"faces": {
				"north": {"uv": [13, 7, 15, 10], "texture": "#77"},
				"south": {"uv": [13, 7, 15, 10], "texture": "#77"},
				"up": {"uv": [9, 0, 13, 2], "texture": "#77"},
				"down": {"uv": [3, 14, 7, 16], "texture": "#77"}
			}
		},
		{
			"from": [4.39681, 13.72085, -1.6051],
			"to": [5.99766, 14.92149, -0.80467],
			"rotation": {"angle": 0, "axis": "y", "origin": [-8.0085, -10.2919, -14.4119]},
			"faces": {
				"north": {"uv": [13, 1, 15, 4], "texture": "#77"},
				"south": {"uv": [13, 1, 15, 4], "texture": "#77"},
				"up": {"uv": [9, 0, 13, 2], "texture": "#77"},
				"down": {"uv": [3, 14, 7, 16], "texture": "#77"}
			}
		},
		{
			"from": [15.60276, 11.31958, -8.80892],
			"to": [18.00404, 12.92043, -8.0085],
			"rotation": {"angle": 0, "axis": "y", "origin": [-8.0085, -10.2919, -14.4119]},
			"faces": {
				"north": {"uv": [5, 6, 11, 10], "texture": "#67"},
				"east": {"uv": [0, 6, 2, 10], "texture": "#67"},
				"west": {"uv": [14, 6, 16, 10], "texture": "#67"},
				"up": {"uv": [5, 14, 11, 16], "texture": "#67"},
				"down": {"uv": [5, 0, 11, 2], "texture": "#67"}
			}
		},
		{
			"from": [15.60276, 11.31958, 24.0085],
			"to": [18.00404, 12.92043, 24.80893],
			"rotation": {"angle": 0, "axis": "y", "origin": [-8.0085, -10.2919, -14.4119]},
			"faces": {
				"east": {"uv": [14, 6, 16, 10], "texture": "#67"},
				"south": {"uv": [5, 6, 11, 10], "texture": "#67"},
				"west": {"uv": [0, 6, 2, 10], "texture": "#67"},
				"up": {"uv": [5, 0, 11, 2], "texture": "#67"},
				"down": {"uv": [5, 14, 11, 16], "texture": "#67"}
			}
		},
		{
			"from": [3.59639, 17.32276, 3.99787],
			"to": [4.39681, 21.7251, 4.7983],
			"rotation": {"angle": 0, "axis": "y", "origin": [-8.0085, -10.2919, -14.4119]},
			"faces": {
				"north": {"uv": [7, 0, 9, 11], "texture": "#77"},
				"east": {"uv": [0, 0, 2, 11], "texture": "#77"},
				"south": {"uv": [7, 0, 9, 11], "texture": "#77"},
				"west": {"uv": [0, 0, 2, 11], "texture": "#77"},
				"up": {"uv": [7, 14, 9, 16], "texture": "#77"},
				"down": {"uv": [7, 0, 9, 2], "texture": "#77"}
			}
		},
		{
			"from": [3.59639, 17.32276, -1.6051],
			"to": [4.39681, 21.7251, -0.80467],
			"rotation": {"angle": 0, "axis": "y", "origin": [-8.0085, -10.2919, -14.4119]},
			"faces": {
				"north": {"uv": [7, 0, 9, 11], "texture": "#77"},
				"east": {"uv": [14, 0, 16, 11], "texture": "#77"},
				"south": {"uv": [7, 0, 9, 11], "texture": "#77"},
				"west": {"uv": [14, 0, 16, 11], "texture": "#77"},
				"up": {"uv": [7, 0, 9, 2], "texture": "#77"},
				"down": {"uv": [7, 14, 9, 16], "texture": "#77"}
			}
		},
		{
			"from": [5.99766, 17.72297, 3.99787],
			"to": [6.79809, 21.32489, 4.7983],
			"rotation": {"angle": 0, "axis": "y", "origin": [-8.0085, -10.2919, -14.4119]},
			"faces": {
				"north": {"uv": [13, 1, 15, 10], "texture": "#77"},
				"east": {"uv": [0, 1, 2, 10], "texture": "#77"},
				"south": {"uv": [13, 1, 15, 10], "texture": "#77"},
				"west": {"uv": [0, 1, 2, 10], "texture": "#77"},
				"up": {"uv": [13, 14, 15, 16], "texture": "#77"},
				"down": {"uv": [1, 0, 3, 2], "texture": "#77"}
			}
		},
		{
			"from": [5.99766, 17.72297, -1.6051],
			"to": [6.79809, 21.32489, -0.80467],
			"rotation": {"angle": 0, "axis": "y", "origin": [-8.0085, -10.2919, -14.4119]},
			"faces": {
				"north": {"uv": [13, 1, 15, 10], "texture": "#77"},
				"east": {"uv": [14, 1, 16, 10], "texture": "#77"},
				"south": {"uv": [13, 1, 15, 10], "texture": "#77"},
				"west": {"uv": [14, 1, 16, 10], "texture": "#77"},
				"up": {"uv": [13, 0, 15, 2], "texture": "#77"},
				"down": {"uv": [1, 14, 3, 16], "texture": "#77"}
			}
		},
		{
			"from": [4.39681, 17.72297, 3.99787],
			"to": [5.99766, 18.92361, 4.7983],
			"rotation": {"angle": 0, "axis": "y", "origin": [-8.0085, -10.2919, -14.4119]},
			"faces": {
				"north": {"uv": [13, 7, 15, 10], "texture": "#77"},
				"south": {"uv": [13, 7, 15, 10], "texture": "#77"},
				"up": {"uv": [9, 14, 13, 16], "texture": "#77"},
				"down": {"uv": [3, 0, 7, 2], "texture": "#77"}
			}
		},
		{
			"from": [4.39681, 20.12425, 3.99787],
			"to": [5.99766, 21.32489, 4.7983],
			"rotation": {"angle": 0, "axis": "y", "origin": [-8.0085, -10.2919, -14.4119]},
			"faces": {
				"north": {"uv": [13, 1, 15, 4], "texture": "#77"},
				"south": {"uv": [13, 1, 15, 4], "texture": "#77"},
				"up": {"uv": [9, 14, 13, 16], "texture": "#77"},
				"down": {"uv": [3, 0, 7, 2], "texture": "#77"}
			}
		},
		{
			"from": [4.39681, 17.72297, -1.6051],
			"to": [5.99766, 18.92361, -0.80467],
			"rotation": {"angle": 0, "axis": "y", "origin": [-8.0085, -10.2919, -14.4119]},
			"faces": {
				"north": {"uv": [13, 7, 15, 10], "texture": "#77"},
				"south": {"uv": [13, 7, 15, 10], "texture": "#77"},
				"up": {"uv": [9, 0, 13, 2], "texture": "#77"},
				"down": {"uv": [3, 14, 7, 16], "texture": "#77"}
			}
		},
		{
			"from": [4.39681, 20.12425, -1.6051],
			"to": [5.99766, 21.32489, -0.80467],
			"rotation": {"angle": 0, "axis": "y", "origin": [-8.0085, -10.2919, -14.4119]},
			"faces": {
				"north": {"uv": [13, 1, 15, 4], "texture": "#77"},
				"south": {"uv": [13, 1, 15, 4], "texture": "#77"},
				"up": {"uv": [9, 0, 13, 2], "texture": "#77"},
				"down": {"uv": [3, 14, 7, 16], "texture": "#77"}
			}
		},
		{
			"from": [15.60276, 17.72297, 24.0085],
			"to": [18.00404, 19.32383, 24.80893],
			"rotation": {"angle": 0, "axis": "y", "origin": [-8.0085, -10.2919, -14.4119]},
			"faces": {
				"east": {"uv": [14, 6, 16, 10], "texture": "#67"},
				"south": {"uv": [5, 6, 11, 10], "texture": "#67"},
				"west": {"uv": [0, 6, 2, 10], "texture": "#67"},
				"up": {"uv": [5, 0, 11, 2], "texture": "#67"},
				"down": {"uv": [5, 14, 11, 16], "texture": "#67"}
			}
		},
		{
			"from": [3.59639, 23.72616, 3.99787],
			"to": [4.39681, 28.1285, 4.7983],
			"rotation": {"angle": 0, "axis": "y", "origin": [-8.0085, -10.2919, -14.4119]},
			"faces": {
				"north": {"uv": [7, 0, 9, 11], "texture": "#77"},
				"east": {"uv": [0, 0, 2, 11], "texture": "#77"},
				"south": {"uv": [7, 0, 9, 11], "texture": "#77"},
				"west": {"uv": [0, 0, 2, 11], "texture": "#77"},
				"up": {"uv": [7, 14, 9, 16], "texture": "#77"},
				"down": {"uv": [7, 0, 9, 2], "texture": "#77"}
			}
		},
		{
			"from": [3.59639, 23.72616, -1.6051],
			"to": [4.39681, 28.1285, -0.80467],
			"rotation": {"angle": 0, "axis": "y", "origin": [-8.0085, -10.2919, -14.4119]},
			"faces": {
				"north": {"uv": [7, 0, 9, 11], "texture": "#77"},
				"east": {"uv": [14, 0, 16, 11], "texture": "#77"},
				"south": {"uv": [7, 0, 9, 11], "texture": "#77"},
				"west": {"uv": [14, 0, 16, 11], "texture": "#77"},
				"up": {"uv": [7, 0, 9, 2], "texture": "#77"},
				"down": {"uv": [7, 14, 9, 16], "texture": "#77"}
			}
		},
		{
			"from": [5.99766, 24.12638, 3.99787],
			"to": [6.79809, 27.72829, 4.7983],
			"rotation": {"angle": 0, "axis": "y", "origin": [-8.0085, -10.2919, -14.4119]},
			"faces": {
				"north": {"uv": [13, 1, 15, 10], "texture": "#77"},
				"east": {"uv": [0, 1, 2, 10], "texture": "#77"},
				"south": {"uv": [13, 1, 15, 10], "texture": "#77"},
				"west": {"uv": [0, 1, 2, 10], "texture": "#77"},
				"up": {"uv": [13, 14, 15, 16], "texture": "#77"},
				"down": {"uv": [1, 0, 3, 2], "texture": "#77"}
			}
		},
		{
			"from": [5.99766, 24.12638, -1.6051],
			"to": [6.79809, 27.72829, -0.80467],
			"rotation": {"angle": 0, "axis": "y", "origin": [-8.0085, -10.2919, -14.4119]},
			"faces": {
				"north": {"uv": [13, 1, 15, 10], "texture": "#77"},
				"east": {"uv": [14, 1, 16, 10], "texture": "#77"},
				"south": {"uv": [13, 1, 15, 10], "texture": "#77"},
				"west": {"uv": [14, 1, 16, 10], "texture": "#77"},
				"up": {"uv": [13, 0, 15, 2], "texture": "#77"},
				"down": {"uv": [1, 14, 3, 16], "texture": "#77"}
			}
		},
		{
			"from": [4.39681, 24.12638, 3.99787],
			"to": [5.99766, 25.32701, 4.7983],
			"rotation": {"angle": 0, "axis": "y", "origin": [-8.0085, -10.2919, -14.4119]},
			"faces": {
				"north": {"uv": [13, 7, 15, 10], "texture": "#77"},
				"south": {"uv": [13, 7, 15, 10], "texture": "#77"},
				"up": {"uv": [9, 14, 13, 16], "texture": "#77"},
				"down": {"uv": [3, 0, 7, 2], "texture": "#77"}
			}
		},
		{
			"from": [4.39681, 26.52765, 3.99787],
			"to": [5.99766, 27.72829, 4.7983],
			"rotation": {"angle": 0, "axis": "y", "origin": [-8.0085, -10.2919, -14.4119]},
			"faces": {
				"north": {"uv": [13, 1, 15, 4], "texture": "#77"},
				"south": {"uv": [13, 1, 15, 4], "texture": "#77"},
				"up": {"uv": [9, 14, 13, 16], "texture": "#77"},
				"down": {"uv": [3, 0, 7, 2], "texture": "#77"}
			}
		},
		{
			"from": [4.39681, 24.12638, -1.6051],
			"to": [5.99766, 25.32701, -0.80467],
			"rotation": {"angle": 0, "axis": "y", "origin": [-8.0085, -10.2919, -14.4119]},
			"faces": {
				"north": {"uv": [13, 7, 15, 10], "texture": "#77"},
				"south": {"uv": [13, 7, 15, 10], "texture": "#77"},
				"up": {"uv": [9, 0, 13, 2], "texture": "#77"},
				"down": {"uv": [3, 14, 7, 16], "texture": "#77"}
			}
		},
		{
			"from": [4.39681, 26.52765, -1.6051],
			"to": [5.99766, 27.72829, -0.80467],
			"rotation": {"angle": 0, "axis": "y", "origin": [-8.0085, -10.2919, -14.4119]},
			"faces": {
				"north": {"uv": [13, 1, 15, 4], "texture": "#77"},
				"south": {"uv": [13, 1, 15, 4], "texture": "#77"},
				"up": {"uv": [9, 0, 13, 2], "texture": "#77"},
				"down": {"uv": [3, 14, 7, 16], "texture": "#77"}
			}
		},
		{
			"from": [9.59957, 21.7251, -5.60722],
			"to": [11.20043, 28.1285, -4.00637],
			"rotation": {"angle": 0, "axis": "y", "origin": [-8.0085, -10.2919, -14.4119]},
			"faces": {
				"north": {"uv": [6, 0, 10, 16], "texture": "#77"},
				"east": {"uv": [6, 0, 10, 16], "texture": "#77"},
				"south": {"uv": [6, 0, 10, 16], "texture": "#77"},
				"west": {"uv": [6, 0, 10, 16], "texture": "#77"},
				"up": {"uv": [6, 6, 10, 10], "texture": "#77"}
			}
		},
		{
			"from": [9.99979, 26.52765, -5.20701],
			"to": [13.6017, 27.72829, -4.40659],
			"rotation": {"angle": 0, "axis": "y", "origin": [-8.0085, -10.2919, -14.4119]},
			"faces": {
				"north": {"uv": [0, 1, 9, 4], "texture": "#77"},
				"east": {"uv": [7, 1, 9, 4], "texture": "#77"},
				"south": {"uv": [0, 1, 9, 4], "texture": "#77"},
				"up": {"uv": [7, 7, 16, 9], "texture": "#77"},
				"down": {"uv": [0, 7, 9, 9], "texture": "#77"}
			}
		},
		{
			"from": [9.99979, 24.12638, -5.20701],
			"to": [13.6017, 25.32701, -4.40659],
			"rotation": {"angle": 0, "axis": "y", "origin": [-8.0085, -10.2919, -14.4119]},
			"faces": {
				"north": {"uv": [0, 7, 9, 10], "texture": "#77"},
				"east": {"uv": [7, 7, 9, 10], "texture": "#77"},
				"south": {"uv": [0, 7, 9, 10], "texture": "#77"},
				"up": {"uv": [7, 7, 16, 9], "texture": "#77"},
				"down": {"uv": [0, 7, 9, 9], "texture": "#77"}
			}
		},
		{
			"from": [9.59957, 21.7251, 20.00637],
			"to": [11.20043, 28.1285, 21.60723],
			"rotation": {"angle": 0, "axis": "y", "origin": [-8.0085, -10.2919, -14.4119]},
			"faces": {
				"north": {"uv": [6, 0, 10, 16], "texture": "#77"},
				"east": {"uv": [6, 0, 10, 16], "texture": "#77"},
				"south": {"uv": [6, 0, 10, 16], "texture": "#77"},
				"west": {"uv": [6, 0, 10, 16], "texture": "#77"},
				"up": {"uv": [6, 6, 10, 10], "texture": "#77"}
			}
		},
		{
			"from": [9.99979, 26.52765, 20.40659],
			"to": [13.6017, 27.72829, 21.20701],
			"rotation": {"angle": 0, "axis": "y", "origin": [-8.0085, -10.2919, -14.4119]},
			"faces": {
				"north": {"uv": [0, 1, 9, 4], "texture": "#77"},
				"east": {"uv": [7, 1, 9, 4], "texture": "#77"},
				"south": {"uv": [0, 1, 9, 4], "texture": "#77"},
				"up": {"uv": [7, 7, 16, 9], "texture": "#77"},
				"down": {"uv": [0, 7, 9, 9], "texture": "#77"}
			}
		},
		{
			"from": [9.99979, 24.12638, 20.40659],
			"to": [13.6017, 25.32701, 21.20701],
			"rotation": {"angle": 0, "axis": "y", "origin": [-8.0085, -10.2919, -14.4119]},
			"faces": {
				"north": {"uv": [0, 7, 9, 10], "texture": "#77"},
				"east": {"uv": [7, 7, 9, 10], "texture": "#77"},
				"south": {"uv": [0, 7, 9, 10], "texture": "#77"},
				"up": {"uv": [7, 7, 16, 9], "texture": "#77"},
				"down": {"uv": [0, 7, 9, 9], "texture": "#77"}
			}
		},
		{
			"from": [13.6017, 23.72616, -5.20701],
			"to": [14.40212, 28.1285, -4.40659],
			"rotation": {"angle": 0, "axis": "y", "origin": [-8.0085, -10.2919, -14.4119]},
			"faces": {
				"north": {"uv": [0, 0, 2, 11], "texture": "#77"},
				"east": {"uv": [7, 0, 9, 11], "texture": "#77"},
				"south": {"uv": [0, 0, 2, 11], "texture": "#77"},
				"west": {"uv": [7, 0, 9, 11], "texture": "#77"},
				"up": {"uv": [0, 7, 2, 9], "texture": "#77"},
				"down": {"uv": [0, 7, 2, 9], "texture": "#77"}
			}
		},
		{
			"from": [19.20468, 23.72616, -5.20701],
			"to": [20.0051, 28.1285, -4.40659],
			"rotation": {"angle": 0, "axis": "y", "origin": [-8.0085, -10.2919, -14.4119]},
			"faces": {
				"north": {"uv": [14, 0, 16, 11], "texture": "#77"},
				"east": {"uv": [7, 0, 9, 11], "texture": "#77"},
				"south": {"uv": [14, 0, 16, 11], "texture": "#77"},
				"west": {"uv": [7, 0, 9, 11], "texture": "#77"},
				"up": {"uv": [14, 7, 16, 9], "texture": "#77"},
				"down": {"uv": [14, 7, 16, 9], "texture": "#77"}
			}
		},
		{
			"from": [16.00298, 24.12638, -5.20701],
			"to": [16.8034, 27.72829, -4.40659],
			"rotation": {"angle": 0, "axis": "y", "origin": [-8.0085, -10.2919, -14.4119]},
			"faces": {
				"north": {"uv": [6, 1, 8, 10], "texture": "#77"},
				"east": {"uv": [7, 1, 9, 10], "texture": "#77"},
				"south": {"uv": [6, 1, 8, 10], "texture": "#77"},
				"west": {"uv": [7, 1, 9, 10], "texture": "#77"},
				"up": {"uv": [6, 7, 8, 9], "texture": "#77"},
				"down": {"uv": [6, 7, 8, 9], "texture": "#77"}
			}
		},
		{
			"from": [16.8034, 24.12638, -5.20701],
			"to": [17.60383, 27.72829, -4.40659],
			"rotation": {"angle": 0, "axis": "y", "origin": [-8.0085, -10.2919, -14.4119]},
			"faces": {
				"north": {"uv": [8, 1, 10, 10], "texture": "#77"},
				"east": {"uv": [7, 1, 9, 10], "texture": "#77"},
				"south": {"uv": [8, 1, 10, 10], "texture": "#77"},
				"west": {"uv": [7, 1, 9, 10], "texture": "#77"},
				"up": {"uv": [8, 7, 10, 9], "texture": "#77"},
				"down": {"uv": [8, 7, 10, 9], "texture": "#77"}
			}
		},
		{
			"from": [14.40212, 24.12638, -5.20701],
			"to": [16.00298, 25.32701, -4.40659],
			"rotation": {"angle": 0, "axis": "y", "origin": [-8.0085, -10.2919, -14.4119]},
			"faces": {
				"north": {"uv": [2, 7, 6, 10], "texture": "#77"},
				"south": {"uv": [2, 7, 6, 10], "texture": "#77"},
				"up": {"uv": [2, 7, 6, 9], "texture": "#77"},
				"down": {"uv": [2, 7, 6, 9], "texture": "#77"}
			}
		},
		{
			"from": [14.40212, 26.52765, -5.20701],
			"to": [16.00298, 27.72829, -4.40659],
			"rotation": {"angle": 0, "axis": "y", "origin": [-8.0085, -10.2919, -14.4119]},
			"faces": {
				"north": {"uv": [2, 1, 6, 4], "texture": "#77"},
				"south": {"uv": [2, 1, 6, 4], "texture": "#77"},
				"up": {"uv": [2, 7, 6, 9], "texture": "#77"},
				"down": {"uv": [2, 7, 6, 9], "texture": "#77"}
			}
		},
		{
			"from": [17.60383, 24.12638, -5.20701],
			"to": [19.20468, 25.32701, -4.40659],
			"rotation": {"angle": 0, "axis": "y", "origin": [-8.0085, -10.2919, -14.4119]},
			"faces": {
				"north": {"uv": [10, 7, 14, 10], "texture": "#77"},
				"south": {"uv": [10, 7, 14, 10], "texture": "#77"},
				"up": {"uv": [10, 7, 14, 9], "texture": "#77"},
				"down": {"uv": [10, 7, 14, 9], "texture": "#77"}
			}
		},
		{
			"from": [17.60383, 26.52765, -5.20701],
			"to": [19.20468, 27.72829, -4.40659],
			"rotation": {"angle": 0, "axis": "y", "origin": [-8.0085, -10.2919, -14.4119]},
			"faces": {
				"north": {"uv": [10, 1, 14, 4], "texture": "#77"},
				"south": {"uv": [10, 1, 14, 4], "texture": "#77"},
				"up": {"uv": [10, 7, 14, 9], "texture": "#77"},
				"down": {"uv": [10, 7, 14, 9], "texture": "#77"}
			}
		},
		{
			"from": [13.6017, 23.72616, 20.40659],
			"to": [14.40212, 28.1285, 21.20701],
			"rotation": {"angle": 0, "axis": "y", "origin": [-8.0085, -10.2919, -14.4119]},
			"faces": {
				"north": {"uv": [0, 0, 2, 11], "texture": "#77"},
				"east": {"uv": [7, 0, 9, 11], "texture": "#77"},
				"south": {"uv": [0, 0, 2, 11], "texture": "#77"},
				"west": {"uv": [7, 0, 9, 11], "texture": "#77"},
				"up": {"uv": [0, 7, 2, 9], "texture": "#77"},
				"down": {"uv": [0, 7, 2, 9], "texture": "#77"}
			}
		},
		{
			"from": [19.20468, 23.72616, 20.40659],
			"to": [20.0051, 28.1285, 21.20701],
			"rotation": {"angle": 0, "axis": "y", "origin": [-8.0085, -10.2919, -14.4119]},
			"faces": {
				"north": {"uv": [14, 0, 16, 11], "texture": "#77"},
				"east": {"uv": [7, 0, 9, 11], "texture": "#77"},
				"south": {"uv": [14, 0, 16, 11], "texture": "#77"},
				"west": {"uv": [7, 0, 9, 11], "texture": "#77"},
				"up": {"uv": [14, 7, 16, 9], "texture": "#77"},
				"down": {"uv": [14, 7, 16, 9], "texture": "#77"}
			}
		},
		{
			"from": [16.00298, 24.12638, 20.40659],
			"to": [16.8034, 27.72829, 21.20701],
			"rotation": {"angle": 0, "axis": "y", "origin": [-8.0085, -10.2919, -14.4119]},
			"faces": {
				"north": {"uv": [6, 1, 8, 10], "texture": "#77"},
				"east": {"uv": [7, 1, 9, 10], "texture": "#77"},
				"south": {"uv": [6, 1, 8, 10], "texture": "#77"},
				"west": {"uv": [7, 1, 9, 10], "texture": "#77"},
				"up": {"uv": [6, 7, 8, 9], "texture": "#77"},
				"down": {"uv": [6, 7, 8, 9], "texture": "#77"}
			}
		},
		{
			"from": [16.8034, 24.12638, 20.40659],
			"to": [17.60383, 27.72829, 21.20701],
			"rotation": {"angle": 0, "axis": "y", "origin": [-8.0085, -10.2919, -14.4119]},
			"faces": {
				"north": {"uv": [8, 1, 10, 10], "texture": "#77"},
				"east": {"uv": [7, 1, 9, 10], "texture": "#77"},
				"south": {"uv": [8, 1, 10, 10], "texture": "#77"},
				"west": {"uv": [7, 1, 9, 10], "texture": "#77"},
				"up": {"uv": [8, 7, 10, 9], "texture": "#77"},
				"down": {"uv": [8, 7, 10, 9], "texture": "#77"}
			}
		},
		{
			"from": [14.40212, 24.12638, 20.40659],
			"to": [16.00298, 25.32701, 21.20701],
			"rotation": {"angle": 0, "axis": "y", "origin": [-8.0085, -10.2919, -14.4119]},
			"faces": {
				"north": {"uv": [2, 7, 6, 10], "texture": "#77"},
				"south": {"uv": [2, 7, 6, 10], "texture": "#77"},
				"up": {"uv": [2, 7, 6, 9], "texture": "#77"},
				"down": {"uv": [2, 7, 6, 9], "texture": "#77"}
			}
		},
		{
			"from": [14.40212, 26.52765, 20.40659],
			"to": [16.00298, 27.72829, 21.20701],
			"rotation": {"angle": 0, "axis": "y", "origin": [-8.0085, -10.2919, -14.4119]},
			"faces": {
				"north": {"uv": [2, 1, 6, 4], "texture": "#77"},
				"south": {"uv": [2, 1, 6, 4], "texture": "#77"},
				"up": {"uv": [2, 7, 6, 9], "texture": "#77"},
				"down": {"uv": [2, 7, 6, 9], "texture": "#77"}
			}
		},
		{
			"from": [17.60383, 24.12638, 20.40659],
			"to": [19.20468, 25.32701, 21.20701],
			"rotation": {"angle": 0, "axis": "y", "origin": [-8.0085, -10.2919, -14.4119]},
			"faces": {
				"north": {"uv": [10, 7, 14, 10], "texture": "#77"},
				"south": {"uv": [10, 7, 14, 10], "texture": "#77"},
				"up": {"uv": [10, 7, 14, 9], "texture": "#77"},
				"down": {"uv": [10, 7, 14, 9], "texture": "#77"}
			}
		},
		{
			"from": [17.60383, 26.52765, 20.40659],
			"to": [19.20468, 27.72829, 21.20701],
			"rotation": {"angle": 0, "axis": "y", "origin": [-8.0085, -10.2919, -14.4119]},
			"faces": {
				"north": {"uv": [10, 1, 14, 4], "texture": "#77"},
				"south": {"uv": [10, 1, 14, 4], "texture": "#77"},
				"up": {"uv": [10, 7, 14, 9], "texture": "#77"},
				"down": {"uv": [10, 7, 14, 9], "texture": "#77"}
			}
		},
		{
			"from": [22.40638, 21.7251, -5.60722],
			"to": [24.00723, 28.1285, -4.00637],
			"rotation": {"angle": 0, "axis": "y", "origin": [-8.0085, -10.2919, -14.4119]},
			"faces": {
				"north": {"uv": [6, 0, 10, 16], "texture": "#77"},
				"east": {"uv": [6, 0, 10, 16], "texture": "#77"},
				"south": {"uv": [6, 0, 10, 16], "texture": "#77"},
				"west": {"uv": [6, 0, 10, 16], "texture": "#77"},
				"up": {"uv": [6, 6, 10, 10], "texture": "#77"}
			}
		},
		{
			"from": [22.80659, 26.52765, -5.20701],
			"to": [26.4085, 27.72829, -4.40659],
			"rotation": {"angle": 0, "axis": "y", "origin": [-8.0085, -10.2919, -14.4119]},
			"faces": {
				"north": {"uv": [0, 1, 9, 4], "texture": "#77"},
				"east": {"uv": [7, 1, 9, 4], "texture": "#77"},
				"south": {"uv": [0, 1, 9, 4], "texture": "#77"},
				"up": {"uv": [7, 7, 16, 9], "texture": "#77"},
				"down": {"uv": [0, 7, 9, 9], "texture": "#77"}
			}
		},
		{
			"from": [22.80659, 24.12638, -5.20701],
			"to": [26.4085, 25.32701, -4.40659],
			"rotation": {"angle": 0, "axis": "y", "origin": [-8.0085, -10.2919, -14.4119]},
			"faces": {
				"north": {"uv": [0, 7, 9, 10], "texture": "#77"},
				"east": {"uv": [7, 7, 9, 10], "texture": "#77"},
				"south": {"uv": [0, 7, 9, 10], "texture": "#77"},
				"up": {"uv": [7, 7, 16, 9], "texture": "#77"},
				"down": {"uv": [0, 7, 9, 9], "texture": "#77"}
			}
		},
		{
			"from": [20.0051, 26.52765, -5.20701],
			"to": [23.60701, 27.72829, -4.40659],
			"rotation": {"angle": 0, "axis": "y", "origin": [-8.0085, -10.2919, -14.4119]},
			"faces": {
				"north": {"uv": [0, 1, 9, 4], "texture": "#77"},
				"south": {"uv": [0, 1, 9, 4], "texture": "#77"},
				"west": {"uv": [7, 1, 9, 4], "texture": "#77"},
				"up": {"uv": [0, 7, 9, 9], "texture": "#77"},
				"down": {"uv": [7, 7, 16, 9], "texture": "#77"}
			}
		},
		{
			"from": [20.0051, 24.12638, -5.20701],
			"to": [23.60701, 25.32701, -4.40659],
			"rotation": {"angle": 0, "axis": "y", "origin": [-8.0085, -10.2919, -14.4119]},
			"faces": {
				"north": {"uv": [0, 7, 9, 10], "texture": "#77"},
				"south": {"uv": [0, 7, 9, 10], "texture": "#77"},
				"west": {"uv": [7, 7, 9, 10], "texture": "#77"},
				"up": {"uv": [0, 7, 9, 9], "texture": "#77"},
				"down": {"uv": [7, 7, 16, 9], "texture": "#77"}
			}
		},
		{
			"from": [22.40638, 21.7251, 20.00637],
			"to": [24.00723, 28.1285, 21.60723],
			"rotation": {"angle": 0, "axis": "y", "origin": [-8.0085, -10.2919, -14.4119]},
			"faces": {
				"north": {"uv": [6, 0, 10, 16], "texture": "#77"},
				"east": {"uv": [6, 0, 10, 16], "texture": "#77"},
				"south": {"uv": [6, 0, 10, 16], "texture": "#77"},
				"west": {"uv": [6, 0, 10, 16], "texture": "#77"},
				"up": {"uv": [6, 6, 10, 10], "texture": "#77"}
			}
		},
		{
			"from": [22.80659, 26.52765, 20.40659],
			"to": [26.4085, 27.72829, 21.20701],
			"rotation": {"angle": 0, "axis": "y", "origin": [-8.0085, -10.2919, -14.4119]},
			"faces": {
				"north": {"uv": [0, 1, 9, 4], "texture": "#77"},
				"east": {"uv": [7, 1, 9, 4], "texture": "#77"},
				"south": {"uv": [0, 1, 9, 4], "texture": "#77"},
				"up": {"uv": [7, 7, 16, 9], "texture": "#77"},
				"down": {"uv": [0, 7, 9, 9], "texture": "#77"}
			}
		},
		{
			"from": [22.80659, 24.12638, 20.40659],
			"to": [26.4085, 25.32701, 21.20701],
			"rotation": {"angle": 0, "axis": "y", "origin": [-8.0085, -10.2919, -14.4119]},
			"faces": {
				"north": {"uv": [0, 7, 9, 10], "texture": "#77"},
				"east": {"uv": [7, 7, 9, 10], "texture": "#77"},
				"south": {"uv": [0, 7, 9, 10], "texture": "#77"},
				"up": {"uv": [7, 7, 16, 9], "texture": "#77"},
				"down": {"uv": [0, 7, 9, 9], "texture": "#77"}
			}
		},
		{
			"from": [20.0051, 26.52765, 20.40659],
			"to": [23.60701, 27.72829, 21.20701],
			"rotation": {"angle": 0, "axis": "y", "origin": [-8.0085, -10.2919, -14.4119]},
			"faces": {
				"north": {"uv": [0, 1, 9, 4], "texture": "#77"},
				"south": {"uv": [0, 1, 9, 4], "texture": "#77"},
				"west": {"uv": [7, 1, 9, 4], "texture": "#77"},
				"up": {"uv": [0, 7, 9, 9], "texture": "#77"},
				"down": {"uv": [7, 7, 16, 9], "texture": "#77"}
			}
		},
		{
			"from": [20.0051, 24.12638, 20.40659],
			"to": [23.60701, 25.32701, 21.20701],
			"rotation": {"angle": 0, "axis": "y", "origin": [-8.0085, -10.2919, -14.4119]},
			"faces": {
				"north": {"uv": [0, 7, 9, 10], "texture": "#77"},
				"south": {"uv": [0, 7, 9, 10], "texture": "#77"},
				"west": {"uv": [7, 7, 9, 10], "texture": "#77"},
				"up": {"uv": [0, 7, 9, 9], "texture": "#77"},
				"down": {"uv": [7, 7, 16, 9], "texture": "#77"}
			}
		},
		{
			"from": [13.6017, -6.28977, -8.0085],
			"to": [20.0051, -5.88956, -1.6051],
			"rotation": {"angle": 0, "axis": "y", "origin": [-8.0085, -10.2919, -14.4119]},
			"faces": {
				"north": {"uv": [0, 5, 16, 6], "texture": "#78"},
				"east": {"uv": [0, 5, 16, 6], "texture": "#78"},
				"west": {"uv": [0, 5, 16, 6], "texture": "#78"},
				"up": {"uv": [0, 0, 16, 16], "rotation": 90, "texture": "#85"},
				"down": {"uv": [0, 0, 16, 16], "rotation": 270, "texture": "#85"}
			}
		},
		{
			"from": [13.6017, -5.88956, -8.0085],
			"to": [20.0051, -3.8885, -7.20808],
			"rotation": {"angle": 0, "axis": "y", "origin": [-8.0085, -10.2919, -14.4119]},
			"faces": {
				"north": {"uv": [0, 0, 16, 5], "texture": "#78"},
				"east": {"uv": [14, 0, 16, 5], "texture": "#78"},
				"south": {"uv": [0, 0, 16, 5], "texture": "#78"},
				"west": {"uv": [0, 0, 2, 5], "texture": "#78"},
				"up": {"uv": [0, 0, 2, 16], "rotation": 90, "texture": "#73"}
			}
		},
		{
			"from": [13.6017, -5.88956, -2.40553],
			"to": [20.0051, -3.8885, -1.6051],
			"rotation": {"angle": 0, "axis": "y", "origin": [-8.0085, -10.2919, -14.4119]},
			"faces": {
				"north": {"uv": [0, 0, 16, 5], "texture": "#78"},
				"east": {"uv": [0, 0, 2, 5], "texture": "#78"},
				"west": {"uv": [14, 0, 16, 5], "texture": "#78"},
				"up": {"uv": [14, 0, 16, 16], "rotation": 90, "texture": "#73"}
			}
		},
		{
			"from": [19.20468, -5.88956, -7.20808],
			"to": [20.0051, -3.8885, -2.40553],
			"rotation": {"angle": 0, "axis": "y", "origin": [-8.0085, -10.2919, -14.4119]},
			"faces": {
				"east": {"uv": [2, 0, 14, 5], "texture": "#78"},
				"west": {"uv": [2, 0, 14, 5], "texture": "#78"},
				"up": {"uv": [2, 0, 14, 2], "rotation": 90, "texture": "#73"}
			}
		},
		{
			"from": [13.6017, -5.88956, -7.20808],
			"to": [14.40212, -3.8885, -2.40553],
			"rotation": {"angle": 0, "axis": "y", "origin": [-8.0085, -10.2919, -14.4119]},
			"faces": {
				"east": {"uv": [2, 0, 14, 5], "texture": "#78"},
				"west": {"uv": [2, 0, 14, 5], "texture": "#78"},
				"up": {"uv": [2, 14, 14, 16], "rotation": 90, "texture": "#73"}
			}
		},
		{
			"from": [15.20255, -8.69105, -6.40765],
			"to": [18.40425, -6.28977, -3.20595],
			"rotation": {"angle": 0, "axis": "y", "origin": [-8.0085, -10.2919, -14.4119]},
			"faces": {
				"north": {"uv": [4, 6, 12, 12], "texture": "#78"},
				"east": {"uv": [4, 6, 12, 12], "texture": "#78"},
				"south": {"uv": [4, 6, 12, 12], "texture": "#78"},
				"west": {"uv": [4, 6, 12, 12], "texture": "#78"},
				"down": {"uv": [4, 4, 12, 12], "rotation": 270, "texture": "#85"}
			}
		},
		{
			"from": [18.40425, -8.69105, -5.60722],
			"to": [20.0051, -7.0902, -4.00637],
			"rotation": {"angle": 0, "axis": "y", "origin": [-8.0085, -10.2919, -14.4119]},
			"faces": {
				"north": {"uv": [0, 8, 4, 12], "texture": "#78"},
				"east": {"uv": [6, 8, 10, 12], "texture": "#78"},
				"south": {"uv": [12, 8, 16, 12], "texture": "#78"},
				"up": {"uv": [6, 0, 10, 4], "rotation": 90, "texture": "#78"},
				"down": {"uv": [6, 12, 10, 16], "rotation": 270, "texture": "#85"}
			}
		},
		{
			"from": [13.6017, -6.28977, 17.6051],
			"to": [20.0051, -5.88956, 24.0085],
			"rotation": {"angle": 0, "axis": "y", "origin": [-8.0085, -10.2919, -14.4119]},
			"faces": {
				"east": {"uv": [0, 5, 16, 6], "texture": "#78"},
				"south": {"uv": [0, 5, 16, 6], "texture": "#78"},
				"west": {"uv": [0, 5, 16, 6], "texture": "#78"},
				"up": {"uv": [0, 0, 16, 16], "rotation": 90, "texture": "#85"},
				"down": {"uv": [0, 0, 16, 16], "rotation": 270, "texture": "#85"}
			}
		},
		{
			"from": [13.6017, -5.88956, 17.6051],
			"to": [20.0051, -3.8885, 18.40552],
			"rotation": {"angle": 0, "axis": "y", "origin": [-8.0085, -10.2919, -14.4119]},
			"faces": {
				"east": {"uv": [14, 0, 16, 5], "texture": "#78"},
				"south": {"uv": [0, 0, 16, 5], "texture": "#78"},
				"west": {"uv": [0, 0, 2, 5], "texture": "#78"},
				"up": {"uv": [0, 0, 2, 16], "rotation": 90, "texture": "#73"}
			}
		},
		{
			"from": [13.6017, -5.88956, 23.20808],
			"to": [20.0051, -3.8885, 24.0085],
			"rotation": {"angle": 0, "axis": "y", "origin": [-8.0085, -10.2919, -14.4119]},
			"faces": {
				"north": {"uv": [0, 0, 16, 5], "texture": "#78"},
				"east": {"uv": [0, 0, 2, 5], "texture": "#78"},
				"south": {"uv": [0, 0, 16, 5], "texture": "#78"},
				"west": {"uv": [14, 0, 16, 5], "texture": "#78"},
				"up": {"uv": [14, 0, 16, 16], "rotation": 90, "texture": "#73"}
			}
		},
		{
			"from": [19.20468, -5.88956, 18.40552],
			"to": [20.0051, -3.8885, 23.20808],
			"rotation": {"angle": 0, "axis": "y", "origin": [-8.0085, -10.2919, -14.4119]},
			"faces": {
				"east": {"uv": [2, 0, 14, 5], "texture": "#78"},
				"west": {"uv": [2, 0, 14, 5], "texture": "#78"},
				"up": {"uv": [2, 0, 14, 2], "rotation": 90, "texture": "#73"}
			}
		},
		{
			"from": [13.6017, -5.88956, 18.40552],
			"to": [14.40212, -3.8885, 23.20808],
			"rotation": {"angle": 0, "axis": "y", "origin": [-8.0085, -10.2919, -14.4119]},
			"faces": {
				"east": {"uv": [2, 0, 14, 5], "texture": "#78"},
				"west": {"uv": [2, 0, 14, 5], "texture": "#78"},
				"up": {"uv": [2, 14, 14, 16], "rotation": 90, "texture": "#73"}
			}
		},
		{
			"from": [15.20255, -8.69105, 19.20595],
			"to": [18.40425, -6.28977, 22.40765],
			"rotation": {"angle": 0, "axis": "y", "origin": [-8.0085, -10.2919, -14.4119]},
			"faces": {
				"north": {"uv": [4, 6, 12, 12], "texture": "#78"},
				"east": {"uv": [4, 6, 12, 12], "texture": "#78"},
				"south": {"uv": [4, 6, 12, 12], "texture": "#78"},
				"west": {"uv": [4, 6, 12, 12], "texture": "#78"},
				"down": {"uv": [4, 4, 12, 12], "rotation": 270, "texture": "#85"}
			}
		},
		{
			"from": [18.40425, -8.69105, 20.00637],
			"to": [20.0051, -7.0902, 21.60723],
			"rotation": {"angle": 0, "axis": "y", "origin": [-8.0085, -10.2919, -14.4119]},
			"faces": {
				"north": {"uv": [0, 8, 4, 12], "texture": "#78"},
				"east": {"uv": [6, 8, 10, 12], "texture": "#78"},
				"south": {"uv": [12, 8, 16, 12], "texture": "#78"},
				"up": {"uv": [6, 0, 10, 4], "rotation": 90, "texture": "#78"},
				"down": {"uv": [6, 12, 10, 16], "rotation": 270, "texture": "#85"}
			}
		}
	],
	"display": {
		"thirdperson_righthand": {
			"rotation": [75, 45, 0],
			"translation": [0, 2.5, 0],
			"scale": [0.375, 0.375, 0.375]
		},
		"thirdperson_lefthand": {
			"rotation": [75, 45, 0],
			"translation": [0, 2.5, 0],
			"scale": [0.375, 0.375, 0.375]
		},
		"firstperson_righthand": {
			"rotation": [0, 45, 0],
			"scale": [0.4, 0.4, 0.4]
		},
		"firstperson_lefthand": {
			"rotation": [0, 225, 0],
			"scale": [0.4, 0.4, 0.4]
		},
		"ground": {
			"translation": [0, 3, 0],
			"scale": [0.25, 0.25, 0.25]
		},
		"gui": {
			"rotation": [0, 180, 0],
			"scale": [0.632, 0.632, 0.632]
		},
		"head": {
			"translation": [0, 80, 0],
			"scale": [4, 4, 4]
		},
		"fixed": {
			"scale": [0.5, 0.5, 0.5]
		}
	},
	"groups": [
		{
			"name": "structure",
			"origin": [8, 8, 8],
			"color": 0,
			"children": []
		},
		{
			"name": "structure",
			"origin": [8, 8, 8],
			"color": 0,
			"children": []
		},
		{
			"name": "structure",
			"origin": [8, 8, 8],
			"color": 0,
			"children": []
		},
		{
			"name": "structure",
			"origin": [8, 8, 8],
			"color": 0,
			"children": []
		},
		{
			"name": "structure",
			"origin": [8, 8, 8],
			"color": 0,
			"children": []
		},
		{
			"name": "structure",
			"origin": [8, 8, 8],
			"color": 0,
			"children": []
		},
		{
			"name": "structure",
			"origin": [8, 8, 8],
			"color": 0,
			"children": [
				0,
				1,
				2,
				3,
				4,
				5,
				6,
				7,
				8,
				9,
				10,
				11,
				12,
				13,
				14,
				15,
				16,
				17,
				18,
				19,
				20,
				21,
				22,
				23,
				24,
				25,
				26,
				27,
				28,
				29,
				30,
				31,
				32,
				33,
				34,
				35,
				36,
				37,
				38,
				39,
				40,
				41,
				42,
				43,
				44,
				45,
				46,
				47,
				48,
				49,
				50,
				51,
				52,
				53,
				54,
				55,
				56,
				57,
				58,
				59,
				60,
				61,
				62,
				63,
				64,
				65,
				66,
				67,
				68,
				69,
				70,
				71,
				72,
				73,
				74,
				75,
				76,
				77,
				78,
				79,
				80,
				81,
				82,
				83,
				84,
				85,
				86,
				87,
				88,
				89,
				90,
				91,
				92,
				93,
				94,
				95,
				96,
				97,
				98,
				99,
				100,
				101,
				102,
				103,
				104,
				105,
				106,
				107,
				108,
				109,
				110,
				111,
				112,
				113,
				114,
				115,
				116,
				117,
				118,
				119,
				120,
				121,
				122,
				123,
				124,
				125,
				126,
				127,
				128,
				129,
				130,
				131,
				132,
				133,
				134,
				135,
				136,
				137,
				138,
				139,
				140,
				141,
				142,
				143,
				144,
				145,
				146,
				147,
				148,
				149,
				150,
				151,
				152,
				153,
				154,
				155,
				156,
				157,
				158,
				159,
				160,
				161,
				162,
				163,
				164,
				165,
				166,
				167,
				168,
				169,
				170,
				171,
				172,
				173,
				174,
				175,
				176,
				177,
				178,
				179,
				180,
				181,
				182,
				183,
				184,
				185,
				186,
				187,
				188,
				189,
				190,
				191,
				192,
				193,
				194,
				195,
				196,
				197,
				198,
				199,
				200,
				201,
				202,
				203,
				204,
				205,
				206,
				207,
				208,
				209,
				210
			]
		}
	]
}