{
	"credit": "Made with Blockbench",
	"textures": {
		"42": "block/polished_blackstone_bricks",
		"44": "block/black_wool",
		"45": "block/polished_deepslate",
		"46": "block/cobbled_deepslate",
		"50": "block/cauldron_side",
		"54": "block/grindstone_pivot",
		"55": "block/grindstone_round",
		"56": "block/black_concrete_powder",
		"65": "block/chiseled_polished_blackstone",
		"66": "block/dark_oak_trapdoor",
		"67": "block/cauldron_top",
		"68": "block/cauldron_inner",
		"69": "block/cauldron_bottom",
		"70": "block/dark_oak_log",
		"71": "block/grindstone_side",
		"72": "block/polished_blackstone",
		"73": "block/stone",
		"74": "block/hopper_outside",
		"75": "block/hopper_inside",
		"76": "block/hopper_top"
	},
	"elements": [
		{
			"from": [-5.6085, -10.2919, -1.6051],
			"to": [0.7949, -3.8885, 4.7983],
			"rotation": {"angle": 0, "axis": "y", "origin": [-8.0085, -10.2919, -14.4119]},
			"faces": {
				"north": {"uv": [0, 0, 16, 16], "texture": "#65"},
				"east": {"uv": [0, 0, 16, 16], "texture": "#65"},
				"south": {"uv": [0, 0, 16, 16], "texture": "#65"},
				"west": {"uv": [0, 0, 16, 16], "texture": "#65"},
				"up": {"uv": [0, 0, 16, 16], "texture": "#65"},
				"down": {"uv": [0, 0, 16, 16], "texture": "#65"}
			}
		},
		{
			"from": [-5.6085, -10.2919, 11.2017],
			"to": [0.7949, -3.8885, 17.6051],
			"rotation": {"angle": 0, "axis": "y", "origin": [-8.0085, -10.2919, -14.4119]},
			"faces": {
				"north": {"uv": [0, 0, 16, 16], "texture": "#65"},
				"east": {"uv": [0, 0, 16, 16], "texture": "#65"},
				"south": {"uv": [0, 0, 16, 16], "texture": "#65"},
				"west": {"uv": [0, 0, 16, 16], "texture": "#65"},
				"up": {"uv": [0, 0, 16, 16], "texture": "#65"},
				"down": {"uv": [0, 0, 16, 16], "texture": "#65"}
			}
		},
		{
			"from": [7.1983, -10.2919, -1.6051],
			"to": [13.6017, -3.8885, 4.7983],
			"rotation": {"angle": 0, "axis": "y", "origin": [-8.0085, -10.2919, -14.4119]},
			"faces": {
				"north": {"uv": [0, 0, 16, 16], "texture": "#65"},
				"east": {"uv": [0, 0, 16, 16], "texture": "#65"},
				"south": {"uv": [0, 0, 16, 16], "texture": "#65"},
				"west": {"uv": [0, 0, 16, 16], "texture": "#65"},
				"up": {"uv": [0, 0, 16, 16], "texture": "#65"},
				"down": {"uv": [0, 0, 16, 16], "texture": "#65"}
			}
		},
		{
			"from": [7.1983, -10.2919, 11.2017],
			"to": [13.6017, -3.8885, 17.6051],
			"rotation": {"angle": 0, "axis": "y", "origin": [-8.0085, -10.2919, -14.4119]},
			"faces": {
				"north": {"uv": [0, 0, 16, 16], "texture": "#65"},
				"east": {"uv": [0, 0, 16, 16], "texture": "#65"},
				"south": {"uv": [0, 0, 16, 16], "texture": "#65"},
				"west": {"uv": [0, 0, 16, 16], "texture": "#65"},
				"up": {"uv": [0, 0, 16, 16], "texture": "#65"},
				"down": {"uv": [0, 0, 16, 16], "texture": "#65"}
			}
		},
		{
			"from": [-5.6085, 2.5149, -8.0085],
			"to": [0.7949, 8.9183, -1.6051],
			"rotation": {"angle": 0, "axis": "y", "origin": [-8.0085, -10.2919, -14.4119]},
			"faces": {
				"north": {"uv": [0, 0, 16, 16], "texture": "#44"},
				"south": {"uv": [0, 0, 16, 16], "texture": "#44"},
				"west": {"uv": [0, 0, 16, 16], "texture": "#44"}
			}
		},
		{
			"from": [-5.6085, 2.5149, 17.6051],
			"to": [0.7949, 8.9183, 24.0085],
			"rotation": {"angle": 0, "axis": "y", "origin": [-8.0085, -10.2919, -14.4119]},
			"faces": {
				"north": {"uv": [0, 0, 16, 16], "texture": "#56"},
				"south": {"uv": [0, 0, 16, 16], "texture": "#56"},
				"west": {"uv": [0, 0, 16, 16], "texture": "#56"}
			}
		},
		{
			"from": [0.7949, 2.5149, -8.0085],
			"to": [7.1983, 8.9183, -1.6051],
			"rotation": {"angle": 0, "axis": "y", "origin": [-8.0085, -10.2919, -14.4119]},
			"faces": {
				"north": {"uv": [0, 0, 16, 16], "texture": "#44"},
				"south": {"uv": [0, 0, 16, 16], "texture": "#44"}
			}
		},
		{
			"from": [0.7949, 2.5149, 17.6051],
			"to": [7.1983, 8.9183, 24.0085],
			"rotation": {"angle": 0, "axis": "y", "origin": [-8.0085, -10.2919, -14.4119]},
			"faces": {
				"north": {"uv": [0, 0, 16, 16], "texture": "#56"},
				"south": {"uv": [0, 0, 16, 16], "texture": "#56"}
			}
		},
		{
			"from": [7.1983, 2.5149, -8.0085],
			"to": [13.6017, 8.9183, -1.6051],
			"rotation": {"angle": 0, "axis": "y", "origin": [-8.0085, -10.2919, -14.4119]},
			"faces": {
				"north": {"uv": [0, 0, 16, 16], "texture": "#44"},
				"east": {"uv": [0, 0, 16, 16], "texture": "#44"}
			}
		},
		{
			"from": [7.1983, 2.5149, -1.6051],
			"to": [13.6017, 8.9183, 4.7983],
			"rotation": {"angle": 0, "axis": "y", "origin": [-8.0085, -10.2919, -14.4119]},
			"faces": {
				"east": {"uv": [0, 0, 16, 16], "texture": "#44"},
				"west": {"uv": [0, 0, 16, 16], "texture": "#44"},
				"down": {"uv": [0, 0, 16, 16], "texture": "#44"}
			}
		},
		{
			"from": [7.1983, 2.5149, 4.7983],
			"to": [13.6017, 8.9183, 11.2017],
			"rotation": {"angle": 0, "axis": "y", "origin": [-8.0085, -10.2919, -14.4119]},
			"faces": {
				"east": {"uv": [0, 0, 16, 16], "texture": "#56"},
				"west": {"uv": [0, 0, 16, 16], "texture": "#56"}
			}
		},
		{
			"from": [7.1983, 2.5149, 11.2017],
			"to": [13.6017, 8.9183, 17.6051],
			"rotation": {"angle": 0, "axis": "y", "origin": [-8.0085, -10.2919, -14.4119]},
			"faces": {
				"east": {"uv": [0, 0, 16, 16], "texture": "#56"},
				"west": {"uv": [0, 0, 16, 16], "texture": "#56"},
				"down": {"uv": [0, 0, 16, 16], "texture": "#56"}
			}
		},
		{
			"from": [7.1983, 2.5149, 17.6051],
			"to": [13.6017, 8.9183, 24.0085],
			"rotation": {"angle": 0, "axis": "y", "origin": [-8.0085, -10.2919, -14.4119]},
			"faces": {
				"east": {"uv": [0, 0, 16, 16], "texture": "#56"},
				"south": {"uv": [0, 0, 16, 16], "texture": "#56"}
			}
		},
		{
			"from": [-5.6085, 8.9183, -8.0085],
			"to": [0.7949, 15.3217, -1.6051],
			"rotation": {"angle": 0, "axis": "y", "origin": [-8.0085, -10.2919, -14.4119]},
			"faces": {
				"north": {"uv": [0, 0, 16, 16], "texture": "#56"},
				"south": {"uv": [0, 0, 16, 16], "texture": "#56"},
				"west": {"uv": [0, 0, 16, 16], "texture": "#56"}
			}
		},
		{
			"from": [-5.6085, 8.9183, 17.6051],
			"to": [0.7949, 15.3217, 24.0085],
			"rotation": {"angle": 0, "axis": "y", "origin": [-8.0085, -10.2919, -14.4119]},
			"faces": {
				"north": {"uv": [0, 0, 16, 16], "texture": "#44"},
				"south": {"uv": [0, 0, 16, 16], "texture": "#44"},
				"west": {"uv": [0, 0, 16, 16], "texture": "#44"}
			}
		},
		{
			"from": [0.7949, 8.9183, -8.0085],
			"to": [7.1983, 15.3217, -1.6051],
			"rotation": {"angle": 0, "axis": "y", "origin": [-8.0085, -10.2919, -14.4119]},
			"faces": {
				"north": {"uv": [0, 0, 16, 16], "texture": "#56"},
				"south": {"uv": [0, 0, 16, 16], "texture": "#56"}
			}
		},
		{
			"from": [0.7949, 8.9183, 17.6051],
			"to": [7.1983, 15.3217, 24.0085],
			"rotation": {"angle": 0, "axis": "y", "origin": [-8.0085, -10.2919, -14.4119]},
			"faces": {
				"north": {"uv": [0, 0, 16, 16], "texture": "#56"},
				"south": {"uv": [0, 0, 16, 16], "texture": "#56"}
			}
		},
		{
			"from": [7.1983, 8.9183, -8.0085],
			"to": [13.6017, 15.3217, -1.6051],
			"rotation": {"angle": 0, "axis": "y", "origin": [-8.0085, -10.2919, -14.4119]},
			"faces": {
				"north": {"uv": [0, 0, 16, 16], "texture": "#44"},
				"east": {"uv": [0, 0, 16, 16], "texture": "#44"}
			}
		},
		{
			"from": [7.1983, 8.9183, -1.6051],
			"to": [13.6017, 15.3217, 4.7983],
			"rotation": {"angle": 0, "axis": "y", "origin": [-8.0085, -10.2919, -14.4119]},
			"faces": {
				"east": {"uv": [0, 0, 16, 16], "texture": "#44"},
				"west": {"uv": [0, 0, 16, 16], "texture": "#44"}
			}
		},
		{
			"from": [7.1983, 8.9183, 4.7983],
			"to": [13.6017, 15.3217, 11.2017],
			"rotation": {"angle": 0, "axis": "y", "origin": [-8.0085, -10.2919, -14.4119]},
			"faces": {
				"east": {"uv": [0, 0, 16, 16], "texture": "#56"},
				"west": {"uv": [0, 0, 16, 16], "texture": "#56"}
			}
		},
		{
			"from": [7.1983, 8.9183, 11.2017],
			"to": [13.6017, 15.3217, 17.6051],
			"rotation": {"angle": 0, "axis": "y", "origin": [-8.0085, -10.2919, -14.4119]},
			"faces": {
				"east": {"uv": [0, 0, 16, 16], "texture": "#44"},
				"west": {"uv": [0, 0, 16, 16], "texture": "#44"}
			}
		},
		{
			"from": [7.1983, 8.9183, 17.6051],
			"to": [13.6017, 15.3217, 24.0085],
			"rotation": {"angle": 0, "axis": "y", "origin": [-8.0085, -10.2919, -14.4119]},
			"faces": {
				"east": {"uv": [0, 0, 16, 16], "texture": "#44"},
				"south": {"uv": [0, 0, 16, 16], "texture": "#44"}
			}
		},
		{
			"from": [-5.6085, 15.3217, -8.0085],
			"to": [0.7949, 21.7251, -1.6051],
			"rotation": {"angle": 0, "axis": "y", "origin": [-8.0085, -10.2919, -14.4119]},
			"faces": {
				"north": {"uv": [0, 0, 16, 16], "texture": "#44"},
				"south": {"uv": [0, 0, 16, 16], "texture": "#44"},
				"west": {"uv": [0, 0, 16, 16], "texture": "#44"}
			}
		},
		{
			"from": [-5.6085, 15.3217, 17.6051],
			"to": [0.7949, 21.7251, 24.0085],
			"rotation": {"angle": 0, "axis": "y", "origin": [-8.0085, -10.2919, -14.4119]},
			"faces": {
				"north": {"uv": [0, 0, 16, 16], "texture": "#56"},
				"south": {"uv": [0, 0, 16, 16], "texture": "#56"},
				"west": {"uv": [0, 0, 16, 16], "texture": "#56"}
			}
		},
		{
			"from": [0.7949, 15.3217, -8.0085],
			"to": [7.1983, 21.7251, -1.6051],
			"rotation": {"angle": 0, "axis": "y", "origin": [-8.0085, -10.2919, -14.4119]},
			"faces": {
				"north": {"uv": [0, 0, 16, 16], "texture": "#44"},
				"south": {"uv": [0, 0, 16, 16], "texture": "#44"}
			}
		},
		{
			"from": [0.7949, 15.3217, 17.6051],
			"to": [7.1983, 21.7251, 24.0085],
			"rotation": {"angle": 0, "axis": "y", "origin": [-8.0085, -10.2919, -14.4119]},
			"faces": {
				"north": {"uv": [0, 0, 16, 16], "texture": "#56"},
				"south": {"uv": [0, 0, 16, 16], "texture": "#56"}
			}
		},
		{
			"from": [7.1983, 15.3217, -8.0085],
			"to": [13.6017, 21.7251, -1.6051],
			"rotation": {"angle": 0, "axis": "y", "origin": [-8.0085, -10.2919, -14.4119]},
			"faces": {
				"north": {"uv": [0, 0, 16, 16], "texture": "#44"},
				"east": {"uv": [0, 0, 16, 16], "texture": "#44"},
				"up": {"uv": [0, 0, 16, 16], "texture": "#44"}
			}
		},
		{
			"from": [7.1983, 15.3217, -1.6051],
			"to": [13.6017, 21.7251, 4.7983],
			"rotation": {"angle": 0, "axis": "y", "origin": [-8.0085, -10.2919, -14.4119]},
			"faces": {
				"east": {"uv": [0, 0, 16, 16], "texture": "#56"},
				"west": {"uv": [0, 0, 16, 16], "texture": "#56"},
				"up": {"uv": [0, 0, 16, 16], "texture": "#56"}
			}
		},
		{
			"from": [7.1983, 15.3217, 4.7983],
			"to": [13.6017, 21.7251, 11.2017],
			"rotation": {"angle": 0, "axis": "y", "origin": [-8.0085, -10.2919, -14.4119]},
			"faces": {
				"east": {"uv": [0, 0, 16, 16], "texture": "#56"},
				"west": {"uv": [0, 0, 16, 16], "texture": "#56"},
				"up": {"uv": [0, 0, 16, 16], "texture": "#56"}
			}
		},
		{
			"from": [7.1983, 15.3217, 11.2017],
			"to": [13.6017, 21.7251, 17.6051],
			"rotation": {"angle": 0, "axis": "y", "origin": [-8.0085, -10.2919, -14.4119]},
			"faces": {
				"east": {"uv": [0, 0, 16, 16], "texture": "#56"},
				"west": {"uv": [0, 0, 16, 16], "texture": "#56"},
				"up": {"uv": [0, 0, 16, 16], "texture": "#56"}
			}
		},
		{
			"from": [7.1983, 15.3217, 17.6051],
			"to": [13.6017, 21.7251, 24.0085],
			"rotation": {"angle": 0, "axis": "y", "origin": [-8.0085, -10.2919, -14.4119]},
			"faces": {
				"east": {"uv": [0, 0, 16, 16], "texture": "#56"},
				"south": {"uv": [0, 0, 16, 16], "texture": "#56"},
				"up": {"uv": [0, 0, 16, 16], "texture": "#56"}
			}
		},
		{
			"from": [-5.6085, 21.7251, -8.0085],
			"to": [0.7949, 28.1285, -1.6051],
			"rotation": {"angle": 0, "axis": "y", "origin": [-8.0085, -10.2919, -14.4119]},
			"faces": {
				"north": {"uv": [0, 0, 16, 16], "texture": "#44"},
				"south": {"uv": [0, 0, 16, 16], "texture": "#44"},
				"west": {"uv": [0, 0, 16, 16], "texture": "#44"}
			}
		},
		{
			"from": [-5.6085, 21.7251, 17.6051],
			"to": [0.7949, 28.1285, 24.0085],
			"rotation": {"angle": 0, "axis": "y", "origin": [-8.0085, -10.2919, -14.4119]},
			"faces": {
				"north": {"uv": [0, 0, 16, 16], "texture": "#44"},
				"south": {"uv": [0, 0, 16, 16], "texture": "#44"},
				"west": {"uv": [0, 0, 16, 16], "texture": "#44"}
			}
		},
		{
			"from": [0.7949, 21.7251, -8.0085],
			"to": [7.1983, 28.1285, -1.6051],
			"rotation": {"angle": 0, "axis": "y", "origin": [-8.0085, -10.2919, -14.4119]},
			"faces": {
				"north": {"uv": [0, 0, 16, 16], "texture": "#44"},
				"east": {"uv": [0, 0, 16, 16], "texture": "#44"},
				"south": {"uv": [0, 0, 16, 16], "texture": "#44"}
			}
		},
		{
			"from": [0.7949, 21.7251, -1.6051],
			"to": [7.1983, 28.1285, 4.7983],
			"rotation": {"angle": 0, "axis": "y", "origin": [-8.0085, -10.2919, -14.4119]},
			"faces": {
				"east": {"uv": [0, 0, 16, 16], "texture": "#46"},
				"south": {"uv": [0, 0, 16, 16], "texture": "#46"},
				"west": {"uv": [0, 0, 16, 16], "texture": "#46"},
				"up": {"uv": [0, 0, 16, 16], "texture": "#46"},
				"down": {"uv": [0, 0, 16, 16], "texture": "#46"}
			}
		},
		{
			"from": [0.7949, 21.7251, 4.7983],
			"to": [7.1983, 28.1285, 11.2017],
			"rotation": {"angle": 0, "axis": "y", "origin": [-8.0085, -10.2919, -14.4119]},
			"faces": {
				"north": {"uv": [0, 0, 16, 16], "texture": "#46"},
				"east": {"uv": [0, 0, 16, 16], "texture": "#46"},
				"south": {"uv": [0, 0, 16, 16], "texture": "#46"},
				"west": {"uv": [0, 0, 16, 16], "texture": "#46"},
				"up": {"uv": [0, 0, 16, 16], "texture": "#46"},
				"down": {"uv": [0, 0, 16, 16], "texture": "#46"}
			}
		},
		{
			"from": [0.7949, 21.7251, 11.2017],
			"to": [7.1983, 28.1285, 17.6051],
			"rotation": {"angle": 0, "axis": "y", "origin": [-8.0085, -10.2919, -14.4119]},
			"faces": {
				"north": {"uv": [0, 0, 16, 16], "texture": "#46"},
				"east": {"uv": [0, 0, 16, 16], "texture": "#46"},
				"west": {"uv": [0, 0, 16, 16], "texture": "#46"},
				"up": {"uv": [0, 0, 16, 16], "texture": "#46"},
				"down": {"uv": [0, 0, 16, 16], "texture": "#46"}
			}
		},
		{
			"from": [0.7949, 21.7251, 17.6051],
			"to": [7.1983, 28.1285, 24.0085],
			"rotation": {"angle": 0, "axis": "y", "origin": [-8.0085, -10.2919, -14.4119]},
			"faces": {
				"north": {"uv": [0, 0, 16, 16], "texture": "#44"},
				"east": {"uv": [0, 0, 16, 16], "texture": "#44"},
				"south": {"uv": [0, 0, 16, 16], "texture": "#44"}
			}
		},
		{
			"from": [0.7949, -7.0902, -8.0085],
			"to": [7.1983, -3.8885, -1.6051],
			"rotation": {"angle": 0, "axis": "y", "origin": [-8.0085, -10.2919, -14.4119]},
			"faces": {
				"north": {"uv": [0, 0, 16, 8], "texture": "#45"},
				"east": {"uv": [0, 0, 16, 8], "texture": "#45"},
				"south": {"uv": [0, 0, 16, 8], "texture": "#45"},
				"west": {"uv": [0, 0, 16, 8], "texture": "#45"},
				"up": {"uv": [0, 0, 16, 16], "texture": "#45"},
				"down": {"uv": [0, 0, 16, 16], "texture": "#45"}
			}
		},
		{
			"from": [0.7949, -7.0902, 17.6051],
			"to": [7.1983, -3.8885, 24.0085],
			"rotation": {"angle": 0, "axis": "y", "origin": [-8.0085, -10.2919, -14.4119]},
			"faces": {
				"north": {"uv": [0, 0, 16, 8], "texture": "#45"},
				"east": {"uv": [0, 0, 16, 8], "texture": "#45"},
				"south": {"uv": [0, 0, 16, 8], "texture": "#45"},
				"west": {"uv": [0, 0, 16, 8], "texture": "#45"},
				"up": {"uv": [0, 0, 16, 16], "texture": "#45"},
				"down": {"uv": [0, 0, 16, 16], "texture": "#45"}
			}
		},
		{
			"from": [13.6017, -5.08914, 4.7983],
			"to": [20.0051, -3.8885, 11.2017],
			"rotation": {"angle": 0, "axis": "y", "origin": [-8.0085, -10.2919, -14.4119]},
			"faces": {
				"north": {"uv": [0, 16, 16, 13], "texture": "#66"},
				"east": {"uv": [0, 16, 16, 13], "texture": "#66"},
				"south": {"uv": [0, 16, 16, 13], "texture": "#66"},
				"west": {"uv": [0, 16, 16, 13], "texture": "#66"},
				"up": {"uv": [0, 0, 16, 16], "texture": "#66"},
				"down": {"uv": [0, 0, 16, 16], "texture": "#66"}
			}
		},
		{
			"from": [20.0051, -5.08914, 4.7983],
			"to": [26.4085, -3.8885, 11.2017],
			"rotation": {"angle": 0, "axis": "y", "origin": [-8.0085, -10.2919, -14.4119]},
			"faces": {
				"north": {"uv": [0, 16, 16, 13], "texture": "#66"},
				"east": {"uv": [0, 16, 16, 13], "texture": "#66"},
				"south": {"uv": [0, 16, 16, 13], "texture": "#66"},
				"west": {"uv": [0, 16, 16, 13], "texture": "#66"},
				"up": {"uv": [0, 0, 16, 16], "texture": "#66"},
				"down": {"uv": [0, 0, 16, 16], "texture": "#66"}
			}
		},
		{
			"from": [-5.6085, -0.6868, -8.0085],
			"to": [0.7949, 2.5149, -1.6051],
			"rotation": {"angle": 0, "axis": "y", "origin": [-8.0085, -10.2919, -14.4119]},
			"faces": {
				"north": {"uv": [0, 0, 16, 8], "texture": "#42"},
				"south": {"uv": [0, 0, 16, 8], "texture": "#42"},
				"west": {"uv": [0, 0, 16, 8], "texture": "#42"},
				"down": {"uv": [0, 0, 16, 16], "texture": "#42"}
			}
		},
		{
			"from": [-5.6085, -2.68786, -1.6051],
			"to": [-4.80808, 2.5149, 4.7983],
			"rotation": {"angle": 0, "axis": "y", "origin": [-8.0085, -10.2919, -14.4119]},
			"faces": {
				"north": {"uv": [14, 0, 16, 13], "texture": "#50"},
				"east": {"uv": [0, 0, 16, 13], "texture": "#50"},
				"south": {"uv": [0, 0, 2, 13], "texture": "#50"},
				"west": {"uv": [0, 0, 16, 13], "texture": "#50"},
				"up": {"uv": [0, 0, 2, 16], "texture": "#67"},
				"down": {"uv": [0, 0, 2, 16], "texture": "#68"}
			}
		},
		{
			"from": [-4.80808, -2.68786, -0.80467],
			"to": [-0.00553, -2.28765, 3.99787],
			"rotation": {"angle": 0, "axis": "y", "origin": [-8.0085, -10.2919, -14.4119]},
			"faces": {
				"up": {"uv": [2, 2, 14, 14], "texture": "#68"},
				"down": {"uv": [2, 2, 14, 14], "texture": "#68"}
			}
		},
		{
			"from": [-0.00553, -2.68786, -1.6051],
			"to": [0.7949, 2.5149, 4.7983],
			"rotation": {"angle": 0, "axis": "y", "origin": [-8.0085, -10.2919, -14.4119]},
			"faces": {
				"north": {"uv": [0, 0, 2, 13], "texture": "#50"},
				"east": {"uv": [0, 0, 16, 13], "texture": "#50"},
				"south": {"uv": [14, 0, 16, 13], "texture": "#50"},
				"west": {"uv": [0, 0, 16, 13], "texture": "#50"},
				"up": {"uv": [14, 0, 16, 16], "texture": "#67"},
				"down": {"uv": [14, 0, 16, 16], "texture": "#68"}
			}
		},
		{
			"from": [-4.80808, -2.68786, -1.6051],
			"to": [-0.00553, 2.5149, -0.80467],
			"rotation": {"angle": 0, "axis": "y", "origin": [-8.0085, -10.2919, -14.4119]},
			"faces": {
				"north": {"uv": [2, 0, 14, 13], "texture": "#50"},
				"south": {"uv": [2, 0, 14, 13], "texture": "#50"},
				"up": {"uv": [2, 0, 14, 2], "texture": "#67"},
				"down": {"uv": [2, 14, 14, 16], "texture": "#68"}
			}
		},
		{
			"from": [-4.80808, -2.68786, 3.99787],
			"to": [-0.00553, 2.5149, 4.7983],
			"rotation": {"angle": 0, "axis": "y", "origin": [-8.0085, -10.2919, -14.4119]},
			"faces": {
				"north": {"uv": [2, 0, 14, 13], "texture": "#50"},
				"south": {"uv": [2, 0, 14, 13], "texture": "#50"},
				"up": {"uv": [2, 14, 14, 16], "texture": "#67"},
				"down": {"uv": [2, 0, 14, 2], "texture": "#68"}
			}
		},
		{
			"from": [-5.6085, -3.8885, -1.6051],
			"to": [-4.00765, -2.68786, -0.80467],
			"rotation": {"angle": 0, "axis": "y", "origin": [-8.0085, -10.2919, -14.4119]},
			"faces": {
				"north": {"uv": [12, 13, 16, 16], "texture": "#50"},
				"east": {"uv": [14, 13, 16, 16], "texture": "#50"},
				"south": {"uv": [0, 13, 4, 16], "texture": "#50"},
				"west": {"uv": [0, 13, 2, 16], "texture": "#50"}
			}
		},
		{
			"from": [-5.6085, -3.8885, -0.80467],
			"to": [-4.80808, -2.68786, -0.00425],
			"rotation": {"angle": 0, "axis": "y", "origin": [-8.0085, -10.2919, -14.4119]},
			"faces": {
				"east": {"uv": [12, 13, 14, 16], "texture": "#50"},
				"south": {"uv": [0, 13, 2, 16], "texture": "#50"},
				"west": {"uv": [2, 13, 4, 16], "texture": "#50"}
			}
		},
		{
			"from": [-0.80595, -3.8885, -1.6051],
			"to": [0.7949, -2.68786, -0.80467],
			"rotation": {"angle": 0, "axis": "y", "origin": [-8.0085, -10.2919, -14.4119]},
			"faces": {
				"north": {"uv": [0, 13, 4, 16], "texture": "#50"},
				"east": {"uv": [14, 13, 16, 16], "texture": "#50"},
				"south": {"uv": [12, 13, 16, 16], "texture": "#50"},
				"west": {"uv": [0, 13, 2, 16], "texture": "#50"}
			}
		},
		{
			"from": [-0.00553, -3.8885, -0.80467],
			"to": [0.7949, -2.68786, -0.00425],
			"rotation": {"angle": 0, "axis": "y", "origin": [-8.0085, -10.2919, -14.4119]},
			"faces": {
				"east": {"uv": [12, 13, 14, 16], "texture": "#50"},
				"south": {"uv": [14, 13, 16, 16], "texture": "#50"},
				"west": {"uv": [2, 13, 4, 16], "texture": "#50"}
			}
		},
		{
			"from": [-5.6085, -3.8885, 3.99787],
			"to": [-4.00765, -2.68786, 4.7983],
			"rotation": {"angle": 0, "axis": "y", "origin": [-8.0085, -10.2919, -14.4119]},
			"faces": {
				"north": {"uv": [12, 13, 16, 16], "texture": "#50"},
				"east": {"uv": [0, 13, 2, 16], "texture": "#50"},
				"south": {"uv": [0, 13, 4, 16], "texture": "#50"},
				"west": {"uv": [14, 13, 16, 16], "texture": "#50"}
			}
		},
		{
			"from": [-5.6085, -3.8885, 3.19745],
			"to": [-4.80808, -2.68786, 3.99787],
			"rotation": {"angle": 0, "axis": "y", "origin": [-8.0085, -10.2919, -14.4119]},
			"faces": {
				"north": {"uv": [14, 13, 16, 16], "texture": "#50"},
				"east": {"uv": [2, 13, 4, 16], "texture": "#50"},
				"west": {"uv": [12, 13, 14, 16], "texture": "#50"}
			}
		},
		{
			"from": [-0.80595, -3.8885, 3.99787],
			"to": [0.7949, -2.68786, 4.7983],
			"rotation": {"angle": 0, "axis": "y", "origin": [-8.0085, -10.2919, -14.4119]},
			"faces": {
				"north": {"uv": [0, 13, 4, 16], "texture": "#50"},
				"east": {"uv": [0, 13, 2, 16], "texture": "#50"},
				"south": {"uv": [12, 13, 16, 16], "texture": "#50"},
				"west": {"uv": [14, 13, 16, 16], "texture": "#50"}
			}
		},
		{
			"from": [-0.00553, -3.8885, 3.19745],
			"to": [0.7949, -2.68786, 3.99787],
			"rotation": {"angle": 0, "axis": "y", "origin": [-8.0085, -10.2919, -14.4119]},
			"faces": {
				"north": {"uv": [0, 13, 2, 16], "texture": "#50"},
				"east": {"uv": [2, 13, 4, 16], "texture": "#50"},
				"west": {"uv": [12, 13, 14, 16], "texture": "#50"}
			}
		},
		{
			"from": [-5.6085, -2.68786, 11.2017],
			"to": [-4.80808, 2.5149, 17.6051],
			"rotation": {"angle": 0, "axis": "y", "origin": [-8.0085, -10.2919, -14.4119]},
			"faces": {
				"north": {"uv": [14, 0, 16, 13], "texture": "#50"},
				"east": {"uv": [0, 0, 16, 13], "texture": "#50"},
				"south": {"uv": [0, 0, 2, 13], "texture": "#50"},
				"west": {"uv": [0, 0, 16, 13], "texture": "#50"},
				"up": {"uv": [0, 0, 2, 16], "texture": "#67"},
				"down": {"uv": [0, 0, 2, 16], "texture": "#68"}
			}
		},
		{
			"from": [-4.80808, -2.68786, 12.00213],
			"to": [-0.00553, -2.28765, 16.80468],
			"rotation": {"angle": 0, "axis": "y", "origin": [-8.0085, -10.2919, -14.4119]},
			"faces": {
				"up": {"uv": [2, 2, 14, 14], "texture": "#68"},
				"down": {"uv": [2, 2, 14, 14], "texture": "#68"}
			}
		},
		{
			"from": [-0.00553, -2.68786, 11.2017],
			"to": [0.7949, 2.5149, 17.6051],
			"rotation": {"angle": 0, "axis": "y", "origin": [-8.0085, -10.2919, -14.4119]},
			"faces": {
				"north": {"uv": [0, 0, 2, 13], "texture": "#50"},
				"east": {"uv": [0, 0, 16, 13], "texture": "#50"},
				"south": {"uv": [14, 0, 16, 13], "texture": "#50"},
				"west": {"uv": [0, 0, 16, 13], "texture": "#50"},
				"up": {"uv": [14, 0, 16, 16], "texture": "#67"},
				"down": {"uv": [14, 0, 16, 16], "texture": "#68"}
			}
		},
		{
			"from": [-4.80808, -2.68786, 11.2017],
			"to": [-0.00553, 2.5149, 12.00213],
			"rotation": {"angle": 0, "axis": "y", "origin": [-8.0085, -10.2919, -14.4119]},
			"faces": {
				"north": {"uv": [2, 0, 14, 13], "texture": "#50"},
				"south": {"uv": [2, 0, 14, 13], "texture": "#50"},
				"up": {"uv": [2, 0, 14, 2], "texture": "#67"},
				"down": {"uv": [2, 14, 14, 16], "texture": "#68"}
			}
		},
		{
			"from": [-4.80808, -2.68786, 16.80468],
			"to": [-0.00553, 2.5149, 17.6051],
			"rotation": {"angle": 0, "axis": "y", "origin": [-8.0085, -10.2919, -14.4119]},
			"faces": {
				"north": {"uv": [2, 0, 14, 13], "texture": "#50"},
				"south": {"uv": [2, 0, 14, 13], "texture": "#50"},
				"up": {"uv": [2, 14, 14, 16], "texture": "#67"},
				"down": {"uv": [2, 0, 14, 2], "texture": "#68"}
			}
		},
		{
			"from": [-5.6085, -3.8885, 11.2017],
			"to": [-4.00765, -2.68786, 12.00213],
			"rotation": {"angle": 0, "axis": "y", "origin": [-8.0085, -10.2919, -14.4119]},
			"faces": {
				"north": {"uv": [12, 13, 16, 16], "texture": "#50"},
				"east": {"uv": [14, 13, 16, 16], "texture": "#50"},
				"south": {"uv": [0, 13, 4, 16], "texture": "#50"},
				"west": {"uv": [0, 13, 2, 16], "texture": "#50"}
			}
		},
		{
			"from": [-5.6085, -3.8885, 12.00213],
			"to": [-4.80808, -2.68786, 12.80255],
			"rotation": {"angle": 0, "axis": "y", "origin": [-8.0085, -10.2919, -14.4119]},
			"faces": {
				"east": {"uv": [12, 13, 14, 16], "texture": "#50"},
				"south": {"uv": [0, 13, 2, 16], "texture": "#50"},
				"west": {"uv": [2, 13, 4, 16], "texture": "#50"}
			}
		},
		{
			"from": [-0.80595, -3.8885, 11.2017],
			"to": [0.7949, -2.68786, 12.00213],
			"rotation": {"angle": 0, "axis": "y", "origin": [-8.0085, -10.2919, -14.4119]},
			"faces": {
				"north": {"uv": [0, 13, 4, 16], "texture": "#50"},
				"east": {"uv": [14, 13, 16, 16], "texture": "#50"},
				"south": {"uv": [12, 13, 16, 16], "texture": "#50"},
				"west": {"uv": [0, 13, 2, 16], "texture": "#50"}
			}
		},
		{
			"from": [-0.00553, -3.8885, 12.00213],
			"to": [0.7949, -2.68786, 12.80255],
			"rotation": {"angle": 0, "axis": "y", "origin": [-8.0085, -10.2919, -14.4119]},
			"faces": {
				"east": {"uv": [12, 13, 14, 16], "texture": "#50"},
				"south": {"uv": [14, 13, 16, 16], "texture": "#50"},
				"west": {"uv": [2, 13, 4, 16], "texture": "#50"}
			}
		},
		{
			"from": [-5.6085, -3.8885, 16.80468],
			"to": [-4.00765, -2.68786, 17.6051],
			"rotation": {"angle": 0, "axis": "y", "origin": [-8.0085, -10.2919, -14.4119]},
			"faces": {
				"north": {"uv": [12, 13, 16, 16], "texture": "#50"},
				"east": {"uv": [0, 13, 2, 16], "texture": "#50"},
				"south": {"uv": [0, 13, 4, 16], "texture": "#50"},
				"west": {"uv": [14, 13, 16, 16], "texture": "#50"}
			}
		},
		{
			"from": [-5.6085, -3.8885, 16.00425],
			"to": [-4.80808, -2.68786, 16.80468],
			"rotation": {"angle": 0, "axis": "y", "origin": [-8.0085, -10.2919, -14.4119]},
			"faces": {
				"north": {"uv": [14, 13, 16, 16], "texture": "#50"},
				"east": {"uv": [2, 13, 4, 16], "texture": "#50"},
				"west": {"uv": [12, 13, 14, 16], "texture": "#50"}
			}
		},
		{
			"from": [-0.80595, -3.8885, 16.80468],
			"to": [0.7949, -2.68786, 17.6051],
			"rotation": {"angle": 0, "axis": "y", "origin": [-8.0085, -10.2919, -14.4119]},
			"faces": {
				"north": {"uv": [0, 13, 4, 16], "texture": "#50"},
				"east": {"uv": [0, 13, 2, 16], "texture": "#50"},
				"south": {"uv": [12, 13, 16, 16], "texture": "#50"},
				"west": {"uv": [14, 13, 16, 16], "texture": "#50"}
			}
		},
		{
			"from": [-0.00553, -3.8885, 16.00425],
			"to": [0.7949, -2.68786, 16.80468],
			"rotation": {"angle": 0, "axis": "y", "origin": [-8.0085, -10.2919, -14.4119]},
			"faces": {
				"north": {"uv": [0, 13, 2, 16], "texture": "#50"},
				"east": {"uv": [2, 13, 4, 16], "texture": "#50"},
				"west": {"uv": [12, 13, 14, 16], "texture": "#50"}
			}
		},
		{
			"from": [-5.6085, -0.6868, 17.6051],
			"to": [0.7949, 2.5149, 24.0085],
			"rotation": {"angle": 0, "axis": "y", "origin": [-8.0085, -10.2919, -14.4119]},
			"faces": {
				"north": {"uv": [0, 0, 16, 8], "texture": "#42"},
				"south": {"uv": [0, 0, 16, 8], "texture": "#42"},
				"west": {"uv": [0, 0, 16, 8], "texture": "#42"},
				"down": {"uv": [0, 0, 16, 16], "texture": "#42"}
			}
		},
		{
			"from": [0.7949, -0.6868, -8.0085],
			"to": [7.1983, 2.5149, -1.6051],
			"rotation": {"angle": 0, "axis": "y", "origin": [-8.0085, -10.2919, -14.4119]},
			"faces": {
				"north": {"uv": [0, 0, 16, 8], "texture": "#42"},
				"south": {"uv": [0, 0, 16, 8], "texture": "#42"},
				"down": {"uv": [0, 0, 16, 16], "texture": "#42"}
			}
		},
		{
			"from": [0.7949, -2.68786, -1.6051],
			"to": [1.59533, 2.5149, 4.7983],
			"rotation": {"angle": 0, "axis": "y", "origin": [-8.0085, -10.2919, -14.4119]},
			"faces": {
				"north": {"uv": [14, 0, 16, 13], "texture": "#50"},
				"east": {"uv": [0, 0, 16, 13], "texture": "#50"},
				"south": {"uv": [0, 0, 2, 13], "texture": "#50"},
				"west": {"uv": [0, 0, 16, 13], "texture": "#50"},
				"up": {"uv": [0, 0, 2, 16], "texture": "#67"},
				"down": {"uv": [0, 0, 2, 16], "texture": "#68"}
			}
		},
		{
			"from": [1.59533, -2.68786, -0.80467],
			"to": [6.39787, -2.28765, 3.99787],
			"rotation": {"angle": 0, "axis": "y", "origin": [-8.0085, -10.2919, -14.4119]},
			"faces": {
				"up": {"uv": [2, 2, 14, 14], "texture": "#68"},
				"down": {"uv": [2, 2, 14, 14], "texture": "#68"}
			}
		},
		{
			"from": [6.39787, -2.68786, -1.6051],
			"to": [7.1983, 2.5149, 4.7983],
			"rotation": {"angle": 0, "axis": "y", "origin": [-8.0085, -10.2919, -14.4119]},
			"faces": {
				"north": {"uv": [0, 0, 2, 13], "texture": "#50"},
				"east": {"uv": [0, 0, 16, 13], "texture": "#50"},
				"south": {"uv": [14, 0, 16, 13], "texture": "#50"},
				"west": {"uv": [0, 0, 16, 13], "texture": "#50"},
				"up": {"uv": [14, 0, 16, 16], "texture": "#67"},
				"down": {"uv": [14, 0, 16, 16], "texture": "#68"}
			}
		},
		{
			"from": [1.59533, -2.68786, -1.6051],
			"to": [6.39787, 2.5149, -0.80467],
			"rotation": {"angle": 0, "axis": "y", "origin": [-8.0085, -10.2919, -14.4119]},
			"faces": {
				"north": {"uv": [2, 0, 14, 13], "texture": "#50"},
				"south": {"uv": [2, 0, 14, 13], "texture": "#50"},
				"up": {"uv": [2, 0, 14, 2], "texture": "#67"},
				"down": {"uv": [2, 14, 14, 16], "texture": "#68"}
			}
		},
		{
			"from": [1.59533, -2.68786, 3.99787],
			"to": [6.39787, 2.5149, 4.7983],
			"rotation": {"angle": 0, "axis": "y", "origin": [-8.0085, -10.2919, -14.4119]},
			"faces": {
				"north": {"uv": [2, 0, 14, 13], "texture": "#50"},
				"south": {"uv": [2, 0, 14, 13], "texture": "#50"},
				"up": {"uv": [2, 14, 14, 16], "texture": "#67"},
				"down": {"uv": [2, 0, 14, 2], "texture": "#68"}
			}
		},
		{
			"from": [0.7949, -3.8885, -1.6051],
			"to": [2.39575, -2.68786, -0.80467],
			"rotation": {"angle": 0, "axis": "y", "origin": [-8.0085, -10.2919, -14.4119]},
			"faces": {
				"north": {"uv": [12, 13, 16, 16], "texture": "#50"},
				"east": {"uv": [14, 13, 16, 16], "texture": "#50"},
				"south": {"uv": [0, 13, 4, 16], "texture": "#50"},
				"west": {"uv": [0, 13, 2, 16], "texture": "#50"},
				"down": {"uv": [0, 14, 4, 16], "texture": "#69"}
			}
		},
		{
			"from": [0.7949, -3.8885, -0.80467],
			"to": [1.59533, -2.68786, -0.00425],
			"rotation": {"angle": 0, "axis": "y", "origin": [-8.0085, -10.2919, -14.4119]},
			"faces": {
				"east": {"uv": [12, 13, 14, 16], "texture": "#50"},
				"south": {"uv": [0, 13, 2, 16], "texture": "#50"},
				"west": {"uv": [2, 13, 4, 16], "texture": "#50"},
				"down": {"uv": [0, 12, 2, 14], "texture": "#69"}
			}
		},
		{
			"from": [5.59745, -3.8885, -1.6051],
			"to": [7.1983, -2.68786, -0.80467],
			"rotation": {"angle": 0, "axis": "y", "origin": [-8.0085, -10.2919, -14.4119]},
			"faces": {
				"north": {"uv": [0, 13, 4, 16], "texture": "#50"},
				"east": {"uv": [14, 13, 16, 16], "texture": "#50"},
				"south": {"uv": [12, 13, 16, 16], "texture": "#50"},
				"west": {"uv": [0, 13, 2, 16], "texture": "#50"},
				"down": {"uv": [12, 14, 16, 16], "texture": "#69"}
			}
		},
		{
			"from": [6.39787, -3.8885, -0.80467],
			"to": [7.1983, -2.68786, -0.00425],
			"rotation": {"angle": 0, "axis": "y", "origin": [-8.0085, -10.2919, -14.4119]},
			"faces": {
				"east": {"uv": [12, 13, 14, 16], "texture": "#50"},
				"south": {"uv": [14, 13, 16, 16], "texture": "#50"},
				"west": {"uv": [2, 13, 4, 16], "texture": "#50"},
				"down": {"uv": [14, 12, 16, 14], "texture": "#69"}
			}
		},
		{
			"from": [0.7949, -3.8885, 3.99787],
			"to": [2.39575, -2.68786, 4.7983],
			"rotation": {"angle": 0, "axis": "y", "origin": [-8.0085, -10.2919, -14.4119]},
			"faces": {
				"north": {"uv": [12, 13, 16, 16], "texture": "#50"},
				"east": {"uv": [0, 13, 2, 16], "texture": "#50"},
				"south": {"uv": [0, 13, 4, 16], "texture": "#50"},
				"west": {"uv": [14, 13, 16, 16], "texture": "#50"},
				"down": {"uv": [0, 0, 4, 2], "texture": "#69"}
			}
		},
		{
			"from": [0.7949, -3.8885, 3.19745],
			"to": [1.59533, -2.68786, 3.99787],
			"rotation": {"angle": 0, "axis": "y", "origin": [-8.0085, -10.2919, -14.4119]},
			"faces": {
				"north": {"uv": [14, 13, 16, 16], "texture": "#50"},
				"east": {"uv": [2, 13, 4, 16], "texture": "#50"},
				"west": {"uv": [12, 13, 14, 16], "texture": "#50"},
				"down": {"uv": [0, 2, 2, 4], "texture": "#69"}
			}
		},
		{
			"from": [5.59745, -3.8885, 3.99787],
			"to": [7.1983, -2.68786, 4.7983],
			"rotation": {"angle": 0, "axis": "y", "origin": [-8.0085, -10.2919, -14.4119]},
			"faces": {
				"north": {"uv": [0, 13, 4, 16], "texture": "#50"},
				"east": {"uv": [0, 13, 2, 16], "texture": "#50"},
				"south": {"uv": [12, 13, 16, 16], "texture": "#50"},
				"west": {"uv": [14, 13, 16, 16], "texture": "#50"},
				"down": {"uv": [12, 0, 16, 2], "texture": "#69"}
			}
		},
		{
			"from": [6.39787, -3.8885, 3.19745],
			"to": [7.1983, -2.68786, 3.99787],
			"rotation": {"angle": 0, "axis": "y", "origin": [-8.0085, -10.2919, -14.4119]},
			"faces": {
				"north": {"uv": [0, 13, 2, 16], "texture": "#50"},
				"east": {"uv": [2, 13, 4, 16], "texture": "#50"},
				"west": {"uv": [12, 13, 14, 16], "texture": "#50"},
				"down": {"uv": [14, 2, 16, 4], "texture": "#69"}
			}
		},
		{
			"from": [0.7949, -0.6868, 4.7983],
			"to": [7.1983, 2.5149, 11.2017],
			"rotation": {"angle": 0, "axis": "y", "origin": [-8.0085, -10.2919, -14.4119]},
			"faces": {
				"north": {"uv": [0, 0, 16, 8], "texture": "#42"},
				"south": {"uv": [0, 0, 16, 8], "texture": "#42"},
				"west": {"uv": [0, 0, 16, 8], "texture": "#42"},
				"up": {"uv": [0, 0, 16, 16], "texture": "#42"},
				"down": {"uv": [0, 0, 16, 16], "texture": "#42"}
			}
		},
		{
			"from": [0.7949, -2.68786, 11.2017],
			"to": [1.59533, 2.5149, 17.6051],
			"rotation": {"angle": 0, "axis": "y", "origin": [-8.0085, -10.2919, -14.4119]},
			"faces": {
				"north": {"uv": [14, 0, 16, 13], "texture": "#50"},
				"east": {"uv": [0, 0, 16, 13], "texture": "#50"},
				"south": {"uv": [0, 0, 2, 13], "texture": "#50"},
				"west": {"uv": [0, 0, 16, 13], "texture": "#50"},
				"up": {"uv": [0, 0, 2, 16], "texture": "#67"},
				"down": {"uv": [0, 0, 2, 16], "texture": "#68"}
			}
		},
		{
			"from": [1.59533, -2.68786, 12.00213],
			"to": [6.39787, -2.28765, 16.80468],
			"rotation": {"angle": 0, "axis": "y", "origin": [-8.0085, -10.2919, -14.4119]},
			"faces": {
				"up": {"uv": [2, 2, 14, 14], "texture": "#68"},
				"down": {"uv": [2, 2, 14, 14], "texture": "#68"}
			}
		},
		{
			"from": [6.39787, -2.68786, 11.2017],
			"to": [7.1983, 2.5149, 17.6051],
			"rotation": {"angle": 0, "axis": "y", "origin": [-8.0085, -10.2919, -14.4119]},
			"faces": {
				"north": {"uv": [0, 0, 2, 13], "texture": "#50"},
				"east": {"uv": [0, 0, 16, 13], "texture": "#50"},
				"south": {"uv": [14, 0, 16, 13], "texture": "#50"},
				"west": {"uv": [0, 0, 16, 13], "texture": "#50"},
				"up": {"uv": [14, 0, 16, 16], "texture": "#67"},
				"down": {"uv": [14, 0, 16, 16], "texture": "#68"}
			}
		},
		{
			"from": [1.59533, -2.68786, 11.2017],
			"to": [6.39787, 2.5149, 12.00213],
			"rotation": {"angle": 0, "axis": "y", "origin": [-8.0085, -10.2919, -14.4119]},
			"faces": {
				"north": {"uv": [2, 0, 14, 13], "texture": "#50"},
				"south": {"uv": [2, 0, 14, 13], "texture": "#50"},
				"up": {"uv": [2, 0, 14, 2], "texture": "#67"},
				"down": {"uv": [2, 14, 14, 16], "texture": "#68"}
			}
		},
		{
			"from": [1.59533, -2.68786, 16.80468],
			"to": [6.39787, 2.5149, 17.6051],
			"rotation": {"angle": 0, "axis": "y", "origin": [-8.0085, -10.2919, -14.4119]},
			"faces": {
				"north": {"uv": [2, 0, 14, 13], "texture": "#50"},
				"south": {"uv": [2, 0, 14, 13], "texture": "#50"},
				"up": {"uv": [2, 14, 14, 16], "texture": "#67"},
				"down": {"uv": [2, 0, 14, 2], "texture": "#68"}
			}
		},
		{
			"from": [0.7949, -3.8885, 11.2017],
			"to": [2.39575, -2.68786, 12.00213],
			"rotation": {"angle": 0, "axis": "y", "origin": [-8.0085, -10.2919, -14.4119]},
			"faces": {
				"north": {"uv": [12, 13, 16, 16], "texture": "#50"},
				"east": {"uv": [14, 13, 16, 16], "texture": "#50"},
				"south": {"uv": [0, 13, 4, 16], "texture": "#50"},
				"west": {"uv": [0, 13, 2, 16], "texture": "#50"},
				"down": {"uv": [0, 14, 4, 16], "texture": "#69"}
			}
		},
		{
			"from": [0.7949, -3.8885, 12.00213],
			"to": [1.59533, -2.68786, 12.80255],
			"rotation": {"angle": 0, "axis": "y", "origin": [-8.0085, -10.2919, -14.4119]},
			"faces": {
				"east": {"uv": [12, 13, 14, 16], "texture": "#50"},
				"south": {"uv": [0, 13, 2, 16], "texture": "#50"},
				"west": {"uv": [2, 13, 4, 16], "texture": "#50"},
				"down": {"uv": [0, 12, 2, 14], "texture": "#69"}
			}
		},
		{
			"from": [5.59745, -3.8885, 11.2017],
			"to": [7.1983, -2.68786, 12.00213],
			"rotation": {"angle": 0, "axis": "y", "origin": [-8.0085, -10.2919, -14.4119]},
			"faces": {
				"north": {"uv": [0, 13, 4, 16], "texture": "#50"},
				"east": {"uv": [14, 13, 16, 16], "texture": "#50"},
				"south": {"uv": [12, 13, 16, 16], "texture": "#50"},
				"west": {"uv": [0, 13, 2, 16], "texture": "#50"},
				"down": {"uv": [12, 14, 16, 16], "texture": "#69"}
			}
		},
		{
			"from": [6.39787, -3.8885, 12.00213],
			"to": [7.1983, -2.68786, 12.80255],
			"rotation": {"angle": 0, "axis": "y", "origin": [-8.0085, -10.2919, -14.4119]},
			"faces": {
				"east": {"uv": [12, 13, 14, 16], "texture": "#50"},
				"south": {"uv": [14, 13, 16, 16], "texture": "#50"},
				"west": {"uv": [2, 13, 4, 16], "texture": "#50"},
				"down": {"uv": [14, 12, 16, 14], "texture": "#69"}
			}
		},
		{
			"from": [0.7949, -3.8885, 16.80468],
			"to": [2.39575, -2.68786, 17.6051],
			"rotation": {"angle": 0, "axis": "y", "origin": [-8.0085, -10.2919, -14.4119]},
			"faces": {
				"north": {"uv": [12, 13, 16, 16], "texture": "#50"},
				"east": {"uv": [0, 13, 2, 16], "texture": "#50"},
				"south": {"uv": [0, 13, 4, 16], "texture": "#50"},
				"west": {"uv": [14, 13, 16, 16], "texture": "#50"},
				"down": {"uv": [0, 0, 4, 2], "texture": "#69"}
			}
		},
		{
			"from": [0.7949, -3.8885, 16.00425],
			"to": [1.59533, -2.68786, 16.80468],
			"rotation": {"angle": 0, "axis": "y", "origin": [-8.0085, -10.2919, -14.4119]},
			"faces": {
				"north": {"uv": [14, 13, 16, 16], "texture": "#50"},
				"east": {"uv": [2, 13, 4, 16], "texture": "#50"},
				"west": {"uv": [12, 13, 14, 16], "texture": "#50"},
				"down": {"uv": [0, 2, 2, 4], "texture": "#69"}
			}
		},
		{
			"from": [5.59745, -3.8885, 16.80468],
			"to": [7.1983, -2.68786, 17.6051],
			"rotation": {"angle": 0, "axis": "y", "origin": [-8.0085, -10.2919, -14.4119]},
			"faces": {
				"north": {"uv": [0, 13, 4, 16], "texture": "#50"},
				"east": {"uv": [0, 13, 2, 16], "texture": "#50"},
				"south": {"uv": [12, 13, 16, 16], "texture": "#50"},
				"west": {"uv": [14, 13, 16, 16], "texture": "#50"},
				"down": {"uv": [12, 0, 16, 2], "texture": "#69"}
			}
		},
		{
			"from": [6.39787, -3.8885, 16.00425],
			"to": [7.1983, -2.68786, 16.80468],
			"rotation": {"angle": 0, "axis": "y", "origin": [-8.0085, -10.2919, -14.4119]},
			"faces": {
				"north": {"uv": [0, 13, 2, 16], "texture": "#50"},
				"east": {"uv": [2, 13, 4, 16], "texture": "#50"},
				"west": {"uv": [12, 13, 14, 16], "texture": "#50"},
				"down": {"uv": [14, 2, 16, 4], "texture": "#69"}
			}
		},
		{
			"from": [0.7949, -0.6868, 17.6051],
			"to": [7.1983, 2.5149, 24.0085],
			"rotation": {"angle": 0, "axis": "y", "origin": [-8.0085, -10.2919, -14.4119]},
			"faces": {
				"north": {"uv": [0, 0, 16, 8], "texture": "#42"},
				"south": {"uv": [0, 0, 16, 8], "texture": "#42"},
				"down": {"uv": [0, 0, 16, 16], "texture": "#42"}
			}
		},
		{
			"from": [7.1983, -0.6868, -8.0085],
			"to": [13.6017, 2.5149, -1.6051],
			"rotation": {"angle": 0, "axis": "y", "origin": [-8.0085, -10.2919, -14.4119]},
			"faces": {
				"north": {"uv": [0, 0, 16, 8], "texture": "#42"},
				"south": {"uv": [0, 0, 16, 8], "texture": "#42"},
				"down": {"uv": [0, 0, 16, 16], "texture": "#42"}
			}
		},
		{
			"from": [7.1983, -2.68786, -1.6051],
			"to": [7.99872, 2.5149, 4.7983],
			"rotation": {"angle": 0, "axis": "y", "origin": [-8.0085, -10.2919, -14.4119]},
			"faces": {
				"north": {"uv": [14, 0, 16, 13], "texture": "#50"},
				"east": {"uv": [0, 0, 16, 13], "texture": "#50"},
				"south": {"uv": [0, 0, 2, 13], "texture": "#50"},
				"west": {"uv": [0, 0, 16, 13], "texture": "#50"},
				"down": {"uv": [0, 0, 2, 16], "texture": "#68"}
			}
		},
		{
			"from": [7.99872, -2.68786, -0.80467],
			"to": [12.80127, -2.28765, 3.99787],
			"rotation": {"angle": 0, "axis": "y", "origin": [-8.0085, -10.2919, -14.4119]},
			"faces": {
				"up": {"uv": [2, 2, 14, 14], "texture": "#68"},
				"down": {"uv": [2, 2, 14, 14], "texture": "#68"}
			}
		},
		{
			"from": [12.80127, -2.68786, -1.6051],
			"to": [13.6017, 2.5149, 4.7983],
			"rotation": {"angle": 0, "axis": "y", "origin": [-8.0085, -10.2919, -14.4119]},
			"faces": {
				"north": {"uv": [0, 0, 2, 13], "texture": "#50"},
				"east": {"uv": [0, 0, 16, 13], "texture": "#50"},
				"south": {"uv": [14, 0, 16, 13], "texture": "#50"},
				"west": {"uv": [0, 0, 16, 13], "texture": "#50"},
				"down": {"uv": [14, 0, 16, 16], "texture": "#68"}
			}
		},
		{
			"from": [7.99872, -2.68786, -1.6051],
			"to": [12.80127, 2.5149, -0.80467],
			"rotation": {"angle": 0, "axis": "y", "origin": [-8.0085, -10.2919, -14.4119]},
			"faces": {
				"north": {"uv": [2, 0, 14, 13], "texture": "#50"},
				"south": {"uv": [2, 0, 14, 13], "texture": "#50"},
				"down": {"uv": [2, 14, 14, 16], "texture": "#68"}
			}
		},
		{
			"from": [7.99872, -2.68786, 3.99787],
			"to": [12.80127, 2.5149, 4.7983],
			"rotation": {"angle": 0, "axis": "y", "origin": [-8.0085, -10.2919, -14.4119]},
			"faces": {
				"north": {"uv": [2, 0, 14, 13], "texture": "#50"},
				"south": {"uv": [2, 0, 14, 13], "texture": "#50"},
				"down": {"uv": [2, 0, 14, 2], "texture": "#68"}
			}
		},
		{
			"from": [7.1983, -3.8885, -1.6051],
			"to": [8.79915, -2.68786, -0.80467],
			"rotation": {"angle": 0, "axis": "y", "origin": [-8.0085, -10.2919, -14.4119]},
			"faces": {
				"north": {"uv": [12, 13, 16, 16], "texture": "#50"},
				"east": {"uv": [14, 13, 16, 16], "texture": "#50"},
				"south": {"uv": [0, 13, 4, 16], "texture": "#50"},
				"west": {"uv": [0, 13, 2, 16], "texture": "#50"}
			}
		},
		{
			"from": [7.1983, -3.8885, -0.80467],
			"to": [7.99872, -2.68786, -0.00425],
			"rotation": {"angle": 0, "axis": "y", "origin": [-8.0085, -10.2919, -14.4119]},
			"faces": {
				"east": {"uv": [12, 13, 14, 16], "texture": "#50"},
				"south": {"uv": [0, 13, 2, 16], "texture": "#50"},
				"west": {"uv": [2, 13, 4, 16], "texture": "#50"}
			}
		},
		{
			"from": [12.00085, -3.8885, -1.6051],
			"to": [13.6017, -2.68786, -0.80467],
			"rotation": {"angle": 0, "axis": "y", "origin": [-8.0085, -10.2919, -14.4119]},
			"faces": {
				"north": {"uv": [0, 13, 4, 16], "texture": "#50"},
				"east": {"uv": [14, 13, 16, 16], "texture": "#50"},
				"south": {"uv": [12, 13, 16, 16], "texture": "#50"},
				"west": {"uv": [0, 13, 2, 16], "texture": "#50"}
			}
		},
		{
			"from": [12.80127, -3.8885, -0.80467],
			"to": [13.6017, -2.68786, -0.00425],
			"rotation": {"angle": 0, "axis": "y", "origin": [-8.0085, -10.2919, -14.4119]},
			"faces": {
				"east": {"uv": [12, 13, 14, 16], "texture": "#50"},
				"south": {"uv": [14, 13, 16, 16], "texture": "#50"},
				"west": {"uv": [2, 13, 4, 16], "texture": "#50"}
			}
		},
		{
			"from": [7.1983, -3.8885, 3.99787],
			"to": [8.79915, -2.68786, 4.7983],
			"rotation": {"angle": 0, "axis": "y", "origin": [-8.0085, -10.2919, -14.4119]},
			"faces": {
				"north": {"uv": [12, 13, 16, 16], "texture": "#50"},
				"east": {"uv": [0, 13, 2, 16], "texture": "#50"},
				"south": {"uv": [0, 13, 4, 16], "texture": "#50"},
				"west": {"uv": [14, 13, 16, 16], "texture": "#50"}
			}
		},
		{
			"from": [7.1983, -3.8885, 3.19745],
			"to": [7.99872, -2.68786, 3.99787],
			"rotation": {"angle": 0, "axis": "y", "origin": [-8.0085, -10.2919, -14.4119]},
			"faces": {
				"north": {"uv": [14, 13, 16, 16], "texture": "#50"},
				"east": {"uv": [2, 13, 4, 16], "texture": "#50"},
				"west": {"uv": [12, 13, 14, 16], "texture": "#50"}
			}
		},
		{
			"from": [12.00085, -3.8885, 3.99787],
			"to": [13.6017, -2.68786, 4.7983],
			"rotation": {"angle": 0, "axis": "y", "origin": [-8.0085, -10.2919, -14.4119]},
			"faces": {
				"north": {"uv": [0, 13, 4, 16], "texture": "#50"},
				"east": {"uv": [0, 13, 2, 16], "texture": "#50"},
				"south": {"uv": [12, 13, 16, 16], "texture": "#50"},
				"west": {"uv": [14, 13, 16, 16], "texture": "#50"}
			}
		},
		{
			"from": [12.80127, -3.8885, 3.19745],
			"to": [13.6017, -2.68786, 3.99787],
			"rotation": {"angle": 0, "axis": "y", "origin": [-8.0085, -10.2919, -14.4119]},
			"faces": {
				"north": {"uv": [0, 13, 2, 16], "texture": "#50"},
				"east": {"uv": [2, 13, 4, 16], "texture": "#50"},
				"west": {"uv": [12, 13, 14, 16], "texture": "#50"}
			}
		},
		{
			"from": [7.1983, -0.6868, 4.7983],
			"to": [13.6017, 2.5149, 11.2017],
			"rotation": {"angle": 0, "axis": "y", "origin": [-8.0085, -10.2919, -14.4119]},
			"faces": {
				"north": {"uv": [0, 0, 16, 8], "texture": "#42"},
				"south": {"uv": [0, 0, 16, 8], "texture": "#42"},
				"down": {"uv": [0, 0, 16, 16], "texture": "#42"}
			}
		},
		{
			"from": [7.1983, -2.68786, 11.2017],
			"to": [7.99872, 2.5149, 17.6051],
			"rotation": {"angle": 0, "axis": "y", "origin": [-8.0085, -10.2919, -14.4119]},
			"faces": {
				"north": {"uv": [14, 0, 16, 13], "texture": "#50"},
				"east": {"uv": [0, 0, 16, 13], "texture": "#50"},
				"south": {"uv": [0, 0, 2, 13], "texture": "#50"},
				"west": {"uv": [0, 0, 16, 13], "texture": "#50"},
				"down": {"uv": [0, 0, 2, 16], "texture": "#68"}
			}
		},
		{
			"from": [7.99872, -2.68786, 12.00213],
			"to": [12.80127, -2.28765, 16.80468],
			"rotation": {"angle": 0, "axis": "y", "origin": [-8.0085, -10.2919, -14.4119]},
			"faces": {
				"up": {"uv": [2, 2, 14, 14], "texture": "#68"},
				"down": {"uv": [2, 2, 14, 14], "texture": "#68"}
			}
		},
		{
			"from": [12.80127, -2.68786, 11.2017],
			"to": [13.6017, 2.5149, 17.6051],
			"rotation": {"angle": 0, "axis": "y", "origin": [-8.0085, -10.2919, -14.4119]},
			"faces": {
				"north": {"uv": [0, 0, 2, 13], "texture": "#50"},
				"east": {"uv": [0, 0, 16, 13], "texture": "#50"},
				"south": {"uv": [14, 0, 16, 13], "texture": "#50"},
				"west": {"uv": [0, 0, 16, 13], "texture": "#50"},
				"down": {"uv": [14, 0, 16, 16], "texture": "#68"}
			}
		},
		{
			"from": [7.99872, -2.68786, 11.2017],
			"to": [12.80127, 2.5149, 12.00213],
			"rotation": {"angle": 0, "axis": "y", "origin": [-8.0085, -10.2919, -14.4119]},
			"faces": {
				"north": {"uv": [2, 0, 14, 13], "texture": "#50"},
				"south": {"uv": [2, 0, 14, 13], "texture": "#50"},
				"down": {"uv": [2, 14, 14, 16], "texture": "#68"}
			}
		},
		{
			"from": [7.99872, -2.68786, 16.80468],
			"to": [12.80127, 2.5149, 17.6051],
			"rotation": {"angle": 0, "axis": "y", "origin": [-8.0085, -10.2919, -14.4119]},
			"faces": {
				"north": {"uv": [2, 0, 14, 13], "texture": "#50"},
				"south": {"uv": [2, 0, 14, 13], "texture": "#50"},
				"down": {"uv": [2, 0, 14, 2], "texture": "#68"}
			}
		},
		{
			"from": [7.1983, -3.8885, 11.2017],
			"to": [8.79915, -2.68786, 12.00213],
			"rotation": {"angle": 0, "axis": "y", "origin": [-8.0085, -10.2919, -14.4119]},
			"faces": {
				"north": {"uv": [12, 13, 16, 16], "texture": "#50"},
				"east": {"uv": [14, 13, 16, 16], "texture": "#50"},
				"south": {"uv": [0, 13, 4, 16], "texture": "#50"},
				"west": {"uv": [0, 13, 2, 16], "texture": "#50"}
			}
		},
		{
			"from": [7.1983, -3.8885, 12.00213],
			"to": [7.99872, -2.68786, 12.80255],
			"rotation": {"angle": 0, "axis": "y", "origin": [-8.0085, -10.2919, -14.4119]},
			"faces": {
				"east": {"uv": [12, 13, 14, 16], "texture": "#50"},
				"south": {"uv": [0, 13, 2, 16], "texture": "#50"},
				"west": {"uv": [2, 13, 4, 16], "texture": "#50"}
			}
		},
		{
			"from": [12.00085, -3.8885, 11.2017],
			"to": [13.6017, -2.68786, 12.00213],
			"rotation": {"angle": 0, "axis": "y", "origin": [-8.0085, -10.2919, -14.4119]},
			"faces": {
				"north": {"uv": [0, 13, 4, 16], "texture": "#50"},
				"east": {"uv": [14, 13, 16, 16], "texture": "#50"},
				"south": {"uv": [12, 13, 16, 16], "texture": "#50"},
				"west": {"uv": [0, 13, 2, 16], "texture": "#50"}
			}
		},
		{
			"from": [12.80127, -3.8885, 12.00213],
			"to": [13.6017, -2.68786, 12.80255],
			"rotation": {"angle": 0, "axis": "y", "origin": [-8.0085, -10.2919, -14.4119]},
			"faces": {
				"east": {"uv": [12, 13, 14, 16], "texture": "#50"},
				"south": {"uv": [14, 13, 16, 16], "texture": "#50"},
				"west": {"uv": [2, 13, 4, 16], "texture": "#50"}
			}
		},
		{
			"from": [7.1983, -3.8885, 16.80468],
			"to": [8.79915, -2.68786, 17.6051],
			"rotation": {"angle": 0, "axis": "y", "origin": [-8.0085, -10.2919, -14.4119]},
			"faces": {
				"north": {"uv": [12, 13, 16, 16], "texture": "#50"},
				"east": {"uv": [0, 13, 2, 16], "texture": "#50"},
				"south": {"uv": [0, 13, 4, 16], "texture": "#50"},
				"west": {"uv": [14, 13, 16, 16], "texture": "#50"}
			}
		},
		{
			"from": [7.1983, -3.8885, 16.00425],
			"to": [7.99872, -2.68786, 16.80468],
			"rotation": {"angle": 0, "axis": "y", "origin": [-8.0085, -10.2919, -14.4119]},
			"faces": {
				"north": {"uv": [14, 13, 16, 16], "texture": "#50"},
				"east": {"uv": [2, 13, 4, 16], "texture": "#50"},
				"west": {"uv": [12, 13, 14, 16], "texture": "#50"}
			}
		},
		{
			"from": [12.00085, -3.8885, 16.80468],
			"to": [13.6017, -2.68786, 17.6051],
			"rotation": {"angle": 0, "axis": "y", "origin": [-8.0085, -10.2919, -14.4119]},
			"faces": {
				"north": {"uv": [0, 13, 4, 16], "texture": "#50"},
				"east": {"uv": [0, 13, 2, 16], "texture": "#50"},
				"south": {"uv": [12, 13, 16, 16], "texture": "#50"},
				"west": {"uv": [14, 13, 16, 16], "texture": "#50"}
			}
		},
		{
			"from": [12.80127, -3.8885, 16.00425],
			"to": [13.6017, -2.68786, 16.80468],
			"rotation": {"angle": 0, "axis": "y", "origin": [-8.0085, -10.2919, -14.4119]},
			"faces": {
				"north": {"uv": [0, 13, 2, 16], "texture": "#50"},
				"east": {"uv": [2, 13, 4, 16], "texture": "#50"},
				"west": {"uv": [12, 13, 14, 16], "texture": "#50"}
			}
		},
		{
			"from": [7.1983, -0.6868, 17.6051],
			"to": [13.6017, 2.5149, 24.0085],
			"rotation": {"angle": 0, "axis": "y", "origin": [-8.0085, -10.2919, -14.4119]},
			"faces": {
				"north": {"uv": [0, 0, 16, 8], "texture": "#42"},
				"south": {"uv": [0, 0, 16, 8], "texture": "#42"},
				"down": {"uv": [0, 0, 16, 16], "texture": "#42"}
			}
		},
		{
			"from": [13.6017, -0.6868, -8.0085],
			"to": [20.0051, 2.5149, -1.6051],
			"rotation": {"angle": 0, "axis": "y", "origin": [-8.0085, -10.2919, -14.4119]},
			"faces": {
				"north": {"uv": [0, 0, 16, 8], "texture": "#42"},
				"east": {"uv": [0, 0, 16, 8], "texture": "#42"},
				"south": {"uv": [0, 0, 16, 8], "texture": "#42"},
				"up": {"uv": [0, 0, 16, 16], "texture": "#42"},
				"down": {"uv": [0, 0, 16, 16], "texture": "#42"}
			}
		},
		{
			"from": [13.6017, -1.48722, 3.19745],
			"to": [16.40319, 0.11363, 3.99787],
			"rotation": {"angle": 0, "axis": "y", "origin": [-8.0085, -10.2919, -14.4119]},
			"faces": {
				"north": {"uv": [6, 9, 10, 16], "rotation": 270, "texture": "#70"},
				"south": {"uv": [10, 16, 6, 9], "rotation": 90, "texture": "#70"},
				"west": {"uv": [12, 6, 14, 10], "texture": "#70"},
				"up": {"uv": [12, 9, 14, 16], "rotation": 90, "texture": "#70"},
				"down": {"uv": [2, 9, 4, 16], "rotation": 90, "texture": "#70"}
			}
		},
		{
			"from": [13.6017, -1.48722, -0.80467],
			"to": [16.40319, 0.11363, -0.00425],
			"rotation": {"angle": 0, "axis": "y", "origin": [-8.0085, -10.2919, -14.4119]},
			"faces": {
				"north": {"uv": [6, 9, 10, 16], "rotation": 270, "texture": "#70"},
				"south": {"uv": [10, 16, 6, 9], "rotation": 90, "texture": "#70"},
				"west": {"uv": [2, 6, 4, 10], "texture": "#70"},
				"up": {"uv": [2, 9, 4, 16], "rotation": 90, "texture": "#70"},
				"down": {"uv": [12, 9, 14, 16], "rotation": 90, "texture": "#70"}
			}
		},
		{
			"from": [16.40319, -1.88744, 3.19745],
			"to": [18.80446, 0.51384, 3.99787],
			"rotation": {"angle": 0, "axis": "y", "origin": [-8.0085, -10.2919, -14.4119]},
			"faces": {
				"east": {"uv": [8, 0, 10, 6], "rotation": 180, "texture": "#54"},
				"south": {"uv": [0, 0, 6, 6], "rotation": 90, "texture": "#54"},
				"west": {"uv": [8, 0, 10, 6], "texture": "#54"},
				"up": {"uv": [6, 0, 8, 6], "rotation": 90, "texture": "#54"},
				"down": {"uv": [6, 0, 8, 6], "rotation": 90, "texture": "#54"}
			}
		},
		{
			"from": [16.40319, -1.88744, -0.80467],
			"to": [18.80446, 0.51384, -0.00425],
			"rotation": {"angle": 0, "axis": "y", "origin": [-8.0085, -10.2919, -14.4119]},
			"faces": {
				"north": {"uv": [0, 0, 6, 6], "rotation": 270, "texture": "#54"},
				"east": {"uv": [8, 0, 10, 6], "rotation": 180, "texture": "#54"},
				"west": {"uv": [8, 0, 10, 6], "texture": "#54"},
				"up": {"uv": [6, 0, 8, 6], "rotation": 90, "texture": "#54"},
				"down": {"uv": [6, 0, 8, 6], "rotation": 90, "texture": "#54"}
			}
		},
		{
			"from": [15.20255, -3.08808, -0.00425],
			"to": [20.0051, 1.71448, 3.19745],
			"rotation": {"angle": 0, "axis": "y", "origin": [-8.0085, -10.2919, -14.4119]},
			"faces": {
				"north": {"uv": [0, 0, 12, 12], "rotation": 270, "texture": "#71"},
				"east": {"uv": [0, 0, 8, 12], "rotation": 180, "texture": "#55"},
				"south": {"uv": [0, 0, 12, 12], "rotation": 90, "texture": "#71"},
				"west": {"uv": [0, 0, 8, 12], "texture": "#55"},
				"up": {"uv": [0, 0, 8, 12], "rotation": 90, "texture": "#55"},
				"down": {"uv": [0, 0, 8, 12], "rotation": 90, "texture": "#55"}
			}
		},
		{
			"from": [13.6017, -0.6868, 4.7983],
			"to": [20.0051, 2.5149, 11.2017],
			"rotation": {"angle": 0, "axis": "y", "origin": [-8.0085, -10.2919, -14.4119]},
			"faces": {
				"north": {"uv": [0, 0, 16, 8], "texture": "#42"},
				"east": {"uv": [0, 0, 16, 8], "texture": "#42"},
				"up": {"uv": [0, 0, 16, 16], "texture": "#42"},
				"down": {"uv": [0, 0, 16, 16], "texture": "#42"}
			}
		},
		{
			"from": [13.6017, -0.6868, 11.2017],
			"to": [20.0051, 2.5149, 17.6051],
			"rotation": {"angle": 0, "axis": "y", "origin": [-8.0085, -10.2919, -14.4119]},
			"faces": {
				"east": {"uv": [0, 0, 16, 8], "texture": "#42"},
				"west": {"uv": [0, 0, 16, 8], "texture": "#42"},
				"up": {"uv": [0, 0, 16, 16], "texture": "#42"},
				"down": {"uv": [0, 0, 16, 16], "texture": "#42"}
			}
		},
		{
			"from": [13.6017, -0.6868, 17.6051],
			"to": [20.0051, 2.5149, 24.0085],
			"rotation": {"angle": 0, "axis": "y", "origin": [-8.0085, -10.2919, -14.4119]},
			"faces": {
				"east": {"uv": [0, 0, 16, 8], "texture": "#42"},
				"south": {"uv": [0, 0, 16, 8], "texture": "#42"},
				"up": {"uv": [0, 0, 16, 16], "texture": "#42"},
				"down": {"uv": [0, 0, 16, 16], "texture": "#42"}
			}
		},
		{
			"from": [20.0051, -0.6868, -1.6051],
			"to": [26.4085, 2.5149, 4.7983],
			"rotation": {"angle": 0, "axis": "y", "origin": [-8.0085, -10.2919, -14.4119]},
			"faces": {
				"north": {"uv": [0, 0, 16, 8], "texture": "#42"},
				"east": {"uv": [0, 0, 16, 8], "texture": "#42"},
				"south": {"uv": [0, 0, 16, 8], "texture": "#42"},
				"west": {"uv": [0, 0, 16, 8], "texture": "#42"},
				"up": {"uv": [0, 0, 16, 16], "texture": "#42"},
				"down": {"uv": [0, 0, 16, 16], "texture": "#42"}
			}
		},
		{
			"from": [-3.60744, 4.91618, -8.80892],
			"to": [-1.20616, 6.51702, -8.0085],
			"rotation": {"angle": 0, "axis": "y", "origin": [-8.0085, -10.2919, -14.4119]},
			"faces": {
				"north": {"uv": [5, 6, 11, 10], "texture": "#72"},
				"east": {"uv": [0, 6, 2, 10], "texture": "#72"},
				"west": {"uv": [14, 6, 16, 10], "texture": "#72"},
				"up": {"uv": [5, 14, 11, 16], "texture": "#72"},
				"down": {"uv": [5, 0, 11, 2], "texture": "#72"}
			}
		},
		{
			"from": [-3.60744, 4.91618, 24.0085],
			"to": [-1.20616, 6.51702, 24.80893],
			"rotation": {"angle": 0, "axis": "y", "origin": [-8.0085, -10.2919, -14.4119]},
			"faces": {
				"east": {"uv": [14, 6, 16, 10], "texture": "#72"},
				"south": {"uv": [5, 6, 11, 10], "texture": "#72"},
				"west": {"uv": [0, 6, 2, 10], "texture": "#72"},
				"up": {"uv": [5, 0, 11, 2], "texture": "#72"},
				"down": {"uv": [5, 14, 11, 16], "texture": "#72"}
			}
		},
		{
			"from": [2.79596, 4.91618, -8.80892],
			"to": [5.19724, 6.51702, -8.0085],
			"rotation": {"angle": 0, "axis": "y", "origin": [-8.0085, -10.2919, -14.4119]},
			"faces": {
				"north": {"uv": [5, 6, 11, 10], "texture": "#72"},
				"east": {"uv": [0, 6, 2, 10], "texture": "#72"},
				"west": {"uv": [14, 6, 16, 10], "texture": "#72"},
				"up": {"uv": [5, 14, 11, 16], "texture": "#72"},
				"down": {"uv": [5, 0, 11, 2], "texture": "#72"}
			}
		},
		{
			"from": [2.79596, 4.91618, 24.0085],
			"to": [5.19724, 6.51702, 24.80893],
			"rotation": {"angle": 0, "axis": "y", "origin": [-8.0085, -10.2919, -14.4119]},
			"faces": {
				"east": {"uv": [14, 6, 16, 10], "texture": "#72"},
				"south": {"uv": [5, 6, 11, 10], "texture": "#72"},
				"west": {"uv": [0, 6, 2, 10], "texture": "#72"},
				"up": {"uv": [5, 0, 11, 2], "texture": "#72"},
				"down": {"uv": [5, 14, 11, 16], "texture": "#72"}
			}
		},
		{
			"from": [9.19936, 4.91618, -8.80892],
			"to": [11.60064, 6.51702, -8.0085],
			"rotation": {"angle": 0, "axis": "y", "origin": [-8.0085, -10.2919, -14.4119]},
			"faces": {
				"north": {"uv": [5, 6, 11, 10], "texture": "#72"},
				"east": {"uv": [0, 6, 2, 10], "texture": "#72"},
				"west": {"uv": [14, 6, 16, 10], "texture": "#72"},
				"up": {"uv": [5, 14, 11, 16], "texture": "#72"},
				"down": {"uv": [5, 0, 11, 2], "texture": "#72"}
			}
		},
		{
			"from": [9.19936, 4.91618, 24.0085],
			"to": [11.60064, 6.51702, 24.80893],
			"rotation": {"angle": 0, "axis": "y", "origin": [-8.0085, -10.2919, -14.4119]},
			"faces": {
				"east": {"uv": [14, 6, 16, 10], "texture": "#72"},
				"south": {"uv": [5, 6, 11, 10], "texture": "#72"},
				"west": {"uv": [0, 6, 2, 10], "texture": "#72"},
				"up": {"uv": [5, 0, 11, 2], "texture": "#72"},
				"down": {"uv": [5, 14, 11, 16], "texture": "#72"}
			}
		},
		{
			"from": [25.20786, 2.5149, -1.6051],
			"to": [26.4085, 8.9183, 4.7983],
			"rotation": {"angle": 0, "axis": "y", "origin": [-8.0085, -10.2919, -14.4119]},
			"faces": {
				"north": {"uv": [13, 0, 16, 16], "texture": "#66"},
				"east": {"uv": [0, 0, 16, 16], "texture": "#66"},
				"south": {"uv": [16, 0, 13, 16], "texture": "#66"},
				"west": {"uv": [0, 0, 16, 16], "texture": "#66"},
				"up": {"uv": [0, 16, 16, 13], "rotation": 270, "texture": "#66"}
			}
		},
		{
			"from": [-3.60744, 11.31958, -8.80892],
			"to": [-1.20616, 12.92043, -8.0085],
			"rotation": {"angle": 0, "axis": "y", "origin": [-8.0085, -10.2919, -14.4119]},
			"faces": {
				"north": {"uv": [5, 6, 11, 10], "texture": "#72"},
				"east": {"uv": [0, 6, 2, 10], "texture": "#72"},
				"west": {"uv": [14, 6, 16, 10], "texture": "#72"},
				"up": {"uv": [5, 14, 11, 16], "texture": "#72"},
				"down": {"uv": [5, 0, 11, 2], "texture": "#72"}
			}
		},
		{
			"from": [-3.60744, 11.31958, 24.0085],
			"to": [-1.20616, 12.92043, 24.80893],
			"rotation": {"angle": 0, "axis": "y", "origin": [-8.0085, -10.2919, -14.4119]},
			"faces": {
				"east": {"uv": [14, 6, 16, 10], "texture": "#72"},
				"south": {"uv": [5, 6, 11, 10], "texture": "#72"},
				"west": {"uv": [0, 6, 2, 10], "texture": "#72"},
				"up": {"uv": [5, 0, 11, 2], "texture": "#72"},
				"down": {"uv": [5, 14, 11, 16], "texture": "#72"}
			}
		},
		{
			"from": [13.6017, 8.9183, -1.6051],
			"to": [20.0051, 12.12, 4.7983],
			"rotation": {"angle": 0, "axis": "y", "origin": [-8.0085, -10.2919, -14.4119]},
			"faces": {
				"north": {"uv": [0, 8, 16, 16], "texture": "#45"},
				"east": {"uv": [0, 8, 16, 16], "texture": "#45"},
				"south": {"uv": [0, 8, 16, 16], "texture": "#45"},
				"up": {"uv": [0, 0, 16, 16], "texture": "#45"},
				"down": {"uv": [0, 0, 16, 16], "texture": "#45"}
			}
		},
		{
			"from": [-3.60744, 17.72297, -8.80892],
			"to": [-1.20616, 19.32383, -8.0085],
			"rotation": {"angle": 0, "axis": "y", "origin": [-8.0085, -10.2919, -14.4119]},
			"faces": {
				"north": {"uv": [5, 6, 11, 10], "texture": "#72"},
				"east": {"uv": [0, 6, 2, 10], "texture": "#72"},
				"west": {"uv": [14, 6, 16, 10], "texture": "#72"},
				"up": {"uv": [5, 14, 11, 16], "texture": "#72"},
				"down": {"uv": [5, 0, 11, 2], "texture": "#72"}
			}
		},
		{
			"from": [-3.60744, 17.72297, 24.0085],
			"to": [-1.20616, 19.32383, 24.80893],
			"rotation": {"angle": 0, "axis": "y", "origin": [-8.0085, -10.2919, -14.4119]},
			"faces": {
				"east": {"uv": [14, 6, 16, 10], "texture": "#72"},
				"south": {"uv": [5, 6, 11, 10], "texture": "#72"},
				"west": {"uv": [0, 6, 2, 10], "texture": "#72"},
				"up": {"uv": [5, 0, 11, 2], "texture": "#72"},
				"down": {"uv": [5, 14, 11, 16], "texture": "#72"}
			}
		},
		{
			"from": [-3.60744, 24.12638, -8.80892],
			"to": [-1.20616, 25.72723, -8.0085],
			"rotation": {"angle": 0, "axis": "y", "origin": [-8.0085, -10.2919, -14.4119]},
			"faces": {
				"north": {"uv": [5, 6, 11, 10], "texture": "#72"},
				"east": {"uv": [0, 6, 2, 10], "texture": "#72"},
				"west": {"uv": [14, 6, 16, 10], "texture": "#72"},
				"up": {"uv": [5, 14, 11, 16], "texture": "#72"},
				"down": {"uv": [5, 0, 11, 2], "texture": "#72"}
			}
		},
		{
			"from": [-5.6085, 24.9268, -1.6051],
			"to": [0.7949, 28.1285, 4.7983],
			"rotation": {"angle": 0, "axis": "y", "origin": [-8.0085, -10.2919, -14.4119]},
			"faces": {
				"east": {"uv": [0, 0, 16, 8], "texture": "#46"},
				"south": {"uv": [0, 0, 16, 8], "texture": "#46"},
				"west": {"uv": [0, 0, 16, 8], "texture": "#46"},
				"up": {"uv": [0, 0, 16, 16], "texture": "#46"},
				"down": {"uv": [0, 0, 16, 16], "texture": "#46"}
			}
		},
		{
			"from": [-5.6085, 24.9268, 11.2017],
			"to": [0.7949, 28.1285, 17.6051],
			"rotation": {"angle": 0, "axis": "y", "origin": [-8.0085, -10.2919, -1.6051]},
			"faces": {
				"east": {"uv": [0, 0, 16, 8], "texture": "#46"},
				"south": {"uv": [0, 0, 16, 8], "texture": "#46"},
				"west": {"uv": [0, 0, 16, 8], "texture": "#46"},
				"up": {"uv": [0, 0, 16, 16], "texture": "#46"},
				"down": {"uv": [0, 0, 16, 16], "texture": "#46"}
			}
		},
		{
			"from": [-3.60744, 24.12638, 24.0085],
			"to": [-1.20616, 25.72723, 24.80893],
			"rotation": {"angle": 0, "axis": "y", "origin": [-8.0085, -10.2919, -14.4119]},
			"faces": {
				"east": {"uv": [14, 6, 16, 10], "texture": "#72"},
				"south": {"uv": [5, 6, 11, 10], "texture": "#72"},
				"west": {"uv": [0, 6, 2, 10], "texture": "#72"},
				"up": {"uv": [5, 0, 11, 2], "texture": "#72"},
				"down": {"uv": [5, 14, 11, 16], "texture": "#72"}
			}
		},
		{
			"from": [7.1983, 21.7251, -8.0085],
			"to": [13.6017, 24.9268, -1.6051],
			"rotation": {"angle": 0, "axis": "y", "origin": [-8.0085, -10.2919, -14.4119]},
			"faces": {
				"north": {"uv": [0, 8, 16, 16], "texture": "#42"},
				"east": {"uv": [0, 8, 16, 16], "texture": "#42"},
				"south": {"uv": [0, 8, 16, 16], "texture": "#42"},
				"up": {"uv": [0, 0, 16, 16], "texture": "#42"}
			}
		},
		{
			"from": [7.1983, 24.9268, -8.0085],
			"to": [10.4, 28.1285, -1.6051],
			"rotation": {"angle": 0, "axis": "y", "origin": [-8.0085, -10.2919, -14.4119]},
			"faces": {
				"north": {"uv": [8, 0, 16, 8], "texture": "#42"},
				"east": {"uv": [0, 0, 16, 8], "texture": "#42"},
				"south": {"uv": [0, 0, 8, 8], "texture": "#42"},
				"up": {"uv": [0, 0, 8, 16], "texture": "#42"}
			}
		},
		{
			"from": [7.1983, 21.7251, -1.6051],
			"to": [13.6017, 24.9268, 4.7983],
			"rotation": {"angle": 0, "axis": "y", "origin": [-8.0085, -10.2919, -14.4119]},
			"faces": {
				"north": {"uv": [0, 8, 16, 16], "texture": "#42"},
				"east": {"uv": [0, 8, 16, 16], "texture": "#42"},
				"south": {"uv": [0, 8, 16, 16], "texture": "#42"},
				"west": {"uv": [0, 8, 16, 16], "texture": "#42"},
				"up": {"uv": [0, 0, 16, 16], "texture": "#42"}
			}
		},
		{
			"from": [7.1983, 24.9268, -1.6051],
			"to": [10.4, 28.1285, 4.7983],
			"rotation": {"angle": 0, "axis": "y", "origin": [-8.0085, -10.2919, -14.4119]},
			"faces": {
				"north": {"uv": [8, 0, 16, 8], "texture": "#42"},
				"east": {"uv": [0, 0, 16, 8], "texture": "#42"},
				"south": {"uv": [0, 0, 8, 8], "texture": "#42"},
				"west": {"uv": [0, 0, 16, 8], "texture": "#42"},
				"up": {"uv": [0, 0, 8, 16], "texture": "#42"}
			}
		},
		{
			"from": [7.1983, 21.7251, 4.7983],
			"to": [13.6017, 24.9268, 11.2017],
			"rotation": {"angle": 0, "axis": "y", "origin": [-8.0085, -10.2919, -14.4119]},
			"faces": {
				"north": {"uv": [0, 8, 16, 16], "texture": "#42"},
				"east": {"uv": [0, 8, 16, 16], "texture": "#42"},
				"south": {"uv": [0, 8, 16, 16], "texture": "#42"},
				"west": {"uv": [0, 8, 16, 16], "texture": "#42"},
				"up": {"uv": [0, 0, 16, 16], "texture": "#42"}
			}
		},
		{
			"from": [7.1983, 24.9268, 4.7983],
			"to": [10.4, 28.1285, 11.2017],
			"rotation": {"angle": 0, "axis": "y", "origin": [-8.0085, -10.2919, -14.4119]},
			"faces": {
				"north": {"uv": [8, 0, 16, 8], "texture": "#42"},
				"east": {"uv": [0, 0, 16, 8], "texture": "#42"},
				"south": {"uv": [0, 0, 8, 8], "texture": "#42"},
				"west": {"uv": [0, 0, 16, 8], "texture": "#42"},
				"up": {"uv": [0, 0, 8, 16], "texture": "#42"}
			}
		},
		{
			"from": [7.1983, 21.7251, 11.2017],
			"to": [13.6017, 24.9268, 17.6051],
			"rotation": {"angle": 0, "axis": "y", "origin": [-8.0085, -10.2919, -14.4119]},
			"faces": {
				"north": {"uv": [0, 8, 16, 16], "texture": "#42"},
				"east": {"uv": [0, 8, 16, 16], "texture": "#42"},
				"south": {"uv": [0, 8, 16, 16], "texture": "#42"},
				"west": {"uv": [0, 8, 16, 16], "texture": "#42"},
				"up": {"uv": [0, 0, 16, 16], "texture": "#42"}
			}
		},
		{
			"from": [7.1983, 24.9268, 11.2017],
			"to": [10.4, 28.1285, 17.6051],
			"rotation": {"angle": 0, "axis": "y", "origin": [-8.0085, -10.2919, -14.4119]},
			"faces": {
				"north": {"uv": [8, 0, 16, 8], "texture": "#42"},
				"east": {"uv": [0, 0, 16, 8], "texture": "#42"},
				"south": {"uv": [0, 0, 8, 8], "texture": "#42"},
				"west": {"uv": [0, 0, 16, 8], "texture": "#42"},
				"up": {"uv": [0, 0, 8, 16], "texture": "#42"}
			}
		},
		{
			"from": [7.1983, 21.7251, 17.6051],
			"to": [13.6017, 24.9268, 24.0085],
			"rotation": {"angle": 0, "axis": "y", "origin": [-8.0085, -10.2919, -14.4119]},
			"faces": {
				"north": {"uv": [0, 8, 16, 16], "texture": "#42"},
				"east": {"uv": [0, 8, 16, 16], "texture": "#42"},
				"south": {"uv": [0, 8, 16, 16], "texture": "#42"},
				"up": {"uv": [0, 0, 16, 16], "texture": "#42"}
			}
		},
		{
			"from": [7.1983, 24.9268, 17.6051],
			"to": [10.4, 28.1285, 24.0085],
			"rotation": {"angle": 0, "axis": "y", "origin": [-8.0085, -10.2919, -14.4119]},
			"faces": {
				"north": {"uv": [8, 0, 16, 8], "texture": "#42"},
				"east": {"uv": [0, 0, 16, 8], "texture": "#42"},
				"south": {"uv": [0, 0, 8, 8], "texture": "#42"},
				"up": {"uv": [0, 0, 8, 16], "texture": "#42"}
			}
		},
		{
			"from": [-5.6085, 28.1285, -8.0085],
			"to": [0.7949, 31.3302, -1.6051],
			"rotation": {"angle": 0, "axis": "y", "origin": [-8.0085, -10.2919, -14.4119]},
			"faces": {
				"north": {"uv": [0, 8, 16, 16], "texture": "#72"},
				"south": {"uv": [0, 8, 16, 16], "texture": "#72"},
				"west": {"uv": [0, 8, 16, 16], "texture": "#72"},
				"up": {"uv": [0, 0, 16, 16], "texture": "#72"}
			}
		},
		{
			"from": [-5.6085, 28.1285, -1.6051],
			"to": [0.7949, 31.3302, 4.7983],
			"rotation": {"angle": 0, "axis": "y", "origin": [-8.0085, -10.2919, -14.4119]},
			"faces": {
				"north": {"uv": [0, 8, 16, 16], "texture": "#46"},
				"east": {"uv": [0, 8, 16, 16], "texture": "#46"},
				"south": {"uv": [0, 8, 16, 16], "texture": "#46"},
				"west": {"uv": [0, 8, 16, 16], "texture": "#46"},
				"up": {"uv": [0, 0, 16, 16], "texture": "#46"},
				"down": {"uv": [0, 0, 16, 16], "texture": "#46"}
			}
		},
		{
			"from": [-5.6085, 28.1285, 17.6051],
			"to": [0.7949, 31.3302, 24.0085],
			"rotation": {"angle": 0, "axis": "y", "origin": [-8.0085, -10.2919, -14.4119]},
			"faces": {
				"north": {"uv": [0, 8, 16, 16], "texture": "#72"},
				"south": {"uv": [0, 8, 16, 16], "texture": "#72"},
				"west": {"uv": [0, 8, 16, 16], "texture": "#72"},
				"up": {"uv": [0, 0, 16, 16], "texture": "#72"}
			}
		},
		{
			"from": [0.7949, 28.1285, -8.0085],
			"to": [7.1983, 31.3302, -1.6051],
			"rotation": {"angle": 0, "axis": "y", "origin": [-8.0085, -10.2919, -14.4119]},
			"faces": {
				"north": {"uv": [0, 8, 16, 16], "texture": "#72"},
				"east": {"uv": [0, 8, 16, 16], "texture": "#72"},
				"south": {"uv": [0, 8, 16, 16], "texture": "#72"},
				"up": {"uv": [0, 0, 16, 16], "texture": "#72"}
			}
		},
		{
			"from": [1.19511, 28.1285, -1.20489],
			"to": [6.79809, 28.52871, 4.39809],
			"rotation": {"angle": 0, "axis": "y", "origin": [-8.0085, -10.2919, -14.4119]},
			"faces": {
				"north": {"uv": [1, 15, 15, 16], "texture": "#73"},
				"east": {"uv": [1, 15, 15, 16], "texture": "#73"},
				"south": {"uv": [1, 15, 15, 16], "texture": "#73"},
				"west": {"uv": [1, 15, 15, 16], "texture": "#73"},
				"up": {"uv": [1, 1, 15, 15], "texture": "#73"},
				"down": {"uv": [1, 1, 15, 15], "texture": "#73"}
			}
		},
		{
			"from": [0.7949, 28.1285, 11.2017],
			"to": [7.1983, 31.3302, 17.6051],
			"rotation": {"angle": 0, "axis": "y", "origin": [-8.0085, -10.2919, -14.4119]},
			"faces": {
				"north": {"uv": [0, 8, 16, 16], "texture": "#46"},
				"east": {"uv": [0, 8, 16, 16], "texture": "#46"},
				"south": {"uv": [0, 8, 16, 16], "texture": "#46"},
				"west": {"uv": [0, 8, 16, 16], "texture": "#46"},
				"up": {"uv": [0, 0, 16, 16], "texture": "#46"},
				"down": {"uv": [0, 0, 16, 16], "texture": "#46"}
			}
		},
		{
			"from": [-5.6085, 28.1285, 4.7983],
			"to": [0.7949, 31.3302, 11.2017],
			"rotation": {"angle": 0, "axis": "y", "origin": [-14.4119, -10.2919, -20.8153]},
			"faces": {
				"north": {"uv": [0, 8, 16, 16], "texture": "#46"},
				"east": {"uv": [0, 8, 16, 16], "texture": "#46"},
				"south": {"uv": [0, 8, 16, 16], "texture": "#46"},
				"west": {"uv": [0, 8, 16, 16], "texture": "#46"},
				"up": {"uv": [0, 0, 16, 16], "texture": "#46"},
				"down": {"uv": [0, 0, 16, 16], "texture": "#46"}
			}
		},
		{
			"from": [0.7949, 28.1285, 17.6051],
			"to": [7.1983, 31.3302, 24.0085],
			"rotation": {"angle": 0, "axis": "y", "origin": [-8.0085, -10.2919, -14.4119]},
			"faces": {
				"north": {"uv": [0, 8, 16, 16], "texture": "#72"},
				"east": {"uv": [0, 8, 16, 16], "texture": "#72"},
				"south": {"uv": [0, 8, 16, 16], "texture": "#72"},
				"up": {"uv": [0, 0, 16, 16], "texture": "#72"}
			}
		},
		{
			"from": [-5.6085, -6.28977, -8.0085],
			"to": [0.7949, -5.88956, -1.6051],
			"rotation": {"angle": 0, "axis": "y", "origin": [-8.0085, -10.2919, -14.4119]},
			"faces": {
				"north": {"uv": [0, 5, 16, 6], "texture": "#74"},
				"east": {"uv": [0, 5, 16, 6], "texture": "#74"},
				"west": {"uv": [0, 5, 16, 6], "texture": "#74"},
				"up": {"uv": [0, 0, 16, 16], "rotation": 180, "texture": "#75"},
				"down": {"uv": [0, 0, 16, 16], "rotation": 180, "texture": "#75"}
			}
		},
		{
			"from": [-0.00553, -5.88956, -8.0085],
			"to": [0.7949, -3.8885, -1.6051],
			"rotation": {"angle": 0, "axis": "y", "origin": [-8.0085, -10.2919, -14.4119]},
			"faces": {
				"north": {"uv": [0, 0, 2, 5], "texture": "#74"},
				"east": {"uv": [0, 0, 16, 5], "texture": "#74"},
				"west": {"uv": [0, 0, 16, 5], "texture": "#74"},
				"up": {"uv": [0, 0, 2, 16], "rotation": 180, "texture": "#76"}
			}
		},
		{
			"from": [-5.6085, -5.88956, -8.0085],
			"to": [-4.80808, -3.8885, -1.6051],
			"rotation": {"angle": 0, "axis": "y", "origin": [-8.0085, -10.2919, -14.4119]},
			"faces": {
				"north": {"uv": [14, 0, 16, 5], "texture": "#74"},
				"east": {"uv": [0, 0, 16, 5], "texture": "#74"},
				"west": {"uv": [0, 0, 16, 5], "texture": "#74"},
				"up": {"uv": [14, 0, 16, 16], "rotation": 180, "texture": "#76"}
			}
		},
		{
			"from": [-4.80808, -5.88956, -2.40553],
			"to": [-0.00553, -3.8885, -1.6051],
			"rotation": {"angle": 0, "axis": "y", "origin": [-8.0085, -10.2919, -14.4119]},
			"faces": {
				"north": {"uv": [2, 0, 14, 5], "texture": "#74"},
				"up": {"uv": [2, 0, 14, 2], "rotation": 180, "texture": "#76"}
			}
		},
		{
			"from": [-4.80808, -5.88956, -8.0085],
			"to": [-0.00553, -3.8885, -7.20808],
			"rotation": {"angle": 0, "axis": "y", "origin": [-8.0085, -10.2919, -14.4119]},
			"faces": {
				"north": {"uv": [2, 0, 14, 5], "texture": "#74"},
				"south": {"uv": [2, 0, 14, 5], "texture": "#74"},
				"up": {"uv": [2, 14, 14, 16], "rotation": 180, "texture": "#76"}
			}
		},
		{
			"from": [-4.00765, -8.69105, -6.40765],
			"to": [-0.80595, -6.28977, -3.20595],
			"rotation": {"angle": 0, "axis": "y", "origin": [-8.0085, -10.2919, -14.4119]},
			"faces": {
				"north": {"uv": [4, 6, 12, 12], "texture": "#74"},
				"east": {"uv": [4, 6, 12, 12], "texture": "#74"},
				"south": {"uv": [4, 6, 12, 12], "texture": "#74"},
				"west": {"uv": [4, 6, 12, 12], "texture": "#74"},
				"down": {"uv": [4, 4, 12, 12], "rotation": 180, "texture": "#75"}
			}
		},
		{
			"from": [-3.20722, -8.69105, -3.20595],
			"to": [-1.60637, -7.0902, -1.6051],
			"rotation": {"angle": 0, "axis": "y", "origin": [-8.0085, -10.2919, -14.4119]},
			"faces": {
				"east": {"uv": [0, 8, 4, 12], "texture": "#74"},
				"west": {"uv": [12, 8, 16, 12], "texture": "#74"},
				"up": {"uv": [6, 0, 10, 4], "rotation": 180, "texture": "#74"},
				"down": {"uv": [6, 12, 10, 16], "rotation": 180, "texture": "#75"}
			}
		},
		{
			"from": [-5.6085, -6.28977, 17.6051],
			"to": [0.7949, -5.88956, 24.0085],
			"rotation": {"angle": 0, "axis": "y", "origin": [-8.0085, -10.2919, -14.4119]},
			"faces": {
				"east": {"uv": [0, 5, 16, 6], "texture": "#74"},
				"south": {"uv": [0, 5, 16, 6], "texture": "#74"},
				"west": {"uv": [0, 5, 16, 6], "texture": "#74"},
				"up": {"uv": [0, 0, 16, 16], "texture": "#75"},
				"down": {"uv": [0, 0, 16, 16], "texture": "#75"}
			}
		},
		{
			"from": [-5.6085, -5.88956, 17.6051],
			"to": [-4.80808, -3.8885, 24.0085],
			"rotation": {"angle": 0, "axis": "y", "origin": [-8.0085, -10.2919, -14.4119]},
			"faces": {
				"east": {"uv": [0, 0, 16, 5], "texture": "#74"},
				"south": {"uv": [0, 0, 2, 5], "texture": "#74"},
				"west": {"uv": [0, 0, 16, 5], "texture": "#74"},
				"up": {"uv": [0, 0, 2, 16], "texture": "#76"}
			}
		},
		{
			"from": [-0.00553, -5.88956, 17.6051],
			"to": [0.7949, -3.8885, 24.0085],
			"rotation": {"angle": 0, "axis": "y", "origin": [-8.0085, -10.2919, -14.4119]},
			"faces": {
				"east": {"uv": [0, 0, 16, 5], "texture": "#74"},
				"south": {"uv": [14, 0, 16, 5], "texture": "#74"},
				"west": {"uv": [0, 0, 16, 5], "texture": "#74"},
				"up": {"uv": [14, 0, 16, 16], "texture": "#76"}
			}
		},
		{
			"from": [-4.80808, -5.88956, 17.6051],
			"to": [-0.00553, -3.8885, 18.40552],
			"rotation": {"angle": 0, "axis": "y", "origin": [-8.0085, -10.2919, -14.4119]},
			"faces": {
				"south": {"uv": [2, 0, 14, 5], "texture": "#74"},
				"up": {"uv": [2, 0, 14, 2], "texture": "#76"}
			}
		},
		{
			"from": [-4.80808, -5.88956, 23.20808],
			"to": [-0.00553, -3.8885, 24.0085],
			"rotation": {"angle": 0, "axis": "y", "origin": [-8.0085, -10.2919, -14.4119]},
			"faces": {
				"north": {"uv": [2, 0, 14, 5], "texture": "#74"},
				"south": {"uv": [2, 0, 14, 5], "texture": "#74"},
				"up": {"uv": [2, 14, 14, 16], "texture": "#76"}
			}
		},
		{
			"from": [-4.00765, -8.69105, 19.20595],
			"to": [-0.80595, -6.28977, 22.40765],
			"rotation": {"angle": 0, "axis": "y", "origin": [-8.0085, -10.2919, -14.4119]},
			"faces": {
				"north": {"uv": [4, 6, 12, 12], "texture": "#74"},
				"east": {"uv": [4, 6, 12, 12], "texture": "#74"},
				"south": {"uv": [4, 6, 12, 12], "texture": "#74"},
				"west": {"uv": [4, 6, 12, 12], "texture": "#74"},
				"down": {"uv": [4, 4, 12, 12], "texture": "#75"}
			}
		},
		{
			"from": [-3.20722, -8.69105, 17.6051],
			"to": [-1.60637, -7.0902, 19.20595],
			"rotation": {"angle": 0, "axis": "y", "origin": [-8.0085, -10.2919, -14.4119]},
			"faces": {
				"east": {"uv": [12, 8, 16, 12], "texture": "#74"},
				"west": {"uv": [0, 8, 4, 12], "texture": "#74"},
				"up": {"uv": [6, 0, 10, 4], "texture": "#74"},
				"down": {"uv": [6, 12, 10, 16], "texture": "#75"}
			}
		},
		{
			"from": [7.1983, -6.28977, -8.0085],
			"to": [13.6017, -5.88956, -1.6051],
			"rotation": {"angle": 0, "axis": "y", "origin": [-8.0085, -10.2919, -14.4119]},
			"faces": {
				"north": {"uv": [0, 5, 16, 6], "texture": "#74"},
				"east": {"uv": [0, 5, 16, 6], "texture": "#74"},
				"west": {"uv": [0, 5, 16, 6], "texture": "#74"},
				"up": {"uv": [0, 0, 16, 16], "rotation": 270, "texture": "#75"},
				"down": {"uv": [0, 0, 16, 16], "rotation": 90, "texture": "#75"}
			}
		},
		{
			"from": [7.1983, -5.88956, -2.40553],
			"to": [13.6017, -3.8885, -1.6051],
			"rotation": {"angle": 0, "axis": "y", "origin": [-8.0085, -10.2919, -14.4119]},
			"faces": {
				"north": {"uv": [0, 0, 16, 5], "texture": "#74"},
				"east": {"uv": [0, 0, 2, 5], "texture": "#74"},
				"west": {"uv": [14, 0, 16, 5], "texture": "#74"},
				"up": {"uv": [0, 0, 2, 16], "rotation": 270, "texture": "#76"}
			}
		},
		{
			"from": [7.1983, -5.88956, -8.0085],
			"to": [13.6017, -3.8885, -7.20808],
			"rotation": {"angle": 0, "axis": "y", "origin": [-8.0085, -10.2919, -14.4119]},
			"faces": {
				"north": {"uv": [0, 0, 16, 5], "texture": "#74"},
				"east": {"uv": [14, 0, 16, 5], "texture": "#74"},
				"south": {"uv": [0, 0, 16, 5], "texture": "#74"},
				"west": {"uv": [0, 0, 2, 5], "texture": "#74"},
				"up": {"uv": [14, 0, 16, 16], "rotation": 270, "texture": "#76"}
			}
		},
		{
			"from": [7.1983, -5.88956, -7.20808],
			"to": [7.99872, -3.8885, -2.40553],
			"rotation": {"angle": 0, "axis": "y", "origin": [-8.0085, -10.2919, -14.4119]},
			"faces": {
				"east": {"uv": [2, 0, 14, 5], "texture": "#74"},
				"west": {"uv": [2, 0, 14, 5], "texture": "#74"},
				"up": {"uv": [2, 0, 14, 2], "rotation": 270, "texture": "#76"}
			}
		},
		{
			"from": [12.80127, -5.88956, -7.20808],
			"to": [13.6017, -3.8885, -2.40553],
			"rotation": {"angle": 0, "axis": "y", "origin": [-8.0085, -10.2919, -14.4119]},
			"faces": {
				"east": {"uv": [2, 0, 14, 5], "texture": "#74"},
				"west": {"uv": [2, 0, 14, 5], "texture": "#74"},
				"up": {"uv": [2, 14, 14, 16], "rotation": 270, "texture": "#76"}
			}
		},
		{
			"from": [8.79915, -8.69105, -6.40765],
			"to": [12.00085, -6.28977, -3.20595],
			"rotation": {"angle": 0, "axis": "y", "origin": [-8.0085, -10.2919, -14.4119]},
			"faces": {
				"north": {"uv": [4, 6, 12, 12], "texture": "#74"},
				"east": {"uv": [4, 6, 12, 12], "texture": "#74"},
				"south": {"uv": [4, 6, 12, 12], "texture": "#74"},
				"west": {"uv": [4, 6, 12, 12], "texture": "#74"},
				"down": {"uv": [4, 4, 12, 12], "rotation": 90, "texture": "#75"}
			}
		},
		{
			"from": [7.1983, -8.69105, -5.60722],
			"to": [8.79915, -7.0902, -4.00637],
			"rotation": {"angle": 0, "axis": "y", "origin": [-8.0085, -10.2919, -14.4119]},
			"faces": {
				"north": {"uv": [12, 8, 16, 12], "texture": "#74"},
				"south": {"uv": [0, 8, 4, 12], "texture": "#74"},
				"west": {"uv": [6, 8, 10, 12], "texture": "#74"},
				"up": {"uv": [6, 0, 10, 4], "rotation": 270, "texture": "#74"},
				"down": {"uv": [6, 12, 10, 16], "rotation": 90, "texture": "#75"}
			}
		},
		{
			"from": [7.1983, -6.28977, 4.7983],
			"to": [13.6017, -5.88956, 11.2017],
			"rotation": {"angle": 0, "axis": "y", "origin": [-8.0085, -10.2919, -14.4119]},
			"faces": {
				"east": {"uv": [0, 5, 16, 6], "texture": "#74"},
				"west": {"uv": [0, 5, 16, 6], "texture": "#74"},
				"up": {"uv": [0, 0, 16, 16], "rotation": 180, "texture": "#75"},
				"down": {"uv": [0, 0, 16, 16], "rotation": 180, "texture": "#75"}
			}
		},
		{
			"from": [12.80127, -5.88956, 4.7983],
			"to": [13.6017, -3.8885, 11.2017],
			"rotation": {"angle": 0, "axis": "y", "origin": [-8.0085, -10.2919, -14.4119]},
			"faces": {
				"east": {"uv": [0, 0, 16, 5], "texture": "#74"},
				"west": {"uv": [0, 0, 16, 5], "texture": "#74"},
				"up": {"uv": [0, 0, 2, 16], "rotation": 180, "texture": "#76"}
			}
		},
		{
			"from": [7.1983, -5.88956, 4.7983],
			"to": [7.99872, -3.8885, 11.2017],
			"rotation": {"angle": 0, "axis": "y", "origin": [-8.0085, -10.2919, -14.4119]},
			"faces": {
				"east": {"uv": [0, 0, 16, 5], "texture": "#74"},
				"west": {"uv": [0, 0, 16, 5], "texture": "#74"},
				"up": {"uv": [14, 0, 16, 16], "rotation": 180, "texture": "#76"}
			}
		},
		{
			"from": [7.99872, -5.88956, 10.40128],
			"to": [12.80127, -3.8885, 11.2017],
			"rotation": {"angle": 0, "axis": "y", "origin": [-8.0085, -10.2919, -14.4119]},
			"faces": {
				"north": {"uv": [2, 0, 14, 5], "texture": "#74"},
				"up": {"uv": [2, 0, 14, 2], "rotation": 180, "texture": "#76"}
			}
		},
		{
			"from": [7.99872, -5.88956, 4.7983],
			"to": [12.80127, -3.8885, 5.59873],
			"rotation": {"angle": 0, "axis": "y", "origin": [-8.0085, -10.2919, -14.4119]},
			"faces": {
				"south": {"uv": [2, 0, 14, 5], "texture": "#74"},
				"up": {"uv": [2, 14, 14, 16], "rotation": 180, "texture": "#76"}
			}
		},
		{
			"from": [8.79915, -8.69105, 6.39915],
			"to": [12.00085, -6.28977, 9.60085],
			"rotation": {"angle": 0, "axis": "y", "origin": [-8.0085, -10.2919, -14.4119]},
			"faces": {
				"north": {"uv": [4, 6, 12, 12], "texture": "#74"},
				"east": {"uv": [4, 6, 12, 12], "texture": "#74"},
				"south": {"uv": [4, 6, 12, 12], "texture": "#74"},
				"west": {"uv": [4, 6, 12, 12], "texture": "#74"},
				"down": {"uv": [4, 4, 12, 12], "rotation": 180, "texture": "#75"}
			}
		},
		{
			"from": [9.59957, -8.69105, 9.60085],
			"to": [11.20043, -7.0902, 11.2017],
			"rotation": {"angle": 0, "axis": "y", "origin": [-8.0085, -10.2919, -14.4119]},
			"faces": {
				"east": {"uv": [0, 8, 4, 12], "texture": "#74"},
				"west": {"uv": [12, 8, 16, 12], "texture": "#74"},
				"up": {"uv": [6, 0, 10, 4], "rotation": 180, "texture": "#74"},
				"down": {"uv": [6, 12, 10, 16], "rotation": 180, "texture": "#75"}
			}
		},
		{
			"from": [7.1983, -6.28977, 17.6051],
			"to": [13.6017, -5.88956, 24.0085],
			"rotation": {"angle": 0, "axis": "y", "origin": [-8.0085, -10.2919, -14.4119]},
			"faces": {
				"east": {"uv": [0, 5, 16, 6], "texture": "#74"},
				"south": {"uv": [0, 5, 16, 6], "texture": "#74"},
				"west": {"uv": [0, 5, 16, 6], "texture": "#74"},
				"up": {"uv": [0, 0, 16, 16], "rotation": 270, "texture": "#75"},
				"down": {"uv": [0, 0, 16, 16], "rotation": 90, "texture": "#75"}
			}
		},
		{
			"from": [7.1983, -5.88956, 23.20808],
			"to": [13.6017, -3.8885, 24.0085],
			"rotation": {"angle": 0, "axis": "y", "origin": [-8.0085, -10.2919, -14.4119]},
			"faces": {
				"north": {"uv": [0, 0, 16, 5], "texture": "#74"},
				"east": {"uv": [0, 0, 2, 5], "texture": "#74"},
				"south": {"uv": [0, 0, 16, 5], "texture": "#74"},
				"west": {"uv": [14, 0, 16, 5], "texture": "#74"},
				"up": {"uv": [0, 0, 2, 16], "rotation": 270, "texture": "#76"}
			}
		},
		{
			"from": [7.1983, -5.88956, 17.6051],
			"to": [13.6017, -3.8885, 18.40552],
			"rotation": {"angle": 0, "axis": "y", "origin": [-8.0085, -10.2919, -14.4119]},
			"faces": {
				"east": {"uv": [14, 0, 16, 5], "texture": "#74"},
				"south": {"uv": [0, 0, 16, 5], "texture": "#74"},
				"west": {"uv": [0, 0, 2, 5], "texture": "#74"},
				"up": {"uv": [14, 0, 16, 16], "rotation": 270, "texture": "#76"}
			}
		},
		{
			"from": [7.1983, -5.88956, 18.40552],
			"to": [7.99872, -3.8885, 23.20808],
			"rotation": {"angle": 0, "axis": "y", "origin": [-8.0085, -10.2919, -14.4119]},
			"faces": {
				"east": {"uv": [2, 0, 14, 5], "texture": "#74"},
				"west": {"uv": [2, 0, 14, 5], "texture": "#74"},
				"up": {"uv": [2, 0, 14, 2], "rotation": 270, "texture": "#76"}
			}
		},
		{
			"from": [12.80127, -5.88956, 18.40552],
			"to": [13.6017, -3.8885, 23.20808],
			"rotation": {"angle": 0, "axis": "y", "origin": [-8.0085, -10.2919, -14.4119]},
			"faces": {
				"east": {"uv": [2, 0, 14, 5], "texture": "#74"},
				"west": {"uv": [2, 0, 14, 5], "texture": "#74"},
				"up": {"uv": [2, 14, 14, 16], "rotation": 270, "texture": "#76"}
			}
		},
		{
			"from": [8.79915, -8.69105, 19.20595],
			"to": [12.00085, -6.28977, 22.40765],
			"rotation": {"angle": 0, "axis": "y", "origin": [-8.0085, -10.2919, -14.4119]},
			"faces": {
				"north": {"uv": [4, 6, 12, 12], "texture": "#74"},
				"east": {"uv": [4, 6, 12, 12], "texture": "#74"},
				"south": {"uv": [4, 6, 12, 12], "texture": "#74"},
				"west": {"uv": [4, 6, 12, 12], "texture": "#74"},
				"down": {"uv": [4, 4, 12, 12], "rotation": 90, "texture": "#75"}
			}
		},
		{
			"from": [7.1983, -8.69105, 20.00637],
			"to": [8.79915, -7.0902, 21.60723],
			"rotation": {"angle": 0, "axis": "y", "origin": [-8.0085, -10.2919, -14.4119]},
			"faces": {
				"north": {"uv": [12, 8, 16, 12], "texture": "#74"},
				"south": {"uv": [0, 8, 4, 12], "texture": "#74"},
				"west": {"uv": [6, 8, 10, 12], "texture": "#74"},
				"up": {"uv": [6, 0, 10, 4], "rotation": 270, "texture": "#74"},
				"down": {"uv": [6, 12, 10, 16], "rotation": 90, "texture": "#75"}
			}
		},
		{
			"from": [13.6017, 6.51702, -1.6051],
			"to": [20.0051, 6.91724, 4.7983],
			"rotation": {"angle": 0, "axis": "y", "origin": [-8.0085, -10.2919, -14.4119]},
			"faces": {
				"north": {"uv": [0, 5, 16, 6], "texture": "#74"},
				"east": {"uv": [0, 5, 16, 6], "texture": "#74"},
				"south": {"uv": [0, 5, 16, 6], "texture": "#74"},
				"up": {"uv": [0, 0, 16, 16], "rotation": 90, "texture": "#75"},
				"down": {"uv": [0, 0, 16, 16], "rotation": 270, "texture": "#75"}
			}
		},
		{
			"from": [13.6017, 6.91724, -1.6051],
			"to": [20.0051, 8.9183, -0.80467],
			"rotation": {"angle": 0, "axis": "y", "origin": [-8.0085, -10.2919, -14.4119]},
			"faces": {
				"north": {"uv": [0, 0, 16, 5], "texture": "#74"},
				"east": {"uv": [14, 0, 16, 5], "texture": "#74"},
				"south": {"uv": [0, 0, 16, 5], "texture": "#74"},
				"up": {"uv": [0, 0, 2, 16], "rotation": 90, "texture": "#76"}
			}
		},
		{
			"from": [13.6017, 6.91724, 3.99787],
			"to": [20.0051, 8.9183, 4.7983],
			"rotation": {"angle": 0, "axis": "y", "origin": [-8.0085, -10.2919, -14.4119]},
			"faces": {
				"north": {"uv": [0, 0, 16, 5], "texture": "#74"},
				"east": {"uv": [0, 0, 2, 5], "texture": "#74"},
				"south": {"uv": [0, 0, 16, 5], "texture": "#74"},
				"up": {"uv": [14, 0, 16, 16], "rotation": 90, "texture": "#76"}
			}
		},
		{
			"from": [19.20468, 6.91724, -0.80467],
			"to": [20.0051, 8.9183, 3.99787],
			"rotation": {"angle": 0, "axis": "y", "origin": [-8.0085, -10.2919, -14.4119]},
			"faces": {
				"east": {"uv": [2, 0, 14, 5], "texture": "#74"},
				"west": {"uv": [2, 0, 14, 5], "texture": "#74"},
				"up": {"uv": [2, 0, 14, 2], "rotation": 90, "texture": "#76"}
			}
		},
		{
			"from": [13.6017, 6.91724, -0.80467],
			"to": [14.40212, 8.9183, 3.99787],
			"rotation": {"angle": 0, "axis": "y", "origin": [-8.0085, -10.2919, -14.4119]},
			"faces": {
				"east": {"uv": [2, 0, 14, 5], "texture": "#74"},
				"up": {"uv": [2, 14, 14, 16], "rotation": 90, "texture": "#76"}
			}
		},
		{
			"from": [15.20255, 4.11575, -0.00425],
			"to": [18.40425, 6.51702, 3.19745],
			"rotation": {"angle": 0, "axis": "y", "origin": [-8.0085, -10.2919, -14.4119]},
			"faces": {
				"north": {"uv": [4, 6, 12, 12], "texture": "#74"},
				"east": {"uv": [4, 6, 12, 12], "texture": "#74"},
				"south": {"uv": [4, 6, 12, 12], "texture": "#74"},
				"west": {"uv": [4, 6, 12, 12], "texture": "#74"},
				"down": {"uv": [4, 4, 12, 12], "rotation": 270, "texture": "#75"}
			}
		},
		{
			"from": [18.40425, 4.11575, 0.79617],
			"to": [20.0051, 5.7166, 2.39703],
			"rotation": {"angle": 0, "axis": "y", "origin": [-8.0085, -10.2919, -14.4119]},
			"faces": {
				"north": {"uv": [0, 8, 4, 12], "texture": "#74"},
				"east": {"uv": [6, 8, 10, 12], "texture": "#74"},
				"south": {"uv": [12, 8, 16, 12], "texture": "#74"},
				"up": {"uv": [6, 0, 10, 4], "rotation": 90, "texture": "#74"},
				"down": {"uv": [6, 12, 10, 16], "rotation": 270, "texture": "#75"}
			}
		}
	],
	"display": {
		"thirdperson_righthand": {
			"rotation": [75, 45, 0],
			"translation": [0, 2.5, 0],
			"scale": [0.375, 0.375, 0.375]
		},
		"thirdperson_lefthand": {
			"rotation": [75, 45, 0],
			"translation": [0, 2.5, 0],
			"scale": [0.375, 0.375, 0.375]
		},
		"firstperson_righthand": {
			"rotation": [0, 45, 0],
			"scale": [0.4, 0.4, 0.4]
		},
		"firstperson_lefthand": {
			"rotation": [0, 225, 0],
			"scale": [0.4, 0.4, 0.4]
		},
		"ground": {
			"translation": [0, 3, 0],
			"scale": [0.25, 0.25, 0.25]
		},
		"gui": {
			"rotation": [0, 180, 0],
			"scale": [0.632, 0.632, 0.632]
		},
		"head": {
			"translation": [0, 80, 0],
			"scale": [4, 4, 4]
		},
		"fixed": {
			"scale": [0.5, 0.5, 0.5]
		}
	},
	"groups": [
		{
			"name": "structure",
			"origin": [8, 8, 8],
			"color": 0,
			"children": []
		},
		{
			"name": "structure",
			"origin": [8, 8, 8],
			"color": 0,
			"children": []
		},
		{
			"name": "structure",
			"origin": [8, 8, 8],
			"color": 0,
			"children": []
		},
		{
			"name": "structure",
			"origin": [8, 8, 8],
			"color": 0,
			"children": []
		},
		{
			"name": "structure",
			"origin": [8, 8, 8],
			"color": 0,
			"children": []
		},
		{
			"name": "structure",
			"origin": [8, 8, 8],
			"color": 0,
			"children": []
		},
		{
			"name": "structure",
			"origin": [8, 8, 8],
			"color": 0,
			"children": []
		},
		{
			"name": "structure",
			"origin": [8, 8, 8],
			"color": 0,
			"children": []
		},
		{
			"name": "structure",
			"origin": [8, 8, 8],
			"color": 0,
			"children": [
				0,
				1,
				2,
				3,
				4,
				5,
				6,
				7,
				8,
				9,
				10,
				11,
				12,
				13,
				14,
				15,
				16,
				17,
				18,
				19,
				20,
				21,
				22,
				23,
				24,
				25,
				26,
				27,
				28,
				29,
				30,
				31,
				32,
				33,
				34,
				35,
				36,
				37,
				38,
				39,
				40,
				41,
				42,
				43,
				44,
				45,
				46,
				47,
				48,
				49,
				50,
				51,
				52,
				53,
				54,
				55,
				56,
				57,
				58,
				59,
				60,
				61,
				62,
				63,
				64,
				65,
				66,
				67,
				68,
				69,
				70,
				71,
				72,
				73,
				74,
				75,
				76,
				77,
				78,
				79,
				80,
				81,
				82,
				83,
				84,
				85,
				86,
				87,
				88,
				89,
				90,
				91,
				92,
				93,
				94,
				95,
				96,
				97,
				98,
				99,
				100,
				101,
				102,
				103,
				104,
				105,
				106,
				107,
				108,
				109,
				110,
				111,
				112,
				113,
				114,
				115,
				116,
				117,
				118,
				119,
				120,
				121,
				122,
				123,
				124,
				125,
				126,
				127,
				128,
				129,
				130,
				131,
				132,
				133,
				134,
				135,
				136,
				137,
				138,
				139,
				140,
				141,
				142,
				143,
				144,
				145,
				146,
				147,
				148,
				149,
				150,
				151,
				152,
				153,
				154,
				155,
				156,
				157,
				158,
				159,
				160,
				161,
				162,
				163,
				164,
				165,
				166,
				167,
				168,
				169,
				170,
				171,
				172,
				173,
				174,
				175,
				176,
				177,
				178,
				179,
				180,
				181,
				182,
				183,
				184,
				185,
				186,
				187,
				188,
				189,
				190,
				191,
				192,
				193,
				194,
				195,
				196,
				197,
				198,
				199,
				200,
				201,
				202,
				203,
				204,
				205,
				206,
				207,
				208,
				209,
				210,
				211,
				212,
				213
			]
		}
	]
}