{
	"credit": "Made with Blockbench",
	"textures": {
		"31": "block/chain",
		"33": "block/iron_bars",
		"34": "block/polished_diorite",
		"36": "block/blackstone",
		"38": "block/polished_blackstone",
		"42": "block/dark_oak_trapdoor",
		"43": "block/deepslate_top",
		"45": "block/cobbled_deepslate",
		"46": "block/black_concrete_powder",
		"48": "block/lever",
		"49": "block/black_concrete",
		"50": "block/polished_blackstone_bricks",
		"51": "block/deepslate",
		"52": "block/blackstone_top",
		"53": "block/dark_oak_planks",
		"56": "block/black_wool",
		"57": "block/acacia_planks",
		"58": "block/mangrove_planks",
		"59": "block/cobblestone",
		"60": "block/glass_pane_top",
		"61": "block/glass",
		"62": "block/blast_furnace_front",
		"63": "block/blast_furnace_side"
	},
	"elements": [
		{
			"from": [13.6017, -10.2919, -1.6051],
			"to": [20.0051, -3.8885, 4.7983],
			"rotation": {"angle": 0, "axis": "y", "origin": [-8.0085, -10.2919, -14.4119]},
			"faces": {
				"north": {"uv": [0, 0, 16, 16], "texture": "#38"},
				"east": {"uv": [0, 0, 16, 16], "texture": "#38"},
				"south": {"uv": [0, 0, 16, 16], "texture": "#38"},
				"west": {"uv": [0, 0, 16, 16], "texture": "#38"},
				"down": {"uv": [0, 0, 16, 16], "texture": "#38"}
			}
		},
		{
			"from": [13.6017, -10.2919, 11.2017],
			"to": [20.0051, -3.8885, 17.6051],
			"rotation": {"angle": 0, "axis": "y", "origin": [-8.0085, -10.2919, -14.4119]},
			"faces": {
				"north": {"uv": [0, 0, 16, 16], "texture": "#38"},
				"east": {"uv": [0, 0, 16, 16], "texture": "#38"},
				"south": {"uv": [0, 0, 16, 16], "texture": "#38"},
				"west": {"uv": [0, 0, 16, 16], "texture": "#38"},
				"down": {"uv": [0, 0, 16, 16], "texture": "#38"}
			}
		},
		{
			"from": [0.7949, -3.8885, -1.6051],
			"to": [7.1983, 2.5149, 4.7983],
			"rotation": {"angle": 0, "axis": "y", "origin": [-8.0085, -10.2919, -14.4119]},
			"faces": {
				"north": {"uv": [0, 0, 16, 16], "texture": "#38"},
				"west": {"uv": [0, 0, 16, 16], "texture": "#38"},
				"down": {"uv": [0, 0, 16, 16], "texture": "#38"}
			}
		},
		{
			"from": [0.7949, -3.8885, 4.7983],
			"to": [7.1983, 2.5149, 11.2017],
			"rotation": {"angle": 0, "axis": "y", "origin": [-8.0085, -10.2919, -14.4119]},
			"faces": {
				"west": {"uv": [0, 0, 16, 16], "texture": "#38"},
				"down": {"uv": [0, 0, 16, 16], "texture": "#38"}
			}
		},
		{
			"from": [0.7949, -3.8885, 11.2017],
			"to": [7.1983, 2.5149, 17.6051],
			"rotation": {"angle": 0, "axis": "y", "origin": [-8.0085, -10.2919, -14.4119]},
			"faces": {
				"south": {"uv": [0, 0, 16, 16], "texture": "#38"},
				"west": {"uv": [0, 0, 16, 16], "texture": "#38"},
				"down": {"uv": [0, 0, 16, 16], "texture": "#38"}
			}
		},
		{
			"from": [7.1983, -3.8885, -1.6051],
			"to": [13.6017, 2.5149, 4.7983],
			"rotation": {"angle": 0, "axis": "y", "origin": [-8.0085, -10.2919, -14.4119]},
			"faces": {
				"north": {"uv": [0, 0, 16, 16], "texture": "#38"},
				"east": {"uv": [0, 0, 16, 16], "texture": "#38"},
				"down": {"uv": [0, 0, 16, 16], "texture": "#38"}
			}
		},
		{
			"from": [7.1983, -3.8885, 4.7983],
			"to": [13.6017, 2.5149, 11.2017],
			"rotation": {"angle": 0, "axis": "y", "origin": [-8.0085, -10.2919, -14.4119]},
			"faces": {
				"east": {"uv": [0, 0, 16, 16], "texture": "#49"},
				"down": {"uv": [0, 0, 16, 16], "texture": "#49"}
			}
		},
		{
			"from": [7.1983, -3.8885, 11.2017],
			"to": [13.6017, 2.5149, 17.6051],
			"rotation": {"angle": 0, "axis": "y", "origin": [-8.0085, -10.2919, -14.4119]},
			"faces": {
				"east": {"uv": [0, 0, 16, 16], "texture": "#38"},
				"south": {"uv": [0, 0, 16, 16], "texture": "#38"},
				"down": {"uv": [0, 0, 16, 16], "texture": "#38"}
			}
		},
		{
			"from": [13.6017, -3.8885, 4.7983],
			"to": [20.0051, 2.5149, 11.2017],
			"rotation": {"angle": 0, "axis": "y", "origin": [-8.0085, -10.2919, -14.4119]},
			"faces": {
				"north": {"uv": [0, 0, 16, 16], "rotation": 180, "texture": "#43"},
				"east": {"uv": [0, 0, 16, 16], "rotation": 90, "texture": "#51"},
				"south": {"uv": [0, 0, 16, 16], "texture": "#43"},
				"down": {"uv": [0, 0, 16, 16], "rotation": 180, "texture": "#51"}
			}
		},
		{
			"from": [0.7949, 2.5149, -1.6051],
			"to": [7.1983, 8.9183, 4.7983],
			"rotation": {"angle": 0, "axis": "y", "origin": [-8.0085, -10.2919, -14.4119]},
			"faces": {
				"north": {"uv": [0, 0, 16, 16], "texture": "#50"},
				"west": {"uv": [0, 0, 16, 16], "texture": "#50"}
			}
		},
		{
			"from": [0.7949, 2.5149, 4.7983],
			"to": [7.1983, 8.9183, 11.2017],
			"rotation": {"angle": 0, "axis": "y", "origin": [-8.0085, -10.2919, -14.4119]},
			"faces": {
				"west": {"uv": [0, 0, 16, 16], "texture": "#50"},
				"up": {"uv": [0, 0, 16, 16], "texture": "#50"}
			}
		},
		{
			"from": [0.7949, 2.5149, 11.2017],
			"to": [7.1983, 8.9183, 17.6051],
			"rotation": {"angle": 0, "axis": "y", "origin": [-8.0085, -10.2919, -14.4119]},
			"faces": {
				"south": {"uv": [0, 0, 16, 16], "texture": "#50"},
				"west": {"uv": [0, 0, 16, 16], "texture": "#50"}
			}
		},
		{
			"from": [7.1983, 2.5149, -1.6051],
			"to": [13.6017, 8.9183, 4.7983],
			"rotation": {"angle": 0, "axis": "y", "origin": [-8.0085, -10.2919, -14.4119]},
			"faces": {
				"north": {"uv": [0, 0, 16, 16], "texture": "#50"},
				"up": {"uv": [0, 0, 16, 16], "texture": "#50"}
			}
		},
		{
			"from": [7.1983, 2.5149, 4.7983],
			"to": [13.6017, 8.9183, 11.2017],
			"rotation": {"angle": 0, "axis": "y", "origin": [-8.0085, -10.2919, -14.4119]},
			"faces": {
				"up": {"uv": [0, 0, 16, 16], "texture": "#50"}
			}
		},
		{
			"from": [7.1983, 2.5149, 11.2017],
			"to": [13.6017, 8.9183, 17.6051],
			"rotation": {"angle": 0, "axis": "y", "origin": [-8.0085, -10.2919, -14.4119]},
			"faces": {
				"south": {"uv": [0, 0, 16, 16], "texture": "#50"},
				"up": {"uv": [0, 0, 16, 16], "texture": "#50"}
			}
		},
		{
			"from": [13.6017, 2.5149, -1.6051],
			"to": [20.0051, 8.9183, 4.7983],
			"rotation": {"angle": 0, "axis": "y", "origin": [-8.0085, -10.2919, -14.4119]},
			"faces": {
				"north": {"uv": [0, 0, 16, 16], "texture": "#50"},
				"east": {"uv": [0, 0, 16, 16], "texture": "#50"},
				"down": {"uv": [0, 0, 16, 16], "texture": "#50"}
			}
		},
		{
			"from": [13.6017, 2.5149, 4.7983],
			"to": [20.0051, 8.9183, 11.2017],
			"rotation": {"angle": 0, "axis": "y", "origin": [-8.0085, -10.2919, -14.4119]},
			"faces": {
				"east": {"uv": [0, 0, 16, 16], "texture": "#50"},
				"up": {"uv": [0, 0, 16, 16], "texture": "#50"},
				"down": {"uv": [0, 0, 16, 16], "texture": "#50"}
			}
		},
		{
			"from": [13.6017, 2.5149, 11.2017],
			"to": [20.0051, 8.9183, 17.6051],
			"rotation": {"angle": 0, "axis": "y", "origin": [-8.0085, -10.2919, -14.4119]},
			"faces": {
				"east": {"uv": [0, 0, 16, 16], "texture": "#50"},
				"south": {"uv": [0, 0, 16, 16], "texture": "#50"},
				"up": {"uv": [0, 0, 16, 16], "texture": "#50"},
				"down": {"uv": [0, 0, 16, 16], "texture": "#50"}
			}
		},
		{
			"from": [20.0051, 2.5149, 4.7983],
			"to": [26.4085, 8.9183, 11.2017],
			"rotation": {"angle": 0, "axis": "y", "origin": [-8.0085, -10.2919, -14.4119]},
			"faces": {
				"north": {"uv": [0, 0, 16, 16], "rotation": 180, "texture": "#43"},
				"east": {"uv": [0, 0, 16, 16], "rotation": 90, "texture": "#51"},
				"south": {"uv": [0, 0, 16, 16], "texture": "#43"},
				"down": {"uv": [0, 0, 16, 16], "rotation": 180, "texture": "#51"}
			}
		},
		{
			"from": [0.7949, 8.9183, -8.0085],
			"to": [7.1983, 15.3217, -1.6051],
			"rotation": {"angle": 0, "axis": "y", "origin": [-8.0085, -10.2919, -14.4119]},
			"faces": {
				"north": {"uv": [0, 0, 16, 16], "texture": "#50"},
				"west": {"uv": [0, 0, 16, 16], "texture": "#50"},
				"up": {"uv": [0, 0, 16, 16], "texture": "#50"}
			}
		},
		{
			"from": [0.7949, 8.9183, -1.6051],
			"to": [7.1983, 15.3217, 4.7983],
			"rotation": {"angle": 0, "axis": "y", "origin": [-8.0085, -10.2919, -14.4119]},
			"faces": {
				"east": {"uv": [0, 0, 16, 16], "texture": "#46"},
				"south": {"uv": [0, 0, 16, 16], "texture": "#46"},
				"west": {"uv": [0, 0, 16, 16], "texture": "#46"},
				"up": {"uv": [0, 0, 16, 16], "texture": "#46"}
			}
		},
		{
			"from": [0.7949, 8.9183, 11.2017],
			"to": [7.1983, 15.3217, 17.6051],
			"rotation": {"angle": 0, "axis": "y", "origin": [-8.0085, -10.2919, -14.4119]},
			"faces": {
				"north": {"uv": [0, 0, 16, 16], "texture": "#46"},
				"east": {"uv": [0, 0, 16, 16], "texture": "#46"},
				"west": {"uv": [0, 0, 16, 16], "texture": "#46"},
				"up": {"uv": [0, 0, 16, 16], "texture": "#46"}
			}
		},
		{
			"from": [0.7949, 8.9183, 17.6051],
			"to": [7.1983, 15.3217, 24.0085],
			"rotation": {"angle": 0, "axis": "y", "origin": [-8.0085, -10.2919, -14.4119]},
			"faces": {
				"south": {"uv": [0, 0, 16, 16], "texture": "#50"},
				"west": {"uv": [0, 0, 16, 16], "texture": "#50"},
				"up": {"uv": [0, 0, 16, 16], "texture": "#50"}
			}
		},
		{
			"from": [7.1983, 8.9183, -8.0085],
			"to": [13.6017, 15.3217, -1.6051],
			"rotation": {"angle": 0, "axis": "y", "origin": [-8.0085, -10.2919, -14.4119]},
			"faces": {
				"north": {"uv": [0, 0, 16, 16], "texture": "#50"},
				"south": {"uv": [0, 0, 16, 16], "texture": "#50"},
				"up": {"uv": [0, 0, 16, 16], "texture": "#50"}
			}
		},
		{
			"from": [7.1983, 8.9183, -1.6051],
			"to": [13.6017, 15.3217, 4.7983],
			"rotation": {"angle": 0, "axis": "y", "origin": [-8.0085, -10.2919, -14.4119]},
			"faces": {
				"south": {"uv": [0, 0, 16, 16], "texture": "#45"},
				"up": {"uv": [0, 0, 16, 16], "texture": "#45"}
			}
		},
		{
			"from": [7.1983, 8.9183, 17.6051],
			"to": [13.6017, 15.3217, 24.0085],
			"rotation": {"angle": 0, "axis": "y", "origin": [-8.0085, -10.2919, -14.4119]},
			"faces": {
				"north": {"uv": [0, 0, 16, 16], "texture": "#50"},
				"south": {"uv": [0, 0, 16, 16], "texture": "#50"},
				"up": {"uv": [0, 0, 16, 16], "texture": "#50"}
			}
		},
		{
			"from": [13.6017, 8.9183, -8.0085],
			"to": [20.0051, 15.3217, -1.6051],
			"rotation": {"angle": 0, "axis": "y", "origin": [-8.0085, -10.2919, -14.4119]},
			"faces": {
				"north": {"uv": [0, 0, 16, 16], "texture": "#50"},
				"up": {"uv": [0, 0, 16, 16], "texture": "#50"}
			}
		},
		{
			"from": [13.6017, 8.9183, -1.6051],
			"to": [20.0051, 15.3217, 4.7983],
			"rotation": {"angle": 0, "axis": "y", "origin": [-8.0085, -10.2919, -14.4119]},
			"faces": {
				"east": {"uv": [0, 0, 16, 16], "texture": "#50"},
				"south": {"uv": [0, 0, 16, 16], "texture": "#50"},
				"west": {"uv": [0, 0, 16, 16], "texture": "#50"},
				"up": {"uv": [0, 0, 16, 16], "texture": "#50"}
			}
		},
		{
			"from": [13.6017, 8.9183, 17.6051],
			"to": [20.0051, 15.3217, 24.0085],
			"rotation": {"angle": 0, "axis": "y", "origin": [-8.0085, -10.2919, -14.4119]},
			"faces": {
				"north": {"uv": [0, 0, 16, 16], "texture": "#50"},
				"south": {"uv": [0, 0, 16, 16], "texture": "#50"},
				"up": {"uv": [0, 0, 16, 16], "texture": "#50"}
			}
		},
		{
			"from": [20.0051, 8.9183, -8.0085],
			"to": [26.4085, 15.3217, -1.6051],
			"rotation": {"angle": 0, "axis": "y", "origin": [-8.0085, -10.2919, -14.4119]},
			"faces": {
				"north": {"uv": [0, 0, 16, 16], "texture": "#50"},
				"east": {"uv": [0, 0, 16, 16], "texture": "#50"},
				"south": {"uv": [0, 0, 16, 16], "texture": "#50"},
				"up": {"uv": [0, 0, 16, 16], "texture": "#50"}
			}
		},
		{
			"from": [20.0051, 8.9183, 4.7983],
			"to": [26.4085, 15.3217, 11.2017],
			"rotation": {"angle": 0, "axis": "y", "origin": [-8.0085, -10.2919, -14.4119]},
			"faces": {
				"north": {"uv": [0, 0, 16, 16], "texture": "#38"},
				"east": {"uv": [0, 0, 16, 16], "texture": "#38"},
				"south": {"uv": [0, 0, 16, 16], "texture": "#38"},
				"west": {"uv": [0, 0, 16, 16], "texture": "#38"},
				"down": {"uv": [0, 0, 16, 16], "texture": "#38"}
			}
		},
		{
			"from": [20.0051, 8.9183, 17.6051],
			"to": [26.4085, 15.3217, 24.0085],
			"rotation": {"angle": 0, "axis": "y", "origin": [-8.0085, -10.2919, -14.4119]},
			"faces": {
				"north": {"uv": [0, 0, 16, 16], "texture": "#50"},
				"east": {"uv": [0, 0, 16, 16], "texture": "#50"},
				"south": {"uv": [0, 0, 16, 16], "texture": "#50"},
				"up": {"uv": [0, 0, 16, 16], "texture": "#50"}
			}
		},
		{
			"from": [20.0051, 15.3217, -1.6051],
			"to": [26.4085, 21.7251, 4.7983],
			"rotation": {"angle": 0, "axis": "y", "origin": [-8.0085, -10.2919, -14.4119]},
			"faces": {
				"north": {"uv": [0, 0, 16, 16], "texture": "#38"},
				"east": {"uv": [0, 0, 16, 16], "texture": "#38"},
				"west": {"uv": [0, 0, 16, 16], "texture": "#38"},
				"up": {"uv": [0, 0, 16, 16], "texture": "#38"},
				"down": {"uv": [0, 0, 16, 16], "texture": "#38"}
			}
		},
		{
			"from": [20.0051, 15.3217, -8.0085],
			"to": [26.4085, 21.7251, -1.6051],
			"rotation": {"angle": 0, "axis": "y", "origin": [-8.0085, -10.2919, -20.8153]},
			"faces": {
				"north": {"uv": [0, 0, 16, 16], "texture": "#38"},
				"east": {"uv": [0, 0, 16, 16], "texture": "#38"},
				"west": {"uv": [0, 0, 16, 16], "texture": "#38"},
				"up": {"uv": [0, 0, 16, 16], "texture": "#38"},
				"down": {"uv": [0, 0, 16, 16], "texture": "#38"}
			}
		},
		{
			"from": [20.0051, 15.3217, 17.6051],
			"to": [26.4085, 21.7251, 24.0085],
			"rotation": {"angle": 0, "axis": "y", "origin": [-8.0085, -10.2919, 36.8153]},
			"faces": {
				"east": {"uv": [16, 0, 0, 16], "texture": "#38"},
				"south": {"uv": [16, 0, 0, 16], "texture": "#38"},
				"west": {"uv": [16, 0, 0, 16], "texture": "#38"},
				"up": {"uv": [0, 16, 16, 0], "texture": "#38"},
				"down": {"uv": [0, 16, 16, 0], "texture": "#38"}
			}
		},
		{
			"from": [20.0051, 15.3217, 11.2017],
			"to": [26.4085, 21.7251, 17.6051],
			"rotation": {"angle": 0, "axis": "y", "origin": [-8.0085, -10.2919, -14.4119]},
			"faces": {
				"east": {"uv": [0, 0, 16, 16], "texture": "#38"},
				"south": {"uv": [0, 0, 16, 16], "texture": "#38"},
				"west": {"uv": [0, 0, 16, 16], "texture": "#38"},
				"up": {"uv": [0, 0, 16, 16], "texture": "#38"},
				"down": {"uv": [0, 0, 16, 16], "texture": "#38"}
			}
		},
		{
			"from": [0.7949, 21.7251, -8.0085],
			"to": [7.1983, 28.1285, -1.6051],
			"rotation": {"angle": 0, "axis": "y", "origin": [-8.0085, -10.2919, -14.4119]},
			"faces": {
				"north": {"uv": [0, 0, 16, 16], "texture": "#50"},
				"west": {"uv": [0, 0, 16, 16], "texture": "#50"},
				"up": {"uv": [0, 0, 16, 16], "texture": "#50"},
				"down": {"uv": [0, 0, 16, 16], "texture": "#50"}
			}
		},
		{
			"from": [0.7949, 21.7251, -1.6051],
			"to": [7.1983, 28.1285, 4.7983],
			"rotation": {"angle": 0, "axis": "y", "origin": [-8.0085, -10.2919, -14.4119]},
			"faces": {
				"east": {"uv": [0, 0, 16, 16], "texture": "#56"},
				"west": {"uv": [0, 0, 16, 16], "texture": "#56"},
				"down": {"uv": [0, 0, 16, 16], "texture": "#56"}
			}
		},
		{
			"from": [0.7949, 21.7251, 4.7983],
			"to": [7.1983, 28.1285, 11.2017],
			"rotation": {"angle": 0, "axis": "y", "origin": [-8.0085, -10.2919, -14.4119]},
			"faces": {
				"east": {"uv": [0, 0, 16, 16], "texture": "#56"},
				"west": {"uv": [0, 0, 16, 16], "texture": "#56"},
				"down": {"uv": [0, 0, 16, 16], "texture": "#56"}
			}
		},
		{
			"from": [0.7949, 21.7251, 11.2017],
			"to": [7.1983, 28.1285, 17.6051],
			"rotation": {"angle": 0, "axis": "y", "origin": [-8.0085, -10.2919, -14.4119]},
			"faces": {
				"east": {"uv": [0, 0, 16, 16], "texture": "#49"},
				"west": {"uv": [0, 0, 16, 16], "texture": "#49"},
				"down": {"uv": [0, 0, 16, 16], "texture": "#49"}
			}
		},
		{
			"from": [0.7949, 21.7251, 17.6051],
			"to": [7.1983, 28.1285, 24.0085],
			"rotation": {"angle": 0, "axis": "y", "origin": [-8.0085, -10.2919, -14.4119]},
			"faces": {
				"south": {"uv": [0, 0, 16, 16], "texture": "#50"},
				"west": {"uv": [0, 0, 16, 16], "texture": "#50"},
				"up": {"uv": [0, 0, 16, 16], "texture": "#50"},
				"down": {"uv": [0, 0, 16, 16], "texture": "#50"}
			}
		},
		{
			"from": [7.1983, 21.7251, -8.0085],
			"to": [13.6017, 28.1285, -1.6051],
			"rotation": {"angle": 0, "axis": "y", "origin": [-8.0085, -10.2919, -14.4119]},
			"faces": {
				"north": {"uv": [0, 0, 16, 16], "texture": "#50"},
				"south": {"uv": [0, 0, 16, 16], "texture": "#50"},
				"up": {"uv": [0, 0, 16, 16], "texture": "#50"},
				"down": {"uv": [0, 0, 16, 16], "texture": "#50"}
			}
		},
		{
			"from": [7.1983, 21.7251, 17.6051],
			"to": [13.6017, 28.1285, 24.0085],
			"rotation": {"angle": 0, "axis": "y", "origin": [-8.0085, -10.2919, -14.4119]},
			"faces": {
				"north": {"uv": [0, 0, 16, 16], "texture": "#50"},
				"south": {"uv": [0, 0, 16, 16], "texture": "#50"},
				"up": {"uv": [0, 0, 16, 16], "texture": "#50"},
				"down": {"uv": [0, 0, 16, 16], "texture": "#50"}
			}
		},
		{
			"from": [13.6017, 21.7251, -8.0085],
			"to": [20.0051, 28.1285, -1.6051],
			"rotation": {"angle": 0, "axis": "y", "origin": [-8.0085, -10.2919, -14.4119]},
			"faces": {
				"north": {"uv": [0, 0, 16, 16], "texture": "#50"},
				"south": {"uv": [0, 0, 16, 16], "texture": "#50"},
				"up": {"uv": [0, 0, 16, 16], "texture": "#50"},
				"down": {"uv": [0, 0, 16, 16], "texture": "#50"}
			}
		},
		{
			"from": [13.6017, 21.7251, 17.6051],
			"to": [20.0051, 28.1285, 24.0085],
			"rotation": {"angle": 0, "axis": "y", "origin": [-8.0085, -10.2919, -14.4119]},
			"faces": {
				"north": {"uv": [0, 0, 16, 16], "texture": "#50"},
				"south": {"uv": [0, 0, 16, 16], "texture": "#50"},
				"up": {"uv": [0, 0, 16, 16], "texture": "#50"},
				"down": {"uv": [0, 0, 16, 16], "texture": "#50"}
			}
		},
		{
			"from": [20.0051, 21.7251, -8.0085],
			"to": [26.4085, 28.1285, -1.6051],
			"rotation": {"angle": 0, "axis": "y", "origin": [-8.0085, -10.2919, -14.4119]},
			"faces": {
				"north": {"uv": [0, 0, 16, 16], "texture": "#50"},
				"east": {"uv": [0, 0, 16, 16], "texture": "#50"},
				"south": {"uv": [0, 0, 16, 16], "texture": "#50"},
				"up": {"uv": [0, 0, 16, 16], "texture": "#50"},
				"down": {"uv": [0, 0, 16, 16], "texture": "#50"}
			}
		},
		{
			"from": [20.0051, 21.7251, 4.7983],
			"to": [26.4085, 28.1285, 11.2017],
			"rotation": {"angle": 0, "axis": "y", "origin": [-8.0085, -10.2919, -14.4119]},
			"faces": {
				"north": {"uv": [0, 0, 16, 16], "texture": "#38"},
				"east": {"uv": [0, 0, 16, 16], "texture": "#38"},
				"south": {"uv": [0, 0, 16, 16], "texture": "#38"},
				"west": {"uv": [0, 0, 16, 16], "texture": "#38"}
			}
		},
		{
			"from": [20.0051, 21.7251, 17.6051],
			"to": [26.4085, 28.1285, 24.0085],
			"rotation": {"angle": 0, "axis": "y", "origin": [-8.0085, -10.2919, -14.4119]},
			"faces": {
				"north": {"uv": [0, 0, 16, 16], "texture": "#50"},
				"east": {"uv": [0, 0, 16, 16], "texture": "#50"},
				"south": {"uv": [0, 0, 16, 16], "texture": "#50"},
				"up": {"uv": [0, 0, 16, 16], "texture": "#50"},
				"down": {"uv": [0, 0, 16, 16], "texture": "#50"}
			}
		},
		{
			"from": [-5.6085, -5.08914, 4.7983],
			"to": [0.7949, -3.8885, 11.2017],
			"rotation": {"angle": 0, "axis": "y", "origin": [-8.0085, -10.2919, -14.4119]},
			"faces": {
				"north": {"uv": [0, 16, 16, 13], "texture": "#42"},
				"east": {"uv": [0, 16, 16, 13], "texture": "#42"},
				"south": {"uv": [0, 16, 16, 13], "texture": "#42"},
				"west": {"uv": [0, 16, 16, 13], "texture": "#42"},
				"up": {"uv": [0, 0, 16, 16], "texture": "#42"},
				"down": {"uv": [0, 0, 16, 16], "texture": "#42"}
			}
		},
		{
			"from": [0.7949, -5.08914, 4.7983],
			"to": [7.1983, -3.8885, 11.2017],
			"rotation": {"angle": 0, "axis": "y", "origin": [-8.0085, -10.2919, -14.4119]},
			"faces": {
				"north": {"uv": [0, 16, 16, 13], "texture": "#42"},
				"east": {"uv": [0, 16, 16, 13], "texture": "#42"},
				"south": {"uv": [0, 16, 16, 13], "texture": "#42"},
				"west": {"uv": [0, 16, 16, 13], "texture": "#42"},
				"down": {"uv": [0, 0, 16, 16], "texture": "#42"}
			}
		},
		{
			"from": [13.6017, -7.0902, -8.0085],
			"to": [20.0051, -3.8885, -1.6051],
			"rotation": {"angle": 0, "axis": "y", "origin": [-8.0085, -10.2919, -14.4119]},
			"faces": {
				"north": {"uv": [0, 0, 16, 8], "texture": "#50"},
				"west": {"uv": [0, 0, 16, 8], "texture": "#50"},
				"up": {"uv": [0, 0, 16, 16], "texture": "#50"},
				"down": {"uv": [0, 0, 16, 16], "texture": "#50"}
			}
		},
		{
			"from": [13.6017, -7.0902, 17.6051],
			"to": [20.0051, -3.8885, 24.0085],
			"rotation": {"angle": 0, "axis": "y", "origin": [-8.0085, -10.2919, -14.4119]},
			"faces": {
				"south": {"uv": [0, 0, 16, 8], "texture": "#50"},
				"west": {"uv": [0, 0, 16, 8], "texture": "#50"},
				"up": {"uv": [0, 0, 16, 16], "texture": "#50"},
				"down": {"uv": [0, 0, 16, 16], "texture": "#50"}
			}
		},
		{
			"from": [20.0051, -7.0902, -8.0085],
			"to": [26.4085, -3.8885, -1.6051],
			"rotation": {"angle": 0, "axis": "y", "origin": [-8.0085, -10.2919, -14.4119]},
			"faces": {
				"north": {"uv": [0, 0, 16, 8], "texture": "#50"},
				"east": {"uv": [0, 0, 16, 8], "texture": "#50"},
				"south": {"uv": [0, 0, 16, 8], "texture": "#50"},
				"up": {"uv": [0, 0, 16, 16], "texture": "#50"},
				"down": {"uv": [0, 0, 16, 16], "texture": "#50"}
			}
		},
		{
			"from": [20.0051, -7.0902, 17.6051],
			"to": [26.4085, -3.8885, 24.0085],
			"rotation": {"angle": 0, "axis": "y", "origin": [-8.0085, -10.2919, -14.4119]},
			"faces": {
				"north": {"uv": [0, 0, 16, 8], "texture": "#50"},
				"east": {"uv": [0, 0, 16, 8], "texture": "#50"},
				"south": {"uv": [0, 0, 16, 8], "texture": "#50"},
				"up": {"uv": [0, 0, 16, 16], "texture": "#50"},
				"down": {"uv": [0, 0, 16, 16], "texture": "#50"}
			}
		},
		{
			"from": [-5.6085, -0.6868, 4.7983],
			"to": [0.7949, 2.5149, 11.2017],
			"rotation": {"angle": 0, "axis": "y", "origin": [-8.0085, -10.2919, -14.4119]},
			"faces": {
				"north": {"uv": [0, 0, 16, 8], "texture": "#50"},
				"west": {"uv": [0, 0, 16, 8], "texture": "#50"},
				"up": {"uv": [0, 0, 16, 16], "texture": "#50"},
				"down": {"uv": [0, 0, 16, 16], "texture": "#50"}
			}
		},
		{
			"from": [-5.6085, -0.6868, 11.2017],
			"to": [0.7949, 2.5149, 17.6051],
			"rotation": {"angle": 0, "axis": "y", "origin": [-8.0085, -10.2919, -14.4119]},
			"faces": {
				"west": {"uv": [0, 0, 16, 8], "texture": "#50"},
				"up": {"uv": [0, 0, 16, 16], "texture": "#50"},
				"down": {"uv": [0, 0, 16, 16], "texture": "#50"}
			}
		},
		{
			"from": [-5.6085, -0.6868, 17.6051],
			"to": [0.7949, 2.5149, 24.0085],
			"rotation": {"angle": 0, "axis": "y", "origin": [-8.0085, -10.2919, -14.4119]},
			"faces": {
				"east": {"uv": [0, 0, 16, 8], "texture": "#50"},
				"south": {"uv": [0, 0, 16, 8], "texture": "#50"},
				"west": {"uv": [0, 0, 16, 8], "texture": "#50"},
				"up": {"uv": [0, 0, 16, 16], "texture": "#50"},
				"down": {"uv": [0, 0, 16, 16], "texture": "#50"}
			}
		},
		{
			"from": [-0.00553, -1.88744, 26.80999],
			"to": [0.7949, 2.5149, 27.61041],
			"rotation": {"angle": 0, "axis": "y", "origin": [-8.0085, -10.2919, -14.4119]},
			"faces": {
				"north": {"uv": [0, 0, 2, 11], "texture": "#53"},
				"east": {"uv": [7, 0, 9, 11], "texture": "#53"},
				"south": {"uv": [0, 0, 2, 11], "texture": "#53"},
				"west": {"uv": [7, 0, 9, 11], "texture": "#53"},
				"up": {"uv": [14, 7, 16, 9], "texture": "#53"},
				"down": {"uv": [14, 7, 16, 9], "texture": "#53"}
			}
		},
		{
			"from": [-5.6085, -1.88744, 26.80999],
			"to": [-4.80808, 2.5149, 27.61041],
			"rotation": {"angle": 0, "axis": "y", "origin": [-8.0085, -10.2919, -14.4119]},
			"faces": {
				"north": {"uv": [14, 0, 16, 11], "texture": "#53"},
				"east": {"uv": [7, 0, 9, 11], "texture": "#53"},
				"south": {"uv": [14, 0, 16, 11], "texture": "#53"},
				"west": {"uv": [7, 0, 9, 11], "texture": "#53"},
				"up": {"uv": [0, 7, 2, 9], "texture": "#53"},
				"down": {"uv": [0, 7, 2, 9], "texture": "#53"}
			}
		},
		{
			"from": [-0.00553, -1.48722, 24.40871],
			"to": [0.7949, 2.11469, 25.20914],
			"rotation": {"angle": 0, "axis": "y", "origin": [-8.0085, -10.2919, -14.4119]},
			"faces": {
				"north": {"uv": [0, 1, 2, 10], "texture": "#53"},
				"east": {"uv": [13, 1, 15, 10], "texture": "#53"},
				"south": {"uv": [0, 1, 2, 10], "texture": "#53"},
				"west": {"uv": [13, 1, 15, 10], "texture": "#53"},
				"up": {"uv": [14, 1, 16, 3], "texture": "#53"},
				"down": {"uv": [14, 1, 16, 3], "texture": "#53"}
			}
		},
		{
			"from": [-5.6085, -1.48722, 24.40871],
			"to": [-4.80808, 2.11469, 25.20914],
			"rotation": {"angle": 0, "axis": "y", "origin": [-8.0085, -10.2919, -14.4119]},
			"faces": {
				"north": {"uv": [14, 1, 16, 10], "texture": "#53"},
				"east": {"uv": [13, 1, 15, 10], "texture": "#53"},
				"south": {"uv": [14, 1, 16, 10], "texture": "#53"},
				"west": {"uv": [13, 1, 15, 10], "texture": "#53"},
				"up": {"uv": [0, 1, 2, 3], "texture": "#53"},
				"down": {"uv": [0, 1, 2, 3], "texture": "#53"}
			}
		},
		{
			"from": [-0.00553, -1.48722, 25.20914],
			"to": [0.7949, -0.28659, 26.80999],
			"rotation": {"angle": 0, "axis": "y", "origin": [-8.0085, -10.2919, -14.4119]},
			"faces": {
				"east": {"uv": [13, 7, 15, 10], "texture": "#53"},
				"west": {"uv": [13, 7, 15, 10], "texture": "#53"},
				"up": {"uv": [14, 3, 16, 7], "texture": "#53"},
				"down": {"uv": [14, 3, 16, 7], "texture": "#53"}
			}
		},
		{
			"from": [-0.00553, 0.91405, 25.20914],
			"to": [0.7949, 2.11469, 26.80999],
			"rotation": {"angle": 0, "axis": "y", "origin": [-8.0085, -10.2919, -14.4119]},
			"faces": {
				"east": {"uv": [13, 1, 15, 4], "texture": "#53"},
				"west": {"uv": [13, 1, 15, 4], "texture": "#53"},
				"up": {"uv": [14, 3, 16, 7], "texture": "#53"},
				"down": {"uv": [14, 3, 16, 7], "texture": "#53"}
			}
		},
		{
			"from": [-5.6085, -1.48722, 25.20914],
			"to": [-4.80808, -0.28659, 26.80999],
			"rotation": {"angle": 0, "axis": "y", "origin": [-8.0085, -10.2919, -14.4119]},
			"faces": {
				"east": {"uv": [13, 7, 15, 10], "texture": "#53"},
				"west": {"uv": [13, 7, 15, 10], "texture": "#53"},
				"up": {"uv": [0, 3, 2, 7], "texture": "#53"},
				"down": {"uv": [0, 3, 2, 7], "texture": "#53"}
			}
		},
		{
			"from": [-5.6085, 0.91405, 25.20914],
			"to": [-4.80808, 2.11469, 26.80999],
			"rotation": {"angle": 0, "axis": "y", "origin": [-8.0085, -10.2919, -14.4119]},
			"faces": {
				"east": {"uv": [13, 1, 15, 4], "texture": "#53"},
				"west": {"uv": [13, 1, 15, 4], "texture": "#53"},
				"up": {"uv": [0, 3, 2, 7], "texture": "#53"},
				"down": {"uv": [0, 3, 2, 7], "texture": "#53"}
			}
		},
		{
			"from": [0.7949, -0.6868, -5.40711],
			"to": [7.1983, -0.6868, -4.20648],
			"shade": false,
			"rotation": {"angle": 45, "axis": "x", "origin": [1.5966, -0.6868, -4.8068]},
			"faces": {
				"up": {"uv": [0, 0, 3, 16], "rotation": 90, "texture": "#31"},
				"down": {"uv": [3, 0, 0, 16], "rotation": 90, "texture": "#31"}
			}
		},
		{
			"from": [0.7949, -1.28711, -4.8068],
			"to": [7.1983, -0.08649, -4.8068],
			"shade": false,
			"rotation": {"angle": 45, "axis": "x", "origin": [1.5966, -0.6868, -4.8068]},
			"faces": {
				"north": {"uv": [6, 0, 3, 16], "rotation": 270, "texture": "#31"},
				"south": {"uv": [3, 0, 6, 16], "rotation": 90, "texture": "#31"}
			}
		},
		{
			"from": [0.7949, -0.6868, 20.20649],
			"to": [7.1983, -0.6868, 21.40712],
			"shade": false,
			"rotation": {"angle": 45, "axis": "x", "origin": [1.5966, -0.6868, 20.8068]},
			"faces": {
				"up": {"uv": [0, 0, 3, 16], "rotation": 90, "texture": "#31"},
				"down": {"uv": [3, 0, 0, 16], "rotation": 90, "texture": "#31"}
			}
		},
		{
			"from": [0.7949, -1.28711, 20.8068],
			"to": [7.1983, -0.08649, 20.8068],
			"shade": false,
			"rotation": {"angle": 45, "axis": "x", "origin": [1.5966, -0.6868, 20.8068]},
			"faces": {
				"north": {"uv": [6, 0, 3, 16], "rotation": 270, "texture": "#31"},
				"south": {"uv": [3, 0, 6, 16], "rotation": 90, "texture": "#31"}
			}
		},
		{
			"from": [7.1983, -1.88744, -5.20701],
			"to": [7.99872, 2.5149, -4.40659],
			"rotation": {"angle": 0, "axis": "y", "origin": [-8.0085, -10.2919, -14.4119]},
			"faces": {
				"north": {"uv": [0, 0, 2, 11], "texture": "#53"},
				"east": {"uv": [7, 0, 9, 11], "texture": "#53"},
				"south": {"uv": [0, 0, 2, 11], "texture": "#53"},
				"west": {"uv": [7, 0, 9, 11], "texture": "#53"},
				"up": {"uv": [0, 7, 2, 9], "texture": "#53"},
				"down": {"uv": [0, 7, 2, 9], "texture": "#53"}
			}
		},
		{
			"from": [12.80127, -1.88744, -5.20701],
			"to": [13.6017, 2.5149, -4.40659],
			"rotation": {"angle": 0, "axis": "y", "origin": [-8.0085, -10.2919, -14.4119]},
			"faces": {
				"north": {"uv": [14, 0, 16, 11], "texture": "#53"},
				"east": {"uv": [7, 0, 9, 11], "texture": "#53"},
				"south": {"uv": [14, 0, 16, 11], "texture": "#53"},
				"west": {"uv": [7, 0, 9, 11], "texture": "#53"},
				"up": {"uv": [14, 7, 16, 9], "texture": "#53"},
				"down": {"uv": [14, 7, 16, 9], "texture": "#53"}
			}
		},
		{
			"from": [9.59957, -1.48722, -5.20701],
			"to": [10.4, 2.11469, -4.40659],
			"rotation": {"angle": 0, "axis": "y", "origin": [-8.0085, -10.2919, -14.4119]},
			"faces": {
				"north": {"uv": [6, 1, 8, 10], "texture": "#53"},
				"east": {"uv": [7, 1, 9, 10], "texture": "#53"},
				"south": {"uv": [6, 1, 8, 10], "texture": "#53"},
				"west": {"uv": [7, 1, 9, 10], "texture": "#53"},
				"up": {"uv": [6, 7, 8, 9], "texture": "#53"},
				"down": {"uv": [6, 7, 8, 9], "texture": "#53"}
			}
		},
		{
			"from": [10.4, -1.48722, -5.20701],
			"to": [11.20043, 2.11469, -4.40659],
			"rotation": {"angle": 0, "axis": "y", "origin": [-8.0085, -10.2919, -14.4119]},
			"faces": {
				"north": {"uv": [8, 1, 10, 10], "texture": "#53"},
				"east": {"uv": [7, 1, 9, 10], "texture": "#53"},
				"south": {"uv": [8, 1, 10, 10], "texture": "#53"},
				"west": {"uv": [7, 1, 9, 10], "texture": "#53"},
				"up": {"uv": [8, 7, 10, 9], "texture": "#53"},
				"down": {"uv": [8, 7, 10, 9], "texture": "#53"}
			}
		},
		{
			"from": [7.99872, -1.48722, -5.20701],
			"to": [9.59957, -0.28659, -4.40659],
			"rotation": {"angle": 0, "axis": "y", "origin": [-8.0085, -10.2919, -14.4119]},
			"faces": {
				"north": {"uv": [2, 7, 6, 10], "texture": "#53"},
				"south": {"uv": [2, 7, 6, 10], "texture": "#53"},
				"up": {"uv": [2, 7, 6, 9], "texture": "#53"},
				"down": {"uv": [2, 7, 6, 9], "texture": "#53"}
			}
		},
		{
			"from": [7.99872, 0.91405, -5.20701],
			"to": [9.59957, 2.11469, -4.40659],
			"rotation": {"angle": 0, "axis": "y", "origin": [-8.0085, -10.2919, -14.4119]},
			"faces": {
				"north": {"uv": [2, 1, 6, 4], "texture": "#53"},
				"south": {"uv": [2, 1, 6, 4], "texture": "#53"},
				"up": {"uv": [2, 7, 6, 9], "texture": "#53"},
				"down": {"uv": [2, 7, 6, 9], "texture": "#53"}
			}
		},
		{
			"from": [11.20043, -1.48722, -5.20701],
			"to": [12.80127, -0.28659, -4.40659],
			"rotation": {"angle": 0, "axis": "y", "origin": [-8.0085, -10.2919, -14.4119]},
			"faces": {
				"north": {"uv": [10, 7, 14, 10], "texture": "#53"},
				"south": {"uv": [10, 7, 14, 10], "texture": "#53"},
				"up": {"uv": [10, 7, 14, 9], "texture": "#53"},
				"down": {"uv": [10, 7, 14, 9], "texture": "#53"}
			}
		},
		{
			"from": [11.20043, 0.91405, -5.20701],
			"to": [12.80127, 2.11469, -4.40659],
			"rotation": {"angle": 0, "axis": "y", "origin": [-8.0085, -10.2919, -14.4119]},
			"faces": {
				"north": {"uv": [10, 1, 14, 4], "texture": "#53"},
				"south": {"uv": [10, 1, 14, 4], "texture": "#53"},
				"up": {"uv": [10, 7, 14, 9], "texture": "#53"},
				"down": {"uv": [10, 7, 14, 9], "texture": "#53"}
			}
		},
		{
			"from": [12.80127, -1.88744, 20.40659],
			"to": [13.6017, 2.5149, 21.20701],
			"rotation": {"angle": 0, "axis": "y", "origin": [-8.0085, -10.2919, -14.4119]},
			"faces": {
				"north": {"uv": [0, 0, 2, 11], "texture": "#53"},
				"east": {"uv": [7, 0, 9, 11], "texture": "#53"},
				"south": {"uv": [0, 0, 2, 11], "texture": "#53"},
				"west": {"uv": [7, 0, 9, 11], "texture": "#53"},
				"up": {"uv": [14, 7, 16, 9], "texture": "#53"},
				"down": {"uv": [14, 7, 16, 9], "texture": "#53"}
			}
		},
		{
			"from": [7.1983, -1.88744, 20.40659],
			"to": [7.99872, 2.5149, 21.20701],
			"rotation": {"angle": 0, "axis": "y", "origin": [-8.0085, -10.2919, -14.4119]},
			"faces": {
				"north": {"uv": [14, 0, 16, 11], "texture": "#53"},
				"east": {"uv": [7, 0, 9, 11], "texture": "#53"},
				"south": {"uv": [14, 0, 16, 11], "texture": "#53"},
				"west": {"uv": [7, 0, 9, 11], "texture": "#53"},
				"up": {"uv": [0, 7, 2, 9], "texture": "#53"},
				"down": {"uv": [0, 7, 2, 9], "texture": "#53"}
			}
		},
		{
			"from": [10.4, -1.48722, 20.40659],
			"to": [11.20043, 2.11469, 21.20701],
			"rotation": {"angle": 0, "axis": "y", "origin": [-8.0085, -10.2919, -14.4119]},
			"faces": {
				"north": {"uv": [6, 1, 8, 10], "texture": "#53"},
				"east": {"uv": [7, 1, 9, 10], "texture": "#53"},
				"south": {"uv": [6, 1, 8, 10], "texture": "#53"},
				"west": {"uv": [7, 1, 9, 10], "texture": "#53"},
				"up": {"uv": [8, 7, 10, 9], "texture": "#53"},
				"down": {"uv": [8, 7, 10, 9], "texture": "#53"}
			}
		},
		{
			"from": [9.59957, -1.48722, 20.40659],
			"to": [10.4, 2.11469, 21.20701],
			"rotation": {"angle": 0, "axis": "y", "origin": [-8.0085, -10.2919, -14.4119]},
			"faces": {
				"north": {"uv": [8, 1, 10, 10], "texture": "#53"},
				"east": {"uv": [7, 1, 9, 10], "texture": "#53"},
				"south": {"uv": [8, 1, 10, 10], "texture": "#53"},
				"west": {"uv": [7, 1, 9, 10], "texture": "#53"},
				"up": {"uv": [6, 7, 8, 9], "texture": "#53"},
				"down": {"uv": [6, 7, 8, 9], "texture": "#53"}
			}
		},
		{
			"from": [11.20043, -1.48722, 20.40659],
			"to": [12.80127, -0.28659, 21.20701],
			"rotation": {"angle": 0, "axis": "y", "origin": [-8.0085, -10.2919, -14.4119]},
			"faces": {
				"north": {"uv": [2, 7, 6, 10], "texture": "#53"},
				"south": {"uv": [2, 7, 6, 10], "texture": "#53"},
				"up": {"uv": [10, 7, 14, 9], "texture": "#53"},
				"down": {"uv": [10, 7, 14, 9], "texture": "#53"}
			}
		},
		{
			"from": [11.20043, 0.91405, 20.40659],
			"to": [12.80127, 2.11469, 21.20701],
			"rotation": {"angle": 0, "axis": "y", "origin": [-8.0085, -10.2919, -14.4119]},
			"faces": {
				"north": {"uv": [2, 1, 6, 4], "texture": "#53"},
				"south": {"uv": [2, 1, 6, 4], "texture": "#53"},
				"up": {"uv": [10, 7, 14, 9], "texture": "#53"},
				"down": {"uv": [10, 7, 14, 9], "texture": "#53"}
			}
		},
		{
			"from": [7.99872, -1.48722, 20.40659],
			"to": [9.59957, -0.28659, 21.20701],
			"rotation": {"angle": 0, "axis": "y", "origin": [-8.0085, -10.2919, -14.4119]},
			"faces": {
				"north": {"uv": [10, 7, 14, 10], "texture": "#53"},
				"south": {"uv": [10, 7, 14, 10], "texture": "#53"},
				"up": {"uv": [2, 7, 6, 9], "texture": "#53"},
				"down": {"uv": [2, 7, 6, 9], "texture": "#53"}
			}
		},
		{
			"from": [7.99872, 0.91405, 20.40659],
			"to": [9.59957, 2.11469, 21.20701],
			"rotation": {"angle": 0, "axis": "y", "origin": [-8.0085, -10.2919, -14.4119]},
			"faces": {
				"north": {"uv": [10, 1, 14, 4], "texture": "#53"},
				"south": {"uv": [10, 1, 14, 4], "texture": "#53"},
				"up": {"uv": [2, 7, 6, 9], "texture": "#53"},
				"down": {"uv": [2, 7, 6, 9], "texture": "#53"}
			}
		},
		{
			"from": [14.00191, -3.8885, -7.60829],
			"to": [19.60489, -3.48829, -2.00531],
			"rotation": {"angle": 0, "axis": "y", "origin": [-8.0085, -10.2919, -14.4119]},
			"faces": {
				"north": {"uv": [1, 15, 15, 16], "texture": "#38"},
				"east": {"uv": [1, 15, 15, 16], "texture": "#38"},
				"south": {"uv": [1, 15, 15, 16], "texture": "#38"},
				"west": {"uv": [1, 15, 15, 16], "texture": "#38"},
				"up": {"uv": [1, 1, 15, 15], "texture": "#38"}
			}
		},
		{
			"from": [13.6017, -3.8885, -1.6051],
			"to": [20.0051, -0.6868, 4.7983],
			"rotation": {"angle": 0, "axis": "y", "origin": [-8.0085, -10.2919, -14.4119]},
			"faces": {
				"north": {"uv": [0, 8, 16, 16], "texture": "#50"},
				"south": {"uv": [0, 8, 16, 16], "texture": "#50"},
				"up": {"uv": [0, 0, 16, 16], "texture": "#50"}
			}
		},
		{
			"from": [13.6017, -3.8885, 11.2017],
			"to": [20.0051, -0.6868, 17.6051],
			"rotation": {"angle": 0, "axis": "y", "origin": [-8.0085, -10.2919, -14.4119]},
			"faces": {
				"north": {"uv": [0, 8, 16, 16], "texture": "#50"},
				"south": {"uv": [0, 8, 16, 16], "texture": "#50"},
				"up": {"uv": [0, 0, 16, 16], "texture": "#50"}
			}
		},
		{
			"from": [14.00191, -3.8885, 18.00531],
			"to": [19.60489, -3.48829, 23.60829],
			"rotation": {"angle": 0, "axis": "y", "origin": [-8.0085, -10.2919, -14.4119]},
			"faces": {
				"north": {"uv": [1, 15, 15, 16], "texture": "#38"},
				"east": {"uv": [1, 15, 15, 16], "texture": "#38"},
				"south": {"uv": [1, 15, 15, 16], "texture": "#38"},
				"west": {"uv": [1, 15, 15, 16], "texture": "#38"},
				"up": {"uv": [1, 1, 15, 15], "texture": "#38"}
			}
		},
		{
			"from": [20.0051, -3.8885, -8.0085],
			"to": [26.4085, -2.68786, -1.6051],
			"rotation": {"angle": 0, "axis": "y", "origin": [-8.0085, -10.2919, -14.4119]},
			"faces": {
				"north": {"uv": [0, 16, 16, 13], "texture": "#42"},
				"east": {"uv": [0, 16, 16, 13], "texture": "#42"},
				"south": {"uv": [0, 16, 16, 13], "texture": "#42"},
				"west": {"uv": [0, 16, 16, 13], "texture": "#42"},
				"up": {"uv": [0, 0, 16, 16], "texture": "#42"}
			}
		},
		{
			"from": [20.0051, -3.8885, -1.6051],
			"to": [26.4085, -0.6868, 4.7983],
			"rotation": {"angle": 0, "axis": "y", "origin": [-8.0085, -10.2919, -14.4119]},
			"faces": {
				"north": {"uv": [0, 8, 16, 16], "texture": "#50"},
				"east": {"uv": [0, 8, 16, 16], "texture": "#50"},
				"south": {"uv": [0, 8, 16, 16], "texture": "#50"},
				"up": {"uv": [0, 0, 16, 16], "texture": "#50"},
				"down": {"uv": [0, 0, 16, 16], "texture": "#50"}
			}
		},
		{
			"from": [20.0051, -3.8885, 4.7983],
			"to": [26.4085, -0.6868, 11.2017],
			"rotation": {"angle": 0, "axis": "y", "origin": [-8.0085, -10.2919, -14.4119]},
			"faces": {
				"north": {"uv": [0, 8, 16, 16], "texture": "#38"},
				"east": {"uv": [0, 8, 16, 16], "texture": "#38"},
				"south": {"uv": [0, 8, 16, 16], "texture": "#38"},
				"west": {"uv": [0, 8, 16, 16], "texture": "#38"},
				"up": {"uv": [0, 0, 16, 16], "texture": "#38"},
				"down": {"uv": [0, 0, 16, 16], "texture": "#38"}
			}
		},
		{
			"from": [23.2068, -0.6868, 4.7983],
			"to": [26.4085, 2.5149, 11.2017],
			"rotation": {"angle": 0, "axis": "y", "origin": [-8.0085, -10.2919, -14.4119]},
			"faces": {
				"north": {"uv": [0, 0, 8, 8], "texture": "#38"},
				"east": {"uv": [0, 0, 16, 8], "texture": "#38"},
				"south": {"uv": [8, 0, 16, 8], "texture": "#38"},
				"west": {"uv": [0, 0, 16, 8], "texture": "#38"},
				"up": {"uv": [8, 0, 16, 16], "texture": "#38"}
			}
		},
		{
			"from": [20.0051, -3.8885, 11.2017],
			"to": [26.4085, -0.6868, 17.6051],
			"rotation": {"angle": 0, "axis": "y", "origin": [-8.0085, -10.2919, -14.4119]},
			"faces": {
				"north": {"uv": [0, 8, 16, 16], "texture": "#50"},
				"east": {"uv": [0, 8, 16, 16], "texture": "#50"},
				"south": {"uv": [0, 8, 16, 16], "texture": "#50"},
				"up": {"uv": [0, 0, 16, 16], "texture": "#50"},
				"down": {"uv": [0, 0, 16, 16], "texture": "#50"}
			}
		},
		{
			"from": [20.0051, -3.8885, 17.6051],
			"to": [26.4085, -2.68786, 24.0085],
			"rotation": {"angle": 0, "axis": "y", "origin": [-8.0085, -10.2919, -14.4119]},
			"faces": {
				"north": {"uv": [0, 16, 16, 13], "texture": "#42"},
				"east": {"uv": [0, 16, 16, 13], "texture": "#42"},
				"south": {"uv": [0, 16, 16, 13], "texture": "#42"},
				"west": {"uv": [0, 16, 16, 13], "texture": "#42"},
				"up": {"uv": [0, 0, 16, 16], "texture": "#42"}
			}
		},
		{
			"from": [-5.6085, 2.5149, -1.6051],
			"to": [-4.40786, 8.9183, 4.7983],
			"rotation": {"angle": 0, "axis": "y", "origin": [-8.0085, -10.2919, -14.4119]},
			"faces": {
				"north": {"uv": [16, 0, 13, 16], "texture": "#42"},
				"east": {"uv": [0, 0, 16, 16], "texture": "#42"},
				"south": {"uv": [13, 0, 16, 16], "texture": "#42"},
				"west": {"uv": [0, 0, 16, 16], "texture": "#42"},
				"up": {"uv": [0, 16, 16, 13], "rotation": 90, "texture": "#42"},
				"down": {"uv": [0, 13, 16, 16], "rotation": 270, "texture": "#42"}
			}
		},
		{
			"from": [-2.80701, 4.51596, 10.40128],
			"to": [-2.00659, 8.9183, 11.2017],
			"rotation": {"angle": 0, "axis": "y", "origin": [-8.0085, -10.2919, -14.4119]},
			"faces": {
				"north": {"uv": [7, 0, 9, 11], "texture": "#53"},
				"east": {"uv": [0, 0, 2, 11], "texture": "#53"},
				"south": {"uv": [7, 0, 9, 11], "texture": "#53"},
				"west": {"uv": [0, 0, 2, 11], "texture": "#53"},
				"up": {"uv": [7, 14, 9, 16], "texture": "#53"},
				"down": {"uv": [7, 0, 9, 2], "texture": "#53"}
			}
		},
		{
			"from": [-2.80701, 4.51596, 4.7983],
			"to": [-2.00659, 8.9183, 5.59873],
			"rotation": {"angle": 0, "axis": "y", "origin": [-8.0085, -10.2919, -14.4119]},
			"faces": {
				"north": {"uv": [7, 0, 9, 11], "texture": "#53"},
				"east": {"uv": [14, 0, 16, 11], "texture": "#53"},
				"south": {"uv": [7, 0, 9, 11], "texture": "#53"},
				"west": {"uv": [14, 0, 16, 11], "texture": "#53"},
				"up": {"uv": [7, 0, 9, 2], "texture": "#53"},
				"down": {"uv": [7, 14, 9, 16], "texture": "#53"}
			}
		},
		{
			"from": [-0.40574, 4.91618, 10.40128],
			"to": [0.39469, 8.51809, 11.2017],
			"rotation": {"angle": 0, "axis": "y", "origin": [-8.0085, -10.2919, -14.4119]},
			"faces": {
				"north": {"uv": [13, 1, 15, 10], "texture": "#53"},
				"east": {"uv": [0, 1, 2, 10], "texture": "#53"},
				"south": {"uv": [13, 1, 15, 10], "texture": "#53"},
				"west": {"uv": [0, 1, 2, 10], "texture": "#53"},
				"up": {"uv": [13, 14, 15, 16], "texture": "#53"},
				"down": {"uv": [1, 0, 3, 2], "texture": "#53"}
			}
		},
		{
			"from": [-0.40574, 4.91618, 4.7983],
			"to": [0.39469, 8.51809, 5.59873],
			"rotation": {"angle": 0, "axis": "y", "origin": [-8.0085, -10.2919, -14.4119]},
			"faces": {
				"north": {"uv": [13, 1, 15, 10], "texture": "#53"},
				"east": {"uv": [14, 1, 16, 10], "texture": "#53"},
				"south": {"uv": [13, 1, 15, 10], "texture": "#53"},
				"west": {"uv": [14, 1, 16, 10], "texture": "#53"},
				"up": {"uv": [13, 0, 15, 2], "texture": "#53"},
				"down": {"uv": [1, 14, 3, 16], "texture": "#53"}
			}
		},
		{
			"from": [-2.00659, 4.91618, 10.40128],
			"to": [-0.40574, 6.11681, 11.2017],
			"rotation": {"angle": 0, "axis": "y", "origin": [-8.0085, -10.2919, -14.4119]},
			"faces": {
				"north": {"uv": [13, 7, 15, 10], "texture": "#53"},
				"south": {"uv": [13, 7, 15, 10], "texture": "#53"},
				"up": {"uv": [9, 14, 13, 16], "texture": "#53"},
				"down": {"uv": [3, 0, 7, 2], "texture": "#53"}
			}
		},
		{
			"from": [-2.00659, 7.31745, 10.40128],
			"to": [-0.40574, 8.51809, 11.2017],
			"rotation": {"angle": 0, "axis": "y", "origin": [-8.0085, -10.2919, -14.4119]},
			"faces": {
				"north": {"uv": [13, 1, 15, 4], "texture": "#53"},
				"south": {"uv": [13, 1, 15, 4], "texture": "#53"},
				"up": {"uv": [9, 14, 13, 16], "texture": "#53"},
				"down": {"uv": [3, 0, 7, 2], "texture": "#53"}
			}
		},
		{
			"from": [-2.00659, 4.91618, 4.7983],
			"to": [-0.40574, 6.11681, 5.59873],
			"rotation": {"angle": 0, "axis": "y", "origin": [-8.0085, -10.2919, -14.4119]},
			"faces": {
				"north": {"uv": [13, 7, 15, 10], "texture": "#53"},
				"south": {"uv": [13, 7, 15, 10], "texture": "#53"},
				"up": {"uv": [9, 0, 13, 2], "texture": "#53"},
				"down": {"uv": [3, 14, 7, 16], "texture": "#53"}
			}
		},
		{
			"from": [-2.00659, 7.31745, 4.7983],
			"to": [-0.40574, 8.51809, 5.59873],
			"rotation": {"angle": 0, "axis": "y", "origin": [-8.0085, -10.2919, -14.4119]},
			"faces": {
				"north": {"uv": [13, 1, 15, 4], "texture": "#53"},
				"south": {"uv": [13, 1, 15, 4], "texture": "#53"},
				"up": {"uv": [9, 0, 13, 2], "texture": "#53"},
				"down": {"uv": [3, 14, 7, 16], "texture": "#53"}
			}
		},
		{
			"from": [0.7949, 5.7166, -8.0085],
			"to": [7.1983, 8.9183, -1.6051],
			"rotation": {"angle": 0, "axis": "y", "origin": [-8.0085, -10.2919, -14.4119]},
			"faces": {
				"north": {"uv": [0, 0, 16, 8], "texture": "#34"},
				"west": {"uv": [0, 0, 16, 8], "texture": "#34"},
				"down": {"uv": [0, 0, 16, 16], "texture": "#34"}
			}
		},
		{
			"from": [0.7949, 5.7166, 17.6051],
			"to": [7.1983, 8.9183, 24.0085],
			"rotation": {"angle": 0, "axis": "y", "origin": [-8.0085, -10.2919, -14.4119]},
			"faces": {
				"south": {"uv": [0, 0, 16, 8], "texture": "#34"},
				"west": {"uv": [0, 0, 16, 8], "texture": "#34"},
				"down": {"uv": [0, 0, 16, 16], "texture": "#34"}
			}
		},
		{
			"from": [7.1983, 5.7166, -8.0085],
			"to": [13.6017, 8.9183, -1.6051],
			"rotation": {"angle": 0, "axis": "y", "origin": [-8.0085, -10.2919, -14.4119]},
			"faces": {
				"north": {"uv": [0, 0, 16, 8], "texture": "#34"},
				"down": {"uv": [0, 0, 16, 16], "texture": "#34"}
			}
		},
		{
			"from": [7.1983, 5.7166, 17.6051],
			"to": [13.6017, 8.9183, 24.0085],
			"rotation": {"angle": 0, "axis": "y", "origin": [-8.0085, -10.2919, -14.4119]},
			"faces": {
				"south": {"uv": [0, 0, 16, 8], "texture": "#34"},
				"down": {"uv": [0, 0, 16, 16], "texture": "#34"}
			}
		},
		{
			"from": [13.6017, 5.7166, -8.0085],
			"to": [20.0051, 8.9183, -1.6051],
			"rotation": {"angle": 0, "axis": "y", "origin": [-8.0085, -10.2919, -14.4119]},
			"faces": {
				"north": {"uv": [0, 0, 16, 8], "texture": "#34"},
				"down": {"uv": [0, 0, 16, 16], "texture": "#34"}
			}
		},
		{
			"from": [13.6017, 5.7166, 17.6051],
			"to": [20.0051, 8.9183, 24.0085],
			"rotation": {"angle": 0, "axis": "y", "origin": [-8.0085, -10.2919, -14.4119]},
			"faces": {
				"south": {"uv": [0, 0, 16, 8], "texture": "#34"},
				"down": {"uv": [0, 0, 16, 16], "texture": "#34"}
			}
		},
		{
			"from": [20.0051, 5.7166, -8.0085],
			"to": [26.4085, 8.9183, -1.6051],
			"rotation": {"angle": 0, "axis": "y", "origin": [-8.0085, -10.2919, -14.4119]},
			"faces": {
				"north": {"uv": [0, 0, 16, 8], "texture": "#34"},
				"east": {"uv": [0, 0, 16, 8], "texture": "#34"},
				"south": {"uv": [0, 0, 16, 8], "texture": "#34"},
				"down": {"uv": [0, 0, 16, 16], "texture": "#34"}
			}
		},
		{
			"from": [20.0051, 2.5149, 11.2017],
			"to": [26.4085, 5.7166, 17.6051],
			"rotation": {"angle": 0, "axis": "y", "origin": [-8.0085, -10.2919, -14.4119]},
			"faces": {
				"north": {"uv": [0, 8, 16, 16], "texture": "#50"},
				"east": {"uv": [0, 8, 16, 16], "texture": "#50"},
				"south": {"uv": [0, 8, 16, 16], "texture": "#50"},
				"up": {"uv": [0, 0, 16, 16], "texture": "#50"},
				"down": {"uv": [0, 0, 16, 16], "texture": "#50"}
			}
		},
		{
			"from": [20.0051, 5.7166, 17.6051],
			"to": [26.4085, 8.9183, 24.0085],
			"rotation": {"angle": 0, "axis": "y", "origin": [-8.0085, -10.2919, -14.4119]},
			"faces": {
				"north": {"uv": [0, 0, 16, 8], "texture": "#34"},
				"east": {"uv": [0, 0, 16, 8], "texture": "#34"},
				"south": {"uv": [0, 0, 16, 8], "texture": "#34"},
				"down": {"uv": [0, 0, 16, 16], "texture": "#34"}
			}
		},
		{
			"from": [-5.6085, 8.9183, -1.6051],
			"to": [0.7949, 10.11894, 4.7983],
			"rotation": {"angle": 0, "axis": "y", "origin": [-8.0085, -10.2919, -14.4119]},
			"faces": {
				"north": {"uv": [0, 16, 16, 13], "texture": "#42"},
				"south": {"uv": [0, 16, 16, 13], "texture": "#42"},
				"west": {"uv": [0, 16, 16, 13], "texture": "#42"},
				"up": {"uv": [0, 0, 16, 16], "texture": "#42"},
				"down": {"uv": [0, 0, 16, 16], "texture": "#42"}
			}
		},
		{
			"from": [-2.80701, 10.91936, 10.40128],
			"to": [-2.00659, 15.3217, 11.2017],
			"rotation": {"angle": 0, "axis": "y", "origin": [-8.0085, -10.2919, -14.4119]},
			"faces": {
				"north": {"uv": [7, 0, 9, 11], "texture": "#53"},
				"east": {"uv": [0, 0, 2, 11], "texture": "#53"},
				"south": {"uv": [7, 0, 9, 11], "texture": "#53"},
				"west": {"uv": [0, 0, 2, 11], "texture": "#53"},
				"up": {"uv": [7, 14, 9, 16], "texture": "#53"},
				"down": {"uv": [7, 0, 9, 2], "texture": "#53"}
			}
		},
		{
			"from": [-2.80701, 10.91936, 4.7983],
			"to": [-2.00659, 15.3217, 5.59873],
			"rotation": {"angle": 0, "axis": "y", "origin": [-8.0085, -10.2919, -14.4119]},
			"faces": {
				"north": {"uv": [7, 0, 9, 11], "texture": "#53"},
				"east": {"uv": [14, 0, 16, 11], "texture": "#53"},
				"south": {"uv": [7, 0, 9, 11], "texture": "#53"},
				"west": {"uv": [14, 0, 16, 11], "texture": "#53"},
				"up": {"uv": [7, 0, 9, 2], "texture": "#53"},
				"down": {"uv": [7, 14, 9, 16], "texture": "#53"}
			}
		},
		{
			"from": [-0.40574, 11.31958, 10.40128],
			"to": [0.39469, 14.92149, 11.2017],
			"rotation": {"angle": 0, "axis": "y", "origin": [-8.0085, -10.2919, -14.4119]},
			"faces": {
				"north": {"uv": [13, 1, 15, 10], "texture": "#53"},
				"east": {"uv": [0, 1, 2, 10], "texture": "#53"},
				"south": {"uv": [13, 1, 15, 10], "texture": "#53"},
				"west": {"uv": [0, 1, 2, 10], "texture": "#53"},
				"up": {"uv": [13, 14, 15, 16], "texture": "#53"},
				"down": {"uv": [1, 0, 3, 2], "texture": "#53"}
			}
		},
		{
			"from": [-0.40574, 11.31958, 4.7983],
			"to": [0.39469, 14.92149, 5.59873],
			"rotation": {"angle": 0, "axis": "y", "origin": [-8.0085, -10.2919, -14.4119]},
			"faces": {
				"north": {"uv": [13, 1, 15, 10], "texture": "#53"},
				"east": {"uv": [14, 1, 16, 10], "texture": "#53"},
				"south": {"uv": [13, 1, 15, 10], "texture": "#53"},
				"west": {"uv": [14, 1, 16, 10], "texture": "#53"},
				"up": {"uv": [13, 0, 15, 2], "texture": "#53"},
				"down": {"uv": [1, 14, 3, 16], "texture": "#53"}
			}
		},
		{
			"from": [-2.00659, 11.31958, 10.40128],
			"to": [-0.40574, 12.52021, 11.2017],
			"rotation": {"angle": 0, "axis": "y", "origin": [-8.0085, -10.2919, -14.4119]},
			"faces": {
				"north": {"uv": [13, 7, 15, 10], "texture": "#53"},
				"south": {"uv": [13, 7, 15, 10], "texture": "#53"},
				"up": {"uv": [9, 14, 13, 16], "texture": "#53"},
				"down": {"uv": [3, 0, 7, 2], "texture": "#53"}
			}
		},
		{
			"from": [-2.00659, 13.72085, 10.40128],
			"to": [-0.40574, 14.92149, 11.2017],
			"rotation": {"angle": 0, "axis": "y", "origin": [-8.0085, -10.2919, -14.4119]},
			"faces": {
				"north": {"uv": [13, 1, 15, 4], "texture": "#53"},
				"south": {"uv": [13, 1, 15, 4], "texture": "#53"},
				"up": {"uv": [9, 14, 13, 16], "texture": "#53"},
				"down": {"uv": [3, 0, 7, 2], "texture": "#53"}
			}
		},
		{
			"from": [-2.00659, 11.31958, 4.7983],
			"to": [-0.40574, 12.52021, 5.59873],
			"rotation": {"angle": 0, "axis": "y", "origin": [-8.0085, -10.2919, -14.4119]},
			"faces": {
				"north": {"uv": [13, 7, 15, 10], "texture": "#53"},
				"south": {"uv": [13, 7, 15, 10], "texture": "#53"},
				"up": {"uv": [9, 0, 13, 2], "texture": "#53"},
				"down": {"uv": [3, 14, 7, 16], "texture": "#53"}
			}
		},
		{
			"from": [-2.00659, 13.72085, 4.7983],
			"to": [-0.40574, 14.92149, 5.59873],
			"rotation": {"angle": 0, "axis": "y", "origin": [-8.0085, -10.2919, -14.4119]},
			"faces": {
				"north": {"uv": [13, 1, 15, 4], "texture": "#53"},
				"south": {"uv": [13, 1, 15, 4], "texture": "#53"},
				"up": {"uv": [9, 0, 13, 2], "texture": "#53"},
				"down": {"uv": [3, 14, 7, 16], "texture": "#53"}
			}
		},
		{
			"from": [9.19936, 11.31958, -8.80892],
			"to": [11.60064, 12.92043, -8.0085],
			"rotation": {"angle": 0, "axis": "y", "origin": [-8.0085, -10.2919, -14.4119]},
			"faces": {
				"north": {"uv": [5, 6, 11, 10], "texture": "#57"},
				"east": {"uv": [0, 6, 2, 10], "texture": "#57"},
				"west": {"uv": [14, 6, 16, 10], "texture": "#57"},
				"up": {"uv": [5, 14, 11, 16], "texture": "#57"},
				"down": {"uv": [5, 0, 11, 2], "texture": "#57"}
			}
		},
		{
			"from": [7.1983, 8.9183, 11.2017],
			"to": [13.6017, 12.12, 17.6051],
			"rotation": {"angle": 0, "axis": "y", "origin": [-8.0085, -10.2919, -14.4119]},
			"faces": {
				"north": {"uv": [0, 8, 16, 16], "texture": "#58"},
				"east": {"uv": [0, 8, 16, 16], "texture": "#58"},
				"up": {"uv": [0, 0, 16, 16], "texture": "#58"}
			}
		},
		{
			"from": [7.1983, 12.12, 11.2017],
			"to": [10.4, 15.3217, 17.6051],
			"rotation": {"angle": 0, "axis": "y", "origin": [-8.0085, -10.2919, -14.4119]},
			"faces": {
				"north": {"uv": [8, 0, 16, 8], "texture": "#58"},
				"east": {"uv": [0, 0, 16, 8], "texture": "#58"},
				"up": {"uv": [0, 0, 8, 16], "texture": "#58"}
			}
		},
		{
			"from": [9.19936, 11.31958, 24.0085],
			"to": [11.60064, 12.92043, 24.80893],
			"rotation": {"angle": 0, "axis": "y", "origin": [-8.0085, -10.2919, -14.4119]},
			"faces": {
				"east": {"uv": [14, 6, 16, 10], "texture": "#57"},
				"south": {"uv": [5, 6, 11, 10], "texture": "#57"},
				"west": {"uv": [0, 6, 2, 10], "texture": "#57"},
				"up": {"uv": [5, 0, 11, 2], "texture": "#57"},
				"down": {"uv": [5, 14, 11, 16], "texture": "#57"}
			}
		},
		{
			"from": [18.81247, 10.51915, 6.79936],
			"to": [20.0131, 13.72085, 9.20064],
			"rotation": {"angle": 0, "axis": "y", "origin": [-8.0085, -10.2919, -14.4119]},
			"faces": {
				"north": {"uv": [4, 0, 12, 3], "rotation": 90, "texture": "#59"},
				"south": {"uv": [4, 0, 12, 3], "rotation": 270, "texture": "#59"},
				"west": {"uv": [5, 4, 11, 12], "rotation": 180, "texture": "#59"},
				"up": {"uv": [5, 0, 11, 3], "rotation": 270, "texture": "#59"},
				"down": {"uv": [5, 0, 11, 3], "rotation": 270, "texture": "#59"}
			}
		},
		{
			"from": [15.60276, 11.71979, 7.59979],
			"to": [19.60489, 12.52021, 8.40021],
			"rotation": {"angle": -45, "axis": "z", "origin": [17.20489, 12.12, 8]},
			"faces": {
				"north": {"uv": [7, 6, 9, 16], "rotation": 90, "texture": "#48"},
				"south": {"uv": [7, 6, 9, 16], "rotation": 270, "texture": "#48"},
				"west": {"uv": [7, 6, 9, 8], "rotation": 180, "texture": "#48"},
				"up": {"uv": [7, 6, 9, 16], "rotation": 270, "texture": "#48"},
				"down": {"uv": [7, 6, 9, 16], "rotation": 270, "texture": "#48"}
			}
		},
		{
			"from": [20.0051, 12.12, -1.6051],
			"to": [26.4085, 15.3217, 4.7983],
			"rotation": {"angle": 0, "axis": "y", "origin": [-8.0085, -10.2919, -14.4119]},
			"faces": {
				"east": {"uv": [0, 0, 16, 8], "texture": "#36"},
				"down": {"uv": [0, 0, 16, 16], "texture": "#52"}
			}
		},
		{
			"from": [20.0051, 8.9183, 1.5966],
			"to": [26.4085, 12.12, 4.7983],
			"rotation": {"angle": 0, "axis": "y", "origin": [-8.0085, -10.2919, -14.4119]},
			"faces": {
				"north": {"uv": [0, 8, 16, 16], "texture": "#36"},
				"east": {"uv": [0, 8, 8, 16], "texture": "#36"},
				"down": {"uv": [0, 0, 16, 8], "texture": "#52"}
			}
		},
		{
			"from": [20.0051, 12.12, 11.2017],
			"to": [26.4085, 15.3217, 17.6051],
			"rotation": {"angle": 0, "axis": "y", "origin": [-8.0085, -10.2919, -14.4119]},
			"faces": {
				"east": {"uv": [0, 0, 16, 8], "texture": "#36"},
				"west": {"uv": [0, 0, 16, 8], "texture": "#36"},
				"down": {"uv": [0, 0, 16, 16], "texture": "#52"}
			}
		},
		{
			"from": [20.0051, 8.9183, 11.2017],
			"to": [26.4085, 12.12, 14.4034],
			"rotation": {"angle": 0, "axis": "y", "origin": [-8.0085, -10.2919, -14.4119]},
			"faces": {
				"east": {"uv": [8, 8, 16, 16], "texture": "#36"},
				"south": {"uv": [0, 8, 16, 16], "texture": "#36"},
				"west": {"uv": [0, 8, 8, 16], "texture": "#36"},
				"down": {"uv": [0, 8, 16, 16], "texture": "#52"}
			}
		},
		{
			"from": [2.79596, 17.72297, -8.80892],
			"to": [5.19724, 19.32383, -8.0085],
			"rotation": {"angle": 0, "axis": "y", "origin": [-8.0085, -10.2919, -14.4119]},
			"faces": {
				"north": {"uv": [5, 6, 11, 10], "texture": "#38"},
				"east": {"uv": [0, 6, 2, 10], "texture": "#38"},
				"south": {"uv": [5, 6, 11, 10], "texture": "#38"},
				"west": {"uv": [14, 6, 16, 10], "texture": "#38"},
				"up": {"uv": [5, 14, 11, 16], "texture": "#38"},
				"down": {"uv": [5, 0, 11, 2], "texture": "#38"}
			}
		},
		{
			"from": [0.7949, 15.3217, 3.59766],
			"to": [7.1983, 21.7251, 4.7983],
			"rotation": {"angle": 0, "axis": "y", "origin": [-8.0085, -10.2919, -14.4119]},
			"faces": {
				"north": {"uv": [0, 0, 16, 16], "texture": "#42"},
				"east": {"uv": [13, 0, 16, 16], "texture": "#42"},
				"south": {"uv": [0, 0, 16, 16], "texture": "#42"},
				"west": {"uv": [16, 0, 13, 16], "texture": "#42"}
			}
		},
		{
			"from": [0.7949, 15.3217, 11.2017],
			"to": [7.1983, 21.7251, 12.40234],
			"rotation": {"angle": 0, "axis": "y", "origin": [-8.0085, -10.2919, -14.4119]},
			"faces": {
				"north": {"uv": [0, 0, 16, 16], "texture": "#42"},
				"east": {"uv": [16, 0, 13, 16], "texture": "#42"},
				"south": {"uv": [0, 0, 16, 16], "texture": "#42"},
				"west": {"uv": [13, 0, 16, 16], "texture": "#42"}
			}
		},
		{
			"from": [2.79596, 17.72297, 24.0085],
			"to": [5.19724, 19.32383, 24.80893],
			"rotation": {"angle": 0, "axis": "y", "origin": [-8.0085, -10.2919, -14.4119]},
			"faces": {
				"north": {"uv": [5, 6, 11, 10], "texture": "#38"},
				"east": {"uv": [14, 6, 16, 10], "texture": "#38"},
				"south": {"uv": [5, 6, 11, 10], "texture": "#38"},
				"west": {"uv": [0, 6, 2, 10], "texture": "#38"},
				"up": {"uv": [5, 0, 11, 2], "texture": "#38"},
				"down": {"uv": [5, 14, 11, 16], "texture": "#38"}
			}
		},
		{
			"from": [7.1983, 15.3217, -8.0085],
			"to": [13.6017, 16.52234, -1.6051],
			"rotation": {"angle": 0, "axis": "y", "origin": [-8.0085, -10.2919, -14.4119]},
			"faces": {
				"north": {"uv": [0, 16, 16, 13], "texture": "#42"},
				"east": {"uv": [0, 16, 16, 13], "texture": "#42"},
				"south": {"uv": [0, 16, 16, 13], "texture": "#42"},
				"west": {"uv": [0, 16, 16, 13], "texture": "#42"},
				"up": {"uv": [0, 0, 16, 16], "texture": "#42"}
			}
		},
		{
			"from": [7.1983, 15.3217, 17.6051],
			"to": [13.6017, 16.52234, 24.0085],
			"rotation": {"angle": 0, "axis": "y", "origin": [-8.0085, -10.2919, -14.4119]},
			"faces": {
				"north": {"uv": [0, 16, 16, 13], "texture": "#42"},
				"east": {"uv": [0, 16, 16, 13], "texture": "#42"},
				"south": {"uv": [0, 16, 16, 13], "texture": "#42"},
				"west": {"uv": [0, 16, 16, 13], "texture": "#42"},
				"up": {"uv": [0, 0, 16, 16], "texture": "#42"}
			}
		},
		{
			"from": [16.40319, 15.3221, -5.20701],
			"to": [17.20361, 15.3221, -4.40659],
			"rotation": {"angle": 0, "axis": "y", "origin": [-8.0085, -10.2919, -14.4119]},
			"faces": {
				"up": {"uv": [7, 7, 9, 9], "texture": "#33"},
				"down": {"uv": [7, 7, 9, 9], "texture": "#33"}
			}
		},
		{
			"from": [16.40319, 21.7247, -5.20701],
			"to": [17.20361, 21.7247, -4.40659],
			"rotation": {"angle": 0, "axis": "y", "origin": [-8.0085, -10.2919, -14.4119]},
			"faces": {
				"up": {"uv": [7, 7, 9, 9], "texture": "#33"},
				"down": {"uv": [7, 7, 9, 9], "texture": "#33"}
			}
		},
		{
			"from": [16.8034, 15.3217, -5.20701],
			"to": [16.8034, 21.7251, -4.40659],
			"rotation": {"angle": 0, "axis": "y", "origin": [-8.0085, -10.2919, -14.4119]},
			"faces": {
				"east": {"uv": [9, 0, 7, 16], "texture": "#33"},
				"west": {"uv": [7, 0, 9, 16], "texture": "#33"}
			}
		},
		{
			"from": [16.40319, 15.3217, -4.8068],
			"to": [17.20361, 21.7251, -4.8068],
			"rotation": {"angle": 0, "axis": "y", "origin": [-8.0085, -10.2919, -14.4119]},
			"faces": {
				"north": {"uv": [7, 0, 9, 16], "texture": "#33"},
				"south": {"uv": [9, 0, 7, 16], "texture": "#33"}
			}
		},
		{
			"from": [13.6017, 15.3217, -1.6051],
			"to": [20.0051, 18.5234, 4.7983],
			"rotation": {"angle": 0, "axis": "y", "origin": [-8.0085, -10.2919, -14.4119]},
			"faces": {
				"north": {"uv": [0, 8, 16, 16], "texture": "#45"},
				"south": {"uv": [0, 8, 16, 16], "texture": "#45"},
				"west": {"uv": [0, 8, 16, 16], "texture": "#45"},
				"up": {"uv": [0, 0, 16, 16], "texture": "#45"}
			}
		},
		{
			"from": [16.40319, 15.3221, 20.40659],
			"to": [17.20361, 15.3221, 21.20701],
			"rotation": {"angle": 0, "axis": "y", "origin": [-8.0085, -10.2919, -14.4119]},
			"faces": {
				"up": {"uv": [7, 7, 9, 9], "texture": "#33"},
				"down": {"uv": [7, 7, 9, 9], "texture": "#33"}
			}
		},
		{
			"from": [16.40319, 21.7247, 20.40659],
			"to": [17.20361, 21.7247, 21.20701],
			"rotation": {"angle": 0, "axis": "y", "origin": [-8.0085, -10.2919, -14.4119]},
			"faces": {
				"up": {"uv": [7, 7, 9, 9], "texture": "#33"},
				"down": {"uv": [7, 7, 9, 9], "texture": "#33"}
			}
		},
		{
			"from": [16.8034, 15.3217, 20.40659],
			"to": [16.8034, 21.7251, 21.20701],
			"rotation": {"angle": 0, "axis": "y", "origin": [-8.0085, -10.2919, -14.4119]},
			"faces": {
				"east": {"uv": [9, 0, 7, 16], "texture": "#33"},
				"west": {"uv": [7, 0, 9, 16], "texture": "#33"}
			}
		},
		{
			"from": [16.40319, 15.3217, 20.8068],
			"to": [17.20361, 21.7251, 20.8068],
			"rotation": {"angle": 0, "axis": "y", "origin": [-8.0085, -10.2919, -14.4119]},
			"faces": {
				"north": {"uv": [7, 0, 9, 16], "texture": "#33"},
				"south": {"uv": [9, 0, 7, 16], "texture": "#33"}
			}
		},
		{
			"from": [22.00616, 17.72297, -8.80892],
			"to": [24.40744, 19.32383, -8.0085],
			"rotation": {"angle": 0, "axis": "y", "origin": [-8.0085, -10.2919, -14.4119]},
			"faces": {
				"north": {"uv": [5, 6, 11, 10], "texture": "#38"},
				"east": {"uv": [0, 6, 2, 10], "texture": "#38"},
				"south": {"uv": [5, 6, 11, 10], "texture": "#38"},
				"west": {"uv": [14, 6, 16, 10], "texture": "#38"},
				"up": {"uv": [5, 14, 11, 16], "texture": "#38"},
				"down": {"uv": [5, 0, 11, 2], "texture": "#38"}
			}
		},
		{
			"from": [22.00616, 17.72297, 24.0085],
			"to": [24.40744, 19.32383, 24.80893],
			"rotation": {"angle": 0, "axis": "y", "origin": [-8.0085, -10.2919, -14.4119]},
			"faces": {
				"north": {"uv": [5, 6, 11, 10], "texture": "#38"},
				"east": {"uv": [14, 6, 16, 10], "texture": "#38"},
				"south": {"uv": [5, 6, 11, 10], "texture": "#38"},
				"west": {"uv": [0, 6, 2, 10], "texture": "#38"},
				"up": {"uv": [5, 0, 11, 2], "texture": "#38"},
				"down": {"uv": [5, 14, 11, 16], "texture": "#38"}
			}
		},
		{
			"from": [-5.6085, 24.9268, -8.0085],
			"to": [0.7949, 28.1285, -1.6051],
			"rotation": {"angle": 0, "axis": "y", "origin": [-8.0085, -10.2919, -14.4119]},
			"faces": {
				"north": {"uv": [0, 0, 16, 8], "texture": "#38"},
				"south": {"uv": [0, 0, 16, 8], "texture": "#38"},
				"west": {"uv": [0, 0, 16, 8], "texture": "#38"},
				"up": {"uv": [0, 0, 16, 16], "texture": "#38"},
				"down": {"uv": [0, 0, 16, 16], "texture": "#38"}
			}
		},
		{
			"from": [-5.6085, 24.9268, 17.6051],
			"to": [0.7949, 28.1285, 24.0085],
			"rotation": {"angle": 0, "axis": "y", "origin": [-8.0085, -10.2919, -14.4119]},
			"faces": {
				"north": {"uv": [0, 0, 16, 8], "texture": "#38"},
				"south": {"uv": [0, 0, 16, 8], "texture": "#38"},
				"west": {"uv": [0, 0, 16, 8], "texture": "#38"},
				"up": {"uv": [0, 0, 16, 16], "texture": "#38"},
				"down": {"uv": [0, 0, 16, 16], "texture": "#38"}
			}
		},
		{
			"from": [22.80659, 21.7251, 1.19639],
			"to": [23.60701, 28.1285, 1.99681],
			"rotation": {"angle": 0, "axis": "y", "origin": [-8.0085, -10.2919, -14.4119]},
			"faces": {
				"up": {"uv": [7, 7, 9, 9], "texture": "#60"},
				"down": {"uv": [7, 7, 9, 9], "texture": "#60"}
			}
		},
		{
			"from": [22.80659, 21.7251, -1.6051],
			"to": [23.60701, 28.1285, 1.19639],
			"rotation": {"angle": 0, "axis": "y", "origin": [-8.0085, -10.2919, -14.4119]},
			"faces": {
				"east": {"uv": [9, 0, 16, 16], "texture": "#61"},
				"west": {"uv": [16, 0, 9, 16], "texture": "#61"},
				"up": {"uv": [7, 0, 9, 7], "texture": "#60"},
				"down": {"uv": [7, 0, 9, 7], "texture": "#60"}
			}
		},
		{
			"from": [22.80659, 21.7251, 1.99681],
			"to": [23.60701, 28.1285, 4.7983],
			"rotation": {"angle": 0, "axis": "y", "origin": [-8.0085, -10.2919, -14.4119]},
			"faces": {
				"east": {"uv": [0, 0, 7, 16], "texture": "#61"},
				"west": {"uv": [7, 0, 0, 16], "texture": "#61"},
				"up": {"uv": [7, 0, 9, 7], "texture": "#60"},
				"down": {"uv": [7, 0, 9, 7], "texture": "#60"}
			}
		},
		{
			"from": [22.80659, 21.7251, 1.19639],
			"to": [23.60701, 28.1285, 1.99681],
			"rotation": {"angle": 0, "axis": "y", "origin": [-8.0085, -10.2919, -14.4119]},
			"faces": {
				"east": {"uv": [7, 0, 9, 16], "texture": "#61"}
			}
		},
		{
			"from": [22.80659, 21.7251, 1.19639],
			"to": [23.60701, 28.1285, 1.99681],
			"rotation": {"angle": 0, "axis": "y", "origin": [-8.0085, -10.2919, -14.4119]},
			"faces": {
				"west": {"uv": [9, 0, 7, 16], "texture": "#61"}
			}
		},
		{
			"from": [22.80659, 21.7251, 14.00319],
			"to": [23.60701, 28.1285, 14.80361],
			"rotation": {"angle": 0, "axis": "y", "origin": [-8.0085, -10.2919, -14.4119]},
			"faces": {
				"up": {"uv": [7, 7, 9, 9], "texture": "#60"},
				"down": {"uv": [7, 7, 9, 9], "texture": "#60"}
			}
		},
		{
			"from": [22.80659, 21.7251, 11.2017],
			"to": [23.60701, 28.1285, 14.00319],
			"rotation": {"angle": 0, "axis": "y", "origin": [-8.0085, -10.2919, -14.4119]},
			"faces": {
				"east": {"uv": [9, 0, 16, 16], "texture": "#61"},
				"west": {"uv": [16, 0, 9, 16], "texture": "#61"},
				"up": {"uv": [7, 0, 9, 7], "texture": "#60"},
				"down": {"uv": [7, 0, 9, 7], "texture": "#60"}
			}
		},
		{
			"from": [22.80659, 21.7251, 14.80361],
			"to": [23.60701, 28.1285, 17.6051],
			"rotation": {"angle": 0, "axis": "y", "origin": [-8.0085, -10.2919, -14.4119]},
			"faces": {
				"east": {"uv": [0, 0, 7, 16], "texture": "#61"},
				"west": {"uv": [7, 0, 0, 16], "texture": "#61"},
				"up": {"uv": [7, 0, 9, 7], "texture": "#60"},
				"down": {"uv": [7, 0, 9, 7], "texture": "#60"}
			}
		},
		{
			"from": [22.80659, 21.7251, 14.00319],
			"to": [23.60701, 28.1285, 14.80361],
			"rotation": {"angle": 0, "axis": "y", "origin": [-8.0085, -10.2919, -14.4119]},
			"faces": {
				"east": {"uv": [7, 0, 9, 16], "texture": "#61"}
			}
		},
		{
			"from": [22.80659, 21.7251, 14.00319],
			"to": [23.60701, 28.1285, 14.80361],
			"rotation": {"angle": 0, "axis": "y", "origin": [-8.0085, -10.2919, -14.4119]},
			"faces": {
				"west": {"uv": [9, 0, 7, 16], "texture": "#61"}
			}
		},
		{
			"from": [-5.6085, 28.1285, -1.6051],
			"to": [0.7949, 31.3302, 4.7983],
			"rotation": {"angle": 0, "axis": "y", "origin": [-8.0085, -10.2919, -14.4119]},
			"faces": {
				"north": {"uv": [0, 8, 16, 16], "texture": "#38"},
				"west": {"uv": [0, 8, 16, 16], "texture": "#38"},
				"up": {"uv": [0, 0, 16, 16], "texture": "#38"},
				"down": {"uv": [0, 0, 16, 16], "texture": "#38"}
			}
		},
		{
			"from": [-5.6085, 28.1285, 4.7983],
			"to": [0.7949, 31.3302, 11.2017],
			"rotation": {"angle": 0, "axis": "y", "origin": [-8.0085, -10.2919, -14.4119]},
			"faces": {
				"west": {"uv": [0, 8, 16, 16], "texture": "#38"},
				"up": {"uv": [0, 0, 16, 16], "texture": "#38"},
				"down": {"uv": [0, 0, 16, 16], "texture": "#38"}
			}
		},
		{
			"from": [-5.6085, 28.1285, 11.2017],
			"to": [0.7949, 31.3302, 17.6051],
			"rotation": {"angle": 0, "axis": "y", "origin": [-8.0085, -10.2919, -14.4119]},
			"faces": {
				"south": {"uv": [0, 8, 16, 16], "texture": "#38"},
				"west": {"uv": [0, 8, 16, 16], "texture": "#38"},
				"up": {"uv": [0, 0, 16, 16], "texture": "#38"},
				"down": {"uv": [0, 0, 16, 16], "texture": "#38"}
			}
		},
		{
			"from": [-5.20829, 28.1285, 18.00531],
			"to": [0.39469, 28.52871, 23.60829],
			"rotation": {"angle": 0, "axis": "y", "origin": [-8.0085, -10.2919, -14.4119]},
			"faces": {
				"north": {"uv": [1, 15, 15, 16], "texture": "#38"},
				"east": {"uv": [1, 15, 15, 16], "texture": "#38"},
				"south": {"uv": [1, 15, 15, 16], "texture": "#38"},
				"west": {"uv": [1, 15, 15, 16], "texture": "#38"},
				"up": {"uv": [1, 1, 15, 15], "texture": "#38"}
			}
		},
		{
			"from": [1.19511, 28.1285, -7.60829],
			"to": [6.79809, 28.52871, -2.00531],
			"rotation": {"angle": 0, "axis": "y", "origin": [-8.0085, -10.2919, -14.4119]},
			"faces": {
				"north": {"uv": [1, 15, 15, 16], "texture": "#38"},
				"east": {"uv": [1, 15, 15, 16], "texture": "#38"},
				"south": {"uv": [1, 15, 15, 16], "texture": "#38"},
				"west": {"uv": [1, 15, 15, 16], "texture": "#38"},
				"up": {"uv": [1, 1, 15, 15], "texture": "#38"}
			}
		},
		{
			"from": [0.7949, 28.1285, -1.6051],
			"to": [7.1983, 31.3302, 4.7983],
			"rotation": {"angle": 0, "axis": "y", "origin": [-8.0085, -10.2919, -14.4119]},
			"faces": {
				"north": {"uv": [0, 8, 16, 16], "texture": "#38"},
				"up": {"uv": [0, 0, 16, 16], "texture": "#38"}
			}
		},
		{
			"from": [0.7949, 28.1285, 4.7983],
			"to": [7.1983, 31.3302, 11.2017],
			"rotation": {"angle": 0, "axis": "y", "origin": [-8.0085, -10.2919, -14.4119]},
			"faces": {
				"up": {"uv": [0, 0, 16, 16], "texture": "#38"}
			}
		},
		{
			"from": [0.7949, 28.1285, 11.2017],
			"to": [7.1983, 31.3302, 17.6051],
			"rotation": {"angle": 0, "axis": "y", "origin": [-8.0085, -10.2919, -14.4119]},
			"faces": {
				"south": {"uv": [0, 8, 16, 16], "texture": "#38"},
				"up": {"uv": [0, 0, 16, 16], "texture": "#38"}
			}
		},
		{
			"from": [1.19511, 28.1285, 18.00531],
			"to": [6.79809, 28.52871, 23.60829],
			"rotation": {"angle": 0, "axis": "y", "origin": [-8.0085, -10.2919, -14.4119]},
			"faces": {
				"north": {"uv": [1, 15, 15, 16], "texture": "#38"},
				"east": {"uv": [1, 15, 15, 16], "texture": "#38"},
				"south": {"uv": [1, 15, 15, 16], "texture": "#38"},
				"west": {"uv": [1, 15, 15, 16], "texture": "#38"},
				"up": {"uv": [1, 1, 15, 15], "texture": "#38"}
			}
		},
		{
			"from": [7.59851, 28.1285, -7.60829],
			"to": [13.20149, 28.52871, -2.00531],
			"rotation": {"angle": 0, "axis": "y", "origin": [-8.0085, -10.2919, -14.4119]},
			"faces": {
				"north": {"uv": [1, 15, 15, 16], "texture": "#38"},
				"east": {"uv": [1, 15, 15, 16], "texture": "#38"},
				"south": {"uv": [1, 15, 15, 16], "texture": "#38"},
				"west": {"uv": [1, 15, 15, 16], "texture": "#38"},
				"up": {"uv": [1, 1, 15, 15], "texture": "#38"}
			}
		},
		{
			"from": [7.1983, 28.1285, -1.6051],
			"to": [13.6017, 31.3302, 4.7983],
			"rotation": {"angle": 0, "axis": "y", "origin": [-8.0085, -10.2919, -14.4119]},
			"faces": {
				"north": {"uv": [0, 8, 16, 16], "texture": "#38"},
				"up": {"uv": [0, 0, 16, 16], "texture": "#38"},
				"down": {"uv": [0, 0, 16, 16], "texture": "#38"}
			}
		},
		{
			"from": [7.1983, 28.1285, 4.7983],
			"to": [13.6017, 31.3302, 11.2017],
			"rotation": {"angle": 0, "axis": "y", "origin": [-8.0085, -10.2919, -14.4119]},
			"faces": {
				"up": {"uv": [0, 0, 16, 16], "texture": "#38"},
				"down": {"uv": [0, 0, 16, 16], "texture": "#38"}
			}
		},
		{
			"from": [7.1983, 28.1285, 11.2017],
			"to": [13.6017, 31.3302, 17.6051],
			"rotation": {"angle": 0, "axis": "y", "origin": [-8.0085, -10.2919, -14.4119]},
			"faces": {
				"south": {"uv": [0, 8, 16, 16], "texture": "#38"},
				"up": {"uv": [0, 0, 16, 16], "texture": "#38"},
				"down": {"uv": [0, 0, 16, 16], "texture": "#38"}
			}
		},
		{
			"from": [7.59851, 28.1285, 18.00531],
			"to": [13.20149, 28.52871, 23.60829],
			"rotation": {"angle": 0, "axis": "y", "origin": [-8.0085, -10.2919, -14.4119]},
			"faces": {
				"north": {"uv": [1, 15, 15, 16], "texture": "#38"},
				"east": {"uv": [1, 15, 15, 16], "texture": "#38"},
				"south": {"uv": [1, 15, 15, 16], "texture": "#38"},
				"west": {"uv": [1, 15, 15, 16], "texture": "#38"},
				"up": {"uv": [1, 1, 15, 15], "texture": "#38"}
			}
		},
		{
			"from": [14.00191, 28.1285, -7.60829],
			"to": [19.60489, 28.52871, -2.00531],
			"rotation": {"angle": 0, "axis": "y", "origin": [-8.0085, -10.2919, -14.4119]},
			"faces": {
				"north": {"uv": [1, 15, 15, 16], "texture": "#38"},
				"east": {"uv": [1, 15, 15, 16], "texture": "#38"},
				"south": {"uv": [1, 15, 15, 16], "texture": "#38"},
				"west": {"uv": [1, 15, 15, 16], "texture": "#38"},
				"up": {"uv": [1, 1, 15, 15], "texture": "#38"}
			}
		},
		{
			"from": [13.6017, 28.1285, -1.6051],
			"to": [20.0051, 31.3302, 4.7983],
			"rotation": {"angle": 0, "axis": "y", "origin": [-8.0085, -10.2919, -14.4119]},
			"faces": {
				"north": {"uv": [0, 8, 16, 16], "texture": "#38"},
				"up": {"uv": [0, 0, 16, 16], "texture": "#38"},
				"down": {"uv": [0, 0, 16, 16], "texture": "#38"}
			}
		},
		{
			"from": [13.6017, 28.1285, 4.7983],
			"to": [20.0051, 31.3302, 11.2017],
			"rotation": {"angle": 0, "axis": "y", "origin": [-8.0085, -10.2919, -14.4119]},
			"faces": {
				"up": {"uv": [0, 0, 16, 16], "texture": "#38"},
				"down": {"uv": [0, 0, 16, 16], "texture": "#38"}
			}
		},
		{
			"from": [13.6017, 28.1285, 11.2017],
			"to": [20.0051, 31.3302, 17.6051],
			"rotation": {"angle": 0, "axis": "y", "origin": [-8.0085, -10.2919, -14.4119]},
			"faces": {
				"south": {"uv": [0, 8, 16, 16], "texture": "#38"},
				"up": {"uv": [0, 0, 16, 16], "texture": "#38"},
				"down": {"uv": [0, 0, 16, 16], "texture": "#38"}
			}
		},
		{
			"from": [14.00191, 28.1285, 18.00531],
			"to": [19.60489, 28.52871, 23.60829],
			"rotation": {"angle": 0, "axis": "y", "origin": [-8.0085, -10.2919, -14.4119]},
			"faces": {
				"north": {"uv": [1, 15, 15, 16], "texture": "#38"},
				"east": {"uv": [1, 15, 15, 16], "texture": "#38"},
				"south": {"uv": [1, 15, 15, 16], "texture": "#38"},
				"west": {"uv": [1, 15, 15, 16], "texture": "#38"},
				"up": {"uv": [1, 1, 15, 15], "texture": "#38"}
			}
		},
		{
			"from": [20.40531, 28.1285, -7.60829],
			"to": [26.00829, 28.52871, -2.00531],
			"rotation": {"angle": 0, "axis": "y", "origin": [-8.0085, -10.2919, -14.4119]},
			"faces": {
				"north": {"uv": [1, 15, 15, 16], "texture": "#38"},
				"east": {"uv": [1, 15, 15, 16], "texture": "#38"},
				"south": {"uv": [1, 15, 15, 16], "texture": "#38"},
				"west": {"uv": [1, 15, 15, 16], "texture": "#38"},
				"up": {"uv": [1, 1, 15, 15], "texture": "#38"}
			}
		},
		{
			"from": [20.0051, 28.1285, -1.6051],
			"to": [26.4085, 31.3302, 4.7983],
			"rotation": {"angle": 0, "axis": "y", "origin": [-8.0085, -10.2919, -14.4119]},
			"faces": {
				"north": {"uv": [0, 8, 16, 16], "texture": "#38"},
				"east": {"uv": [0, 8, 16, 16], "texture": "#38"},
				"up": {"uv": [0, 0, 16, 16], "texture": "#38"},
				"down": {"uv": [0, 0, 16, 16], "texture": "#38"}
			}
		},
		{
			"from": [20.0051, 28.1285, 4.7983],
			"to": [26.4085, 31.3302, 11.2017],
			"rotation": {"angle": 0, "axis": "y", "origin": [-8.0085, -10.2919, -14.4119]},
			"faces": {
				"east": {"uv": [0, 8, 16, 16], "texture": "#38"},
				"up": {"uv": [0, 0, 16, 16], "texture": "#38"}
			}
		},
		{
			"from": [20.0051, 28.1285, 11.2017],
			"to": [26.4085, 31.3302, 17.6051],
			"rotation": {"angle": 0, "axis": "y", "origin": [-8.0085, -10.2919, -14.4119]},
			"faces": {
				"east": {"uv": [0, 8, 16, 16], "texture": "#38"},
				"south": {"uv": [0, 8, 16, 16], "texture": "#38"},
				"up": {"uv": [0, 0, 16, 16], "texture": "#38"},
				"down": {"uv": [0, 0, 16, 16], "texture": "#38"}
			}
		},
		{
			"from": [20.40531, 28.1285, 18.00531],
			"to": [26.00829, 28.52871, 23.60829],
			"rotation": {"angle": 0, "axis": "y", "origin": [-8.0085, -10.2919, -14.4119]},
			"faces": {
				"north": {"uv": [1, 15, 15, 16], "texture": "#38"},
				"east": {"uv": [1, 15, 15, 16], "texture": "#38"},
				"south": {"uv": [1, 15, 15, 16], "texture": "#38"},
				"west": {"uv": [1, 15, 15, 16], "texture": "#38"},
				"up": {"uv": [1, 1, 15, 15], "texture": "#38"}
			}
		},
		{
			"from": [20.0051, 15.3217, 4.7983],
			"to": [26.4085, 21.7251, 11.2017],
			"rotation": {"angle": 0, "axis": "y", "origin": [-8.0085, -10.2919, -14.4119]},
			"faces": {
				"east": {"uv": [0, 0, 16, 16], "texture": "#63"},
				"west": {"uv": [0, 0, 16, 16], "texture": "#62"}
			}
		},
		{
			"from": [0.7949, 15.3217, 17.6051],
			"to": [7.1983, 21.7251, 24.0085],
			"shade": false,
			"rotation": {"angle": 0, "axis": "y", "origin": [-20.8153, 15.3217, 4.7983]},
			"faces": {
				"north": {"uv": [0, 0, 16, 16], "texture": "#38"},
				"east": {"uv": [0, 0, 16, 16], "texture": "#38"},
				"south": {"uv": [0, 0, 16, 16], "texture": "#38"},
				"west": {"uv": [0, 0, 16, 16], "texture": "#38"},
				"up": {"uv": [0, 0, 16, 16], "texture": "#38"},
				"down": {"uv": [0, 0, 16, 16], "texture": "#38"}
			}
		},
		{
			"from": [0.7949, 15.3217, -8.0085],
			"to": [7.1983, 21.7251, -1.6051],
			"shade": false,
			"rotation": {"angle": 0, "axis": "y", "origin": [-20.8153, 15.3217, -20.8153]},
			"faces": {
				"north": {"uv": [0, 0, 16, 16], "texture": "#38"},
				"east": {"uv": [0, 0, 16, 16], "texture": "#38"},
				"south": {"uv": [0, 0, 16, 16], "texture": "#38"},
				"west": {"uv": [0, 0, 16, 16], "texture": "#38"},
				"up": {"uv": [0, 0, 16, 16], "texture": "#38"},
				"down": {"uv": [0, 0, 16, 16], "texture": "#38"}
			}
		}
	],
	"display": {
		"thirdperson_righthand": {
			"rotation": [75, 45, 0],
			"translation": [0, 2.5, 0],
			"scale": [0.375, 0.375, 0.375]
		},
		"thirdperson_lefthand": {
			"rotation": [75, 45, 0],
			"translation": [0, 2.5, 0],
			"scale": [0.375, 0.375, 0.375]
		},
		"firstperson_righthand": {
			"rotation": [0, 45, 0],
			"scale": [0.4, 0.4, 0.4]
		},
		"firstperson_lefthand": {
			"rotation": [0, 225, 0],
			"scale": [0.4, 0.4, 0.4]
		},
		"ground": {
			"translation": [0, 3, 0],
			"scale": [0.25, 0.25, 0.25]
		},
		"gui": {
			"rotation": [0, 180, 0],
			"scale": [0.632, 0.632, 0.632]
		},
		"head": {
			"translation": [0, 80, 0],
			"scale": [4, 4, 4]
		},
		"fixed": {
			"scale": [0.5, 0.5, 0.5]
		}
	},
	"groups": [
		{
			"name": "structure",
			"origin": [8, 8, 8],
			"color": 0,
			"children": []
		},
		{
			"name": "structure",
			"origin": [8, 8, 8],
			"color": 0,
			"children": []
		},
		{
			"name": "structure",
			"origin": [8, 8, 8],
			"color": 0,
			"children": []
		},
		{
			"name": "structure",
			"origin": [8, 8, 8],
			"color": 0,
			"children": []
		},
		{
			"name": "structure",
			"origin": [8, 8, 8],
			"color": 0,
			"children": []
		},
		{
			"name": "structure",
			"origin": [8, 8, 8],
			"color": 0,
			"children": []
		},
		{
			"name": "structure",
			"origin": [8, 8, 8],
			"color": 0,
			"children": []
		},
		{
			"name": "structure",
			"origin": [8, 8, 8],
			"color": 0,
			"children": [
				0,
				1,
				2,
				3,
				4,
				5,
				6,
				7,
				8,
				9,
				10,
				11,
				12,
				13,
				14,
				15,
				16,
				17,
				18,
				19,
				20,
				21,
				22,
				23,
				24,
				25,
				26,
				27,
				28,
				29,
				30,
				31,
				32,
				33,
				34,
				35,
				36,
				37,
				38,
				39,
				40,
				41,
				42,
				43,
				44,
				45,
				46,
				47,
				48,
				49,
				50,
				51,
				52,
				53,
				54,
				55,
				56,
				57,
				58,
				59,
				60,
				61,
				62,
				63,
				64,
				65,
				66,
				67,
				68,
				69,
				70,
				71,
				72,
				73,
				74,
				75,
				76,
				77,
				78,
				79,
				80,
				81,
				82,
				83,
				84,
				85,
				86,
				87,
				88,
				89,
				90,
				91,
				92,
				93,
				94,
				95,
				96,
				97,
				98,
				99,
				100,
				101,
				102,
				103,
				104,
				105,
				106,
				107,
				108,
				109,
				110,
				111,
				112,
				113,
				114,
				115,
				116,
				117,
				118,
				119,
				120,
				121,
				122,
				123,
				124,
				125,
				126,
				127,
				128,
				129,
				130,
				131,
				132,
				133,
				134,
				135,
				136,
				137,
				138,
				139,
				140,
				141,
				142,
				143,
				144,
				145,
				146,
				147,
				148,
				149,
				150,
				151,
				152,
				153,
				154,
				155,
				156,
				157,
				158,
				159,
				160,
				161,
				162,
				163,
				164,
				165,
				166,
				167,
				168,
				169,
				170,
				171,
				172,
				173,
				174,
				175,
				176,
				177,
				178,
				179,
				180,
				181,
				182,
				183,
				184,
				185,
				186,
				187
			]
		}
	]
}