{
	"credit": "Made with Blockbench",
	"texture_size": [64, 64],
	"textures": {
		"2": "item/custom/models/wooden_board",
		"4": "item/custom/models/swordfish"
	},
	"elements": [
		{
			"from": [2, 3, 4.5],
			"to": [12, 9, 7.5],
			"rotation": {"angle": 0, "axis": "y", "origin": [9, 3, 5.5]},
			"faces": {
				"north": {"uv": [0, 2, 2.5, 3.5], "texture": "#4"},
				"east": {"uv": [2.5, 6, 3.25, 7.5], "texture": "#4"},
				"south": {"uv": [2.5, 2, 5, 3.5], "texture": "#4"},
				"west": {"uv": [3.25, 6, 4, 7.5], "texture": "#4"},
				"up": {"uv": [6.5, 0.75, 4, 0], "texture": "#4"},
				"down": {"uv": [6.5, 0.75, 4, 1.5], "texture": "#4"}
			}
		},
		{
			"from": [12, 4, 4.5],
			"to": [18, 9, 7.5],
			"rotation": {"angle": 0, "axis": "y", "origin": [9, 3, 5.5]},
			"faces": {
				"north": {"uv": [5, 1.5, 6.5, 2.75], "texture": "#4"},
				"east": {"uv": [6.5, 0, 7.25, 1.25], "texture": "#4"},
				"south": {"uv": [5, 2.75, 6.5, 4], "texture": "#4"},
				"west": {"uv": [6.5, 1.25, 7.25, 2.5], "texture": "#4"},
				"up": {"uv": [5.5, 6.75, 4, 6], "texture": "#4"},
				"down": {"uv": [7, 6, 5.5, 6.75], "texture": "#4"}
			}
		},
		{
			"from": [2, 9, 6],
			"to": [18, 13, 6],
			"rotation": {"angle": 0, "axis": "y", "origin": [9, 3, 5]},
			"faces": {
				"north": {"uv": [0, 0, 4, 1], "texture": "#4"},
				"east": {"uv": [0, 0, 0, 1], "texture": "#4"},
				"south": {"uv": [0, 1, 4, 2], "texture": "#4"},
				"west": {"uv": [0, 0, 0, 1], "texture": "#4"},
				"up": {"uv": [4, 0, 0, 0], "texture": "#4"},
				"down": {"uv": [4, 0, 0, 0], "texture": "#4"}
			}
		},
		{
			"from": [11, 1, 6],
			"to": [15, 4, 6],
			"rotation": {"angle": 0, "axis": "y", "origin": [9, 3, 5]},
			"faces": {
				"north": {"uv": [5.5, 6.75, 6.5, 7.5], "texture": "#4"},
				"east": {"uv": [0, 0, 0, 0.75], "texture": "#4"},
				"south": {"uv": [6.5, 6.75, 7.5, 7.5], "texture": "#4"},
				"west": {"uv": [0, 0, 0, 0.75], "texture": "#4"},
				"up": {"uv": [1, 0, 0, 0], "texture": "#4"},
				"down": {"uv": [1, 0, 0, 0], "texture": "#4"}
			}
		},
		{
			"from": [5, 4, 4.5],
			"to": [10, 6, 4.5],
			"rotation": {"angle": 22.5, "axis": "y", "origin": [5, 5, 4.5]},
			"faces": {
				"north": {"uv": [0, 7.25, 1.25, 7.75], "texture": "#4"},
				"east": {"uv": [0, 0, 0, 0.5], "texture": "#4"},
				"south": {"uv": [7.25, 0, 8.5, 0.5], "texture": "#4"},
				"west": {"uv": [0, 0, 0, 0.5], "texture": "#4"},
				"up": {"uv": [1.25, 0, 0, 0], "texture": "#4"},
				"down": {"uv": [1.25, 0, 0, 0], "texture": "#4"}
			}
		},
		{
			"from": [5, 4, 7.5],
			"to": [10, 6, 7.5],
			"rotation": {"angle": -22.5, "axis": "y", "origin": [5, 5, 7.5]},
			"faces": {
				"north": {"uv": [7.25, 0.5, 8.5, 1], "texture": "#4"},
				"east": {"uv": [0, 0, 0, 0.5], "texture": "#4"},
				"south": {"uv": [7.25, 1, 8.5, 1.5], "texture": "#4"},
				"west": {"uv": [0, 0, 0, 0.5], "texture": "#4"},
				"up": {"uv": [1.25, 0, 0, 0], "texture": "#4"},
				"down": {"uv": [1.25, 0, 0, 0], "texture": "#4"}
			}
		},
		{
			"from": [-3, 5, 5],
			"to": [3, 10, 7],
			"rotation": {"angle": -22.5, "axis": "z", "origin": [-1, 5.5, 6]},
			"faces": {
				"north": {"uv": [2.5, 4.75, 4, 6], "texture": "#4"},
				"east": {"uv": [7, 4, 7.5, 5.25], "texture": "#4"},
				"south": {"uv": [4, 4.75, 5.5, 6], "texture": "#4"},
				"west": {"uv": [7, 5.25, 7.5, 6.5], "texture": "#4"},
				"up": {"uv": [8, 3, 6.5, 2.5], "texture": "#4"},
				"down": {"uv": [8, 3, 6.5, 3.5], "texture": "#4"}
			}
		},
		{
			"from": [18, 5.75, 5],
			"to": [24, 9.75, 7],
			"rotation": {"angle": 22.5, "axis": "z", "origin": [20, 3, 5]},
			"faces": {
				"north": {"uv": [5.5, 4, 7, 5], "texture": "#4"},
				"east": {"uv": [1.25, 7.25, 1.75, 8.25], "texture": "#4"},
				"south": {"uv": [5.5, 5, 7, 6], "texture": "#4"},
				"west": {"uv": [7.25, 1.5, 7.75, 2.5], "texture": "#4"},
				"up": {"uv": [8, 4, 6.5, 3.5], "texture": "#4"},
				"down": {"uv": [5.5, 6.75, 4, 7.25], "texture": "#4"}
			}
		},
		{
			"from": [20, 4.75, 6],
			"to": [22, 5.75, 6],
			"rotation": {"angle": 22.5, "axis": "z", "origin": [20, 3, 5]},
			"faces": {
				"north": {"uv": [4, 1.5, 4.5, 1.75], "texture": "#4"},
				"east": {"uv": [0, 0, 0, 0.25], "texture": "#4"},
				"south": {"uv": [4, 1.75, 4.5, 2], "texture": "#4"},
				"west": {"uv": [0, 0, 0, 0.25], "texture": "#4"},
				"up": {"uv": [0.5, 0, 0, 0], "texture": "#4"},
				"down": {"uv": [0.5, 0, 0, 0], "texture": "#4"}
			}
		},
		{
			"from": [23, 2.75, 6],
			"to": [28, 12.75, 6],
			"rotation": {"angle": 22.5, "axis": "z", "origin": [20, 3, 5]},
			"faces": {
				"north": {"uv": [0, 4.75, 1.25, 7.25], "texture": "#4"},
				"east": {"uv": [0, 0, 0, 2.5], "texture": "#4"},
				"south": {"uv": [1.25, 4.75, 2.5, 7.25], "texture": "#4"},
				"west": {"uv": [0, 0, 0, 2.5], "texture": "#4"},
				"up": {"uv": [1.25, 0, 0, 0], "texture": "#4"},
				"down": {"uv": [1.25, 0, 0, 0], "texture": "#4"}
			}
		},
		{
			"from": [-14, -3.38098, 6],
			"to": [-4, 1.61902, 6],
			"rotation": {"angle": -22.5, "axis": "z", "origin": [19.13401, -3.38098, 4]},
			"faces": {
				"north": {"uv": [0, 3.5, 2.5, 4.75], "texture": "#4"},
				"east": {"uv": [0, 0, 0, 1.25], "texture": "#4"},
				"south": {"uv": [2.5, 3.5, 5, 4.75], "texture": "#4"},
				"west": {"uv": [0, 0, 0, 1.25], "texture": "#4"},
				"up": {"uv": [2.5, 0, 0, 0], "texture": "#4"},
				"down": {"uv": [2.5, 0, 0, 0], "texture": "#4"}
			}
		},
		{
			"from": [-11, 0, 8],
			"to": [32, 4, 9],
			"rotation": {"angle": 0, "axis": "y", "origin": [0, 4, -4]},
			"faces": {
				"north": {"uv": [0, 0, 10.75, 1], "texture": "#2"},
				"east": {"uv": [8, 10, 8.25, 11], "texture": "#2"},
				"south": {"uv": [0, 1, 10.75, 2], "texture": "#2"},
				"west": {"uv": [8.25, 10, 8.5, 11], "texture": "#2"},
				"up": {"uv": [10.75, 8.25, 0, 8], "texture": "#2"},
				"down": {"uv": [10.75, 8.25, 0, 8.5], "texture": "#2"}
			}
		},
		{
			"from": [-12, 8, 8],
			"to": [31, 12, 9],
			"rotation": {"angle": 0, "axis": "y", "origin": [0, 4, -4]},
			"faces": {
				"north": {"uv": [0, 2, 10.75, 3], "texture": "#2"},
				"east": {"uv": [8.5, 10, 8.75, 11], "texture": "#2"},
				"south": {"uv": [0, 3, 10.75, 4], "texture": "#2"},
				"west": {"uv": [8.75, 10, 9, 11], "texture": "#2"},
				"up": {"uv": [10.75, 8.75, 0, 8.5], "texture": "#2"},
				"down": {"uv": [10.75, 8.75, 0, 9], "texture": "#2"}
			}
		},
		{
			"from": [-16, 4, 8],
			"to": [27, 8, 9],
			"rotation": {"angle": 0, "axis": "y", "origin": [0, 4, -4]},
			"faces": {
				"north": {"uv": [0, 4, 10.75, 5], "texture": "#2"},
				"east": {"uv": [9, 10, 9.25, 11], "texture": "#2"},
				"south": {"uv": [0, 5, 10.75, 6], "texture": "#2"},
				"west": {"uv": [9.25, 10, 9.5, 11], "texture": "#2"},
				"up": {"uv": [10.75, 9.25, 0, 9], "texture": "#2"},
				"down": {"uv": [10.75, 9.25, 0, 9.5], "texture": "#2"}
			}
		},
		{
			"from": [-14, 12, 8],
			"to": [29, 16, 9],
			"rotation": {"angle": 0, "axis": "y", "origin": [0, 4, -4]},
			"faces": {
				"north": {"uv": [0, 6, 10.75, 7], "texture": "#2"},
				"east": {"uv": [9.5, 10, 9.75, 11], "texture": "#2"},
				"south": {"uv": [0, 7, 10.75, 8], "texture": "#2"},
				"west": {"uv": [9.75, 10, 10, 11], "texture": "#2"},
				"up": {"uv": [10.75, 9.75, 0, 9.5], "texture": "#2"},
				"down": {"uv": [10.75, 9.75, 0, 10], "texture": "#2"}
			}
		},
		{
			"from": [-1, 4, 4],
			"to": [1, 5, 10],
			"rotation": {"angle": 22.5, "axis": "x", "origin": [0, 4.5, 4]},
			"faces": {
				"north": {"uv": [10, 10, 10.5, 10.25], "texture": "#2"},
				"east": {"uv": [2, 10, 3.5, 10.25], "texture": "#2"},
				"south": {"uv": [2, 10.25, 2.5, 10.5], "texture": "#2"},
				"west": {"uv": [3.5, 10, 5, 10.25], "texture": "#2"},
				"up": {"uv": [0.5, 11.5, 0, 10], "texture": "#2"},
				"down": {"uv": [1, 10, 0.5, 11.5], "texture": "#2"}
			}
		},
		{
			"from": [17, 4, 4],
			"to": [19, 5, 10],
			"rotation": {"angle": 22.5, "axis": "x", "origin": [0, 4.5, 4]},
			"faces": {
				"north": {"uv": [10, 10, 10.5, 10.25], "texture": "#2"},
				"east": {"uv": [2, 10, 3.5, 10.25], "texture": "#2"},
				"south": {"uv": [2, 10.25, 2.5, 10.5], "texture": "#2"},
				"west": {"uv": [3.5, 10, 5, 10.25], "texture": "#2"},
				"up": {"uv": [0.5, 11.5, 0, 10], "texture": "#2"},
				"down": {"uv": [1, 10, 0.5, 11.5], "texture": "#2"}
			}
		}
	],
	"display": {
		"thirdperson_righthand": {
			"rotation": [75, 45, 0],
			"translation": [0, 2.5, 0],
			"scale": [0.375, 0.375, 0.375]
		},
		"thirdperson_lefthand": {
			"rotation": [75, 45, 0],
			"translation": [0, 2.5, 0],
			"scale": [0.375, 0.375, 0.375]
		},
		"firstperson_righthand": {
			"rotation": [0, 135, 0],
			"scale": [0.4, 0.4, 0.4]
		},
		"firstperson_lefthand": {
			"rotation": [0, 135, 0],
			"scale": [0.4, 0.4, 0.4]
		},
		"ground": {
			"translation": [0, 3, 0],
			"scale": [0.25, 0.25, 0.25]
		},
		"gui": {
			"rotation": [30, 225, 0],
			"scale": [0.4, 0.4, 0.4]
		},
		"fixed": {
			"translation": [0, 0.25, -2.5],
			"scale": [1.9, 1.9, 1.9]
		}
	},
	"groups": [
		{
			"name": "fish",
			"origin": [17.13401, -6.38098, 6],
			"color": 0,
			"children": [0, 1, 2, 3, 4, 5, 6, 7, 8, 9, 10]
		},
		11,
		12,
		13,
		14,
		15,
		16
	]
}