{
	"credit": "Made with Blockbench",
	"texture_size": [32, 32],
	"textures": {
		"1": "item/custom/models/tomatoes/tomato_small",
		"2": "item/custom/models/tomatoes/tomato_medium"
	},
	"elements": [
		{
			"from": [8, 0, 2],
			"to": [14, 5, 8],
			"rotation": {"angle": 0, "axis": "y", "origin": [10, 0, 4]},
			"faces": {
				"north": {"uv": [3, 0, 6, 2.5], "texture": "#1"},
				"east": {"uv": [3, 2.5, 6, 5], "texture": "#1"},
				"south": {"uv": [3, 5, 6, 7.5], "texture": "#1"},
				"west": {"uv": [0, 6, 3, 8.5], "texture": "#1"},
				"up": {"uv": [3, 3, 0, 0], "texture": "#1"},
				"down": {"uv": [3, 3, 0, 6], "texture": "#1"}
			}
		},
		{
			"from": [11, 5, 2],
			"to": [11, 7, 8],
			"rotation": {"angle": -45, "axis": "y", "origin": [11, 8.5, 5]},
			"faces": {
				"north": {"uv": [0, 0, 0, 1], "texture": "#1"},
				"east": {"uv": [6, 0, 9, 1], "texture": "#1"},
				"south": {"uv": [0, 0, 0, 1], "texture": "#1"},
				"west": {"uv": [6, 1, 9, 2], "texture": "#1"},
				"up": {"uv": [0, 3, 0, 0], "texture": "#1"},
				"down": {"uv": [0, 0, 0, 3], "texture": "#1"}
			}
		},
		{
			"from": [8, 5, 5],
			"to": [14, 7, 5],
			"rotation": {"angle": -45, "axis": "y", "origin": [11, 8.5, 5]},
			"faces": {
				"north": {"uv": [6, 2, 9, 3], "texture": "#1"},
				"east": {"uv": [0, 0, 0, 1], "texture": "#1"},
				"south": {"uv": [6, 3, 9, 4], "texture": "#1"},
				"west": {"uv": [0, 0, 0, 1], "texture": "#1"},
				"up": {"uv": [3, 0, 0, 0], "texture": "#1"},
				"down": {"uv": [3, 0, 0, 0], "texture": "#1"}
			}
		},
		{
			"from": [3, 0, 9],
			"to": [9, 6, 15],
			"rotation": {"angle": 0, "axis": "y", "origin": [5, 0, 11]},
			"faces": {
				"north": {"uv": [0, 0, 3, 3], "texture": "#2"},
				"east": {"uv": [0, 3, 3, 6], "texture": "#2"},
				"south": {"uv": [3, 0, 6, 3], "texture": "#2"},
				"west": {"uv": [3, 3, 6, 6], "texture": "#2"},
				"up": {"uv": [3, 9, 0, 6], "texture": "#2"},
				"down": {"uv": [9, 0, 6, 3], "texture": "#2"}
			}
		},
		{
			"from": [6, 5, 9],
			"to": [6, 8, 15],
			"rotation": {"angle": -45, "axis": "y", "origin": [6, 8.5, 12]},
			"faces": {
				"north": {"uv": [0, 0, 0, 1.5], "texture": "#2"},
				"east": {"uv": [3, 6, 6, 7.5], "texture": "#2"},
				"south": {"uv": [0, 0, 0, 1.5], "texture": "#2"},
				"west": {"uv": [6, 3, 9, 4.5], "texture": "#2"},
				"up": {"uv": [0, 3, 0, 0], "texture": "#2"},
				"down": {"uv": [0, 0, 0, 3], "texture": "#2"}
			}
		},
		{
			"from": [3, 5, 12],
			"to": [9, 8, 12],
			"rotation": {"angle": -45, "axis": "y", "origin": [6, 8.5, 12]},
			"faces": {
				"north": {"uv": [6, 4.5, 9, 6], "texture": "#2"},
				"east": {"uv": [0, 0, 0, 1.5], "texture": "#2"},
				"south": {"uv": [6, 6, 9, 7.5], "texture": "#2"},
				"west": {"uv": [0, 0, 0, 1.5], "texture": "#2"},
				"up": {"uv": [3, 0, 0, 0], "texture": "#2"},
				"down": {"uv": [3, 0, 0, 0], "texture": "#2"}
			}
		}
	],
	"display": {
		"thirdperson_righthand": {
			"rotation": [75, 45, 0],
			"translation": [0, 2.5, 0],
			"scale": [0.375, 0.375, 0.375]
		},
		"thirdperson_lefthand": {
			"rotation": [75, 45, 0],
			"translation": [0, 2.5, 0],
			"scale": [0.375, 0.375, 0.375]
		},
		"firstperson_righthand": {
			"rotation": [0, 45, 0],
			"translation": [0, 3.5, 0],
			"scale": [0.4, 0.4, 0.4]
		},
		"firstperson_lefthand": {
			"rotation": [0, 225, 0],
			"scale": [0.4, 0.4, 0.4]
		},
		"ground": {
			"translation": [0, 3, 0],
			"scale": [0.25, 0.25, 0.25]
		},
		"gui": {
			"rotation": [30, 135, 0],
			"translation": [0, 1.75, 0],
			"scale": [0.88, 0.88, 0.88]
		},
		"fixed": {
			"rotation": [-90, 0, 0],
			"translation": [0, 0, -16],
			"scale": [2, 2, 2]
		}
	},
	"groups": [
		{
			"name": "group",
			"origin": [8, 8.5, 8],
			"color": 0,
			"children": [0, 1, 2]
		},
		{
			"name": "group",
			"origin": [8, 8.5, 8],
			"color": 0,
			"children": [3, 4, 5]
		}
	]
}