{
	"credit": "Made with Blockbench",
	"textures": {
		"1": "item/custom/models/tomatoes/tomato_small",
		"3": "item/custom/models/tomatoes/tomato_tiny",
		"4": "item/custom/models/tomatoes/tomato_smaller",
		"particle": "item/custom/models/tomatoes/tomato_tiny"
	},
	"elements": [
		{
			"from": [1, 0, 9],
			"to": [6, 4, 14],
			"rotation": {"angle": 0, "axis": "y", "origin": [3.5, 2, 11.5]},
			"faces": {
				"north": {"uv": [0, 10, 5, 14], "texture": "#4"},
				"east": {"uv": [5, 0, 10, 4], "texture": "#4"},
				"south": {"uv": [5, 4, 10, 8], "texture": "#4"},
				"west": {"uv": [5, 8, 10, 12], "texture": "#4"},
				"up": {"uv": [5, 5, 0, 0], "rotation": 90, "texture": "#4"},
				"down": {"uv": [5, 5, 0, 10], "rotation": 270, "texture": "#4"}
			}
		},
		{
			"from": [3.5, 4, 8.5],
			"to": [3.5, 6, 14.5],
			"rotation": {"angle": -45, "axis": "y", "origin": [3.5, 7.5, 11.5]},
			"faces": {
				"north": {"uv": [0, 0, 0, 2], "texture": "#4"},
				"east": {"uv": [10, 4, 16, 6], "texture": "#4"},
				"south": {"uv": [0, 0, 0, 2], "texture": "#4"},
				"west": {"uv": [10, 6, 16, 8], "texture": "#4"},
				"up": {"uv": [0, 6, 0, 0], "texture": "#4"},
				"down": {"uv": [0, 0, 0, 6], "texture": "#4"}
			}
		},
		{
			"from": [0.5, 4, 11.5],
			"to": [6.5, 6, 11.5],
			"rotation": {"angle": -45, "axis": "y", "origin": [3.5, 7.5, 11.5]},
			"faces": {
				"north": {"uv": [10, 0, 16, 2], "texture": "#4"},
				"east": {"uv": [0, 0, 0, 2], "texture": "#4"},
				"south": {"uv": [10, 2, 16, 4], "texture": "#4"},
				"west": {"uv": [0, 0, 0, 2], "texture": "#4"},
				"up": {"uv": [6, 0, 0, 0], "texture": "#4"},
				"down": {"uv": [6, 0, 0, 0], "texture": "#4"}
			}
		},
		{
			"from": [6, 0, 2],
			"to": [12, 5, 8],
			"rotation": {"angle": 0, "axis": "y", "origin": [8, 0, 4]},
			"faces": {
				"north": {"uv": [3, 0, 6, 2.5], "texture": "#1"},
				"east": {"uv": [3, 2.5, 6, 5], "texture": "#1"},
				"south": {"uv": [3, 5, 6, 7.5], "texture": "#1"},
				"west": {"uv": [0, 6, 3, 8.5], "texture": "#1"},
				"up": {"uv": [3, 3, 0, 0], "texture": "#1"},
				"down": {"uv": [3, 3, 0, 6], "texture": "#1"}
			}
		},
		{
			"from": [9, 5, 2],
			"to": [9, 7, 8],
			"rotation": {"angle": -45, "axis": "y", "origin": [9, 8.5, 5]},
			"faces": {
				"north": {"uv": [0, 0, 0, 1], "texture": "#1"},
				"east": {"uv": [6, 0, 9, 1], "texture": "#1"},
				"south": {"uv": [0, 0, 0, 1], "texture": "#1"},
				"west": {"uv": [6, 1, 9, 2], "texture": "#1"},
				"up": {"uv": [0, 3, 0, 0], "texture": "#1"},
				"down": {"uv": [0, 0, 0, 3], "texture": "#1"}
			}
		},
		{
			"from": [6, 5, 5],
			"to": [12, 7, 5],
			"rotation": {"angle": -45, "axis": "y", "origin": [9, 8.5, 5]},
			"faces": {
				"north": {"uv": [6, 2, 9, 3], "texture": "#1"},
				"east": {"uv": [0, 0, 0, 1], "texture": "#1"},
				"south": {"uv": [6, 3, 9, 4], "texture": "#1"},
				"west": {"uv": [0, 0, 0, 1], "texture": "#1"},
				"up": {"uv": [3, 0, 0, 0], "texture": "#1"},
				"down": {"uv": [3, 0, 0, 0], "texture": "#1"}
			}
		},
		{
			"from": [10, 0, 9],
			"to": [14, 3, 13],
			"rotation": {"angle": 0, "axis": "y", "origin": [12, 1.5, 11]},
			"faces": {
				"north": {"uv": [10, 3, 14, 6], "texture": "#3"},
				"east": {"uv": [10, 6, 14, 9], "texture": "#3"},
				"south": {"uv": [10, 9, 14, 12], "texture": "#3"},
				"west": {"uv": [0, 9, 4, 12], "texture": "#3"},
				"up": {"uv": [10, 7, 6, 3], "rotation": 270, "texture": "#3"},
				"down": {"uv": [10, 7, 6, 11], "rotation": 90, "texture": "#3"}
			}
		},
		{
			"from": [12, 3, 8],
			"to": [12, 6, 14],
			"rotation": {"angle": -45, "axis": "y", "origin": [12, 6.5, 11]},
			"faces": {
				"north": {"uv": [0, 0, 0, 3], "texture": "#3"},
				"east": {"uv": [0, 0, 6, 3], "texture": "#3"},
				"south": {"uv": [0, 0, 0, 3], "texture": "#3"},
				"west": {"uv": [0, 3, 6, 6], "texture": "#3"},
				"up": {"uv": [0, 6, 0, 0], "texture": "#3"},
				"down": {"uv": [0, 0, 0, 6], "texture": "#3"}
			}
		},
		{
			"from": [9, 3, 11],
			"to": [15, 6, 11],
			"rotation": {"angle": -45, "axis": "y", "origin": [12, 6.5, 11]},
			"faces": {
				"north": {"uv": [0, 6, 6, 9], "texture": "#3"},
				"east": {"uv": [0, 0, 0, 3], "texture": "#3"},
				"south": {"uv": [6, 0, 12, 3], "texture": "#3"},
				"west": {"uv": [0, 0, 0, 3], "texture": "#3"},
				"up": {"uv": [6, 0, 0, 0], "texture": "#3"},
				"down": {"uv": [6, 0, 0, 0], "texture": "#3"}
			}
		}
	],
	"display": {
		"thirdperson_righthand": {
			"rotation": [75, 45, 0],
			"translation": [0, 2.5, 0],
			"scale": [0.375, 0.375, 0.375]
		},
		"thirdperson_lefthand": {
			"rotation": [75, 45, 0],
			"translation": [0, 2.5, 0],
			"scale": [0.375, 0.375, 0.375]
		},
		"firstperson_righthand": {
			"rotation": [0, 45, 0],
			"scale": [0.4, 0.4, 0.4]
		},
		"firstperson_lefthand": {
			"rotation": [0, 225, 0],
			"scale": [0.4, 0.4, 0.4]
		},
		"ground": {
			"translation": [0, 3, 0],
			"scale": [0.25, 0.25, 0.25]
		},
		"gui": {
			"rotation": [30, 225, 0],
			"translation": [1.25, 3, 0]
		},
		"fixed": {
			"scale": [0.5, 0.5, 0.5]
		}
	},
	"groups": [
		{
			"name": "group",
			"origin": [8, 8.5, 8],
			"color": 0,
			"children": [0, 1, 2]
		},
		{
			"name": "group",
			"origin": [8, 8.5, 8],
			"color": 0,
			"children": [3, 4, 5]
		},
		{
			"name": "group",
			"origin": [8, 8.5, 8],
			"color": 0,
			"children": [6, 7, 8]
		}
	]
}