{
	"credit": "Made with Blockbench",
	"texture_size": [32, 32],
	"textures": {
		"1": "item/custom/models/top_hat"
	},
	"elements": [
		{
			"from": [3, 0, 3],
			"to": [13, 1, 13],
			"rotation": {"angle": 0, "axis": "y", "origin": [0, 0, 16]},
			"faces": {
				"north": {"uv": [8, 10, 13, 10.5], "texture": "#1"},
				"east": {"uv": [8, 10.5, 13, 11], "texture": "#1"},
				"south": {"uv": [8, 11, 13, 11.5], "texture": "#1"},
				"west": {"uv": [8, 11.5, 13, 12], "texture": "#1"},
				"up": {"uv": [5, 5, 0, 0], "texture": "#1"},
				"down": {"uv": [5, 5, 0, 10], "texture": "#1"}
			}
		},
		{
			"from": [4, 1, 4],
			"to": [12, 11, 12],
			"rotation": {"angle": 0, "axis": "y", "origin": [0, 0, 16]},
			"faces": {
				"north": {"uv": [5, 0, 9, 5], "texture": "#1"},
				"east": {"uv": [5, 5, 9, 10], "texture": "#1"},
				"south": {"uv": [9, 0, 13, 5], "texture": "#1"},
				"west": {"uv": [9, 5, 13, 10], "texture": "#1"},
				"up": {"uv": [4, 14, 0, 10], "texture": "#1"},
				"down": {"uv": [8, 10, 4, 14], "texture": "#1"}
			}
		}
	],
	"display": {
		"thirdperson_righthand": {
			"rotation": [75, 45, 0],
			"translation": [0, 2.5, 0],
			"scale": [0.375, 0.375, 0.375]
		},
		"thirdperson_lefthand": {
			"rotation": [75, 45, 0],
			"translation": [0, 2.5, 0],
			"scale": [0.375, 0.375, 0.375]
		},
		"firstperson_righthand": {
			"rotation": [0, 225, 0],
			"translation": [0, 2, 0],
			"scale": [0.4, 0.4, 0.4]
		},
		"firstperson_lefthand": {
			"rotation": [0, 225, 0],
			"translation": [0, 2, 0],
			"scale": [0.4, 0.4, 0.4]
		},
		"ground": {
			"translation": [0, 8.5, 0]
		},
		"gui": {
			"rotation": [30, 225, 0],
			"translation": [0, 2.25, 0],
			"scale": [0.9, 0.9, 0.9]
		},
		"head": {
			"rotation": [4, 0, 0],
			"translation": [0, 19, 1],
			"scale": [1.73, 1.73, 1.73]
		},
		"fixed": {
			"rotation": [-90, 0, 0],
			"scale": [3, 3, 3]
		}
	}
}