{
	"credit": "Made with Blockbench",
	"texture_size": [32, 32],
	"textures": {
		"1": "item/custom/models/traitor_cap"
	},
	"elements": [
		{
			"from": [12, 5, 4],
			"to": [12, 9, 12],
			"rotation": {"angle": 0, "axis": "y", "origin": [0, 5, 16]},
			"faces": {
				"north": {"uv": [0, 0, 0, 2], "texture": "#1"},
				"east": {"uv": [4, 4, 8, 6], "texture": "#1"},
				"south": {"uv": [0, 0, 0, 2], "texture": "#1"},
				"west": {"uv": [4, 6, 8, 8], "texture": "#1"},
				"up": {"uv": [0, 4, 0, 0], "texture": "#1"},
				"down": {"uv": [0, 0, 0, 4], "texture": "#1"}
			}
		},
		{
			"from": [4, 5, 4],
			"to": [12, 9, 4],
			"rotation": {"angle": 0, "axis": "y", "origin": [0, 5, 16]},
			"faces": {
				"north": {"uv": [4, 0, 8, 2], "texture": "#1"},
				"east": {"uv": [0, 0, 0, 2], "texture": "#1"},
				"south": {"uv": [4, 2, 8, 4], "texture": "#1"},
				"west": {"uv": [0, 0, 0, 2], "texture": "#1"},
				"up": {"uv": [4, 0, 0, 0], "texture": "#1"},
				"down": {"uv": [4, 0, 0, 0], "texture": "#1"}
			}
		},
		{
			"from": [4, 9, 4],
			"to": [12, 9, 12],
			"rotation": {"angle": 0, "axis": "y", "origin": [0, 5, 16]},
			"faces": {
				"north": {"uv": [0, 0, 4, 0], "texture": "#1"},
				"east": {"uv": [0, 0, 4, 0], "texture": "#1"},
				"south": {"uv": [0, 0, 4, 0], "texture": "#1"},
				"west": {"uv": [0, 0, 4, 0], "texture": "#1"},
				"up": {"uv": [4, 4, 0, 0], "texture": "#1"},
				"down": {"uv": [4, 4, 0, 8], "texture": "#1"}
			}
		},
		{
			"from": [4, 5, 12],
			"to": [12, 9, 12],
			"rotation": {"angle": 0, "axis": "y", "origin": [0, 5, 16]},
			"faces": {
				"north": {"uv": [0, 8, 4, 10], "texture": "#1"},
				"east": {"uv": [0, 0, 0, 2], "texture": "#1"},
				"south": {"uv": [8, 0, 12, 2], "texture": "#1"},
				"west": {"uv": [0, 0, 0, 2], "texture": "#1"},
				"up": {"uv": [4, 0, 0, 0], "texture": "#1"},
				"down": {"uv": [4, 0, 0, 0], "texture": "#1"}
			}
		},
		{
			"from": [4, 5, 4],
			"to": [4, 9, 12],
			"rotation": {"angle": 0, "axis": "y", "origin": [0, 5, 16]},
			"faces": {
				"north": {"uv": [0, 0, 0, 2], "texture": "#1"},
				"east": {"uv": [8, 2, 12, 4], "texture": "#1"},
				"south": {"uv": [0, 0, 0, 2], "texture": "#1"},
				"west": {"uv": [4, 8, 8, 10], "texture": "#1"},
				"up": {"uv": [0, 4, 0, 0], "texture": "#1"},
				"down": {"uv": [0, 0, 0, 4], "texture": "#1"}
			}
		},
		{
			"from": [5.9, 6, -2],
			"to": [10.1, 6, 4],
			"rotation": {"angle": 0, "axis": "y", "origin": [0, 5.4, 16]},
			"faces": {
				"north": {"uv": [0, 0, 2, 0], "texture": "#1"},
				"east": {"uv": [0, 0, 3, 0], "texture": "#1"},
				"south": {"uv": [0, 0, 2, 0], "texture": "#1"},
				"west": {"uv": [0, 0, 3, 0], "texture": "#1"},
				"up": {"uv": [10, 7, 8, 4], "texture": "#1"},
				"down": {"uv": [10, 7, 8, 10], "texture": "#1"}
			}
		},
		{
			"from": [3.68371, 3.68938, -2],
			"to": [5.68371, 3.68938, 4],
			"rotation": {"angle": 22.5, "axis": "z", "origin": [-0.01629, 5.38938, 16]},
			"faces": {
				"north": {"uv": [0, 0, 1, 0], "texture": "#1"},
				"east": {"uv": [0, 0, 3, 0], "texture": "#1"},
				"south": {"uv": [0, 0, 1, 0], "texture": "#1"},
				"west": {"uv": [0, 0, 3, 0], "texture": "#1"},
				"up": {"uv": [1, 13, 0, 10], "texture": "#1"},
				"down": {"uv": [2, 10, 1, 13], "texture": "#1"}
			}
		},
		{
			"from": [9.10851, 9.81743, -2],
			"to": [11.10851, 9.81743, 4],
			"rotation": {"angle": -22.5, "axis": "z", "origin": [0.00851, 5.41743, 16]},
			"faces": {
				"north": {"uv": [0, 0, 1, 0], "texture": "#1"},
				"east": {"uv": [0, 0, 3, 0], "texture": "#1"},
				"south": {"uv": [0, 0, 1, 0], "texture": "#1"},
				"west": {"uv": [0, 0, 3, 0], "texture": "#1"},
				"up": {"uv": [3, 13, 2, 10], "texture": "#1"},
				"down": {"uv": [4, 10, 3, 13], "texture": "#1"}
			}
		},
		{
			"from": [7, 9, 7],
			"to": [9, 9.1, 9],
			"rotation": {"angle": 0, "axis": "y", "origin": [8, 9.05, 8]},
			"faces": {
				"north": {"uv": [5, 10, 6, 10.5], "texture": "#1"},
				"east": {"uv": [10, 5, 11, 5.5], "texture": "#1"},
				"south": {"uv": [10, 5.5, 11, 6], "texture": "#1"},
				"west": {"uv": [6, 10, 7, 10.5], "texture": "#1"},
				"up": {"uv": [5, 11, 4, 10], "texture": "#1"},
				"down": {"uv": [11, 4, 10, 5], "texture": "#1"}
			}
		},
		{
			"from": [6.85, 7.75, 3.4],
			"to": [9.15, 8.75, 4],
			"rotation": {"angle": 0, "axis": "y", "origin": [-2.7, 5.2, 20.1]},
			"faces": {
				"north": {"uv": [10, 6, 11, 6.5], "texture": "#1"},
				"east": {"uv": [9, 10, 9.5, 10.5], "texture": "#1"},
				"south": {"uv": [10, 6.5, 11, 7], "texture": "#1"},
				"west": {"uv": [9.5, 10, 10, 10.5], "texture": "#1"},
				"up": {"uv": [8, 10.5, 7, 10], "texture": "#1"},
				"down": {"uv": [11, 7, 10, 7.5], "texture": "#1"}
			}
		},
		{
			"from": [7.5, 6.25, 3.4],
			"to": [8.5, 8.25, 4],
			"rotation": {"angle": 0, "axis": "y", "origin": [-2.6, 5.2, 19.6]},
			"faces": {
				"north": {"uv": [10, 7.5, 10.5, 8.5], "texture": "#1"},
				"east": {"uv": [8, 10, 8.5, 11], "texture": "#1"},
				"south": {"uv": [8.5, 10, 9, 11], "texture": "#1"},
				"west": {"uv": [10, 8.5, 10.5, 9.5], "texture": "#1"},
				"up": {"uv": [10.5, 10, 10, 9.5], "texture": "#1"},
				"down": {"uv": [10.5, 10, 10, 10.5], "texture": "#1"}
			}
		}
	],
	"display": {
		"thirdperson_righthand": {
			"translation": [0, 0, -2],
			"scale": [0.65, 0.65, 0.65]
		},
		"thirdperson_lefthand": {
			"translation": [0, 0, -2],
			"scale": [0.65, 0.65, 0.65]
		},
		"firstperson_righthand": {
			"rotation": [0, 45, 0],
			"scale": [0.4, 0.4, 0.4]
		},
		"firstperson_lefthand": {
			"rotation": [0, 45, 0],
			"scale": [0.4, 0.4, 0.4]
		},
		"ground": {
			"translation": [0, 4.5, 0]
		},
		"gui": {
			"rotation": [30, 45, 0],
			"translation": [1.75, 0, 0],
			"scale": [0.9, 0.9, 0.9]
		},
		"head": {
			"rotation": [-175.75, 1, -180],
			"translation": [0, 6.5, 0.25],
			"scale": [1.9, 1.9, 1.9]
		}
	}
}