{
	"credit": "Made with Blockbench",
	"texture_size": [32, 32],
	"textures": {
		"2": "item/custom/models/traitor_cap",
		"particle": "item/custom/models/traitor_cap"
	},
	"elements": [
		{
			"from": [12, 5, 4],
			"to": [12, 9, 12],
			"rotation": {"angle": 0, "axis": "y", "origin": [0, 5, 16]},
			"faces": {
				"north": {"uv": [0, 0, 0, 2], "texture": "#2"},
				"east": {"uv": [4, 4, 8, 6], "texture": "#2"},
				"south": {"uv": [0, 0, 0, 2], "texture": "#2"},
				"west": {"uv": [4, 6, 8, 8], "texture": "#2"},
				"up": {"uv": [0, 4, 0, 0], "texture": "#2"},
				"down": {"uv": [0, 0, 0, 4], "texture": "#2"}
			}
		},
		{
			"from": [4, 5, 4],
			"to": [12, 9, 4],
			"rotation": {"angle": 0, "axis": "y", "origin": [0, 5, 16]},
			"faces": {
				"north": {"uv": [0, 8, 4, 10], "texture": "#2"},
				"east": {"uv": [0, 0, 0, 2], "texture": "#2"},
				"south": {"uv": [4, 8, 8, 10], "texture": "#2"},
				"west": {"uv": [0, 0, 0, 2], "texture": "#2"},
				"up": {"uv": [4, 0, 0, 0], "texture": "#2"},
				"down": {"uv": [4, 0, 0, 0], "texture": "#2"}
			}
		},
		{
			"from": [3.5, 5, 3.75],
			"to": [12.5, 9, 3.75],
			"rotation": {"angle": 0, "axis": "y", "origin": [0, 5, 16]},
			"faces": {
				"north": {"uv": [4, 0, 8.5, 2], "texture": "#2"},
				"east": {"uv": [0, 0, 0, 2], "texture": "#2"},
				"south": {"uv": [4, 2, 8.5, 4], "texture": "#2"},
				"west": {"uv": [0, 0, 0, 2], "texture": "#2"},
				"up": {"uv": [4.5, 0, 0, 0], "texture": "#2"},
				"down": {"uv": [4.5, 0, 0, 0], "texture": "#2"}
			}
		},
		{
			"from": [4, 9, 4],
			"to": [12, 9, 12],
			"rotation": {"angle": 0, "axis": "y", "origin": [0, 5, 16]},
			"faces": {
				"north": {"uv": [0, 0, 4, 0], "texture": "#2"},
				"east": {"uv": [0, 0, 4, 0], "texture": "#2"},
				"south": {"uv": [0, 0, 4, 0], "texture": "#2"},
				"west": {"uv": [0, 0, 4, 0], "texture": "#2"},
				"up": {"uv": [4, 4, 0, 0], "texture": "#2"},
				"down": {"uv": [4, 4, 0, 8], "texture": "#2"}
			}
		},
		{
			"from": [4, 5, 12],
			"to": [12, 9, 12],
			"rotation": {"angle": 0, "axis": "y", "origin": [0, 5, 16]},
			"faces": {
				"north": {"uv": [8, 4, 12, 6], "texture": "#2"},
				"east": {"uv": [0, 0, 0, 2], "texture": "#2"},
				"south": {"uv": [8, 6, 12, 8], "texture": "#2"},
				"west": {"uv": [0, 0, 0, 2], "texture": "#2"},
				"up": {"uv": [4, 0, 0, 0], "texture": "#2"},
				"down": {"uv": [4, 0, 0, 0], "texture": "#2"}
			}
		},
		{
			"from": [4, 5, 4],
			"to": [4, 9, 12],
			"rotation": {"angle": 0, "axis": "y", "origin": [0, 5, 16]},
			"faces": {
				"north": {"uv": [0, 0, 0, 2], "texture": "#2"},
				"east": {"uv": [8, 8, 12, 10], "texture": "#2"},
				"south": {"uv": [0, 0, 0, 2], "texture": "#2"},
				"west": {"uv": [8.5, 0, 12.5, 2], "texture": "#2"},
				"up": {"uv": [0, 4, 0, 0], "texture": "#2"},
				"down": {"uv": [0, 0, 0, 4], "texture": "#2"}
			}
		},
		{
			"from": [5.9, 6, -2],
			"to": [10.1, 6, 4],
			"rotation": {"angle": 0, "axis": "y", "origin": [0, 5.4, 16]},
			"faces": {
				"north": {"uv": [0, 0, 2, 0], "texture": "#2"},
				"east": {"uv": [0, 0, 3, 0], "texture": "#2"},
				"south": {"uv": [0, 0, 2, 0], "texture": "#2"},
				"west": {"uv": [0, 0, 3, 0], "texture": "#2"},
				"up": {"uv": [2, 13, 0, 10], "texture": "#2"},
				"down": {"uv": [4, 10, 2, 13], "texture": "#2"}
			}
		},
		{
			"from": [3.68371, 3.68938, -2],
			"to": [5.68371, 3.68938, 4],
			"rotation": {"angle": 22.5, "axis": "z", "origin": [-0.01629, 5.38938, 16]},
			"faces": {
				"north": {"uv": [0, 0, 1, 0], "texture": "#2"},
				"east": {"uv": [0, 0, 3, 0], "texture": "#2"},
				"south": {"uv": [0, 0, 1, 0], "texture": "#2"},
				"west": {"uv": [0, 0, 3, 0], "texture": "#2"},
				"up": {"uv": [5, 13, 4, 10], "texture": "#2"},
				"down": {"uv": [6, 10, 5, 13], "texture": "#2"}
			}
		},
		{
			"from": [9.10851, 9.81743, -2],
			"to": [11.10851, 9.81743, 4],
			"rotation": {"angle": -22.5, "axis": "z", "origin": [0.00851, 5.41743, 16]},
			"faces": {
				"north": {"uv": [0, 0, 1, 0], "texture": "#2"},
				"east": {"uv": [0, 0, 3, 0], "texture": "#2"},
				"south": {"uv": [0, 0, 1, 0], "texture": "#2"},
				"west": {"uv": [0, 0, 3, 0], "texture": "#2"},
				"up": {"uv": [7, 13, 6, 10], "texture": "#2"},
				"down": {"uv": [8, 10, 7, 13], "texture": "#2"}
			}
		}
	],
	"display": {
		"thirdperson_righthand": {
			"translation": [0, 0, -2],
			"scale": [0.65, 0.65, 0.65]
		},
		"thirdperson_lefthand": {
			"translation": [0, 0, -2],
			"scale": [0.65, 0.65, 0.65]
		},
		"firstperson_righthand": {
			"rotation": [0, 45, 0],
			"scale": [0.4, 0.4, 0.4]
		},
		"firstperson_lefthand": {
			"rotation": [0, 45, 0],
			"scale": [0.4, 0.4, 0.4]
		},
		"ground": {
			"translation": [0, 4.5, 0]
		},
		"gui": {
			"rotation": [30, 45, 0],
			"translation": [1.75, 0, 0],
			"scale": [0.9, 0.9, 0.9]
		},
		"head": {
			"rotation": [-175.75, 1, -180],
			"translation": [0, 6.5, 0.25],
			"scale": [1.9, 1.9, 1.9]
		}
	}
}