{
	"credit": "Made with Blockbench",
	"texture_size": [32, 32],
	"textures": {
		"0": "item/custom/models/trophtree",
		"particle": "item/custom/models/trophtree"
	},
	"elements": [
		{
			"from": [7, 0, 7],
			"to": [9, 3, 9],
			"rotation": {"angle": 0, "axis": "y", "origin": [8, 0, 7]},
			"faces": {
				"north": {"uv": [2.5, 4, 3.5, 5.5], "texture": "#0"},
				"east": {"uv": [3.5, 4, 4.5, 5.5], "texture": "#0"},
				"south": {"uv": [4.5, 4, 5.5, 5.5], "texture": "#0"},
				"west": {"uv": [0, 5, 1, 6.5], "texture": "#0"},
				"up": {"uv": [6, 4, 5, 3], "texture": "#0"},
				"down": {"uv": [3.5, 5.5, 2.5, 6.5], "texture": "#0"}
			}
		},
		{
			"from": [7.5, 3, 7.5],
			"to": [8.5, 6, 8.5],
			"rotation": {"angle": 0, "axis": "y", "origin": [7.5, 3, 6.5]},
			"faces": {
				"north": {"uv": [3.5, 5.5, 4, 7], "texture": "#0"},
				"east": {"uv": [4, 5.5, 4.5, 7], "texture": "#0"},
				"south": {"uv": [5.5, 4, 6, 5.5], "texture": "#0"},
				"west": {"uv": [4.5, 5.5, 5, 7], "texture": "#0"},
				"up": {"uv": [7, 8.5, 6.5, 8], "texture": "#0"},
				"down": {"uv": [7.5, 8, 7, 8.5], "texture": "#0"}
			}
		},
		{
			"from": [7.5, 8, 6.5],
			"to": [8.5, 10, 9.5],
			"rotation": {"angle": 0, "axis": "y", "origin": [7.5, 7, 6.5]},
			"faces": {
				"north": {"uv": [6.5, 1, 7, 2], "texture": "#0"},
				"east": {"uv": [5, 0, 6.5, 1], "texture": "#0"},
				"south": {"uv": [6.5, 2, 7, 3], "texture": "#0"},
				"west": {"uv": [1, 5, 2.5, 6], "texture": "#0"},
				"up": {"uv": [2.5, 7.5, 2, 6], "texture": "#0"},
				"down": {"uv": [6.5, 3, 6, 4.5], "texture": "#0"}
			}
		},
		{
			"from": [6.5, 8, 8.5],
			"to": [7.5, 9, 9.5],
			"rotation": {"angle": 0, "axis": "y", "origin": [6.5, 7, 8.5]},
			"faces": {
				"north": {"uv": [0, 8.5, 0.5, 9], "texture": "#0"},
				"east": {"uv": [8.5, 0, 9, 0.5], "texture": "#0"},
				"south": {"uv": [0.5, 8.5, 1, 9], "texture": "#0"},
				"west": {"uv": [8.5, 0.5, 9, 1], "texture": "#0"},
				"up": {"uv": [1.5, 9, 1, 8.5], "texture": "#0"},
				"down": {"uv": [9, 1, 8.5, 1.5], "texture": "#0"}
			}
		},
		{
			"from": [8.5, 8, 8.5],
			"to": [9.5, 9, 9.5],
			"rotation": {"angle": 0, "axis": "y", "origin": [8.5, 7, 8.5]},
			"faces": {
				"north": {"uv": [1.5, 8.5, 2, 9], "texture": "#0"},
				"east": {"uv": [2, 8.5, 2.5, 9], "texture": "#0"},
				"south": {"uv": [2.5, 8.5, 3, 9], "texture": "#0"},
				"west": {"uv": [8.5, 2.5, 9, 3], "texture": "#0"},
				"up": {"uv": [3.5, 9, 3, 8.5], "texture": "#0"},
				"down": {"uv": [9, 3, 8.5, 3.5], "texture": "#0"}
			}
		},
		{
			"from": [8.5, 8, 6.5],
			"to": [9.5, 9, 7.5],
			"rotation": {"angle": 0, "axis": "y", "origin": [8.5, 7, 6.5]},
			"faces": {
				"north": {"uv": [3.5, 8.5, 4, 9], "texture": "#0"},
				"east": {"uv": [8.5, 3.5, 9, 4], "texture": "#0"},
				"south": {"uv": [4, 8.5, 4.5, 9], "texture": "#0"},
				"west": {"uv": [8.5, 4, 9, 4.5], "texture": "#0"},
				"up": {"uv": [5, 9, 4.5, 8.5], "texture": "#0"},
				"down": {"uv": [9, 4.5, 8.5, 5], "texture": "#0"}
			}
		},
		{
			"from": [6.5, 8, 6.5],
			"to": [7.5, 9, 7.5],
			"rotation": {"angle": 0, "axis": "y", "origin": [6.5, 7, 6.5]},
			"faces": {
				"north": {"uv": [5, 8.5, 5.5, 9], "texture": "#0"},
				"east": {"uv": [8.5, 5, 9, 5.5], "texture": "#0"},
				"south": {"uv": [8.5, 5.5, 9, 6], "texture": "#0"},
				"west": {"uv": [6, 8.5, 6.5, 9], "texture": "#0"},
				"up": {"uv": [9, 6.5, 8.5, 6], "texture": "#0"},
				"down": {"uv": [7, 8.5, 6.5, 9], "texture": "#0"}
			}
		},
		{
			"from": [6.5, 8, 7.5],
			"to": [9.5, 10, 8.5],
			"rotation": {"angle": 0, "axis": "y", "origin": [6.5, 7, 8.5]},
			"faces": {
				"north": {"uv": [5, 1, 6.5, 2], "texture": "#0"},
				"east": {"uv": [2.5, 6.5, 3, 7.5], "texture": "#0"},
				"south": {"uv": [5, 2, 6.5, 3], "texture": "#0"},
				"west": {"uv": [3, 6.5, 3.5, 7.5], "texture": "#0"},
				"up": {"uv": [7.5, 5, 6, 4.5], "texture": "#0"},
				"down": {"uv": [7.5, 5, 6, 5.5], "texture": "#0"}
			}
		},
		{
			"from": [5.5, 6, 5.5],
			"to": [10.5, 8, 10.5],
			"rotation": {"angle": 0, "axis": "y", "origin": [6.5, 6, 8.5]},
			"faces": {
				"north": {"uv": [2.5, 0, 5, 1], "texture": "#0"},
				"east": {"uv": [2.5, 1, 5, 2], "texture": "#0"},
				"south": {"uv": [2.5, 2, 5, 3], "texture": "#0"},
				"west": {"uv": [2.5, 3, 5, 4], "texture": "#0"},
				"up": {"uv": [2.5, 2.5, 0, 0], "texture": "#0"},
				"down": {"uv": [2.5, 2.5, 0, 5], "texture": "#0"}
			}
		},
		{
			"from": [7.85, 0.3, 6.3],
			"to": [8.15, 2.3, 7.3],
			"rotation": {"angle": 22.5, "axis": "x", "origin": [6.1, 0.3, 6.3]},
			"faces": {
				"north": {"uv": [6.5, 3, 7, 4], "texture": "#0"},
				"east": {"uv": [6.5, 5.5, 7, 6.5], "texture": "#0"},
				"south": {"uv": [6, 6.5, 6.5, 7.5], "texture": "#0"},
				"west": {"uv": [6.5, 6.5, 7, 7.5], "texture": "#0"},
				"up": {"uv": [9, 7, 8.5, 6.5], "texture": "#0"},
				"down": {"uv": [7.5, 8.5, 7, 9], "texture": "#0"}
			}
		},
		{
			"from": [7.85, 0, 6.31],
			"to": [8.15, 0.4, 7.31],
			"rotation": {"angle": 0, "axis": "y", "origin": [6.1, 0, 6.3]},
			"faces": {
				"north": {"uv": [8.5, 7, 9, 7.5], "texture": "#0"},
				"east": {"uv": [7.5, 8.5, 8, 9], "texture": "#0"},
				"south": {"uv": [8.5, 7.5, 9, 8], "texture": "#0"},
				"west": {"uv": [8, 8.5, 8.5, 9], "texture": "#0"},
				"up": {"uv": [9, 8.5, 8.5, 8], "texture": "#0"},
				"down": {"uv": [9, 8.5, 8.5, 9], "texture": "#0"}
			}
		},
		{
			"from": [8.69, 0, 7.85],
			"to": [9.69, 0.4, 8.15],
			"rotation": {"angle": 0, "axis": "y", "origin": [9.7, 0, 6.1]},
			"faces": {
				"north": {"uv": [0, 9, 0.5, 9.5], "texture": "#0"},
				"east": {"uv": [9, 0, 9.5, 0.5], "texture": "#0"},
				"south": {"uv": [0.5, 9, 1, 9.5], "texture": "#0"},
				"west": {"uv": [9, 0.5, 9.5, 1], "texture": "#0"},
				"up": {"uv": [1.5, 9.5, 1, 9], "texture": "#0"},
				"down": {"uv": [9.5, 1, 9, 1.5], "texture": "#0"}
			}
		},
		{
			"from": [8.7, 0.3, 7.85],
			"to": [9.7, 2.3, 8.15],
			"rotation": {"angle": 22.5, "axis": "z", "origin": [9.7, 0.3, 6.1]},
			"faces": {
				"north": {"uv": [7, 0, 7.5, 1], "texture": "#0"},
				"east": {"uv": [7, 1, 7.5, 2], "texture": "#0"},
				"south": {"uv": [7, 2, 7.5, 3], "texture": "#0"},
				"west": {"uv": [7, 3, 7.5, 4], "texture": "#0"},
				"up": {"uv": [2, 9.5, 1.5, 9], "texture": "#0"},
				"down": {"uv": [9.5, 1.5, 9, 2], "texture": "#0"}
			}
		},
		{
			"from": [8.7, 2.2, 7.85],
			"to": [10.7, 3.2, 8.15],
			"rotation": {"angle": 22.5, "axis": "z", "origin": [8.7, 2.2, 6.1]},
			"faces": {
				"north": {"uv": [6.5, 4, 7.5, 4.5], "texture": "#0"},
				"east": {"uv": [2, 9, 2.5, 9.5], "texture": "#0"},
				"south": {"uv": [3.5, 7, 4.5, 7.5], "texture": "#0"},
				"west": {"uv": [9, 2, 9.5, 2.5], "texture": "#0"},
				"up": {"uv": [5.5, 7.5, 4.5, 7], "texture": "#0"},
				"down": {"uv": [8, 5.5, 7, 6], "texture": "#0"}
			}
		},
		{
			"from": [11, 4.4, 7.85],
			"to": [12, 6.4, 8.15],
			"rotation": {"angle": -22.5, "axis": "z", "origin": [12, 4.4, 6.1]},
			"faces": {
				"north": {"uv": [5.5, 7, 6, 8], "texture": "#0"},
				"east": {"uv": [7, 6, 7.5, 7], "texture": "#0"},
				"south": {"uv": [7, 7, 7.5, 8], "texture": "#0"},
				"west": {"uv": [0, 7.5, 0.5, 8.5], "texture": "#0"},
				"up": {"uv": [3, 9.5, 2.5, 9], "texture": "#0"},
				"down": {"uv": [9.5, 2.5, 9, 3], "texture": "#0"}
			}
		},
		{
			"from": [11.75, 8.2, 7.85],
			"to": [12.75, 9.2, 8.15],
			"rotation": {"angle": 22.5, "axis": "z", "origin": [12.8, 8.2, 6.1]},
			"faces": {
				"north": {"uv": [3, 9, 3.5, 9.5], "texture": "#0"},
				"east": {"uv": [9, 3, 9.5, 3.5], "texture": "#0"},
				"south": {"uv": [3.5, 9, 4, 9.5], "texture": "#0"},
				"west": {"uv": [9, 3.5, 9.5, 4], "texture": "#0"},
				"up": {"uv": [4.5, 9.5, 4, 9], "texture": "#0"},
				"down": {"uv": [9.5, 4, 9, 4.5], "texture": "#0"}
			}
		},
		{
			"from": [10.56, 3, 7.8501],
			"to": [12.56, 4, 8.1491],
			"rotation": {"angle": 45, "axis": "z", "origin": [10.6, 3, 6.1]},
			"faces": {
				"north": {"uv": [7.5, 0, 8.5, 0.5], "texture": "#0"},
				"east": {"uv": [6, 9, 6.5, 9.5], "texture": "#0"},
				"south": {"uv": [0.5, 7.5, 1.5, 8], "texture": "#0"},
				"west": {"uv": [9, 6, 9.5, 6.5], "texture": "#0"},
				"up": {"uv": [8.5, 1, 7.5, 0.5], "texture": "#0"},
				"down": {"uv": [8.5, 1, 7.5, 1.5], "texture": "#0"}
			}
		},
		{
			"from": [11.75, 6.26, 7.8501],
			"to": [12.75, 8.26, 8.1491],
			"rotation": {"angle": 0, "axis": "y", "origin": [12.7, 6.3, 6.1]},
			"faces": {
				"north": {"uv": [1.5, 7.5, 2, 8.5], "texture": "#0"},
				"east": {"uv": [7.5, 1.5, 8, 2.5], "texture": "#0"},
				"south": {"uv": [2, 7.5, 2.5, 8.5], "texture": "#0"},
				"west": {"uv": [2.5, 7.5, 3, 8.5], "texture": "#0"},
				"up": {"uv": [7, 9.5, 6.5, 9], "texture": "#0"},
				"down": {"uv": [9.5, 6.5, 9, 7], "texture": "#0"}
			}
		},
		{
			"from": [3.25, 6.26, 7.8501],
			"to": [4.25, 8.26, 8.1491],
			"rotation": {"angle": 0, "axis": "y", "origin": [3.3, 6.3, 6.1]},
			"faces": {
				"north": {"uv": [7.5, 2.5, 8, 3.5], "texture": "#0"},
				"east": {"uv": [3, 7.5, 3.5, 8.5], "texture": "#0"},
				"south": {"uv": [3.5, 7.5, 4, 8.5], "texture": "#0"},
				"west": {"uv": [7.5, 3.5, 8, 4.5], "texture": "#0"},
				"up": {"uv": [7.5, 9.5, 7, 9], "texture": "#0"},
				"down": {"uv": [9.5, 7, 9, 7.5], "texture": "#0"}
			}
		},
		{
			"from": [3.25, 8.2, 7.85],
			"to": [4.25, 9.2, 8.15],
			"rotation": {"angle": -22.5, "axis": "z", "origin": [3.2, 8.2, 6.1]},
			"faces": {
				"north": {"uv": [7.5, 9, 8, 9.5], "texture": "#0"},
				"east": {"uv": [9, 7.5, 9.5, 8], "texture": "#0"},
				"south": {"uv": [8, 9, 8.5, 9.5], "texture": "#0"},
				"west": {"uv": [9, 8, 9.5, 8.5], "texture": "#0"},
				"up": {"uv": [9, 9.5, 8.5, 9], "texture": "#0"},
				"down": {"uv": [9.5, 8.5, 9, 9], "texture": "#0"}
			}
		},
		{
			"from": [4, 4.4, 7.85],
			"to": [5, 6.4, 8.15],
			"rotation": {"angle": 22.5, "axis": "z", "origin": [4, 4.4, 6.1]},
			"faces": {
				"north": {"uv": [4, 7.5, 4.5, 8.5], "texture": "#0"},
				"east": {"uv": [4.5, 7.5, 5, 8.5], "texture": "#0"},
				"south": {"uv": [7.5, 4.5, 8, 5.5], "texture": "#0"},
				"west": {"uv": [5, 7.5, 5.5, 8.5], "texture": "#0"},
				"up": {"uv": [9.5, 9.5, 9, 9], "texture": "#0"},
				"down": {"uv": [0.5, 9.5, 0, 10], "texture": "#0"}
			}
		},
		{
			"from": [3.44, 3, 7.8501],
			"to": [5.44, 4, 8.1491],
			"rotation": {"angle": -45, "axis": "z", "origin": [5.4, 3, 6.1]},
			"faces": {
				"north": {"uv": [6, 7.5, 7, 8], "texture": "#0"},
				"east": {"uv": [9.5, 0, 10, 0.5], "texture": "#0"},
				"south": {"uv": [7.5, 6, 8.5, 6.5], "texture": "#0"},
				"west": {"uv": [0.5, 9.5, 1, 10], "texture": "#0"},
				"up": {"uv": [8.5, 7, 7.5, 6.5], "texture": "#0"},
				"down": {"uv": [8.5, 7, 7.5, 7.5], "texture": "#0"}
			}
		},
		{
			"from": [5.3, 2.2, 7.85],
			"to": [7.3, 3.2, 8.15],
			"rotation": {"angle": -22.5, "axis": "z", "origin": [7.3, 2.2, 6.1]},
			"faces": {
				"north": {"uv": [7.5, 7.5, 8.5, 8], "texture": "#0"},
				"east": {"uv": [9.5, 0.5, 10, 1], "texture": "#0"},
				"south": {"uv": [0.5, 8, 1.5, 8.5], "texture": "#0"},
				"west": {"uv": [1, 9.5, 1.5, 10], "texture": "#0"},
				"up": {"uv": [9, 2, 8, 1.5], "texture": "#0"},
				"down": {"uv": [9, 2, 8, 2.5], "texture": "#0"}
			}
		},
		{
			"from": [6.31, 0, 7.85],
			"to": [7.31, 0.4, 8.15],
			"rotation": {"angle": 0, "axis": "y", "origin": [6.3, 0, 9.9]},
			"faces": {
				"north": {"uv": [9.5, 1, 10, 1.5], "texture": "#0"},
				"east": {"uv": [1.5, 9.5, 2, 10], "texture": "#0"},
				"south": {"uv": [9.5, 1.5, 10, 2], "texture": "#0"},
				"west": {"uv": [2, 9.5, 2.5, 10], "texture": "#0"},
				"up": {"uv": [10, 2.5, 9.5, 2], "texture": "#0"},
				"down": {"uv": [3, 9.5, 2.5, 10], "texture": "#0"}
			}
		},
		{
			"from": [6.3, 0.3, 7.85],
			"to": [7.3, 2.3, 8.15],
			"rotation": {"angle": -22.5, "axis": "z", "origin": [6.3, 0.3, 9.9]},
			"faces": {
				"north": {"uv": [8, 2.5, 8.5, 3.5], "texture": "#0"},
				"east": {"uv": [8, 3.5, 8.5, 4.5], "texture": "#0"},
				"south": {"uv": [8, 4.5, 8.5, 5.5], "texture": "#0"},
				"west": {"uv": [5.5, 8, 6, 9], "texture": "#0"},
				"up": {"uv": [10, 3, 9.5, 2.5], "texture": "#0"},
				"down": {"uv": [3.5, 9.5, 3, 10], "texture": "#0"}
			}
		},
		{
			"from": [7.85, 0, 8.69],
			"to": [8.15, 0.4, 9.69],
			"rotation": {"angle": 0, "axis": "y", "origin": [6.1, 0, 9.7]},
			"faces": {
				"north": {"uv": [9.5, 3, 10, 3.5], "texture": "#0"},
				"east": {"uv": [3.5, 9.5, 4, 10], "texture": "#0"},
				"south": {"uv": [9.5, 3.5, 10, 4], "texture": "#0"},
				"west": {"uv": [4, 9.5, 4.5, 10], "texture": "#0"},
				"up": {"uv": [10, 4.5, 9.5, 4], "texture": "#0"},
				"down": {"uv": [5, 9.5, 4.5, 10], "texture": "#0"}
			}
		},
		{
			"from": [7.85, 0.3, 8.7],
			"to": [8.15, 2.3, 9.7],
			"rotation": {"angle": -22.5, "axis": "x", "origin": [6.1, 0.3, 9.7]},
			"faces": {
				"north": {"uv": [6, 5.5, 6.5, 6.5], "texture": "#0"},
				"east": {"uv": [0, 6.5, 0.5, 7.5], "texture": "#0"},
				"south": {"uv": [6.5, 0, 7, 1], "texture": "#0"},
				"west": {"uv": [0.5, 6.5, 1, 7.5], "texture": "#0"},
				"up": {"uv": [8.5, 6, 8, 5.5], "texture": "#0"},
				"down": {"uv": [6.5, 8, 6, 8.5], "texture": "#0"}
			}
		}
	],
	"gui_light": "front",
	"display": {
		"gui": {
			"rotation": [21.75, 21, 0],
			"translation": [0, 4, 0],
			"scale": [1.4, 1.4, 1.4]
		},
		"head": {
			"translation": [0, 31.5, 0],
			"scale": [3.2, 3.2, 3.2]
		},
		"fixed": {
			"rotation": [-90, 0, 0],
			"translation": [0, 0, -32],
			"scale": [4, 4, 4]
		}
	}
}