{
	"credit": "Made with Blockbench",
	"texture_size": [32, 32],
	"textures": {
		"0": "item/custom/models/trophtree",
		"particle": "item/custom/models/trophtree"
	},
	"elements": [
		{
			"from": [7, 1, 7],
			"to": [9, 4, 9],
			"rotation": {"angle": 0, "axis": "y", "origin": [8, 1, 7]},
			"faces": {
				"north": {"uv": [2.5, 4, 3.5, 5.5], "texture": "#0"},
				"east": {"uv": [3.5, 4, 4.5, 5.5], "texture": "#0"},
				"south": {"uv": [4.5, 4, 5.5, 5.5], "texture": "#0"},
				"west": {"uv": [0, 5, 1, 6.5], "texture": "#0"},
				"up": {"uv": [6, 4, 5, 3], "texture": "#0"},
				"down": {"uv": [3.5, 5.5, 2.5, 6.5], "texture": "#0"}
			}
		},
		{
			"from": [7.5, 4, 7.5],
			"to": [8.5, 7, 8.5],
			"rotation": {"angle": 0, "axis": "y", "origin": [7.5, 4, 6.5]},
			"faces": {
				"north": {"uv": [3.5, 5.5, 4, 7], "texture": "#0"},
				"east": {"uv": [4, 5.5, 4.5, 7], "texture": "#0"},
				"south": {"uv": [5.5, 4, 6, 5.5], "texture": "#0"},
				"west": {"uv": [4.5, 5.5, 5, 7], "texture": "#0"},
				"up": {"uv": [7, 8.5, 6.5, 8], "texture": "#0"},
				"down": {"uv": [7.5, 8, 7, 8.5], "texture": "#0"}
			}
		},
		{
			"from": [7.5, 9, 6.5],
			"to": [8.5, 11, 9.5],
			"rotation": {"angle": 0, "axis": "y", "origin": [7.5, 8, 6.5]},
			"faces": {
				"north": {"uv": [6.5, 1, 7, 2], "texture": "#0"},
				"east": {"uv": [5, 0, 6.5, 1], "texture": "#0"},
				"south": {"uv": [6.5, 2, 7, 3], "texture": "#0"},
				"west": {"uv": [1, 5, 2.5, 6], "texture": "#0"},
				"up": {"uv": [2.5, 7.5, 2, 6], "texture": "#0"},
				"down": {"uv": [6.5, 3, 6, 4.5], "texture": "#0"}
			}
		},
		{
			"from": [6.5, 9, 8.5],
			"to": [7.5, 10, 9.5],
			"rotation": {"angle": 0, "axis": "y", "origin": [6.5, 8, 8.5]},
			"faces": {
				"north": {"uv": [0, 8.5, 0.5, 9], "texture": "#0"},
				"east": {"uv": [8.5, 0, 9, 0.5], "texture": "#0"},
				"south": {"uv": [0.5, 8.5, 1, 9], "texture": "#0"},
				"west": {"uv": [8.5, 0.5, 9, 1], "texture": "#0"},
				"up": {"uv": [1.5, 9, 1, 8.5], "texture": "#0"},
				"down": {"uv": [9, 1, 8.5, 1.5], "texture": "#0"}
			}
		},
		{
			"from": [8.5, 9, 8.5],
			"to": [9.5, 10, 9.5],
			"rotation": {"angle": 0, "axis": "y", "origin": [8.5, 8, 8.5]},
			"faces": {
				"north": {"uv": [1.5, 8.5, 2, 9], "texture": "#0"},
				"east": {"uv": [2, 8.5, 2.5, 9], "texture": "#0"},
				"south": {"uv": [2.5, 8.5, 3, 9], "texture": "#0"},
				"west": {"uv": [8.5, 2.5, 9, 3], "texture": "#0"},
				"up": {"uv": [3.5, 9, 3, 8.5], "texture": "#0"},
				"down": {"uv": [9, 3, 8.5, 3.5], "texture": "#0"}
			}
		},
		{
			"from": [8.5, 9, 6.5],
			"to": [9.5, 10, 7.5],
			"rotation": {"angle": 0, "axis": "y", "origin": [8.5, 8, 6.5]},
			"faces": {
				"north": {"uv": [3.5, 8.5, 4, 9], "texture": "#0"},
				"east": {"uv": [8.5, 3.5, 9, 4], "texture": "#0"},
				"south": {"uv": [4, 8.5, 4.5, 9], "texture": "#0"},
				"west": {"uv": [8.5, 4, 9, 4.5], "texture": "#0"},
				"up": {"uv": [5, 9, 4.5, 8.5], "texture": "#0"},
				"down": {"uv": [9, 4.5, 8.5, 5], "texture": "#0"}
			}
		},
		{
			"from": [6.5, 9, 6.5],
			"to": [7.5, 10, 7.5],
			"rotation": {"angle": 0, "axis": "y", "origin": [6.5, 8, 6.5]},
			"faces": {
				"north": {"uv": [5, 8.5, 5.5, 9], "texture": "#0"},
				"east": {"uv": [8.5, 5, 9, 5.5], "texture": "#0"},
				"south": {"uv": [8.5, 5.5, 9, 6], "texture": "#0"},
				"west": {"uv": [6, 8.5, 6.5, 9], "texture": "#0"},
				"up": {"uv": [9, 6.5, 8.5, 6], "texture": "#0"},
				"down": {"uv": [7, 8.5, 6.5, 9], "texture": "#0"}
			}
		},
		{
			"from": [6.5, 9, 7.5],
			"to": [9.5, 11, 8.5],
			"rotation": {"angle": 0, "axis": "y", "origin": [6.5, 8, 8.5]},
			"faces": {
				"north": {"uv": [5, 1, 6.5, 2], "texture": "#0"},
				"east": {"uv": [2.5, 6.5, 3, 7.5], "texture": "#0"},
				"south": {"uv": [5, 2, 6.5, 3], "texture": "#0"},
				"west": {"uv": [3, 6.5, 3.5, 7.5], "texture": "#0"},
				"up": {"uv": [7.5, 5, 6, 4.5], "texture": "#0"},
				"down": {"uv": [7.5, 5, 6, 5.5], "texture": "#0"}
			}
		},
		{
			"from": [5.5, 7, 5.5],
			"to": [10.5, 9, 10.5],
			"rotation": {"angle": 0, "axis": "y", "origin": [6.5, 7, 8.5]},
			"faces": {
				"north": {"uv": [2.5, 0, 5, 1], "texture": "#0"},
				"east": {"uv": [2.5, 1, 5, 2], "texture": "#0"},
				"south": {"uv": [2.5, 2, 5, 3], "texture": "#0"},
				"west": {"uv": [2.5, 3, 5, 4], "texture": "#0"},
				"up": {"uv": [2.5, 2.5, 0, 0], "texture": "#0"},
				"down": {"uv": [2.5, 2.5, 0, 5], "texture": "#0"}
			}
		},
		{
			"from": [8.7, 3.2, 7.5002],
			"to": [10.7, 4.2, 8.5002],
			"rotation": {"angle": 22.5, "axis": "z", "origin": [8.7, 3.2, 6.4502]},
			"faces": {
				"north": {"uv": [6.5, 4, 7.5, 4.5], "texture": "#0"},
				"east": {"uv": [2, 9, 2.5, 9.5], "texture": "#0"},
				"south": {"uv": [3.5, 7, 4.5, 7.5], "texture": "#0"},
				"west": {"uv": [9, 2, 9.5, 2.5], "texture": "#0"},
				"up": {"uv": [5.5, 7.5, 4.5, 7], "texture": "#0"},
				"down": {"uv": [8, 5.5, 7, 6], "texture": "#0"}
			}
		},
		{
			"from": [11, 5.4, 7.5002],
			"to": [12, 7.4, 8.5002],
			"rotation": {"angle": -22.5, "axis": "z", "origin": [12, 5.4, 6.4502]},
			"faces": {
				"north": {"uv": [5.5, 7, 6, 8], "texture": "#0"},
				"east": {"uv": [7, 6, 7.5, 7], "texture": "#0"},
				"south": {"uv": [7, 7, 7.5, 8], "texture": "#0"},
				"west": {"uv": [0, 7.5, 0.5, 8.5], "texture": "#0"},
				"up": {"uv": [3, 9.5, 2.5, 9], "texture": "#0"},
				"down": {"uv": [9.5, 2.5, 9, 3], "texture": "#0"}
			}
		},
		{
			"from": [11.75, 9.2, 7.5002],
			"to": [12.75, 10.2, 8.5002],
			"rotation": {"angle": 22.5, "axis": "z", "origin": [12.8, 9.2, 6.4502]},
			"faces": {
				"north": {"uv": [3, 9, 3.5, 9.5], "texture": "#0"},
				"east": {"uv": [9, 3, 9.5, 3.5], "texture": "#0"},
				"south": {"uv": [3.5, 9, 4, 9.5], "texture": "#0"},
				"west": {"uv": [9, 3.5, 9.5, 4], "texture": "#0"},
				"up": {"uv": [4.5, 9.5, 4, 9], "texture": "#0"},
				"down": {"uv": [9.5, 4, 9, 4.5], "texture": "#0"}
			}
		},
		{
			"from": [10.56, 4, 7.5003],
			"to": [12.56, 5, 8.4993],
			"rotation": {"angle": 45, "axis": "z", "origin": [10.6, 4, 6.4502]},
			"faces": {
				"north": {"uv": [7.5, 0, 8.5, 0.5], "texture": "#0"},
				"east": {"uv": [6, 9, 6.5, 9.5], "texture": "#0"},
				"south": {"uv": [0.5, 7.5, 1.5, 8], "texture": "#0"},
				"west": {"uv": [9, 6, 9.5, 6.5], "texture": "#0"},
				"up": {"uv": [8.5, 1, 7.5, 0.5], "texture": "#0"},
				"down": {"uv": [8.5, 1, 7.5, 1.5], "texture": "#0"}
			}
		},
		{
			"from": [11.75, 7.26, 7.5003],
			"to": [12.75, 9.26, 8.4993],
			"rotation": {"angle": 0, "axis": "y", "origin": [12.7, 7.3, 6.4502]},
			"faces": {
				"north": {"uv": [1.5, 7.5, 2, 8.5], "texture": "#0"},
				"east": {"uv": [7.5, 1.5, 8, 2.5], "texture": "#0"},
				"south": {"uv": [2, 7.5, 2.5, 8.5], "texture": "#0"},
				"west": {"uv": [2.5, 7.5, 3, 8.5], "texture": "#0"},
				"up": {"uv": [7, 9.5, 6.5, 9], "texture": "#0"},
				"down": {"uv": [9.5, 6.5, 9, 7], "texture": "#0"}
			}
		},
		{
			"from": [3.25, 7.26, 7.5003],
			"to": [4.25, 9.26, 8.4993],
			"rotation": {"angle": 0, "axis": "y", "origin": [3.3, 7.3, 6.4502]},
			"faces": {
				"north": {"uv": [7.5, 2.5, 8, 3.5], "texture": "#0"},
				"east": {"uv": [3, 7.5, 3.5, 8.5], "texture": "#0"},
				"south": {"uv": [3.5, 7.5, 4, 8.5], "texture": "#0"},
				"west": {"uv": [7.5, 3.5, 8, 4.5], "texture": "#0"},
				"up": {"uv": [7.5, 9.5, 7, 9], "texture": "#0"},
				"down": {"uv": [9.5, 7, 9, 7.5], "texture": "#0"}
			}
		},
		{
			"from": [3.25, 9.2, 7.5002],
			"to": [4.25, 10.2, 8.5002],
			"rotation": {"angle": -22.5, "axis": "z", "origin": [3.2, 9.2, 6.4502]},
			"faces": {
				"north": {"uv": [7.5, 9, 8, 9.5], "texture": "#0"},
				"east": {"uv": [9, 7.5, 9.5, 8], "texture": "#0"},
				"south": {"uv": [8, 9, 8.5, 9.5], "texture": "#0"},
				"west": {"uv": [9, 8, 9.5, 8.5], "texture": "#0"},
				"up": {"uv": [9, 9.5, 8.5, 9], "texture": "#0"},
				"down": {"uv": [9.5, 8.5, 9, 9], "texture": "#0"}
			}
		},
		{
			"from": [4, 5.4, 7.5002],
			"to": [5, 7.4, 8.5002],
			"rotation": {"angle": 22.5, "axis": "z", "origin": [4, 5.4, 6.4502]},
			"faces": {
				"north": {"uv": [4, 7.5, 4.5, 8.5], "texture": "#0"},
				"east": {"uv": [4.5, 7.5, 5, 8.5], "texture": "#0"},
				"south": {"uv": [7.5, 4.5, 8, 5.5], "texture": "#0"},
				"west": {"uv": [5, 7.5, 5.5, 8.5], "texture": "#0"},
				"up": {"uv": [9.5, 9.5, 9, 9], "texture": "#0"},
				"down": {"uv": [0.5, 9.5, 0, 10], "texture": "#0"}
			}
		},
		{
			"from": [3.44, 4, 7.5003],
			"to": [5.44, 5, 8.4993],
			"rotation": {"angle": -45, "axis": "z", "origin": [5.4, 4, 6.4502]},
			"faces": {
				"north": {"uv": [6, 7.5, 7, 8], "texture": "#0"},
				"east": {"uv": [9.5, 0, 10, 0.5], "texture": "#0"},
				"south": {"uv": [7.5, 6, 8.5, 6.5], "texture": "#0"},
				"west": {"uv": [0.5, 9.5, 1, 10], "texture": "#0"},
				"up": {"uv": [8.5, 7, 7.5, 6.5], "texture": "#0"},
				"down": {"uv": [8.5, 7, 7.5, 7.5], "texture": "#0"}
			}
		},
		{
			"from": [5.3, 3.2, 7.5002],
			"to": [7.3, 4.2, 8.5002],
			"rotation": {"angle": -22.5, "axis": "z", "origin": [7.3, 3.2, 6.4502]},
			"faces": {
				"north": {"uv": [7.5, 7.5, 8.5, 8], "texture": "#0"},
				"east": {"uv": [9.5, 0.5, 10, 1], "texture": "#0"},
				"south": {"uv": [0.5, 8, 1.5, 8.5], "texture": "#0"},
				"west": {"uv": [1, 9.5, 1.5, 10], "texture": "#0"},
				"up": {"uv": [9, 2, 8, 1.5], "texture": "#0"},
				"down": {"uv": [9, 2, 8, 2.5], "texture": "#0"}
			}
		},
		{
			"from": [5.83269, 0, 7.5],
			"to": [6.83269, 1, 8.5],
			"rotation": {"angle": 0, "axis": "y", "origin": [5.82269, 0, 9.55]},
			"faces": {
				"north": {"uv": [9.5, 1, 10, 1.5], "texture": "#0"},
				"east": {"uv": [1.5, 9.5, 2, 10], "texture": "#0"},
				"south": {"uv": [9.5, 1.5, 10, 2], "texture": "#0"},
				"west": {"uv": [2, 9.5, 2.5, 10], "texture": "#0"},
				"up": {"uv": [10, 2.5, 9.5, 2], "texture": "#0"},
				"down": {"uv": [3, 9.5, 2.5, 10], "texture": "#0"}
			}
		},
		{
			"from": [5.83269, 1, 7.5],
			"to": [6.83269, 3, 8.5],
			"rotation": {"angle": -22.5, "axis": "z", "origin": [5.83269, 1, 9.55]},
			"faces": {
				"north": {"uv": [8, 2.5, 8.5, 3.5], "texture": "#0"},
				"east": {"uv": [8, 3.5, 8.5, 4.5], "texture": "#0"},
				"south": {"uv": [8, 4.5, 8.5, 5.5], "texture": "#0"},
				"west": {"uv": [5.5, 8, 6, 9], "texture": "#0"},
				"up": {"uv": [10, 3, 9.5, 2.5], "texture": "#0"},
				"down": {"uv": [3.5, 9.5, 3, 10], "texture": "#0"}
			}
		},
		{
			"from": [9.16731, 1, 7.5],
			"to": [10.16731, 3, 8.5],
			"rotation": {"angle": 22.5, "axis": "z", "origin": [10.16731, 1, 9.55]},
			"faces": {
				"north": {"uv": [8.5, 2.5, 8, 3.5], "texture": "#0"},
				"east": {"uv": [6, 8, 5.5, 9], "texture": "#0"},
				"south": {"uv": [8.5, 4.5, 8, 5.5], "texture": "#0"},
				"west": {"uv": [8.5, 3.5, 8, 4.5], "texture": "#0"},
				"up": {"uv": [9.5, 3, 10, 2.5], "texture": "#0"},
				"down": {"uv": [3, 9.5, 3.5, 10], "texture": "#0"}
			}
		},
		{
			"from": [9.16731, 0, 7.5],
			"to": [10.16731, 1, 8.5],
			"rotation": {"angle": 0, "axis": "y", "origin": [10.17731, 0, 9.55]},
			"faces": {
				"north": {"uv": [10, 1, 9.5, 1.5], "texture": "#0"},
				"east": {"uv": [2.5, 9.5, 2, 10], "texture": "#0"},
				"south": {"uv": [10, 1.5, 9.5, 2], "texture": "#0"},
				"west": {"uv": [2, 9.5, 1.5, 10], "texture": "#0"},
				"up": {"uv": [9.5, 2.5, 10, 2], "texture": "#0"},
				"down": {"uv": [2.5, 9.5, 3, 10], "texture": "#0"}
			}
		},
		{
			"from": [7.5, 1, 9.16731],
			"to": [8.5, 3, 10.16731],
			"rotation": {"angle": -22.5, "axis": "x", "origin": [6.45, 1, 10.16731]},
			"faces": {
				"north": {"uv": [8.5, 3.5, 8, 4.5], "texture": "#0"},
				"east": {"uv": [8.5, 2.5, 8, 3.5], "texture": "#0"},
				"south": {"uv": [6, 8, 5.5, 9], "texture": "#0"},
				"west": {"uv": [8.5, 4.5, 8, 5.5], "texture": "#0"},
				"up": {"uv": [9.5, 3, 10, 2.5], "rotation": 90, "texture": "#0"},
				"down": {"uv": [3, 9.5, 3.5, 10], "rotation": 270, "texture": "#0"}
			}
		},
		{
			"from": [7.5, 0, 9.16731],
			"to": [8.5, 1, 10.16731],
			"rotation": {"angle": 0, "axis": "y", "origin": [6.45, 0, 10.17731]},
			"faces": {
				"north": {"uv": [2, 9.5, 1.5, 10], "texture": "#0"},
				"east": {"uv": [10, 1, 9.5, 1.5], "texture": "#0"},
				"south": {"uv": [2.5, 9.5, 2, 10], "texture": "#0"},
				"west": {"uv": [10, 1.5, 9.5, 2], "texture": "#0"},
				"up": {"uv": [9.5, 2.5, 10, 2], "rotation": 90, "texture": "#0"},
				"down": {"uv": [2.5, 9.5, 3, 10], "rotation": 270, "texture": "#0"}
			}
		},
		{
			"from": [7.5, 0, 5.83269],
			"to": [8.5, 1, 6.83269],
			"rotation": {"angle": 0, "axis": "y", "origin": [6.45, 0, 5.82269]},
			"faces": {
				"north": {"uv": [2, 9.5, 2.5, 10], "texture": "#0"},
				"east": {"uv": [9.5, 1, 10, 1.5], "texture": "#0"},
				"south": {"uv": [1.5, 9.5, 2, 10], "texture": "#0"},
				"west": {"uv": [9.5, 1.5, 10, 2], "texture": "#0"},
				"up": {"uv": [10, 2.5, 9.5, 2], "rotation": 90, "texture": "#0"},
				"down": {"uv": [3, 9.5, 2.5, 10], "rotation": 270, "texture": "#0"}
			}
		},
		{
			"from": [7.5, 1, 5.83269],
			"to": [8.5, 3, 6.83269],
			"rotation": {"angle": 22.5, "axis": "x", "origin": [6.45, 1, 5.83269]},
			"faces": {
				"north": {"uv": [5.5, 8, 6, 9], "texture": "#0"},
				"east": {"uv": [8, 2.5, 8.5, 3.5], "texture": "#0"},
				"south": {"uv": [8, 3.5, 8.5, 4.5], "texture": "#0"},
				"west": {"uv": [8, 4.5, 8.5, 5.5], "texture": "#0"},
				"up": {"uv": [10, 3, 9.5, 2.5], "rotation": 90, "texture": "#0"},
				"down": {"uv": [3.5, 9.5, 3, 10], "rotation": 270, "texture": "#0"}
			}
		}
	],
	"gui_light": "front",
	"display": {
		"thirdperson_righthand": {
			"translation": [0, 3.5, 0]
		},
		"firstperson_righthand": {
			"rotation": [0, 101, 0],
			"translation": [0, 5.25, 0],
			"scale": [0.75, 0.75, 0.75]
		},
		"firstperson_lefthand": {
			"rotation": [0, 101, 0],
			"translation": [0, 5.25, 0],
			"scale": [0.75, 0.75, 0.75]
		},
		"ground": {
			"translation": [0, 5.5, 0]
		},
		"gui": {
			"rotation": [30, 225, 0],
			"translation": [0, 2.75, 0],
			"scale": [1.3, 1.3, 1.3]
		},
		"head": {
			"translation": [0, 31.5, 0],
			"scale": [3.2, 3.2, 3.2]
		},
		"fixed": {
			"rotation": [-90, 0, 0],
			"translation": [0, 0, -32],
			"scale": [4, 4, 4]
		}
	}
}