{
	"credit": "Made with Blockbench",
	"texture_size": [32, 32],
	"textures": {
		"0": "item/custom/models/wardan",
		"particle": "item/custom/models/wardan"
	},
	"elements": [
		{
			"from": [-4.5, 3, 8],
			"to": [3.5, 11, 8],
			"faces": {
				"north": {"uv": [0, 0, 3, 3], "texture": "#0"},
				"east": {"uv": [0, 0, 0, 3], "texture": "#0"},
				"south": {"uv": [0, 3, 3, 6], "texture": "#0"},
				"west": {"uv": [0, 0, 0, 3], "texture": "#0"},
				"up": {"uv": [3, 0, 0, 0], "texture": "#0"},
				"down": {"uv": [3, 0, 0, 0], "texture": "#0"}
			}
		},
		{
			"from": [12.5, 3, 8],
			"to": [20.5, 11, 8],
			"faces": {
				"north": {"uv": [3, 0, 6, 3], "texture": "#0"},
				"east": {"uv": [0, 0, 0, 3], "texture": "#0"},
				"south": {"uv": [3, 3, 6, 6], "texture": "#0"},
				"west": {"uv": [0, 0, 0, 3], "texture": "#0"},
				"up": {"uv": [3, 0, 0, 0], "texture": "#0"},
				"down": {"uv": [3, 0, 0, 0], "texture": "#0"}
			}
		},
		{
			"from": [2.8, -0.2, 2.8],
			"to": [13.2, 1.2, 5.2],
			"faces": {
				"north": {"uv": [7, 6, 12, 6.5], "texture": "#0"},
				"east": {"uv": [6, 9, 7, 9.5], "texture": "#0"},
				"south": {"uv": [7, 6.5, 12, 7], "texture": "#0"},
				"west": {"uv": [7, 9, 8, 9.5], "texture": "#0"},
				"up": {"uv": [5, 7, 0, 6], "texture": "#0"},
				"down": {"uv": [11, 0, 6, 1], "texture": "#0"}
			}
		},
		{
			"from": [2.8, 7.8, 2.8],
			"to": [13.2, 9.2, 5.2],
			"faces": {
				"north": {"uv": [7, 7, 12, 7.5], "texture": "#0"},
				"east": {"uv": [8, 9, 9, 9.5], "texture": "#0"},
				"south": {"uv": [7, 7.5, 12, 8], "texture": "#0"},
				"west": {"uv": [9, 8, 10, 8.5], "texture": "#0"},
				"up": {"uv": [11, 2, 6, 1], "texture": "#0"},
				"down": {"uv": [11, 2, 6, 3], "texture": "#0"}
			}
		},
		{
			"from": [2.8, 1.2, 2.8],
			"to": [4.8, 7.8, 5.2],
			"faces": {
				"north": {"uv": [6, 3, 7, 6], "texture": "#0"},
				"east": {"uv": [5, 6, 6, 9], "texture": "#0"},
				"south": {"uv": [6, 6, 7, 9], "texture": "#0"},
				"west": {"uv": [0, 7, 1, 10], "texture": "#0"},
				"up": {"uv": [5, 8, 4, 7], "texture": "#0"},
				"down": {"uv": [9, 3, 8, 4], "texture": "#0"}
			}
		},
		{
			"from": [11.2, 1.2, 2.8],
			"to": [13.2, 7.8, 5.2],
			"faces": {
				"north": {"uv": [1, 7, 2, 10], "texture": "#0"},
				"east": {"uv": [2, 7, 3, 10], "texture": "#0"},
				"south": {"uv": [3, 7, 4, 10], "texture": "#0"},
				"west": {"uv": [7, 3, 8, 6], "texture": "#0"},
				"up": {"uv": [5, 9, 4, 8], "texture": "#0"},
				"down": {"uv": [9, 4, 8, 5], "texture": "#0"}
			}
		},
		{
			"from": [4.8, 6.4, 2.8],
			"to": [7.2, 7.8, 5.2],
			"faces": {
				"north": {"uv": [9, 8.5, 10, 9], "texture": "#0"},
				"east": {"uv": [9, 9, 10, 9.5], "texture": "#0"},
				"south": {"uv": [6, 9.5, 7, 10], "texture": "#0"},
				"west": {"uv": [7, 9.5, 8, 10], "texture": "#0"},
				"up": {"uv": [9, 6, 8, 5], "texture": "#0"},
				"down": {"uv": [8, 8, 7, 9], "texture": "#0"}
			}
		},
		{
			"from": [8.8, 6.4, 2.8],
			"to": [11.2, 7.8, 5.2],
			"faces": {
				"north": {"uv": [8, 9.5, 9, 10], "texture": "#0"},
				"east": {"uv": [9, 9.5, 10, 10], "texture": "#0"},
				"south": {"uv": [0, 10, 1, 10.5], "texture": "#0"},
				"west": {"uv": [1, 10, 2, 10.5], "texture": "#0"},
				"up": {"uv": [9, 9, 8, 8], "texture": "#0"},
				"down": {"uv": [10, 3, 9, 4], "texture": "#0"}
			}
		},
		{
			"from": [8.8, 1.2, 2.8],
			"to": [11.2, 2.3, 5.2],
			"faces": {
				"north": {"uv": [2, 10, 3, 10.5], "texture": "#0"},
				"east": {"uv": [3, 10, 4, 10.5], "texture": "#0"},
				"south": {"uv": [10, 3, 11, 3.5], "texture": "#0"},
				"west": {"uv": [10, 3.5, 11, 4], "texture": "#0"},
				"up": {"uv": [5, 10, 4, 9], "texture": "#0"},
				"down": {"uv": [10, 4, 9, 5], "texture": "#0"}
			}
		},
		{
			"from": [4.8, 1.2, 2.8],
			"to": [7.2, 2.3, 5.2],
			"faces": {
				"north": {"uv": [4, 10, 5, 10.5], "texture": "#0"},
				"east": {"uv": [10, 4, 11, 4.5], "texture": "#0"},
				"south": {"uv": [10, 4.5, 11, 5], "texture": "#0"},
				"west": {"uv": [5, 10, 6, 10.5], "texture": "#0"},
				"up": {"uv": [6, 10, 5, 9], "texture": "#0"},
				"down": {"uv": [10, 5, 9, 6], "texture": "#0"}
			}
		}
	],
	"gui_light": "front",
	"display": {
		"thirdperson_righthand": {
			"translation": [0, 1.5, 4.5]
		},
		"thirdperson_lefthand": {
			"translation": [0, 1.5, 4.5]
		},
		"firstperson_righthand": {
			"translation": [2, 4.25, 0]
		},
		"firstperson_lefthand": {
			"translation": [2, 4.25, 0]
		},
		"ground": {
			"translation": [0, 6.5, 4.75]
		},
		"gui": {
			"translation": [0, 2, 0],
			"scale": [0.64, 0.64, 1]
		},
		"head": {
			"translation": [0, 5.75, 1],
			"scale": [1.6, 1.6, 1.6]
		},
		"fixed": {
			"translation": [0, 2.75, 0]
		}
	}
}