{
	"credit": "Made with Blockbench",
	"texture_size": [64, 64],
	"textures": {
		"2": "item/custom/models/wde_painting/wde_painting",
		"3": "item/custom/models/wde_painting/wde_painting_frame"
	},
	"elements": [
		{
			"from": [7.25, 3, 20],
			"to": [8.25, 13, 21],
			"rotation": {"angle": 0, "axis": "y", "origin": [6.25, 2, 20]},
			"faces": {
				"north": {"uv": [1, 5.25, 1.5, 7.75], "texture": "#3"},
				"east": {"uv": [1.5, 5.25, 1.75, 7.75], "texture": "#3"},
				"south": {"uv": [1, 5.25, 1.5, 7.75], "texture": "#3"},
				"west": {"uv": [1.5, 5.25, 1.75, 7.75], "texture": "#3"},
				"up": {"uv": [2.5, 5.5, 2, 5.25], "texture": "#3"},
				"down": {"uv": [2.5, 5.25, 2, 5.5], "texture": "#3"}
			}
		},
		{
			"from": [7.25, 2, -5],
			"to": [8.25, 3, 21],
			"rotation": {"angle": 0, "axis": "y", "origin": [6.25, 2, 0]},
			"faces": {
				"north": {"uv": [2, 5.25, 2.5, 5.5], "texture": "#3"},
				"east": {"uv": [0.5, 5, 7, 5.25], "texture": "#3"},
				"south": {"uv": [2, 5.25, 2.5, 5.5], "texture": "#3"},
				"west": {"uv": [0.5, 5, 7, 5.25], "texture": "#3"},
				"up": {"uv": [0.5, 11.5, 0, 5], "texture": "#3"},
				"down": {"uv": [0.5, 5, 0, 11.5], "texture": "#3"}
			}
		},
		{
			"from": [7.25, 13, -5],
			"to": [8.25, 14, 21],
			"rotation": {"angle": 0, "axis": "y", "origin": [6.25, 13, 0]},
			"faces": {
				"north": {"uv": [2, 5.25, 2.5, 5.5], "texture": "#3"},
				"east": {"uv": [0.5, 5, 7, 5.25], "texture": "#3"},
				"south": {"uv": [2, 5.25, 2.5, 5.5], "texture": "#3"},
				"west": {"uv": [0.5, 5, 7, 5.25], "texture": "#3"},
				"up": {"uv": [0.5, 11.5, 0, 5], "texture": "#3"},
				"down": {"uv": [0.5, 5, 0, 11.5], "texture": "#3"}
			}
		},
		{
			"from": [7.25, 3, -5],
			"to": [8.25, 13, -4],
			"rotation": {"angle": 0, "axis": "y", "origin": [6.25, 2, -5]},
			"faces": {
				"north": {"uv": [1, 5.25, 1.5, 7.75], "texture": "#3"},
				"east": {"uv": [1.5, 5.25, 1.75, 7.75], "texture": "#3"},
				"south": {"uv": [1, 5.25, 1.5, 7.75], "texture": "#3"},
				"west": {"uv": [1.5, 5.25, 1.75, 7.75], "texture": "#3"},
				"up": {"uv": [2.5, 5.5, 2, 5.25], "texture": "#3"},
				"down": {"uv": [2.5, 5.25, 2, 5.5], "texture": "#3"}
			}
		},
		{
			"from": [8.25, 3, -4],
			"to": [8.25, 13, 20],
			"rotation": {"angle": 0, "axis": "y", "origin": [6.25, 3, -4]},
			"faces": {
				"north": {"uv": [1.75, 5.25, 2, 7.75], "texture": "#3"},
				"east": {"uv": [0, 0, 6, 2.5], "texture": "#3"},
				"south": {"uv": [1.75, 5.25, 2, 7.75], "texture": "#3"},
				"west": {"uv": [0, 2.5, 6, 5], "texture": "#3"},
				"up": {"uv": [0.75, 11.25, 0.5, 5.25], "texture": "#3"},
				"down": {"uv": [1, 5.25, 0.75, 11.25], "texture": "#3"}
			}
		},
		{
			"name": "painting",
			"from": [7.75, 3, -4],
			"to": [7.75, 13, 20],
			"rotation": {"angle": 0, "axis": "y", "origin": [6.75, 3, -4]},
			"faces": {
				"north": {"uv": [0.25, 5, 0.5, 7.5], "texture": "#2"},
				"east": {"uv": [0, 0, 16, 10], "texture": "#missing"},
				"south": {"uv": [0.25, 5, 0.5, 7.5], "texture": "#2"},
				"west": {"uv": [0, 0, 12, 5], "texture": "#2"},
				"up": {"uv": [0.25, 11, 0, 5], "texture": "#2"},
				"down": {"uv": [0.25, 5, 0, 11], "texture": "#2"}
			}
		}
	],
	"display": {
		"thirdperson_righthand": {
			"translation": [0, 3, 1],
			"scale": [0.55, 0.55, 0.55]
		},
		"thirdperson_lefthand": {
			"rotation": [0, 180, 0],
			"translation": [0, 3, 1],
			"scale": [0.55, 0.55, 0.55]
		},
		"firstperson_righthand": {
			"rotation": [0, 45, 0],
			"scale": [0.4, 0.4, 0.4]
		},
		"firstperson_lefthand": {
			"rotation": [0, 225, 0],
			"scale": [0.4, 0.4, 0.4]
		},
		"ground": {
			"translation": [0, 3, 0],
			"scale": [0.25, 0.25, 0.25]
		},
		"gui": {
			"rotation": [30, 120, 0],
			"scale": [0.625, 0.625, 0.625]
		},
		"fixed": {
			"rotation": [0, -90, 0],
			"translation": [0, 0, -0.5],
			"scale": [4, 4, 4]
		}
	},
	"groups": [
		{
			"name": "frame",
			"origin": [7, 1, -4],
			"color": 0,
			"children": [0, 1, 2, 3, 4]
		},
		5
	]
}