{
	"credit": "Made with Blockbench",
	"texture_size": [32, 32],
	"textures": {
		"2": "item/custom/models/wolf_head"
	},
	"elements": [
		{
			"from": [5.5, 4, 0.05013],
			"to": [10.5, 7, 4.05013],
			"rotation": {"angle": 0, "axis": "y", "origin": [16, 0, -0.94987]},
			"faces": {
				"north": {"uv": [12, 2, 14.5, 3.5], "texture": "#2"},
				"east": {"uv": [7, 13, 9, 14.5], "texture": "#2"},
				"south": {"uv": [13, 6, 15.5, 7.5], "texture": "#2"},
				"west": {"uv": [13, 7.5, 15, 9], "texture": "#2"},
				"up": {"uv": [13.5, 6, 11, 4], "texture": "#2"},
				"down": {"uv": [9.5, 11, 7, 13], "texture": "#2"}
			}
		},
		{
			"from": [6.5, 5.5, -0.69987],
			"to": [9.5, 7.5, 1.30013],
			"rotation": {"angle": 0, "axis": "y", "origin": [16, 0, -0.94987]},
			"faces": {
				"north": {"uv": [14, 14, 15.5, 15], "texture": "#2"},
				"east": {"uv": [1.5, 14, 2.5, 15], "texture": "#2"},
				"south": {"uv": [14.5, 0, 16, 1], "texture": "#2"},
				"west": {"uv": [14.5, 3, 15.5, 4], "texture": "#2"},
				"up": {"uv": [16, 2, 14.5, 1], "texture": "#2"},
				"down": {"uv": [16, 2, 14.5, 3], "texture": "#2"}
			}
		},
		{
			"from": [6.5, 2, 0.55013],
			"to": [9.5, 4, 3.55013],
			"rotation": {"angle": 0, "axis": "y", "origin": [16, 0, -0.94987]},
			"faces": {
				"north": {"uv": [13.5, 13, 15, 14], "texture": "#2"},
				"east": {"uv": [0, 14, 1.5, 15], "texture": "#2"},
				"south": {"uv": [3.5, 14, 5, 15], "texture": "#2"},
				"west": {"uv": [5, 14, 6.5, 15], "texture": "#2"},
				"up": {"uv": [4, 13.5, 2.5, 12], "texture": "#2"},
				"down": {"uv": [14.5, 11.5, 13, 13], "texture": "#2"}
			}
		},
		{
			"from": [6, 7.25, 6.69987],
			"to": [10, 9.5, 10.19987],
			"rotation": {"angle": -45, "axis": "x", "origin": [16, 0, 13.69987]},
			"faces": {
				"north": {"uv": [8, 7, 10, 8], "texture": "#2"},
				"east": {"uv": [11, 14, 12.5, 15], "texture": "#2"},
				"south": {"uv": [11, 6, 13, 7], "texture": "#2"},
				"west": {"uv": [12.5, 14, 14, 15], "texture": "#2"},
				"up": {"uv": [11, 14.5, 9, 13], "texture": "#2"},
				"down": {"uv": [15, 9, 13, 10.5], "texture": "#2"}
			}
		},
		{
			"from": [5.5, -1.5, 3.53236],
			"to": [10.5, 2.5, 5.53236],
			"rotation": {"angle": 45, "axis": "x", "origin": [8.5, 1.5, 6.03236]},
			"faces": {
				"north": {"uv": [0, 12, 2.5, 14], "texture": "#2"},
				"east": {"uv": [2.5, 13.5, 3.5, 15.5], "texture": "#2"},
				"south": {"uv": [12, 0, 14.5, 2], "texture": "#2"},
				"west": {"uv": [13.5, 3.5, 14.5, 5.5], "texture": "#2"},
				"up": {"uv": [15.5, 11.5, 13, 10.5], "texture": "#2"},
				"down": {"uv": [13.5, 13, 11, 14], "texture": "#2"}
			}
		},
		{
			"from": [4, 2, 4.05013],
			"to": [12, 10, 12.05013],
			"rotation": {"angle": 0, "axis": "y", "origin": [10, 0, -0.94987]},
			"faces": {
				"north": {"uv": [0, 0, 4, 4], "texture": "#2"},
				"east": {"uv": [0, 4, 4, 8], "texture": "#2"},
				"south": {"uv": [4, 0, 8, 4], "texture": "#2"},
				"west": {"uv": [4, 4, 8, 8], "texture": "#2"},
				"up": {"uv": [4, 12, 0, 8], "texture": "#2"},
				"down": {"uv": [12, 0, 8, 4], "texture": "#2"}
			}
		},
		{
			"from": [5, 12, 6.05013],
			"to": [11, 12, 12.05013],
			"rotation": {"angle": -45, "axis": "x", "origin": [8, 12, 10.05013]},
			"faces": {
				"north": {"uv": [0, 0, 3, 0], "texture": "#2"},
				"east": {"uv": [0, 0, 3, 0], "texture": "#2"},
				"south": {"uv": [0, 0, 3, 0], "texture": "#2"},
				"west": {"uv": [0, 0, 3, 0], "texture": "#2"},
				"up": {"uv": [7, 11, 4, 8], "texture": "#2"},
				"down": {"uv": [11, 4, 8, 7], "texture": "#2"}
			}
		},
		{
			"from": [13.97533, 4, 6.21529],
			"to": [13.97533, 10, 12.21529],
			"rotation": {"angle": 22.5, "axis": "y", "origin": [17.22533, 9, 12.21529]},
			"faces": {
				"north": {"uv": [0, 0, 0, 3], "texture": "#2"},
				"east": {"uv": [7, 8, 10, 11], "texture": "#2"},
				"south": {"uv": [0, 0, 0, 3], "texture": "#2"},
				"west": {"uv": [10, 7, 13, 10], "texture": "#2"},
				"up": {"uv": [0, 3, 0, 0], "texture": "#2"},
				"down": {"uv": [0, 0, 0, 3], "texture": "#2"}
			}
		},
		{
			"from": [2.02467, 4, 6.21529],
			"to": [2.02467, 10, 12.21529],
			"rotation": {"angle": -22.5, "axis": "y", "origin": [-1.22533, 9, 12.21529]},
			"faces": {
				"north": {"uv": [0, 0, 0, 3], "texture": "#2"},
				"east": {"uv": [10, 10, 13, 13], "texture": "#2"},
				"south": {"uv": [0, 0, 0, 3], "texture": "#2"},
				"west": {"uv": [4, 11, 7, 14], "texture": "#2"},
				"up": {"uv": [0, 3, 0, 0], "texture": "#2"},
				"down": {"uv": [0, 0, 0, 3], "texture": "#2"}
			}
		}
	],
	"display": {
		"thirdperson_righthand": {
			"rotation": [75, 45, 0],
			"translation": [0, 2.5, 0],
			"scale": [0.375, 0.375, 0.375]
		},
		"thirdperson_lefthand": {
			"rotation": [75, 45, 0],
			"translation": [0, 2.5, 0],
			"scale": [0.375, 0.375, 0.375]
		},
		"firstperson_righthand": {
			"rotation": [0, 45, 0],
			"scale": [0.4, 0.4, 0.4]
		},
		"firstperson_lefthand": {
			"rotation": [0, 225, 0],
			"scale": [0.4, 0.4, 0.4]
		},
		"ground": {
			"translation": [0, 7.5, 0]
		},
		"gui": {
			"rotation": [30, 225, 0],
			"translation": [0, 1.75, 0],
			"scale": [0.9, 0.9, 0.9]
		},
		"head": {
			"translation": [0, 4, 0],
			"scale": [2, 2, 2]
		},
		"fixed": {
			"translation": [0, 0, -4.25]
		}
	}
}