{
	"credit": "Made with Blockbench",
	"texture_size": [64, 64],
	"textures": {
		"0": "item/custom/models/wooden_hammer",
		"particle": "item/custom/models/wooden_hammer"
	},
	"elements": [
		{
			"from": [7.5, 0, 7.5],
			"to": [8.5, 27, 8.5],
			"rotation": {"angle": 0, "axis": "y", "origin": [6.5, 0, 6.5]},
			"faces": {
				"north": {"uv": [5.5, 5.5, 6, 10.25], "texture": "#0"},
				"east": {"uv": [6, 5.5, 6.5, 10.25], "texture": "#0"},
				"south": {"uv": [6.5, 5.5, 7, 10.25], "texture": "#0"},
				"west": {"uv": [7, 5.5, 7.5, 10.25], "texture": "#0"},
				"up": {"uv": [8, 6, 7.5, 5.5], "texture": "#0"},
				"down": {"uv": [8, 6, 7.5, 6.5], "texture": "#0"}
			}
		},
		{
			"from": [0, 20, -0.19239],
			"to": [16, 31, 10.80761],
			"rotation": {"angle": 45, "axis": "x", "origin": [0, 19, -1.19239]},
			"faces": {
				"north": {"uv": [0, 0, 4, 2.75], "texture": "#0"},
				"east": {"uv": [0, 5.5, 2.75, 8.25], "texture": "#0"},
				"south": {"uv": [0, 2.75, 4, 5.5], "texture": "#0"},
				"west": {"uv": [2.75, 5.5, 5.5, 8.25], "texture": "#0"},
				"up": {"uv": [8, 2.75, 4, 0], "texture": "#0"},
				"down": {"uv": [8, 2.75, 4, 5.5], "texture": "#0"}
			}
		}
	],
	"display": {
		"thirdperson_righthand": {
			"rotation": [0, -90, 0],
			"translation": [0, 14, 1.5],
			"scale": [2.5, 2.5, 2.5]
		},
		"thirdperson_lefthand": {
			"rotation": [0, -90, 0],
			"translation": [0, 14, 2.75],
			"scale": [2.5, 2.5, 2.5]
		},
		"firstperson_righthand": {
			"rotation": [0, -90, -21],
			"translation": [0, 3.2, 1.13],
			"scale": [0.48, 0.48, 0.48]
		},
		"firstperson_lefthand": {
			"rotation": [0, -90, -21],
			"translation": [0, 3.2, 1.13],
			"scale": [0.48, 0.48, 0.48]
		},
		"ground": {
			"translation": [0, 9.25, 0]
		},
		"gui": {
			"rotation": [30, -150, 45],
			"translation": [-2.75, -3.5, 0],
			"scale": [0.595, 0.595, 0.595]
		},
		"fixed": {
			"rotation": [0, 0, 45],
			"translation": [3, -2.75, 0]
		}
	}
}