{
	"credit": "Made with Blockbench",
	"textures": {
		"27": "block/birch_trapdoor",
		"28": "block/blackstone_top",
		"29": "block/dark_oak_log",
		"30": "block/blackstone",
		"31": "block/grindstone_pivot",
		"32": "block/grindstone_round",
		"33": "block/grindstone_side",
		"34": "block/birch_planks",
		"35": "block/dark_oak_planks",
		"36": "block/end_rod",
		"37": "block/black_candle",
		"38": "block/lever",
		"43": "block/polished_blackstone",
		"44": "block/black_concrete_powder",
		"45": "block/black_wool",
		"46": "block/chiseled_polished_blackstone",
		"49": "block/black_concrete",
		"50": "block/polished_blackstone_bricks",
		"51": "block/chain",
		"52": "block/cobblestone"
	},
	"elements": [
		{
			"from": [4.83, -8.85, -7.85],
			"to": [11.17, -2.51, -1.51],
			"rotation": {"angle": 0, "axis": "y", "origin": [8, 5.91031, 7.30656]},
			"faces": {
				"north": {"uv": [0, 0, 16, 16], "texture": "#43"},
				"east": {"uv": [0, 0, 16, 16], "texture": "#43"},
				"west": {"uv": [0, 0, 16, 16], "texture": "#43"},
				"down": {"uv": [0, 0, 16, 16], "texture": "#43"}
			}
		},
		{
			"from": [4.83, -8.85, -1.51],
			"to": [11.17, -2.51, 4.83],
			"rotation": {"angle": 0, "axis": "y", "origin": [8, 5.91031, 7.30656]},
			"faces": {
				"east": {"uv": [0, 0, 16, 16], "texture": "#45"},
				"west": {"uv": [0, 0, 16, 16], "texture": "#45"},
				"down": {"uv": [0, 0, 16, 16], "texture": "#45"}
			}
		},
		{
			"from": [4.83, -8.85, 4.83],
			"to": [11.17, -2.51, 11.17],
			"rotation": {"angle": 0, "axis": "y", "origin": [8, 5.91031, 7.30656]},
			"faces": {
				"east": {"uv": [0, 0, 16, 16], "texture": "#43"},
				"west": {"uv": [0, 0, 16, 16], "texture": "#43"},
				"down": {"uv": [0, 0, 16, 16], "texture": "#43"}
			}
		},
		{
			"from": [4.83, -8.85, 11.17],
			"to": [11.17, -2.51, 17.51],
			"rotation": {"angle": 0, "axis": "y", "origin": [8, 5.91031, 7.30656]},
			"faces": {
				"east": {"uv": [0, 0, 16, 16], "texture": "#43"},
				"west": {"uv": [0, 0, 16, 16], "texture": "#43"},
				"down": {"uv": [0, 0, 16, 16], "texture": "#43"}
			}
		},
		{
			"from": [4.83, -8.85, 17.51],
			"to": [11.17, -2.51, 23.85],
			"rotation": {"angle": 0, "axis": "y", "origin": [8, 5.91031, 7.30656]},
			"faces": {
				"east": {"uv": [0, 0, 16, 16], "texture": "#45"},
				"south": {"uv": [0, 0, 16, 16], "texture": "#45"},
				"west": {"uv": [0, 0, 16, 16], "texture": "#45"},
				"down": {"uv": [0, 0, 16, 16], "texture": "#45"}
			}
		},
		{
			"from": [4.83, -2.51, -7.85],
			"to": [11.17, 3.83, -1.51],
			"rotation": {"angle": 0, "axis": "y", "origin": [8, 5.91031, 7.30656]},
			"faces": {
				"north": {"uv": [0, 0, 16, 16], "texture": "#45"},
				"east": {"uv": [0, 0, 16, 16], "texture": "#45"},
				"west": {"uv": [0, 0, 16, 16], "texture": "#45"}
			}
		},
		{
			"from": [4.83, -2.51, -1.51],
			"to": [11.17, 3.83, 4.83],
			"rotation": {"angle": 0, "axis": "y", "origin": [8, 5.91031, 7.30656]},
			"faces": {
				"east": {"uv": [0, 0, 16, 16], "texture": "#45"},
				"west": {"uv": [0, 0, 16, 16], "texture": "#45"}
			}
		},
		{
			"from": [4.83, -2.51, 4.83],
			"to": [11.17, 3.83, 11.17],
			"rotation": {"angle": 0, "axis": "y", "origin": [8, 5.91031, 7.30656]},
			"faces": {
				"east": {"uv": [0, 0, 16, 16], "texture": "#44"},
				"west": {"uv": [0, 0, 16, 16], "texture": "#44"}
			}
		},
		{
			"from": [4.83, -2.51, 11.17],
			"to": [11.17, 3.83, 17.51],
			"rotation": {"angle": 0, "axis": "y", "origin": [8, 5.91031, 7.30656]},
			"faces": {
				"east": {"uv": [0, 0, 16, 16], "texture": "#44"},
				"west": {"uv": [0, 0, 16, 16], "texture": "#44"}
			}
		},
		{
			"from": [4.83, -2.51, 17.51],
			"to": [11.17, 3.83, 23.85],
			"rotation": {"angle": 0, "axis": "y", "origin": [8, 5.91031, 7.30656]},
			"faces": {
				"east": {"uv": [0, 0, 16, 16], "texture": "#45"},
				"south": {"uv": [0, 0, 16, 16], "texture": "#45"},
				"west": {"uv": [0, 0, 16, 16], "texture": "#45"},
				"up": {"uv": [0, 0, 16, 16], "texture": "#45"}
			}
		},
		{
			"from": [4.83, 3.83, -7.85],
			"to": [11.17, 10.17, -1.51],
			"rotation": {"angle": 0, "axis": "y", "origin": [8, 5.91031, 7.30656]},
			"faces": {
				"north": {"uv": [0, 0, 16, 16], "texture": "#49"},
				"east": {"uv": [0, 0, 16, 16], "texture": "#49"},
				"west": {"uv": [0, 0, 16, 16], "texture": "#49"},
				"up": {"uv": [0, 0, 16, 16], "texture": "#49"}
			}
		},
		{
			"from": [4.83, 3.83, -1.51],
			"to": [11.17, 10.17, 4.83],
			"rotation": {"angle": 0, "axis": "y", "origin": [8, 5.91031, 7.30656]},
			"faces": {
				"east": {"uv": [0, 0, 16, 16], "texture": "#49"},
				"west": {"uv": [0, 0, 16, 16], "texture": "#49"},
				"up": {"uv": [0, 0, 16, 16], "texture": "#49"}
			}
		},
		{
			"from": [4.83, 3.83, 4.83],
			"to": [11.17, 10.17, 11.17],
			"rotation": {"angle": 0, "axis": "y", "origin": [8, 5.91031, 7.30656]},
			"faces": {
				"east": {"uv": [0, 0, 16, 16], "texture": "#49"},
				"west": {"uv": [0, 0, 16, 16], "texture": "#49"},
				"up": {"uv": [0, 0, 16, 16], "texture": "#49"}
			}
		},
		{
			"from": [4.83, 3.83, 11.17],
			"to": [11.17, 10.17, 17.51],
			"rotation": {"angle": 0, "axis": "y", "origin": [8, 5.91031, 7.30656]},
			"faces": {
				"east": {"uv": [0, 0, 16, 16], "texture": "#49"},
				"south": {"uv": [0, 0, 16, 16], "texture": "#49"},
				"west": {"uv": [0, 0, 16, 16], "texture": "#49"},
				"up": {"uv": [0, 0, 16, 16], "texture": "#49"}
			}
		},
		{
			"from": [-1.51, 10.17, -7.85],
			"to": [4.83, 16.51, -1.51],
			"rotation": {"angle": 0, "axis": "y", "origin": [8, 5.91031, 7.30656]},
			"faces": {
				"north": {"uv": [0, 0, 16, 16], "texture": "#46"},
				"east": {"uv": [0, 0, 16, 16], "texture": "#46"},
				"west": {"uv": [0, 0, 16, 16], "texture": "#46"},
				"up": {"uv": [0, 0, 16, 16], "texture": "#46"},
				"down": {"uv": [0, 0, 16, 16], "texture": "#46"}
			}
		},
		{
			"from": [-1.51, 10.17, -1.51],
			"to": [4.83, 16.51, 4.83],
			"rotation": {"angle": 0, "axis": "y", "origin": [8, 5.91031, 7.30656]},
			"faces": {
				"east": {"uv": [0, 0, 16, 16], "texture": "#43"},
				"west": {"uv": [0, 0, 16, 16], "texture": "#43"},
				"down": {"uv": [0, 0, 16, 16], "texture": "#43"}
			}
		},
		{
			"from": [-1.51, 10.17, 4.83],
			"to": [4.83, 16.51, 11.17],
			"rotation": {"angle": 0, "axis": "y", "origin": [8, 5.91031, 7.30656]},
			"faces": {
				"east": {"uv": [0, 0, 16, 16], "texture": "#46"},
				"west": {"uv": [0, 0, 16, 16], "texture": "#46"},
				"down": {"uv": [0, 0, 16, 16], "texture": "#46"}
			}
		},
		{
			"from": [-1.51, 10.17, 11.17],
			"to": [4.83, 16.51, 17.51],
			"rotation": {"angle": 0, "axis": "y", "origin": [8, 5.91031, 7.30656]},
			"faces": {
				"east": {"uv": [0, 0, 16, 16], "texture": "#50"},
				"west": {"uv": [0, 0, 16, 16], "texture": "#50"},
				"down": {"uv": [0, 0, 16, 16], "texture": "#50"}
			}
		},
		{
			"from": [-1.51, 10.17, 17.51],
			"to": [4.83, 16.51, 23.85],
			"rotation": {"angle": 0, "axis": "y", "origin": [8, 5.91031, 7.30656]},
			"faces": {
				"east": {"uv": [0, 0, 16, 16], "texture": "#46"},
				"south": {"uv": [0, 0, 16, 16], "texture": "#46"},
				"west": {"uv": [0, 0, 16, 16], "texture": "#46"},
				"up": {"uv": [0, 0, 16, 16], "texture": "#46"},
				"down": {"uv": [0, 0, 16, 16], "texture": "#46"}
			}
		},
		{
			"from": [11.17, 10.17, -7.85],
			"to": [17.51, 16.51, -1.51],
			"rotation": {"angle": 0, "axis": "y", "origin": [8, 5.91031, 7.30656]},
			"faces": {
				"north": {"uv": [0, 0, 16, 16], "texture": "#46"},
				"east": {"uv": [0, 0, 16, 16], "texture": "#46"},
				"west": {"uv": [0, 0, 16, 16], "texture": "#46"},
				"up": {"uv": [0, 0, 16, 16], "texture": "#46"},
				"down": {"uv": [0, 0, 16, 16], "texture": "#46"}
			}
		},
		{
			"from": [11.17, 10.17, -1.51],
			"to": [17.51, 16.51, 4.83],
			"rotation": {"angle": 0, "axis": "y", "origin": [8, 5.91031, 7.30656]},
			"faces": {
				"east": {"uv": [0, 0, 16, 16], "texture": "#43"},
				"west": {"uv": [0, 0, 16, 16], "texture": "#43"},
				"down": {"uv": [0, 0, 16, 16], "texture": "#43"}
			}
		},
		{
			"from": [11.17, 10.17, 4.83],
			"to": [17.51, 16.51, 11.17],
			"rotation": {"angle": 0, "axis": "y", "origin": [8, 5.91031, 7.30656]},
			"faces": {
				"east": {"uv": [0, 0, 16, 16], "texture": "#46"},
				"west": {"uv": [0, 0, 16, 16], "texture": "#46"},
				"down": {"uv": [0, 0, 16, 16], "texture": "#46"}
			}
		},
		{
			"from": [11.17, 10.17, 11.17],
			"to": [17.51, 16.51, 17.51],
			"rotation": {"angle": 0, "axis": "y", "origin": [8, 5.91031, 7.30656]},
			"faces": {
				"east": {"uv": [0, 0, 16, 16], "texture": "#43"},
				"west": {"uv": [0, 0, 16, 16], "texture": "#43"},
				"down": {"uv": [0, 0, 16, 16], "texture": "#43"}
			}
		},
		{
			"from": [11.17, 10.17, 17.51],
			"to": [17.51, 16.51, 23.85],
			"rotation": {"angle": 0, "axis": "y", "origin": [8, 5.91031, 7.30656]},
			"faces": {
				"east": {"uv": [0, 0, 16, 16], "texture": "#46"},
				"south": {"uv": [0, 0, 16, 16], "texture": "#46"},
				"west": {"uv": [0, 0, 16, 16], "texture": "#46"},
				"up": {"uv": [0, 0, 16, 16], "texture": "#46"},
				"down": {"uv": [0, 0, 16, 16], "texture": "#46"}
			}
		},
		{
			"from": [-1.51, 16.51, -1.51],
			"to": [4.83, 22.85, 4.83],
			"rotation": {"angle": 0, "axis": "y", "origin": [8, 5.91031, 7.30656]},
			"faces": {
				"north": {"uv": [0, 0, 16, 16], "texture": "#46"},
				"west": {"uv": [0, 0, 16, 16], "texture": "#46"},
				"up": {"uv": [0, 0, 16, 16], "texture": "#46"}
			}
		},
		{
			"from": [-1.51, 16.51, 4.83],
			"to": [4.83, 22.85, 11.17],
			"rotation": {"angle": 0, "axis": "y", "origin": [8, 5.91031, 7.30656]},
			"faces": {
				"west": {"uv": [0, 0, 16, 16], "texture": "#46"},
				"up": {"uv": [0, 0, 16, 16], "texture": "#46"}
			}
		},
		{
			"from": [-1.51, 16.51, 11.17],
			"to": [4.83, 22.85, 17.51],
			"rotation": {"angle": 0, "axis": "y", "origin": [8, 5.91031, 7.30656]},
			"faces": {
				"south": {"uv": [0, 0, 16, 16], "texture": "#46"},
				"west": {"uv": [0, 0, 16, 16], "texture": "#46"},
				"up": {"uv": [0, 0, 16, 16], "texture": "#46"}
			}
		},
		{
			"from": [4.83, 16.51, -7.85],
			"to": [11.17, 22.85, -1.51],
			"rotation": {"angle": 0, "axis": "y", "origin": [8, 5.91031, 7.30656]},
			"faces": {
				"north": {"uv": [0, 0, 16, 16], "texture": "#50"},
				"east": {"uv": [0, 0, 16, 16], "texture": "#50"},
				"west": {"uv": [0, 0, 16, 16], "texture": "#50"},
				"up": {"uv": [0, 0, 16, 16], "texture": "#50"},
				"down": {"uv": [0, 0, 16, 16], "texture": "#50"}
			}
		},
		{
			"from": [4.83, 16.51, -1.51],
			"to": [11.17, 22.85, 4.83],
			"rotation": {"angle": 0, "axis": "y", "origin": [8, 5.91031, 7.30656]},
			"faces": {
				"down": {"uv": [0, 0, 16, 16], "texture": "#49"}
			}
		},
		{
			"from": [4.83, 16.51, 4.83],
			"to": [11.17, 22.85, 11.17],
			"rotation": {"angle": 0, "axis": "y", "origin": [8, 5.91031, 7.30656]},
			"faces": {
				"down": {"uv": [0, 0, 16, 16], "texture": "#49"}
			}
		},
		{
			"from": [4.83, 16.51, 11.17],
			"to": [11.17, 22.85, 17.51],
			"rotation": {"angle": 0, "axis": "y", "origin": [8, 5.91031, 7.30656]},
			"faces": {
				"down": {"uv": [0, 0, 16, 16], "texture": "#49"}
			}
		},
		{
			"from": [4.83, 16.51, 17.51],
			"to": [11.17, 22.85, 23.85],
			"rotation": {"angle": 0, "axis": "y", "origin": [8, 5.91031, 7.30656]},
			"faces": {
				"east": {"uv": [0, 0, 16, 16], "texture": "#50"},
				"south": {"uv": [0, 0, 16, 16], "texture": "#50"},
				"west": {"uv": [0, 0, 16, 16], "texture": "#50"},
				"up": {"uv": [0, 0, 16, 16], "texture": "#50"},
				"down": {"uv": [0, 0, 16, 16], "texture": "#50"}
			}
		},
		{
			"from": [11.17, 16.51, -1.51],
			"to": [17.51, 22.85, 4.83],
			"rotation": {"angle": 0, "axis": "y", "origin": [8, 5.91031, 7.30656]},
			"faces": {
				"north": {"uv": [0, 0, 16, 16], "texture": "#46"},
				"east": {"uv": [0, 0, 16, 16], "texture": "#46"},
				"up": {"uv": [0, 0, 16, 16], "texture": "#46"}
			}
		},
		{
			"from": [11.17, 16.51, 4.83],
			"to": [17.51, 22.85, 11.17],
			"rotation": {"angle": 0, "axis": "y", "origin": [8, 5.91031, 7.30656]},
			"faces": {
				"east": {"uv": [0, 0, 16, 16], "texture": "#46"},
				"up": {"uv": [0, 0, 16, 16], "texture": "#46"}
			}
		},
		{
			"from": [11.17, 16.51, 11.17],
			"to": [17.51, 22.85, 17.51],
			"rotation": {"angle": 0, "axis": "y", "origin": [8, 5.91031, 7.30656]},
			"faces": {
				"east": {"uv": [0, 0, 16, 16], "texture": "#46"},
				"south": {"uv": [0, 0, 16, 16], "texture": "#46"},
				"up": {"uv": [0, 0, 16, 16], "texture": "#46"}
			}
		},
		{
			"from": [-7.85, -10.03875, -1.51],
			"to": [-1.51, -8.85, 4.83],
			"rotation": {"angle": 0, "axis": "y", "origin": [8, 5.91031, 7.30656]},
			"faces": {
				"north": {"uv": [0, 0, 16, 3], "texture": "#27"},
				"east": {"uv": [0, 0, 16, 3], "texture": "#27"},
				"south": {"uv": [0, 0, 16, 3], "texture": "#27"},
				"west": {"uv": [0, 0, 16, 3], "texture": "#27"},
				"up": {"uv": [0, 16, 16, 0], "rotation": 270, "texture": "#27"},
				"down": {"uv": [0, 0, 16, 16], "rotation": 90, "texture": "#27"}
			}
		},
		{
			"from": [-7.85, -10.03875, 4.83],
			"to": [-1.51, -8.85, 11.17],
			"rotation": {"angle": 0, "axis": "y", "origin": [8, 5.91031, 7.30656]},
			"faces": {
				"north": {"uv": [0, 0, 16, 3], "texture": "#27"},
				"east": {"uv": [0, 0, 16, 3], "texture": "#27"},
				"south": {"uv": [0, 0, 16, 3], "texture": "#27"},
				"west": {"uv": [0, 0, 16, 3], "texture": "#27"},
				"up": {"uv": [0, 16, 16, 0], "rotation": 270, "texture": "#27"},
				"down": {"uv": [0, 0, 16, 16], "rotation": 90, "texture": "#27"}
			}
		},
		{
			"from": [-7.85, -10.03875, 11.17],
			"to": [-1.51, -8.85, 17.51],
			"rotation": {"angle": 0, "axis": "y", "origin": [8, 5.91031, 7.30656]},
			"faces": {
				"north": {"uv": [0, 0, 16, 3], "texture": "#27"},
				"east": {"uv": [0, 0, 16, 3], "texture": "#27"},
				"south": {"uv": [0, 0, 16, 3], "texture": "#27"},
				"west": {"uv": [0, 0, 16, 3], "texture": "#27"},
				"up": {"uv": [0, 16, 16, 0], "texture": "#27"},
				"down": {"uv": [0, 0, 16, 16], "texture": "#27"}
			}
		},
		{
			"from": [-7.85, -10.03875, 17.51],
			"to": [-1.51, -8.85, 23.85],
			"rotation": {"angle": 0, "axis": "y", "origin": [8, 5.91031, 7.30656]},
			"faces": {
				"north": {"uv": [0, 0, 16, 3], "texture": "#27"},
				"east": {"uv": [0, 0, 16, 3], "texture": "#27"},
				"south": {"uv": [0, 0, 16, 3], "texture": "#27"},
				"west": {"uv": [0, 0, 16, 3], "texture": "#27"},
				"up": {"uv": [0, 16, 16, 0], "rotation": 270, "texture": "#27"},
				"down": {"uv": [0, 0, 16, 16], "rotation": 90, "texture": "#27"}
			}
		},
		{
			"from": [-1.51, -12.02, -1.51],
			"to": [4.83, -8.85, 4.83],
			"rotation": {"angle": 0, "axis": "y", "origin": [8, 5.91031, 7.30656]},
			"faces": {
				"north": {"uv": [0, 0, 16, 8], "texture": "#43"},
				"east": {"uv": [0, 0, 16, 8], "texture": "#43"},
				"south": {"uv": [0, 0, 16, 8], "texture": "#43"},
				"west": {"uv": [0, 0, 16, 8], "texture": "#43"},
				"up": {"uv": [0, 0, 16, 16], "texture": "#43"},
				"down": {"uv": [0, 0, 16, 16], "texture": "#43"}
			}
		},
		{
			"from": [-1.51, -15.19, 1.66],
			"to": [4.83, -12.02, 4.83],
			"rotation": {"angle": 0, "axis": "y", "origin": [8, 5.91031, 7.30656]},
			"faces": {
				"north": {"uv": [0, 8, 16, 16], "texture": "#43"},
				"east": {"uv": [0, 8, 8, 16], "texture": "#43"},
				"south": {"uv": [0, 8, 16, 16], "texture": "#43"},
				"west": {"uv": [8, 8, 16, 16], "texture": "#43"},
				"down": {"uv": [0, 0, 16, 8], "texture": "#43"}
			}
		},
		{
			"from": [-1.51, -12.02, 4.83],
			"to": [4.83, -8.85, 11.17],
			"rotation": {"angle": 0, "axis": "y", "origin": [8, 5.91031, 7.30656]},
			"faces": {
				"north": {"uv": [0, 0, 16, 8], "texture": "#43"},
				"east": {"uv": [0, 0, 16, 8], "texture": "#43"},
				"south": {"uv": [0, 0, 16, 8], "texture": "#43"},
				"west": {"uv": [0, 0, 16, 8], "texture": "#43"},
				"up": {"uv": [0, 0, 16, 16], "texture": "#43"},
				"down": {"uv": [0, 0, 16, 16], "texture": "#43"}
			}
		},
		{
			"from": [-1.51, -15.19, 4.83],
			"to": [4.83, -12.02, 8],
			"rotation": {"angle": 0, "axis": "y", "origin": [8, 5.91031, 7.30656]},
			"faces": {
				"north": {"uv": [0, 8, 16, 16], "texture": "#43"},
				"east": {"uv": [8, 8, 16, 16], "texture": "#43"},
				"south": {"uv": [0, 8, 16, 16], "texture": "#43"},
				"west": {"uv": [0, 8, 8, 16], "texture": "#43"},
				"down": {"uv": [0, 8, 16, 16], "texture": "#43"}
			}
		},
		{
			"from": [-1.51, -12.02, 17.51],
			"to": [4.83, -8.85, 23.85],
			"rotation": {"angle": 0, "axis": "y", "origin": [8, 5.91031, 7.30656]},
			"faces": {
				"north": {"uv": [0, 0, 16, 8], "texture": "#43"},
				"east": {"uv": [0, 0, 16, 8], "texture": "#43"},
				"south": {"uv": [0, 0, 16, 8], "texture": "#43"},
				"west": {"uv": [0, 0, 16, 8], "texture": "#43"},
				"up": {"uv": [0, 0, 16, 16], "texture": "#43"},
				"down": {"uv": [0, 0, 16, 16], "texture": "#43"}
			}
		},
		{
			"from": [-1.51, -15.19, 20.68],
			"to": [4.83, -12.02, 23.85],
			"rotation": {"angle": 0, "axis": "y", "origin": [8, 5.91031, 7.30656]},
			"faces": {
				"north": {"uv": [0, 8, 16, 16], "texture": "#43"},
				"east": {"uv": [0, 8, 8, 16], "texture": "#43"},
				"south": {"uv": [0, 8, 16, 16], "texture": "#43"},
				"west": {"uv": [8, 8, 16, 16], "texture": "#43"},
				"down": {"uv": [0, 0, 16, 8], "texture": "#43"}
			}
		},
		{
			"from": [11.17, -12.02, -1.51],
			"to": [17.51, -8.85, 4.83],
			"rotation": {"angle": 0, "axis": "y", "origin": [8, 5.91031, 7.30656]},
			"faces": {
				"north": {"uv": [0, 0, 16, 8], "texture": "#30"},
				"east": {"uv": [0, 0, 16, 8], "texture": "#30"},
				"south": {"uv": [0, 0, 16, 8], "texture": "#30"},
				"west": {"uv": [0, 0, 16, 8], "texture": "#30"},
				"up": {"uv": [0, 0, 16, 16], "texture": "#28"},
				"down": {"uv": [0, 0, 16, 16], "texture": "#28"}
			}
		},
		{
			"from": [11.17, -15.19, 1.66],
			"to": [17.51, -12.02, 4.83],
			"rotation": {"angle": 0, "axis": "y", "origin": [8, 5.91031, 7.30656]},
			"faces": {
				"north": {"uv": [0, 8, 16, 16], "texture": "#30"},
				"east": {"uv": [0, 8, 8, 16], "texture": "#30"},
				"south": {"uv": [0, 8, 16, 16], "texture": "#30"},
				"west": {"uv": [8, 8, 16, 16], "texture": "#30"},
				"down": {"uv": [0, 0, 16, 8], "texture": "#28"}
			}
		},
		{
			"from": [11.17, -12.02, 4.83],
			"to": [17.51, -8.85, 11.17],
			"rotation": {"angle": 0, "axis": "y", "origin": [8, 5.91031, 7.30656]},
			"faces": {
				"north": {"uv": [0, 0, 16, 8], "texture": "#30"},
				"east": {"uv": [0, 0, 16, 8], "texture": "#30"},
				"south": {"uv": [0, 0, 16, 8], "texture": "#30"},
				"west": {"uv": [0, 0, 16, 8], "texture": "#30"},
				"up": {"uv": [0, 0, 16, 16], "texture": "#28"},
				"down": {"uv": [0, 0, 16, 16], "texture": "#28"}
			}
		},
		{
			"from": [11.17, -15.19, 4.83],
			"to": [17.51, -12.02, 8],
			"rotation": {"angle": 0, "axis": "y", "origin": [8, 5.91031, 7.30656]},
			"faces": {
				"north": {"uv": [0, 8, 16, 16], "texture": "#30"},
				"east": {"uv": [8, 8, 16, 16], "texture": "#30"},
				"south": {"uv": [0, 8, 16, 16], "texture": "#30"},
				"west": {"uv": [0, 8, 8, 16], "texture": "#30"},
				"down": {"uv": [0, 8, 16, 16], "texture": "#28"}
			}
		},
		{
			"from": [11.17, -12.02, 17.51],
			"to": [17.51, -8.85, 23.85],
			"rotation": {"angle": 0, "axis": "y", "origin": [8, 5.91031, 7.30656]},
			"faces": {
				"north": {"uv": [0, 0, 16, 8], "texture": "#30"},
				"east": {"uv": [0, 0, 16, 8], "texture": "#30"},
				"south": {"uv": [0, 0, 16, 8], "texture": "#30"},
				"west": {"uv": [0, 0, 16, 8], "texture": "#30"},
				"up": {"uv": [0, 0, 16, 16], "texture": "#28"},
				"down": {"uv": [0, 0, 16, 16], "texture": "#28"}
			}
		},
		{
			"from": [11.17, -15.19, 20.68],
			"to": [17.51, -12.02, 23.85],
			"rotation": {"angle": 0, "axis": "y", "origin": [8, 5.91031, 7.30656]},
			"faces": {
				"north": {"uv": [0, 8, 16, 16], "texture": "#30"},
				"east": {"uv": [0, 8, 8, 16], "texture": "#30"},
				"south": {"uv": [0, 8, 16, 16], "texture": "#30"},
				"west": {"uv": [8, 8, 16, 16], "texture": "#30"},
				"down": {"uv": [0, 0, 16, 8], "texture": "#28"}
			}
		},
		{
			"from": [17.51, -10.03875, -1.51],
			"to": [23.85, -8.85, 4.83],
			"rotation": {"angle": 0, "axis": "y", "origin": [8, 5.91031, 7.30656]},
			"faces": {
				"north": {"uv": [0, 0, 16, 3], "texture": "#27"},
				"east": {"uv": [0, 0, 16, 3], "texture": "#27"},
				"south": {"uv": [0, 0, 16, 3], "texture": "#27"},
				"west": {"uv": [0, 0, 16, 3], "texture": "#27"},
				"up": {"uv": [0, 16, 16, 0], "rotation": 90, "texture": "#27"},
				"down": {"uv": [0, 0, 16, 16], "rotation": 270, "texture": "#27"}
			}
		},
		{
			"from": [17.51, -10.03875, 4.83],
			"to": [23.85, -8.85, 11.17],
			"rotation": {"angle": 0, "axis": "y", "origin": [8, 5.91031, 7.30656]},
			"faces": {
				"north": {"uv": [0, 0, 16, 3], "texture": "#27"},
				"east": {"uv": [0, 0, 16, 3], "texture": "#27"},
				"south": {"uv": [0, 0, 16, 3], "texture": "#27"},
				"west": {"uv": [0, 0, 16, 3], "texture": "#27"},
				"up": {"uv": [0, 16, 16, 0], "rotation": 90, "texture": "#27"},
				"down": {"uv": [0, 0, 16, 16], "rotation": 270, "texture": "#27"}
			}
		},
		{
			"from": [17.51, -10.03875, 11.17],
			"to": [23.85, -8.85, 17.51],
			"rotation": {"angle": 0, "axis": "y", "origin": [8, 5.91031, 7.30656]},
			"faces": {
				"north": {"uv": [0, 0, 16, 3], "texture": "#27"},
				"east": {"uv": [0, 0, 16, 3], "texture": "#27"},
				"south": {"uv": [0, 0, 16, 3], "texture": "#27"},
				"west": {"uv": [0, 0, 16, 3], "texture": "#27"},
				"up": {"uv": [0, 16, 16, 0], "rotation": 180, "texture": "#27"},
				"down": {"uv": [0, 0, 16, 16], "rotation": 180, "texture": "#27"}
			}
		},
		{
			"from": [17.51, -10.03875, 17.51],
			"to": [23.85, -8.85, 23.85],
			"rotation": {"angle": 0, "axis": "y", "origin": [8, 5.91031, 7.30656]},
			"faces": {
				"north": {"uv": [0, 0, 16, 3], "texture": "#27"},
				"east": {"uv": [0, 0, 16, 3], "texture": "#27"},
				"south": {"uv": [0, 0, 16, 3], "texture": "#27"},
				"west": {"uv": [0, 0, 16, 3], "texture": "#27"},
				"up": {"uv": [0, 16, 16, 0], "rotation": 90, "texture": "#27"},
				"down": {"uv": [0, 0, 16, 16], "rotation": 270, "texture": "#27"}
			}
		},
		{
			"from": [-7.0575, -6.4725, -7.85],
			"to": [-6.265, -4.8875, -5.07625],
			"rotation": {"angle": 0, "axis": "y", "origin": [8, 5.91031, 7.30656]},
			"faces": {
				"north": {"uv": [12, 6, 14, 10], "texture": "#29"},
				"east": {"uv": [6, 9, 10, 16], "rotation": 270, "texture": "#29"},
				"west": {"uv": [10, 16, 6, 9], "rotation": 90, "texture": "#29"},
				"up": {"uv": [12, 9, 14, 16], "rotation": 180, "texture": "#29"},
				"down": {"uv": [2, 9, 4, 16], "texture": "#29"}
			}
		},
		{
			"from": [-3.095, -6.4725, -7.85],
			"to": [-2.3025, -4.8875, -5.07625],
			"rotation": {"angle": 0, "axis": "y", "origin": [8, 5.91031, 7.30656]},
			"faces": {
				"north": {"uv": [2, 6, 4, 10], "texture": "#29"},
				"east": {"uv": [6, 9, 10, 16], "rotation": 270, "texture": "#29"},
				"west": {"uv": [10, 16, 6, 9], "rotation": 90, "texture": "#29"},
				"up": {"uv": [2, 9, 4, 16], "rotation": 180, "texture": "#29"},
				"down": {"uv": [12, 9, 14, 16], "texture": "#29"}
			}
		},
		{
			"from": [-7.0575, -6.86875, -5.07625],
			"to": [-6.265, -4.49125, -2.69875],
			"rotation": {"angle": 0, "axis": "y", "origin": [8, 5.91031, 7.30656]},
			"faces": {
				"north": {"uv": [8, 0, 10, 6], "texture": "#31"},
				"south": {"uv": [8, 0, 10, 6], "rotation": 180, "texture": "#31"},
				"west": {"uv": [0, 0, 6, 6], "rotation": 90, "texture": "#31"},
				"up": {"uv": [6, 0, 8, 6], "rotation": 180, "texture": "#31"},
				"down": {"uv": [6, 0, 8, 6], "texture": "#31"}
			}
		},
		{
			"from": [-3.095, -6.86875, -5.07625],
			"to": [-2.3025, -4.49125, -2.69875],
			"rotation": {"angle": 0, "axis": "y", "origin": [8, 5.91031, 7.30656]},
			"faces": {
				"north": {"uv": [8, 0, 10, 6], "texture": "#31"},
				"east": {"uv": [0, 0, 6, 6], "rotation": 270, "texture": "#31"},
				"south": {"uv": [8, 0, 10, 6], "rotation": 180, "texture": "#31"},
				"up": {"uv": [6, 0, 8, 6], "rotation": 180, "texture": "#31"},
				"down": {"uv": [6, 0, 8, 6], "texture": "#31"}
			}
		},
		{
			"from": [-6.265, -8.0575, -6.265],
			"to": [-3.095, -3.3025, -1.51],
			"rotation": {"angle": 0, "axis": "y", "origin": [8, 5.91031, 7.30656]},
			"faces": {
				"north": {"uv": [0, 0, 8, 12], "texture": "#32"},
				"east": {"uv": [0, 0, 12, 12], "rotation": 270, "texture": "#33"},
				"south": {"uv": [0, 0, 8, 12], "rotation": 180, "texture": "#32"},
				"west": {"uv": [0, 0, 12, 12], "rotation": 90, "texture": "#33"},
				"up": {"uv": [0, 0, 8, 12], "rotation": 180, "texture": "#32"},
				"down": {"uv": [0, 0, 8, 12], "texture": "#32"}
			}
		},
		{
			"from": [-7.85, -8.85, -1.51],
			"to": [-1.51, -7.66125, 4.83],
			"rotation": {"angle": 0, "axis": "y", "origin": [8, 5.91031, 7.30656]},
			"faces": {
				"north": {"uv": [0, 0, 16, 3], "texture": "#27"},
				"east": {"uv": [0, 0, 16, 3], "texture": "#27"},
				"south": {"uv": [0, 0, 16, 3], "texture": "#27"},
				"west": {"uv": [0, 0, 16, 3], "texture": "#27"},
				"up": {"uv": [0, 16, 16, 0], "rotation": 270, "texture": "#27"},
				"down": {"uv": [0, 0, 16, 16], "rotation": 90, "texture": "#27"}
			}
		},
		{
			"from": [-7.85, -8.85, 4.83],
			"to": [-1.51, -7.66125, 11.17],
			"rotation": {"angle": 0, "axis": "y", "origin": [8, 5.91031, 7.30656]},
			"faces": {
				"north": {"uv": [0, 0, 16, 3], "texture": "#27"},
				"east": {"uv": [0, 0, 16, 3], "texture": "#27"},
				"south": {"uv": [0, 0, 16, 3], "texture": "#27"},
				"west": {"uv": [0, 0, 16, 3], "texture": "#27"},
				"up": {"uv": [0, 16, 16, 0], "rotation": 270, "texture": "#27"},
				"down": {"uv": [0, 0, 16, 16], "rotation": 90, "texture": "#27"}
			}
		},
		{
			"from": [-7.85, -8.85, 11.17],
			"to": [-1.51, -7.66125, 17.51],
			"rotation": {"angle": 0, "axis": "y", "origin": [8, 5.91031, 7.30656]},
			"faces": {
				"north": {"uv": [0, 0, 16, 3], "texture": "#27"},
				"east": {"uv": [0, 0, 16, 3], "texture": "#27"},
				"south": {"uv": [0, 0, 16, 3], "texture": "#27"},
				"west": {"uv": [0, 0, 16, 3], "texture": "#27"},
				"up": {"uv": [0, 16, 16, 0], "rotation": 270, "texture": "#27"},
				"down": {"uv": [0, 0, 16, 16], "rotation": 90, "texture": "#27"}
			}
		},
		{
			"from": [-1.51, -8.85, -1.51],
			"to": [4.83, -5.68, 4.83],
			"rotation": {"angle": 0, "axis": "y", "origin": [8, 5.91031, 7.30656]},
			"faces": {
				"north": {"uv": [0, 8, 16, 16], "texture": "#43"},
				"south": {"uv": [0, 8, 16, 16], "texture": "#43"},
				"west": {"uv": [0, 8, 16, 16], "texture": "#43"},
				"up": {"uv": [0, 0, 16, 16], "texture": "#43"},
				"down": {"uv": [0, 0, 16, 16], "texture": "#43"}
			}
		},
		{
			"from": [-1.51, -5.68, 1.66],
			"to": [4.83, -2.51, 4.83],
			"rotation": {"angle": 0, "axis": "y", "origin": [8, 5.91031, 7.30656]},
			"faces": {
				"north": {"uv": [0, 0, 16, 8], "texture": "#43"},
				"south": {"uv": [0, 0, 16, 8], "texture": "#43"},
				"west": {"uv": [8, 0, 16, 8], "texture": "#43"},
				"up": {"uv": [0, 8, 16, 16], "texture": "#43"}
			}
		},
		{
			"from": [-1.51, -8.85, 4.83],
			"to": [4.83, -5.68, 11.17],
			"rotation": {"angle": 0, "axis": "y", "origin": [8, 5.91031, 7.30656]},
			"faces": {
				"north": {"uv": [0, 8, 16, 16], "texture": "#43"},
				"south": {"uv": [0, 8, 16, 16], "texture": "#43"},
				"west": {"uv": [0, 8, 16, 16], "texture": "#43"},
				"up": {"uv": [0, 0, 16, 16], "texture": "#43"},
				"down": {"uv": [0, 0, 16, 16], "texture": "#43"}
			}
		},
		{
			"from": [-1.51, -5.68, 4.83],
			"to": [4.83, -2.51, 8],
			"rotation": {"angle": 0, "axis": "y", "origin": [8, 5.91031, 7.30656]},
			"faces": {
				"north": {"uv": [0, 0, 16, 8], "texture": "#43"},
				"south": {"uv": [0, 0, 16, 8], "texture": "#43"},
				"west": {"uv": [0, 0, 8, 8], "texture": "#43"},
				"up": {"uv": [0, 0, 16, 8], "texture": "#43"}
			}
		},
		{
			"from": [-1.51, -8.85, 17.51],
			"to": [4.83, -5.68, 23.85],
			"rotation": {"angle": 0, "axis": "y", "origin": [8, 5.91031, 7.30656]},
			"faces": {
				"north": {"uv": [0, 8, 16, 16], "texture": "#43"},
				"south": {"uv": [0, 8, 16, 16], "texture": "#43"},
				"west": {"uv": [0, 8, 16, 16], "texture": "#43"},
				"up": {"uv": [0, 0, 16, 16], "texture": "#43"},
				"down": {"uv": [0, 0, 16, 16], "texture": "#43"}
			}
		},
		{
			"from": [-1.51, -5.68, 20.68],
			"to": [4.83, -2.51, 23.85],
			"rotation": {"angle": 0, "axis": "y", "origin": [8, 5.91031, 7.30656]},
			"faces": {
				"north": {"uv": [0, 0, 16, 8], "texture": "#43"},
				"south": {"uv": [0, 0, 16, 8], "texture": "#43"},
				"west": {"uv": [8, 0, 16, 8], "texture": "#43"},
				"up": {"uv": [0, 8, 16, 16], "texture": "#43"}
			}
		},
		{
			"from": [11.17, -8.85, -1.51],
			"to": [17.51, -5.68, 4.83],
			"rotation": {"angle": 0, "axis": "y", "origin": [8, 5.91031, 7.30656]},
			"faces": {
				"north": {"uv": [0, 8, 16, 16], "texture": "#30"},
				"east": {"uv": [0, 8, 16, 16], "texture": "#30"},
				"south": {"uv": [0, 8, 16, 16], "texture": "#30"},
				"up": {"uv": [0, 0, 16, 16], "texture": "#28"},
				"down": {"uv": [0, 0, 16, 16], "texture": "#28"}
			}
		},
		{
			"from": [11.17, -5.68, 1.66],
			"to": [17.51, -2.51, 4.83],
			"rotation": {"angle": 0, "axis": "y", "origin": [8, 5.91031, 7.30656]},
			"faces": {
				"north": {"uv": [0, 0, 16, 8], "texture": "#30"},
				"east": {"uv": [0, 0, 8, 8], "texture": "#30"},
				"south": {"uv": [0, 0, 16, 8], "texture": "#30"},
				"up": {"uv": [0, 8, 16, 16], "texture": "#28"}
			}
		},
		{
			"from": [11.17, -8.85, 4.83],
			"to": [17.51, -5.68, 11.17],
			"rotation": {"angle": 0, "axis": "y", "origin": [8, 5.91031, 7.30656]},
			"faces": {
				"north": {"uv": [0, 8, 16, 16], "texture": "#30"},
				"east": {"uv": [0, 8, 16, 16], "texture": "#30"},
				"south": {"uv": [0, 8, 16, 16], "texture": "#30"},
				"up": {"uv": [0, 0, 16, 16], "texture": "#28"},
				"down": {"uv": [0, 0, 16, 16], "texture": "#28"}
			}
		},
		{
			"from": [11.17, -5.68, 4.83],
			"to": [17.51, -2.51, 8],
			"rotation": {"angle": 0, "axis": "y", "origin": [8, 5.91031, 7.30656]},
			"faces": {
				"north": {"uv": [0, 0, 16, 8], "texture": "#30"},
				"east": {"uv": [8, 0, 16, 8], "texture": "#30"},
				"south": {"uv": [0, 0, 16, 8], "texture": "#30"},
				"up": {"uv": [0, 0, 16, 8], "texture": "#28"}
			}
		},
		{
			"from": [11.17, -8.85, 17.51],
			"to": [17.51, -5.68, 23.85],
			"rotation": {"angle": 0, "axis": "y", "origin": [8, 5.91031, 7.30656]},
			"faces": {
				"north": {"uv": [0, 8, 16, 16], "texture": "#30"},
				"east": {"uv": [0, 8, 16, 16], "texture": "#30"},
				"south": {"uv": [0, 8, 16, 16], "texture": "#30"},
				"up": {"uv": [0, 0, 16, 16], "texture": "#28"},
				"down": {"uv": [0, 0, 16, 16], "texture": "#28"}
			}
		},
		{
			"from": [11.17, -5.68, 20.68],
			"to": [17.51, -2.51, 23.85],
			"rotation": {"angle": 0, "axis": "y", "origin": [8, 5.91031, 7.30656]},
			"faces": {
				"north": {"uv": [0, 0, 16, 8], "texture": "#30"},
				"east": {"uv": [0, 0, 8, 8], "texture": "#30"},
				"south": {"uv": [0, 0, 16, 8], "texture": "#30"},
				"up": {"uv": [0, 8, 16, 16], "texture": "#28"}
			}
		},
		{
			"from": [18.3025, -6.4725, -7.85],
			"to": [19.095, -4.8875, -5.07625],
			"rotation": {"angle": 0, "axis": "y", "origin": [8, 5.91031, 7.30656]},
			"faces": {
				"north": {"uv": [12, 6, 14, 10], "texture": "#29"},
				"east": {"uv": [6, 9, 10, 16], "rotation": 270, "texture": "#29"},
				"west": {"uv": [10, 16, 6, 9], "rotation": 90, "texture": "#29"},
				"up": {"uv": [12, 9, 14, 16], "rotation": 180, "texture": "#29"},
				"down": {"uv": [2, 9, 4, 16], "texture": "#29"}
			}
		},
		{
			"from": [22.265, -6.4725, -7.85],
			"to": [23.0575, -4.8875, -5.07625],
			"rotation": {"angle": 0, "axis": "y", "origin": [8, 5.91031, 7.30656]},
			"faces": {
				"north": {"uv": [2, 6, 4, 10], "texture": "#29"},
				"east": {"uv": [6, 9, 10, 16], "rotation": 270, "texture": "#29"},
				"west": {"uv": [10, 16, 6, 9], "rotation": 90, "texture": "#29"},
				"up": {"uv": [2, 9, 4, 16], "rotation": 180, "texture": "#29"},
				"down": {"uv": [12, 9, 14, 16], "texture": "#29"}
			}
		},
		{
			"from": [18.3025, -6.86875, -5.07625],
			"to": [19.095, -4.49125, -2.69875],
			"rotation": {"angle": 0, "axis": "y", "origin": [8, 5.91031, 7.30656]},
			"faces": {
				"north": {"uv": [8, 0, 10, 6], "texture": "#31"},
				"south": {"uv": [8, 0, 10, 6], "rotation": 180, "texture": "#31"},
				"west": {"uv": [0, 0, 6, 6], "rotation": 90, "texture": "#31"},
				"up": {"uv": [6, 0, 8, 6], "rotation": 180, "texture": "#31"},
				"down": {"uv": [6, 0, 8, 6], "texture": "#31"}
			}
		},
		{
			"from": [22.265, -6.86875, -5.07625],
			"to": [23.0575, -4.49125, -2.69875],
			"rotation": {"angle": 0, "axis": "y", "origin": [8, 5.91031, 7.30656]},
			"faces": {
				"north": {"uv": [8, 0, 10, 6], "texture": "#31"},
				"east": {"uv": [0, 0, 6, 6], "rotation": 270, "texture": "#31"},
				"south": {"uv": [8, 0, 10, 6], "rotation": 180, "texture": "#31"},
				"up": {"uv": [6, 0, 8, 6], "rotation": 180, "texture": "#31"},
				"down": {"uv": [6, 0, 8, 6], "texture": "#31"}
			}
		},
		{
			"from": [19.095, -8.0575, -6.265],
			"to": [22.265, -3.3025, -1.51],
			"rotation": {"angle": 0, "axis": "y", "origin": [8, 5.91031, 7.30656]},
			"faces": {
				"north": {"uv": [0, 0, 8, 12], "texture": "#32"},
				"east": {"uv": [0, 0, 12, 12], "rotation": 270, "texture": "#33"},
				"south": {"uv": [0, 0, 8, 12], "rotation": 180, "texture": "#32"},
				"west": {"uv": [0, 0, 12, 12], "rotation": 90, "texture": "#33"},
				"up": {"uv": [0, 0, 8, 12], "rotation": 180, "texture": "#32"},
				"down": {"uv": [0, 0, 8, 12], "texture": "#32"}
			}
		},
		{
			"from": [17.51, -8.85, -1.51],
			"to": [23.85, -7.66125, 4.83],
			"rotation": {"angle": 0, "axis": "y", "origin": [8, 5.91031, 7.30656]},
			"faces": {
				"north": {"uv": [0, 0, 16, 3], "texture": "#27"},
				"east": {"uv": [0, 0, 16, 3], "texture": "#27"},
				"south": {"uv": [0, 0, 16, 3], "texture": "#27"},
				"west": {"uv": [0, 0, 16, 3], "texture": "#27"},
				"up": {"uv": [0, 16, 16, 0], "rotation": 90, "texture": "#27"},
				"down": {"uv": [0, 0, 16, 16], "rotation": 270, "texture": "#27"}
			}
		},
		{
			"from": [17.51, -8.85, 4.83],
			"to": [23.85, -7.66125, 11.17],
			"rotation": {"angle": 0, "axis": "y", "origin": [8, 5.91031, 7.30656]},
			"faces": {
				"north": {"uv": [0, 0, 16, 3], "texture": "#27"},
				"east": {"uv": [0, 0, 16, 3], "texture": "#27"},
				"south": {"uv": [0, 0, 16, 3], "texture": "#27"},
				"west": {"uv": [0, 0, 16, 3], "texture": "#27"},
				"up": {"uv": [0, 16, 16, 0], "rotation": 90, "texture": "#27"},
				"down": {"uv": [0, 0, 16, 16], "rotation": 270, "texture": "#27"}
			}
		},
		{
			"from": [17.51, -8.85, 11.17],
			"to": [23.85, -7.66125, 17.51],
			"rotation": {"angle": 0, "axis": "y", "origin": [8, 5.91031, 7.30656]},
			"faces": {
				"north": {"uv": [0, 0, 16, 3], "texture": "#27"},
				"east": {"uv": [0, 0, 16, 3], "texture": "#27"},
				"south": {"uv": [0, 0, 16, 3], "texture": "#27"},
				"west": {"uv": [0, 0, 16, 3], "texture": "#27"},
				"up": {"uv": [0, 16, 16, 0], "rotation": 90, "texture": "#27"},
				"down": {"uv": [0, 0, 16, 16], "rotation": 270, "texture": "#27"}
			}
		},
		{
			"from": [-5.07625, -0.52875, -2.3025],
			"to": [-4.28375, 3.83, -1.51],
			"rotation": {"angle": 0, "axis": "y", "origin": [8, 5.91031, 7.30656]},
			"faces": {
				"north": {"uv": [7, 0, 9, 11], "texture": "#34"},
				"east": {"uv": [0, 0, 2, 11], "texture": "#34"},
				"south": {"uv": [7, 0, 9, 11], "texture": "#34"},
				"west": {"uv": [0, 0, 2, 11], "texture": "#34"},
				"up": {"uv": [7, 14, 9, 16], "texture": "#34"},
				"down": {"uv": [7, 0, 9, 2], "texture": "#34"}
			}
		},
		{
			"from": [-5.07625, -0.52875, -7.85],
			"to": [-4.28375, 3.83, -7.0575],
			"rotation": {"angle": 0, "axis": "y", "origin": [8, 5.91031, 7.30656]},
			"faces": {
				"north": {"uv": [7, 0, 9, 11], "texture": "#34"},
				"east": {"uv": [14, 0, 16, 11], "texture": "#34"},
				"south": {"uv": [7, 0, 9, 11], "texture": "#34"},
				"west": {"uv": [14, 0, 16, 11], "texture": "#34"},
				"up": {"uv": [7, 0, 9, 2], "texture": "#34"},
				"down": {"uv": [7, 14, 9, 16], "texture": "#34"}
			}
		},
		{
			"from": [-2.69875, -0.1325, -2.3025],
			"to": [-1.90625, 3.43375, -1.51],
			"rotation": {"angle": 0, "axis": "y", "origin": [8, 5.91031, 7.30656]},
			"faces": {
				"north": {"uv": [13, 1, 15, 10], "texture": "#34"},
				"east": {"uv": [0, 1, 2, 10], "texture": "#34"},
				"south": {"uv": [13, 1, 15, 10], "texture": "#34"},
				"west": {"uv": [0, 1, 2, 10], "texture": "#34"},
				"up": {"uv": [13, 14, 15, 16], "texture": "#34"},
				"down": {"uv": [1, 0, 3, 2], "texture": "#34"}
			}
		},
		{
			"from": [-2.69875, -0.1325, -7.85],
			"to": [-1.90625, 3.43375, -7.0575],
			"rotation": {"angle": 0, "axis": "y", "origin": [8, 5.91031, 7.30656]},
			"faces": {
				"north": {"uv": [13, 1, 15, 10], "texture": "#34"},
				"east": {"uv": [14, 1, 16, 10], "texture": "#34"},
				"south": {"uv": [13, 1, 15, 10], "texture": "#34"},
				"west": {"uv": [14, 1, 16, 10], "texture": "#34"},
				"up": {"uv": [13, 0, 15, 2], "texture": "#34"},
				"down": {"uv": [1, 14, 3, 16], "texture": "#34"}
			}
		},
		{
			"from": [-4.28375, -0.1325, -2.3025],
			"to": [-2.69875, 1.05625, -1.51],
			"rotation": {"angle": 0, "axis": "y", "origin": [8, 5.91031, 7.30656]},
			"faces": {
				"north": {"uv": [13, 7, 15, 10], "texture": "#34"},
				"south": {"uv": [13, 7, 15, 10], "texture": "#34"},
				"up": {"uv": [9, 14, 13, 16], "texture": "#34"},
				"down": {"uv": [3, 0, 7, 2], "texture": "#34"}
			}
		},
		{
			"from": [-4.28375, 2.245, -2.3025],
			"to": [-2.69875, 3.43375, -1.51],
			"rotation": {"angle": 0, "axis": "y", "origin": [8, 5.91031, 7.30656]},
			"faces": {
				"north": {"uv": [13, 1, 15, 4], "texture": "#34"},
				"south": {"uv": [13, 1, 15, 4], "texture": "#34"},
				"up": {"uv": [9, 14, 13, 16], "texture": "#34"},
				"down": {"uv": [3, 0, 7, 2], "texture": "#34"}
			}
		},
		{
			"from": [-4.28375, -0.1325, -7.85],
			"to": [-2.69875, 1.05625, -7.0575],
			"rotation": {"angle": 0, "axis": "y", "origin": [8, 5.91031, 7.30656]},
			"faces": {
				"north": {"uv": [13, 7, 15, 10], "texture": "#34"},
				"south": {"uv": [13, 7, 15, 10], "texture": "#34"},
				"up": {"uv": [9, 0, 13, 2], "texture": "#34"},
				"down": {"uv": [3, 14, 7, 16], "texture": "#34"}
			}
		},
		{
			"from": [-4.28375, 2.245, -7.85],
			"to": [-2.69875, 3.43375, -7.0575],
			"rotation": {"angle": 0, "axis": "y", "origin": [8, 5.91031, 7.30656]},
			"faces": {
				"north": {"uv": [13, 1, 15, 4], "texture": "#34"},
				"south": {"uv": [13, 1, 15, 4], "texture": "#34"},
				"up": {"uv": [9, 0, 13, 2], "texture": "#34"},
				"down": {"uv": [3, 14, 7, 16], "texture": "#34"}
			}
		},
		{
			"from": [6.6351, -2.28528, -7.85],
			"to": [7.82385, -2.28528, -1.51],
			"shade": false,
			"rotation": {"angle": -45, "axis": "z", "origin": [8, 5.91031, 7.30656]},
			"faces": {
				"up": {"uv": [0, 0, 3, 16], "texture": "#51"},
				"down": {"uv": [3, 0, 0, 16], "rotation": 180, "texture": "#51"}
			}
		},
		{
			"from": [7.22947, -2.87965, -7.85],
			"to": [7.22947, -1.6909, -1.51],
			"shade": false,
			"rotation": {"angle": -45, "axis": "z", "origin": [8, 5.91031, 7.30656]},
			"faces": {
				"east": {"uv": [3, 0, 6, 16], "rotation": 90, "texture": "#51"},
				"west": {"uv": [6, 0, 3, 16], "rotation": 270, "texture": "#51"}
			}
		},
		{
			"from": [1.26375, -0.52875, 4.0375],
			"to": [2.05625, 3.83, 4.83],
			"rotation": {"angle": 0, "axis": "y", "origin": [8, 5.91031, 7.30656]},
			"faces": {
				"north": {"uv": [7, 0, 9, 11], "texture": "#35"},
				"east": {"uv": [0, 0, 2, 11], "texture": "#35"},
				"south": {"uv": [7, 0, 9, 11], "texture": "#35"},
				"west": {"uv": [0, 0, 2, 11], "texture": "#35"},
				"up": {"uv": [7, 14, 9, 16], "texture": "#35"},
				"down": {"uv": [7, 0, 9, 2], "texture": "#35"}
			}
		},
		{
			"from": [1.26375, -0.52875, -1.51],
			"to": [2.05625, 3.83, -0.7175],
			"rotation": {"angle": 0, "axis": "y", "origin": [8, 5.91031, 7.30656]},
			"faces": {
				"north": {"uv": [7, 0, 9, 11], "texture": "#35"},
				"east": {"uv": [14, 0, 16, 11], "texture": "#35"},
				"south": {"uv": [7, 0, 9, 11], "texture": "#35"},
				"west": {"uv": [14, 0, 16, 11], "texture": "#35"},
				"up": {"uv": [7, 0, 9, 2], "texture": "#35"},
				"down": {"uv": [7, 14, 9, 16], "texture": "#35"}
			}
		},
		{
			"from": [1.26375, -0.1325, 1.66],
			"to": [2.05625, 3.43375, 2.4525],
			"rotation": {"angle": 0, "axis": "y", "origin": [8, 5.91031, 7.30656]},
			"faces": {
				"north": {"uv": [7, 1, 9, 10], "texture": "#35"},
				"east": {"uv": [6, 1, 8, 10], "texture": "#35"},
				"south": {"uv": [7, 1, 9, 10], "texture": "#35"},
				"west": {"uv": [6, 1, 8, 10], "texture": "#35"},
				"up": {"uv": [7, 8, 9, 10], "texture": "#35"},
				"down": {"uv": [7, 6, 9, 8], "texture": "#35"}
			}
		},
		{
			"from": [1.26375, -0.1325, 0.8675],
			"to": [2.05625, 3.43375, 1.66],
			"rotation": {"angle": 0, "axis": "y", "origin": [8, 5.91031, 7.30656]},
			"faces": {
				"north": {"uv": [7, 1, 9, 10], "texture": "#35"},
				"east": {"uv": [8, 1, 10, 10], "texture": "#35"},
				"south": {"uv": [7, 1, 9, 10], "texture": "#35"},
				"west": {"uv": [8, 1, 10, 10], "texture": "#35"},
				"up": {"uv": [7, 6, 9, 8], "texture": "#35"},
				"down": {"uv": [7, 8, 9, 10], "texture": "#35"}
			}
		},
		{
			"from": [1.26375, -0.1325, 2.4525],
			"to": [2.05625, 1.05625, 4.0375],
			"rotation": {"angle": 0, "axis": "y", "origin": [8, 5.91031, 7.30656]},
			"faces": {
				"east": {"uv": [2, 7, 6, 10], "texture": "#35"},
				"west": {"uv": [2, 7, 6, 10], "texture": "#35"},
				"up": {"uv": [7, 10, 9, 14], "texture": "#35"},
				"down": {"uv": [7, 2, 9, 6], "texture": "#35"}
			}
		},
		{
			"from": [1.26375, 2.245, 2.4525],
			"to": [2.05625, 3.43375, 4.0375],
			"rotation": {"angle": 0, "axis": "y", "origin": [8, 5.91031, 7.30656]},
			"faces": {
				"east": {"uv": [2, 1, 6, 4], "texture": "#35"},
				"west": {"uv": [2, 1, 6, 4], "texture": "#35"},
				"up": {"uv": [7, 10, 9, 14], "texture": "#35"},
				"down": {"uv": [7, 2, 9, 6], "texture": "#35"}
			}
		},
		{
			"from": [1.26375, -0.1325, -0.7175],
			"to": [2.05625, 1.05625, 0.8675],
			"rotation": {"angle": 0, "axis": "y", "origin": [8, 5.91031, 7.30656]},
			"faces": {
				"east": {"uv": [10, 7, 14, 10], "texture": "#35"},
				"west": {"uv": [10, 7, 14, 10], "texture": "#35"},
				"up": {"uv": [7, 2, 9, 6], "texture": "#35"},
				"down": {"uv": [7, 10, 9, 14], "texture": "#35"}
			}
		},
		{
			"from": [1.26375, 2.245, -0.7175],
			"to": [2.05625, 3.43375, 0.8675],
			"rotation": {"angle": 0, "axis": "y", "origin": [8, 5.91031, 7.30656]},
			"faces": {
				"east": {"uv": [10, 1, 14, 4], "texture": "#35"},
				"west": {"uv": [10, 1, 14, 4], "texture": "#35"},
				"up": {"uv": [7, 2, 9, 6], "texture": "#35"},
				"down": {"uv": [7, 10, 9, 14], "texture": "#35"}
			}
		},
		{
			"from": [6.6351, -2.28528, 4.83],
			"to": [7.82385, -2.28528, 11.17],
			"shade": false,
			"rotation": {"angle": -45, "axis": "z", "origin": [8, 5.91031, 7.30656]},
			"faces": {
				"up": {"uv": [0, 0, 3, 16], "texture": "#51"},
				"down": {"uv": [3, 0, 0, 16], "rotation": 180, "texture": "#51"}
			}
		},
		{
			"from": [7.22947, -2.87965, 4.83],
			"to": [7.22947, -1.6909, 11.17],
			"shade": false,
			"rotation": {"angle": -45, "axis": "z", "origin": [8, 5.91031, 7.30656]},
			"faces": {
				"east": {"uv": [3, 0, 6, 16], "rotation": 90, "texture": "#51"},
				"west": {"uv": [6, 0, 3, 16], "rotation": 270, "texture": "#51"}
			}
		},
		{
			"from": [0.075, -2.51, 12.755],
			"to": [3.245, 3.83, 15.925],
			"rotation": {"angle": 0, "axis": "y", "origin": [8, 5.91031, 7.30656]},
			"faces": {
				"north": {"uv": [4, 0, 12, 16], "texture": "#50"},
				"east": {"uv": [4, 0, 12, 16], "texture": "#50"},
				"south": {"uv": [4, 0, 12, 16], "texture": "#50"},
				"west": {"uv": [4, 0, 12, 16], "texture": "#50"},
				"up": {"uv": [4, 4, 12, 12], "texture": "#50"},
				"down": {"uv": [4, 4, 12, 12], "texture": "#50"}
			}
		},
		{
			"from": [1.66, -2.51, 13.15125],
			"to": [4.83, 3.0375, 15.52875],
			"rotation": {"angle": 0, "axis": "y", "origin": [8, 5.91031, 7.30656]},
			"faces": {
				"north": {"uv": [0, 2, 8, 16], "texture": "#50"},
				"south": {"uv": [8, 2, 16, 16], "texture": "#50"},
				"up": {"uv": [8, 5, 16, 11], "texture": "#50"},
				"down": {"uv": [8, 5, 16, 11], "texture": "#50"}
			}
		},
		{
			"from": [6.6351, -2.28528, 17.51],
			"to": [7.82385, -2.28528, 23.85],
			"shade": false,
			"rotation": {"angle": -45, "axis": "z", "origin": [8, 5.91031, 7.30656]},
			"faces": {
				"up": {"uv": [0, 0, 3, 16], "texture": "#51"},
				"down": {"uv": [3, 0, 0, 16], "rotation": 180, "texture": "#51"}
			}
		},
		{
			"from": [7.22947, -2.87965, 17.51],
			"to": [7.22947, -1.6909, 23.85],
			"shade": false,
			"rotation": {"angle": -45, "axis": "z", "origin": [8, 5.91031, 7.30656]},
			"faces": {
				"east": {"uv": [3, 0, 6, 16], "rotation": 90, "texture": "#51"},
				"west": {"uv": [6, 0, 3, 16], "rotation": 270, "texture": "#51"}
			}
		},
		{
			"from": [15.60121, 6.68084, -7.85],
			"to": [16.78996, 6.68084, -1.51],
			"shade": false,
			"rotation": {"angle": -45, "axis": "z", "origin": [8, 5.91031, 7.30656]},
			"faces": {
				"up": {"uv": [0, 0, 3, 16], "texture": "#51"},
				"down": {"uv": [3, 0, 0, 16], "rotation": 180, "texture": "#51"}
			}
		},
		{
			"from": [16.19559, 6.08646, -7.85],
			"to": [16.19559, 7.27521, -1.51],
			"shade": false,
			"rotation": {"angle": -45, "axis": "z", "origin": [8, 5.91031, 7.30656]},
			"faces": {
				"east": {"uv": [3, 0, 6, 16], "rotation": 90, "texture": "#51"},
				"west": {"uv": [6, 0, 3, 16], "rotation": 270, "texture": "#51"}
			}
		},
		{
			"from": [13.94375, -0.52875, -1.51],
			"to": [14.73625, 3.83, -0.7175],
			"rotation": {"angle": 0, "axis": "y", "origin": [8, 5.91031, 7.30656]},
			"faces": {
				"north": {"uv": [7, 0, 9, 11], "texture": "#35"},
				"east": {"uv": [0, 0, 2, 11], "texture": "#35"},
				"south": {"uv": [7, 0, 9, 11], "texture": "#35"},
				"west": {"uv": [0, 0, 2, 11], "texture": "#35"},
				"up": {"uv": [7, 0, 9, 2], "texture": "#35"},
				"down": {"uv": [7, 14, 9, 16], "texture": "#35"}
			}
		},
		{
			"from": [13.94375, -0.52875, 4.0375],
			"to": [14.73625, 3.83, 4.83],
			"rotation": {"angle": 0, "axis": "y", "origin": [8, 5.91031, 7.30656]},
			"faces": {
				"north": {"uv": [7, 0, 9, 11], "texture": "#35"},
				"east": {"uv": [14, 0, 16, 11], "texture": "#35"},
				"south": {"uv": [7, 0, 9, 11], "texture": "#35"},
				"west": {"uv": [14, 0, 16, 11], "texture": "#35"},
				"up": {"uv": [7, 14, 9, 16], "texture": "#35"},
				"down": {"uv": [7, 0, 9, 2], "texture": "#35"}
			}
		},
		{
			"from": [13.94375, -0.1325, 0.8675],
			"to": [14.73625, 3.43375, 1.66],
			"rotation": {"angle": 0, "axis": "y", "origin": [8, 5.91031, 7.30656]},
			"faces": {
				"north": {"uv": [7, 1, 9, 10], "texture": "#35"},
				"east": {"uv": [6, 1, 8, 10], "texture": "#35"},
				"south": {"uv": [7, 1, 9, 10], "texture": "#35"},
				"west": {"uv": [6, 1, 8, 10], "texture": "#35"},
				"up": {"uv": [7, 6, 9, 8], "texture": "#35"},
				"down": {"uv": [7, 8, 9, 10], "texture": "#35"}
			}
		},
		{
			"from": [13.94375, -0.1325, 1.66],
			"to": [14.73625, 3.43375, 2.4525],
			"rotation": {"angle": 0, "axis": "y", "origin": [8, 5.91031, 7.30656]},
			"faces": {
				"north": {"uv": [7, 1, 9, 10], "texture": "#35"},
				"east": {"uv": [8, 1, 10, 10], "texture": "#35"},
				"south": {"uv": [7, 1, 9, 10], "texture": "#35"},
				"west": {"uv": [8, 1, 10, 10], "texture": "#35"},
				"up": {"uv": [7, 8, 9, 10], "texture": "#35"},
				"down": {"uv": [7, 6, 9, 8], "texture": "#35"}
			}
		},
		{
			"from": [13.94375, -0.1325, -0.7175],
			"to": [14.73625, 1.05625, 0.8675],
			"rotation": {"angle": 0, "axis": "y", "origin": [8, 5.91031, 7.30656]},
			"faces": {
				"east": {"uv": [2, 7, 6, 10], "texture": "#35"},
				"west": {"uv": [2, 7, 6, 10], "texture": "#35"},
				"up": {"uv": [7, 2, 9, 6], "texture": "#35"},
				"down": {"uv": [7, 10, 9, 14], "texture": "#35"}
			}
		},
		{
			"from": [13.94375, 2.245, -0.7175],
			"to": [14.73625, 3.43375, 0.8675],
			"rotation": {"angle": 0, "axis": "y", "origin": [8, 5.91031, 7.30656]},
			"faces": {
				"east": {"uv": [2, 1, 6, 4], "texture": "#35"},
				"west": {"uv": [2, 1, 6, 4], "texture": "#35"},
				"up": {"uv": [7, 2, 9, 6], "texture": "#35"},
				"down": {"uv": [7, 10, 9, 14], "texture": "#35"}
			}
		},
		{
			"from": [13.94375, -0.1325, 2.4525],
			"to": [14.73625, 1.05625, 4.0375],
			"rotation": {"angle": 0, "axis": "y", "origin": [8, 5.91031, 7.30656]},
			"faces": {
				"east": {"uv": [10, 7, 14, 10], "texture": "#35"},
				"west": {"uv": [10, 7, 14, 10], "texture": "#35"},
				"up": {"uv": [7, 10, 9, 14], "texture": "#35"},
				"down": {"uv": [7, 2, 9, 6], "texture": "#35"}
			}
		},
		{
			"from": [13.94375, 2.245, 2.4525],
			"to": [14.73625, 3.43375, 4.0375],
			"rotation": {"angle": 0, "axis": "y", "origin": [8, 5.91031, 7.30656]},
			"faces": {
				"east": {"uv": [10, 1, 14, 4], "texture": "#35"},
				"west": {"uv": [10, 1, 14, 4], "texture": "#35"},
				"up": {"uv": [7, 10, 9, 14], "texture": "#35"},
				"down": {"uv": [7, 2, 9, 6], "texture": "#35"}
			}
		},
		{
			"from": [15.60121, 6.68084, 4.83],
			"to": [16.78996, 6.68084, 11.17],
			"shade": false,
			"rotation": {"angle": -45, "axis": "z", "origin": [8, 5.91031, 7.30656]},
			"faces": {
				"up": {"uv": [0, 0, 3, 16], "texture": "#51"},
				"down": {"uv": [3, 0, 0, 16], "rotation": 180, "texture": "#51"}
			}
		},
		{
			"from": [16.19559, 6.08646, 4.83],
			"to": [16.19559, 7.27521, 11.17],
			"shade": false,
			"rotation": {"angle": -45, "axis": "z", "origin": [8, 5.91031, 7.30656]},
			"faces": {
				"east": {"uv": [3, 0, 6, 16], "rotation": 90, "texture": "#51"},
				"west": {"uv": [6, 0, 3, 16], "rotation": 270, "texture": "#51"}
			}
		},
		{
			"from": [12.755, -2.51, 12.755],
			"to": [15.925, 3.83, 15.925],
			"rotation": {"angle": 0, "axis": "y", "origin": [8, 5.91031, 7.30656]},
			"faces": {
				"north": {"uv": [4, 0, 12, 16], "texture": "#50"},
				"east": {"uv": [4, 0, 12, 16], "texture": "#50"},
				"south": {"uv": [4, 0, 12, 16], "texture": "#50"},
				"west": {"uv": [4, 0, 12, 16], "texture": "#50"},
				"up": {"uv": [4, 4, 12, 12], "texture": "#50"},
				"down": {"uv": [4, 4, 12, 12], "texture": "#50"}
			}
		},
		{
			"from": [11.17, -2.51, 13.15125],
			"to": [14.34, 3.0375, 15.52875],
			"rotation": {"angle": 0, "axis": "y", "origin": [8, 5.91031, 7.30656]},
			"faces": {
				"north": {"uv": [8, 2, 16, 16], "texture": "#50"},
				"south": {"uv": [0, 2, 8, 16], "texture": "#50"},
				"up": {"uv": [0, 5, 8, 11], "texture": "#50"},
				"down": {"uv": [0, 5, 8, 11], "texture": "#50"}
			}
		},
		{
			"from": [15.60121, 6.68084, 17.51],
			"to": [16.78996, 6.68084, 23.85],
			"shade": false,
			"rotation": {"angle": -45, "axis": "z", "origin": [8, 5.91031, 7.30656]},
			"faces": {
				"up": {"uv": [0, 0, 3, 16], "texture": "#51"},
				"down": {"uv": [3, 0, 0, 16], "rotation": 180, "texture": "#51"}
			}
		},
		{
			"from": [16.19559, 6.08646, 17.51],
			"to": [16.19559, 7.27521, 23.85],
			"shade": false,
			"rotation": {"angle": -45, "axis": "z", "origin": [8, 5.91031, 7.30656]},
			"faces": {
				"east": {"uv": [3, 0, 6, 16], "rotation": 90, "texture": "#51"},
				"west": {"uv": [6, 0, 3, 16], "rotation": 270, "texture": "#51"}
			}
		},
		{
			"from": [20.28375, -0.52875, -7.85],
			"to": [21.07625, 3.83, -7.0575],
			"rotation": {"angle": 0, "axis": "y", "origin": [8, 5.91031, 7.30656]},
			"faces": {
				"north": {"uv": [7, 0, 9, 11], "texture": "#34"},
				"east": {"uv": [0, 0, 2, 11], "texture": "#34"},
				"south": {"uv": [7, 0, 9, 11], "texture": "#34"},
				"west": {"uv": [0, 0, 2, 11], "texture": "#34"},
				"up": {"uv": [7, 0, 9, 2], "texture": "#34"},
				"down": {"uv": [7, 14, 9, 16], "texture": "#34"}
			}
		},
		{
			"from": [20.28375, -0.52875, -2.3025],
			"to": [21.07625, 3.83, -1.51],
			"rotation": {"angle": 0, "axis": "y", "origin": [8, 5.91031, 7.30656]},
			"faces": {
				"north": {"uv": [7, 0, 9, 11], "texture": "#34"},
				"east": {"uv": [14, 0, 16, 11], "texture": "#34"},
				"south": {"uv": [7, 0, 9, 11], "texture": "#34"},
				"west": {"uv": [14, 0, 16, 11], "texture": "#34"},
				"up": {"uv": [7, 14, 9, 16], "texture": "#34"},
				"down": {"uv": [7, 0, 9, 2], "texture": "#34"}
			}
		},
		{
			"from": [17.90625, -0.1325, -7.85],
			"to": [18.69875, 3.43375, -7.0575],
			"rotation": {"angle": 0, "axis": "y", "origin": [8, 5.91031, 7.30656]},
			"faces": {
				"north": {"uv": [13, 1, 15, 10], "texture": "#34"},
				"east": {"uv": [0, 1, 2, 10], "texture": "#34"},
				"south": {"uv": [13, 1, 15, 10], "texture": "#34"},
				"west": {"uv": [0, 1, 2, 10], "texture": "#34"},
				"up": {"uv": [1, 0, 3, 2], "texture": "#34"},
				"down": {"uv": [13, 14, 15, 16], "texture": "#34"}
			}
		},
		{
			"from": [17.90625, -0.1325, -2.3025],
			"to": [18.69875, 3.43375, -1.51],
			"rotation": {"angle": 0, "axis": "y", "origin": [8, 5.91031, 7.30656]},
			"faces": {
				"north": {"uv": [13, 1, 15, 10], "texture": "#34"},
				"east": {"uv": [14, 1, 16, 10], "texture": "#34"},
				"south": {"uv": [13, 1, 15, 10], "texture": "#34"},
				"west": {"uv": [14, 1, 16, 10], "texture": "#34"},
				"up": {"uv": [1, 14, 3, 16], "texture": "#34"},
				"down": {"uv": [13, 0, 15, 2], "texture": "#34"}
			}
		},
		{
			"from": [18.69875, -0.1325, -7.85],
			"to": [20.28375, 1.05625, -7.0575],
			"rotation": {"angle": 0, "axis": "y", "origin": [8, 5.91031, 7.30656]},
			"faces": {
				"north": {"uv": [13, 7, 15, 10], "texture": "#34"},
				"south": {"uv": [13, 7, 15, 10], "texture": "#34"},
				"up": {"uv": [3, 0, 7, 2], "texture": "#34"},
				"down": {"uv": [9, 14, 13, 16], "texture": "#34"}
			}
		},
		{
			"from": [18.69875, 2.245, -7.85],
			"to": [20.28375, 3.43375, -7.0575],
			"rotation": {"angle": 0, "axis": "y", "origin": [8, 5.91031, 7.30656]},
			"faces": {
				"north": {"uv": [13, 1, 15, 4], "texture": "#34"},
				"south": {"uv": [13, 1, 15, 4], "texture": "#34"},
				"up": {"uv": [3, 0, 7, 2], "texture": "#34"},
				"down": {"uv": [9, 14, 13, 16], "texture": "#34"}
			}
		},
		{
			"from": [18.69875, -0.1325, -2.3025],
			"to": [20.28375, 1.05625, -1.51],
			"rotation": {"angle": 0, "axis": "y", "origin": [8, 5.91031, 7.30656]},
			"faces": {
				"north": {"uv": [13, 7, 15, 10], "texture": "#34"},
				"south": {"uv": [13, 7, 15, 10], "texture": "#34"},
				"up": {"uv": [3, 14, 7, 16], "texture": "#34"},
				"down": {"uv": [9, 0, 13, 2], "texture": "#34"}
			}
		},
		{
			"from": [18.69875, 2.245, -2.3025],
			"to": [20.28375, 3.43375, -1.51],
			"rotation": {"angle": 0, "axis": "y", "origin": [8, 5.91031, 7.30656]},
			"faces": {
				"north": {"uv": [13, 1, 15, 4], "texture": "#34"},
				"south": {"uv": [13, 1, 15, 4], "texture": "#34"},
				"up": {"uv": [3, 14, 7, 16], "texture": "#34"},
				"down": {"uv": [9, 0, 13, 2], "texture": "#34"}
			}
		},
		{
			"from": [-5.4725, 6.2075, -7.85],
			"to": [-3.8875, 7.7925, -7.45375],
			"rotation": {"angle": 0, "axis": "y", "origin": [8, 5.91031, 7.30656]},
			"faces": {
				"north": {"uv": [6, 6, 2, 2], "texture": "#36"},
				"east": {"uv": [2, 6, 6, 7], "rotation": 270, "texture": "#36"},
				"south": {"uv": [2, 2, 6, 6], "rotation": 180, "texture": "#36"},
				"west": {"uv": [2, 6, 6, 7], "rotation": 90, "texture": "#36"},
				"up": {"uv": [2, 6, 6, 7], "rotation": 180, "texture": "#36"},
				"down": {"uv": [2, 6, 6, 7], "texture": "#36"}
			}
		},
		{
			"from": [-5.07625, 6.60375, -7.45375],
			"to": [-4.28375, 7.39625, -1.51],
			"rotation": {"angle": 0, "axis": "y", "origin": [8, 5.91031, 7.30656]},
			"faces": {
				"east": {"uv": [0, 0, 2, 15], "rotation": 270, "texture": "#36"},
				"south": {"uv": [2, 0, 4, 2], "rotation": 180, "texture": "#36"},
				"west": {"uv": [0, 0, 2, 15], "rotation": 90, "texture": "#36"},
				"up": {"uv": [0, 0, 2, 15], "rotation": 180, "texture": "#36"},
				"down": {"uv": [0, 0, 2, 15], "texture": "#36"}
			}
		},
		{
			"from": [-5.4725, 6.2075, 4.43375],
			"to": [-3.8875, 7.7925, 4.83],
			"rotation": {"angle": 0, "axis": "y", "origin": [8, 5.91031, 7.30656]},
			"faces": {
				"north": {"uv": [2, 2, 6, 6], "rotation": 180, "texture": "#36"},
				"east": {"uv": [2, 6, 6, 7], "rotation": 90, "texture": "#36"},
				"south": {"uv": [6, 6, 2, 2], "texture": "#36"},
				"west": {"uv": [2, 6, 6, 7], "rotation": 270, "texture": "#36"},
				"up": {"uv": [2, 6, 6, 7], "texture": "#36"},
				"down": {"uv": [2, 6, 6, 7], "rotation": 180, "texture": "#36"}
			}
		},
		{
			"from": [-5.07625, 6.60375, -1.51],
			"to": [-4.28375, 7.39625, 4.43375],
			"rotation": {"angle": 0, "axis": "y", "origin": [8, 5.91031, 7.30656]},
			"faces": {
				"north": {"uv": [2, 0, 4, 2], "rotation": 180, "texture": "#36"},
				"east": {"uv": [0, 0, 2, 15], "rotation": 90, "texture": "#36"},
				"west": {"uv": [0, 0, 2, 15], "rotation": 270, "texture": "#36"},
				"up": {"uv": [0, 0, 2, 15], "texture": "#36"},
				"down": {"uv": [0, 0, 2, 15], "rotation": 180, "texture": "#36"}
			}
		},
		{
			"from": [-5.4725, 6.2075, 4.83],
			"to": [-3.8875, 7.7925, 5.22625],
			"rotation": {"angle": 0, "axis": "y", "origin": [8, 5.91031, 7.30656]},
			"faces": {
				"north": {"uv": [6, 6, 2, 2], "texture": "#36"},
				"east": {"uv": [2, 6, 6, 7], "rotation": 270, "texture": "#36"},
				"south": {"uv": [2, 2, 6, 6], "rotation": 180, "texture": "#36"},
				"west": {"uv": [2, 6, 6, 7], "rotation": 90, "texture": "#36"},
				"up": {"uv": [2, 6, 6, 7], "rotation": 180, "texture": "#36"},
				"down": {"uv": [2, 6, 6, 7], "texture": "#36"}
			}
		},
		{
			"from": [-5.07625, 6.60375, 5.22625],
			"to": [-4.28375, 7.39625, 11.17],
			"rotation": {"angle": 0, "axis": "y", "origin": [8, 5.91031, 7.30656]},
			"faces": {
				"east": {"uv": [0, 0, 2, 15], "rotation": 270, "texture": "#36"},
				"south": {"uv": [2, 0, 4, 2], "rotation": 180, "texture": "#36"},
				"west": {"uv": [0, 0, 2, 15], "rotation": 90, "texture": "#36"},
				"up": {"uv": [0, 0, 2, 15], "rotation": 180, "texture": "#36"},
				"down": {"uv": [0, 0, 2, 15], "texture": "#36"}
			}
		},
		{
			"from": [-5.4725, 6.2075, 17.11375],
			"to": [-3.8875, 7.7925, 17.51],
			"rotation": {"angle": 0, "axis": "y", "origin": [8, 5.91031, 7.30656]},
			"faces": {
				"north": {"uv": [2, 2, 6, 6], "rotation": 180, "texture": "#36"},
				"east": {"uv": [2, 6, 6, 7], "rotation": 90, "texture": "#36"},
				"south": {"uv": [6, 6, 2, 2], "texture": "#36"},
				"west": {"uv": [2, 6, 6, 7], "rotation": 270, "texture": "#36"},
				"up": {"uv": [2, 6, 6, 7], "texture": "#36"},
				"down": {"uv": [2, 6, 6, 7], "rotation": 180, "texture": "#36"}
			}
		},
		{
			"from": [-5.07625, 6.60375, 11.17],
			"to": [-4.28375, 7.39625, 17.11375],
			"rotation": {"angle": 0, "axis": "y", "origin": [8, 5.91031, 7.30656]},
			"faces": {
				"north": {"uv": [2, 0, 4, 2], "rotation": 180, "texture": "#36"},
				"east": {"uv": [0, 0, 2, 15], "rotation": 90, "texture": "#36"},
				"west": {"uv": [0, 0, 2, 15], "rotation": 270, "texture": "#36"},
				"up": {"uv": [0, 0, 2, 15], "texture": "#36"},
				"down": {"uv": [0, 0, 2, 15], "rotation": 180, "texture": "#36"}
			}
		},
		{
			"from": [-5.4725, 6.2075, 17.51],
			"to": [-3.8875, 7.7925, 17.90625],
			"rotation": {"angle": 0, "axis": "y", "origin": [8, 5.91031, 7.30656]},
			"faces": {
				"north": {"uv": [6, 6, 2, 2], "texture": "#36"},
				"east": {"uv": [2, 6, 6, 7], "rotation": 270, "texture": "#36"},
				"south": {"uv": [2, 2, 6, 6], "rotation": 180, "texture": "#36"},
				"west": {"uv": [2, 6, 6, 7], "rotation": 90, "texture": "#36"},
				"up": {"uv": [2, 6, 6, 7], "rotation": 180, "texture": "#36"},
				"down": {"uv": [2, 6, 6, 7], "texture": "#36"}
			}
		},
		{
			"from": [-5.07625, 6.60375, 17.90625],
			"to": [-4.28375, 7.39625, 23.85],
			"rotation": {"angle": 0, "axis": "y", "origin": [8, 5.91031, 7.30656]},
			"faces": {
				"east": {"uv": [0, 0, 2, 15], "rotation": 270, "texture": "#36"},
				"south": {"uv": [2, 0, 4, 2], "rotation": 180, "texture": "#36"},
				"west": {"uv": [0, 0, 2, 15], "rotation": 90, "texture": "#36"},
				"up": {"uv": [0, 0, 2, 15], "rotation": 180, "texture": "#36"},
				"down": {"uv": [0, 0, 2, 15], "texture": "#36"}
			}
		},
		{
			"from": [-1.51, 7, -7.85],
			"to": [4.83, 10.17, -1.51],
			"rotation": {"angle": 0, "axis": "y", "origin": [8, 5.91031, 7.30656]},
			"faces": {
				"north": {"uv": [0, 0, 16, 8], "texture": "#50"},
				"south": {"uv": [0, 0, 16, 8], "texture": "#50"},
				"west": {"uv": [0, 0, 16, 8], "texture": "#50"},
				"down": {"uv": [0, 0, 16, 16], "texture": "#50"}
			}
		},
		{
			"from": [1.66, 3.83, -7.85],
			"to": [4.83, 7, -1.51],
			"rotation": {"angle": 0, "axis": "y", "origin": [8, 5.91031, 7.30656]},
			"faces": {
				"north": {"uv": [0, 8, 8, 16], "texture": "#50"},
				"south": {"uv": [8, 8, 16, 16], "texture": "#50"},
				"west": {"uv": [0, 8, 16, 16], "texture": "#50"},
				"down": {"uv": [8, 0, 16, 16], "texture": "#50"}
			}
		},
		{
			"from": [-1.51, 7, -1.51],
			"to": [4.83, 10.17, 4.83],
			"rotation": {"angle": 0, "axis": "y", "origin": [8, 5.91031, 7.30656]},
			"faces": {
				"north": {"uv": [0, 0, 16, 8], "texture": "#50"},
				"south": {"uv": [0, 0, 16, 8], "texture": "#50"},
				"west": {"uv": [0, 0, 16, 8], "texture": "#50"},
				"down": {"uv": [0, 0, 16, 16], "texture": "#50"}
			}
		},
		{
			"from": [1.66, 3.83, -1.51],
			"to": [4.83, 7, 4.83],
			"rotation": {"angle": 0, "axis": "y", "origin": [8, 5.91031, 7.30656]},
			"faces": {
				"north": {"uv": [0, 8, 8, 16], "texture": "#50"},
				"south": {"uv": [8, 8, 16, 16], "texture": "#50"},
				"west": {"uv": [0, 8, 16, 16], "texture": "#50"},
				"down": {"uv": [8, 0, 16, 16], "texture": "#50"}
			}
		},
		{
			"from": [-1.51, 7, 4.83],
			"to": [4.83, 10.17, 11.17],
			"rotation": {"angle": 0, "axis": "y", "origin": [8, 5.91031, 7.30656]},
			"faces": {
				"north": {"uv": [0, 0, 16, 8], "texture": "#50"},
				"south": {"uv": [0, 0, 16, 8], "texture": "#50"},
				"west": {"uv": [0, 0, 16, 8], "texture": "#50"},
				"down": {"uv": [0, 0, 16, 16], "texture": "#50"}
			}
		},
		{
			"from": [1.66, 3.83, 4.83],
			"to": [4.83, 7, 11.17],
			"rotation": {"angle": 0, "axis": "y", "origin": [8, 5.91031, 7.30656]},
			"faces": {
				"north": {"uv": [0, 8, 8, 16], "texture": "#50"},
				"south": {"uv": [8, 8, 16, 16], "texture": "#50"},
				"west": {"uv": [0, 8, 16, 16], "texture": "#50"},
				"down": {"uv": [8, 0, 16, 16], "texture": "#50"}
			}
		},
		{
			"from": [-1.51, 7, 11.17],
			"to": [4.83, 10.17, 17.51],
			"rotation": {"angle": 0, "axis": "y", "origin": [8, 5.91031, 7.30656]},
			"faces": {
				"north": {"uv": [0, 0, 16, 8], "texture": "#50"},
				"south": {"uv": [0, 0, 16, 8], "texture": "#50"},
				"west": {"uv": [0, 0, 16, 8], "texture": "#50"},
				"down": {"uv": [0, 0, 16, 16], "texture": "#50"}
			}
		},
		{
			"from": [1.66, 3.83, 11.17],
			"to": [4.83, 7, 17.51],
			"rotation": {"angle": 0, "axis": "y", "origin": [8, 5.91031, 7.30656]},
			"faces": {
				"north": {"uv": [0, 8, 8, 16], "texture": "#50"},
				"south": {"uv": [8, 8, 16, 16], "texture": "#50"},
				"west": {"uv": [0, 8, 16, 16], "texture": "#50"},
				"down": {"uv": [8, 0, 16, 16], "texture": "#50"}
			}
		},
		{
			"from": [-1.51, 7, 17.51],
			"to": [4.83, 10.17, 23.85],
			"rotation": {"angle": 0, "axis": "y", "origin": [8, 5.91031, 7.30656]},
			"faces": {
				"north": {"uv": [0, 0, 16, 8], "texture": "#50"},
				"east": {"uv": [0, 0, 16, 8], "texture": "#50"},
				"south": {"uv": [0, 0, 16, 8], "texture": "#50"},
				"west": {"uv": [0, 0, 16, 8], "texture": "#50"},
				"down": {"uv": [0, 0, 16, 16], "texture": "#50"}
			}
		},
		{
			"from": [1.66, 3.83, 17.51],
			"to": [4.83, 7, 23.85],
			"rotation": {"angle": 0, "axis": "y", "origin": [8, 5.91031, 7.30656]},
			"faces": {
				"north": {"uv": [0, 8, 8, 16], "texture": "#50"},
				"east": {"uv": [0, 8, 16, 16], "texture": "#50"},
				"south": {"uv": [8, 8, 16, 16], "texture": "#50"},
				"west": {"uv": [0, 8, 16, 16], "texture": "#50"},
				"down": {"uv": [8, 0, 16, 16], "texture": "#50"}
			}
		},
		{
			"from": [11.17, 7, -7.85],
			"to": [17.51, 10.17, -1.51],
			"rotation": {"angle": 0, "axis": "y", "origin": [8, 5.91031, 7.30656]},
			"faces": {
				"north": {"uv": [0, 0, 16, 8], "texture": "#50"},
				"east": {"uv": [0, 0, 16, 8], "texture": "#50"},
				"south": {"uv": [0, 0, 16, 8], "texture": "#50"},
				"down": {"uv": [0, 0, 16, 16], "texture": "#50"}
			}
		},
		{
			"from": [11.17, 3.83, -7.85],
			"to": [14.34, 7, -1.51],
			"rotation": {"angle": 0, "axis": "y", "origin": [8, 5.91031, 7.30656]},
			"faces": {
				"north": {"uv": [8, 8, 16, 16], "texture": "#50"},
				"east": {"uv": [0, 8, 16, 16], "texture": "#50"},
				"south": {"uv": [0, 8, 8, 16], "texture": "#50"},
				"down": {"uv": [0, 0, 8, 16], "texture": "#50"}
			}
		},
		{
			"from": [11.17, 7, -1.51],
			"to": [17.51, 10.17, 4.83],
			"rotation": {"angle": 0, "axis": "y", "origin": [8, 5.91031, 7.30656]},
			"faces": {
				"north": {"uv": [0, 0, 16, 8], "texture": "#50"},
				"east": {"uv": [0, 0, 16, 8], "texture": "#50"},
				"south": {"uv": [0, 0, 16, 8], "texture": "#50"},
				"down": {"uv": [0, 0, 16, 16], "texture": "#50"}
			}
		},
		{
			"from": [11.17, 3.83, -1.51],
			"to": [14.34, 7, 4.83],
			"rotation": {"angle": 0, "axis": "y", "origin": [8, 5.91031, 7.30656]},
			"faces": {
				"north": {"uv": [8, 8, 16, 16], "texture": "#50"},
				"east": {"uv": [0, 8, 16, 16], "texture": "#50"},
				"south": {"uv": [0, 8, 8, 16], "texture": "#50"},
				"down": {"uv": [0, 0, 8, 16], "texture": "#50"}
			}
		},
		{
			"from": [11.17, 7, 4.83],
			"to": [17.51, 10.17, 11.17],
			"rotation": {"angle": 0, "axis": "y", "origin": [8, 5.91031, 7.30656]},
			"faces": {
				"north": {"uv": [0, 0, 16, 8], "texture": "#50"},
				"east": {"uv": [0, 0, 16, 8], "texture": "#50"},
				"south": {"uv": [0, 0, 16, 8], "texture": "#50"},
				"down": {"uv": [0, 0, 16, 16], "texture": "#50"}
			}
		},
		{
			"from": [11.17, 3.83, 4.83],
			"to": [14.34, 7, 11.17],
			"rotation": {"angle": 0, "axis": "y", "origin": [8, 5.91031, 7.30656]},
			"faces": {
				"north": {"uv": [8, 8, 16, 16], "texture": "#50"},
				"east": {"uv": [0, 8, 16, 16], "texture": "#50"},
				"south": {"uv": [0, 8, 8, 16], "texture": "#50"},
				"down": {"uv": [0, 0, 8, 16], "texture": "#50"}
			}
		},
		{
			"from": [11.17, 7, 11.17],
			"to": [17.51, 10.17, 17.51],
			"rotation": {"angle": 0, "axis": "y", "origin": [8, 5.91031, 7.30656]},
			"faces": {
				"north": {"uv": [0, 0, 16, 8], "texture": "#50"},
				"east": {"uv": [0, 0, 16, 8], "texture": "#50"},
				"south": {"uv": [0, 0, 16, 8], "texture": "#50"},
				"down": {"uv": [0, 0, 16, 16], "texture": "#50"}
			}
		},
		{
			"from": [11.17, 3.83, 11.17],
			"to": [14.34, 7, 17.51],
			"rotation": {"angle": 0, "axis": "y", "origin": [8, 5.91031, 7.30656]},
			"faces": {
				"north": {"uv": [8, 8, 16, 16], "texture": "#50"},
				"east": {"uv": [0, 8, 16, 16], "texture": "#50"},
				"south": {"uv": [0, 8, 8, 16], "texture": "#50"},
				"down": {"uv": [0, 0, 8, 16], "texture": "#50"}
			}
		},
		{
			"from": [11.17, 7, 17.51],
			"to": [17.51, 10.17, 23.85],
			"rotation": {"angle": 0, "axis": "y", "origin": [8, 5.91031, 7.30656]},
			"faces": {
				"north": {"uv": [0, 0, 16, 8], "texture": "#50"},
				"east": {"uv": [0, 0, 16, 8], "texture": "#50"},
				"south": {"uv": [0, 0, 16, 8], "texture": "#50"},
				"west": {"uv": [0, 0, 16, 8], "texture": "#50"},
				"down": {"uv": [0, 0, 16, 16], "texture": "#50"}
			}
		},
		{
			"from": [11.17, 3.83, 17.51],
			"to": [14.34, 7, 23.85],
			"rotation": {"angle": 0, "axis": "y", "origin": [8, 5.91031, 7.30656]},
			"faces": {
				"north": {"uv": [8, 8, 16, 16], "texture": "#50"},
				"east": {"uv": [0, 8, 16, 16], "texture": "#50"},
				"south": {"uv": [0, 8, 8, 16], "texture": "#50"},
				"west": {"uv": [0, 8, 16, 16], "texture": "#50"},
				"down": {"uv": [0, 0, 8, 16], "texture": "#50"}
			}
		},
		{
			"from": [19.8875, 6.2075, -7.85],
			"to": [21.4725, 7.7925, -7.45375],
			"rotation": {"angle": 0, "axis": "y", "origin": [8, 5.91031, 7.30656]},
			"faces": {
				"north": {"uv": [6, 6, 2, 2], "texture": "#36"},
				"east": {"uv": [2, 6, 6, 7], "rotation": 270, "texture": "#36"},
				"south": {"uv": [2, 2, 6, 6], "rotation": 180, "texture": "#36"},
				"west": {"uv": [2, 6, 6, 7], "rotation": 90, "texture": "#36"},
				"up": {"uv": [2, 6, 6, 7], "rotation": 180, "texture": "#36"},
				"down": {"uv": [2, 6, 6, 7], "texture": "#36"}
			}
		},
		{
			"from": [20.28375, 6.60375, -7.45375],
			"to": [21.07625, 7.39625, -1.51],
			"rotation": {"angle": 0, "axis": "y", "origin": [8, 5.91031, 7.30656]},
			"faces": {
				"east": {"uv": [0, 0, 2, 15], "rotation": 270, "texture": "#36"},
				"south": {"uv": [2, 0, 4, 2], "rotation": 180, "texture": "#36"},
				"west": {"uv": [0, 0, 2, 15], "rotation": 90, "texture": "#36"},
				"up": {"uv": [0, 0, 2, 15], "rotation": 180, "texture": "#36"},
				"down": {"uv": [0, 0, 2, 15], "texture": "#36"}
			}
		},
		{
			"from": [19.8875, 6.2075, 4.43375],
			"to": [21.4725, 7.7925, 4.83],
			"rotation": {"angle": 0, "axis": "y", "origin": [8, 5.91031, 7.30656]},
			"faces": {
				"north": {"uv": [2, 2, 6, 6], "rotation": 180, "texture": "#36"},
				"east": {"uv": [2, 6, 6, 7], "rotation": 90, "texture": "#36"},
				"south": {"uv": [6, 6, 2, 2], "texture": "#36"},
				"west": {"uv": [2, 6, 6, 7], "rotation": 270, "texture": "#36"},
				"up": {"uv": [2, 6, 6, 7], "texture": "#36"},
				"down": {"uv": [2, 6, 6, 7], "rotation": 180, "texture": "#36"}
			}
		},
		{
			"from": [20.28375, 6.60375, -1.51],
			"to": [21.07625, 7.39625, 4.43375],
			"rotation": {"angle": 0, "axis": "y", "origin": [8, 5.91031, 7.30656]},
			"faces": {
				"north": {"uv": [2, 0, 4, 2], "rotation": 180, "texture": "#36"},
				"east": {"uv": [0, 0, 2, 15], "rotation": 90, "texture": "#36"},
				"west": {"uv": [0, 0, 2, 15], "rotation": 270, "texture": "#36"},
				"up": {"uv": [0, 0, 2, 15], "texture": "#36"},
				"down": {"uv": [0, 0, 2, 15], "rotation": 180, "texture": "#36"}
			}
		},
		{
			"from": [19.8875, 6.2075, 4.83],
			"to": [21.4725, 7.7925, 5.22625],
			"rotation": {"angle": 0, "axis": "y", "origin": [8, 5.91031, 7.30656]},
			"faces": {
				"north": {"uv": [6, 6, 2, 2], "texture": "#36"},
				"east": {"uv": [2, 6, 6, 7], "rotation": 270, "texture": "#36"},
				"south": {"uv": [2, 2, 6, 6], "rotation": 180, "texture": "#36"},
				"west": {"uv": [2, 6, 6, 7], "rotation": 90, "texture": "#36"},
				"up": {"uv": [2, 6, 6, 7], "rotation": 180, "texture": "#36"},
				"down": {"uv": [2, 6, 6, 7], "texture": "#36"}
			}
		},
		{
			"from": [20.28375, 6.60375, 5.22625],
			"to": [21.07625, 7.39625, 11.17],
			"rotation": {"angle": 0, "axis": "y", "origin": [8, 5.91031, 7.30656]},
			"faces": {
				"east": {"uv": [0, 0, 2, 15], "rotation": 270, "texture": "#36"},
				"south": {"uv": [2, 0, 4, 2], "rotation": 180, "texture": "#36"},
				"west": {"uv": [0, 0, 2, 15], "rotation": 90, "texture": "#36"},
				"up": {"uv": [0, 0, 2, 15], "rotation": 180, "texture": "#36"},
				"down": {"uv": [0, 0, 2, 15], "texture": "#36"}
			}
		},
		{
			"from": [19.8875, 6.2075, 17.11375],
			"to": [21.4725, 7.7925, 17.51],
			"rotation": {"angle": 0, "axis": "y", "origin": [8, 5.91031, 7.30656]},
			"faces": {
				"north": {"uv": [2, 2, 6, 6], "rotation": 180, "texture": "#36"},
				"east": {"uv": [2, 6, 6, 7], "rotation": 90, "texture": "#36"},
				"south": {"uv": [6, 6, 2, 2], "texture": "#36"},
				"west": {"uv": [2, 6, 6, 7], "rotation": 270, "texture": "#36"},
				"up": {"uv": [2, 6, 6, 7], "texture": "#36"},
				"down": {"uv": [2, 6, 6, 7], "rotation": 180, "texture": "#36"}
			}
		},
		{
			"from": [20.28375, 6.60375, 11.17],
			"to": [21.07625, 7.39625, 17.11375],
			"rotation": {"angle": 0, "axis": "y", "origin": [8, 5.91031, 7.30656]},
			"faces": {
				"north": {"uv": [2, 0, 4, 2], "rotation": 180, "texture": "#36"},
				"east": {"uv": [0, 0, 2, 15], "rotation": 90, "texture": "#36"},
				"west": {"uv": [0, 0, 2, 15], "rotation": 270, "texture": "#36"},
				"up": {"uv": [0, 0, 2, 15], "texture": "#36"},
				"down": {"uv": [0, 0, 2, 15], "rotation": 180, "texture": "#36"}
			}
		},
		{
			"from": [19.8875, 6.2075, 17.51],
			"to": [21.4725, 7.7925, 17.90625],
			"rotation": {"angle": 0, "axis": "y", "origin": [8, 5.91031, 7.30656]},
			"faces": {
				"north": {"uv": [6, 6, 2, 2], "texture": "#36"},
				"east": {"uv": [2, 6, 6, 7], "rotation": 270, "texture": "#36"},
				"south": {"uv": [2, 2, 6, 6], "rotation": 180, "texture": "#36"},
				"west": {"uv": [2, 6, 6, 7], "rotation": 90, "texture": "#36"},
				"up": {"uv": [2, 6, 6, 7], "rotation": 180, "texture": "#36"},
				"down": {"uv": [2, 6, 6, 7], "texture": "#36"}
			}
		},
		{
			"from": [20.28375, 6.60375, 17.90625],
			"to": [21.07625, 7.39625, 23.85],
			"rotation": {"angle": 0, "axis": "y", "origin": [8, 5.91031, 7.30656]},
			"faces": {
				"east": {"uv": [0, 0, 2, 15], "rotation": 270, "texture": "#36"},
				"south": {"uv": [2, 0, 4, 2], "rotation": 180, "texture": "#36"},
				"west": {"uv": [0, 0, 2, 15], "rotation": 90, "texture": "#36"},
				"up": {"uv": [0, 0, 2, 15], "rotation": 180, "texture": "#36"},
				"down": {"uv": [0, 0, 2, 15], "texture": "#36"}
			}
		},
		{
			"from": [-2.3025, 12.5475, -5.86875],
			"to": [-1.51, 14.1325, -3.49125],
			"rotation": {"angle": 0, "axis": "y", "origin": [8, 5.91031, 7.30656]},
			"faces": {
				"north": {"uv": [0, 6, 2, 10], "texture": "#43"},
				"south": {"uv": [14, 6, 16, 10], "texture": "#43"},
				"west": {"uv": [5, 6, 11, 10], "texture": "#43"},
				"up": {"uv": [14, 5, 16, 11], "texture": "#43"},
				"down": {"uv": [14, 5, 16, 11], "texture": "#43"}
			}
		},
		{
			"from": [-2.3025, 12.5475, 6.81125],
			"to": [-1.51, 14.1325, 9.18875],
			"rotation": {"angle": 0, "axis": "y", "origin": [8, 5.91031, 7.30656]},
			"faces": {
				"north": {"uv": [0, 6, 2, 10], "texture": "#43"},
				"south": {"uv": [14, 6, 16, 10], "texture": "#43"},
				"west": {"uv": [5, 6, 11, 10], "texture": "#43"},
				"up": {"uv": [14, 5, 16, 11], "texture": "#43"},
				"down": {"uv": [14, 5, 16, 11], "texture": "#43"}
			}
		},
		{
			"from": [-6.81407, 2.19778, 11.17],
			"to": [-5.62532, 2.19778, 17.51],
			"shade": false,
			"rotation": {"angle": -45, "axis": "z", "origin": [8, 5.91031, 7.30656]},
			"faces": {
				"up": {"uv": [0, 0, 3, 16], "texture": "#51"},
				"down": {"uv": [3, 0, 0, 16], "rotation": 180, "texture": "#51"}
			}
		},
		{
			"from": [-6.2197, 1.60341, 11.17],
			"to": [-6.2197, 2.79216, 17.51],
			"shade": false,
			"rotation": {"angle": -45, "axis": "z", "origin": [8, 5.91031, 7.30656]},
			"faces": {
				"east": {"uv": [3, 0, 6, 16], "rotation": 90, "texture": "#51"},
				"west": {"uv": [6, 0, 3, 16], "rotation": 270, "texture": "#51"}
			}
		},
		{
			"from": [-6.81407, 2.19778, 17.51],
			"to": [-5.62532, 2.19778, 23.85],
			"shade": false,
			"rotation": {"angle": -45, "axis": "z", "origin": [8, 5.91031, 7.30656]},
			"faces": {
				"up": {"uv": [0, 0, 3, 16], "texture": "#51"},
				"down": {"uv": [3, 0, 0, 16], "rotation": 180, "texture": "#51"}
			}
		},
		{
			"from": [-6.2197, 1.60341, 17.51],
			"to": [-6.2197, 2.79216, 23.85],
			"shade": false,
			"rotation": {"angle": -45, "axis": "z", "origin": [8, 5.91031, 7.30656]},
			"faces": {
				"east": {"uv": [3, 0, 6, 16], "rotation": 90, "texture": "#51"},
				"west": {"uv": [6, 0, 3, 16], "rotation": 270, "texture": "#51"}
			}
		},
		{
			"from": [17.51, 12.5475, -5.86875],
			"to": [18.3025, 14.1325, -3.49125],
			"rotation": {"angle": 0, "axis": "y", "origin": [8, 5.91031, 7.30656]},
			"faces": {
				"north": {"uv": [14, 6, 16, 10], "texture": "#43"},
				"east": {"uv": [5, 6, 11, 10], "texture": "#43"},
				"south": {"uv": [0, 6, 2, 10], "texture": "#43"},
				"up": {"uv": [0, 5, 2, 11], "texture": "#43"},
				"down": {"uv": [0, 5, 2, 11], "texture": "#43"}
			}
		},
		{
			"from": [17.51, 12.5475, 6.81125],
			"to": [18.3025, 14.1325, 9.18875],
			"rotation": {"angle": 0, "axis": "y", "origin": [8, 5.91031, 7.30656]},
			"faces": {
				"north": {"uv": [14, 6, 16, 10], "texture": "#43"},
				"east": {"uv": [5, 6, 11, 10], "texture": "#43"},
				"south": {"uv": [0, 6, 2, 10], "texture": "#43"},
				"up": {"uv": [0, 5, 2, 11], "texture": "#43"},
				"down": {"uv": [0, 5, 2, 11], "texture": "#43"}
			}
		},
		{
			"from": [11.11816, 20.13001, 11.17],
			"to": [12.30691, 20.13001, 17.51],
			"shade": false,
			"rotation": {"angle": -45, "axis": "z", "origin": [8, 5.91031, 7.30656]},
			"faces": {
				"up": {"uv": [0, 0, 3, 16], "texture": "#51"},
				"down": {"uv": [3, 0, 0, 16], "rotation": 180, "texture": "#51"}
			}
		},
		{
			"from": [11.71253, 19.53563, 11.17],
			"to": [11.71253, 20.72438, 17.51],
			"shade": false,
			"rotation": {"angle": -45, "axis": "z", "origin": [8, 5.91031, 7.30656]},
			"faces": {
				"east": {"uv": [3, 0, 6, 16], "rotation": 90, "texture": "#51"},
				"west": {"uv": [6, 0, 3, 16], "rotation": 270, "texture": "#51"}
			}
		},
		{
			"from": [11.11816, 20.13001, 17.51],
			"to": [12.30691, 20.13001, 23.85],
			"shade": false,
			"rotation": {"angle": -45, "axis": "z", "origin": [8, 5.91031, 7.30656]},
			"faces": {
				"up": {"uv": [0, 0, 3, 16], "texture": "#51"},
				"down": {"uv": [3, 0, 0, 16], "rotation": 180, "texture": "#51"}
			}
		},
		{
			"from": [11.71253, 19.53563, 17.51],
			"to": [11.71253, 20.72438, 23.85],
			"shade": false,
			"rotation": {"angle": -45, "axis": "z", "origin": [8, 5.91031, 7.30656]},
			"faces": {
				"east": {"uv": [3, 0, 6, 16], "rotation": 90, "texture": "#51"},
				"west": {"uv": [6, 0, 3, 16], "rotation": 270, "texture": "#51"}
			}
		},
		{
			"from": [-11.29713, 6.68084, -7.85],
			"to": [-10.10838, 6.68084, -1.51],
			"shade": false,
			"rotation": {"angle": -45, "axis": "z", "origin": [8, 5.91031, 7.30656]},
			"faces": {
				"up": {"uv": [0, 0, 3, 16], "texture": "#51"},
				"down": {"uv": [3, 0, 0, 16], "rotation": 180, "texture": "#51"}
			}
		},
		{
			"from": [-10.70275, 6.08646, -7.85],
			"to": [-10.70275, 7.27521, -1.51],
			"shade": false,
			"rotation": {"angle": -45, "axis": "z", "origin": [8, 5.91031, 7.30656]},
			"faces": {
				"east": {"uv": [3, 0, 6, 16], "rotation": 90, "texture": "#51"},
				"west": {"uv": [6, 0, 3, 16], "rotation": 270, "texture": "#51"}
			}
		},
		{
			"from": [-11.29713, 6.68084, -1.51],
			"to": [-10.10838, 6.68084, 4.83],
			"shade": false,
			"rotation": {"angle": -45, "axis": "z", "origin": [8, 5.91031, 7.30656]},
			"faces": {
				"up": {"uv": [0, 0, 3, 16], "texture": "#51"},
				"down": {"uv": [3, 0, 0, 16], "rotation": 180, "texture": "#51"}
			}
		},
		{
			"from": [-10.70275, 6.08646, -1.51],
			"to": [-10.70275, 7.27521, 4.83],
			"shade": false,
			"rotation": {"angle": -45, "axis": "z", "origin": [8, 5.91031, 7.30656]},
			"faces": {
				"east": {"uv": [3, 0, 6, 16], "rotation": 90, "texture": "#51"},
				"west": {"uv": [6, 0, 3, 16], "rotation": 270, "texture": "#51"}
			}
		},
		{
			"from": [-11.29713, 6.68084, 4.83],
			"to": [-10.10838, 6.68084, 11.17],
			"shade": false,
			"rotation": {"angle": -45, "axis": "z", "origin": [8, 5.91031, 7.30656]},
			"faces": {
				"up": {"uv": [0, 0, 3, 16], "texture": "#51"},
				"down": {"uv": [3, 0, 0, 16], "rotation": 180, "texture": "#51"}
			}
		},
		{
			"from": [-10.70275, 6.08646, 4.83],
			"to": [-10.70275, 7.27521, 11.17],
			"shade": false,
			"rotation": {"angle": -45, "axis": "z", "origin": [8, 5.91031, 7.30656]},
			"faces": {
				"east": {"uv": [3, 0, 6, 16], "rotation": 90, "texture": "#51"},
				"west": {"uv": [6, 0, 3, 16], "rotation": 270, "texture": "#51"}
			}
		},
		{
			"from": [-11.29713, 6.68084, 11.17],
			"to": [-10.10838, 6.68084, 17.51],
			"shade": false,
			"rotation": {"angle": -45, "axis": "z", "origin": [8, 5.91031, 7.30656]},
			"faces": {
				"up": {"uv": [0, 0, 3, 16], "texture": "#51"},
				"down": {"uv": [3, 0, 0, 16], "rotation": 180, "texture": "#51"}
			}
		},
		{
			"from": [-10.70275, 6.08646, 11.17],
			"to": [-10.70275, 7.27521, 17.51],
			"shade": false,
			"rotation": {"angle": -45, "axis": "z", "origin": [8, 5.91031, 7.30656]},
			"faces": {
				"east": {"uv": [3, 0, 6, 16], "rotation": 90, "texture": "#51"},
				"west": {"uv": [6, 0, 3, 16], "rotation": 270, "texture": "#51"}
			}
		},
		{
			"from": [-11.29713, 6.68084, 17.51],
			"to": [-10.10838, 6.68084, 23.85],
			"shade": false,
			"rotation": {"angle": -45, "axis": "z", "origin": [8, 5.91031, 7.30656]},
			"faces": {
				"up": {"uv": [0, 0, 3, 16], "texture": "#51"},
				"down": {"uv": [3, 0, 0, 16], "rotation": 180, "texture": "#51"}
			}
		},
		{
			"from": [-10.70275, 6.08646, 17.51],
			"to": [-10.70275, 7.27521, 23.85],
			"shade": false,
			"rotation": {"angle": -45, "axis": "z", "origin": [8, 5.91031, 7.30656]},
			"faces": {
				"east": {"uv": [3, 0, 6, 16], "rotation": 90, "texture": "#51"},
				"west": {"uv": [6, 0, 3, 16], "rotation": 270, "texture": "#51"}
			}
		},
		{
			"from": [-1.51, 16.51, -7.85],
			"to": [4.83, 19.68, -1.51],
			"rotation": {"angle": 0, "axis": "y", "origin": [8, 5.91031, 7.30656]},
			"faces": {
				"north": {"uv": [0, 8, 16, 16], "texture": "#50"},
				"west": {"uv": [0, 8, 16, 16], "texture": "#50"},
				"up": {"uv": [0, 0, 16, 16], "texture": "#50"}
			}
		},
		{
			"from": [1.66, 19.68, -7.85],
			"to": [4.83, 22.85, -1.51],
			"rotation": {"angle": 0, "axis": "y", "origin": [8, 5.91031, 7.30656]},
			"faces": {
				"north": {"uv": [0, 0, 8, 8], "texture": "#50"},
				"west": {"uv": [0, 0, 16, 8], "texture": "#50"},
				"up": {"uv": [8, 0, 16, 16], "texture": "#50"}
			}
		},
		{
			"from": [-1.51, 16.51, 17.51],
			"to": [4.83, 19.68, 23.85],
			"rotation": {"angle": 0, "axis": "y", "origin": [8, 5.91031, 7.30656]},
			"faces": {
				"south": {"uv": [0, 8, 16, 16], "texture": "#50"},
				"west": {"uv": [0, 8, 16, 16], "texture": "#50"},
				"up": {"uv": [0, 0, 16, 16], "texture": "#50"}
			}
		},
		{
			"from": [1.66, 19.68, 17.51],
			"to": [4.83, 22.85, 23.85],
			"rotation": {"angle": 0, "axis": "y", "origin": [8, 5.91031, 7.30656]},
			"faces": {
				"south": {"uv": [8, 0, 16, 8], "texture": "#50"},
				"west": {"uv": [0, 0, 16, 8], "texture": "#50"},
				"up": {"uv": [8, 0, 16, 16], "texture": "#50"}
			}
		},
		{
			"from": [11.17, 16.51, -7.85],
			"to": [17.51, 19.68, -1.51],
			"rotation": {"angle": 0, "axis": "y", "origin": [8, 5.91031, 7.30656]},
			"faces": {
				"north": {"uv": [0, 8, 16, 16], "texture": "#50"},
				"east": {"uv": [0, 8, 16, 16], "texture": "#50"},
				"up": {"uv": [0, 0, 16, 16], "texture": "#50"}
			}
		},
		{
			"from": [11.17, 19.68, -7.85],
			"to": [14.34, 22.85, -1.51],
			"rotation": {"angle": 0, "axis": "y", "origin": [8, 5.91031, 7.30656]},
			"faces": {
				"north": {"uv": [8, 0, 16, 8], "texture": "#50"},
				"east": {"uv": [0, 0, 16, 8], "texture": "#50"},
				"up": {"uv": [0, 0, 8, 16], "texture": "#50"}
			}
		},
		{
			"from": [11.17, 16.51, 17.51],
			"to": [17.51, 19.68, 23.85],
			"rotation": {"angle": 0, "axis": "y", "origin": [8, 5.91031, 7.30656]},
			"faces": {
				"east": {"uv": [0, 8, 16, 16], "texture": "#50"},
				"south": {"uv": [0, 8, 16, 16], "texture": "#50"},
				"up": {"uv": [0, 0, 16, 16], "texture": "#50"}
			}
		},
		{
			"from": [11.17, 19.68, 17.51],
			"to": [14.34, 22.85, 23.85],
			"rotation": {"angle": 0, "axis": "y", "origin": [8, 5.91031, 7.30656]},
			"faces": {
				"east": {"uv": [0, 0, 16, 8], "texture": "#50"},
				"south": {"uv": [0, 0, 8, 8], "texture": "#50"},
				"up": {"uv": [0, 0, 8, 16], "texture": "#50"}
			}
		},
		{
			"from": [6.6351, 24.61307, -7.85],
			"to": [7.82385, 24.61307, -1.51],
			"shade": false,
			"rotation": {"angle": -45, "axis": "z", "origin": [8, 5.91031, 7.30656]},
			"faces": {
				"up": {"uv": [0, 0, 3, 16], "texture": "#51"},
				"down": {"uv": [3, 0, 0, 16], "rotation": 180, "texture": "#51"}
			}
		},
		{
			"from": [7.22947, 24.01869, -7.85],
			"to": [7.22947, 25.20744, -1.51],
			"shade": false,
			"rotation": {"angle": -45, "axis": "z", "origin": [8, 5.91031, 7.30656]},
			"faces": {
				"east": {"uv": [3, 0, 6, 16], "rotation": 90, "texture": "#51"},
				"west": {"uv": [6, 0, 3, 16], "rotation": 270, "texture": "#51"}
			}
		},
		{
			"from": [6.6351, 24.61307, -1.51],
			"to": [7.82385, 24.61307, 4.83],
			"shade": false,
			"rotation": {"angle": -45, "axis": "z", "origin": [8, 5.91031, 7.30656]},
			"faces": {
				"up": {"uv": [0, 0, 3, 16], "texture": "#51"},
				"down": {"uv": [3, 0, 0, 16], "rotation": 180, "texture": "#51"}
			}
		},
		{
			"from": [7.22947, 24.01869, -1.51],
			"to": [7.22947, 25.20744, 4.83],
			"shade": false,
			"rotation": {"angle": -45, "axis": "z", "origin": [8, 5.91031, 7.30656]},
			"faces": {
				"east": {"uv": [3, 0, 6, 16], "rotation": 90, "texture": "#51"},
				"west": {"uv": [6, 0, 3, 16], "rotation": 270, "texture": "#51"}
			}
		},
		{
			"from": [6.6351, 24.61307, 4.83],
			"to": [7.82385, 24.61307, 11.17],
			"shade": false,
			"rotation": {"angle": -45, "axis": "z", "origin": [8, 5.91031, 7.30656]},
			"faces": {
				"up": {"uv": [0, 0, 3, 16], "texture": "#51"},
				"down": {"uv": [3, 0, 0, 16], "rotation": 180, "texture": "#51"}
			}
		},
		{
			"from": [7.22947, 24.01869, 4.83],
			"to": [7.22947, 25.20744, 11.17],
			"shade": false,
			"rotation": {"angle": -45, "axis": "z", "origin": [8, 5.91031, 7.30656]},
			"faces": {
				"east": {"uv": [3, 0, 6, 16], "rotation": 90, "texture": "#51"},
				"west": {"uv": [6, 0, 3, 16], "rotation": 270, "texture": "#51"}
			}
		},
		{
			"from": [6.6351, 24.61307, 11.17],
			"to": [7.82385, 24.61307, 17.51],
			"shade": false,
			"rotation": {"angle": -45, "axis": "z", "origin": [8, 5.91031, 7.30656]},
			"faces": {
				"up": {"uv": [0, 0, 3, 16], "texture": "#51"},
				"down": {"uv": [3, 0, 0, 16], "rotation": 180, "texture": "#51"}
			}
		},
		{
			"from": [7.22947, 24.01869, 11.17],
			"to": [7.22947, 25.20744, 17.51],
			"shade": false,
			"rotation": {"angle": -45, "axis": "z", "origin": [8, 5.91031, 7.30656]},
			"faces": {
				"east": {"uv": [3, 0, 6, 16], "rotation": 90, "texture": "#51"},
				"west": {"uv": [6, 0, 3, 16], "rotation": 270, "texture": "#51"}
			}
		},
		{
			"from": [6.6351, 24.61307, 17.51],
			"to": [7.82385, 24.61307, 23.85],
			"shade": false,
			"rotation": {"angle": -45, "axis": "z", "origin": [8, 5.91031, 7.30656]},
			"faces": {
				"up": {"uv": [0, 0, 3, 16], "texture": "#51"},
				"down": {"uv": [3, 0, 0, 16], "rotation": 180, "texture": "#51"}
			}
		},
		{
			"from": [7.22947, 24.01869, 17.51],
			"to": [7.22947, 25.20744, 23.85],
			"shade": false,
			"rotation": {"angle": -45, "axis": "z", "origin": [8, 5.91031, 7.30656]},
			"faces": {
				"east": {"uv": [3, 0, 6, 16], "rotation": 90, "texture": "#51"},
				"west": {"uv": [6, 0, 3, 16], "rotation": 270, "texture": "#51"}
			}
		},
		{
			"from": [1.26375, 22.85, 1.26375],
			"to": [2.05625, 25.2275, 2.05625],
			"rotation": {"angle": 0, "axis": "y", "origin": [8, 5.91031, 7.30656]},
			"faces": {
				"north": {"uv": [0, 8, 2, 14], "texture": "#37"},
				"east": {"uv": [0, 8, 2, 14], "texture": "#37"},
				"south": {"uv": [0, 8, 2, 14], "texture": "#37"},
				"west": {"uv": [0, 8, 2, 14], "texture": "#37"},
				"up": {"uv": [0, 6, 2, 8], "texture": "#37"}
			}
		},
		{
			"from": [7.31154, 25.2275, -1.16922],
			"to": [7.70779, 25.62375, -1.16922],
			"rotation": {"angle": 45, "axis": "y", "origin": [8, 5.91031, 7.30656]},
			"faces": {
				"north": {"uv": [0, 5, 1, 6], "texture": "#37"},
				"south": {"uv": [0, 5, 1, 6], "texture": "#37"}
			}
		},
		{
			"from": [-0.6739, 25.2275, 7.7969],
			"to": [-0.27765, 25.62375, 7.7969],
			"rotation": {"angle": -45, "axis": "y", "origin": [8, 5.91031, 7.30656]},
			"faces": {
				"north": {"uv": [0, 5, 1, 6], "texture": "#37"},
				"south": {"uv": [0, 5, 1, 6], "texture": "#37"}
			}
		},
		{
			"from": [1.26375, 22.85, 7.60375],
			"to": [2.05625, 25.2275, 8.39625],
			"rotation": {"angle": 0, "axis": "y", "origin": [8, 5.91031, 7.30656]},
			"faces": {
				"north": {"uv": [0, 8, 2, 14], "texture": "#37"},
				"east": {"uv": [0, 8, 2, 14], "texture": "#37"},
				"south": {"uv": [0, 8, 2, 14], "texture": "#37"},
				"west": {"uv": [0, 8, 2, 14], "texture": "#37"},
				"up": {"uv": [0, 6, 2, 8], "texture": "#37"}
			}
		},
		{
			"from": [2.82848, 25.2275, 3.31384],
			"to": [3.22473, 25.62375, 3.31384],
			"rotation": {"angle": 45, "axis": "y", "origin": [8, 5.91031, 7.30656]},
			"faces": {
				"north": {"uv": [0, 5, 1, 6], "texture": "#37"},
				"south": {"uv": [0, 5, 1, 6], "texture": "#37"}
			}
		},
		{
			"from": [3.80915, 25.2275, 12.27995],
			"to": [4.2054, 25.62375, 12.27995],
			"rotation": {"angle": -45, "axis": "y", "origin": [8, 5.91031, 7.30656]},
			"faces": {
				"north": {"uv": [0, 5, 1, 6], "texture": "#37"},
				"south": {"uv": [0, 5, 1, 6], "texture": "#37"}
			}
		},
		{
			"from": [1.26375, 22.85, 13.94375],
			"to": [2.05625, 25.2275, 14.73625],
			"rotation": {"angle": 0, "axis": "y", "origin": [8, 5.91031, 7.30656]},
			"faces": {
				"north": {"uv": [0, 8, 2, 14], "texture": "#37"},
				"east": {"uv": [0, 8, 2, 14], "texture": "#37"},
				"south": {"uv": [0, 8, 2, 14], "texture": "#37"},
				"west": {"uv": [0, 8, 2, 14], "texture": "#37"},
				"up": {"uv": [0, 6, 2, 8], "texture": "#37"}
			}
		},
		{
			"from": [-1.65457, 25.2275, 7.7969],
			"to": [-1.25832, 25.62375, 7.7969],
			"rotation": {"angle": 45, "axis": "y", "origin": [8, 5.91031, 7.30656]},
			"faces": {
				"north": {"uv": [0, 5, 1, 6], "texture": "#37"},
				"south": {"uv": [0, 5, 1, 6], "texture": "#37"}
			}
		},
		{
			"from": [8.29221, 25.2275, 16.76301],
			"to": [8.68846, 25.62375, 16.76301],
			"rotation": {"angle": -45, "axis": "y", "origin": [8, 5.91031, 7.30656]},
			"faces": {
				"north": {"uv": [0, 5, 1, 6], "texture": "#37"},
				"south": {"uv": [0, 5, 1, 6], "texture": "#37"}
			}
		},
		{
			"from": [6.81125, 22.84208, -6.265],
			"to": [9.18875, 24.03083, -3.095],
			"rotation": {"angle": 0, "axis": "y", "origin": [8, 5.91031, 7.30656]},
			"faces": {
				"north": {"uv": [5, 0, 11, 3], "texture": "#52"},
				"east": {"uv": [4, 0, 12, 3], "texture": "#52"},
				"south": {"uv": [5, 0, 11, 3], "texture": "#52"},
				"west": {"uv": [4, 0, 12, 3], "texture": "#52"},
				"up": {"uv": [5, 4, 11, 12], "rotation": 180, "texture": "#52"}
			}
		},
		{
			"from": [7.60375, 9.69289, -13.82383],
			"to": [8.39625, 13.65539, -13.03133],
			"rotation": {"angle": 45, "axis": "x", "origin": [8, 5.91031, 7.30656]},
			"faces": {
				"north": {"uv": [7, 6, 9, 16], "texture": "#38"},
				"east": {"uv": [7, 6, 9, 16], "texture": "#38"},
				"south": {"uv": [7, 6, 9, 16], "texture": "#38"},
				"west": {"uv": [7, 6, 9, 16], "texture": "#38"},
				"up": {"uv": [7, 6, 9, 8], "rotation": 180, "texture": "#38"}
			}
		},
		{
			"from": [4.83, 22.85, -1.51],
			"to": [11.17, 26.02, 4.83],
			"rotation": {"angle": 0, "axis": "y", "origin": [8, 5.91031, 7.30656]},
			"faces": {
				"north": {"uv": [0, 8, 16, 16], "texture": "#43"},
				"east": {"uv": [0, 8, 16, 16], "texture": "#43"},
				"west": {"uv": [0, 8, 16, 16], "texture": "#43"},
				"up": {"uv": [0, 0, 16, 16], "texture": "#43"}
			}
		},
		{
			"from": [4.83, 22.85, 4.83],
			"to": [11.17, 26.02, 11.17],
			"rotation": {"angle": 0, "axis": "y", "origin": [8, 24.435, 8]},
			"faces": {
				"east": {"uv": [0, 8, 16, 16], "texture": "#43"},
				"west": {"uv": [0, 8, 16, 16], "texture": "#43"},
				"up": {"uv": [0, 0, 16, 16], "texture": "#43"}
			}
		},
		{
			"from": [4.83, 22.85, 11.17],
			"to": [11.17, 26.02, 17.51],
			"rotation": {"angle": 0, "axis": "y", "origin": [8, 5.91031, 7.30656]},
			"faces": {
				"east": {"uv": [0, 8, 16, 16], "texture": "#43"},
				"south": {"uv": [0, 8, 16, 16], "texture": "#43"},
				"west": {"uv": [0, 8, 16, 16], "texture": "#43"},
				"up": {"uv": [0, 0, 16, 16], "texture": "#43"}
			}
		},
		{
			"from": [6.81125, 22.84208, 19.095],
			"to": [9.18875, 24.03083, 22.265],
			"rotation": {"angle": 0, "axis": "y", "origin": [8, 5.91031, 7.30656]},
			"faces": {
				"north": {"uv": [5, 0, 11, 3], "texture": "#52"},
				"east": {"uv": [4, 0, 12, 3], "texture": "#52"},
				"south": {"uv": [5, 0, 11, 3], "texture": "#52"},
				"west": {"uv": [4, 0, 12, 3], "texture": "#52"},
				"up": {"uv": [5, 4, 11, 12], "texture": "#52"}
			}
		},
		{
			"from": [7.60375, 8.71222, 28.62512],
			"to": [8.39625, 12.67472, 29.41762],
			"rotation": {"angle": -45, "axis": "x", "origin": [8, 5.91031, 7.30656]},
			"faces": {
				"north": {"uv": [7, 6, 9, 16], "texture": "#38"},
				"east": {"uv": [7, 6, 9, 16], "texture": "#38"},
				"south": {"uv": [7, 6, 9, 16], "texture": "#38"},
				"west": {"uv": [7, 6, 9, 16], "texture": "#38"},
				"up": {"uv": [7, 6, 9, 8], "texture": "#38"}
			}
		},
		{
			"from": [13.94375, 22.85, 1.26375],
			"to": [14.73625, 25.2275, 2.05625],
			"rotation": {"angle": 0, "axis": "y", "origin": [8, 5.91031, 7.30656]},
			"faces": {
				"north": {"uv": [0, 8, 2, 14], "texture": "#37"},
				"east": {"uv": [0, 8, 2, 14], "texture": "#37"},
				"south": {"uv": [0, 8, 2, 14], "texture": "#37"},
				"west": {"uv": [0, 8, 2, 14], "texture": "#37"},
				"up": {"uv": [0, 6, 2, 8], "texture": "#37"}
			}
		},
		{
			"from": [16.27765, 25.2275, 7.7969],
			"to": [16.6739, 25.62375, 7.7969],
			"rotation": {"angle": 45, "axis": "y", "origin": [8, 5.91031, 7.30656]},
			"faces": {
				"north": {"uv": [0, 5, 1, 6], "texture": "#37"},
				"south": {"uv": [0, 5, 1, 6], "texture": "#37"}
			}
		},
		{
			"from": [8.29221, 25.2275, -1.16922],
			"to": [8.68846, 25.62375, -1.16922],
			"rotation": {"angle": -45, "axis": "y", "origin": [8, 5.91031, 7.30656]},
			"faces": {
				"north": {"uv": [0, 5, 1, 6], "texture": "#37"},
				"south": {"uv": [0, 5, 1, 6], "texture": "#37"}
			}
		},
		{
			"from": [13.94375, 22.85, 7.60375],
			"to": [14.73625, 25.2275, 8.39625],
			"rotation": {"angle": 0, "axis": "y", "origin": [8, 5.91031, 7.30656]},
			"faces": {
				"north": {"uv": [0, 8, 2, 14], "texture": "#37"},
				"east": {"uv": [0, 8, 2, 14], "texture": "#37"},
				"south": {"uv": [0, 8, 2, 14], "texture": "#37"},
				"west": {"uv": [0, 8, 2, 14], "texture": "#37"},
				"up": {"uv": [0, 6, 2, 8], "texture": "#37"}
			}
		},
		{
			"from": [11.7946, 25.2275, 12.27995],
			"to": [12.19085, 25.62375, 12.27995],
			"rotation": {"angle": 45, "axis": "y", "origin": [8, 5.91031, 7.30656]},
			"faces": {
				"north": {"uv": [0, 5, 1, 6], "texture": "#37"},
				"south": {"uv": [0, 5, 1, 6], "texture": "#37"}
			}
		},
		{
			"from": [12.77527, 25.2275, 3.31384],
			"to": [13.17152, 25.62375, 3.31384],
			"rotation": {"angle": -45, "axis": "y", "origin": [8, 5.91031, 7.30656]},
			"faces": {
				"north": {"uv": [0, 5, 1, 6], "texture": "#37"},
				"south": {"uv": [0, 5, 1, 6], "texture": "#37"}
			}
		},
		{
			"from": [13.94375, 22.85, 13.94375],
			"to": [14.73625, 25.2275, 14.73625],
			"rotation": {"angle": 0, "axis": "y", "origin": [8, 5.91031, 7.30656]},
			"faces": {
				"north": {"uv": [0, 8, 2, 14], "texture": "#37"},
				"east": {"uv": [0, 8, 2, 14], "texture": "#37"},
				"south": {"uv": [0, 8, 2, 14], "texture": "#37"},
				"west": {"uv": [0, 8, 2, 14], "texture": "#37"},
				"up": {"uv": [0, 6, 2, 8], "texture": "#37"}
			}
		},
		{
			"from": [7.31154, 25.2275, 16.76301],
			"to": [7.70779, 25.62375, 16.76301],
			"rotation": {"angle": 45, "axis": "y", "origin": [8, 5.91031, 7.30656]},
			"faces": {
				"north": {"uv": [0, 5, 1, 6], "texture": "#37"},
				"south": {"uv": [0, 5, 1, 6], "texture": "#37"}
			}
		},
		{
			"from": [17.25832, 25.2275, 7.7969],
			"to": [17.65457, 25.62375, 7.7969],
			"rotation": {"angle": -45, "axis": "y", "origin": [8, 5.91031, 7.30656]},
			"faces": {
				"north": {"uv": [0, 5, 1, 6], "texture": "#37"},
				"south": {"uv": [0, 5, 1, 6], "texture": "#37"}
			}
		}
	],
	"display": {
		"thirdperson_righthand": {
			"rotation": [75, 45, 0],
			"translation": [0, 2.5, 0],
			"scale": [0.375, 0.375, 0.375]
		},
		"thirdperson_lefthand": {
			"rotation": [75, 45, 0],
			"translation": [0, 2.5, 0],
			"scale": [0.375, 0.375, 0.375]
		},
		"firstperson_righthand": {
			"rotation": [0, 225, 0],
			"scale": [0.2, 0.2, 0.2]
		},
		"firstperson_lefthand": {
			"rotation": [0, 225, 0],
			"scale": [0.2, 0.2, 0.2]
		},
		"ground": {
			"translation": [0, 3, 0],
			"scale": [0.25, 0.25, 0.25]
		},
		"gui": {
			"rotation": [30, 225, 0],
			"scale": [0.275, 0.275, 0.275]
		},
		"head": {
			"translation": [0, 80, 0],
			"scale": [4, 4, 4]
		},
		"fixed": {
			"scale": [0.5, 0.5, 0.5]
		}
	},
	"groups": [
		{
			"name": "structure",
			"origin": [8, 8, 8],
			"color": 0,
			"children": [
				0,
				1,
				2,
				3,
				4,
				5,
				6,
				7,
				8,
				9,
				10,
				11,
				12,
				13,
				14,
				15,
				16,
				17,
				18,
				19,
				20,
				21,
				22,
				23,
				24,
				25,
				26,
				27,
				28,
				29,
				30,
				31,
				32,
				33,
				34,
				35,
				36,
				37,
				38,
				39,
				40,
				41,
				42,
				43,
				44,
				45,
				46,
				47,
				48,
				49,
				50,
				51,
				52,
				53,
				54,
				55,
				56,
				57,
				58,
				59,
				60,
				61,
				62,
				63,
				64,
				65,
				66,
				67,
				68,
				69,
				70,
				71,
				72,
				73,
				74,
				75,
				76,
				77,
				78,
				79,
				80,
				81,
				82,
				83,
				84,
				85,
				86,
				87,
				88,
				89,
				90,
				91,
				92,
				93,
				94,
				95,
				96,
				97,
				98,
				99,
				100,
				101,
				102,
				103,
				104,
				105,
				106,
				107,
				108,
				109,
				110,
				111,
				112,
				113,
				114,
				115,
				116,
				117,
				118,
				119,
				120,
				121,
				122,
				123,
				124,
				125,
				126,
				127,
				128,
				129,
				130,
				131,
				132,
				133,
				134,
				135,
				136,
				137,
				138,
				139,
				140,
				141,
				142,
				143,
				144,
				145,
				146,
				147,
				148,
				149,
				150,
				151,
				152,
				153,
				154,
				155,
				156,
				157,
				158,
				159,
				160,
				161,
				162,
				163,
				164,
				165,
				166,
				167,
				168,
				169,
				170,
				171,
				172,
				173,
				174,
				175,
				176,
				177,
				178,
				179,
				180,
				181,
				182,
				183,
				184,
				185,
				186,
				187,
				188,
				189,
				190,
				191,
				192,
				193,
				194,
				195,
				196,
				197,
				198,
				199,
				200,
				201,
				202,
				203,
				204,
				205,
				206,
				207,
				208,
				209,
				210,
				211,
				212,
				213,
				214,
				215,
				216,
				217,
				218,
				219,
				220,
				221,
				222,
				223,
				224,
				225,
				226,
				227,
				228,
				229,
				230,
				231,
				232,
				233,
				234,
				235
			]
		}
	]
}