{
    "model": {
        "type": "range_dispatch",
        "property": "custom_model_data",
        "fallback": {
            "type": "model",
            "model": "block/carved_pumpkin"
            
        },
        "entries": [
            {
                "threshold": 1,
                "model": {
                    "type": "model",
                    "model": "nodenium:top_hat"
                }
            },
            {
                "threshold": 2,
                "model": {
                    "type": "model",
                    "model": "nodenium:propeller_hat"
                }
            },
            {
                "threshold": 3,
                "model": {
                    "type": "model",
                    "model": "nodenium:farmer_hat"
                }
            },
            {
                "threshold": 4,
                "model": {
                    "type": "model",
                    "model": "nodenium:goggles"
                }
            },
            {
                "threshold": 5,
                "model": {
                    "type": "model",
                    "model": "nodenium:headset_and_goggles"
                }
            },
            {
                "threshold": 6,
                "model": {
                    "type": "model",
                    "model": "nodenium:chainsaw_head"
                }
            },
            {
                "threshold": 7,
                "model": {
                    "type": "model",
                    "model": "nodenium:rat_crown"
                }
            },
            {
                "threshold": 8,
                "model": {
                    "type": "model",
                    "model": "nodenium:backwards_cap"
                }
            },
            {
                "threshold": 9,
                "model": {
                    "type": "model",
                    "model": "nodenium:cowboy_hat"
                }
            },
            {
                "threshold": 10,
                "model": {
                    "type": "model",
                    "model": "nodenium:antenna"
                }
            },
            {
                "threshold": 11,
                "model": {
                    "type": "model",
                    "model": "nodenium:rat_hat"
                }
            },
            {
                "threshold": 12,
                "model": {
                    "type": "model",
                    "model": "nodenium:deborn_face"
                }
            },
            {
                "threshold": 13,
                "model": {
                    "type": "model",
                    "model": "nodenium:trucker_cap"
                }
            },
            {
                "threshold": 14,
                "model": {
                    "type": "model",
                    "model": "nodenium:welding_mask"
                }
            },
            {
                "threshold": 15,
                "model": {
                    "type": "model",
                    "model": "nodenium:astronaut_helmet"
                }
            },
            {
                "threshold": 16,
                "model": {
                    "type": "model",
                    "model": "nodenium:orange_fish_head"
                }
            },
            {
                "threshold": 17,
                "model": {
                    "type": "model",
                    "model": "nodenium:dark_cowboy_hat"
                }
            }
        ]
    }
}