{
    "model": {
        "type": "range_dispatch",
        "property": "custom_model_data",
        "fallback": {
            "type": "model",
            "model": "minecraft:item/iron_nugget"
        },
        "entries": [
            {
                "threshold": 1,
                "model": {
                    "type": "model",
                    "model": "nodenium:newspaper"
                }
            },
            {
                "threshold": 2,
                "model": {
                    "type": "model",
                    "model": "nodenium:crow_person"
                }
            },
            {
                "threshold": 3,
                "model": {
                    "type": "model",
                    "model": "nodenium:alligator_gar"
                }
            },
            {
                "threshold": 4,
                "model": {
                    "type": "model",
                    "model": "nodenium:redstone_display"
                }
            },
            {
                "threshold": 5,
                "model": {
                    "type": "model",
                    "model": "nodenium:racecar_gtp"
                }
            },
            {
                "threshold": 6,
                "model": {
                    "type": "model",
                    "model": "nodenium:dek_vault_door"
                }
            },
            {
                "threshold": 7,
                "model": {
                    "type": "model",
                    "model": "nodenium:update_pack"
                }
            },
            {
                "threshold": 8,
                "model": {
                    "type": "model",
                    "model": "nodenium:cannon_cart"
                }
            },
            {
                "threshold": 9,
                "model": {
                    "type": "model",
                    "model": "nodenium:breeze"
                }
            },
            {
                "threshold": 10,
                "model": {
                    "type": "model",
                    "model": "nodenium:blaze"
                }
            },
            {
                "threshold": 11,
                "model": {
                    "type": "model",
                    "model": "nodenium:update_pack"
                }
            },
            {
                "threshold": 101,
                "model": {
                    "type": "model",
                    "model": "nodenium:paintings/flower_candles"
                }
            },
            {
                "threshold": 102,
                "model": {
                    "type": "model",
                    "model": "nodenium:paintings/bygone_begonia"
                }
            },
            {
                "threshold": 103,
                "model": {
                    "type": "model",
                    "model": "nodenium:paintings/tree"
                }
            },
            {
                "threshold": 104,
                "model": {
                    "type": "model",
                    "model": "nodenium:update_pack"
                }
            },
            {
                "threshold": 201,
                "model": {
                    "type": "model",
                    "model": "nodenium:test_tube"
                }
            },
            {
                "threshold": 202,
                "model": {
                    "type": "model",
                    "model": "nodenium:test_twobe"
                }
            },
            {
                "threshold": 203,
                "model": {
                    "type": "model",
                    "model": "nodenium:test_tube_bong"
                }
            },
            {
                "threshold": 204,
                "model": {
                    "type": "model",
                    "model": "nodenium:pencil"
                }
            },
            {
                "threshold": 205,
                "model": {
                    "type": "model",
                    "model": "nodenium:pen"
                }
            },
            {
                "threshold": 206,
                "model": {
                    "type": "model",
                    "model": "nodenium:creeper_pen"
                }
            },

            {
                "threshold": 207,
                "model": {
                    "type": "model",
                    "model": "nodenium:update_pack"
                }
            }
        ]
    }
}