{
    "model": {
        "type": "range_dispatch",
        "property": "custom_model_data",
        "fallback": {
            "type": "model",
            "model": "minecraft:item/item_frame"
        },
        "entries": [
            {
                "threshold": 1,
                "model": {
                    "type": "minecraft:select",
                    "property": "local_time",
                    "pattern": "hh:mm",
                    "fallback": {
                        "type": "model",
                        "model": "nodenium:realtime_clock"
                    },
                    "cases": [
                        {
                            "model": {
                                "type": "composite",
                                "models": [
                                    {
                                        "type": "model",
                                        "model": "nodenium:realtime_clock"
                                    },
                                    {
                                        "type": "model",
                                        "model": "nodenium:clock_hands/minute/16"
                                    }
                                ]
                            },
                            "when": ["09:39"]
                        }
                    ]
                }
            }
        ]
    }
}