{
    "model": {
        "type": "range_dispatch",
        "property": "custom_model_data",
        "fallback": {
            "type": "minecraft:model",
            "model": "minecraft:item/leather_horse_armor",
            "tints": [
              {
                "type": "minecraft:dye",
                "default": -6265536
              }
            ]
        },
        "entries": [
            {
                "threshold": 1,
                "model": {
                    "type": "composite",
                    "models": [
                        {
                            "type": "model",
                            "model": "nodenium:racecar_gtp"
                        },
                        {
                            "type": "model",
                            "model": "nodenium:racecar_gtp_overlay",
                            "tints": [
                                {
                                    "type": "minecraft:dye",
                                    "default": [1, 1, 1]
                                }
                            ]
                        }
                    ]
                }
            }
        ]
    }
}