{
    "model": {
        "type": "range_dispatch",
        "property": "custom_model_data",
        "fallback": {
            "type": "model",
            "model": "item/written_book"
        },
        "entries": [
            {
                "threshold": 1,
                "model": {
                    "type": "model",
                    "model": "nodenium:scroll"
                }
          },
          {"threshold": 2,"model": {"type": "model","model": "nodenium:scroll_closed","tints": [{"type": "minecraft:constant","value": [0.1294117647,0.1294117647,0.1294117647]}]}},
          {"threshold": 3,"model": {"type": "model","model": "nodenium:scroll_closed","tints": [{"type": "minecraft:constant","value": [0.251, 0.467, 0.612]}]}},
          {"threshold": 4,"model": {"type": "model","model": "nodenium:scroll_closed","tints": [{"type": "minecraft:constant","value": [0.729, 0.286, 0.196]}]}},
          {"threshold": 5,"model": {"type": "model","model": "nodenium:scroll_closed","tints": [{"type": "minecraft:constant","value": [0.961, 0.784, 0.373]}]}},
          {"threshold": 6,"model": {"type": "model","model": "nodenium:scroll_closed","tints": [{"type": "minecraft:constant","value": [0.133, 0.247, 0.451]}]}},
          {"threshold": 7,"model": {"type": "model","model": "nodenium:scroll_closed","tints": [{"type": "minecraft:constant","value": [0.427, 0.165, 0.549]}]}},
          {"threshold": 8,"model": {"type": "model","model": "nodenium:scroll_closed","tints": [{"type": "minecraft:constant","value": [0.82, 0.451, 0.031]}]}},
          {"threshold": 9,"model": {"type": "model","model": "nodenium:scroll_closed","tints": [{"type": "minecraft:constant","value": [0.631, 0.22, 0.294]}]}},
          {"threshold": 10,"model": {"type": "model","model": "nodenium:scroll_closed","tints": [{"type": "minecraft:constant","value": [0.231, 0.322, 0.204]}]}},
          {"threshold": 11,"model": {"type": "model","model": "nodenium:scroll_closed","tints": [{"type": "minecraft:constant","value": [0.145, 0.659, 0.376]}]}},
          {"threshold": 12,"model": {"type": "model","model": "nodenium:scroll_closed","tints": [{"type": "minecraft:constant","value": [0.714, 0.949, 0.925]}]}},
          {"threshold": 13,"model": {"type": "model","model": "nodenium:scroll_closed","tints": [{"type": "minecraft:constant","value": [0.055, 0.388, 0.02]}]}},
          {"threshold": 14,"model": {"type": "model","model": "nodenium:scroll_closed","tints": [{"type": "minecraft:constant","value": [0.42, 0.282, 0.094]}]}},
          {"threshold": 15,"model": {"type": "model","model": "nodenium:scroll_closed","tints": [{"type": "minecraft:constant","value": [0.984, 0.745, 0.761]}]}},
          {"threshold": 16,"model": {"type": "model","model": "nodenium:scroll_closed","tints": [{"type": "minecraft:constant","value": [0.62, 0.878, 0.451]}]}},
          {"threshold": 17,"model": {"type": "model","model": "nodenium:scroll_closed","tints": [{"type": "minecraft:constant","value": [0.169, 0.878, 0.808]}]}},
          {"threshold": 18,"model": {"type": "model","model": "nodenium:scroll_closed","tints": [{"type": "minecraft:constant","value": [0.194, 0.135, 0.378]}]}},
          {"threshold": 19,"model": {"type": "model","model": "nodenium:scroll_closed","tints": [{"type": "minecraft:constant","value": [0.929, 0.11, 0.02]}]}},
          {"threshold": 20,"model": {"type": "model","model": "nodenium:scroll_closed","tints": [{"type": "minecraft:constant","value": [0.353, 0.235, 0.651]}]}},
          {"threshold": 21,"model": {"type": "model","model": "nodenium:scroll_closed","tints": [{"type": "minecraft:constant","value": [0.298, 0.478, 0.306]}]}},
          {"threshold": 22,"model": {"type": "model","model": "nodenium:scroll_closed","tints": [{"type": "minecraft:constant","value": [0.89, 0.875, 0.373]}]}},
          {"threshold": 23,"model": {"type": "model","model": "nodenium:scroll_closed","tints": [{"type": "minecraft:constant","value": [0.212, 0.212, 0.204]}]}},
          {"threshold": 24,"model": {"type": "model","model": "nodenium:scroll_closed","tints": [{"type": "minecraft:constant","value": [0.212, 0.702, 0.227]}]}},
          {"threshold": 25,"model": {"type": "model","model": "nodenium:scroll_closed","tints": [{"type": "minecraft:constant","value": [0.435, 0.796, 0.871]}]}},
          {"threshold": 26,"model": {"type": "model","model": "nodenium:scroll_closed","tints": [{"type": "minecraft:constant","value": [0.29, 0.541, 0.173]}]}},
          {"threshold": 27,"model": {"type": "model","model": "nodenium:scroll_closed","tints": [{"type": "minecraft:constant","value": [0.122, 0.122, 0.122]}]}},
          {"threshold": 28,"model": {"type": "model","model": "nodenium:scroll_closed","tints": [{"type": "minecraft:constant","value": [0.914, 0.369, 0.294]}]}},
          {"threshold": 29,"model": {"type": "model","model": "nodenium:scroll_closed","tints": [{"type": "minecraft:constant","value": [0.929, 0.557, 0.82]}]}},
          {"threshold": 30,"model": {"type": "model","model": "nodenium:scroll_closed","tints": [{"type": "minecraft:constant","value": [0.541, 0.357, 0.239]}]}},
          {"threshold": 31,"model": {"type": "model","model": "nodenium:scroll_closed","tints": [{"type": "minecraft:constant","value": [0.922, 0.902, 0.894]}]}},
          {"threshold": 32,"model": {"type": "model","model": "nodenium:scroll_closed","tints": [{"type": "minecraft:constant","value": [0.169, 0.365, 0.62]}]}},
          {"threshold": 33,"model": {"type": "model","model": "nodenium:scroll_closed","tints": [{"type": "minecraft:constant","value": [0.333, 0.459, 0.141]}]}},
          {"threshold": 34,"model": {"type": "model","model": "nodenium:scroll_closed","tints": [{"type": "minecraft:constant","value": [0.471, 0.235, 0.267]}]}},
          {"threshold": 35,"model": {"type": "model","model": "nodenium:scroll_closed","tints": [{"type": "minecraft:constant","value": [0.224, 0.365, 0.42]}]}},
          {"threshold": 36,"model": {"type": "model","model": "nodenium:scroll_closed","tints": [{"type": "minecraft:constant","value": [0.149, 0.635, 0.831]}]}},
          {"threshold": 37,"model": {"type": "model","model": "nodenium:scroll_closed","tints": [{"type": "minecraft:constant","value": [0.588, 0.878, 0.475]}]}},
          {"threshold": 38,"model": {"type": "model","model": "nodenium:scroll_closed","tints": [{"type": "minecraft:constant","value": [0.22, 0.322, 0.192]}]}},
          {"threshold": 39,"model": {"type": "model","model": "nodenium:scroll_closed","tints": [{"type": "minecraft:constant","value": [0.337, 0.341, 0.337]}]}},
          {"threshold": 40,"model": {"type": "model","model": "nodenium:scroll_closed","tints": [{"type": "minecraft:constant","value": [0.039, 0.31, 0.549]}]}},
          {"threshold": 41,"model": {"type": "model","model": "nodenium:scroll_closed","tints": [{"type": "minecraft:constant","value": [1.000, 0.729, 0.780]}]}},
          {"threshold": 42,"model": {"type": "model","model": "nodenium:scroll_closed","tints": [{"type": "minecraft:constant","value": [0.176, 0.224, 0.569]}]}},
          {"threshold": 43,"model": {"type": "model","model": "nodenium:scroll_closed","tints": [{"type": "minecraft:constant","value": [0.949, 0.847, 0.275]}]}},
          {"threshold": 44,"model": {"type": "model","model": "nodenium:scroll_closed","tints": [{"type": "minecraft:constant","value": [0.443, 0.631, 0.263]}]}},
          {"threshold": 45,"model": {"type": "model","model": "nodenium:scroll_closed","tints": [{"type": "minecraft:constant","value": [0.102, 0.224, 0.369]}]}},
          {"threshold": 46,"model": {"type": "model","model": "nodenium:scroll_closed","tints": [{"type": "minecraft:constant","value": [0.788, 0.286, 0.22]}]}},
          {"threshold": 47,"model": {"type": "model","model": "nodenium:scroll_closed","tints": [{"type": "minecraft:constant","value": [1, 0.471, 0]}]}},
          {"threshold": 48,"model": {"type": "model","model": "nodenium:scroll_closed","tints": [{"type": "minecraft:constant","value": [0.176, 0.329, 0.098]}]}},
          {"threshold": 49,"model": {"type": "model","model": "nodenium:scroll_closed","tints": [{"type": "minecraft:constant","value": [0.922, 0.929, 0.306]}]}},
          {"threshold": 50,"model": {"type": "model","model": "nodenium:scroll_closed","tints": [{"type": "minecraft:constant","value": [0.498, 0.376, 0.310]}]}}
          

          
      ]
    }
  }