{
	"credit": "Made with Blockbench",
	"texture_size": [128, 128],
	"textures": {
		"8": "nodenium:item/judge_wig"
	},
	"elements": [
		{
			"from": [5.25, -5.5, 11],
			"to": [10.75, 0, 15.5],
			"rotation": {"angle": 22.5, "axis": "x", "origin": [7.9625, 7.1, 11.9]},
			"faces": {
				"north": {"uv": [1.5, 0, 2.875, 1.375], "texture": "#8"},
				"east": {"uv": [1.5, 2.75, 2.625, 4.125], "texture": "#8"},
				"south": {"uv": [1.5, 1.375, 2.875, 2.75], "texture": "#8"},
				"west": {"uv": [2.625, 2.75, 3.75, 4.125], "texture": "#8"},
				"up": {"uv": [4.25, 1.125, 2.875, 0], "texture": "#8"},
				"down": {"uv": [4.25, 1.125, 2.875, 2.25], "texture": "#8"}
			}
		},
		{
			"from": [6, -9.5, 10],
			"to": [10, -3.5, 10.5],
			"rotation": {"angle": 0, "axis": "y", "origin": [12, -4.5, 7.5]},
			"faces": {
				"north": {"uv": [0, 3, 1, 4.5], "texture": "#8"},
				"east": {"uv": [1, 8.125, 1.125, 9.625], "texture": "#8"},
				"south": {"uv": [3.75, 2.25, 4.75, 3.75], "texture": "#8"},
				"west": {"uv": [1.125, 8.125, 1.25, 9.625], "texture": "#8"},
				"up": {"uv": [5.875, 1.625, 4.875, 1.5], "texture": "#8"},
				"down": {"uv": [7.5, 1.25, 6.5, 1.375], "texture": "#8"}
			}
		},
		{
			"from": [9.75, -5, 5],
			"to": [11.25, -3.5, 11],
			"rotation": {"angle": 0, "axis": "y", "origin": [12.25, -3.5, 7.5]},
			"faces": {
				"north": {"uv": [2.25, 5.125, 2.625, 5.5], "texture": "#8"},
				"east": {"uv": [3.25, 6.75, 4.75, 7.125], "texture": "#8"},
				"south": {"uv": [4.375, 7.125, 4.75, 7.5], "texture": "#8"},
				"west": {"uv": [7, 3.125, 8.5, 3.5], "texture": "#8"},
				"up": {"uv": [6.125, 8.375, 5.75, 6.875], "texture": "#8"},
				"down": {"uv": [3.625, 7.125, 3.25, 8.625], "texture": "#8"}
			}
		},
		{
			"from": [4.75, -5, 5],
			"to": [6.25, -3.5, 11],
			"rotation": {"angle": 0, "axis": "y", "origin": [7.25, -3.5, 7.5]},
			"faces": {
				"north": {"uv": [4.375, 7.125, 4.75, 7.5], "texture": "#8"},
				"east": {"uv": [7, 3.5, 8.5, 3.875], "texture": "#8"},
				"south": {"uv": [4.75, 7.125, 4.375, 7.5], "texture": "#8"},
				"west": {"uv": [7, 3.875, 8.5, 4.25], "texture": "#8"},
				"up": {"uv": [4, 8.625, 3.625, 7.125], "texture": "#8"},
				"down": {"uv": [4.375, 7.125, 4, 8.625], "texture": "#8"}
			}
		},
		{
			"from": [4, -15.5, 4.3],
			"to": [6, -13.5, 9.75],
			"rotation": {"angle": 0, "axis": "y", "origin": [4, -14.5, 4.75]},
			"faces": {
				"north": {"uv": [7.25, 7.875, 7.75, 8.375], "texture": "#8"},
				"east": {"uv": [5.375, 3.75, 7, 4.25], "texture": "#8"},
				"south": {"uv": [7.75, 7.875, 8.25, 8.375], "texture": "#8"},
				"west": {"uv": [5.375, 4.25, 7, 4.75], "texture": "#8"},
				"up": {"uv": [5.875, 6.375, 5.375, 4.75], "texture": "#8"},
				"down": {"uv": [2.75, 5.75, 2.25, 7.375], "texture": "#8"}
			}
		},
		{
			"from": [10, -15.5, 4.3],
			"to": [12, -13.5, 9.75],
			"rotation": {"angle": 0, "axis": "y", "origin": [10, -14.5, 4.75]},
			"faces": {
				"north": {"uv": [0, 8.125, 0.5, 8.625], "texture": "#8"},
				"east": {"uv": [5.875, 1.5, 7.5, 2], "texture": "#8"},
				"south": {"uv": [0.5, 8.125, 1, 8.625], "texture": "#8"},
				"west": {"uv": [5.875, 4.75, 7.5, 5.25], "texture": "#8"},
				"up": {"uv": [3.25, 7.375, 2.75, 5.75], "texture": "#8"},
				"down": {"uv": [6.375, 5.25, 5.875, 6.875], "texture": "#8"}
			}
		},
		{
			"from": [4, -11.5, 4.25],
			"to": [6, -9.5, 10.75],
			"rotation": {"angle": 0, "axis": "y", "origin": [4, -10.5, 4.75]},
			"faces": {
				"north": {"uv": [2.875, 2.25, 3.375, 2.75], "texture": "#8"},
				"east": {"uv": [4.875, 0.5, 6.5, 1], "texture": "#8"},
				"south": {"uv": [3.375, 2.25, 2.875, 2.75], "texture": "#8"},
				"west": {"uv": [4.875, 1, 6.5, 1.5], "texture": "#8"},
				"up": {"uv": [4.25, 6.625, 3.75, 5], "texture": "#8"},
				"down": {"uv": [4.75, 5, 4.25, 6.625], "texture": "#8"}
			}
		},
		{
			"from": [10, -11.5, 4.25],
			"to": [12, -9.5, 10.75],
			"rotation": {"angle": 0, "axis": "y", "origin": [12, -10.5, 4.75]},
			"faces": {
				"north": {"uv": [3.375, 2.25, 2.875, 2.75], "texture": "#8"},
				"east": {"uv": [6.5, 1, 4.875, 1.5], "texture": "#8"},
				"south": {"uv": [2.875, 2.25, 3.375, 2.75], "texture": "#8"},
				"west": {"uv": [6.5, 0.5, 4.875, 1], "texture": "#8"},
				"up": {"uv": [4.25, 5, 3.75, 6.625], "texture": "#8"},
				"down": {"uv": [4.75, 5, 4.25, 6.625], "texture": "#8"}
			}
		},
		{
			"from": [10.5, -13.5, 4],
			"to": [12.5, -11.5, 10],
			"rotation": {"angle": 0, "axis": "y", "origin": [10.5, -12.5, 4.5]},
			"faces": {
				"north": {"uv": [2.75, 7.75, 3.25, 8.25], "texture": "#8"},
				"east": {"uv": [4.75, 2.25, 6.5, 2.75], "texture": "#8"},
				"south": {"uv": [3.25, 7.75, 2.75, 8.25], "texture": "#8"},
				"west": {"uv": [4.75, 2.75, 6.5, 3.25], "texture": "#8"},
				"up": {"uv": [1.75, 6.5, 1.25, 4.75], "texture": "#8"},
				"down": {"uv": [2.25, 4.75, 1.75, 6.5], "texture": "#8"}
			}
		},
		{
			"from": [3.5, -13.5, 4],
			"to": [5.5, -11.5, 10],
			"rotation": {"angle": 0, "axis": "y", "origin": [3.5, -12.5, 4.5]},
			"faces": {
				"north": {"uv": [6.75, 7.875, 7.25, 8.375], "texture": "#8"},
				"east": {"uv": [4.75, 3.25, 6.5, 3.75], "texture": "#8"},
				"south": {"uv": [7.25, 7.875, 6.75, 8.375], "texture": "#8"},
				"west": {"uv": [4.875, 0, 6.625, 0.5], "texture": "#8"},
				"up": {"uv": [5.375, 6.125, 4.875, 4.375], "texture": "#8"},
				"down": {"uv": [3.75, 5, 3.25, 6.75], "texture": "#8"}
			}
		},
		{
			"from": [9.25, -9.5, 4.5],
			"to": [11.75, -7, 11],
			"rotation": {"angle": 0, "axis": "y", "origin": [12.25, -8.5, 5]},
			"faces": {
				"north": {"uv": [6.125, 7.875, 6.75, 8.5], "texture": "#8"},
				"east": {"uv": [3.75, 3.75, 5.375, 4.375], "texture": "#8"},
				"south": {"uv": [6.75, 7.875, 6.125, 8.5], "texture": "#8"},
				"west": {"uv": [1, 4.125, 2.625, 4.75], "texture": "#8"},
				"up": {"uv": [3.25, 5.75, 2.625, 4.125], "texture": "#8"},
				"down": {"uv": [4.875, 0, 4.25, 1.625], "texture": "#8"}
			}
		},
		{
			"from": [10, -7, 4.5],
			"to": [12, -5, 10.5],
			"rotation": {"angle": 0, "axis": "y", "origin": [9.5, -6, 5]},
			"faces": {
				"north": {"uv": [1, 3.5, 1.5, 4], "texture": "#8"},
				"east": {"uv": [6.375, 6.25, 7.875, 6.75], "texture": "#8"},
				"south": {"uv": [1.5, 3.5, 1, 4], "texture": "#8"},
				"west": {"uv": [0.5, 6.5, 2, 7], "texture": "#8"},
				"up": {"uv": [5.75, 7.875, 5.25, 6.375], "texture": "#8"},
				"down": {"uv": [7, 2, 6.5, 3.5], "texture": "#8"}
			}
		},
		{
			"from": [4.25, -9.5, 4.5],
			"to": [6.75, -7, 11],
			"rotation": {"angle": 0, "axis": "y", "origin": [7.25, -8.5, 5]},
			"faces": {
				"north": {"uv": [7.875, 6.125, 8.5, 6.75], "texture": "#8"},
				"east": {"uv": [4.25, 1.625, 5.875, 2.25], "texture": "#8"},
				"south": {"uv": [8.5, 6.125, 7.875, 6.75], "texture": "#8"},
				"west": {"uv": [3.25, 4.375, 4.875, 5], "texture": "#8"},
				"up": {"uv": [0.625, 6.125, 0, 4.5], "texture": "#8"},
				"down": {"uv": [1.25, 4.75, 0.625, 6.375], "texture": "#8"}
			}
		},
		{
			"from": [4, -7, 4.5],
			"to": [6, -5, 10.5],
			"rotation": {"angle": 0, "axis": "y", "origin": [3, -6, 5]},
			"faces": {
				"north": {"uv": [1, 3, 1.5, 3.5], "texture": "#8"},
				"east": {"uv": [6.375, 5.25, 7.875, 5.75], "texture": "#8"},
				"south": {"uv": [1.5, 3, 1, 3.5], "texture": "#8"},
				"west": {"uv": [6.375, 5.75, 7.875, 6.25], "texture": "#8"},
				"up": {"uv": [0.5, 7.625, 0, 6.125], "texture": "#8"},
				"down": {"uv": [5.25, 6.125, 4.75, 7.625], "texture": "#8"}
			}
		},
		{
			"from": [5.425, -0.50893, 1.95761],
			"to": [10.575, 0.99107, 3.45761],
			"rotation": {"angle": -22.5, "axis": "x", "origin": [7.9625, 7.1, 11.9]},
			"faces": {
				"north": {"uv": [2, 7.375, 3.25, 7.75], "texture": "#8"},
				"east": {"uv": [3.375, 2.25, 3.75, 2.625], "texture": "#8"},
				"south": {"uv": [7.875, 5, 9.125, 5.375], "texture": "#8"},
				"west": {"uv": [2.25, 4.75, 2.625, 5.125], "texture": "#8"},
				"up": {"uv": [9.125, 5.75, 7.875, 5.375], "texture": "#8"},
				"down": {"uv": [9.125, 5.75, 7.875, 6.125], "texture": "#8"}
			}
		},
		{
			"from": [5.3, 0.19817, 3.37183],
			"to": [10.7, 1.69816, 4.87183],
			"rotation": {"angle": -22.5, "axis": "x", "origin": [7.9625, 7.1, 11.9]},
			"faces": {
				"north": {"uv": [7.5, 1.625, 8.875, 2], "texture": "#8"},
				"east": {"uv": [4.375, 7.5, 4.75, 7.875], "texture": "#8"},
				"south": {"uv": [7.5, 4.625, 8.875, 5], "texture": "#8"},
				"west": {"uv": [1.5, 8.125, 1.875, 8.5], "texture": "#8"},
				"up": {"uv": [7.5, 7.875, 6.125, 7.5], "texture": "#8"},
				"down": {"uv": [8.875, 7.5, 7.5, 7.875], "texture": "#8"}
			}
		},
		{
			"from": [5.05, 0.90527, 4.78603],
			"to": [10.95, 2.40528, 6.28603],
			"rotation": {"angle": -22.5, "axis": "x", "origin": [7.9625, 7.1, 11.9]},
			"faces": {
				"north": {"uv": [7, 4.25, 8.5, 4.625], "texture": "#8"},
				"east": {"uv": [1.875, 8.125, 2.25, 8.5], "texture": "#8"},
				"south": {"uv": [6.125, 7.125, 7.625, 7.5], "texture": "#8"},
				"west": {"uv": [2.25, 8.125, 2.625, 8.5], "texture": "#8"},
				"up": {"uv": [2, 7.75, 0.5, 7.375], "texture": "#8"},
				"down": {"uv": [9, 1.25, 7.5, 1.625], "texture": "#8"}
			}
		},
		{
			"from": [4.6, 4.13726, 8.72513],
			"to": [11.4, 5.53725, 10.12513],
			"rotation": {"angle": -22.5, "axis": "x", "origin": [7.9625, 7.1, 11.9]},
			"faces": {
				"north": {"uv": [6.5, 0.5, 8.25, 0.875], "texture": "#8"},
				"east": {"uv": [4.375, 8.25, 4.75, 8.625], "texture": "#8"},
				"south": {"uv": [6.5, 0.875, 8.25, 1.25], "texture": "#8"},
				"west": {"uv": [4.75, 8.25, 5.125, 8.625], "texture": "#8"},
				"up": {"uv": [8.375, 0.375, 6.625, 0], "texture": "#8"},
				"down": {"uv": [8.125, 6.75, 6.375, 7.125], "texture": "#8"}
			}
		},
		{
			"from": [4.8, 3.38015, 7.26091],
			"to": [11.2, 4.88015, 8.76091],
			"rotation": {"angle": -22.5, "axis": "x", "origin": [7.9625, 7.1, 11.9]},
			"faces": {
				"north": {"uv": [0.5, 7, 2.125, 7.375], "texture": "#8"},
				"east": {"uv": [8.25, 0.875, 8.625, 1.25], "texture": "#8"},
				"south": {"uv": [7, 2, 8.625, 2.375], "texture": "#8"},
				"west": {"uv": [2.625, 8.25, 3, 8.625], "texture": "#8"},
				"up": {"uv": [8.625, 2.75, 7, 2.375], "texture": "#8"},
				"down": {"uv": [8.625, 2.75, 7, 3.125], "texture": "#8"}
			}
		},
		{
			"from": [5.35, 2.72305, 5.8967],
			"to": [10.65, 4.12304, 7.2967],
			"rotation": {"angle": -22.5, "axis": "x", "origin": [7.9625, 7.1, 11.9]},
			"faces": {
				"north": {"uv": [7.625, 7.125, 9, 7.5], "texture": "#8"},
				"east": {"uv": [8.125, 6.75, 8.5, 7.125], "texture": "#8"},
				"south": {"uv": [0, 7.75, 1.375, 8.125], "texture": "#8"},
				"west": {"uv": [8.25, 0.5, 8.625, 0.875], "texture": "#8"},
				"up": {"uv": [2.75, 8.125, 1.375, 7.75], "texture": "#8"},
				"down": {"uv": [5.75, 7.875, 4.375, 8.25], "texture": "#8"}
			}
		},
		{
			"from": [4.975, 0, 11.6],
			"to": [10.875, 4.9, 15.5],
			"rotation": {"angle": 22.5, "axis": "x", "origin": [7.9625, 7.1, 11.9]},
			"faces": {
				"north": {"uv": [1.5, 0, 2.875, 1.375], "texture": "#8"},
				"east": {"uv": [1.5, 2.75, 2.625, 4.125], "texture": "#8"},
				"south": {"uv": [1.5, 1.375, 2.875, 2.75], "texture": "#8"},
				"west": {"uv": [2.625, 2.75, 3.75, 4.125], "texture": "#8"},
				"up": {"uv": [2.875, 0, 4.25, 1.125], "texture": "#8"},
				"down": {"uv": [2.875, 1.125, 4.25, 2.25], "texture": "#8"}
			}
		},
		{
			"from": [4.6, 7.60209, 12.18995],
			"to": [11.4, 9.00209, 13.58995],
			"rotation": {"angle": -22.5, "axis": "x", "origin": [7.9625, 7.1, 11.9]},
			"faces": {
				"north": {"uv": [6.5, 0.5, 8.25, 0.875], "texture": "#8"},
				"east": {"uv": [4.375, 8.25, 4.75, 8.625], "texture": "#8"},
				"south": {"uv": [6.5, 0.875, 8.25, 1.25], "texture": "#8"},
				"west": {"uv": [4.75, 8.25, 5.125, 8.625], "texture": "#8"},
				"up": {"uv": [8.375, 0.375, 6.625, 0], "texture": "#8"},
				"down": {"uv": [8.125, 6.75, 6.375, 7.125], "texture": "#8"}
			}
		},
		{
			"from": [4.8, 6.84498, 10.72574],
			"to": [11.2, 8.34498, 12.22574],
			"rotation": {"angle": -22.5, "axis": "x", "origin": [7.9625, 7.1, 11.9]},
			"faces": {
				"north": {"uv": [0.5, 7, 2.125, 7.375], "texture": "#8"},
				"east": {"uv": [8.25, 0.875, 8.625, 1.25], "texture": "#8"},
				"south": {"uv": [7, 2, 8.625, 2.375], "texture": "#8"},
				"west": {"uv": [2.625, 8.25, 3, 8.625], "texture": "#8"},
				"up": {"uv": [8.625, 2.75, 7, 2.375], "texture": "#8"},
				"down": {"uv": [8.625, 2.75, 7, 3.125], "texture": "#8"}
			}
		},
		{
			"from": [5.35, 6.18787, 9.36152],
			"to": [10.65, 7.58786, 10.76152],
			"rotation": {"angle": -22.5, "axis": "x", "origin": [7.9625, 7.1, 11.9]},
			"faces": {
				"north": {"uv": [7.625, 7.125, 9, 7.5], "texture": "#8"},
				"east": {"uv": [8.125, 6.75, 8.5, 7.125], "texture": "#8"},
				"south": {"uv": [0, 7.75, 1.375, 8.125], "texture": "#8"},
				"west": {"uv": [8.25, 0.5, 8.625, 0.875], "texture": "#8"},
				"up": {"uv": [2.75, 8.125, 1.375, 7.75], "texture": "#8"},
				"down": {"uv": [5.75, 7.875, 4.375, 8.25], "texture": "#8"}
			}
		},
		{
			"from": [4.975, 4.9, 11.6],
			"to": [10.875, 9.8, 15.5],
			"rotation": {"angle": 22.5, "axis": "x", "origin": [7.9625, 7.1, 11.9]},
			"faces": {
				"north": {"uv": [1.5, 0, 2.875, 1.375], "texture": "#8"},
				"east": {"uv": [1.5, 2.75, 2.625, 4.125], "texture": "#8"},
				"south": {"uv": [1.5, 1.375, 2.875, 2.75], "texture": "#8"},
				"west": {"uv": [2.625, 2.75, 3.75, 4.125], "texture": "#8"},
				"up": {"uv": [2.875, 0, 4.25, 1.125], "texture": "#8"},
				"down": {"uv": [2.875, 1.125, 4.25, 2.25], "texture": "#8"}
			}
		}
	],
	"display": {
		"thirdperson_righthand": {
			"rotation": [75, 45, 0],
			"translation": [0, 2.5, 5],
			"scale": [0.375, 0.375, 0.375]
		},
		"thirdperson_lefthand": {
			"rotation": [75, 45, 0],
			"translation": [0, 2.5, 5],
			"scale": [0.375, 0.375, 0.375]
		},
		"firstperson_righthand": {
			"rotation": [16, 122, -14],
			"translation": [0, 6.75, 0],
			"scale": [0.34, 0.34, 0.34]
		},
		"firstperson_lefthand": {
			"rotation": [16, 122, -14],
			"translation": [0, 6.75, 0],
			"scale": [0.34, 0.34, 0.34]
		},
		"ground": {
			"translation": [0, 3, 0],
			"scale": [0.25, 0.25, 0.25]
		},
		"gui": {
			"rotation": [30, 225, 0],
			"translation": [0, 3.75, 0],
			"scale": [0.5, 0.5, 0.5]
		},
		"head": {
			"translation": [0, 40, 0],
			"scale": [3.22, 3.22, 3.22]
		},
		"fixed": {
			"scale": [0.5, 0.5, 0.5]
		}
	}
}