{
	"format_version": "1.21.6",
	"credit": "Made with Blockbench",
	"texture_size": [64, 64],
	"textures": {
		"1": "nodenium:item/miku_hair",
		"particle": "nodenium:item/miku_hair"
	},
	"elements": [
		{
			"from": [3.5, 3.5, 12.5],
			"to": [12.5, 12.5, 12.5],
			"rotation": {"angle": 0, "axis": "y", "origin": [6.5, 3.5, 6.5]},
			"faces": {
				"north": {"uv": [0, 2.25, 2.25, 4.5], "texture": "#1"},
				"east": {"uv": [0, 0, 0, 2.25], "texture": "#1"},
				"south": {"uv": [0, 2.25, 2.25, 4.5], "texture": "#1"},
				"west": {"uv": [0, 0, 0, 2.25], "texture": "#1"},
				"up": {"uv": [0, 0, 2.25, 0], "texture": "#1"},
				"down": {"uv": [2.25, 0, 0, 0], "texture": "#1"}
			}
		},
		{
			"from": [3.5, 12.5, 3.5],
			"to": [12.5, 12.5, 12.5],
			"rotation": {"angle": 0, "axis": "y", "origin": [6.5, 3.5, 6.5]},
			"faces": {
				"north": {"uv": [0, 0, 2.25, 0], "texture": "#1"},
				"east": {"uv": [0, 0, 2.25, 0], "texture": "#1"},
				"south": {"uv": [0, 0, 2.25, 0], "texture": "#1"},
				"west": {"uv": [0, 0, 2.25, 0], "texture": "#1"},
				"up": {"uv": [4.5, 2.25, 2.25, 0], "texture": "#1"},
				"down": {"uv": [0, 2.25, 2.25, 4.5], "texture": "#1"}
			}
		},
		{
			"from": [12.5, 3.5, 3.5],
			"to": [12.5, 12.5, 12.5],
			"rotation": {"angle": 0, "axis": "y", "origin": [6.5, 3.5, 6.5]},
			"faces": {
				"north": {"uv": [0, 0, 0, 2.25], "texture": "#1"},
				"east": {"uv": [2.25, 2.25, 4.5, 4.5], "texture": "#1"},
				"south": {"uv": [0, 0, 0, 2.25], "texture": "#1"},
				"west": {"uv": [0, 4.5, 2.25, 6.75], "texture": "#1"},
				"up": {"uv": [0, 2.25, 0, 0], "texture": "#1"},
				"down": {"uv": [0, 0, 0, 2.25], "texture": "#1"}
			}
		},
		{
			"from": [3.5, 3.5, 3.5],
			"to": [3.5, 12.5, 12.5],
			"rotation": {"angle": 0, "axis": "y", "origin": [-2.5, 3.5, 6.5]},
			"faces": {
				"north": {"uv": [0, 0, 0, 2.25], "texture": "#1"},
				"east": {"uv": [4.5, 0, 6.75, 2.25], "texture": "#1"},
				"south": {"uv": [0, 0, 0, 2.25], "texture": "#1"},
				"west": {"uv": [2.25, 4.5, 4.5, 6.75], "texture": "#1"},
				"up": {"uv": [0, 2.25, 0, 0], "texture": "#1"},
				"down": {"uv": [0, 0, 0, 2.25], "texture": "#1"}
			}
		},
		{
			"from": [3.5, 3.5, 3.5],
			"to": [12.5, 12.5, 3.5],
			"rotation": {"angle": 0, "axis": "y", "origin": [6.5, 3.5, 6.5]},
			"faces": {
				"north": {"uv": [4.5, 2.25, 6.75, 4.5], "texture": "#1"},
				"east": {"uv": [0, 0, 0, 2.25], "texture": "#1"},
				"south": {"uv": [4.5, 2.25, 6.75, 4.5], "texture": "#1"},
				"west": {"uv": [0, 0, 0, 2.25], "texture": "#1"},
				"up": {"uv": [2.25, 0, 0, 0], "texture": "#1"},
				"down": {"uv": [2.25, 0, 0, 0], "texture": "#1"}
			}
		},
		{
			"from": [2.5, 10, 9],
			"to": [4.5, 15, 14],
			"rotation": {"angle": 22.5, "axis": "x", "origin": [2.5, 12, 9]},
			"faces": {
				"north": {"uv": [6.75, 3, 7.25, 4.25], "texture": "#1"},
				"east": {"uv": [7, 8.5, 8.25, 9.75], "texture": "#1"},
				"south": {"uv": [9, 9.75, 9.5, 11], "texture": "#1"},
				"west": {"uv": [8.25, 8.5, 9.5, 9.75], "texture": "#1"},
				"up": {"uv": [10.5, 1.25, 10, 0], "texture": "#1"},
				"down": {"uv": [10.5, 1.25, 10, 2.5], "texture": "#1"}
			}
		},
		{
			"from": [0, 2.5, 10],
			"to": [4, 13.5, 14],
			"rotation": {"angle": -15, "axis": "z", "origin": [1, 11.5, 11]},
			"faces": {
				"north": {"uv": [7.5, 3, 8.5, 5.75], "texture": "#1"},
				"east": {"uv": [4, 7.5, 5, 10.25], "texture": "#1"},
				"south": {"uv": [5, 7.5, 6, 10.25], "texture": "#1"},
				"west": {"uv": [7.5, 5.75, 8.5, 8.5], "texture": "#1"},
				"up": {"uv": [10.5, 9.5, 9.5, 8.5], "texture": "#1"},
				"down": {"uv": [10.5, 9.5, 9.5, 10.5], "texture": "#1"}
			}
		},
		{
			"from": [-2.2953, -8.60804, 9.01902],
			"to": [1.7047, 3.39196, 13.01902],
			"rotation": {"angle": 7.5, "axis": "x", "origin": [1.7047, -4.2547, 11.01902]},
			"faces": {
				"north": {"uv": [4.5, 4.5, 5.5, 7.5], "texture": "#1"},
				"east": {"uv": [5.5, 4.5, 6.5, 7.5], "texture": "#1"},
				"south": {"uv": [6.5, 4.5, 7.5, 7.5], "texture": "#1"},
				"west": {"uv": [0, 6.75, 1, 9.75], "texture": "#1"},
				"up": {"uv": [1, 10.75, 0, 9.75], "texture": "#1"},
				"down": {"uv": [2, 9.75, 1, 10.75], "texture": "#1"}
			}
		},
		{
			"from": [-1.44593, -13.72973, 8.46791],
			"to": [-1.44593, -7.72973, 12.46791],
			"rotation": {"angle": 7.5, "axis": "z", "origin": [2.55407, -14.49912, 10.46791]},
			"faces": {
				"north": {"uv": [0, 0, 0, 1.5], "texture": "#1"},
				"east": {"uv": [9.5, 2.5, 10.5, 4], "texture": "#1"},
				"south": {"uv": [0, 0, 0, 1.5], "texture": "#1"},
				"west": {"uv": [9.5, 2.5, 10.5, 4], "texture": "#1"},
				"up": {"uv": [0, 1, 0, 0], "texture": "#1"},
				"down": {"uv": [0, 0, 0, 1], "texture": "#1"}
			}
		},
		{
			"from": [2.55407, -13.72973, 8.46791],
			"to": [2.55407, -7.72973, 12.46791],
			"rotation": {"angle": 7.5, "axis": "z", "origin": [2.55407, -14.49912, 10.46791]},
			"faces": {
				"north": {"uv": [0, 0, 0, 1.5], "texture": "#1"},
				"east": {"uv": [9.5, 4, 10.5, 5.5], "texture": "#1"},
				"south": {"uv": [0, 0, 0, 1.5], "texture": "#1"},
				"west": {"uv": [10.5, 4, 9.5, 5.5], "texture": "#1"},
				"up": {"uv": [0, 1, 0, 0], "texture": "#1"},
				"down": {"uv": [0, 0, 0, 1], "texture": "#1"}
			}
		},
		{
			"from": [-1.44593, -13.72973, 8.46791],
			"to": [2.55407, -7.72973, 8.46791],
			"rotation": {"angle": 7.5, "axis": "z", "origin": [2.55407, -14.49912, 10.46791]},
			"faces": {
				"north": {"uv": [9.5, 5.5, 10.5, 7], "texture": "#1"},
				"east": {"uv": [0, 0, 0, 1.5], "texture": "#1"},
				"south": {"uv": [10.5, 5.5, 9.5, 7], "texture": "#1"},
				"west": {"uv": [0, 0, 0, 1.5], "texture": "#1"},
				"up": {"uv": [1, 0, 0, 0], "texture": "#1"},
				"down": {"uv": [1, 0, 0, 0], "texture": "#1"}
			}
		},
		{
			"from": [-1.44593, -13.72973, 12.46791],
			"to": [2.55407, -7.72973, 12.46791],
			"rotation": {"angle": 7.5, "axis": "z", "origin": [2.55407, -14.49912, 10.46791]},
			"faces": {
				"north": {"uv": [9.5, 7, 10.5, 8.5], "texture": "#1"},
				"east": {"uv": [0, 0, 0, 1.5], "texture": "#1"},
				"south": {"uv": [9.5, 7, 10.5, 8.5], "texture": "#1"},
				"west": {"uv": [0, 0, 0, 1.5], "texture": "#1"},
				"up": {"uv": [1, 0, 0, 0], "texture": "#1"},
				"down": {"uv": [1, 0, 0, 0], "texture": "#1"}
			}
		},
		{
			"from": [12, 2.5, 10],
			"to": [16, 13.5, 14],
			"rotation": {"angle": 15, "axis": "z", "origin": [15, 11.5, 11]},
			"faces": {
				"north": {"uv": [6, 7.5, 7, 10.25], "texture": "#1"},
				"east": {"uv": [7.75, 0, 8.75, 2.75], "texture": "#1"},
				"south": {"uv": [8.5, 2.75, 9.5, 5.5], "texture": "#1"},
				"west": {"uv": [8.5, 5.5, 9.5, 8.25], "texture": "#1"},
				"up": {"uv": [3, 10.75, 2, 9.75], "texture": "#1"},
				"down": {"uv": [4, 9.75, 3, 10.75], "texture": "#1"}
			}
		},
		{
			"from": [14.2953, -8.60804, 9.01902],
			"to": [18.2953, 3.39196, 13.01902],
			"rotation": {"angle": 7.5, "axis": "x", "origin": [14.2953, -4.2547, 11.01902]},
			"faces": {
				"north": {"uv": [6.75, 0, 7.75, 3], "texture": "#1"},
				"east": {"uv": [1, 6.75, 2, 9.75], "texture": "#1"},
				"south": {"uv": [2, 6.75, 3, 9.75], "texture": "#1"},
				"west": {"uv": [3, 6.75, 4, 9.75], "texture": "#1"},
				"up": {"uv": [8, 10.75, 7, 9.75], "texture": "#1"},
				"down": {"uv": [9, 9.75, 8, 10.75], "texture": "#1"}
			}
		},
		{
			"from": [17.44593, -13.72973, 8.46791],
			"to": [17.44593, -7.72973, 12.46791],
			"rotation": {"angle": -7.5, "axis": "z", "origin": [13.44593, -14.49912, 10.46791]},
			"faces": {
				"north": {"uv": [0, 0, 0, 1.5], "texture": "#1"},
				"east": {"uv": [10.5, 2.5, 9.5, 4], "texture": "#1"},
				"south": {"uv": [0, 0, 0, 1.5], "texture": "#1"},
				"west": {"uv": [9.5, 2.5, 10.5, 4], "texture": "#1"},
				"up": {"uv": [0, 0, 0, 1], "texture": "#1"},
				"down": {"uv": [0, 0, 0, 1], "texture": "#1"}
			}
		},
		{
			"from": [13.44593, -13.72973, 8.46791],
			"to": [13.44593, -7.72973, 12.46791],
			"rotation": {"angle": -7.5, "axis": "z", "origin": [13.44593, -14.49912, 10.46791]},
			"faces": {
				"north": {"uv": [0, 0, 0, 1.5], "texture": "#1"},
				"east": {"uv": [9.5, 4, 10.5, 5.5], "texture": "#1"},
				"south": {"uv": [0, 0, 0, 1.5], "texture": "#1"},
				"west": {"uv": [10.5, 4, 9.5, 5.5], "texture": "#1"},
				"up": {"uv": [0, 1, 0, 0], "texture": "#1"},
				"down": {"uv": [0, 0, 0, 1], "texture": "#1"}
			}
		},
		{
			"from": [13.44593, -13.72973, 8.46791],
			"to": [17.44593, -7.72973, 8.46791],
			"rotation": {"angle": -7.5, "axis": "z", "origin": [13.44593, -14.49912, 10.46791]},
			"faces": {
				"north": {"uv": [10.5, 5.5, 9.5, 7], "texture": "#1"},
				"east": {"uv": [0, 0, 0, 1.5], "texture": "#1"},
				"south": {"uv": [9.5, 5.5, 10.5, 7], "texture": "#1"},
				"west": {"uv": [0, 0, 0, 1.5], "texture": "#1"},
				"up": {"uv": [1, 0, 0, 0], "texture": "#1"},
				"down": {"uv": [0, 0, 1, 0], "texture": "#1"}
			}
		},
		{
			"from": [13.44593, -13.72973, 12.46791],
			"to": [17.44593, -7.72973, 12.46791],
			"rotation": {"angle": -7.5, "axis": "z", "origin": [13.44593, -14.49912, 10.46791]},
			"faces": {
				"north": {"uv": [9.5, 7, 10.5, 8.5], "texture": "#1"},
				"east": {"uv": [0, 0, 0, 1.5], "texture": "#1"},
				"south": {"uv": [10.5, 7, 9.5, 8.5], "texture": "#1"},
				"west": {"uv": [0, 0, 0, 1.5], "texture": "#1"},
				"up": {"uv": [0, 0, 1, 0], "texture": "#1"},
				"down": {"uv": [0, 0, 1, 0], "texture": "#1"}
			}
		},
		{
			"from": [3.5, 3.499, 3.5],
			"to": [12.5, 3.499, 12.5],
			"rotation": {"angle": 0, "axis": "y", "origin": [7.5, 3.499, 10.5]},
			"faces": {
				"north": {"uv": [0, 0, 2.25, 0], "texture": "#1"},
				"east": {"uv": [0, 0, 2.25, 0], "texture": "#1"},
				"south": {"uv": [0, 0, 2.25, 0], "texture": "#1"},
				"west": {"uv": [0, 0, 2.25, 0], "texture": "#1"},
				"up": {"uv": [2.25, 2.25, 0, 0], "texture": "#1"},
				"down": {"uv": [0, 0, 2.25, 2.25], "texture": "#1"}
			}
		},
		{
			"from": [11.5, 10, 9],
			"to": [13.5, 15, 14],
			"rotation": {"angle": 22.5, "axis": "x", "origin": [13.5, 12, 9]},
			"faces": {
				"north": {"uv": [4, 10.25, 4.5, 11.5], "texture": "#1"},
				"east": {"uv": [8.75, 0, 10, 1.25], "texture": "#1"},
				"south": {"uv": [4.5, 10.25, 5, 11.5], "texture": "#1"},
				"west": {"uv": [8.75, 1.25, 10, 2.5], "texture": "#1"},
				"up": {"uv": [5.5, 11.5, 5, 10.25], "texture": "#1"},
				"down": {"uv": [6, 10.25, 5.5, 11.5], "texture": "#1"}
			}
		}
	],
	"gui_light": "front",
	"display": {
		"thirdperson_righthand": {
			"rotation": [75, 45, 0],
			"translation": [0, 2.5, 0],
			"scale": [0.375, 0.375, 0.375]
		},
		"thirdperson_lefthand": {
			"rotation": [75, 45, 0],
			"translation": [0, 2.5, 0],
			"scale": [0.375, 0.375, 0.375]
		},
		"firstperson_righthand": {
			"rotation": [0, 135, 0],
			"translation": [0, 4, 0],
			"scale": [0.4, 0.4, 0.4]
		},
		"firstperson_lefthand": {
			"rotation": [0, 135, 0],
			"translation": [0, 4, 0],
			"scale": [0.4, 0.4, 0.4]
		},
		"ground": {
			"translation": [0, 3, 0],
			"scale": [0.5, 0.5, 0.5]
		},
		"gui": {
			"rotation": [30, -180, 0],
			"translation": [0, 2.5, 0],
			"scale": [0.5, 0.5, 0.5]
		},
		"head": {
			"scale": [1.7, 1.7, 1.7]
		},
		"fixed": {
			"scale": [0.5, 0.5, 0.5]
		}
	},
	"groups": [
		0,
		1,
		2,
		3,
		4,
		5,
		{
			"name": "group",
			"origin": [1, 11, 10.5],
			"color": 0,
			"children": [6, 7, 8, 9, 10, 11, 12, 13, 14, 15, 16, 17, 18]
		},
		19
	]
}