{
	"credit": "Made with Blockbench",
	"textures": {
		"0": "nodenium:item/propeller_hat",
		"3": "nodenium:item/propeller_hat_spinner",
		"particle": "nodenium:item/propeller_hat"
	},
	"elements": [
		{
			"from": [7, 9, 8],
			"to": [9, 11, 8],
			"rotation": {"angle": 45, "axis": "y", "origin": [8, 10, 8]},
			"faces": {
				"north": {"uv": [0, 0, 1, 1], "texture": "#0"},
				"east": {"uv": [0, 0, 0, 1], "texture": "#0"},
				"south": {"uv": [1, 0, 2, 1], "texture": "#0"},
				"west": {"uv": [1, 0, 1, 1], "texture": "#0"},
				"up": {"uv": [1, 0, 0, 0], "texture": "#0"},
				"down": {"uv": [2, 0, 1, 0], "texture": "#0"}
			}
		},
		{
			"from": [4, 9, 4],
			"to": [12, 9, 12],
			"faces": {
				"north": {"uv": [4, 4, 8, 4], "texture": "#0"},
				"east": {"uv": [0, 4, 4, 4], "texture": "#0"},
				"south": {"uv": [12, 4, 16, 4], "texture": "#0"},
				"west": {"uv": [8, 4, 12, 4], "texture": "#0"},
				"up": {"uv": [8, 4, 4, 0], "texture": "#0"},
				"down": {"uv": [12, 0, 8, 4], "texture": "#0"}
			}
		},
		{
			"from": [4, 6, 0],
			"to": [12, 6, 4],
			"faces": {
				"north": {"uv": [2, 6, 6, 6], "texture": "#0"},
				"east": {"uv": [0, 6, 2, 6], "texture": "#0"},
				"south": {"uv": [8, 6, 12, 6], "texture": "#0"},
				"west": {"uv": [6, 6, 8, 6], "texture": "#0"},
				"up": {"uv": [6, 6, 2, 4], "texture": "#0"},
				"down": {"uv": [10, 4, 6, 6], "texture": "#0"}
			}
		},
		{
			"from": [12, 5, 0],
			"to": [12, 6, 4],
			"faces": {
				"north": {"uv": [2, 2.5, 2, 3], "texture": "#0"},
				"east": {"uv": [0, 2.5, 2, 3], "texture": "#0"},
				"south": {"uv": [4, 2.5, 4, 3], "texture": "#0"},
				"west": {"uv": [2, 2.5, 4, 3], "texture": "#0"},
				"up": {"uv": [2, 2.5, 2, 0.5], "texture": "#0"},
				"down": {"uv": [2, 0.5, 2, 2.5], "texture": "#0"}
			}
		},
		{
			"from": [4, 5, 0],
			"to": [4, 6, 4],
			"faces": {
				"north": {"uv": [2, 2, 2, 2.5], "texture": "#0"},
				"east": {"uv": [0, 2, 2, 2.5], "texture": "#0"},
				"south": {"uv": [4, 2, 4, 2.5], "texture": "#0"},
				"west": {"uv": [2, 2, 4, 2.5], "texture": "#0"},
				"up": {"uv": [2, 2, 2, 0], "texture": "#0"},
				"down": {"uv": [2, 0, 2, 2], "texture": "#0"}
			}
		},
		{
			"from": [12, 5, 4],
			"to": [12, 9, 12],
			"faces": {
				"north": {"uv": [4, 8, 4, 10], "texture": "#0"},
				"east": {"uv": [0, 8, 4, 10], "texture": "#0"},
				"south": {"uv": [8, 8, 8, 10], "texture": "#0"},
				"west": {"uv": [4, 8, 8, 10], "texture": "#0"},
				"up": {"uv": [4, 8, 4, 4], "texture": "#0"},
				"down": {"uv": [4, 4, 4, 8], "texture": "#0"}
			}
		},
		{
			"from": [4, 6, 4],
			"to": [12, 9, 4],
			"faces": {
				"north": {"uv": [8, 8, 12, 9.5], "texture": "#0"},
				"east": {"uv": [8, 8, 8, 9.5], "texture": "#0"},
				"south": {"uv": [12, 8, 16, 9.5], "texture": "#0"},
				"west": {"uv": [12, 8, 12, 9.5], "texture": "#0"},
				"up": {"uv": [12, 8, 8, 8], "texture": "#0"},
				"down": {"uv": [16, 8, 12, 8], "texture": "#0"}
			}
		},
		{
			"from": [4, 5, 4],
			"to": [4, 9, 12],
			"faces": {
				"north": {"uv": [4, 6, 4, 8], "texture": "#0"},
				"east": {"uv": [0, 6, 4, 8], "texture": "#0"},
				"south": {"uv": [8, 6, 8, 8], "texture": "#0"},
				"west": {"uv": [4, 6, 8, 8], "texture": "#0"},
				"up": {"uv": [4, 6, 4, 2], "texture": "#0"},
				"down": {"uv": [4, 2, 4, 6], "texture": "#0"}
			}
		},
		{
			"from": [4, 5, 12],
			"to": [12, 9, 12],
			"rotation": {"angle": 0, "axis": "y", "origin": [8, 7, 12]},
			"faces": {
				"north": {"uv": [8, 6, 12, 8], "texture": "#0"},
				"east": {"uv": [8, 6, 8, 8], "texture": "#0"},
				"south": {"uv": [12, 6, 16, 8], "texture": "#0"},
				"west": {"uv": [12, 6, 12, 8], "texture": "#0"},
				"up": {"uv": [12, 6, 8, 6], "texture": "#0"},
				"down": {"uv": [16, 6, 12, 6], "texture": "#0"}
			}
		},
		{
			"from": [8, 9, 7],
			"to": [8, 11, 9],
			"rotation": {"angle": 45, "axis": "y", "origin": [8, 10, 8]},
			"faces": {
				"north": {"uv": [1, 1, 1, 2], "texture": "#0"},
				"east": {"uv": [0, 1, 1, 2], "texture": "#0"},
				"south": {"uv": [2, 1, 2, 2], "texture": "#0"},
				"west": {"uv": [1, 1, 2, 2], "texture": "#0"},
				"up": {"uv": [1, 1, 1, 0], "texture": "#0"},
				"down": {"uv": [1, 0, 1, 1], "texture": "#0"}
			}
		},
		{
			"from": [4, 11, 7],
			"to": [12, 12, 9],
			"rotation": {"angle": 0, "axis": "y", "origin": [8, 11.5, 8]},
			"faces": {
				"north": {"uv": [0, 1, 8, 2], "texture": "#3"},
				"east": {"uv": [0, 0, 2, 1], "texture": "#3"},
				"south": {"uv": [0, 1, 8, 2], "texture": "#3"},
				"west": {"uv": [0, 0, 2, 1], "texture": "#3"},
				"up": {"uv": [0, 0, 8, 2], "texture": "#3"},
				"down": {"uv": [0, 2, 8, 0], "texture": "#3"}
			}
		},
		{
			"from": [4, 11, 7],
			"to": [12, 12, 9],
			"rotation": {"angle": -22.5, "axis": "y", "origin": [8, 11.5, 8]},
			"faces": {
				"north": {"uv": [0, 3, 8, 4], "texture": "#3"},
				"east": {"uv": [0, 2, 2, 3], "texture": "#3"},
				"south": {"uv": [0, 3, 8, 4], "texture": "#3"},
				"west": {"uv": [0, 2, 2, 3], "texture": "#3"},
				"up": {"uv": [0, 2, 8, 4], "texture": "#3"},
				"down": {"uv": [0, 4, 8, 2], "texture": "#3"}
			}
		},
		{
			"from": [7, 11, 4],
			"to": [9, 12, 12],
			"rotation": {"angle": 22.5, "axis": "y", "origin": [8, 11.5, 8]},
			"faces": {
				"north": {"uv": [0, 6, 2, 7], "texture": "#3"},
				"east": {"uv": [0, 7, 8, 8], "texture": "#3"},
				"south": {"uv": [0, 6, 2, 7], "texture": "#3"},
				"west": {"uv": [0, 7, 8, 8], "texture": "#3"},
				"up": {"uv": [0, 6, 8, 8], "rotation": 90, "texture": "#3"},
				"down": {"uv": [0, 8, 8, 6], "rotation": 270, "texture": "#3"}
			}
		},
		{
			"from": [7, 11, 4],
			"to": [9, 12, 12],
			"rotation": {"angle": 45, "axis": "y", "origin": [8, 11.5, 8]},
			"faces": {
				"north": {"uv": [0, 4, 2, 5], "texture": "#3"},
				"east": {"uv": [0, 5, 8, 6], "texture": "#3"},
				"south": {"uv": [0, 4, 2, 5], "texture": "#3"},
				"west": {"uv": [0, 5, 8, 6], "texture": "#3"},
				"up": {"uv": [0, 4, 8, 6], "rotation": 90, "texture": "#3"},
				"down": {"uv": [0, 6, 8, 4], "rotation": 270, "texture": "#3"}
			}
		},
		{
			"from": [7, 11, 4],
			"to": [9, 12, 12],
			"rotation": {"angle": 0, "axis": "y", "origin": [8, 11.5, 8]},
			"faces": {
				"north": {"uv": [0, 8, 2, 9], "texture": "#3"},
				"east": {"uv": [0, 9, 8, 10], "texture": "#3"},
				"south": {"uv": [0, 8, 2, 9], "texture": "#3"},
				"west": {"uv": [0, 9, 8, 10], "texture": "#3"},
				"up": {"uv": [0, 8, 8, 10], "rotation": 90, "texture": "#3"},
				"down": {"uv": [0, 10, 8, 8], "rotation": 270, "texture": "#3"}
			}
		},
		{
			"from": [7, 11, 4],
			"to": [9, 12, 12],
			"rotation": {"angle": -22.5, "axis": "y", "origin": [8, 11.5, 8]},
			"faces": {
				"north": {"uv": [0, 10, 2, 11], "texture": "#3"},
				"east": {"uv": [0, 11, 8, 12], "texture": "#3"},
				"south": {"uv": [0, 10, 2, 11], "texture": "#3"},
				"west": {"uv": [0, 11, 8, 12], "texture": "#3"},
				"up": {"uv": [0, 10, 8, 12], "rotation": 90, "texture": "#3"},
				"down": {"uv": [0, 12, 8, 10], "rotation": 270, "texture": "#3"}
			}
		},
		{
			"from": [4, 11, 7],
			"to": [12, 12, 9],
			"rotation": {"angle": 45, "axis": "y", "origin": [8, 11.5, 8]},
			"faces": {
				"north": {"uv": [0, 13, 8, 14], "texture": "#3"},
				"east": {"uv": [0, 12, 2, 13], "texture": "#3"},
				"south": {"uv": [0, 13, 8, 14], "texture": "#3"},
				"west": {"uv": [0, 12, 2, 13], "texture": "#3"},
				"up": {"uv": [0, 12, 8, 14], "rotation": 180, "texture": "#3"},
				"down": {"uv": [0, 14, 8, 12], "rotation": 180, "texture": "#3"}
			}
		},
		{
			"from": [4, 11, 7],
			"to": [12, 12, 9],
			"rotation": {"angle": 22.5, "axis": "y", "origin": [8, 11.5, 8]},
			"faces": {
				"north": {"uv": [0, 15, 8, 16], "texture": "#3"},
				"east": {"uv": [0, 14, 2, 15], "texture": "#3"},
				"south": {"uv": [0, 15, 8, 16], "texture": "#3"},
				"west": {"uv": [0, 14, 2, 15], "texture": "#3"},
				"up": {"uv": [0, 14, 8, 16], "rotation": 180, "texture": "#3"},
				"down": {"uv": [0, 16, 8, 14], "rotation": 180, "texture": "#3"}
			}
		}
	],
	"gui_light": "front",
	"display": {
		"thirdperson_righthand": {
			"translation": [0, 0, -2],
			"scale": [0.65, 0.65, 0.65]
		},
		"thirdperson_lefthand": {
			"translation": [0, 0, -2],
			"scale": [0.65, 0.65, 0.65]
		},
		"firstperson_righthand": {
			"rotation": [0, 45, 0],
			"scale": [0.4, 0.4, 0.4]
		},
		"firstperson_lefthand": {
			"rotation": [0, 45, 0],
			"scale": [0.4, 0.4, 0.4]
		},
		"gui": {
			"rotation": [30, 225, 0],
			"translation": [-1.25, 0.75, 0]
		},
		"head": {
			"translation": [0, 6.5, 0],
			"scale": [1.81, 1.81, 1.81]
		}
	},
	"groups": [
		{
			"name": "cap",
			"origin": [8, 10, 8],
			"color": 0,
			"children": [0, 1, 2, 3, 4, 5, 6, 7, 8, 9]
		},
		{
			"name": "spinner",
			"origin": [7, 14, 7],
			"color": 0,
			"children": [10, 11, 12, 13, 14, 15, 16, 17]
		}
	]
}