{
	"credit": "Made with Blockbench",
	"texture_size": [64, 64],
	"textures": {
		"0": "nodenium:item/rat_hat",
		"1": "nodenium:item/rat_hat_2",
		"particle": "nodenium:item/rat_hat"
	},
	"elements": [
		{
			"from": [2.25, 8, 2.25],
			"to": [13.75, 11, 3],
			"rotation": {"angle": 0, "axis": "y", "origin": [7, 8, 1]},
			"faces": {
				"north": {"uv": [7.5, 2, 10.5, 2.75], "texture": "#0"},
				"east": {"uv": [8, 6, 8.25, 6.75], "texture": "#0"},
				"south": {"uv": [7.5, 2.75, 10.5, 3.5], "texture": "#0"},
				"west": {"uv": [8.25, 6, 8.5, 6.75], "texture": "#0"},
				"up": {"uv": [10.5, 4.75, 7.5, 4.5], "texture": "#0"},
				"down": {"uv": [10.5, 4.75, 7.5, 5], "texture": "#0"}
			}
		},
		{
			"from": [3, 7.5, 1.25],
			"to": [13, 13, 2.25],
			"rotation": {"angle": 0, "axis": "y", "origin": [7, 8, 0.25]},
			"faces": {
				"north": {"uv": [2.5, 4.5, 5, 6], "texture": "#0"},
				"east": {"uv": [0.25, 8.25, 0.5, 9.75], "texture": "#0"},
				"south": {"uv": [0, 5, 2.5, 6.5], "texture": "#0"},
				"west": {"uv": [0.5, 8.25, 0.75, 9.75], "texture": "#0"},
				"up": {"uv": [10.5, 5.75, 8, 5.5], "texture": "#0"},
				"down": {"uv": [10.5, 5.75, 8, 6], "texture": "#0"}
			}
		},
		{
			"from": [2.25, 7, 3],
			"to": [3, 12, 13],
			"faces": {
				"north": {"uv": [0.75, 8.25, 1, 9.5], "texture": "#0"},
				"east": {"uv": [5, 0, 7.5, 1.25], "texture": "#0"},
				"south": {"uv": [1, 8.25, 1.25, 9.5], "texture": "#0"},
				"west": {"uv": [5, 1.25, 7.5, 2.5], "texture": "#0"},
				"up": {"uv": [7.25, 10.25, 7, 7.75], "texture": "#0"},
				"down": {"uv": [7.5, 7.75, 7.25, 10.25], "texture": "#0"}
			}
		},
		{
			"from": [13, 7, 3],
			"to": [13.75, 12, 13],
			"rotation": {"angle": 0, "axis": "y", "origin": [11, 0, 0]},
			"faces": {
				"north": {"uv": [1.25, 8.25, 1.5, 9.5], "texture": "#0"},
				"east": {"uv": [5, 2.5, 7.5, 3.75], "texture": "#0"},
				"south": {"uv": [8.25, 7.75, 8.5, 9], "texture": "#0"},
				"west": {"uv": [5, 3.75, 7.5, 5], "texture": "#0"},
				"up": {"uv": [7.75, 10.25, 7.5, 7.75], "texture": "#0"},
				"down": {"uv": [8, 7.75, 7.75, 10.25], "texture": "#0"}
			}
		},
		{
			"from": [13, 4, 8],
			"to": [13.75, 7, 13],
			"rotation": {"angle": 0, "axis": "y", "origin": [11, -5, 0]},
			"faces": {
				"north": {"uv": [3.5, 8.5, 3.75, 9.25], "texture": "#0"},
				"east": {"uv": [3.5, 7.75, 4.75, 8.5], "texture": "#0"},
				"south": {"uv": [8.5, 3.5, 8.75, 4.25], "texture": "#0"},
				"west": {"uv": [4.75, 7.75, 6, 8.5], "texture": "#0"},
				"up": {"uv": [1.75, 9.75, 1.5, 8.5], "texture": "#0"},
				"down": {"uv": [2, 8.5, 1.75, 9.75], "texture": "#0"}
			}
		},
		{
			"from": [13.75, 0, 3],
			"to": [13.75, 7, 9],
			"rotation": {"angle": 22.5, "axis": "z", "origin": [13.75, 7, 3]},
			"faces": {
				"north": {"uv": [0, 0, 0, 1.75], "texture": "#0"},
				"east": {"uv": [5, 5, 6.5, 6.75], "texture": "#0"},
				"south": {"uv": [0, 0, 0, 1.75], "texture": "#0"},
				"west": {"uv": [2.5, 6, 4, 7.75], "texture": "#0"},
				"up": {"uv": [0, 1.5, 0, 0], "texture": "#0"},
				"down": {"uv": [0, 0, 0, 1.5], "texture": "#0"}
			}
		},
		{
			"from": [2.25, 0, 3],
			"to": [2.25, 7, 9],
			"rotation": {"angle": -22.5, "axis": "z", "origin": [2.25, 7, 3]},
			"faces": {
				"north": {"uv": [0, 0, 0, 1.75], "texture": "#0"},
				"east": {"uv": [0, 6.5, 1.5, 8.25], "texture": "#0"},
				"south": {"uv": [0, 0, 0, 1.75], "texture": "#0"},
				"west": {"uv": [6.5, 5, 8, 6.75], "texture": "#0"},
				"up": {"uv": [0, 1.5, 0, 0], "texture": "#0"},
				"down": {"uv": [0, 0, 0, 1.5], "texture": "#0"}
			}
		},
		{
			"from": [2.25, 4, 8],
			"to": [3, 7, 13],
			"rotation": {"angle": 0, "axis": "y", "origin": [0, -5, 0]},
			"faces": {
				"north": {"uv": [0, 6, 1, 9], "texture": "#1"},
				"east": {"uv": [0, 0, 5, 3], "texture": "#1"},
				"south": {"uv": [6, 0, 7, 3], "texture": "#1"},
				"west": {"uv": [0, 3, 5, 6], "texture": "#1"},
				"up": {"uv": [6, 5, 5, 0], "texture": "#1"},
				"down": {"uv": [6, 5, 5, 10], "texture": "#1"}
			}
		},
		{
			"from": [3, 4, 13],
			"to": [13, 13, 13.75],
			"rotation": {"angle": 0, "axis": "y", "origin": [2, 0, 13]},
			"faces": {
				"north": {"uv": [2.5, 0, 5, 2.25], "texture": "#0"},
				"east": {"uv": [8, 7.75, 8.25, 10], "texture": "#0"},
				"south": {"uv": [2.5, 2.25, 5, 4.5], "texture": "#0"},
				"west": {"uv": [0, 8.25, 0.25, 10.5], "texture": "#0"},
				"up": {"uv": [10.5, 5.25, 8, 5], "texture": "#0"},
				"down": {"uv": [10.5, 5.25, 8, 5.5], "texture": "#0"}
			}
		},
		{
			"from": [3, 10, 3],
			"to": [13, 13.75, 13],
			"rotation": {"angle": 0, "axis": "y", "origin": [3, 10, 3]},
			"faces": {
				"north": {"uv": [4, 6.75, 6.5, 7.75], "texture": "#0"},
				"east": {"uv": [6.5, 6.75, 9, 7.75], "texture": "#0"},
				"south": {"uv": [7.5, 0, 10, 1], "texture": "#0"},
				"west": {"uv": [7.5, 1, 10, 2], "texture": "#0"},
				"up": {"uv": [2.5, 2.5, 0, 0], "texture": "#0"},
				"down": {"uv": [2.5, 2.5, 0, 5], "texture": "#0"}
			}
		},
		{
			"from": [-1.5, 11.25, 8.25],
			"to": [3.5, 16.25, 8.25],
			"rotation": {"angle": 22.5, "axis": "z", "origin": [0.5, 11.25, 8.25]},
			"faces": {
				"north": {"uv": [1.5, 6.5, 2.5, 7.5], "texture": "#0"},
				"east": {"uv": [0, 0, 0, 1], "texture": "#0"},
				"south": {"uv": [1.5, 7.5, 2.5, 8.5], "texture": "#0"},
				"west": {"uv": [0, 0, 0, 1], "texture": "#0"},
				"up": {"uv": [1, 0, 0, 0], "texture": "#0"},
				"down": {"uv": [1, 0, 0, 0], "texture": "#0"}
			}
		},
		{
			"from": [12.5, 11.25, 8.25],
			"to": [17.5, 16.25, 8.25],
			"rotation": {"angle": -22.5, "axis": "z", "origin": [15.5, 11.25, 8.25]},
			"faces": {
				"north": {"uv": [7.5, 3.5, 8.5, 4.5], "texture": "#0"},
				"east": {"uv": [0, 0, 0, 1], "texture": "#0"},
				"south": {"uv": [2.5, 7.75, 3.5, 8.75], "texture": "#0"},
				"west": {"uv": [0, 0, 0, 1], "texture": "#0"},
				"up": {"uv": [1, 0, 0, 0], "texture": "#0"},
				"down": {"uv": [1, 0, 0, 0], "texture": "#0"}
			}
		}
	],
	"display": {
		"thirdperson_righthand": {
			"rotation": [-13, 180, 0],
			"scale": [0.48, 0.48, 0.48]
		},
		"thirdperson_lefthand": {
			"rotation": [-13, 180, 0],
			"scale": [0.48, 0.48, 0.48]
		},
		"firstperson_righthand": {
			"scale": [0.6, 0.6, 0.6]
		},
		"firstperson_lefthand": {
			"scale": [0.6, 0.6, 0.6]
		},
		"ground": {
			"translation": [0, 3.5, 0],
			"scale": [0.54, 0.54, 0.54]
		},
		"gui": {
			"rotation": [0, 180, 0],
			"translation": [0, -2, 0],
			"scale": [0.72, 0.72, 0.72]
		},
		"head": {
			"rotation": [15, 0, 0],
			"translation": [0, 1, 0.5],
			"scale": [1.45, 1.45, 1.45]
		},
		"fixed": {
			"translation": [0, -1, 0]
		}
	}
}