{
    "parent": "block/carved_pumpkin",
    "textures": {
        "layer0": "item/carved_pumpkin"
    },
 
    "overrides": [
        {"predicate": {"custom_model_data":1}, "model": "custom/hat/cat_in_the_hat"},
        {"predicate": {"custom_model_data":2}, "model": "custom/hat/sunglasses_high"},
        {"predicate": {"custom_model_data":3}, "model": "custom/hat/sunglasses_low"},
        {"predicate": {"custom_model_data":4}, "model": "custom/hat/antenna"},
        {"predicate": {"custom_model_data":5}, "model": "custom/hat/warden"},
        {"predicate": {"custom_model_data":6}, "model": "custom/hat/warden_dan"},
        {"predicate": {"custom_model_data":7}, "model": "custom/hat/propeller_hat"},
        {"predicate": {"custom_model_data":8}, "model": "custom/hat/flower_crown"},
        {"predicate": {"custom_model_data":9}, "model": "custom/hat/beak"},
        {"predicate": {"custom_model_data":10}, "model": "custom/hat/horse_head"},
        {"predicate": {"custom_model_data":11}, "model": "custom/hat/sombrero"},
        {"predicate": {"custom_model_data":12}, "model": "custom/hat/the_knight_mask"},
        {"predicate": {"custom_model_data":13}, "model": "custom/hat/cauldron"},
        {"predicate": {"custom_model_data":14}, "model": "custom/hat/moon"},
        {"predicate": {"custom_model_data":15}, "model": "custom/hat/traffic_cone"},
        {"predicate": {"custom_model_data":16}, "model": "custom/hat/frying_pan"},
        {"predicate": {"custom_model_data":17}, "model": "custom/hat/christmas_hat"},
        {"predicate": {"custom_model_data":18}, "model": "custom/hat/headset"},
        {"predicate": {"custom_model_data":19}, "model": "custom/hat/fire"},
        {"predicate": {"custom_model_data":20}, "model": "custom/hat/arctic_hood"},
        {"predicate": {"custom_model_data":21}, "model": "custom/hat/antlers"},
        {"predicate": {"custom_model_data":22}, "model": "custom/hat/antlers_lights"},
        {"predicate": {"custom_model_data":23}, "model": "custom/hat/pekka"},
        {"predicate": {"custom_model_data":24}, "model": "custom/hat/magikarp"},
        {"predicate": {"custom_model_data":25}, "model": "custom/hat/english_cap"}
    ]
}