{
    "parent": "block/carved_pumpkin",
    "textures": {
        "layer0": "item/carved_pumpkin"
    },
 
    "overrides": [
        {"predicate": {"custom_model_data":1}, "model": "item/custom/model/cat_in_the_hat"},
        {"predicate": {"custom_model_data":2}, "model": "item/custom/model/sunglasses_high"},
        {"predicate": {"custom_model_data":3}, "model": "item/custom/model/sunglasses_low"},
        {"predicate": {"custom_model_data":4}, "model": "item/custom/model/antenna"},
        {"predicate": {"custom_model_data":5}, "model": "item/custom/model/warden"},
        {"predicate": {"custom_model_data":6}, "model": "item/custom/model/warden_dan"},
        {"predicate": {"custom_model_data":7}, "model": "item/custom/model/propeller_hat"},
        {"predicate": {"custom_model_data":8}, "model": "item/custom/model/top_hat"},
        {"predicate": {"custom_model_data":9}, "model": "item/custom/model/beak"},
        {"predicate": {"custom_model_data":10}, "model": "item/custom/model/horse_head"},
        {"predicate": {"custom_model_data":11}, "model": "item/custom/model/sombrero"},
        {"predicate": {"custom_model_data":12}, "model": "item/custom/model/the_knight_mask"},
        {"predicate": {"custom_model_data":13}, "model": "item/custom/model/cauldron"},
        {"predicate": {"custom_model_data":14}, "model": "item/custom/model/moon"},
        {"predicate": {"custom_model_data":15}, "model": "item/custom/model/traffic_cone"},
        {"predicate": {"custom_model_data":16}, "model": "item/custom/model/frying_pan"},
        {"predicate": {"custom_model_data":17}, "model": "item/custom/model/christmas_hat"},
        {"predicate": {"custom_model_data":18}, "model": "item/custom/model/headset"},
        {"predicate": {"custom_model_data":19}, "model": "item/custom/model/fire"},
        {"predicate": {"custom_model_data":20}, "model": "item/custom/model/arctic_hood"},
        {"predicate": {"custom_model_data":21}, "model": "item/custom/model/antlers"},
        {"predicate": {"custom_model_data":22}, "model": "item/custom/model/antlers_lights"},
        {"predicate": {"custom_model_data":23}, "model": "item/custom/model/pekka"},
        {"predicate": {"custom_model_data":24}, "model": "item/custom/model/magikarp"},
        {"predicate": {"custom_model_data":25}, "model": "item/custom/model/flat_cap"},
        {"predicate": {"custom_model_data":26}, "model": "item/custom/model/golden_crown"},
        {"predicate": {"custom_model_data":27}, "model": "item/custom/model/red_present"},
        {"predicate": {"custom_model_data":28}, "model": "item/custom/model/blue_present"},
        {"predicate": {"custom_model_data":29}, "model": "item/custom/model/yellow_present"},
        {"predicate": {"custom_model_data":30}, "model": "item/custom/model/green_present"},
        {"predicate": {"custom_model_data":31}, "model": "item/custom/model/wolf_head"},
        {"predicate": {"custom_model_data":32}, "model": "item/custom/model/flower_crown"},
        {"predicate": {"custom_model_data":33}, "model": "item/custom/model/traitor_cap"},
        {"predicate": {"custom_model_data":34}, "model": "item/custom/model/dave_statue"},
        {"predicate": {"custom_model_data":35}, "model": "item/custom/model/shtreimel"},
        {"predicate": {"custom_model_data":36}, "model": "item/custom/model/black_bunny_ears"},
        {"predicate": {"custom_model_data":37}, "model": "item/custom/model/bubblegum_crown"},
        {"predicate": {"custom_model_data":38}, "model": "item/custom/model/banana_guard"},
        {"predicate": {"custom_model_data":39}, "model": "item/custom/model/hook_mask"},
        {"predicate": {"custom_model_data":40}, "model": "item/custom/model/big_chungus"},
        {"predicate": {"custom_model_data":41}, "model": "item/custom/model/cowboy_hat"},
        {"predicate": {"custom_model_data":42}, "model": "item/custom/model/mayor_hat"},
        {"predicate": {"custom_model_data":43}, "model": "item/custom/model/Hoops"},
        {"predicate": {"custom_model_data":44}, "model": "item/custom/model/chud"},
        {"predicate": {"custom_model_data":45}, "model": "item/custom/model/hullbreaker"},
        {"predicate": {"custom_model_data":46}, "model": "item/custom/model/cake_hat"},
        {"predicate": {"custom_model_data":506}, "model": "item/custom/model/bubblegum_trophy"},
        {"predicate": {"custom_model_data":507}, "model": "item/custom/model/easter_trophy"},
        {"predicate": {"custom_model_data":508}, "model": "item/custom/model/peter_plush"}
    ]
}