{
    "parent": "item/generated",
    "textures": {
        "layer0": "item/cooked_porkchop"
    },
 
    "overrides": [
        {"predicate": {"custom_model_data":1}, "model": "item/custom/nodenium_cookie"},
        {"predicate": {"custom_model_data":2}, "model": "item/custom/tomato"},
        {"predicate": {"custom_model_data":3}, "model": "item/custom/candy_cane"},
        {"predicate": {"custom_model_data":4}, "model": "item/custom/christmas_pudding"},
        {"predicate": {"custom_model_data":5}, "model": "item/custom/gingerbread_cookie"},
        {"predicate": {"custom_model_data":6}, "model": "item/custom/cooked_turkey"}
    ]
}