{
    "parent": "item/generated",
    "textures": {
        "layer0": "item/crossbow_standby"
    },
    "display": {
        "thirdperson_righthand": {
            "rotation": [ -90, 0, -60 ],
            "translation": [ 2, 0.1, -3 ],
            "scale": [ 0.9, 0.9, 0.9 ]
        },
        "thirdperson_lefthand": {
            "rotation": [ -90, 0, 30 ],
            "translation": [ 2, 0.1, -3 ],
            "scale": [ 0.9, 0.9, 0.9 ]
        },
        "firstperson_righthand": {
            "rotation": [ -90, 0, -55 ],
            "translation": [ 1.13, 3.2, 1.13],
            "scale": [ 0.68, 0.68, 0.68 ]
        },
        "firstperson_lefthand": {
            "rotation": [ -90, 0, 35 ],
            "translation": [ 1.13, 3.2, 1.13],
            "scale": [ 0.68, 0.68, 0.68 ]
        }
    },
"overrides":
[
{"predicate": {"pulling": 1},"model": "item/bow_pulling_0"},
{"predicate": {"pulling": 1,"pull": 0.58},"model": "item/bow_pulling_1"},
{"predicate": {"pulling": 1,"pull": 1.0},"model": "item/bow_pulling_2"},
{"predicate": {"charged": 1},"model": "item/crossbow_arrow"},
{"predicate": {"charged": 1,"firework": 1},"model": "item/crossbow_firework"},

{"predicate": {"custom_model_data":1},"model": "item/custom/crossbow/lasergun"},
{"predicate": {"custom_model_data":1,"pulling": 1},"model": "item/custom/crossbow/lasergun_pulling_0"},
{"predicate": {"custom_model_data":1,"pulling": 1,"pull": 0.58},"model": "item/custom/crossbow/lasergun_pulling_1"},
{"predicate": {"custom_model_data":1,"pulling": 1,"pull": 0.1},"model": "item/custom/crossbow/lasergun_pulling_2"},
{"predicate": {"custom_model_data":1,"charged": 1},"model": "item/custom/crossbow/lasergun"},
{"predicate": {"custom_model_data":1,"charged": 1,"firework": 1},"model": "item/custom/crossbow/lasergun"},

{"predicate": {"custom_model_data":2},"model": "item/bow/bananabow"},
{"predicate": {"custom_model_data":2,"pulling": 1},"model": "item/bow/bananabow_pulling_0"},
{"predicate": {"custom_model_data":2,"pulling": 1,"pull": 0.65},"model": "item/bow/bananabow_pulling_1"},
{"predicate": {"custom_model_data":2,"pulling": 1,"pull": 0.9},"model": "item/bow/bananabow_pulling_2"},

{"predicate": {"custom_model_data":3},"model": "item/bow/minigun"},
{"predicate": {"custom_model_data":3,"pulling": 1},"model": "item/bow/minigun_pulling_0"},
{"predicate": {"custom_model_data":3,"pulling": 1,"pull": 0.65},"model": "item/bow/minigun_pulling_1"},
{"predicate": {"custom_model_data":3,"pulling": 1,"pull": 0.9},"model": "item/bow/minigun_pulling_2"},

{"predicate": {"custom_model_data":4},"model": "item/bow/4"},
{"predicate": {"custom_model_data":4,"pulling": 1},"model": "item/bow/4_pulling_0"},
{"predicate": {"custom_model_data":4,"pulling": 1,"pull": 0.65},"model": "item/bow/4_pulling_1"},
{"predicate": {"custom_model_data":4,"pulling": 1,"pull": 0.9},"model": "item/bow/4_pulling_2"},

{"predicate": {"custom_model_data":5},"model": "item/bow/5"},
{"predicate": {"custom_model_data":5,"pulling": 1},"model": "item/bow/5_pulling_0"},
{"predicate": {"custom_model_data":5,"pulling": 1,"pull": 0.65},"model": "item/bow/5_pulling_1"},
{"predicate": {"custom_model_data":5,"pulling": 1,"pull": 0.9},"model": "item/bow/5_pulling_2"},

{"predicate": {"custom_model_data":6},"model": "item/bow/6"},
{"predicate": {"custom_model_data":6,"pulling": 1},"model": "item/bow/6_pulling_0"},
{"predicate": {"custom_model_data":6,"pulling": 1,"pull": 0.65},"model": "item/bow/6_pulling_1"},
{"predicate": {"custom_model_data":6,"pulling": 1,"pull": 0.9},"model": "item/bow/6_pulling_2"},

{"predicate": {"custom_model_data":7},"model": "item/bow/7"},
{"predicate": {"custom_model_data":7,"pulling": 1},"model": "item/bow/7_pulling_0"},
{"predicate": {"custom_model_data":7,"pulling": 1,"pull": 0.65},"model": "item/bow/7_pulling_1"},
{"predicate": {"custom_model_data":7,"pulling": 1,"pull": 0.9},"model": "item/bow/7_pulling_2"},
{"predicate": {"custom_model_data":7},"model": "item/bow/8"}
]
}