{
 "parent": "item/generated",
 "textures": {
  "layer0": "item/iron_nugget"
 },
 
 "overrides": [
  {"predicate": {"custom_model_data":1}, "model": "item/custom/model/fish_skeleton"},
  {"predicate": {"custom_model_data":2}, "model": "item/custom/model/swordfish"},
  {"predicate": {"custom_model_data":3}, "model": "item/custom/model/skull_ornament"},
  {"predicate": {"custom_model_data":4}, "model": "item/custom/model/easter_egg_model"},
  {"predicate": {"custom_model_data":5}, "model": "item/custom/model/golden_easter_egg_model"},
  {"predicate": {"custom_model_data":6}, "model": "item/custom/golden_easter_egg"},
  {"predicate": {"custom_model_data":7}, "model": "item/custom/model/laptop"},
  {"predicate": {"custom_model_data":8}, "model": "item/custom/model/cow_skull"},
  {"predicate": {"custom_model_data":9}, "model": "item/custom/model/cow_skull_small"},
  {"predicate": {"custom_model_data":10}, "model": "item/custom/model/heinz"},
  {"predicate": {"custom_model_data":11}, "model": "item/custom/model/tomato_one_tomato"},
  {"predicate": {"custom_model_data":12}, "model": "item/custom/model/tomato_two_tomatoes"},
  {"predicate": {"custom_model_data":13}, "model": "item/custom/model/tomato_three_tomatoes"},
  {"predicate": {"custom_model_data":14}, "model": "item/custom/model/pumpkin_one_pumpkin"},
  {"predicate": {"custom_model_data":15}, "model": "item/custom/model/pumpkin_two_pumpkins"},
  {"predicate": {"custom_model_data":16}, "model": "item/custom/model/pumpkin_three_pumpkins"},
  {"predicate": {"custom_model_data":17}, "model": "item/custom/model/carrot_two_carrots"},
  {"predicate": {"custom_model_data":18}, "model": "item/custom/model/carrot_three_carrots"},

  {"predicate": {"custom_model_data":101}, "model": "item/custom/model/letters/a"},
  {"predicate": {"custom_model_data":102}, "model": "item/custom/model/letters/b"},
  {"predicate": {"custom_model_data":103}, "model": "item/custom/model/letters/c"}

 ]
}