{
  "parent": "minecraft:item/handheld",
  "textures": {
    "layer0": "minecraft:item/netherite_sword"
  },
  
  "overrides": [
    {"predicate": {"custom_model_data": 1},"model": "item/custom/model/moonlight_greatsword"},
    {"predicate": {"custom_model_data": 2},"model": "item/custom/model/pekka_sword"},
    {"predicate": {"custom_model_data": 3},"model": "item/custom/dungeons_diamond_sword"},
    {"predicate": {"custom_model_data": 4},"model": "item/custom/cyberpunk_sword"}
  ]
}