{
  "textures": {
    "layer0": "item/netherite_axe"
  },
  "parent": "item/handheld",
 
  "overrides": [
    {"predicate": {"custom_model_data": 1},"model": "item/custom/model/axe_guitar"},
    {"predicate": {"custom_model_data": 2},"model": "item/custom/model/star_guitar"},
    {"predicate": {"custom_model_data": 3},"model": "item/custom/dungeons_diamond_axe"},
    {"predicate": {"custom_model_data": 4},"model": "item/custom/model/chainsaw"},
    {"predicate": {"custom_model_data": 5},"model": "item/custom/model/cyberpunk_axe"}
  ]
}