{
	"credit": "Made with Blockbench",
	"texture_size": [32, 32],
	"textures": {
		"9": "nodenium:item/sunglasses"
	},
	"elements": [
		{
			"from": [2, 7, 10],
			"to": [3, 8, 11],
			"rotation": {"angle": 0, "axis": "y", "origin": [1, 7, 10]},
			"faces": {
				"north": {"uv": [4, 2.5, 4.5, 3], "texture": "#9"},
				"east": {"uv": [4.5, 5.5, 5, 6], "texture": "#9"},
				"south": {"uv": [5, 5.5, 5.5, 6], "texture": "#9"},
				"west": {"uv": [5.5, 5, 6, 5.5], "texture": "#9"},
				"up": {"uv": [6, 6, 5.5, 5.5], "texture": "#9"},
				"down": {"uv": [6.5, 1, 6, 1.5], "texture": "#9"}
			}
		},
		{
			"from": [13, 7, 10],
			"to": [14, 8, 11],
			"rotation": {"angle": 0, "axis": "y", "origin": [12, 7, 10]},
			"faces": {
				"north": {"uv": [5, 6, 5.5, 6.5], "texture": "#9"},
				"east": {"uv": [6, 5, 6.5, 5.5], "texture": "#9"},
				"south": {"uv": [5.5, 6, 6, 6.5], "texture": "#9"},
				"west": {"uv": [6, 5.5, 6.5, 6], "texture": "#9"},
				"up": {"uv": [6.5, 6.5, 6, 6], "texture": "#9"},
				"down": {"uv": [7, 1, 6.5, 1.5], "texture": "#9"}
			}
		},
		{
			"from": [13, 8, 1],
			"to": [14, 9, 10],
			"rotation": {"angle": 0, "axis": "y", "origin": [12, 8, 9]},
			"faces": {
				"north": {"uv": [4.5, 6, 5, 6.5], "texture": "#9"},
				"east": {"uv": [4, 0, 8.5, 0.5], "texture": "#9"},
				"south": {"uv": [6, 4.5, 6.5, 5], "texture": "#9"},
				"west": {"uv": [4, 0.5, 8.5, 1], "texture": "#9"},
				"up": {"uv": [1.5, 8.5, 1, 4], "texture": "#9"},
				"down": {"uv": [2, 4, 1.5, 8.5], "texture": "#9"}
			}
		},
		{
			"from": [13, 7, 0],
			"to": [14, 9, 1],
			"rotation": {"angle": 0, "axis": "y", "origin": [12, 8, 8]},
			"faces": {
				"north": {"uv": [5.5, 2.5, 6, 3.5], "texture": "#9"},
				"east": {"uv": [3, 5.5, 3.5, 6.5], "texture": "#9"},
				"south": {"uv": [3.5, 5.5, 4, 6.5], "texture": "#9"},
				"west": {"uv": [4, 5.5, 4.5, 6.5], "texture": "#9"},
				"up": {"uv": [6.5, 4, 6, 3.5], "texture": "#9"},
				"down": {"uv": [6.5, 4, 6, 4.5], "texture": "#9"}
			}
		},
		{
			"from": [2, 7, 0],
			"to": [3, 9, 1],
			"rotation": {"angle": 0, "axis": "y", "origin": [1, 8, 8]},
			"faces": {
				"north": {"uv": [3, 4.5, 3.5, 5.5], "texture": "#9"},
				"east": {"uv": [3.5, 4.5, 4, 5.5], "texture": "#9"},
				"south": {"uv": [4.5, 4, 5, 5], "texture": "#9"},
				"west": {"uv": [5, 2.5, 5.5, 3.5], "texture": "#9"},
				"up": {"uv": [6.5, 2.5, 6, 2], "texture": "#9"},
				"down": {"uv": [3, 6, 2.5, 6.5], "texture": "#9"}
			}
		},
		{
			"from": [7, 8, 0],
			"to": [9, 9, 1],
			"rotation": {"angle": 0, "axis": "y", "origin": [6, 8, 8]},
			"faces": {
				"north": {"uv": [5, 3.5, 6, 4], "texture": "#9"},
				"east": {"uv": [6, 2.5, 6.5, 3], "texture": "#9"},
				"south": {"uv": [5, 4, 6, 4.5], "texture": "#9"},
				"west": {"uv": [6, 3, 6.5, 3.5], "texture": "#9"},
				"up": {"uv": [5.5, 5.5, 4.5, 5], "texture": "#9"},
				"down": {"uv": [6, 4.5, 5, 5], "texture": "#9"}
			}
		},
		{
			"from": [9, 6, 0],
			"to": [13, 9, 1],
			"rotation": {"angle": 0, "axis": "y", "origin": [10, 8, 8]},
			"faces": {
				"north": {"uv": [2, 0, 4, 1.5], "texture": "#9"},
				"east": {"uv": [2.5, 4.5, 3, 6], "texture": "#9"},
				"south": {"uv": [2, 1.5, 4, 3], "texture": "#9"},
				"west": {"uv": [4.5, 2.5, 5, 4], "texture": "#9"},
				"up": {"uv": [4, 4.5, 2, 4], "texture": "#9"},
				"down": {"uv": [6, 2, 4, 2.5], "texture": "#9"}
			}
		},
		{
			"from": [3, 6, 0],
			"to": [7, 9, 1],
			"rotation": {"angle": 0, "axis": "y", "origin": [4, 8, 8]},
			"faces": {
				"north": {"uv": [0, 0, 2, 1.5], "texture": "#9"},
				"east": {"uv": [4, 4, 4.5, 5.5], "texture": "#9"},
				"south": {"uv": [0, 1.5, 2, 3], "texture": "#9"},
				"west": {"uv": [2, 4.5, 2.5, 6], "texture": "#9"},
				"up": {"uv": [6, 1.5, 4, 1], "texture": "#9"},
				"down": {"uv": [6, 1.5, 4, 2], "texture": "#9"}
			}
		},
		{
			"from": [2, 8, 1],
			"to": [3, 9, 10],
			"rotation": {"angle": 0, "axis": "y", "origin": [1, 8, 9]},
			"faces": {
				"north": {"uv": [6, 1.5, 6.5, 2], "texture": "#9"},
				"east": {"uv": [0, 3, 4.5, 3.5], "texture": "#9"},
				"south": {"uv": [2, 6, 2.5, 6.5], "texture": "#9"},
				"west": {"uv": [0, 3.5, 4.5, 4], "texture": "#9"},
				"up": {"uv": [0.5, 8.5, 0, 4], "texture": "#9"},
				"down": {"uv": [1, 4, 0.5, 8.5], "texture": "#9"}
			}
		}
	],
	"gui_light": "front",
	"display": {
		"thirdperson_righthand": {
			"scale": [0.5, 0.5, 0.5]
		},
		"thirdperson_lefthand": {
			"scale": [0.5, 0.5, 0.5]
		},
		"gui": {
			"rotation": [0, -155, 0],
			"translation": [-0.75, 0, 0]
		},
		"head": {
			"rotation": [26, 0, 0],
			"translation": [0, 1.75, 1.5],
			"scale": [1.3, 1.3, 1.3]
		},
		"fixed": {
			"translation": [0, 0, 5.75]
		}
	}
}