{
	"credit": "Made with Blockbench",
	"texture_size": [64, 64],
	"textures": {
		"0": "block/custom/minigun",
		"particle": "block/custom/minigun"
	},
	"elements": [
		{
			"from": [7.5, 8, -5],
			"to": [8.5, 9, 21],
			"rotation": {"angle": 0, "axis": "y", "origin": [-0.5, 0, 0]},
			"faces": {
				"north": {"uv": [11.25, 8.5, 11.5, 8.75], "texture": "#0"},
				"east": {"uv": [3.5, 1.5, 10, 1.75], "texture": "#0"},
				"south": {"uv": [11.25, 10.5, 11.5, 10.75], "texture": "#0"},
				"west": {"uv": [3.5, 1.75, 10, 2], "texture": "#0"},
				"up": {"uv": [1.75, 9, 1.5, 2.5], "texture": "#0"},
				"down": {"uv": [2, 2.5, 1.75, 9], "texture": "#0"}
			}
		},
		{
			"from": [9.5, 9, -5],
			"to": [10.5, 10, 21],
			"rotation": {"angle": 0, "axis": "y", "origin": [-0.5, 0, 0]},
			"faces": {
				"north": {"uv": [11.5, 1.5, 11.75, 1.75], "texture": "#0"},
				"east": {"uv": [3.5, 2, 10, 2.25], "texture": "#0"},
				"south": {"uv": [4.5, 11.5, 4.75, 11.75], "texture": "#0"},
				"west": {"uv": [3.5, 2.25, 10, 2.5], "texture": "#0"},
				"up": {"uv": [2.25, 9, 2, 2.5], "texture": "#0"},
				"down": {"uv": [3.75, 2.5, 3.5, 9], "texture": "#0"}
			}
		},
		{
			"from": [9.5, 11, -5],
			"to": [10.5, 12, 21],
			"rotation": {"angle": 0, "axis": "y", "origin": [-0.5, 0, 0]},
			"faces": {
				"north": {"uv": [4.75, 11.5, 5, 11.75], "texture": "#0"},
				"east": {"uv": [3.75, 2.5, 10.25, 2.75], "texture": "#0"},
				"south": {"uv": [5, 11.5, 5.25, 11.75], "texture": "#0"},
				"west": {"uv": [3.75, 2.75, 10.25, 3], "texture": "#0"},
				"up": {"uv": [4, 9.5, 3.75, 3], "texture": "#0"},
				"down": {"uv": [4.25, 3, 4, 9.5], "texture": "#0"}
			}
		},
		{
			"from": [7.5, 12, -5],
			"to": [8.5, 13, 21],
			"rotation": {"angle": 0, "axis": "y", "origin": [-0.5, 0, 0]},
			"faces": {
				"north": {"uv": [5.25, 11.5, 5.5, 11.75], "texture": "#0"},
				"east": {"uv": [4.25, 3, 10.75, 3.25], "texture": "#0"},
				"south": {"uv": [5.5, 11.5, 5.75, 11.75], "texture": "#0"},
				"west": {"uv": [4.25, 3.25, 10.75, 3.5], "texture": "#0"},
				"up": {"uv": [4.5, 10, 4.25, 3.5], "texture": "#0"},
				"down": {"uv": [2.5, 4.5, 2.25, 11], "texture": "#0"}
			}
		},
		{
			"from": [5.5, 11, -5],
			"to": [6.5, 12, 21],
			"rotation": {"angle": 0, "axis": "y", "origin": [-0.5, 0, 0]},
			"faces": {
				"north": {"uv": [5.75, 11.5, 6, 11.75], "texture": "#0"},
				"east": {"uv": [4.5, 3.5, 11, 3.75], "texture": "#0"},
				"south": {"uv": [6, 11.5, 6.25, 11.75], "texture": "#0"},
				"west": {"uv": [4.5, 3.75, 11, 4], "texture": "#0"},
				"up": {"uv": [2.75, 11, 2.5, 4.5], "texture": "#0"},
				"down": {"uv": [3, 4.5, 2.75, 11], "texture": "#0"}
			}
		},
		{
			"from": [5.5, 8, 20],
			"to": [10.5, 13, 29],
			"rotation": {"angle": 0, "axis": "y", "origin": [-0.5, 0, 0]},
			"faces": {
				"north": {"uv": [4.5, 4.5, 5.75, 5.75], "texture": "#0"},
				"east": {"uv": [0, 0, 2.25, 1.25], "texture": "#0"},
				"south": {"uv": [4.5, 5.75, 5.75, 7], "texture": "#0"},
				"west": {"uv": [0, 1.25, 2.25, 2.5], "texture": "#0"},
				"up": {"uv": [3.5, 2.25, 2.25, 0], "texture": "#0"},
				"down": {"uv": [3.5, 2.25, 2.25, 4.5], "texture": "#0"}
			}
		},
		{
			"from": [7.5, 9, 29],
			"to": [8.5, 19, 30],
			"rotation": {"angle": 0, "axis": "y", "origin": [-0.5, 0, 0]},
			"faces": {
				"north": {"uv": [3.5, 9, 3.75, 11.5], "texture": "#0"},
				"east": {"uv": [0, 9.5, 0.25, 12], "texture": "#0"},
				"south": {"uv": [0.25, 9.5, 0.5, 12], "texture": "#0"},
				"west": {"uv": [0.5, 9.5, 0.75, 12], "texture": "#0"},
				"up": {"uv": [12, 1.75, 11.75, 1.5], "texture": "#0"},
				"down": {"uv": [12, 2.5, 11.75, 2.75], "texture": "#0"}
			}
		},
		{
			"from": [7.5, 16, 28],
			"to": [8.5, 19, 29],
			"rotation": {"angle": 0, "axis": "y", "origin": [-0.5, 0, 0]},
			"faces": {
				"north": {"uv": [6.75, 11.25, 7, 12], "texture": "#0"},
				"east": {"uv": [7, 11.25, 7.25, 12], "texture": "#0"},
				"south": {"uv": [11.25, 7, 11.5, 7.75], "texture": "#0"},
				"west": {"uv": [11.25, 7.75, 11.5, 8.5], "texture": "#0"},
				"up": {"uv": [12, 3.25, 11.75, 3], "texture": "#0"},
				"down": {"uv": [3.5, 11.75, 3.25, 12], "texture": "#0"}
			}
		},
		{
			"from": [7.5, 11, 30],
			"to": [8.5, 15, 31],
			"rotation": {"angle": 0, "axis": "y", "origin": [-0.5, 0, 0]},
			"faces": {
				"north": {"uv": [6.75, 8.25, 7, 9.25], "texture": "#0"},
				"east": {"uv": [10, 10.25, 10.25, 11.25], "texture": "#0"},
				"south": {"uv": [0.75, 10.5, 1, 11.5], "texture": "#0"},
				"west": {"uv": [1, 10.5, 1.25, 11.5], "texture": "#0"},
				"up": {"uv": [12, 3, 11.75, 2.75], "texture": "#0"},
				"down": {"uv": [3.25, 11.75, 3, 12], "texture": "#0"}
			}
		},
		{
			"from": [5.4, 7.9, 7.9],
			"to": [10.6, 13.1, 10.1],
			"rotation": {"angle": 0, "axis": "y", "origin": [-0.5, 0, 0]},
			"faces": {
				"north": {"uv": [5.75, 4.5, 7, 5.75], "texture": "#0"},
				"east": {"uv": [9, 8.75, 9.5, 10], "texture": "#0"},
				"south": {"uv": [5.75, 5.75, 7, 7], "texture": "#0"},
				"west": {"uv": [6.75, 9.25, 7.25, 10.5], "texture": "#0"},
				"up": {"uv": [10.25, 7, 9, 6.5], "texture": "#0"},
				"down": {"uv": [8.5, 9.5, 7.25, 10], "texture": "#0"}
			}
		},
		{
			"from": [6.5, 13, 8],
			"to": [9.5, 13.75, 10],
			"rotation": {"angle": 0, "axis": "y", "origin": [-0.5, 0, 0]},
			"faces": {
				"north": {"uv": [10.5, 2, 11.25, 2.25], "texture": "#0"},
				"east": {"uv": [7.25, 9.25, 7.75, 9.5], "texture": "#0"},
				"south": {"uv": [10.5, 2.25, 11.25, 2.5], "texture": "#0"},
				"west": {"uv": [11.25, 6, 11.75, 6.25], "texture": "#0"},
				"up": {"uv": [9, 5.75, 8.25, 5.25], "texture": "#0"},
				"down": {"uv": [10.5, 5.25, 9.75, 5.75], "texture": "#0"}
			}
		},
		{
			"from": [6.5, 7.25, 8],
			"to": [9.5, 8, 10],
			"rotation": {"angle": 0, "axis": "y", "origin": [-0.5, 0, 0]},
			"faces": {
				"north": {"uv": [10.5, 5.25, 11.25, 5.5], "texture": "#0"},
				"east": {"uv": [11.25, 6.25, 11.75, 6.5], "texture": "#0"},
				"south": {"uv": [10.5, 5.5, 11.25, 5.75], "texture": "#0"},
				"west": {"uv": [8.5, 11.25, 9, 11.5], "texture": "#0"},
				"up": {"uv": [10.5, 6.25, 9.75, 5.75], "texture": "#0"},
				"down": {"uv": [10.5, 8, 9.75, 8.5], "texture": "#0"}
			}
		},
		{
			"from": [4.625, 9.125, 8],
			"to": [5.375, 12.125, 10],
			"rotation": {"angle": 0, "axis": "y", "origin": [8, 7.625, 6]},
			"faces": {
				"north": {"uv": [6.75, 10.5, 7, 11.25], "texture": "#0"},
				"east": {"uv": [10, 1.75, 10.5, 2.5], "texture": "#0"},
				"south": {"uv": [7, 10.5, 7.25, 11.25], "texture": "#0"},
				"west": {"uv": [7.25, 10, 7.75, 10.75], "texture": "#0"},
				"up": {"uv": [10.25, 11.75, 10, 11.25], "texture": "#0"},
				"down": {"uv": [11.5, 10, 11.25, 10.5], "texture": "#0"}
			}
		},
		{
			"from": [10.625, 9.125, 8],
			"to": [11.375, 12.125, 10],
			"rotation": {"angle": 0, "axis": "y", "origin": [8, 7.625, 6]},
			"faces": {
				"north": {"uv": [10.5, 7.25, 10.75, 8], "texture": "#0"},
				"east": {"uv": [10, 7.25, 10.5, 8], "texture": "#0"},
				"south": {"uv": [10.5, 9.5, 10.75, 10.25], "texture": "#0"},
				"west": {"uv": [7.75, 10, 8.25, 10.75], "texture": "#0"},
				"up": {"uv": [11, 11.75, 10.75, 11.25], "texture": "#0"},
				"down": {"uv": [11.25, 11.25, 11, 11.75], "texture": "#0"}
			}
		},
		{
			"from": [5.4, 7.9, -4.1],
			"to": [10.6, 13.1, -2.9],
			"rotation": {"angle": 0, "axis": "y", "origin": [-0.5, 0, 0]},
			"faces": {
				"north": {"uv": [0, 6.25, 1.25, 7.5], "texture": "#0"},
				"east": {"uv": [6.5, 10.25, 6.75, 11.5], "texture": "#0"},
				"south": {"uv": [4.5, 7, 5.75, 8.25], "texture": "#0"},
				"west": {"uv": [9.5, 10.25, 9.75, 11.5], "texture": "#0"},
				"up": {"uv": [11.5, 1.5, 10.25, 1.25], "texture": "#0"},
				"down": {"uv": [11.5, 1.5, 10.25, 1.75], "texture": "#0"}
			}
		},
		{
			"from": [6.5, 7.25, -4],
			"to": [9.5, 8, -3],
			"rotation": {"angle": 0, "axis": "y", "origin": [-0.5, 0, 0]},
			"faces": {
				"north": {"uv": [10.75, 3, 11.5, 3.25], "texture": "#0"},
				"east": {"uv": [11.5, 7.75, 11.75, 8], "texture": "#0"},
				"south": {"uv": [10.75, 3.25, 11.5, 3.5], "texture": "#0"},
				"west": {"uv": [8, 11.5, 8.25, 11.75], "texture": "#0"},
				"up": {"uv": [11.5, 9.75, 10.75, 9.5], "texture": "#0"},
				"down": {"uv": [11.5, 9.75, 10.75, 10], "texture": "#0"}
			}
		},
		{
			"from": [6.5, 13, -4],
			"to": [9.5, 13.75, -3],
			"rotation": {"angle": 0, "axis": "y", "origin": [-0.5, 0, 0]},
			"faces": {
				"north": {"uv": [10.5, 5.75, 11.25, 6], "texture": "#0"},
				"east": {"uv": [11.5, 7.5, 11.75, 7.75], "texture": "#0"},
				"south": {"uv": [10.5, 6, 11.25, 6.25], "texture": "#0"},
				"west": {"uv": [7.75, 11.5, 8, 11.75], "texture": "#0"},
				"up": {"uv": [11.25, 8.25, 10.5, 8], "texture": "#0"},
				"down": {"uv": [11.25, 8.25, 10.5, 8.5], "texture": "#0"}
			}
		},
		{
			"from": [10.625, 9.125, -4],
			"to": [11.375, 12.125, -3],
			"rotation": {"angle": 0, "axis": "y", "origin": [8, 7.625, 6]},
			"faces": {
				"north": {"uv": [10.75, 4.5, 11, 5.25], "texture": "#0"},
				"east": {"uv": [7.25, 10.75, 7.5, 11.5], "texture": "#0"},
				"south": {"uv": [10.75, 7.25, 11, 8], "texture": "#0"},
				"west": {"uv": [7.5, 10.75, 7.75, 11.5], "texture": "#0"},
				"up": {"uv": [11.75, 7.5, 11.5, 7.25], "texture": "#0"},
				"down": {"uv": [7.75, 11.5, 7.5, 11.75], "texture": "#0"}
			}
		},
		{
			"from": [4.625, 9.125, -4],
			"to": [5.375, 12.125, -3],
			"rotation": {"angle": 0, "axis": "y", "origin": [8, 7.625, 6]},
			"faces": {
				"north": {"uv": [10.5, 10.25, 10.75, 11], "texture": "#0"},
				"east": {"uv": [1.25, 10.75, 1.5, 11.5], "texture": "#0"},
				"south": {"uv": [1.5, 10.75, 1.75, 11.5], "texture": "#0"},
				"west": {"uv": [1.75, 10.75, 2, 11.5], "texture": "#0"},
				"up": {"uv": [11.75, 7.25, 11.5, 7], "texture": "#0"},
				"down": {"uv": [7.5, 11.5, 7.25, 11.75], "texture": "#0"}
			}
		},
		{
			"from": [6.5, 7.25, -2],
			"to": [9.5, 8, -1],
			"rotation": {"angle": 0, "axis": "y", "origin": [-0.5, 0, 0]},
			"faces": {
				"north": {"uv": [11, 4.75, 11.75, 5], "texture": "#0"},
				"east": {"uv": [9, 11.5, 9.25, 11.75], "texture": "#0"},
				"south": {"uv": [11, 5, 11.75, 5.25], "texture": "#0"},
				"west": {"uv": [9.25, 11.5, 9.5, 11.75], "texture": "#0"},
				"up": {"uv": [11.75, 6.75, 11, 6.5], "texture": "#0"},
				"down": {"uv": [11.75, 6.75, 11, 7], "texture": "#0"}
			}
		},
		{
			"from": [5.4, 7.9, -2.1],
			"to": [10.6, 13.1, -0.9],
			"rotation": {"angle": 0, "axis": "y", "origin": [-0.5, 0, 0]},
			"faces": {
				"north": {"uv": [7, 4.5, 8.25, 5.75], "texture": "#0"},
				"east": {"uv": [10.25, 9.5, 10.5, 10.75], "texture": "#0"},
				"south": {"uv": [5.75, 7, 7, 8.25], "texture": "#0"},
				"west": {"uv": [9.75, 10.25, 10, 11.5], "texture": "#0"},
				"up": {"uv": [11.5, 2.75, 10.25, 2.5], "texture": "#0"},
				"down": {"uv": [11.5, 2.75, 10.25, 3], "texture": "#0"}
			}
		},
		{
			"from": [4.625, 9.125, -2],
			"to": [5.375, 12.125, -1],
			"rotation": {"angle": 0, "axis": "y", "origin": [8, 7.625, 6]},
			"faces": {
				"north": {"uv": [3, 11, 3.25, 11.75], "texture": "#0"},
				"east": {"uv": [3.25, 11, 3.5, 11.75], "texture": "#0"},
				"south": {"uv": [11, 4, 11.25, 4.75], "texture": "#0"},
				"west": {"uv": [11, 7.25, 11.25, 8], "texture": "#0"},
				"up": {"uv": [11.75, 8.75, 11.5, 8.5], "texture": "#0"},
				"down": {"uv": [9, 11.5, 8.75, 11.75], "texture": "#0"}
			}
		},
		{
			"from": [6.5, 13, -2],
			"to": [9.5, 13.75, -1],
			"rotation": {"angle": 0, "axis": "y", "origin": [-0.5, 0, 0]},
			"faces": {
				"north": {"uv": [10.75, 10.75, 11.5, 11], "texture": "#0"},
				"east": {"uv": [11.5, 8.25, 11.75, 8.5], "texture": "#0"},
				"south": {"uv": [2.25, 11, 3, 11.25], "texture": "#0"},
				"west": {"uv": [8.5, 11.5, 8.75, 11.75], "texture": "#0"},
				"up": {"uv": [11.75, 3.75, 11, 3.5], "texture": "#0"},
				"down": {"uv": [11.75, 3.75, 11, 4], "texture": "#0"}
			}
		},
		{
			"from": [10.625, 9.125, -2],
			"to": [11.375, 12.125, -1],
			"rotation": {"angle": 0, "axis": "y", "origin": [8, 7.625, 6]},
			"faces": {
				"north": {"uv": [7.75, 10.75, 8, 11.5], "texture": "#0"},
				"east": {"uv": [8, 10.75, 8.25, 11.5], "texture": "#0"},
				"south": {"uv": [10.75, 10, 11, 10.75], "texture": "#0"},
				"west": {"uv": [10.25, 10.75, 10.5, 11.5], "texture": "#0"},
				"up": {"uv": [11.75, 8.25, 11.5, 8], "texture": "#0"},
				"down": {"uv": [8.5, 11.5, 8.25, 11.75], "texture": "#0"}
			}
		},
		{
			"from": [5.5, 13, 20],
			"to": [10.5, 14, 23],
			"rotation": {"angle": 0, "axis": "y", "origin": [-0.5, 0, 0]},
			"faces": {
				"north": {"uv": [10.25, 0.5, 11.5, 0.75], "texture": "#0"},
				"east": {"uv": [10.25, 6.5, 11, 6.75], "texture": "#0"},
				"south": {"uv": [0.75, 10.25, 2, 10.5], "texture": "#0"},
				"west": {"uv": [10.25, 6.75, 11, 7], "texture": "#0"},
				"up": {"uv": [9.75, 8.75, 8.5, 8], "texture": "#0"},
				"down": {"uv": [10, 0, 8.75, 0.75], "texture": "#0"}
			}
		},
		{
			"from": [6.5, 13, 23],
			"to": [9.5, 14, 29],
			"rotation": {"angle": 0, "axis": "y", "origin": [-0.5, 0, 0]},
			"faces": {
				"north": {"uv": [11.25, 2.25, 12, 2.5], "texture": "#0"},
				"east": {"uv": [9.75, 6.25, 11.25, 6.5], "texture": "#0"},
				"south": {"uv": [11.25, 4, 12, 4.25], "texture": "#0"},
				"west": {"uv": [9.75, 8.5, 11.25, 8.75], "texture": "#0"},
				"up": {"uv": [1.5, 9, 0.75, 7.5], "texture": "#0"},
				"down": {"uv": [8.5, 7.25, 7.75, 8.75], "texture": "#0"}
			}
		},
		{
			"from": [6.5, 7, 23],
			"to": [9.5, 8, 29],
			"rotation": {"angle": 0, "axis": "y", "origin": [-0.5, 0, 0]},
			"faces": {
				"north": {"uv": [11.25, 4.25, 12, 4.5], "texture": "#0"},
				"east": {"uv": [10.25, 0, 11.75, 0.25], "texture": "#0"},
				"south": {"uv": [4.5, 11.25, 5.25, 11.5], "texture": "#0"},
				"west": {"uv": [10.25, 0.25, 11.75, 0.5], "texture": "#0"},
				"up": {"uv": [5.25, 9.75, 4.5, 8.25], "texture": "#0"},
				"down": {"uv": [6, 8.25, 5.25, 9.75], "texture": "#0"}
			}
		},
		{
			"from": [5.5, 7, 20],
			"to": [10.5, 8, 23],
			"rotation": {"angle": 0, "axis": "y", "origin": [-0.5, 0, 0]},
			"faces": {
				"north": {"uv": [10.25, 0.75, 11.5, 1], "texture": "#0"},
				"east": {"uv": [1.25, 10.5, 2, 10.75], "texture": "#0"},
				"south": {"uv": [10.25, 1, 11.5, 1.25], "texture": "#0"},
				"west": {"uv": [10.5, 1.75, 11.25, 2], "texture": "#0"},
				"up": {"uv": [10, 1.5, 8.75, 0.75], "texture": "#0"},
				"down": {"uv": [9, 8.75, 7.75, 9.5], "texture": "#0"}
			}
		},
		{
			"from": [4.5, 8, 20],
			"to": [5.5, 13, 23],
			"rotation": {"angle": 0, "axis": "y", "origin": [8, 9.5, 21.5]},
			"faces": {
				"north": {"uv": [1.25, 6.25, 1.5, 7.5], "texture": "#0"},
				"east": {"uv": [6, 8.25, 6.75, 9.5], "texture": "#0"},
				"south": {"uv": [2, 10.25, 2.25, 11.5], "texture": "#0"},
				"west": {"uv": [0.75, 9, 1.5, 10.25], "texture": "#0"},
				"up": {"uv": [4.75, 11.25, 4.5, 10.5], "texture": "#0"},
				"down": {"uv": [10.75, 4.5, 10.5, 5.25], "texture": "#0"}
			}
		},
		{
			"from": [4.5, 9, 23],
			"to": [5.5, 12, 29],
			"rotation": {"angle": 0, "axis": "y", "origin": [8, 9.5, 21.5]},
			"faces": {
				"north": {"uv": [11, 10, 11.25, 10.75], "texture": "#0"},
				"east": {"uv": [7.25, 0, 8.75, 0.75], "texture": "#0"},
				"south": {"uv": [10.5, 11, 10.75, 11.75], "texture": "#0"},
				"west": {"uv": [7.25, 0.75, 8.75, 1.5], "texture": "#0"},
				"up": {"uv": [4.5, 11.5, 4.25, 10], "texture": "#0"},
				"down": {"uv": [8.5, 10, 8.25, 11.5], "texture": "#0"}
			}
		},
		{
			"from": [9.3, 8.7, 24],
			"to": [12.3, 9.7, 25],
			"rotation": {"angle": -22.5, "axis": "z", "origin": [14.5, 9.5, 24.5]},
			"faces": {
				"north": {"uv": [10.75, 11, 11.5, 11.25], "texture": "#0"},
				"east": {"uv": [11.5, 11.25, 11.75, 11.5], "texture": "#0"},
				"south": {"uv": [11.25, 1.75, 12, 2], "texture": "#0"},
				"west": {"uv": [11.5, 11.5, 11.75, 11.75], "texture": "#0"},
				"up": {"uv": [12, 2.25, 11.25, 2], "texture": "#0"},
				"down": {"uv": [3, 11.25, 2.25, 11.5], "texture": "#0"}
			}
		},
		{
			"from": [9.3, 8.7, 26],
			"to": [12.3, 9.7, 27],
			"rotation": {"angle": -22.5, "axis": "z", "origin": [14.5, 9.5, 24.5]},
			"faces": {
				"north": {"uv": [11.25, 4.5, 12, 4.75], "texture": "#0"},
				"east": {"uv": [11.75, 0, 12, 0.25], "texture": "#0"},
				"south": {"uv": [11.25, 5.25, 12, 5.5], "texture": "#0"},
				"west": {"uv": [11.75, 0.25, 12, 0.5], "texture": "#0"},
				"up": {"uv": [12, 5.75, 11.25, 5.5], "texture": "#0"},
				"down": {"uv": [12, 5.75, 11.25, 6], "texture": "#0"}
			}
		},
		{
			"from": [12.3, 7.7, 15],
			"to": [15.3, 10.7, 30],
			"rotation": {"angle": -22.5, "axis": "z", "origin": [14.5, 9.5, 24.5]},
			"faces": {
				"north": {"uv": [6, 9.5, 6.75, 10.25], "texture": "#0"},
				"east": {"uv": [3.5, 0, 7.25, 0.75], "texture": "#0"},
				"south": {"uv": [9.5, 9.5, 10.25, 10.25], "texture": "#0"},
				"west": {"uv": [3.5, 0.75, 7.25, 1.5], "texture": "#0"},
				"up": {"uv": [0.75, 6.25, 0, 2.5], "texture": "#0"},
				"down": {"uv": [1.5, 2.5, 0.75, 6.25], "texture": "#0"}
			}
		},
		{
			"from": [12.8, 11.7, 22.5],
			"to": [14.8, 13.7, 29.5],
			"rotation": {"angle": -22.5, "axis": "z", "origin": [14.5, 9.5, 24.5]},
			"faces": {
				"north": {"uv": [4.5, 9.75, 5.25, 10.5], "texture": "#0"},
				"east": {"uv": [7, 5.75, 9, 6.5], "texture": "#0"},
				"south": {"uv": [9.75, 4.5, 10.5, 5.25], "texture": "#0"},
				"west": {"uv": [7, 6.5, 9, 7.25], "texture": "#0"},
				"up": {"uv": [7.75, 9.25, 7, 7.25], "texture": "#0"},
				"down": {"uv": [0.75, 7.5, 0, 9.5], "texture": "#0"}
			}
		},
		{
			"from": [13.5, 10.65, 28.2],
			"to": [14.1, 12.25, 28.8],
			"rotation": {"angle": -22.5, "axis": "z", "origin": [14.5, 9.5, 24.5]},
			"faces": {
				"north": {"uv": [2, 11.5, 2.25, 12], "texture": "#0"},
				"east": {"uv": [2.25, 11.5, 2.5, 12], "texture": "#0"},
				"south": {"uv": [2.5, 11.5, 2.75, 12], "texture": "#0"},
				"west": {"uv": [11.5, 2.5, 11.75, 3], "texture": "#0"},
				"up": {"uv": [12, 0.75, 11.75, 0.5], "texture": "#0"},
				"down": {"uv": [12, 0.75, 11.75, 1], "texture": "#0"}
			}
		},
		{
			"from": [13.5, 10.65, 26.2],
			"to": [14.1, 12.25, 26.8],
			"rotation": {"angle": -22.5, "axis": "z", "origin": [14.5, 9.5, 24.5]},
			"faces": {
				"north": {"uv": [2.75, 11.5, 3, 12], "texture": "#0"},
				"east": {"uv": [11.5, 3, 11.75, 3.5], "texture": "#0"},
				"south": {"uv": [3.5, 11.5, 3.75, 12], "texture": "#0"},
				"west": {"uv": [4.25, 11.5, 4.5, 12], "texture": "#0"},
				"up": {"uv": [12, 1.25, 11.75, 1], "texture": "#0"},
				"down": {"uv": [12, 1.25, 11.75, 1.5], "texture": "#0"}
			}
		},
		{
			"from": [10.5, 9, 23],
			"to": [11.5, 12, 29],
			"rotation": {"angle": 0, "axis": "y", "origin": [8, 9.5, 21.5]},
			"faces": {
				"north": {"uv": [3.75, 11.25, 4, 12], "texture": "#0"},
				"east": {"uv": [8.25, 4.5, 9.75, 5.25], "texture": "#0"},
				"south": {"uv": [4, 11.25, 4.25, 12], "texture": "#0"},
				"west": {"uv": [8.5, 7.25, 10, 8], "texture": "#0"},
				"up": {"uv": [9.25, 11.5, 9, 10], "texture": "#0"},
				"down": {"uv": [9.5, 10, 9.25, 11.5], "texture": "#0"}
			}
		},
		{
			"from": [10.5, 8, 20],
			"to": [11.5, 13, 23],
			"rotation": {"angle": 0, "axis": "y", "origin": [8, 9.5, 21.5]},
			"faces": {
				"north": {"uv": [6, 10.25, 6.25, 11.5], "texture": "#0"},
				"east": {"uv": [1.5, 9, 2.25, 10.25], "texture": "#0"},
				"south": {"uv": [6.25, 10.25, 6.5, 11.5], "texture": "#0"},
				"west": {"uv": [9, 5.25, 9.75, 6.5], "texture": "#0"},
				"up": {"uv": [5, 11.25, 4.75, 10.5], "texture": "#0"},
				"down": {"uv": [5.25, 10.5, 5, 11.25], "texture": "#0"}
			}
		},
		{
			"from": [5.5, 9, -5],
			"to": [6.5, 10, 21],
			"rotation": {"angle": 0, "axis": "y", "origin": [-0.5, 0, 0]},
			"faces": {
				"north": {"uv": [6.25, 11.5, 6.5, 11.75], "texture": "#0"},
				"east": {"uv": [4.5, 4, 11, 4.25], "texture": "#0"},
				"south": {"uv": [6.5, 11.5, 6.75, 11.75], "texture": "#0"},
				"west": {"uv": [4.5, 4.25, 11, 4.5], "texture": "#0"},
				"up": {"uv": [3.25, 11, 3, 4.5], "texture": "#0"},
				"down": {"uv": [3.5, 4.5, 3.25, 11], "texture": "#0"}
			}
		},
		{
			"from": [3.75, 12.25, 11],
			"to": [4.75, 19.25, 12],
			"rotation": {"angle": 45, "axis": "x", "origin": [5, 15, 8.5]},
			"faces": {
				"north": {"uv": [3.75, 9.5, 4, 11.25], "texture": "#0"},
				"east": {"uv": [4, 9.5, 4.25, 11.25], "texture": "#0"},
				"south": {"uv": [8.5, 9.5, 8.75, 11.25], "texture": "#0"},
				"west": {"uv": [8.75, 9.5, 9, 11.25], "texture": "#0"},
				"up": {"uv": [9.75, 11.75, 9.5, 11.5], "texture": "#0"},
				"down": {"uv": [11.75, 9.5, 11.5, 9.75], "texture": "#0"}
			}
		},
		{
			"from": [3.74, 9.89901, 8.14165],
			"to": [4.76, 11.91901, 9.16165],
			"rotation": {"angle": 0, "axis": "y", "origin": [4.25, 13.40901, 11.15165]},
			"faces": {
				"north": {"uv": [11.25, 11.25, 11.5, 11.75], "texture": "#0"},
				"east": {"uv": [11.5, 0.5, 11.75, 1], "texture": "#0"},
				"south": {"uv": [0.75, 11.5, 1, 12], "texture": "#0"},
				"west": {"uv": [1, 11.5, 1.25, 12], "texture": "#0"},
				"up": {"uv": [11.75, 10.5, 11.5, 10.25], "texture": "#0"},
				"down": {"uv": [11.75, 10.5, 11.5, 10.75], "texture": "#0"}
			}
		},
		{
			"from": [11.24, 9.89901, 8.14165],
			"to": [12.26, 11.91901, 9.16165],
			"rotation": {"angle": 0, "axis": "y", "origin": [4.25, 13.40901, 11.15165]},
			"faces": {
				"north": {"uv": [11.5, 1, 11.75, 1.5], "texture": "#0"},
				"east": {"uv": [1.25, 11.5, 1.5, 12], "texture": "#0"},
				"south": {"uv": [1.5, 11.5, 1.75, 12], "texture": "#0"},
				"west": {"uv": [1.75, 11.5, 2, 12], "texture": "#0"},
				"up": {"uv": [11.75, 11, 11.5, 10.75], "texture": "#0"},
				"down": {"uv": [11.75, 11, 11.5, 11.25], "texture": "#0"}
			}
		},
		{
			"from": [11.25, 12.25, 11],
			"to": [12.25, 19.25, 12],
			"rotation": {"angle": 45, "axis": "x", "origin": [5, 15, 8.5]},
			"faces": {
				"north": {"uv": [5.25, 9.75, 5.5, 11.5], "texture": "#0"},
				"east": {"uv": [5.5, 9.75, 5.75, 11.5], "texture": "#0"},
				"south": {"uv": [5.75, 9.75, 6, 11.5], "texture": "#0"},
				"west": {"uv": [10, 0, 10.25, 1.75], "texture": "#0"},
				"up": {"uv": [10, 11.75, 9.75, 11.5], "texture": "#0"},
				"down": {"uv": [11.75, 9.75, 11.5, 10], "texture": "#0"}
			}
		},
		{
			"from": [3.65, 18.15, 10.9],
			"to": [12.35, 19.35, 12.1],
			"rotation": {"angle": 45, "axis": "x", "origin": [5, 15, 8.5]},
			"faces": {
				"north": {"uv": [9, 7, 11.25, 7.25], "texture": "#0"},
				"east": {"uv": [11.5, 10, 11.75, 10.25], "texture": "#0"},
				"south": {"uv": [9.5, 8.75, 11.75, 9], "texture": "#0"},
				"west": {"uv": [10.25, 11.5, 10.5, 11.75], "texture": "#0"},
				"up": {"uv": [11.75, 9.25, 9.5, 9], "texture": "#0"},
				"down": {"uv": [11.75, 9.25, 9.5, 9.5], "texture": "#0"}
			}
		}
	],
	"display": {
		"thirdperson_righthand": {
			"translation": [0, -0.75, -4.25],
			"scale": [0.63, 0.63, 0.63]
		},
		"thirdperson_lefthand": {
			"translation": [0, -0.75, -4.25],
			"scale": [0.63, 0.63, 0.63]
		},
		"firstperson_righthand": {
			"rotation": [27.98, 23.27, 0.8],
			"translation": [1.25, 0.25, 0.75],
			"scale": [0.5, 0.5, 0.5]
		},
		"firstperson_lefthand": {
			"rotation": [-4, -7.5, -1.83],
			"translation": [0.75, 0.75, 2.25],
			"scale": [0.7, 0.7, 0.7]
		},
		"ground": {
			"translation": [0, -2, 0]
		},
		"gui": {
			"rotation": [90, -45, 90],
			"translation": [3.5, 0.5, 0],
			"scale": [0.5, 0.5, 0.5]
		},
		"head": {
			"translation": [0, 6.5, -21.25]
		},
		"fixed": {
			"rotation": [0, 90, 0],
			"translation": [-2.5, -1.5, 0],
			"scale": [0.5, 0.5, 0.5]
		}
	}
}