{
	"credit": "Made with Blockbench",
	"texture_size": [32, 32],
	"textures": {
		"1": "item/custom/crucible_hilt",
		"2": "item/custom/crucible",
		"particle": "item/custom/crucible_hilt"
	},
	"elements": [
		{
			"from": [7.75, 11, 8.3],
			"to": [8.25, 17.4, 9.5],
			"rotation": {"angle": 0, "axis": "y", "origin": [6.75, -1, 0.5]},
			"faces": {
				"north": {"uv": [0, 5.5, 0.25, 8.75], "texture": "#2"},
				"east": {"uv": [2, 0, 2.625, 3.25], "texture": "#2"},
				"south": {"uv": [0.5, 5.5, 0.75, 8.75], "texture": "#2"},
				"west": {"uv": [3, 0, 3.625, 3.25], "texture": "#2"},
				"up": {"uv": [7.75, 2.125, 7.5, 1.5], "texture": "#2"},
				"down": {"uv": [7.75, 5.5, 7.5, 6.125], "texture": "#2"}
			}
		},
		{
			"from": [7.75, 16, 7.7],
			"to": [8.25, 17.4, 8.3],
			"rotation": {"angle": 0, "axis": "y", "origin": [6.75, -1, 0.5]},
			"faces": {
				"north": {"uv": [6, 7, 6.25, 7.75], "texture": "#2"},
				"east": {"uv": [6.5, 7, 6.75, 7.75], "texture": "#2"},
				"south": {"uv": [7, 6.5, 7.25, 7.25], "texture": "#2"},
				"west": {"uv": [7.5, 0, 7.75, 0.75], "texture": "#2"},
				"up": {"uv": [3.75, 9.25, 3.5, 9], "texture": "#2"},
				"down": {"uv": [9.25, 3.5, 9, 3.75], "texture": "#2"}
			}
		},
		{
			"from": [7.74, 17.20866, 6.46194],
			"to": [8.26, 18.60866, 7.56194],
			"rotation": {"angle": 22.5, "axis": "x", "origin": [7.99, 17.20866, 6.96194]},
			"faces": {
				"north": {"uv": [2.5, 7, 2.75, 7.75], "texture": "#2"},
				"east": {"uv": [6, 1, 6.5, 1.75], "texture": "#2"},
				"south": {"uv": [3, 7, 3.25, 7.75], "texture": "#2"},
				"west": {"uv": [6, 2, 6.5, 2.75], "texture": "#2"},
				"up": {"uv": [6.75, 8.5, 6.5, 8], "texture": "#2"},
				"down": {"uv": [8.25, 6.5, 8, 7], "texture": "#2"}
			}
		},
		{
			"from": [7.74, 17.20866, 8.43806],
			"to": [8.26, 18.60866, 9.53806],
			"rotation": {"angle": -22.5, "axis": "x", "origin": [7.99, 17.20866, 9.03806]},
			"faces": {
				"north": {"uv": [3.5, 7, 3.75, 7.75], "texture": "#2"},
				"east": {"uv": [6, 3, 6.5, 3.75], "texture": "#2"},
				"south": {"uv": [7, 5.5, 7.25, 6.25], "texture": "#2"},
				"west": {"uv": [6, 5.5, 6.5, 6.25], "texture": "#2"},
				"up": {"uv": [8.25, 7.5, 8, 7], "texture": "#2"},
				"down": {"uv": [7.75, 8, 7.5, 8.5], "texture": "#2"}
			}
		},
		{
			"from": [7.75, 11, 7.7],
			"to": [8.25, 12, 8.3],
			"rotation": {"angle": 0, "axis": "y", "origin": [6.75, -1, 0.5]},
			"faces": {
				"north": {"uv": [5.5, 8, 5.75, 8.5], "texture": "#2"},
				"east": {"uv": [8, 5.5, 8.25, 6], "texture": "#2"},
				"south": {"uv": [6, 8, 6.25, 8.5], "texture": "#2"},
				"west": {"uv": [8, 6, 8.25, 6.5], "texture": "#2"},
				"up": {"uv": [2.75, 9.25, 2.5, 9], "texture": "#2"},
				"down": {"uv": [9.25, 2.5, 9, 2.75], "texture": "#2"}
			}
		},
		{
			"from": [7.745, 15.38373, 8.8811],
			"to": [8.255, 16.192, 9.37367],
			"rotation": {"angle": -22.5, "axis": "x", "origin": [7.995, 13.88373, 8.92367]},
			"faces": {
				"north": {"uv": [8.5, 1, 8.75, 1.375], "texture": "#2"},
				"east": {"uv": [1.5, 8.5, 1.75, 8.875], "texture": "#2"},
				"south": {"uv": [8.5, 1.5, 8.75, 1.875], "texture": "#2"},
				"west": {"uv": [2, 8.5, 2.25, 8.875], "texture": "#2"},
				"up": {"uv": [1.75, 9.25, 1.5, 9], "texture": "#2"},
				"down": {"uv": [9.25, 1.5, 9, 1.75], "texture": "#2"}
			}
		},
		{
			"from": [7.745, 15.38373, 6.62633],
			"to": [8.255, 16.192, 7.1189],
			"rotation": {"angle": 22.5, "axis": "x", "origin": [7.995, 13.88373, 7.07633]},
			"faces": {
				"north": {"uv": [8.5, 2, 8.75, 2.375], "texture": "#2"},
				"east": {"uv": [2.5, 8.5, 2.75, 8.875], "texture": "#2"},
				"south": {"uv": [8.5, 2.5, 8.75, 2.875], "texture": "#2"},
				"west": {"uv": [3, 8.5, 3.25, 8.875], "texture": "#2"},
				"up": {"uv": [2.25, 9.25, 2, 9], "texture": "#2"},
				"down": {"uv": [9.25, 2, 9, 2.25], "texture": "#2"}
			}
		},
		{
			"from": [7.75, 11, 6.5],
			"to": [8.25, 17.4, 7.7],
			"rotation": {"angle": 0, "axis": "y", "origin": [6.75, -1, 0.5]},
			"faces": {
				"north": {"uv": [1, 5.5, 1.25, 8.75], "texture": "#2"},
				"east": {"uv": [2, 3.5, 2.625, 6.75], "texture": "#2"},
				"south": {"uv": [5.5, 1, 5.75, 4.25], "texture": "#2"},
				"west": {"uv": [3, 3.5, 3.625, 6.75], "texture": "#2"},
				"up": {"uv": [7.75, 7.125, 7.5, 6.5], "texture": "#2"},
				"down": {"uv": [7.25, 7.5, 7, 8.125], "texture": "#2"}
			}
		},
		{
			"from": [7.75, 17.4, 7],
			"to": [8.25, 28.5, 9],
			"rotation": {"angle": 0, "axis": "y", "origin": [6.75, -1, 1]},
			"faces": {
				"north": {"uv": [4, 1, 4.25, 6.5], "texture": "#2"},
				"east": {"uv": [0, 0, 1, 5.5], "texture": "#2"},
				"south": {"uv": [4.5, 1, 4.75, 6.5], "texture": "#2"},
				"west": {"uv": [1, 0, 2, 5.5], "texture": "#2"},
				"up": {"uv": [2.25, 8, 2, 7], "texture": "#2"},
				"down": {"uv": [7.25, 2, 7, 3], "texture": "#2"}
			}
		},
		{
			"from": [7.75, 29, 4.5],
			"to": [8.25, 30, 11.5],
			"rotation": {"angle": 0, "axis": "y", "origin": [6.75, -0.9, 0.5]},
			"faces": {
				"north": {"uv": [4, 8, 4.25, 8.5], "texture": "#2"},
				"east": {"uv": [4, 0, 7.5, 0.5], "texture": "#2"},
				"south": {"uv": [8, 4, 8.25, 4.5], "texture": "#2"},
				"west": {"uv": [4, 0.5, 7.5, 1], "texture": "#2"},
				"up": {"uv": [5.25, 4.5, 5, 1], "texture": "#2"},
				"down": {"uv": [5.25, 4.5, 5, 8], "texture": "#2"}
			}
		},
		{
			"from": [7.75, 28.5, 5.8],
			"to": [8.25, 29, 10.2],
			"rotation": {"angle": 0, "axis": "y", "origin": [6.75, -0.9, 0.6]},
			"faces": {
				"north": {"uv": [4, 9, 4.25, 9.25], "texture": "#2"},
				"east": {"uv": [5.5, 4.5, 7.75, 4.75], "texture": "#2"},
				"south": {"uv": [9, 4, 9.25, 4.25], "texture": "#2"},
				"west": {"uv": [5.5, 5, 7.75, 5.25], "texture": "#2"},
				"up": {"uv": [1.75, 7.75, 1.5, 5.5], "texture": "#2"},
				"down": {"uv": [5.75, 5.5, 5.5, 7.75], "texture": "#2"}
			}
		},
		{
			"from": [7.745, 29.1, 6.89289],
			"to": [8.255, 30.1, 7.89289],
			"rotation": {"angle": -45, "axis": "x", "origin": [7.995, 30.5, 7.29289]},
			"faces": {
				"north": {"uv": [4.5, 8, 4.75, 8.5], "texture": "#2"},
				"east": {"uv": [6, 6.5, 6.5, 7], "texture": "#2"},
				"south": {"uv": [8, 4.5, 8.25, 5], "texture": "#2"},
				"west": {"uv": [7, 1.5, 7.5, 2], "texture": "#2"},
				"up": {"uv": [5.25, 8.5, 5, 8], "texture": "#2"},
				"down": {"uv": [8.25, 5, 8, 5.5], "texture": "#2"}
			}
		},
		{
			"from": [7.745, 30.30812, 14.43481],
			"to": [8.255, 31.01523, 15.14192],
			"rotation": {"angle": 45, "axis": "x", "origin": [7.995, 34.05024, 11.74192]},
			"faces": {
				"north": {"uv": [8.5, 3, 8.75, 3.375], "texture": "#2"},
				"east": {"uv": [7.5, 7.5, 7.875, 7.875], "texture": "#2"},
				"south": {"uv": [3.5, 8.5, 3.75, 8.875], "texture": "#2"},
				"west": {"uv": [8, 0, 8.375, 0.375], "texture": "#2"},
				"up": {"uv": [8.75, 3.875, 8.5, 3.5], "texture": "#2"},
				"down": {"uv": [4.25, 8.5, 4, 8.875], "texture": "#2"}
			}
		},
		{
			"from": [7.745, 16.47, 9],
			"to": [8.255, 17.25557, 9.80711],
			"rotation": {"angle": 45, "axis": "x", "origin": [7.995, 16.84239, 9.49239]},
			"faces": {
				"north": {"uv": [8, 7.5, 8.25, 7.875], "texture": "#2"},
				"east": {"uv": [7.5, 2.5, 7.875, 2.875], "texture": "#2"},
				"south": {"uv": [8, 8, 8.25, 8.375], "texture": "#2"},
				"west": {"uv": [7.5, 4, 7.875, 4.375], "texture": "#2"},
				"up": {"uv": [8.75, 0.375, 8.5, 0], "texture": "#2"},
				"down": {"uv": [8.75, 0.5, 8.5, 0.875], "texture": "#2"}
			}
		},
		{
			"from": [7.745, 14.47, 9],
			"to": [8.255, 15.25557, 9.80711],
			"rotation": {"angle": 45, "axis": "x", "origin": [7.995, 14.84239, 9.49239]},
			"faces": {
				"north": {"uv": [8.5, 6, 8.75, 6.375], "texture": "#2"},
				"east": {"uv": [2, 8, 2.375, 8.375], "texture": "#2"},
				"south": {"uv": [6.5, 8.5, 6.75, 8.875], "texture": "#2"},
				"west": {"uv": [8, 2, 8.375, 2.375], "texture": "#2"},
				"up": {"uv": [8.75, 6.875, 8.5, 6.5], "texture": "#2"},
				"down": {"uv": [7.25, 8.5, 7, 8.875], "texture": "#2"}
			}
		},
		{
			"from": [7.745, 12.47, 9],
			"to": [8.255, 13.25557, 9.80711],
			"rotation": {"angle": 45, "axis": "x", "origin": [7.995, 12.84239, 9.49239]},
			"faces": {
				"north": {"uv": [8.5, 5, 8.75, 5.375], "texture": "#2"},
				"east": {"uv": [1.5, 8, 1.875, 8.375], "texture": "#2"},
				"south": {"uv": [5.5, 8.5, 5.75, 8.875], "texture": "#2"},
				"west": {"uv": [8, 1.5, 8.375, 1.875], "texture": "#2"},
				"up": {"uv": [8.75, 5.875, 8.5, 5.5], "texture": "#2"},
				"down": {"uv": [6.25, 8.5, 6, 8.875], "texture": "#2"}
			}
		},
		{
			"from": [7.745, 16.47, 6.19289],
			"to": [8.255, 17.25557, 7],
			"rotation": {"angle": -45, "axis": "x", "origin": [7.995, 16.84239, 6.50761]},
			"faces": {
				"north": {"uv": [0.5, 9, 0.75, 9.375], "texture": "#2"},
				"east": {"uv": [3.5, 8, 3.875, 8.375], "texture": "#2"},
				"south": {"uv": [9, 0.5, 9.25, 0.875], "texture": "#2"},
				"west": {"uv": [8, 3.5, 8.375, 3.875], "texture": "#2"},
				"up": {"uv": [1.25, 9.375, 1, 9], "texture": "#2"},
				"down": {"uv": [9.25, 1, 9, 1.375], "texture": "#2"}
			}
		},
		{
			"from": [7.745, 12.47, 6.19289],
			"to": [8.255, 13.25557, 7],
			"rotation": {"angle": -45, "axis": "x", "origin": [7.995, 12.84239, 6.50761]},
			"faces": {
				"north": {"uv": [8.5, 8, 8.75, 8.375], "texture": "#2"},
				"east": {"uv": [3, 8, 3.375, 8.375], "texture": "#2"},
				"south": {"uv": [8.5, 8.5, 8.75, 8.875], "texture": "#2"},
				"west": {"uv": [8, 3, 8.375, 3.375], "texture": "#2"},
				"up": {"uv": [0.25, 9.375, 0, 9], "texture": "#2"},
				"down": {"uv": [9.25, 0, 9, 0.375], "texture": "#2"}
			}
		},
		{
			"from": [7.745, 14.47, 6.19289],
			"to": [8.255, 15.25557, 7],
			"rotation": {"angle": -45, "axis": "x", "origin": [7.995, 14.84239, 6.50761]},
			"faces": {
				"north": {"uv": [8.5, 7, 8.75, 7.375], "texture": "#2"},
				"east": {"uv": [2.5, 8, 2.875, 8.375], "texture": "#2"},
				"south": {"uv": [7.5, 8.5, 7.75, 8.875], "texture": "#2"},
				"west": {"uv": [8, 2.5, 8.375, 2.875], "texture": "#2"},
				"up": {"uv": [8.75, 7.875, 8.5, 7.5], "texture": "#2"},
				"down": {"uv": [8.25, 8.5, 8, 8.875], "texture": "#2"}
			}
		},
		{
			"from": [7.745, 30.30812, 0.85808],
			"to": [8.255, 31.01523, 1.56519],
			"rotation": {"angle": -45, "axis": "x", "origin": [7.995, 34.05024, 4.25808]},
			"faces": {
				"north": {"uv": [8.5, 4, 8.75, 4.375], "texture": "#2"},
				"east": {"uv": [8, 0.5, 8.375, 0.875], "texture": "#2"},
				"south": {"uv": [4.5, 8.5, 4.75, 8.875], "texture": "#2"},
				"west": {"uv": [8, 1, 8.375, 1.375], "texture": "#2"},
				"up": {"uv": [8.75, 4.875, 8.5, 4.5], "texture": "#2"},
				"down": {"uv": [5.25, 8.5, 5, 8.875], "texture": "#2"}
			}
		},
		{
			"from": [7.745, 28.92878, 4.65844],
			"to": [8.255, 29.42878, 7.63344],
			"rotation": {"angle": 22.5, "axis": "x", "origin": [7.995, 29.36266, 4.75823]},
			"faces": {
				"north": {"uv": [3, 9, 3.25, 9.25], "texture": "#2"},
				"east": {"uv": [6, 4, 7.5, 4.25], "texture": "#2"},
				"south": {"uv": [9, 3, 9.25, 3.25], "texture": "#2"},
				"west": {"uv": [6.5, 1, 8, 1.25], "texture": "#2"},
				"up": {"uv": [6.75, 3, 6.5, 1.5], "texture": "#2"},
				"down": {"uv": [4.25, 6.5, 4, 8], "texture": "#2"}
			}
		},
		{
			"from": [7.745, 28.92878, 8.36656],
			"to": [8.255, 29.42878, 11.34156],
			"rotation": {"angle": -22.5, "axis": "x", "origin": [8.005, 29.36266, 11.24177]},
			"faces": {
				"north": {"uv": [4.5, 9, 4.75, 9.25], "texture": "#2"},
				"east": {"uv": [6.5, 3, 8, 3.25], "texture": "#2"},
				"south": {"uv": [9, 4.5, 9.25, 4.75], "texture": "#2"},
				"west": {"uv": [6.5, 3.5, 8, 3.75], "texture": "#2"},
				"up": {"uv": [4.75, 8, 4.5, 6.5], "texture": "#2"},
				"down": {"uv": [6.75, 5.5, 6.5, 7], "texture": "#2"}
			}
		},
		{
			"from": [7.5, 11.4, 8.40711],
			"to": [8.5, 12.30711, 8.91421],
			"rotation": {"angle": 45, "axis": "x", "origin": [8.5, 11.7, 8.20711]},
			"faces": {
				"north": {"uv": [5.5, 4, 6, 4.5], "texture": "#1"},
				"east": {"uv": [6.5, 4, 6.75, 4.5], "texture": "#1"},
				"south": {"uv": [4.5, 5.5, 5, 6], "texture": "#1"},
				"west": {"uv": [4.5, 6.5, 4.75, 7], "texture": "#1"},
				"up": {"uv": [7, 4.75, 6.5, 4.5], "texture": "#1"},
				"down": {"uv": [5.5, 6.5, 5, 6.75], "texture": "#1"}
			}
		},
		{
			"from": [7.5, 11.4, 7.08579],
			"to": [8.5, 12.30711, 7.59289],
			"rotation": {"angle": -45, "axis": "x", "origin": [8.5, 11.7, 7.79289]},
			"faces": {
				"north": {"uv": [5.5, 4.5, 6, 5], "texture": "#1"},
				"east": {"uv": [6.5, 5, 6.75, 5.5], "texture": "#1"},
				"south": {"uv": [5, 5.5, 5.5, 6], "texture": "#1"},
				"west": {"uv": [6.5, 5.5, 6.75, 6], "texture": "#1"},
				"up": {"uv": [6.5, 6.75, 6, 6.5], "texture": "#1"},
				"down": {"uv": [7, 6, 6.5, 6.25], "texture": "#1"}
			}
		},
		{
			"from": [7.5, 9.50801, 5.14669],
			"to": [8.5, 10.70801, 5.34669],
			"rotation": {"angle": 22.5, "axis": "x", "origin": [8.5, 10.25801, 5.39669]},
			"faces": {
				"north": {"uv": [2, 5, 2.5, 5.625], "texture": "#1"},
				"east": {"uv": [0, 7.5, 0.125, 8.125], "texture": "#1"},
				"south": {"uv": [5, 2, 5.5, 2.625], "texture": "#1"},
				"west": {"uv": [7.5, 0, 7.625, 0.625], "texture": "#1"},
				"up": {"uv": [8, 5.625, 7.5, 5.5], "texture": "#1"},
				"down": {"uv": [8, 6, 7.5, 6.125], "texture": "#1"}
			}
		},
		{
			"from": [7.5, 11.45887, 5.95324],
			"to": [8.5, 12.65887, 6.15324],
			"rotation": {"angle": -22.5, "axis": "x", "origin": [8.5, 10.20887, 10.60324]},
			"faces": {
				"north": {"uv": [2.5, 5, 3, 5.625], "texture": "#1"},
				"east": {"uv": [0.5, 7.5, 0.625, 8.125], "texture": "#1"},
				"south": {"uv": [3, 5, 3.5, 5.625], "texture": "#1"},
				"west": {"uv": [1, 7.5, 1.125, 8.125], "texture": "#1"},
				"up": {"uv": [7, 7.625, 6.5, 7.5], "texture": "#1"},
				"down": {"uv": [7.5, 7.5, 7, 7.625], "texture": "#1"}
			}
		},
		{
			"from": [7.5, 9.9, 8.4],
			"to": [8.5, 10.4, 10.9],
			"rotation": {"angle": 22.5, "axis": "x", "origin": [8.5, 10.55, 10]},
			"faces": {
				"north": {"uv": [6.5, 6.5, 7, 6.75], "texture": "#1"},
				"east": {"uv": [5, 3, 6.25, 3.25], "texture": "#1"},
				"south": {"uv": [7, 0, 7.5, 0.25], "texture": "#1"},
				"west": {"uv": [3.5, 5, 4.75, 5.25], "texture": "#1"},
				"up": {"uv": [2.5, 1.25, 2, 0], "texture": "#1"},
				"down": {"uv": [2.5, 1.5, 2, 2.75], "texture": "#1"}
			}
		},
		{
			"from": [7.5, 9.50801, 10.65331],
			"to": [8.5, 10.70801, 10.85331],
			"rotation": {"angle": -22.5, "axis": "x", "origin": [8.5, 10.25801, 10.60331]},
			"faces": {
				"north": {"uv": [5, 3.5, 5.5, 4.125], "texture": "#1"},
				"east": {"uv": [7.5, 1, 7.625, 1.625], "texture": "#1"},
				"south": {"uv": [5, 4.5, 5.5, 5.125], "texture": "#1"},
				"west": {"uv": [1.5, 7.5, 1.625, 8.125], "texture": "#1"},
				"up": {"uv": [8, 7.625, 7.5, 7.5], "texture": "#1"},
				"down": {"uv": [8.5, 0, 8, 0.125], "texture": "#1"}
			}
		},
		{
			"from": [7.5, 9.58424, 9.43652],
			"to": [8.5, 10.08424, 10.93652],
			"rotation": {"angle": 0, "axis": "x", "origin": [8.5, 10.53424, 9.93652]},
			"faces": {
				"north": {"uv": [7, 0.5, 7.5, 0.75], "texture": "#1"},
				"east": {"uv": [6, 1, 6.75, 1.25], "texture": "#1"},
				"south": {"uv": [7, 1, 7.5, 1.25], "texture": "#1"},
				"west": {"uv": [6, 1.5, 6.75, 1.75], "texture": "#1"},
				"up": {"uv": [4.5, 3.75, 4, 3], "texture": "#1"},
				"down": {"uv": [4.5, 4, 4, 4.75], "texture": "#1"}
			}
		},
		{
			"from": [7.5, 11.45887, 9.84676],
			"to": [8.5, 12.65887, 10.04676],
			"rotation": {"angle": 22.5, "axis": "x", "origin": [8.5, 10.20887, 5.39676]},
			"faces": {
				"north": {"uv": [0, 5.5, 0.5, 6.125], "texture": "#1"},
				"east": {"uv": [2, 7.5, 2.125, 8.125], "texture": "#1"},
				"south": {"uv": [5.5, 0, 6, 0.625], "texture": "#1"},
				"west": {"uv": [7.5, 2, 7.625, 2.625], "texture": "#1"},
				"up": {"uv": [8.5, 0.625, 8, 0.5], "texture": "#1"},
				"down": {"uv": [8.5, 1, 8, 1.125], "texture": "#1"}
			}
		},
		{
			"from": [7.5, 12.62484, 10.44797],
			"to": [8.5, 12.77791, 10.60104],
			"rotation": {"angle": 45, "axis": "x", "origin": [8.5, 11.7, 8.20711]},
			"faces": {
				"north": {"uv": [8, 1.5, 8.5, 1.625], "texture": "#1"},
				"east": {"uv": [8.5, 6.5, 8.625, 6.625], "texture": "#1"},
				"south": {"uv": [8, 2, 8.5, 2.125], "texture": "#1"},
				"west": {"uv": [7, 8.5, 7.125, 8.625], "texture": "#1"},
				"up": {"uv": [3, 8.125, 2.5, 8], "texture": "#1"},
				"down": {"uv": [8.5, 2.5, 8, 2.625], "texture": "#1"}
			}
		},
		{
			"from": [7.5, 9.96863, 10.3773],
			"to": [8.5, 10.5217, 10.73037],
			"rotation": {"angle": 0, "axis": "x", "origin": [8.5, 10.34517, 10.55384]},
			"faces": {
				"north": {"uv": [7, 1.5, 7.5, 1.75], "texture": "#1"},
				"east": {"uv": [8, 8, 8.125, 8.25], "texture": "#1"},
				"south": {"uv": [7, 2, 7.5, 2.25], "texture": "#1"},
				"west": {"uv": [0, 8.5, 0.125, 8.75], "texture": "#1"},
				"up": {"uv": [3.5, 8.125, 3, 8], "texture": "#1"},
				"down": {"uv": [4, 8, 3.5, 8.125], "texture": "#1"}
			}
		},
		{
			"from": [7.5, 9.7, 8.4],
			"to": [8.5, 9.9, 9.9],
			"rotation": {"angle": 22.5, "axis": "x", "origin": [8.5, 10.55, 10]},
			"faces": {
				"north": {"uv": [4, 8, 4.5, 8.125], "texture": "#1"},
				"east": {"uv": [4, 7, 4.75, 7.125], "texture": "#1"},
				"south": {"uv": [8, 4, 8.5, 4.125], "texture": "#1"},
				"west": {"uv": [7, 4, 7.75, 4.125], "texture": "#1"},
				"up": {"uv": [0.5, 5.25, 0, 4.5], "texture": "#1"},
				"down": {"uv": [1, 4.5, 0.5, 5.25], "texture": "#1"}
			}
		},
		{
			"from": [7.75, 8.85975, 6.41384],
			"to": [8.25, 9.05975, 7.61384],
			"rotation": {"angle": 22.5, "axis": "x", "origin": [8.75, 9.07313, 6.64616]},
			"faces": {
				"north": {"uv": [8.5, 0, 8.75, 0.125], "texture": "#1"},
				"east": {"uv": [2.5, 7.5, 3.125, 7.625], "texture": "#1"},
				"south": {"uv": [0.5, 8.5, 0.75, 8.625], "texture": "#1"},
				"west": {"uv": [7.5, 3, 8.125, 3.125], "texture": "#1"},
				"up": {"uv": [5.75, 6.625, 5.5, 6], "texture": "#1"},
				"down": {"uv": [6.25, 5.5, 6, 6.125], "texture": "#1"}
			}
		},
		{
			"from": [7.75, 9.08652, 6.41384],
			"to": [8.25, 9.28652, 7.61384],
			"rotation": {"angle": -22.5, "axis": "x", "origin": [8.75, 9.07313, 6.64616]},
			"faces": {
				"north": {"uv": [8.5, 0.5, 8.75, 0.625], "texture": "#1"},
				"east": {"uv": [3.5, 7.5, 4.125, 7.625], "texture": "#1"},
				"south": {"uv": [1, 8.5, 1.25, 8.625], "texture": "#1"},
				"west": {"uv": [7.5, 3.5, 8.125, 3.625], "texture": "#1"},
				"up": {"uv": [0.25, 7.125, 0, 6.5], "texture": "#1"},
				"down": {"uv": [6.75, 0, 6.5, 0.625], "texture": "#1"}
			}
		},
		{
			"from": [7.75, 9.20611, 6.36011],
			"to": [8.25, 9.35918, 6.51319],
			"rotation": {"angle": -45, "axis": "x", "origin": [8.75, 9.07313, 6.64616]},
			"faces": {
				"north": {"uv": [8.5, 1, 8.75, 1.125], "texture": "#1"},
				"east": {"uv": [8.5, 7, 8.625, 7.125], "texture": "#1"},
				"south": {"uv": [1.5, 8.5, 1.75, 8.625], "texture": "#1"},
				"west": {"uv": [7.5, 8.5, 7.625, 8.625], "texture": "#1"},
				"up": {"uv": [8.75, 1.625, 8.5, 1.5], "texture": "#1"},
				"down": {"uv": [2.25, 8.5, 2, 8.625], "texture": "#1"}
			}
		},
		{
			"from": [7.75, 8.8966, 6.54759],
			"to": [8.25, 9.24967, 6.99759],
			"rotation": {"angle": 0, "axis": "x", "origin": [8.75, 9.07313, 6.64616]},
			"faces": {
				"north": {"uv": [8.5, 2, 8.75, 2.125], "texture": "#1"},
				"east": {"uv": [2.5, 8.5, 2.75, 8.625], "texture": "#1"},
				"south": {"uv": [8.5, 2.5, 8.75, 2.625], "texture": "#1"},
				"west": {"uv": [3, 8.5, 3.25, 8.625], "texture": "#1"},
				"up": {"uv": [4.75, 8.25, 4.5, 8], "texture": "#1"},
				"down": {"uv": [5.25, 8, 5, 8.25], "texture": "#1"}
			}
		},
		{
			"from": [7.75, 8.6966, 6.99759],
			"to": [8.25, 9.44967, 7.64759],
			"rotation": {"angle": 0, "axis": "x", "origin": [8.75, 9.07313, 6.64616]},
			"faces": {
				"north": {"uv": [7, 4.5, 7.25, 4.875], "texture": "#1"},
				"east": {"uv": [2.5, 6.5, 2.875, 6.875], "texture": "#1"},
				"south": {"uv": [5, 7, 5.25, 7.375], "texture": "#1"},
				"west": {"uv": [3, 6.5, 3.375, 6.875], "texture": "#1"},
				"up": {"uv": [7.25, 5.375, 7, 5], "texture": "#1"},
				"down": {"uv": [5.75, 7, 5.5, 7.375], "texture": "#1"}
			}
		},
		{
			"from": [7.75, 9.20611, 9.48681],
			"to": [8.25, 9.35918, 9.63989],
			"rotation": {"angle": 45, "axis": "x", "origin": [8.75, 9.07313, 9.35384]},
			"faces": {
				"north": {"uv": [8.5, 3, 8.75, 3.125], "texture": "#1"},
				"east": {"uv": [8.5, 7.5, 8.625, 7.625], "texture": "#1"},
				"south": {"uv": [3.5, 8.5, 3.75, 8.625], "texture": "#1"},
				"west": {"uv": [8, 8.5, 8.125, 8.625], "texture": "#1"},
				"up": {"uv": [8.75, 3.625, 8.5, 3.5], "texture": "#1"},
				"down": {"uv": [4.25, 8.5, 4, 8.625], "texture": "#1"}
			}
		},
		{
			"from": [7.75, 9.08652, 8.38616],
			"to": [8.25, 9.28652, 9.58616],
			"rotation": {"angle": 22.5, "axis": "x", "origin": [8.75, 9.07313, 9.35384]},
			"faces": {
				"north": {"uv": [8.5, 4, 8.75, 4.125], "texture": "#1"},
				"east": {"uv": [4.5, 7.5, 5.125, 7.625], "texture": "#1"},
				"south": {"uv": [4.5, 8.5, 4.75, 8.625], "texture": "#1"},
				"west": {"uv": [7.5, 4.5, 8.125, 4.625], "texture": "#1"},
				"up": {"uv": [0.75, 7.125, 0.5, 6.5], "texture": "#1"},
				"down": {"uv": [1.25, 6.5, 1, 7.125], "texture": "#1"}
			}
		},
		{
			"from": [7.75, 8.85975, 8.38616],
			"to": [8.25, 9.05975, 9.58616],
			"rotation": {"angle": -22.5, "axis": "x", "origin": [8.75, 9.07313, 9.35384]},
			"faces": {
				"north": {"uv": [8.5, 4.5, 8.75, 4.625], "texture": "#1"},
				"east": {"uv": [7.5, 5, 8.125, 5.125], "texture": "#1"},
				"south": {"uv": [5, 8.5, 5.25, 8.625], "texture": "#1"},
				"west": {"uv": [5.5, 7.5, 6.125, 7.625], "texture": "#1"},
				"up": {"uv": [1.75, 7.125, 1.5, 6.5], "texture": "#1"},
				"down": {"uv": [2.25, 6.5, 2, 7.125], "texture": "#1"}
			}
		},
		{
			"from": [7.75, 8.8966, 9.00241],
			"to": [8.25, 9.24967, 9.45241],
			"rotation": {"angle": 0, "axis": "x", "origin": [8.75, 9.07313, 9.35384]},
			"faces": {
				"north": {"uv": [8.5, 5, 8.75, 5.125], "texture": "#1"},
				"east": {"uv": [5.5, 8.5, 5.75, 8.625], "texture": "#1"},
				"south": {"uv": [8.5, 5.5, 8.75, 5.625], "texture": "#1"},
				"west": {"uv": [6, 8.5, 6.25, 8.625], "texture": "#1"},
				"up": {"uv": [5.75, 8.25, 5.5, 8], "texture": "#1"},
				"down": {"uv": [8.25, 5.5, 8, 5.75], "texture": "#1"}
			}
		},
		{
			"from": [7.75, 8.6966, 8.35241],
			"to": [8.25, 9.44967, 9.00241],
			"rotation": {"angle": 0, "axis": "x", "origin": [8.75, 9.07313, 9.35384]},
			"faces": {
				"north": {"uv": [7, 5.5, 7.25, 5.875], "texture": "#1"},
				"east": {"uv": [6.5, 3, 6.875, 3.375], "texture": "#1"},
				"south": {"uv": [6, 7, 6.25, 7.375], "texture": "#1"},
				"west": {"uv": [3.5, 6.5, 3.875, 6.875], "texture": "#1"},
				"up": {"uv": [7.25, 6.375, 7, 6], "texture": "#1"},
				"down": {"uv": [6.75, 7, 6.5, 7.375], "texture": "#1"}
			}
		},
		{
			"from": [7.5, 1.48015, 7.5],
			"to": [8.5, 8.48015, 8.5],
			"rotation": {"angle": 0, "axis": "x", "origin": [8.5, 9.0837, 8.10355]},
			"faces": {
				"north": {"uv": [0, 0, 0.5, 3.5], "texture": "#1"},
				"east": {"uv": [0.5, 0, 1, 3.5], "texture": "#1"},
				"south": {"uv": [1, 0, 1.5, 3.5], "texture": "#1"},
				"west": {"uv": [1.5, 0, 2, 3.5], "texture": "#1"},
				"up": {"uv": [6, 5.5, 5.5, 5], "texture": "#1"},
				"down": {"uv": [6, 5.5, 5.5, 6], "texture": "#1"}
			}
		},
		{
			"from": [7.5, 10.4, 7.5],
			"to": [8.5, 11.7, 8.5],
			"rotation": {"angle": 0, "axis": "y", "origin": [7.5, 0, 7.5]},
			"faces": {
				"north": {"uv": [0.5, 5.5, 1, 6.125], "texture": "#1"},
				"east": {"uv": [1, 5.5, 1.5, 6.125], "texture": "#1"},
				"south": {"uv": [5.5, 1, 6, 1.625], "texture": "#1"},
				"west": {"uv": [1.5, 5.5, 2, 6.125], "texture": "#1"},
				"up": {"uv": [6.5, 0.5, 6, 0], "texture": "#1"},
				"down": {"uv": [6.5, 0.5, 6, 1], "texture": "#1"}
			}
		},
		{
			"from": [7.5, 9.6, 7.25],
			"to": [8.5, 10.4, 8.75],
			"rotation": {"angle": 0, "axis": "y", "origin": [7.5, 0, 7.55]},
			"faces": {
				"north": {"uv": [2, 6, 2.5, 6.375], "texture": "#1"},
				"east": {"uv": [3.5, 5.5, 4.25, 5.875], "texture": "#1"},
				"south": {"uv": [2.5, 6, 3, 6.375], "texture": "#1"},
				"west": {"uv": [5.5, 3.5, 6.25, 3.875], "texture": "#1"},
				"up": {"uv": [1.5, 5.25, 1, 4.5], "texture": "#1"},
				"down": {"uv": [2, 4.5, 1.5, 5.25], "texture": "#1"}
			}
		},
		{
			"from": [7.5, 9.9, 5.1],
			"to": [8.5, 10.4, 7.6],
			"rotation": {"angle": -22.5, "axis": "x", "origin": [8.5, 10.55, 6]},
			"faces": {
				"north": {"uv": [2.5, 7, 3, 7.25], "texture": "#1"},
				"east": {"uv": [5.5, 2, 6.75, 2.25], "texture": "#1"},
				"south": {"uv": [7, 2.5, 7.5, 2.75], "texture": "#1"},
				"west": {"uv": [5.5, 2.5, 6.75, 2.75], "texture": "#1"},
				"up": {"uv": [3, 1.25, 2.5, 0], "texture": "#1"},
				"down": {"uv": [3, 1.5, 2.5, 2.75], "texture": "#1"}
			}
		},
		{
			"from": [7.5, 9.7, 6.1],
			"to": [8.5, 9.9, 7.6],
			"rotation": {"angle": -22.5, "axis": "x", "origin": [8.5, 10.55, 6]},
			"faces": {
				"north": {"uv": [6, 8, 6.5, 8.125], "texture": "#1"},
				"east": {"uv": [7, 6.5, 7.75, 6.625], "texture": "#1"},
				"south": {"uv": [8, 6, 8.5, 6.125], "texture": "#1"},
				"west": {"uv": [7, 7, 7.75, 7.125], "texture": "#1"},
				"up": {"uv": [5, 3.75, 4.5, 3], "texture": "#1"},
				"down": {"uv": [5, 4, 4.5, 4.75], "texture": "#1"}
			}
		},
		{
			"from": [7.5, 9.58424, 5.06348],
			"to": [8.5, 10.08424, 6.56348],
			"rotation": {"angle": 0, "axis": "x", "origin": [8.5, 10.53424, 6.06348]},
			"faces": {
				"north": {"uv": [3, 7, 3.5, 7.25], "texture": "#1"},
				"east": {"uv": [3, 6, 3.75, 6.25], "texture": "#1"},
				"south": {"uv": [7, 3, 7.5, 3.25], "texture": "#1"},
				"west": {"uv": [4, 6, 4.75, 6.25], "texture": "#1"},
				"up": {"uv": [5.5, 0.75, 5, 0], "texture": "#1"},
				"down": {"uv": [5.5, 1, 5, 1.75], "texture": "#1"}
			}
		},
		{
			"from": [7.5, 11.2, 7.58579],
			"to": [8.5, 11.90711, 8.29289],
			"rotation": {"angle": -45, "axis": "x", "origin": [8.5, 11.7, 7.79289]},
			"faces": {
				"north": {"uv": [6, 4, 6.5, 4.375], "texture": "#1"},
				"east": {"uv": [6.5, 3.5, 6.875, 3.875], "texture": "#1"},
				"south": {"uv": [6, 4.5, 6.5, 4.875], "texture": "#1"},
				"west": {"uv": [4, 6.5, 4.375, 6.875], "texture": "#1"},
				"up": {"uv": [5.5, 6.375, 5, 6], "texture": "#1"},
				"down": {"uv": [6.5, 5, 6, 5.375], "texture": "#1"}
			}
		},
		{
			"from": [7.5, 12.62484, 5.39896],
			"to": [8.5, 12.77791, 5.55203],
			"rotation": {"angle": -45, "axis": "x", "origin": [8.5, 11.7, 7.79289]},
			"faces": {
				"north": {"uv": [6.5, 8, 7, 8.125], "texture": "#1"},
				"east": {"uv": [8.5, 8, 8.625, 8.125], "texture": "#1"},
				"south": {"uv": [8, 6.5, 8.5, 6.625], "texture": "#1"},
				"west": {"uv": [8.5, 8.5, 8.625, 8.625], "texture": "#1"},
				"up": {"uv": [7.5, 8.125, 7, 8], "texture": "#1"},
				"down": {"uv": [8.5, 7, 8, 7.125], "texture": "#1"}
			}
		},
		{
			"from": [7.5, 9.96863, 5.26963],
			"to": [8.5, 10.5217, 5.6227],
			"rotation": {"angle": 0, "axis": "x", "origin": [8.5, 10.34517, 5.44616]},
			"faces": {
				"north": {"uv": [3.5, 7, 4, 7.25], "texture": "#1"},
				"east": {"uv": [8.5, 6, 8.625, 6.25], "texture": "#1"},
				"south": {"uv": [7, 3.5, 7.5, 3.75], "texture": "#1"},
				"west": {"uv": [6.5, 8.5, 6.625, 8.75], "texture": "#1"},
				"up": {"uv": [8, 8.125, 7.5, 8], "texture": "#1"},
				"down": {"uv": [8.5, 7.5, 8, 7.625], "texture": "#1"}
			}
		},
		{
			"from": [7.4, 8.48015, 7.39645],
			"to": [8.6, 9.68015, 8.59645],
			"rotation": {"angle": 0, "axis": "x", "origin": [8.4, 9.0837, 8]},
			"faces": {
				"north": {"uv": [1, 3.5, 1.625, 4.125], "texture": "#1"},
				"east": {"uv": [4, 0, 4.625, 0.625], "texture": "#1"},
				"south": {"uv": [4, 1, 4.625, 1.625], "texture": "#1"},
				"west": {"uv": [2, 4, 2.625, 4.625], "texture": "#1"},
				"up": {"uv": [4.625, 2.625, 4, 2], "texture": "#1"},
				"down": {"uv": [3.625, 4, 3, 4.625], "texture": "#1"}
			}
		},
		{
			"from": [7.25, 0.48015, 7.25],
			"to": [8.75, 1.98015, 8.75],
			"rotation": {"angle": -45, "axis": "x", "origin": [8, 1.23015, 8]},
			"faces": {
				"north": {"uv": [3, 0, 3.75, 0.75], "texture": "#1"},
				"east": {"uv": [3, 1, 3.75, 1.75], "texture": "#1"},
				"south": {"uv": [2, 3, 2.75, 3.75], "texture": "#1"},
				"west": {"uv": [3, 2, 3.75, 2.75], "texture": "#1"},
				"up": {"uv": [3.75, 3.75, 3, 3], "texture": "#1"},
				"down": {"uv": [0.75, 3.5, 0, 4.25], "texture": "#1"}
			}
		}
	],
	"display": {
		"thirdperson_righthand": {
			"scale": [1.2, 1.2, 1.2]
		}
	},
	"groups": [
		{
			"name": "blade",
			"origin": [8.005, 29.36266, 11.24177],
			"color": 0,
			"children": [0, 1, 2, 3, 4, 5, 6, 7, 8, 9, 10, 11, 12, 13, 14, 15, 16, 17, 18, 19, 20, 21]
		},
		{
			"name": "hilt",
			"origin": [8, 1.23015, 8],
			"color": 0,
			"children": [22, 23, 24, 25, 26, 27, 28, 29, 30, 31, 32, 33, 34, 35, 36, 37, 38, 39, 40, 41, 42, 43, 44, 45, 46, 47, 48, 49, 50, 51, 52, 53]
		}
	]
}