{
	"credit": "Made with Blockbench",
	"texture_size": [32, 32],
	"textures": {
		"2": "item/custom/models/flintlock_rifle",
		"particle": "item/custom/models/flintlock_rifle"
	},
	"elements": [
		{
			"from": [7.5, 8, -8],
			"to": [8.5, 9, 16],
			"rotation": {"angle": 45, "axis": "z", "origin": [8, 8.5, 0]},
			"faces": {
				"north": {"uv": [6.5, 9, 7, 9.5], "texture": "#2"},
				"east": {"uv": [0, 0, 12, 0.5], "texture": "#2"},
				"south": {"uv": [9, 8, 9.5, 8.5], "texture": "#2"},
				"west": {"uv": [0, 0.5, 12, 1], "texture": "#2"},
				"up": {"uv": [0.5, 13, 0, 1], "texture": "#2"},
				"down": {"uv": [1, 1, 0.5, 13], "texture": "#2"}
			}
		},
		{
			"from": [7, 7.5, -3],
			"to": [9, 8.5, 8],
			"rotation": {"angle": 0, "axis": "z", "origin": [7.5, 8, 0]},
			"faces": {
				"north": {"uv": [9, 3, 10, 3.5], "texture": "#2"},
				"east": {"uv": [7.5, 1, 13, 1.5], "texture": "#2"},
				"south": {"uv": [9, 3.5, 10, 4], "texture": "#2"},
				"west": {"uv": [7.5, 1.5, 13, 2], "texture": "#2"},
				"up": {"uv": [2, 6.5, 1, 1], "texture": "#2"},
				"down": {"uv": [3, 1, 2, 6.5], "texture": "#2"}
			}
		},
		{
			"from": [7, 6.5, 8],
			"to": [9, 8.5, 16],
			"rotation": {"angle": 0, "axis": "z", "origin": [7.5, 8, 8]},
			"faces": {
				"north": {"uv": [1, 6.5, 2, 7.5], "texture": "#2"},
				"east": {"uv": [5, 3, 9, 4], "texture": "#2"},
				"south": {"uv": [2, 6.5, 3, 7.5], "texture": "#2"},
				"west": {"uv": [5, 4, 9, 5], "texture": "#2"},
				"up": {"uv": [6, 9, 5, 5], "texture": "#2"},
				"down": {"uv": [7, 5, 6, 9], "texture": "#2"}
			}
		},
		{
			"from": [7, 5.20809, 18.54955],
			"to": [9, 7.20809, 24.54955],
			"rotation": {"angle": 0, "axis": "z", "origin": [7.5, 6.70809, 16.54955]},
			"faces": {
				"north": {"uv": [7.5, 2, 8.5, 3], "texture": "#2"},
				"east": {"uv": [7, 7, 10, 8], "texture": "#2"},
				"south": {"uv": [8, 8, 9, 9], "texture": "#2"},
				"west": {"uv": [1, 7.5, 4, 8.5], "texture": "#2"},
				"up": {"uv": [5, 10.5, 4, 7.5], "texture": "#2"},
				"down": {"uv": [8, 8, 7, 11], "texture": "#2"}
			}
		},
		{
			"from": [7, 3.20809, 23.54955],
			"to": [9, 5.20809, 24.54955],
			"rotation": {"angle": 0, "axis": "z", "origin": [7.5, 4.70809, 16.54955]},
			"faces": {
				"north": {"uv": [1, 8.5, 2, 9.5], "texture": "#2"},
				"east": {"uv": [9, 4, 9.5, 5], "texture": "#2"},
				"south": {"uv": [2, 8.5, 3, 9.5], "texture": "#2"},
				"west": {"uv": [5, 9, 5.5, 10], "texture": "#2"},
				"up": {"uv": [6.5, 9.5, 5.5, 9], "texture": "#2"},
				"down": {"uv": [9, 9, 8, 9.5], "texture": "#2"}
			}
		},
		{
			"from": [9, 8.5, 15],
			"to": [9, 9.5, 16],
			"rotation": {"angle": 0, "axis": "y", "origin": [7.5, 8, 8]},
			"faces": {
				"north": {"uv": [0, 0, 0, 0.5], "texture": "#2"},
				"east": {"uv": [9, 8.5, 9.5, 9], "texture": "#2"},
				"south": {"uv": [0, 0, 0, 0.5], "texture": "#2"},
				"west": {"uv": [9, 9, 9.5, 9.5], "texture": "#2"},
				"up": {"uv": [0, 0.5, 0, 0], "texture": "#2"},
				"down": {"uv": [0, 0, 0, 0.5], "texture": "#2"}
			}
		},
		{
			"from": [9, 8.5, 13],
			"to": [9, 9.5, 14],
			"rotation": {"angle": 0, "axis": "y", "origin": [7.5, 8, 6]},
			"faces": {
				"north": {"uv": [0, 0, 0, 0.5], "texture": "#2"},
				"east": {"uv": [9, 8.5, 9.5, 9], "texture": "#2"},
				"south": {"uv": [0, 0, 0, 0.5], "texture": "#2"},
				"west": {"uv": [9, 9, 9.5, 9.5], "texture": "#2"},
				"up": {"uv": [0, 0.5, 0, 0], "texture": "#2"},
				"down": {"uv": [0, 0, 0, 0.5], "texture": "#2"}
			}
		},
		{
			"from": [8, 4.5, 12],
			"to": [8, 6.5, 20],
			"rotation": {"angle": 0, "axis": "y", "origin": [7.5, 8, 8]},
			"faces": {
				"north": {"uv": [0, 0, 0, 1], "texture": "#2"},
				"east": {"uv": [7, 5, 11, 6], "texture": "#2"},
				"south": {"uv": [0, 0, 0, 1], "texture": "#2"},
				"west": {"uv": [7, 6, 11, 7], "texture": "#2"},
				"up": {"uv": [0, 4, 0, 0], "texture": "#2"},
				"down": {"uv": [0, 0, 0, 4], "texture": "#2"}
			}
		},
		{
			"from": [6.95, 6.53806, 15.80866],
			"to": [9.05, 8.53806, 24.80866],
			"rotation": {"angle": 22.5, "axis": "x", "origin": [7.5, 8.03806, 15.80866]},
			"faces": {
				"north": {"uv": [8.5, 2, 9.5, 3], "texture": "#2"},
				"east": {"uv": [3, 1, 7.5, 2], "texture": "#2"},
				"south": {"uv": [3, 8.5, 4, 9.5], "texture": "#2"},
				"west": {"uv": [3, 2, 7.5, 3], "texture": "#2"},
				"up": {"uv": [4, 7.5, 3, 3], "texture": "#2"},
				"down": {"uv": [5, 3, 4, 7.5], "texture": "#2"}
			}
		}
	],
	"display": {
		"thirdperson_righthand": {
			"translation": [0, 1.25, -4],
			"scale": [0.75, 0.75, 0.75]
		},
		"thirdperson_lefthand": {
			"translation": [0, 1.25, -4],
			"scale": [0.75, 0.75, 0.75]
		},
		"firstperson_righthand": {
			"translation": [4.25, 3.75, 0],
			"scale": [0.45, 0.45, 0.45]
		},
		"firstperson_lefthand": {
			"translation": [4.25, 3.75, 0],
			"scale": [0.45, 0.45, 0.45]
		},
		"ground": {
			"translation": [0, 3.75, 0]
		},
		"gui": {
			"rotation": [30, -45, 0],
			"scale": [0.625, 0.625, 0.625]
		},
		"fixed": {
			"rotation": [0, 90, 0],
			"scale": [2, 2, 2]
		}
	}
}