{
	"credit": "Made with Blockbench",
	"texture_size": [64, 64],
	"textures": {
		"0": "block/custom/books",
		"particle": "block/custom/books"
	},
	"elements": [
		{
			"from": [4.75, 13, 5],
			"to": [11.75, 13.5, 10.75],
			"faces": {
				"north": {"uv": [7, 3, 8.75, 3.25], "texture": "#0"},
				"east": {"uv": [0, 7.25, 1.5, 7.5], "texture": "#0"},
				"south": {"uv": [7, 3.25, 8.75, 3.5], "texture": "#0"},
				"west": {"uv": [0, 7.5, 1.5, 7.75], "texture": "#0"},
				"up": {"uv": [1.75, 1.5, 0, 0], "texture": "#0"},
				"down": {"uv": [1.75, 1.5, 0, 3], "texture": "#0"}
			}
		},
		{
			"from": [5, 13.5, 5.5],
			"to": [11.5, 14, 10.75],
			"faces": {
				"north": {"uv": [7, 6.5, 8.75, 6.75], "texture": "#0"},
				"east": {"uv": [8, 6, 9.25, 6.25], "texture": "#0"},
				"south": {"uv": [7, 6.75, 8.75, 7], "texture": "#0"},
				"west": {"uv": [8, 8, 9.25, 8.25], "texture": "#0"},
				"up": {"uv": [1.75, 5.5, 0, 4.25], "texture": "#0"},
				"down": {"uv": [3.5, 4.25, 1.75, 5.5], "texture": "#0"}
			}
		},
		{
			"from": [4.75, 14, 5],
			"to": [11.75, 14.5, 10.75],
			"faces": {
				"north": {"uv": [7, 3.5, 8.75, 3.75], "texture": "#0"},
				"east": {"uv": [7, 7.5, 8.5, 7.75], "texture": "#0"},
				"south": {"uv": [7, 6.25, 8.75, 6.5], "texture": "#0"},
				"west": {"uv": [0, 7.75, 1.5, 8], "texture": "#0"},
				"up": {"uv": [3.5, 1.5, 1.75, 0], "texture": "#0"},
				"down": {"uv": [3.5, 1.5, 1.75, 3], "texture": "#0"}
			}
		},
		{
			"from": [4.75, 13, 10.75],
			"to": [11.75, 14.5, 11],
			"faces": {
				"north": {"uv": [6.5, 4.75, 8.25, 5.25], "texture": "#0"},
				"east": {"uv": [3.5, 2.5, 3.75, 3], "texture": "#0"},
				"south": {"uv": [6.5, 5.25, 8.25, 5.75], "texture": "#0"},
				"west": {"uv": [3.75, 2.5, 4, 3], "texture": "#0"},
				"up": {"uv": [8.75, 7.25, 7, 7], "texture": "#0"},
				"down": {"uv": [8.75, 7.25, 7, 7.5], "texture": "#0"}
			}
		},
		{
			"from": [4.625, 17.5, 6.375],
			"to": [4.875, 19, 12.375],
			"rotation": {"angle": -22.5, "axis": "y", "origin": [8.75, 13.25, 9.375]},
			"faces": {
				"north": {"uv": [2.5, 6.5, 2.75, 7], "texture": "#0"},
				"east": {"uv": [7, 0, 8.5, 0.5], "texture": "#0"},
				"south": {"uv": [2.75, 6.5, 3, 7], "texture": "#0"},
				"west": {"uv": [7, 0.5, 8.5, 1], "texture": "#0"},
				"up": {"uv": [7.75, 9.5, 7.5, 8], "texture": "#0"},
				"down": {"uv": [8, 8, 7.75, 9.5], "texture": "#0"}
			}
		},
		{
			"from": [4.875, 17.5, 6.375],
			"to": [8.875, 18, 12.375],
			"rotation": {"angle": -22.5, "axis": "y", "origin": [8.75, 13.25, 9.375]},
			"faces": {
				"north": {"uv": [1, 8.5, 2, 8.75], "texture": "#0"},
				"east": {"uv": [8, 5.75, 9.5, 6], "texture": "#0"},
				"south": {"uv": [2, 8.5, 3, 8.75], "texture": "#0"},
				"west": {"uv": [6, 8, 7.5, 8.25], "texture": "#0"},
				"up": {"uv": [7, 7.75, 6, 6.25], "texture": "#0"},
				"down": {"uv": [2.5, 6.5, 1.5, 8], "texture": "#0"}
			}
		},
		{
			"from": [4.875, 18, 6.625],
			"to": [8.375, 18.5, 12.125],
			"rotation": {"angle": -22.5, "axis": "y", "origin": [8.75, 13.25, 9.375]},
			"faces": {
				"north": {"uv": [8.5, 0.5, 9.5, 0.75], "texture": "#0"},
				"east": {"uv": [4.5, 8, 6, 8.25], "texture": "#0"},
				"south": {"uv": [8.5, 0.75, 9.5, 1], "texture": "#0"},
				"west": {"uv": [8, 4.5, 9.5, 4.75], "texture": "#0"},
				"up": {"uv": [5, 7.75, 4, 6.25], "texture": "#0"},
				"down": {"uv": [6, 6.25, 5, 7.75], "texture": "#0"}
			}
		},
		{
			"from": [4.875, 18.5, 6.375],
			"to": [8.875, 19, 12.375],
			"rotation": {"angle": -22.5, "axis": "y", "origin": [8.75, 13.25, 9.375]},
			"faces": {
				"north": {"uv": [8.5, 0, 9.5, 0.25], "texture": "#0"},
				"east": {"uv": [8, 4, 9.5, 4.25], "texture": "#0"},
				"south": {"uv": [8.5, 0.25, 9.5, 0.5], "texture": "#0"},
				"west": {"uv": [8, 4.25, 9.5, 4.5], "texture": "#0"},
				"up": {"uv": [7, 3.75, 6, 2.25], "texture": "#0"},
				"down": {"uv": [4, 6.25, 3, 7.75], "texture": "#0"}
			}
		},
		{
			"from": [3.75, 16, 5],
			"to": [11.75, 16.5, 10.25],
			"rotation": {"angle": 22.5, "axis": "y", "origin": [7.75, 11.75, 9]},
			"faces": {
				"north": {"uv": [7, 2.5, 9, 2.75], "texture": "#0"},
				"east": {"uv": [8.25, 5.5, 9.5, 5.75], "texture": "#0"},
				"south": {"uv": [7, 2.75, 9, 3], "texture": "#0"},
				"west": {"uv": [6.25, 8.25, 7.5, 8.5], "texture": "#0"},
				"up": {"uv": [6, 3.75, 4, 2.5], "texture": "#0"},
				"down": {"uv": [6, 3.75, 4, 5], "texture": "#0"}
			}
		},
		{
			"from": [3.75, 17, 5],
			"to": [11.75, 17.5, 10.25],
			"rotation": {"angle": 22.5, "axis": "y", "origin": [7.75, 11.75, 9]},
			"faces": {
				"north": {"uv": [7, 2, 9, 2.25], "texture": "#0"},
				"east": {"uv": [8.25, 5, 9.5, 5.25], "texture": "#0"},
				"south": {"uv": [7, 2.25, 9, 2.5], "texture": "#0"},
				"west": {"uv": [8.25, 5.25, 9.5, 5.5], "texture": "#0"},
				"up": {"uv": [5.5, 1.25, 3.5, 0], "texture": "#0"},
				"down": {"uv": [5.5, 1.25, 3.5, 2.5], "texture": "#0"}
			}
		},
		{
			"from": [3.75, 16, 10.25],
			"to": [11.75, 17.5, 10.5],
			"rotation": {"angle": 22.5, "axis": "y", "origin": [7.75, 11.75, 9]},
			"faces": {
				"north": {"uv": [6, 3.75, 8, 4.25], "texture": "#0"},
				"east": {"uv": [3, 5.5, 3.25, 6], "texture": "#0"},
				"south": {"uv": [6, 4.25, 8, 4.75], "texture": "#0"},
				"west": {"uv": [3.25, 5.5, 3.5, 6], "texture": "#0"},
				"up": {"uv": [9, 1.75, 7, 1.5], "texture": "#0"},
				"down": {"uv": [9, 1.75, 7, 2], "texture": "#0"}
			}
		},
		{
			"from": [4, 16.5, 5.5],
			"to": [11.5, 17, 10.25],
			"rotation": {"angle": 22.5, "axis": "y", "origin": [7.75, 11.75, 9]},
			"faces": {
				"north": {"uv": [7, 1, 9, 1.25], "texture": "#0"},
				"east": {"uv": [8.25, 4.75, 9.5, 5], "texture": "#0"},
				"south": {"uv": [7, 1.25, 9, 1.5], "texture": "#0"},
				"west": {"uv": [5, 8.25, 6.25, 8.5], "texture": "#0"},
				"up": {"uv": [2, 4.25, 0, 3], "texture": "#0"},
				"down": {"uv": [4, 3, 2, 4.25], "texture": "#0"}
			}
		},
		{
			"from": [4, 14.5, 5.5],
			"to": [10, 16, 5.75],
			"rotation": {"angle": -22.5, "axis": "y", "origin": [8.25, 10.25, 9.375]},
			"faces": {
				"north": {"uv": [6.5, 5.75, 8, 6.25], "texture": "#0"},
				"east": {"uv": [3.5, 4.25, 3.75, 4.75], "texture": "#0"},
				"south": {"uv": [0, 6.75, 1.5, 7.25], "texture": "#0"},
				"west": {"uv": [3.75, 4.25, 4, 4.75], "texture": "#0"},
				"up": {"uv": [4.5, 8.25, 3, 8], "texture": "#0"},
				"down": {"uv": [9.5, 3.75, 8, 4], "texture": "#0"}
			}
		},
		{
			"from": [4, 14.5, 5.75],
			"to": [10, 15, 10.5],
			"rotation": {"angle": -22.5, "axis": "y", "origin": [8.25, 10.25, 9.375]},
			"faces": {
				"north": {"uv": [0, 8, 1.5, 8.25], "texture": "#0"},
				"east": {"uv": [2.5, 8.25, 3.75, 8.5], "texture": "#0"},
				"south": {"uv": [1.5, 8, 3, 8.25], "texture": "#0"},
				"west": {"uv": [3.75, 8.25, 5, 8.5], "texture": "#0"},
				"up": {"uv": [1.5, 6.75, 0, 5.5], "texture": "#0"},
				"down": {"uv": [7, 0, 5.5, 1.25], "texture": "#0"}
			}
		},
		{
			"from": [4.25, 15, 5.75],
			"to": [9.75, 15.5, 10],
			"rotation": {"angle": -22.5, "axis": "y", "origin": [8.25, 10.25, 9.375]},
			"faces": {
				"north": {"uv": [5.5, 7.75, 7, 8], "texture": "#0"},
				"east": {"uv": [8, 8.25, 9, 8.5], "texture": "#0"},
				"south": {"uv": [7, 7.75, 8.5, 8], "texture": "#0"},
				"west": {"uv": [0, 8.5, 1, 8.75], "texture": "#0"},
				"up": {"uv": [7, 2.25, 5.5, 1.25], "texture": "#0"},
				"down": {"uv": [3, 5.5, 1.5, 6.5], "texture": "#0"}
			}
		},
		{
			"from": [4, 15.5, 5.75],
			"to": [10, 16, 10.5],
			"rotation": {"angle": -22.5, "axis": "y", "origin": [8.25, 10.25, 9.375]},
			"faces": {
				"north": {"uv": [2.5, 7.75, 4, 8], "texture": "#0"},
				"east": {"uv": [0, 8.25, 1.25, 8.5], "texture": "#0"},
				"south": {"uv": [4, 7.75, 5.5, 8], "texture": "#0"},
				"west": {"uv": [1.25, 8.25, 2.5, 8.5], "texture": "#0"},
				"up": {"uv": [5, 6.25, 3.5, 5], "texture": "#0"},
				"down": {"uv": [6.5, 5, 5, 6.25], "texture": "#0"}
			}
		}
	],
	"display": {
		"thirdperson_righthand": {
			"translation": [0, -4, 0.75],
			"scale": [0.78, 0.79, 0.8]
		},
		"thirdperson_lefthand": {
			"translation": [0, -4, 0.75],
			"scale": [0.8, 0.78, 0.78]
		},
		"firstperson_righthand": {
			"translation": [0, -5.75, 0]
		},
		"firstperson_lefthand": {
			"translation": [0, -6.5, 0]
		},
		"ground": {
			"translation": [0, -17.5, 0],
			"scale": [2.75, 2.75, 2.75]
		},
		"gui": {
			"translation": [0.75, -13, 0],
			"scale": [1.5, 1.5, 1.5]
		},
		"head": {
			"translation": [0, -3.5, 0],
			"scale": [2, 2, 2]
		},
		"fixed": {
			"rotation": [-90, 0, 0],
			"translation": [0, 0, 17.75],
			"scale": [3.5, 3.5, 3.5]
		}
	}
}