{
	"credit": "Made with Blockbench",
	"texture_size": [64, 64],
	"textures": {
		"1": "block/custom/christmas_hat"
	},
	"elements": [
		{
			"from": [3, 7, 3],
			"to": [13, 9, 13],
			"rotation": {"angle": 0, "axis": "y", "origin": [7, 0, 7]},
			"faces": {
				"north": {"uv": [5.5, 4, 8, 4.5], "texture": "#1"},
				"east": {"uv": [5.5, 4.5, 8, 5], "texture": "#1"},
				"south": {"uv": [0, 6, 2.5, 6.5], "texture": "#1"},
				"west": {"uv": [6, 0, 8.5, 0.5], "texture": "#1"},
				"up": {"uv": [2.5, 2.5, 0, 0], "texture": "#1"},
				"down": {"uv": [2.5, 2.5, 0, 5], "texture": "#1"}
			}
		},
		{
			"from": [4, 9, 4],
			"to": [12, 13, 12],
			"rotation": {"angle": 0, "axis": "y", "origin": [7, 0, 7]},
			"faces": {
				"north": {"uv": [4.25, 0, 6, 1], "texture": "#1"},
				"east": {"uv": [4.25, 1, 6, 2], "texture": "#1"},
				"south": {"uv": [4.25, 2, 6, 3], "texture": "#1"},
				"west": {"uv": [0, 5, 1.75, 6], "texture": "#1"},
				"up": {"uv": [4.25, 1.75, 2.5, 0], "texture": "#1"},
				"down": {"uv": [4.25, 1.75, 2.5, 3.5], "texture": "#1"}
			}
		},
		{
			"from": [7, 11, 7],
			"to": [13, 15, 13],
			"rotation": {"angle": 0, "axis": "y", "origin": [7, 0, 7]},
			"faces": {
				"north": {"uv": [1.75, 5, 3.25, 6], "texture": "#1"},
				"east": {"uv": [3.25, 5, 4.75, 6], "texture": "#1"},
				"south": {"uv": [4.75, 5, 6.25, 6], "texture": "#1"},
				"west": {"uv": [5.5, 3, 7, 4], "texture": "#1"},
				"up": {"uv": [4, 5, 2.5, 3.5], "texture": "#1"},
				"down": {"uv": [5.5, 3.5, 4, 5], "texture": "#1"}
			}
		},
		{
			"from": [12, 10, 12],
			"to": [15, 13, 15],
			"rotation": {"angle": 0, "axis": "y", "origin": [7, 0, 7]},
			"faces": {
				"north": {"uv": [6, 0.5, 6.75, 1.25], "texture": "#1"},
				"east": {"uv": [6, 1.25, 6.75, 2], "texture": "#1"},
				"south": {"uv": [6, 2, 6.75, 2.75], "texture": "#1"},
				"west": {"uv": [2.5, 6, 3.25, 6.75], "texture": "#1"},
				"up": {"uv": [4, 6.75, 3.25, 6], "texture": "#1"},
				"down": {"uv": [4.75, 6, 4, 6.75], "texture": "#1"}
			}
		}
	],
	"display": {
		"thirdperson_righthand": {
			"translation": [0, 0, -3],
			"scale": [0.65, 0.65, 0.65]
		},
		"thirdperson_lefthand": {
			"translation": [0, 0, -3],
			"scale": [0.65, 0.65, 0.65]
		},
		"firstperson_righthand": {
			"scale": [0.65, 0.65, 0.65]
		},
		"firstperson_lefthand": {
			"scale": [0.65, 0.65, 0.65]
		},
		"head": {
			"translation": [0, 5, 0],
			"scale": [1.81, 1.81, 1.81]
		}
	}
}