{
	"credit": "Made with Blockbench",
	"texture_size": [32, 32],
	"textures": {
		"1": "block/custom/frying_pan"
	},
	"elements": [
		{
			"from": [4, 7, 4],
			"to": [12, 8, 12],
			"rotation": {"angle": 0, "axis": "y", "origin": [7, 0, 7]},
			"faces": {
				"north": {"uv": [9, 6, 13, 6.5], "texture": "#1"},
				"east": {"uv": [9, 6.5, 13, 7], "texture": "#1"},
				"south": {"uv": [9, 7, 13, 7.5], "texture": "#1"},
				"west": {"uv": [9, 7.5, 13, 8], "texture": "#1"},
				"up": {"uv": [4, 4, 0, 0], "texture": "#1"},
				"down": {"uv": [4, 4, 0, 8], "texture": "#1"}
			}
		},
		{
			"from": [4, 4, 3],
			"to": [12, 8, 4],
			"rotation": {"angle": 0, "axis": "y", "origin": [7, 0, 7]},
			"faces": {
				"north": {"uv": [0, 8, 4, 10], "texture": "#1"},
				"east": {"uv": [3.5, 10.5, 4, 12.5], "texture": "#1"},
				"south": {"uv": [4, 8, 8, 10], "texture": "#1"},
				"west": {"uv": [4, 10.5, 4.5, 12.5], "texture": "#1"},
				"up": {"uv": [13, 5.5, 9, 5], "texture": "#1"},
				"down": {"uv": [13, 5.5, 9, 6], "texture": "#1"}
			}
		},
		{
			"from": [4, 4, 12],
			"to": [12, 8, 13],
			"rotation": {"angle": 0, "axis": "y", "origin": [7, 0, 7]},
			"faces": {
				"north": {"uv": [8, 8, 12, 10], "texture": "#1"},
				"east": {"uv": [4.5, 10.5, 5, 12.5], "texture": "#1"},
				"south": {"uv": [9, 0, 13, 2], "texture": "#1"},
				"west": {"uv": [5, 10.5, 5.5, 12.5], "texture": "#1"},
				"up": {"uv": [6, 10.5, 2, 10], "texture": "#1"},
				"down": {"uv": [10, 10, 6, 10.5], "texture": "#1"}
			}
		},
		{
			"from": [12, 4, 3],
			"to": [13, 8, 13],
			"rotation": {"angle": 0, "axis": "y", "origin": [7, 0, 7]},
			"faces": {
				"north": {"uv": [5.5, 10.5, 6, 12.5], "texture": "#1"},
				"east": {"uv": [4, 0, 9, 2], "texture": "#1"},
				"south": {"uv": [6, 10.5, 6.5, 12.5], "texture": "#1"},
				"west": {"uv": [4, 2, 9, 4], "texture": "#1"},
				"up": {"uv": [0.5, 15, 0, 10], "texture": "#1"},
				"down": {"uv": [1, 10, 0.5, 15], "texture": "#1"}
			}
		},
		{
			"from": [3, 4, 3],
			"to": [4, 8, 13],
			"rotation": {"angle": 0, "axis": "y", "origin": [7, 0, 7]},
			"faces": {
				"north": {"uv": [6.5, 10.5, 7, 12.5], "texture": "#1"},
				"east": {"uv": [4, 4, 9, 6], "texture": "#1"},
				"south": {"uv": [7, 10.5, 7.5, 12.5], "texture": "#1"},
				"west": {"uv": [4, 6, 9, 8], "texture": "#1"},
				"up": {"uv": [1.5, 15, 1, 10], "texture": "#1"},
				"down": {"uv": [2, 10, 1.5, 15], "texture": "#1"}
			}
		},
		{
			"from": [7, 4.5, -8],
			"to": [9, 5.5, 3],
			"rotation": {"angle": 0, "axis": "y", "origin": [7, 0, 7]},
			"faces": {
				"north": {"uv": [8.5, 11, 9.5, 11.5], "texture": "#1"},
				"east": {"uv": [9, 4, 14.5, 4.5], "texture": "#1"},
				"south": {"uv": [8.5, 10.5, 9.5, 11], "texture": "#1"},
				"west": {"uv": [9, 4.5, 14.5, 5], "texture": "#1"},
				"up": {"uv": [14.5, 3, 9, 2], "rotation": 90, "texture": "#1"},
				"down": {"uv": [14.5, 3, 9, 4], "rotation": 270, "texture": "#1"}
			}
		},
		{
			"from": [6.5, 4, 2],
			"to": [9.5, 6, 3],
			"rotation": {"angle": 0, "axis": "y", "origin": [7, 0, 7]},
			"faces": {
				"north": {"uv": [2, 10.5, 3.5, 11.5], "texture": "#1"},
				"east": {"uv": [9.5, 10.5, 10, 11.5], "texture": "#1"},
				"south": {"uv": [10, 10, 11.5, 11], "texture": "#1"},
				"west": {"uv": [10, 11, 10.5, 12], "texture": "#1"},
				"up": {"uv": [8, 12, 7.5, 10.5], "rotation": 90, "texture": "#1"},
				"down": {"uv": [8.5, 10.5, 8, 12], "rotation": 270, "texture": "#1"}
			}
		}
	],
	"display": {
		"thirdperson_righthand": {
			"rotation": [-180, 0, 0],
			"translation": [0, -2.75, -10.25],
			"scale": [0.65, 0.65, 0.65]
		},
		"thirdperson_lefthand": {
			"rotation": [-180, 0, 0],
			"translation": [0, -2.75, -10.25],
			"scale": [0.65, 0.65, 0.65]
		},
		"firstperson_righthand": {
			"rotation": [-70, 0, 0],
			"translation": [0, 6, 0],
			"scale": [0.57, 0.57, 0.57]
		},
		"firstperson_lefthand": {
			"rotation": [-70, 0, 0],
			"translation": [0, 6, 0],
			"scale": [0.57, 0.57, 0.57]
		},
		"ground": {
			"translation": [0, 2.75, 3.25],
			"scale": [0.66, 0.66, 0.66]
		},
		"gui": {
			"rotation": [-127.7, 35.34, -25.33],
			"translation": [2, 0.5, 0],
			"scale": [0.87, 0.87, 0.87]
		},
		"head": {
			"rotation": [90, 88.5, -84],
			"translation": [0.25, 8, 0.5],
			"scale": [1.54, 1.54, 1.54]
		},
		"fixed": {
			"rotation": [0, 88.75, 0],
			"translation": [5, 0, 0]
		}
	}
}