{
	"credit": "Made with Blockbench",
	"texture_size": [32, 32],
	"textures": {
		"0": "block/custom/mayor",
		"particle": "block/custom/mayor"
	},
	"elements": [
		{
			"from": [3, 8, 3],
			"to": [13, 9, 13],
			"rotation": {"angle": 0, "axis": "y", "origin": [0, 0, 16]},
			"faces": {
				"north": {"uv": [0, 10, 5, 10.5], "texture": "#0"},
				"east": {"uv": [0, 10.5, 5, 11], "texture": "#0"},
				"south": {"uv": [0, 11, 5, 11.5], "texture": "#0"},
				"west": {"uv": [0, 11.5, 5, 12], "texture": "#0"},
				"up": {"uv": [5, 5, 0, 0], "texture": "#0"},
				"down": {"uv": [5, 5, 0, 10], "texture": "#0"}
			}
		},
		{
			"from": [4, 9, 4],
			"to": [12, 19, 12],
			"rotation": {"angle": 0, "axis": "y", "origin": [0, 0, 16]},
			"faces": {
				"north": {"uv": [5, 0, 9, 4.5], "texture": "#0"},
				"east": {"uv": [5, 4.5, 9, 9], "texture": "#0"},
				"south": {"uv": [9, 0, 13, 4.5], "texture": "#0"},
				"west": {"uv": [9, 4.5, 13, 9], "texture": "#0"},
				"up": {"uv": [9, 13, 5, 9], "texture": "#0"},
				"down": {"uv": [13, 9, 9, 13], "texture": "#0"}
			}
		}
	],
	"display": {
		"thirdperson_righthand": {
			"scale": [0.5, 0.5, 0.5]
		},
		"thirdperson_lefthand": {
			"scale": [0.5, 0.5, 0.5]
		},
		"firstperson_righthand": {
			"translation": [3.25, -1.25, 0],
			"scale": [0.5, 0.5, 0.5]
		},
		"firstperson_lefthand": {
			"translation": [3.25, -1.25, 0],
			"scale": [0.5, 0.5, 0.5]
		},
		"ground": {
			"translation": [0, -2.5, 0],
			"scale": [1.6, 1.6, 1.6]
		},
		"gui": {
			"rotation": [0, 100, 10],
			"translation": [-0.25, -6.75, 0],
			"scale": [0.9, 0.9, 0.9]
		},
		"head": {
			"rotation": [5, 0, 0],
			"translation": [0, 5.5, -0.75],
			"scale": [1.61, 1.6, 1.6]
		},
		"fixed": {
			"rotation": [-90, 0, 0],
			"scale": [3, 3, 3]
		}
	}
}