{
	"credit": "Made with Blockbench",
	"texture_size": [64, 64],
	"textures": {
		"0": "block/custom/miniongeorge",
		"particle": "block/custom/miniongeorge"
	},
	"elements": [
		{
			"from": [9, 0, 3],
			"to": [12, 2, 8],
			"faces": {
				"north": {"uv": [11.25, 8.75, 12, 9.25], "texture": "#0"},
				"east": {"uv": [9, 10, 10.25, 10.5], "texture": "#0"},
				"south": {"uv": [11.25, 9.25, 12, 9.75], "texture": "#0"},
				"west": {"uv": [0, 10.25, 1.25, 10.75], "texture": "#0"},
				"up": {"uv": [8.25, 11, 7.5, 9.75], "texture": "#0"},
				"down": {"uv": [9, 9.75, 8.25, 11], "texture": "#0"}
			}
		},
		{
			"from": [4, 0, 3],
			"to": [7, 2, 8],
			"faces": {
				"north": {"uv": [11.25, 11, 12, 11.5], "texture": "#0"},
				"east": {"uv": [1.25, 10.25, 2.5, 10.75], "texture": "#0"},
				"south": {"uv": [3, 11.5, 3.75, 12], "texture": "#0"},
				"west": {"uv": [10.25, 10, 11.5, 10.5], "texture": "#0"},
				"up": {"uv": [10.75, 3, 10, 1.75], "texture": "#0"},
				"down": {"uv": [10.75, 3, 10, 4.25], "texture": "#0"}
			}
		},
		{
			"from": [-4, 10, 6],
			"to": [1, 12, 8],
			"faces": {
				"north": {"uv": [9, 10.5, 10.25, 11], "texture": "#0"},
				"east": {"uv": [3, 7, 3.5, 7.5], "texture": "#0"},
				"south": {"uv": [10.25, 10.5, 11.5, 11], "texture": "#0"},
				"west": {"uv": [2.5, 10.25, 3, 10.75], "texture": "#0"},
				"up": {"uv": [1.25, 11.25, 0, 10.75], "texture": "#0"},
				"down": {"uv": [2.5, 10.75, 1.25, 11.25], "texture": "#0"}
			}
		},
		{
			"from": [15, 10, 6],
			"to": [20, 12, 8],
			"faces": {
				"north": {"uv": [10.75, 1.75, 12, 2.25], "texture": "#0"},
				"east": {"uv": [2.5, 10.75, 3, 11.25], "texture": "#0"},
				"south": {"uv": [10.75, 2.25, 12, 2.75], "texture": "#0"},
				"west": {"uv": [7, 11.25, 7.5, 11.75], "texture": "#0"},
				"up": {"uv": [12, 3.25, 10.75, 2.75], "texture": "#0"},
				"down": {"uv": [12, 3.25, 10.75, 3.75], "texture": "#0"}
			}
		},
		{
			"from": [20, 10, 5],
			"to": [23, 13, 8],
			"faces": {
				"north": {"uv": [7.5, 11, 8.25, 11.75], "texture": "#0"},
				"east": {"uv": [8.25, 11, 9, 11.75], "texture": "#0"},
				"south": {"uv": [9, 11, 9.75, 11.75], "texture": "#0"},
				"west": {"uv": [9.75, 11, 10.5, 11.75], "texture": "#0"},
				"up": {"uv": [11.25, 11.75, 10.5, 11], "texture": "#0"},
				"down": {"uv": [0.75, 11.25, 0, 12], "texture": "#0"}
			}
		},
		{
			"from": [-7, 10, 5],
			"to": [-4, 13, 8],
			"faces": {
				"north": {"uv": [0.75, 11.25, 1.5, 12], "texture": "#0"},
				"east": {"uv": [1.5, 11.25, 2.25, 12], "texture": "#0"},
				"south": {"uv": [2.25, 11.25, 3, 12], "texture": "#0"},
				"west": {"uv": [5.5, 11.25, 6.25, 12], "texture": "#0"},
				"up": {"uv": [7, 12, 6.25, 11.25], "texture": "#0"},
				"down": {"uv": [12, 7.5, 11.25, 8.25], "texture": "#0"}
			}
		},
		{
			"from": [5, 2, 6],
			"to": [7, 3, 8],
			"faces": {
				"north": {"uv": [11.5, 6.5, 12, 6.75], "texture": "#0"},
				"east": {"uv": [11.5, 6.75, 12, 7], "texture": "#0"},
				"south": {"uv": [11.5, 7, 12, 7.25], "texture": "#0"},
				"west": {"uv": [7.5, 11.75, 8, 12], "texture": "#0"},
				"up": {"uv": [4.25, 12, 3.75, 11.5], "texture": "#0"},
				"down": {"uv": [4.75, 11.5, 4.25, 12], "texture": "#0"}
			}
		},
		{
			"from": [9, 2, 6],
			"to": [11, 3, 8],
			"faces": {
				"north": {"uv": [8, 11.75, 8.5, 12], "texture": "#0"},
				"east": {"uv": [8.5, 11.75, 9, 12], "texture": "#0"},
				"south": {"uv": [9, 11.75, 9.5, 12], "texture": "#0"},
				"west": {"uv": [9.5, 11.75, 10, 12], "texture": "#0"},
				"up": {"uv": [5.25, 12, 4.75, 11.5], "texture": "#0"},
				"down": {"uv": [12, 4.75, 11.5, 5.25], "texture": "#0"}
			}
		},
		{
			"from": [2, 3, 3],
			"to": [14, 4, 12],
			"faces": {
				"north": {"uv": [9.25, 7.25, 12.25, 7.5], "texture": "#0"},
				"east": {"uv": [7, 4.75, 9.25, 5], "texture": "#0"},
				"south": {"uv": [10, 4.25, 13, 4.5], "texture": "#0"},
				"west": {"uv": [10.75, 4, 13, 4.25], "texture": "#0"},
				"up": {"uv": [10, 4.75, 7, 2.5], "texture": "#0"},
				"down": {"uv": [6, 7.5, 3, 9.75], "texture": "#0"}
			}
		},
		{
			"from": [1, 4, 2],
			"to": [15, 14, 13],
			"faces": {
				"north": {"uv": [3.5, 0, 7, 2.5], "texture": "#0"},
				"east": {"uv": [6.5, 5, 9.25, 7.5], "texture": "#0"},
				"south": {"uv": [3.5, 2.5, 7, 5], "texture": "#0"},
				"west": {"uv": [7, 0, 9.75, 2.5], "texture": "#0"},
				"up": {"uv": [3.5, 2.75, 0, 0], "texture": "#0"},
				"down": {"uv": [3.5, 2.75, 0, 5.5], "texture": "#0"}
			}
		},
		{
			"from": [2, 14, 3],
			"to": [14, 24, 12],
			"faces": {
				"north": {"uv": [3.5, 5, 6.5, 7.5], "texture": "#0"},
				"east": {"uv": [9, 7.5, 11.25, 10], "texture": "#0"},
				"south": {"uv": [0, 5.5, 3, 8], "texture": "#0"},
				"west": {"uv": [9.25, 4.75, 11.5, 7.25], "texture": "#0"},
				"up": {"uv": [9, 9.75, 6, 7.5], "texture": "#0"},
				"down": {"uv": [3, 8, 0, 10.25], "texture": "#0"}
			}
		},
		{
			"from": [3, 24, 4],
			"to": [13, 25, 11],
			"faces": {
				"north": {"uv": [10, 4.5, 12.5, 4.75], "texture": "#0"},
				"east": {"uv": [11.25, 8.25, 13, 8.5], "texture": "#0"},
				"south": {"uv": [10.75, 3.75, 13.25, 4], "texture": "#0"},
				"west": {"uv": [11.25, 8.5, 13, 8.75], "texture": "#0"},
				"up": {"uv": [12.25, 1.75, 9.75, 0], "texture": "#0"},
				"down": {"uv": [5.5, 9.75, 3, 11.5], "texture": "#0"}
			}
		},
		{
			"from": [6, 17, 2],
			"to": [10, 23, 3],
			"faces": {
				"north": {"uv": [5.5, 9.75, 6.5, 11.25], "texture": "#0"},
				"east": {"uv": [3, 5.5, 3.25, 7], "texture": "#0"},
				"south": {"uv": [6.5, 9.75, 7.5, 11.25], "texture": "#0"},
				"west": {"uv": [3.25, 5.5, 3.5, 7], "texture": "#0"},
				"up": {"uv": [12.25, 10, 11.25, 9.75], "texture": "#0"},
				"down": {"uv": [12.5, 5.25, 11.5, 5.5], "texture": "#0"}
			}
		},
		{
			"from": [10, 18, 2],
			"to": [11, 22, 3],
			"faces": {
				"north": {"uv": [5.25, 11.5, 5.5, 12.5], "texture": "#0"},
				"east": {"uv": [11.5, 5.5, 11.75, 6.5], "texture": "#0"},
				"south": {"uv": [11.5, 10, 11.75, 11], "texture": "#0"},
				"west": {"uv": [11.25, 11.5, 11.5, 12.5], "texture": "#0"},
				"up": {"uv": [10, 2, 9.75, 1.75], "texture": "#0"},
				"down": {"uv": [10, 2, 9.75, 2.25], "texture": "#0"}
			}
		},
		{
			"from": [5, 18, 2],
			"to": [6, 22, 3],
			"faces": {
				"north": {"uv": [11.5, 11.5, 11.75, 12.5], "texture": "#0"},
				"east": {"uv": [11.75, 5.5, 12, 6.5], "texture": "#0"},
				"south": {"uv": [7, 11.75, 7.25, 12.75], "texture": "#0"},
				"west": {"uv": [7.25, 11.75, 7.5, 12.75], "texture": "#0"},
				"up": {"uv": [10, 2.5, 9.75, 2.25], "texture": "#0"},
				"down": {"uv": [10.25, 11.75, 10, 12], "texture": "#0"}
			}
		}
	],
	"display": {
		"ground": {
			"translation": [0, 32.25, 0],
			"scale": [4, 4, 4]
		},
		"gui": {
			"rotation": [25, 170, 0]
		},
		"head": {
			"translation": [2.5, -14.5, 0],
			"scale": [4, 4, 4]
		},
		"fixed": {
			"rotation": [-90, 0, 0],
			"translation": [0, 0, -31.75],
			"scale": [4, 4, 4]
		}
	}
}