{
	"credit": "Made with Blockbench",
	"parent": "minion",
	"texture_size": [128, 128],
	"textures": {
		"0": "block/custom/miniondave",
		"particle": "block/custom/miniondave"
	},
	"elements": [
		{
			"from": [2, -14, 2],
			"to": [7, -11, 14],
			"faces": {
				"north": {"uv": [8.25, 3.375, 8.875, 3.75], "texture": "#0"},
				"east": {"uv": [6.875, 4.375, 8.375, 4.75], "texture": "#0"},
				"south": {"uv": [8.25, 3.75, 8.875, 4.125], "texture": "#0"},
				"west": {"uv": [7.625, 2.25, 9.125, 2.625], "texture": "#0"},
				"up": {"uv": [3.875, 9.25, 3.25, 7.75], "texture": "#0"},
				"down": {"uv": [4.5, 7.75, 3.875, 9.25], "texture": "#0"}
			}
		},
		{
			"from": [9, -14, 2],
			"to": [14, -11, 14],
			"faces": {
				"north": {"uv": [7.75, 8.25, 8.375, 8.625], "texture": "#0"},
				"east": {"uv": [8, 4.75, 9.5, 5.125], "texture": "#0"},
				"south": {"uv": [8.375, 4.125, 9, 4.5], "texture": "#0"},
				"west": {"uv": [8, 5.125, 9.5, 5.5], "texture": "#0"},
				"up": {"uv": [5.125, 9.25, 4.5, 7.75], "texture": "#0"},
				"down": {"uv": [7.75, 7.75, 7.125, 9.25], "texture": "#0"}
			}
		},
		{
			"from": [0, -7, 2],
			"to": [16, 3, 16],
			"faces": {
				"north": {"uv": [5.625, 1.375, 7.625, 2.625], "texture": "#0"},
				"east": {"uv": [3.375, 5.25, 5.125, 6.5], "texture": "#0"},
				"south": {"uv": [3.375, 6.5, 5.375, 7.75], "texture": "#0"},
				"west": {"uv": [7.125, 6.5, 8.875, 7.75], "texture": "#0"},
				"up": {"uv": [2, 1.75, 0, 0], "texture": "#0"},
				"down": {"uv": [2, 1.75, 0, 3.5], "texture": "#0"}
			}
		},
		{
			"from": [1, -11, 3],
			"to": [15, -7, 15],
			"faces": {
				"north": {"uv": [7.625, 1.75, 9.375, 2.25], "texture": "#0"},
				"east": {"uv": [5.125, 7.875, 6.625, 8.375], "texture": "#0"},
				"south": {"uv": [7.75, 7.75, 9.5, 8.25], "texture": "#0"},
				"west": {"uv": [1.25, 8, 2.75, 8.5], "texture": "#0"},
				"up": {"uv": [5.625, 3.25, 3.875, 1.75], "texture": "#0"},
				"down": {"uv": [6.875, 3.25, 5.125, 4.75], "texture": "#0"}
			}
		},
		{
			"from": [-3, -2, 6],
			"to": [0, 2, 10],
			"faces": {
				"north": {"uv": [5.875, 8.375, 6.25, 8.875], "texture": "#0"},
				"east": {"uv": [5.625, 2.625, 6.125, 3.125], "texture": "#0"},
				"south": {"uv": [6.25, 8.375, 6.625, 8.875], "texture": "#0"},
				"west": {"uv": [6.125, 2.625, 6.625, 3.125], "texture": "#0"},
				"up": {"uv": [1.625, 9, 1.25, 8.5], "texture": "#0"},
				"down": {"uv": [2, 8.5, 1.625, 9], "texture": "#0"}
			}
		},
		{
			"from": [16, -3, 4],
			"to": [19, 3, 8],
			"faces": {
				"north": {"uv": [8, 5.5, 8.375, 6.25], "texture": "#0"},
				"east": {"uv": [6.625, 7.875, 7.125, 8.625], "texture": "#0"},
				"south": {"uv": [8.25, 2.625, 8.625, 3.375], "texture": "#0"},
				"west": {"uv": [2.75, 8, 3.25, 8.75], "texture": "#0"},
				"up": {"uv": [2.375, 9, 2, 8.5], "texture": "#0"},
				"down": {"uv": [2.75, 8.5, 2.375, 9], "texture": "#0"}
			}
		},
		{
			"from": [-3, -4, 6],
			"to": [0, -2, 10],
			"faces": {
				"north": {"uv": [8.875, 0.125, 9.25, 0.375], "texture": "#0"},
				"east": {"uv": [2.75, 8.75, 3.25, 9], "texture": "#0"},
				"south": {"uv": [8.875, 0.375, 9.25, 0.625], "texture": "#0"},
				"west": {"uv": [0, 8.875, 0.5, 9.125], "texture": "#0"},
				"up": {"uv": [9, 3.25, 8.625, 2.75], "texture": "#0"},
				"down": {"uv": [7, 8.625, 6.625, 9.125], "texture": "#0"}
			}
		},
		{
			"from": [16, -3, -1],
			"to": [19, -1, 4],
			"faces": {
				"north": {"uv": [0.5, 8.875, 0.875, 9.125], "texture": "#0"},
				"east": {"uv": [3.875, 3.25, 4.5, 3.5], "texture": "#0"},
				"south": {"uv": [8.875, 0.625, 9.25, 0.875], "texture": "#0"},
				"west": {"uv": [4.5, 3.25, 5.125, 3.5], "texture": "#0"},
				"up": {"uv": [5.5, 9, 5.125, 8.375], "texture": "#0"},
				"down": {"uv": [5.875, 8.375, 5.5, 9], "texture": "#0"}
			}
		},
		{
			"from": [1, 14, 2],
			"to": [15, 15, 16],
			"faces": {
				"north": {"uv": [8, 6.25, 9.75, 6.375], "texture": "#0"},
				"east": {"uv": [8, 6.375, 9.75, 6.5], "texture": "#0"},
				"south": {"uv": [8.375, 4.5, 10.125, 4.625], "texture": "#0"},
				"west": {"uv": [8.375, 4.625, 10.125, 4.75], "texture": "#0"},
				"up": {"uv": [1.75, 5.25, 0, 3.5], "texture": "#0"},
				"down": {"uv": [3.5, 3.5, 1.75, 5.25], "texture": "#0"}
			}
		},
		{
			"from": [1.5, 15, 2],
			"to": [14.5, 16, 16],
			"faces": {
				"north": {"uv": [8.375, 8.5, 10, 8.625], "texture": "#0"},
				"east": {"uv": [8.375, 5.5, 10.125, 5.625], "texture": "#0"},
				"south": {"uv": [8.625, 2.625, 10.25, 2.75], "texture": "#0"},
				"west": {"uv": [8.375, 5.625, 10.125, 5.75], "texture": "#0"},
				"up": {"uv": [5.125, 5.25, 3.5, 3.5], "texture": "#0"},
				"down": {"uv": [5.5, 0, 3.875, 1.75], "texture": "#0"}
			}
		},
		{
			"from": [2, 16, 2],
			"to": [14, 17, 16],
			"faces": {
				"north": {"uv": [8.625, 3.25, 10.125, 3.375], "texture": "#0"},
				"east": {"uv": [8.375, 5.75, 10.125, 5.875], "texture": "#0"},
				"south": {"uv": [7.75, 8.625, 9.25, 8.75], "texture": "#0"},
				"west": {"uv": [8.375, 5.875, 10.125, 6], "texture": "#0"},
				"up": {"uv": [6.625, 6.5, 5.125, 4.75], "texture": "#0"},
				"down": {"uv": [1.5, 5.25, 0, 7], "texture": "#0"}
			}
		},
		{
			"from": [3, 18, 2],
			"to": [13, 19, 16],
			"faces": {
				"north": {"uv": [5.625, 3.125, 6.875, 3.25], "texture": "#0"},
				"east": {"uv": [8.375, 6, 10.125, 6.125], "texture": "#0"},
				"south": {"uv": [0, 8.75, 1.25, 8.875], "texture": "#0"},
				"west": {"uv": [8.375, 6.125, 10.125, 6.25], "texture": "#0"},
				"up": {"uv": [1.25, 8.75, 0, 7], "texture": "#0"},
				"down": {"uv": [8.875, 0, 7.625, 1.75], "texture": "#0"}
			}
		},
		{
			"from": [2.5, 17, 2],
			"to": [13.5, 18, 16],
			"faces": {
				"north": {"uv": [7.75, 8.75, 9.125, 8.875], "texture": "#0"},
				"east": {"uv": [8.375, 8.25, 10.125, 8.375], "texture": "#0"},
				"south": {"uv": [8.875, 0, 10.25, 0.125], "texture": "#0"},
				"west": {"uv": [8.375, 8.375, 10.125, 8.5], "texture": "#0"},
				"up": {"uv": [8, 6.5, 6.625, 4.75], "texture": "#0"},
				"down": {"uv": [8.25, 2.625, 6.875, 4.375], "texture": "#0"}
			}
		},
		{
			"from": [0.5, 3, 2],
			"to": [15.5, 14, 16],
			"faces": {
				"north": {"uv": [1.5, 5.25, 3.375, 6.625], "texture": "#0"},
				"east": {"uv": [5.375, 6.5, 7.125, 7.875], "texture": "#0"},
				"south": {"uv": [5.5, 0, 7.375, 1.375], "texture": "#0"},
				"west": {"uv": [1.5, 6.625, 3.25, 8], "texture": "#0"},
				"up": {"uv": [3.875, 1.75, 2, 0], "texture": "#0"},
				"down": {"uv": [3.875, 1.75, 2, 3.5], "texture": "#0"}
			}
		}
	],
	"display": {
		"thirdperson_righthand": {
			"translation": [0.25, 0, 0]
		},
		"head": {
			"scale": [4, 4, 4]
		}
	}
}