{
	"format_version": "1.21.6",
	"credit": "Made with Blockbench",
	"textures": {
		"1": "nodenium:item/deked_out/red_blue_magnet"
	},
	"elements": [
		{
			"from": [7, 4, 10],
			"to": [9, 12, 12],
			"rotation": {"angle": 0, "axis": "z", "origin": [8, 8, 9]},
			"faces": {
				"north": {"uv": [0, 0, 2, 8], "texture": "#1"},
				"east": {"uv": [2, 0, 4, 8], "texture": "#1"},
				"south": {"uv": [4, 0, 6, 8], "texture": "#1"},
				"west": {"uv": [6, 0, 8, 8], "texture": "#1"},
				"up": {"uv": [12, 12, 10, 10], "texture": "#1"},
				"down": {"uv": [2, 12, 0, 14], "texture": "#1"}
			}
		},
		{
			"from": [7, 10, 4],
			"to": [9, 12, 10],
			"rotation": {"angle": 0, "axis": "z", "origin": [8, 8, 9]},
			"faces": {
				"north": {"uv": [2, 12, 4, 14], "texture": "#1"},
				"east": {"uv": [0, 8, 6, 10], "texture": "#1"},
				"south": {"uv": [12, 2, 14, 4], "texture": "#1"},
				"west": {"uv": [8, 0, 14, 2], "texture": "#1"},
				"up": {"uv": [10, 8, 8, 2], "texture": "#1"},
				"down": {"uv": [8, 8, 6, 14], "texture": "#1"}
			}
		},
		{
			"from": [7, 4, 4],
			"to": [9, 6, 10],
			"rotation": {"angle": 0, "axis": "z", "origin": [8, 8, 9]},
			"faces": {
				"north": {"uv": [4, 12, 6, 14], "texture": "#1"},
				"east": {"uv": [8, 8, 14, 10], "texture": "#1"},
				"south": {"uv": [12, 4, 14, 6], "texture": "#1"},
				"west": {"uv": [0, 10, 6, 12], "texture": "#1"},
				"up": {"uv": [12, 8, 10, 2], "texture": "#1"},
				"down": {"uv": [10, 10, 8, 16], "texture": "#1"}
			}
		}
	],
	"display": {
		"thirdperson_righthand": {
			"rotation": [72.8, -3.02, 5.54],
			"translation": [0, 3.25, 2.75]
		},
		"thirdperson_lefthand": {
			"rotation": [72.8, -3.02, 5.54],
			"translation": [0, 3.25, 2.75]
		},
		"firstperson_righthand": {
			"rotation": [0, 45, 0],
			"translation": [0, 0.75, 0],
			"scale": [0.4, 0.4, 0.4]
		},
		"firstperson_lefthand": {
			"rotation": [0, 45, 0],
			"translation": [0, 0.75, 0],
			"scale": [0.4, 0.4, 0.4]
		},
		"ground": {
			"translation": [0, 3, 0]
		},
		"gui": {
			"rotation": [30, -135, 0]
		},
		"fixed": {
			"rotation": [0, 90, 0]
		}
	}
}